tree
version=v4
num_class=1
num_tree_per_iteration=1
label_index=0
max_feature_idx=62
objective=binary sigmoid:1
feature_names=Column_0 Column_1 Column_2 Column_3 Column_4 Column_5 Column_6 Column_7 Column_8 Column_9 Column_10 Column_11 Column_12 Column_13 Column_14 Column_15 Column_16 Column_17 Column_18 Column_19 Column_20 Column_21 Column_22 Column_23 Column_24 Column_25 Column_26 Column_27 Column_28 Column_29 Column_30 Column_31 Column_32 Column_33 Column_34 Column_35 Column_36 Column_37 Column_38 Column_39 Column_40 Column_41 Column_42 Column_43 Column_44 Column_45 Column_46 Column_47 Column_48 Column_49 Column_50 Column_51 Column_52 Column_53 Column_54 Column_55 Column_56 Column_57 Column_58 Column_59 Column_60 Column_61 Column_62
feature_infos=[-1.2026313367414976:13.840910574829133] [-1.0238496105140824:12.866247751822279] [-1.1264740340038712:15.339591114164458] [-1.1836945639360694:13.873719315182736] [-1.0690783426771824:12.971415215719794] [-1.1641588591360326:15.493392570951427] [-2.7952090404253793:7.6820506129558082] [-1.720293459073104:9.3884247453979555] [-3.3244874797804624:7.1971979312442285] [-3.9318595662217062:4.6471327106784592] [-6.7091134405797215:2.4859014892979605] [-2.9199974428843296:6.1165933795223699] [-2.4372083657391972:4.4105455547932975] [-3.8775145770589718:4.7439222161903842] [-2.8772582315771524:6.2467369981853889] [-3.8775145770589718:4.7439222161903842] [-6.9855616771998328:1.9102063512410385] [-2.8772582315771524:6.2467369981853889] [-8.067942945277867:0.62304473356850842] [-1.5056044110354405:1.3207685894184555] [-1.422774392590425:1.4722927120913798] [-3.328287849570629:0.63979157072994397] [-2.2663547022396235:0.44123719866612143] [-2.3188509255045067:2.9447665211344627] [-2.1133508271233783:5.1196131752403105] [-2.1783863112843922:3.9118472279005556] [-3.1516951027730715:4.8417702610563049] [-2.3632732008384871:2.7972683764494177] [-2.1832991761204235:7.379525714420665] [-2.187753156902922:3.8266374794375793] [-3.5469635139368343:6.6254601486744642] [-3.0031821860415504:2.7227803530232983] [-2.7913995408205321:4.6955808960762573] [-2.8873617770301907:3.6426462540762801] [-3.3851128049931942:4.1799068447363883] [-3.0054033577820021:3.7376162707069653] [-2.6057634281064175:9.0040857917288335] [-2.8227756161017168:3.5824359694863541] [-4.1221152412789888:8.143789953296249] [-3.7432778436021041:3.9685329040745008] [-3.6122821192931891:4.595288158963478] [-2.6986318458254592:2.3415466100387934] [-3.5024774219378929:5.9722220821174403] [-1.8547258989083404:2.8762134246478923] [-4.9564031712753858:4.0715121110544974] [-2.2007078617867561:5.3015781539461369] [-1.8461458764405787:5.2622536224619951] [-4.4980466811043156:4.3108501976700584] [-4.1017593222258029:3.0911596239112051] [-0.98041357384752614:4.5652218648151566] [-1.2048511886688771:4.5674396771972257] [-13.365374677303569:14.031182254754048] [-4.4963869273635027:4.1202969091979167] [-4.0638795161195604:6.4436375473449488] [-2.7729169239452967:2.9186195193480762] [-2.8599844946024668:3.4449513310818491] [-0.96668003693971782:3.6284539414709132] [-1.0751210416214703:2.5808321225825215] [-1.0499851974812684:3.4642823713076241] [-3.0374458038055705:3.1755115221603689] [23:817] [23:817] [0:1]
tree_sizes=2206 2764 2760 2882 2650 2673 2901 2548 2559 2529 2542 2480 2674 2787 2460 2568 2690 2533 2671 2913 2478 2598 2546 2639 2675 2692 2121 2484 2682 2801 2669 2798 2263 2853 2689 2682 2780 3009 2038 3024 2655 2369 2034 2386 2331 2062 2556 2339 2253 2489 2776 2040 2222 2763 2484 2674 2680 2154 2476 2693 2269 3107 2439 2749 2877 2557 1960

Tree=0
num_leaves=20
num_cat=0
split_feature=2 42 45 54 16 55 40 46 61 39 2 18 7 32 16 37 56 55 35
split_gain=11.3124 10.5346 5.86355 5.31783 5.29754 4.69709 5.69471 4.57761 4.48613 4.28373 3.36983 3.34675 4.24469 2.95631 2.42938 1.65964 1.81161 0.743345 0.517872
threshold=-0.47932707376069106 1.7150091292817675 -0.56038297960372241 0.45713108044062317 0.38461895861979578 1.0479320257055675 -1.218407454801661 -1.006288090195208 378.50000000000006 1.326523666444553 -0.2870437916437078 0.34216850844948365 -0.3035570018985409 -0.67008841703310817 0.69553564494314479 -0.38879521357824975 -0.50716663909865467 -1.0885023401781642 1.3775594007358267
decision_type=2 2 2 2 2 2 2 2 2 2 2 2 2 2 2 2 2 2 2
left_child=4 2 3 8 13 6 17 -8 -2 10 14 12 -12 -1 -9 16 -10 -4 -7
right_child=1 -3 5 -5 -6 18 7 9 15 -11 11 -13 -14 -15 -16 -17 -18 -19 -20
leaf_value=-0.55224741100686536 -0.56250539443344882 -0.53153111223971639 -0.56771570035950603 -0.55008136916113692 -0.56190271281048787 -0.58812107162570981 -0.53413842461049987 -0.58261102958911204 -0.56214870984054766 -0.57900107497541864 -0.57976671090567955 -0.53593206124444182 -0.55371189049436587 -0.51533555474904247 -0.55789296846859271 -0.59239180179202511 -0.58432123389367796 -0.58812107162570981 -0.5692401976157917
leaf_weight=4.8556379824876794 8.786392539739607 6.2429631203413001 4.6244171261787415 4.6244171261787406 7.3990674018859854 4.8556379824876768 5.3180796951055518 5.7805214077234179 5.5493005514144897 7.8615091145038596 5.0868588387966076 6.7054048329591742 35.608011871576323 5.5493005514144906 5.5493005514144897 16.87912251055241 5.0868588387966138 4.8556379824876768 4.8556379824876785
leaf_count=21 38 27 20 20 32 21 23 25 24 34 22 29 154 24 24 73 22 21 21
internal_value=-0.562527 -0.5655 -0.567481 -0.576701 -0.541 -0.563113 -0.560704 -0.557656 -0.58061 -0.560207 -0.557244 -0.553697 -0.557608 -0.528592 -0.57091 -0.5863 -0.573642 -0.580782 -0.581377
internal_weight=156.074 138.27 132.027 40.9261 17.804 91.101 81.3897 71.9097 36.3017 66.5916 58.7301 47.4003 40.6949 10.4049 11.3298 27.5153 10.6362 9.48006 9.71128
internal_count=675 598 571 177 77 394 352 311 157 288 254 205 176 45 49 119 46 41 42
is_linear=0
shrinkage=1


Tree=1
num_leaves=25
num_cat=0
split_feature=2 34 60 40 34 38 46 60 57 51 7 37 28 33 54 24 47 47 49 54 43 37 4 12
split_gain=10.7572 11.1156 6.57702 5.10885 6.50928 8.11104 4.29099 3.8479 3.56236 5.25604 3.39512 7.18868 3.24953 5.37073 5.94543 3.17508 3.07521 4.16022 2.91013 2.36291 2.17225 2.09957 1.5938 1.29512
threshold=-0.47932707376069106 2.0020981576930241 403.00000000000006 0.27871416076923067 -0.54823043634460034 0.13006522617376057 -0.2409569243749832 435.00000000000006 1.2098496860060248 0.33290378872523918 -0.19522586428674224 -0.53113324881354018 0.68554829104190318 -0.25024314908334655 -0.14476428988879006 0.64659596325223967 0.8080050108366057 0.097404351637517955 1.0000000180025095e-35 0.41065934237244728 0.45009069461905488 -1.0000000180025095e-35 -1.0000000180025095e-35 -0.040817911842851023
decision_type=2 2 2 2 2 2 2 2 2 2 2 2 2 2 2 2 2 2 2 2 2 2 2 2
left_child=10 2 16 4 5 6 -4 8 9 18 11 -1 13 23 -15 19 17 20 22 -9 -2 -19 -6 -5
right_child=1 -3 3 12 7 -7 -8 15 -10 -11 -12 -13 -14 14 -16 -17 -18 21 -20 -21 -22 -23 -24 -25
leaf_value=0.028036236791196066 -0.031083006373241732 0.03501452646079084 -0.033612516215767073 -0.0056366359763084448 0.025664761989635292 0.017487918228568235 0 0.010322071459977471 -0.017259891836292531 -0.012397973790799528 0.034559011263584336 -0.016236703190993906 -0.024033372855088168 -0.0093039468717627596 0.030833560545973578 -0.00032818018651800196 -0.035800041269527919 -0.010105467301611369 -0.0036284500770533364 0.039811213017217476 -0.0047021268517870047 0.01342291278981185 0.0026226725814501224 -0.026231808863204045
leaf_weight=5.3350573182106027 7.1394253820180946 5.1125482767820349 8.7585368603467941 8.3172873407602292 11.773036703467374 5.0807273983955374 5.0863792896270761 6.938343822956087 5.0878205746412268 7.6281089633703223 7.6919889897108069 4.8611389994621286 9.6881813555955869 5.3076058179140091 5.0962389111518878 4.6261189728975287 5.312584087252616 4.6252751350402832 5.0897023975849143 5.7931898534297943 5.9941445291042328 6.0119091272354108 4.6255831569433239 5.0771400928497306
leaf_count=23 31 22 38 36 51 22 22 30 22 33 33 21 42 23 22 20 23 20 22 25 26 26 20 22
internal_value=0 -0.00290558 -0.00478129 -0.00110569 0.00341846 -0.0109316 -0.0224418 0.00895879 0.00263076 0.00697777 0.0209412 0.00704035 -0.0105386 -0.00370851 0.0112609 0.0199092 -0.0170268 -0.0107177 0.0144771 0.0269438 -0.021169 0.00271339 0.020265 -0.0157016
internal_weight=156.058 138.17 133.057 103.974 70.4875 18.9256 13.8449 51.5619 34.2043 29.1164 17.8882 10.1962 33.4865 23.7983 10.4038 17.3577 29.0833 23.7708 21.4883 12.7315 13.1336 10.6372 16.3986 13.3944
internal_count=675 598 576 450 305 82 60 223 148 126 77 44 145 103 45 75 126 103 93 55 57 46 71 58
is_linear=0
shrinkage=0.03


Tree=2
num_leaves=25
num_cat=0
split_feature=10 2 25 60 1 27 26 44 55 24 61 30 30 26 58 44 40 38 35 47 55 55 38 26
split_gain=10.3457 7.39147 7.94623 7.96108 6.79501 6.02483 5.92605 8.48986 4.60687 4.44004 4.23608 4.07945 3.73416 3.72289 4.6106 3.25976 4.2811 3.11616 5.96783 3.12016 3.02589 1.68825 1.56127 0.256781
threshold=-2.2318029321401309 -0.47932707376069106 1.0000000180025095e-35 435.00000000000006 0.17334449547776595 1.2491059032630465 0.17891546548916859 0.3782740410104547 -0.33628801988052653 -0.4002804055109257 425.00000000000006 -0.20077151965680193 -0.4684668791992046 1.5111596927940651 1.0000000180025095e-35 -0.10047904214340278 -1.0000000180025095e-35 0.21183792747092881 0.25372279598766545 -0.3918891376909574 0.3280071257914326 -0.71218083258990805 -1.096525293283763 0.71181315641112719
decision_type=2 2 2 2 2 2 2 2 2 2 2 2 2 2 2 2 2 2 2 2 2 2 2 2
left_child=-1 9 3 5 10 6 7 12 -5 -2 11 -4 -3 14 15 23 -17 21 -19 -20 -10 22 -12 -8
right_child=1 2 4 8 -6 -7 13 -9 20 -11 17 -13 -14 -15 -16 16 -18 18 19 -21 -22 -23 -24 -25
leaf_value=0.037340325494750935 0 0.015427665864016117 0.017371838722282495 -0.0020831663559950225 0.017280196335677869 -0.026485663195778223 -0.0050318318469316356 0.040020729340139144 0.043405032329558439 0.029578788672925422 -0.024540583055277822 -0.014859631873778331 -0.013731963978309758 0.014596644439175408 -0.028515952642421113 0.023439448660840523 -0.0088109934717118601 0.01713823713533881 -0.0032561861901137575 -0.032289356031660513 0.0074112757151824629 -0.03282903027549311 -0.0020774356257997717 -0.019815498124841287
leaf_weight=4.9077747762203208 7.6803980916738537 5.7752915322780618 5.550375759601593 4.8590486049652091 5.0909239798784247 6.6734115183353415 4.614287793636322 5.7822459787130347 5.8165447264909726 8.6484566926956159 4.6054921597242355 5.5421101748943311 7.1396187990903863 4.8746425062417975 7.5912566930055609 5.7881367802619916 6.0014927834272438 4.6336784213781383 7.824666067957879 5.7638811618089649 4.630263939499855 14.71562296152115 6.9055936783552152 4.6188088208436966
leaf_count=21 33 25 24 21 22 29 20 25 25 37 20 24 31 21 33 25 26 20 34 25 20 64 30 20
internal_value=0 -0.00157113 -0.00396816 0.00254872 -0.0119052 -0.00250023 0.00110953 0.014113 0.0208118 0.0165492 -0.0150696 0.000939832 -2.76219e-05 -0.00627279 -0.0105773 -0.00236557 0.00742942 -0.0190957 -0.00810195 -0.0179546 0.0308876 -0.0256661 -0.013319 -0.0147221
internal_weight=156.034 151.126 134.797 74.1651 60.6323 58.8592 52.1858 18.6972 15.3059 16.3289 55.5414 11.0925 12.9149 33.4886 28.614 21.0227 11.7896 44.4489 18.2222 13.5885 10.4468 26.2267 11.5111 9.2331
internal_count=675 654 584 321 263 255 226 81 66 70 241 48 56 145 124 91 51 193 79 59 45 114 50 40
is_linear=0
shrinkage=0.03


Tree=3
num_leaves=26
num_cat=0
split_feature=10 2 25 27 10 59 49 6 57 29 57 46 55 55 45 16 27 43 37 50 38 34 45 49 47
split_gain=9.8028 6.99298 7.5745 7.38566 8.01121 6.97295 9.0679 6.54974 6.21474 9.31802 5.03361 4.6799 4.40154 4.46127 4.24605 5.64948 4.53026 4.14979 3.79296 3.07996 2.45274 1.92959 1.84434 0.629205 0.434186
threshold=-2.2318029321401309 -0.47932707376069106 1.0000000180025095e-35 1.2491059032630465 -0.73160564637195613 0.37968072547569637 1.0000000180025095e-35 -0.8352652913417723 -0.61812689609597116 -1.0000000180025095e-35 -0.61812689609597116 0.84275449937134772 -0.60975850874442539 0.049884737556146329 0.31848136277064704 0.30765209963021595 -1.2021513459487083 -0.21709305613887528 -0.53113324881354018 -0.2771615852261104 0.45715603136243349 0.65529541702146943 -0.42244670947674773 -1.0000000180025095e-35 0.21259045586971845
decision_type=2 2 2 2 2 2 2 2 2 2 2 2 2 2 2 2 2 2 2 2 2 2 2 2 2
left_child=-1 10 3 4 -3 6 8 -4 17 22 -2 14 -7 -14 15 16 -9 -6 -12 -17 23 -11 -10 -18 -8
right_child=1 2 7 -5 5 12 24 11 9 21 18 -13 13 -15 -16 19 20 -19 -20 -21 -22 -23 -24 -25 -26
leaf_value=0.036222405929666877 -0.0059072834605988318 -0.024036574485922845 0.01696643481200906 -0.023669439558333533 0.0053226119733176432 -0.00031548526981512229 -0.026737132865281427 0.0056631131354129604 0.0028365801068956113 -0.026348236887422868 0.042483239613086421 0.0088268481493508268 0.050092388965461469 0.012614134906771672 -0.03466346937124027 -0.009439053359918851 -0.033233965967954041 0.042151862301849544 0.0060229980776672085 0.019852031715210366 -0.005514183508924725 -0.00053001969704102273 0.030278744497884629 -0.011891825028376926 -0.0081566402269862125
leaf_weight=4.9530507773160926 5.3703217208385494 5.7615562677383414 5.1066721677780142 7.0878555327653876 6.0170880407094955 4.6249908059835461 5.2893600910902006 4.84870825707912 4.6123866438865662 6.6573687195777982 5.1779879331588754 5.5515858680009833 5.6061441600322715 8.1056955307722074 9.8622204065322858 4.5814085453748703 13.266849532723429 5.5838652104139275 5.8440317362546894 5.3030127137899381 6.8944664597511283 4.6370838284492493 5.1194860488176293 5.0293460339307883 5.0859833061695099
leaf_count=21 23 25 22 31 26 20 23 21 20 29 22 24 24 35 43 20 58 24 25 23 30 20 22 22 22
internal_value=0 -0.00152715 -0.00386592 0.00248822 0.00579583 0.00920032 0.00217839 -0.0116332 0.0100855 0 0.01606 -0.0147561 0.0239554 0.0317602 -0.0176841 -0.0122415 -0.0185401 0.0263041 0.0266679 0.00629377 -0.02348 -0.0175221 0.0199226 -0.029016 -0.020315
internal_weight=155.979 151.025 134.633 74.1889 67.101 61.3395 43.0026 60.4443 32.6273 21.0263 16.3923 55.3376 18.3368 13.7118 49.786 39.9238 30.0394 11.601 11.022 9.88442 25.1907 11.2945 9.73187 18.2962 10.3753
internal_count=675 654 584 321 290 265 186 263 141 91 70 241 79 59 217 174 131 50 47 43 110 49 42 80 45
is_linear=0
shrinkage=0.03


Tree=4
num_leaves=24
num_cat=0
split_feature=16 8 45 60 46 47 54 57 50 27 30 59 61 37 36 33 34 40 33 45 50 27 53
split_gain=9.28915 6.6451 6.19271 5.22672 6.14098 5.77832 4.90303 4.77788 4.55027 4.69155 4.86004 4.35055 4.02424 3.55822 2.8983 2.88892 2.65244 1.99711 1.92164 1.60296 1.39698 1.26821 0.968943
threshold=-2.3084848986076918 -0.82083860249624541 -0.56038297960372241 606.50000000000011 -0.25363788887283478 -0.46341129340595455 0.45713108044062317 -0.61812689609597116 -0.2771615852261104 -0.81511072765211545 0.33461919942800339 0.37968072547569637 378.50000000000006 -0.53113324881354018 -0.92233529123030611 -0.25024314908334655 -0.46226430396130958 0.27871416076923067 1.0055276261294364 0.24516106248687619 -0.2771615852261104 -1.0000000180025095e-35 -0.45192052555363554
decision_type=2 2 2 2 2 2 2 2 2 2 2 2 2 2 2 2 2 2 2 2 2 2 2
left_child=-1 7 6 4 8 16 12 -2 14 -10 21 17 -3 -9 -4 -5 -6 -7 22 -19 -13 -11 -14
right_child=1 2 3 15 5 11 -8 13 9 10 -12 20 18 -15 -16 -17 -18 19 -20 -21 -22 -23 -24
leaf_value=0.035160439953816493 -0.0057757239410837716 0 0.00082621933508629714 0.02842385079437738 0.021904111609734739 -0.031945555127821254 0.012117696986989585 0.041174694197664424 0.015783004420091225 -0.029129618213418695 0.0094809161232092109 -0.010558401480693903 -0.010034294704222603 0.0058719996756200696 0.031819248572860559 0.0021171322535343696 -0.0046670876429811296 0.0012588768227067395 -0.0050098703954366466 -0.020314314658054694 0.0088810700333732083 -0.005099724306242906 -0.031033559235341467
leaf_weight=4.9942324608564368 5.3621603250503567 8.788434833288191 4.8535220474004745 6.805515155196189 4.6383306533098221 11.905248001217851 4.6377532333135596 5.2291385531425485 8.0997738093137759 6.2081115841865548 6.0043365508317939 4.7931363880634308 5.4991290420293835 5.8529193103313419 6.5086489915847761 8.3306606858968717 5.9882134944200462 4.8274037390947324 6.14704805612564 4.8102737963199615 5.5457945913076383 4.6156301647424707 15.441664919257166
leaf_count=21 23 38 21 29 20 52 20 22 35 27 26 21 24 25 28 36 26 21 27 21 24 20 68
internal_value=0 -0.00147533 -0.00376202 0.000451395 -0.00266268 -0.0102895 -0.0133413 0.0156381 0.00616611 -0.00102396 -0.0100706 -0.0165459 -0.0171471 0.0259295 0.0206869 0.0158022 0.0077109 -0.0238017 -0.0226076 -0.0102556 0 -0.0212372 -0.0268258
internal_weight=155.887 150.893 134.449 93.9346 78.7984 42.5084 40.514 16.4442 36.29 24.9279 16.8281 31.8819 35.8763 11.0821 11.3622 15.1362 10.6265 21.5429 27.0878 9.63768 10.3389 10.8237 20.9408
internal_count=675 654 584 407 342 185 177 70 157 108 73 139 157 47 49 65 46 94 119 42 45 47 92
is_linear=0
shrinkage=0.03


Tree=5
num_leaves=24
num_cat=0
split_feature=45 16 54 45 36 12 35 5 49 34 23 28 54 54 54 39 45 40 57 14 20 33 20
split_gain=8.85857 7.7266 7.22771 6.2967 5.95176 5.19883 3.37327 4.541 4.62162 3.3527 3.20232 3.38412 3.15331 3.12266 2.97635 2.81127 5.35358 2.79731 2.42262 4.24629 2.26641 1.46866 1.62156
threshold=-0.52292875008153583 -2.3084848986076918 0.48723210228321551 -0.33295863849048218 0.76109284564580537 -0.040938839991876044 -1.5444157716093923 0.27695778266836996 0.14925290439857594 -1.0640272306443446 1.0000000180025095e-35 -0.46199069582302743 1.1886536100942238 0.31482306316096215 -0.008459028920274992 -0.12199105071163481 -0.47379912760903559 0.12847587291225343 -0.61812689609597116 0.034198908483644236 -1.0000000180025095e-35 -0.25024314908334655 -0.50161667746439609
decision_type=2 2 2 2 2 2 2 2 2 2 2 2 2 2 2 2 2 2 2 2 2 2 2
left_child=2 -2 4 15 5 -1 -5 8 10 -7 18 -12 20 -13 -10 -3 -17 -15 -8 -20 -9 22 -11
right_child=1 3 -4 6 -6 9 7 12 14 21 11 13 -14 17 -16 16 -18 -19 19 -21 -22 -23 -24
leaf_value=0.008109365602491786 0.037355082087695508 0.033724943490259951 0.018923756830878886 -0.021466487273902424 0.0089880738706760322 -0.0028060356503866557 -0.01090263553999476 0.030537535566167 -0.0017044412542486865 0 -0.026400799137452507 -0.020753847073779575 -0.0049244116730230384 0.016464366016310201 0.027936466584015898 -0.014613108772615931 0.020968574872919404 -0.0074826237599885104 -0.0068198390831470269 0.023799777602945708 0.0023011243721864369 -0.034459756767059119 -0.022982337259372897
leaf_weight=4.5874103903770438 4.7917004674673072 5.5778995454311397 5.3494720309972754 5.0569858103990546 7.1415139883756629 7.0906891673803285 6.4467288851738003 7.4224504828453073 4.8352050483226776 4.5797056257724762 9.4636378586292249 5.9867554455995622 4.6031716763973227 6.0582982003688803 4.9065440595149976 4.5939131230115899 8.6205176413059199 8.7666231840848905 6.4203443080186826 6.97774738073349 4.6380427032709131 15.024594321846967 6.8481845259666425
leaf_count=20 20 24 23 22 31 31 28 32 21 20 41 26 20 26 21 20 37 38 28 30 20 66 30
internal_value=3.72173e-06 0.00499462 -0.0100951 0.00286363 -0.0141493 -0.0188103 -0.0007719 0.00090514 -0.00293204 -0.0228526 -0.00674337 -0.0126893 0.0141238 -0.00482965 0.0144264 0.0178325 0.00796238 0.00254956 0.00230092 0.00951484 0.0215769 -0.0275726 -0.0151059
internal_weight=155.788 105.167 50.6216 100.375 45.2721 38.1306 81.5825 76.5255 59.8619 33.5432 50.1201 30.2753 16.6637 20.8117 9.74175 18.7923 13.2144 14.8249 19.8448 13.3981 12.0605 26.4525 11.4279
internal_count=675 454 221 434 198 167 353 331 259 147 217 131 72 90 42 81 57 64 86 58 52 116 50
is_linear=0
shrinkage=0.03


Tree=6
num_leaves=26
num_cat=0
split_feature=2 34 60 45 27 25 48 45 32 56 5 60 54 54 48 44 32 48 48 44 23 37 48 40 30
split_gain=8.6244 9.63923 5.85405 4.73273 5.12946 4.55519 6.60563 5.46974 5.12035 4.54762 5.53221 4.75802 4.40188 6.28126 4.51155 3.97861 3.66841 3.1338 3.83398 3.0686 2.32881 1.97966 1.97397 1.65562 1.34247
threshold=-0.47932707376069106 2.0020981576930241 403.00000000000006 -0.52292875008153583 1.2491059032630465 1.0000000180025095e-35 -0.13397103194268886 -0.27060714419347004 0.31034949732242362 1.3308869522655977 0.27695778266836996 435.00000000000006 -1.1726765107282249 -0.85397150102572816 0.18507155713682194 0.92542042175772055 -0.42052240246988198 0.89721463789905764 0.14754907220079908 0.65184723138408762 1.0000000180025095e-35 -1.0000000180025095e-35 -0.31946716387602614 -0.1696623636910872 -0.4684668791992046
decision_type=2 2 2 2 2 2 2 2 2 2 2 2 2 2 2 2 2 2 2 2 2 2 2 2 2
left_child=15 2 17 12 5 7 -7 -5 24 10 11 -9 -4 -14 19 16 -1 18 23 22 -10 -20 -15 -2 -8
right_child=1 -3 3 4 -6 6 8 9 20 -11 -12 -13 13 14 -16 -17 -18 -19 21 -21 -22 -23 -24 -25 -26
leaf_value=-0.0049739827115225206 -0.032923277179136623 0.03243234006016505 -0.031113387714817569 0.031698263214340522 -0.020007626742355275 0.018345679702783613 -0.0094705302457790044 -0.024454598813865719 0.017250784923496139 0.026241040471966667 0.018711170995547807 0.0087723630567921561 0.023276926991860122 -0.0088272333265146628 0.012536006558872907 0.03725471103929235 0.024625043550807951 -0.034924018309862331 -0.009426464198594867 0.0027582794298168702 -0.0082984006194077517 0.01345662059759261 -0.033779959262547531 -0.0084047546315770324 -0.034641215811041473
leaf_weight=7.9644600600004205 4.4707015901803997 5.2166391909122458 5.6391292214393607 9.1158711910247785 5.9249951839447013 8.1411095857620257 6.1899057030677813 8.7053284496069008 4.6243904083967191 5.4158672243356696 6.2774361521005622 4.9271770715713492 4.5722293108701733 7.7325907796621376 4.6129614412784568 5.4957039207220069 4.7262944877147683 5.2162634581327429 4.5787071883678436 4.6116691678762427 5.088992565870285 6.0059857517480832 7.0340051054954529 8.4153183698654193 5.00736403465271
leaf_count=34 20 22 25 39 26 35 27 38 20 23 27 21 20 34 20 23 20 23 20 20 22 26 31 37 22
internal_value=1.4222e-05 -0.00257964 -0.00435303 -0.000891399 0.00354438 0.00624552 -0.00230446 0.0134196 -0.0113017 0.0052121 -0.00166562 -0.0123698 -0.00983308 -0.00408948 -0.0106031 0.0186356 0.00706423 -0.0159925 -0.00969962 -0.0169037 0.0040106 0.00312002 -0.0231011 -0.0198742 -0.0239619
internal_weight=155.711 137.525 132.308 103.621 69.4184 63.4934 29.0518 34.4417 20.9107 25.3258 19.9099 13.6325 34.2026 28.5635 23.9912 18.1865 12.6908 28.687 23.4707 19.3783 9.71338 10.5847 14.7666 12.886 11.1973
internal_count=675 598 576 450 300 274 126 148 91 109 86 59 150 125 105 77 54 126 103 85 42 46 65 57 49
is_linear=0
shrinkage=0.03


Tree=7
num_leaves=23
num_cat=0
split_feature=2 34 60 39 7 16 40 16 47 29 39 38 33 34 38 20 21 32 32 59 46 21
split_gain=8.21113 9.15805 5.62423 7.87878 4.6227 4.423 4.12524 7.2243 6.94195 5.44253 5.06701 4.27626 4.02898 3.65455 3.36961 3.26451 2.56088 2.53763 2.49486 1.90233 1.97761 0.102914
threshold=-0.47932707376069106 2.0020981576930241 403.00000000000006 -0.62523090549829152 -0.067486474254706039 0.38461895861979578 0.27871416076923067 0.13000481432191954 0.72120515563718757 0.71920231732832018 -0.12199105071163481 0.13006522617376057 -0.25024314908334655 -1.2789425616025711 -0.6058890855007536 -1.0279925146792697 1.0000000180025095e-35 -0.67008841703310817 0.31034949732242362 1.0000000180025095e-35 -0.25363788887283478 1.0000000180025095e-35
decision_type=2 2 2 2 2 2 2 2 2 2 2 2 2 2 2 2 2 2 2 2 2 2
left_child=5 2 15 4 13 17 7 8 21 11 -8 16 -13 -4 -10 -2 -9 -1 -12 -17 -21 -5
right_child=1 -3 3 6 -6 -7 10 9 14 -11 18 12 -14 -15 -16 19 -18 -19 -20 20 -22 -23
leaf_value=0.0081097661099708476 0.0016942454125671892 0.031502476598735778 0 -0.010681491086458533 0.0080830761724858032 0 0.011120711736938528 0.010372458335295395 -0.0058217705176525896 0.038813236304913436 -0.023876147640763571 0.03980252610372035 0.0035101262763772242 -0.030303287434750446 0.023717263531851874 -0.03190119396187599 -0.011523782500814581 0.041141407784183577 -0.0009826510605884691 0.00072375393472434626 -0.020401296804602141 -0.02884560762782469
leaf_weight=4.9595783501863488 6.6429477185010937 5.2532059699296942 5.2641779929399535 4.7971210181713122 4.5871027410030356 7.4902900755405417 8.9395772665739077 7.8964405953884169 5.3579014986753464 6.5300593376159659 9.8129486888647097 4.7002943754196167 6.262401342391966 12.882620632648468 5.6537547558546049 8.4878147095441836 8.2792901247739792 5.7936550229787835 8.0309676676988584 6.1811446994543102 7.2585837393999055 4.5526344627141953
leaf_count=21 29 22 23 21 20 32 39 34 23 28 43 20 27 57 24 38 36 24 35 27 32 20
internal_value=1.23066e-05 -0.00252362 -0.00425991 -0.000868615 -0.0159376 0.0181523 0.00351079 0.00825437 -0.00540277 0.0165625 -0.0057765 0.00924646 0.0224698 -0.0224684 0.00989017 -0.0156949 -0.000522198 0.0292541 -0.0147579 -0.0209903 -0.0111868 -0.0228443
internal_weight=155.615 137.371 132.118 103.547 22.7339 18.2435 80.8134 54.0299 20.3614 33.6685 26.7835 27.1384 10.9627 18.1468 11.0117 28.5705 16.1757 10.7532 17.8439 21.9275 13.4397 9.34976
internal_count=675 598 576 450 100 77 350 233 88 145 117 117 47 80 47 126 70 45 78 97 59 41
is_linear=0
shrinkage=0.03


Tree=8
num_leaves=23
num_cat=0
split_feature=16 2 45 54 46 46 39 55 24 61 4 59 55 36 46 54 55 55 37 56 30 54
split_gain=7.83228 5.6002 5.18742 4.36835 4.20628 6.46858 5.32232 4.54066 3.81899 3.71389 3.41001 3.33537 5.59118 5.72397 5.11327 3.8554 3.2188 2.93789 1.6721 1.6303 0.949104 0.685263
threshold=-2.3084848986076918 -0.47932707376069106 -0.56038297960372241 0.45713108044062317 0.055806940517916619 0.34513122470790319 0.28550437935565415 1.0479320257055675 -0.4002804055109257 378.50000000000006 0.20125202689206786 0.37968072547569637 -1.110444342571635 0.23864963075321902 -0.32354267423454625 0.59941247888482663 -0.0044674966882285051 -0.83640803292408261 -0.38879521357824975 -0.50716663909865467 -0.4684668791992046 0.41065934237244728
decision_type=2 2 2 2 2 2 2 2 2 2 2 2 2 2 2 2 2 2 2 2 2 2
left_child=-1 8 3 9 7 -6 16 10 -2 -3 11 12 -4 14 -14 -13 17 -7 19 -11 -20 -8
right_child=1 2 4 -5 5 6 21 -9 -10 18 -12 15 13 -15 -16 -17 -18 -19 20 -21 -22 -23
leaf_value=0.032060691099583705 -0.00075300879330000912 0.00039961657086166045 0.029600311934279082 0.011606918442987803 -0.026243579889919114 0 -0.024098179974137292 -0.018863908721048508 0.026254091606296839 0.0016370334488684485 -0.011015923766707066 0.035006522522895031 -0.022064988599675539 0.018270657886071597 0.0085217443407240995 0.0028152569006918821 -0.0038699059820901834 0.029465769072120406 -0.011606282144078375 -0.019418132531951567 -0.033472733260323018 -0.0044919605800527165
leaf_weight=5.0983002483844748 7.7383183091878918 8.7374934405088407 5.146783083677291 4.6598395109176627 9.7721556723117811 4.5655696392059326 4.5633420646190626 4.5428598672151557 8.849090173840521 5.4615465998649597 5.5639547854661933 7.95927646756172 11.084888070821764 7.6745402067899695 6.6754747778177324 6.2963750064373016 8.6957209706306475 6.7404409050941485 6.0304652154445657 4.8858004510402662 10.18087558448315 4.5651935040950775
leaf_count=21 33 38 22 20 43 20 20 20 37 24 24 34 48 33 29 27 38 29 27 22 46 20
internal_value=2.68739e-05 -0.00132548 -0.0034447 -0.0122879 0.000391531 -0.00693775 0.000310804 0.00573368 0.0143055 -0.0159501 0.00854747 0.0113826 0.0050607 -0.00105407 -0.0104887 0.0227909 0.00906346 0.0187675 -0.0212767 -0.00899814 -0.0273492 -0.0168753
internal_weight=155.488 150.39 133.803 39.956 93.8466 38.9024 29.1303 54.9442 16.5874 35.2962 50.4013 44.8373 30.5817 25.4349 17.7604 14.2557 20.0017 11.306 26.5587 10.3473 16.2113 9.12854
internal_count=675 654 584 177 407 170 127 237 70 157 217 193 132 110 77 61 87 49 119 46 73 40
is_linear=0
shrinkage=0.03


Tree=9
num_leaves=23
num_cat=0
split_feature=45 60 1 33 47 46 54 25 36 54 50 29 16 18 47 23 16 34 20 20 36 54
split_gain=7.53263 6.78196 7.72781 7.64846 6.7625 7.3409 6.60263 5.92234 5.49748 4.61262 4.93488 4.26219 4.3927 3.86035 3.63529 3.78201 3.31635 2.57211 2.44671 1.92587 0.439514 0.411906
threshold=-0.52292875008153583 445.50000000000006 -0.23674409331502191 0.18927662224112723 -0.46341129340595455 -0.13783997530492645 0.48723210228321551 -0.89372767411256715 0.76109284564580537 0.38586556317128512 -0.2771615852261104 -0.78439534175680514 0.30235333617982935 0.5137696140235023 0.91818943119707686 1.014773457366841 0.0048679096086300484 -1.0640272306443446 0.55113499696535106 -1.0279925146792697 -0.39989207633771973 -0.85397150102572816
decision_type=2 2 2 2 2 2 2 2 2 2 2 2 2 2 2 2 2 2 2 2 2 2
left_child=6 4 -3 20 11 9 8 -7 16 10 -6 -2 -13 -9 15 -11 -1 -18 -12 -19 -4 -21
right_child=1 2 3 -5 5 7 -8 13 -10 14 18 12 -14 -15 -16 -17 17 19 -20 21 -22 -23
leaf_value=0.0040715896571660946 -0.0063531006122090729 -0.0061668145711889057 0.020676836602853674 0 0.036030055177987193 0.0090782730483663174 0.018266815127305967 -0.030396637050452566 0.0088999266815538384 -0.010454984020837726 0.013365853822732823 0.037719767342923427 0.0022127886716546813 0 -0.01987143435644927 0.021045723611062502 -0.0033940151032379974 -0.0079081534264574867 -0.0102024960362687 -0.014144702945872752 0.049231459912486987 -0.03443447107793856
leaf_weight=4.5268818736076346 4.6672294884920147 7.6354892700910595 5.4614393264055288 5.7943474948406211 4.9560164064168957 5.3870633244514492 5.3791959285736075 15.261882230639459 7.1306623220443717 5.5192624926567095 7.4335528016090375 7.1579460352659208 5.8224473297595978 5.251085251569747 7.8596399426460257 5.1213242709636688 7.2628655135631517 6.7721075117588034 5.4976483881473541 5.614117071032525 6.456880718469618 13.41032953560353
leaf_count=20 20 33 23 25 21 23 23 68 31 24 32 30 25 23 34 22 32 30 24 25 27 60
internal_value=2.84248e-05 0.00461366 0.0176616 0.0279253 0.000153246 -0.00446981 -0.00934571 -0.0162669 -0.0132822 0.00408042 0.0144746 0.0158556 0.0240863 -0.0233607 -0.00600119 0.00493916 -0.017824 -0.0210424 0.00291113 -0.0253319 0.0403679 -0.0302106
internal_weight=155.379 105.283 25.3482 17.7127 79.9351 62.2875 50.0962 25.9 44.717 36.3874 17.8872 17.6476 12.9804 20.513 18.5002 10.6406 37.5863 33.0594 12.9312 25.7966 11.9183 19.0244
internal_count=675 454 108 75 346 271 221 114 198 157 77 75 55 91 80 46 167 147 56 115 50 85
is_linear=0
shrinkage=0.03


Tree=10
num_leaves=23
num_cat=0
split_feature=2 34 60 39 39 0 39 44 58 35 1 16 49 57 38 16 31 39 45 32 38 45
split_gain=7.22213 8.38621 5.25347 8.45114 5.33352 4.42671 4.12366 7.41905 6.56485 4.77167 4.67829 4.5812 4.53878 5.99213 4.433 3.96082 3.48256 3.15339 2.82008 2.31354 1.49339 1.46008
threshold=-0.47932707376069106 2.0020981576930241 271.00000000000006 -0.62523090549829152 -0.62523090549829152 -0.15203872050657427 1.0000000180025095e-35 -0.71601872048407655 1.2071485869131782 0.8316959070010056 -0.10445745176896125 0.51588703661911806 -0.26153490587273387 -0.61812689609597116 -0.19702557901491238 0.38461895861979578 1.1576839256789067 -1.3868912262564745 -0.47379912760903559 -0.67008841703310817 -0.19702557901491258 -0.64400971358776138
decision_type=2 2 2 2 2 2 2 2 2 2 2 2 2 2 2 2 2 2 2 2 2 2
left_child=15 2 4 5 -2 -4 7 10 11 14 -5 12 13 -8 -9 19 18 -7 -14 -1 -6 -16
right_child=1 -3 3 6 20 17 8 9 -10 -11 -12 -13 16 -15 21 -17 -18 -19 -20 -21 -22 -23
leaf_value=0.0073907016936125627 0.0063408362132070023 0.030091185129935524 0.0050812749860955145 0.0074588135700288964 -0.009230974342480984 -0.0006193883566706493 -0.0055169627600990126 0.002971168403564367 -0.030109105009638006 -0.0042763977508938761 -0.028410892559189393 -0.016809861701547503 -0.022721172415008779 0.033600003562631743 0.015959756126656118 0 0.018125310994225364 -0.030228898620986083 0 0.038684917287693014 -0.032878550374438327 0.044444504470882544
leaf_weight=4.9898492395877847 5.4211642891168621 5.2996860295534125 5.4986353963613537 5.7443563789129257 6.1515493839979181 4.7568033188581511 4.6272793412208548 6.4063509106636074 5.1821477264165869 5.2573266029357901 4.5075579434633237 8.1768609434366208 5.4664878696203223 8.0363905280828423 6.1941583007574099 7.499713033437728 4.9220405817031851 13.364445462822911 15.039499506354341 5.8717506825923929 9.5257865786552394 7.2879232168197632
leaf_count=21 24 22 24 25 27 21 20 28 23 23 20 36 24 34 27 32 21 60 65 24 43 31
internal_value=4.59578e-05 -0.00234471 -0.00402083 -0.00124841 -0.0172249 -0.0166262 0.00307721 0.0107682 -0.00225593 0.0192888 -0.00941513 0.00158557 0.00617319 0.0198126 0.0256617 0.0169995 -0.00112194 -0.0234038 -0.00693508 0.027435 -0.0255653 0.0346662
internal_weight=155.228 136.866 131.567 110.468 21.0985 23.6199 86.8484 35.3977 51.4507 25.1458 10.2519 46.2686 38.0917 12.6637 19.8884 18.3613 25.428 18.1212 20.506 10.8616 15.6773 13.4821
internal_count=675 598 576 482 94 105 377 154 223 109 45 200 164 54 86 77 110 81 89 45 70 58
is_linear=0
shrinkage=0.03


Tree=11
num_leaves=22
num_cat=0
split_feature=10 2 25 27 10 1 59 49 55 55 46 39 25 46 24 19 32 46 34 38 48
split_gain=6.9731 4.90226 6.4655 6.54809 7.4789 5.83332 5.65727 8.43469 3.72655 3.80919 3.69821 5.15071 5.42061 3.63351 3.50886 3.19314 3.01051 3.21283 1.13613 1.37396 0.288311
threshold=-2.2318029321401309 -0.47932707376069106 1.0000000180025095e-35 1.2491059032630465 -0.73160564637195613 0.17334449547776595 0.37968072547569637 1.0000000180025095e-35 -0.60975850874442539 0.049884737556146329 0.055806940517916619 -0.59391263573027386 -0.46550812838862549 0.84275449937134772 -0.4002804055109257 1.0684138572350721 0.31034949732242362 -0.62971507355183309 -1.4078917601775072 -0.85120718939225859 0.2740615752540953
decision_type=2 2 2 2 2 2 2 2 2 2 2 2 2 2 2 2 2 2 2 2 2
left_child=-1 14 3 4 -3 13 7 10 -8 -10 11 -6 -13 15 -2 16 18 -18 -4 -20 -9
right_child=1 2 5 -5 6 -7 8 20 9 -11 -12 12 -14 -15 -16 -17 17 -19 19 -21 -22
leaf_value=0.030157584539024472 -0.0010168229546237101 -0.023293036934620464 -0.007552580767501654 -0.022272022292852904 -0.0096658471406444683 0.01638756628458515 -0.00015696211456996931 -0.025167004576127423 0.046019035449855944 0.011569496682562606 -0.0070703943549179733 0.0088232131161948002 0.041891623044418527 0.0080589111126294025 0.024753121210905445 0.00037912742430759659 0.0080666560395117447 -0.018145929312297221 -0.009785630112987647 -0.032689077716016618 -0.0081114694887802867
leaf_weight=5.1486451476812354 7.7531216889619854 5.6700234711170188 5.1711510717868761 6.9121790975332251 4.7142748236656145 5.1225521415472022 4.6033023893833187 5.1246646940708143 5.7577562779188147 8.1665241420268995 7.271289959549903 13.947331309318541 6.5553386509418585 5.0854796022176734 8.9222079664468747 8.1808563470840436 6.2005737721920013 7.6657957434654218 5.5968973487615576 16.438236460089694 5.0647317916154861
leaf_count=21 33 25 23 31 21 22 20 23 24 35 32 60 28 22 37 36 27 34 25 74 22
internal_value=5.19026e-05 -0.00123085 -0.00322788 0.00263254 0.00572653 -0.0104845 0.00900347 0.0025735 0.0222131 0.0292935 0.0101701 0.0154838 0.021804 -0.0134973 0.0133463 -0.0160137 -0.019318 -0.00639084 -0.0250195 -0.028121 -0.0193314
internal_weight=155.073 149.924 133.249 73.7874 66.8752 59.4615 61.2052 42.6776 18.5276 13.9243 32.4882 25.2169 20.5027 54.339 16.6753 49.2535 41.0727 13.8664 27.2063 22.0351 10.1894
internal_count=675 654 584 321 290 263 265 186 79 59 141 109 88 241 70 219 183 61 122 99 45
is_linear=0
shrinkage=0.03


Tree=12
num_leaves=24
num_cat=0
split_feature=45 54 10 45 12 42 36 34 28 46 46 45 46 18 25 38 59 54 46 30 33 20 33
split_gain=6.8185 6.22 5.92655 5.42067 5.3637 5.07129 4.71012 3.16614 2.90713 4.08662 5.92667 5.77457 5.38277 5.41607 3.73562 2.86891 2.15465 2.00058 1.84297 1.81744 1.50971 1.49991 0.599345
threshold=-0.52292875008153583 0.48723210228321551 -2.2318029321401309 -0.33295863849048218 -0.1020607954974392 1.0000000180025095e-35 0.76109284564580537 -1.0640272306443446 -0.89231781589737647 -0.37734638480812771 0.56378606690856781 0.35244093102474577 1.2504618611141114 0.50530649397189253 -0.46550812838862549 -0.11525287771774416 1.0000000180025095e-35 0.59941247888482663 -0.53735325156232006 0.20077151965680198 -0.25024314908334655 -0.50161667746439609 -0.50139730412590311
decision_type=2 2 2 2 2 2 2 2 2 2 2 2 2 2 2 2 2 2 2 2 2 2 2
left_child=1 4 -2 5 -1 -4 7 -6 16 15 11 14 13 -12 -11 -10 -5 -18 -7 -14 21 -9 -13
right_child=2 -3 3 8 6 18 -8 20 9 10 12 22 19 -15 -16 -17 17 -19 -20 -21 -22 -23 -24
leaf_value=0.011532099164738683 0.032451467201643769 0.017825396093810918 0.033613495979044408 -0.025553689941942698 -0.0018107143446369669 -0.0090467259903269058 0.0057906616390898695 0 0.027156204468038191 -0.014359036062768539 0.031595267112997913 -0.01066011277528546 0.0044582478930099128 -0.0050225317854828855 0.013523062808936111 0.0015753203127881164 0.0093295988581157743 -0.014572262919093712 0.012215375818932266 -0.016920496701601194 -0.032751684051884222 -0.021268794791579067 -0.032839893575175583
leaf_weight=5.7204937785863867 4.9241330325603476 5.3964477330446234 7.3033538311719921 5.1663856804370871 6.9918015301227525 5.1110922694206247 5.9572106152772895 4.5216814279556274 6.8629797846078864 6.3980276733636812 9.0853802561759966 4.7726152092218399 5.4072829484939557 4.590399056673049 8.0089156180620247 8.8672841489315015 4.8935855776071531 4.5859120637178421 6.5163050889968845 5.8027778565883636 14.508640974760061 6.6397572010755521 6.8840196877717954
leaf_count=25 20 23 31 23 31 22 26 20 29 28 39 21 23 20 35 38 21 20 28 25 66 30 31
internal_value=5.41874e-05 -0.00890281 0.0044115 0.00251727 -0.0127636 0.0163491 -0.0168086 -0.0211793 -0.000867814 0.0017822 -0.0023247 -0.0120817 0.00777259 0.0196272 0.000577207 0.0144768 -0.0123491 -0.00209809 0.00244629 -0.00682705 -0.0258428 -0.0135719 -0.0264655
internal_weight=154.916 49.736 105.18 100.256 44.3396 18.9308 38.6191 32.6619 81.3256 66.6797 50.9494 26.0636 24.8858 13.6758 14.4069 15.7303 14.6459 9.4795 11.6274 11.2101 25.6701 11.1614 11.6566
internal_count=675 221 454 434 198 81 173 147 353 289 222 115 107 59 63 67 64 41 50 48 116 50 52
is_linear=0
shrinkage=0.03


Tree=13
num_leaves=25
num_cat=0
split_feature=2 34 60 39 13 25 60 61 20 39 49 46 46 55 42 47 47 34 42 38 43 37 45 55
split_gain=6.50245 7.64054 4.97226 6.72768 4.12589 3.63362 6.11821 5.67803 4.67077 4.61932 4.53907 4.59337 4.76231 3.5293 5.0367 3.07878 3.29459 3.05976 2.78806 5.2848 2.08106 1.86133 0.924929 0.0102335
threshold=-0.47932707376069106 2.0020981576930241 403.00000000000006 -0.62523090549829152 0.064072231945562427 1.0000000180025095e-35 435.00000000000006 56.000000000000007 0.81432291557278791 0.75527842587591565 1.0000000180025095e-35 0.055806940517916619 -0.51538165345102627 -0.6230474586876007 -0.30156542732460456 0.8080050108366057 0.097404351637517955 -1.2789425616025711 1.0000000180025095e-35 0.86601953784827501 0.45009069461905488 -1.0000000180025095e-35 -0.28504894675153264 -0.078388713045550382
decision_type=2 2 2 2 2 2 2 2 2 2 2 2 2 2 2 2 2 2 2 2 2 2 2 2
left_child=18 2 15 4 17 6 7 -5 13 -8 11 12 -9 -7 -15 16 20 -4 19 -1 -2 -18 -16 -10
right_child=1 -3 3 5 -6 8 9 10 23 -11 -12 -13 -14 14 22 -17 21 -19 -20 -21 -22 -23 -24 -25
leaf_value=0.0053752994380695694 -0.028019834915175321 0.02863410403025143 0 0.027263043411319368 0.0062610436954888913 0.018111448742354905 0.037545747967806201 -0.0040594326995399832 -0.024975751717803397 0.00083048006059787045 -0.020622964112019228 -0.01871605414608167 0.025424978715306669 0.014194127808938138 -0.025377056894475829 -0.033580123643523294 -0.0089744997633354317 -0.028543937061404338 -0.0016379739847862992 0.043648675420198596 -0.0025143218299684246 0.013245940939379598 -0.0039914784878146538 -0.0093259589727157626
leaf_weight=8.5202482789754885 6.7047233730554634 5.340039297938346 4.5449960827827498 4.921518772840499 5.2958734780549994 7.6741937398910531 7.8654655516147596 8.5461808443069476 4.9515316188335419 5.2119745761156082 8.3858212828636152 4.6714480817317954 8.3876772373914772 5.9376700669527045 4.988879442214964 5.0385116636753073 4.5338904857635498 12.450343698263168 5.0427903831005088 4.8669821321964255 5.8039743155241013 6.0095618814229947 4.5255337953567523 4.5607916712760908
leaf_count=36 31 22 20 21 23 33 33 37 22 22 37 21 36 26 22 23 20 57 21 20 26 26 20 20
internal_value=5.5765e-05 -0.00222226 -0.00383516 -0.000648297 -0.0147349 0.00337111 0.00855747 0.0014913 -0.00411982 0.0249157 -0.00364445 0.00359688 0.0110998 0.00312714 -0.0049049 -0.0146838 -0.00851003 -0.0215789 0.0161091 0.0226887 -0.0181501 0.00326485 -0.0176786 -0.0203095
internal_weight=154.781 136.351 131.011 102.92 22.2912 80.6287 47.9901 34.9126 32.6386 13.0774 29.9911 21.6053 16.9339 23.1263 15.4521 28.0907 23.0522 16.9953 18.43 13.3872 12.5087 10.5435 9.51441 9.51232
internal_count=675 598 576 450 100 350 207 152 143 55 131 94 73 101 68 126 103 77 77 56 57 46 42 42
is_linear=0
shrinkage=0.03


Tree=14
num_leaves=22
num_cat=0
split_feature=45 60 1 33 47 46 54 25 36 46 54 59 47 47 23 16 38 57 26 43 36
split_gain=6.27024 5.97619 6.92299 6.81116 5.92684 6.55663 5.87351 5.23215 4.82897 4.21233 4.19651 6.47877 3.67422 3.46537 3.53218 3.43201 3.45339 3.56817 3.31491 3.00191 0.528604
threshold=-0.52292875008153583 445.50000000000006 -0.23674409331502191 0.18927662224112723 -0.46341129340595455 -0.13783997530492645 0.48723210228321551 -0.89372767411256715 0.76109284564580537 1.3014843916373893 0.38586556317128512 0.37968072547569637 -0.035339428919894951 0.91818943119707686 1.014773457366841 -0.0075203653960254956 0.53892873265960195 -0.61812689609597116 -0.22075780270230025 0.45009069461905488 -0.39989207633771973
decision_type=2 2 2 2 2 2 2 2 2 2 2 2 2 2 2 2 2 2 2 2 2
left_child=6 4 -3 20 9 10 8 -7 15 -2 11 18 -9 14 -12 -1 17 -17 -6 -11 -4
right_child=1 2 3 -5 5 7 -8 12 -10 19 13 -13 -14 -15 -16 16 -18 -19 -20 -21 -22
leaf_value=0.0058284458725847161 0.031635457298585239 -0.006125221095191727 0.018944743285550538 -0.00011320611369658544 -0.015882854359143338 0.008160797685728121 0.017340515965078292 -0.0032148065723058249 0.0083536204116922731 -0.010575539109861809 -0.010174615682585739 0.036672559349969262 -0.031198011365905855 -0.019519430027077778 0.020256314703770394 -0.0052984261433568058 0 -0.031538791842659966 0.012270999383447325 0.016800876738174025 0.046272474809535238
leaf_weight=4.301282823085784 6.3696517944335964 7.6122902482748058 5.5154110938310659 5.7915073335170737 4.9657408446073541 5.4055020958185223 5.4145790338516226 7.2266852408647599 7.1424498707056037 6.0982135236263257 5.4905476868152636 5.5125013887882224 12.920701816678042 7.8031040728092185 5.1489304006099701 7.797092378139495 6.5469082593917838 18.245142757892612 7.4821069687604913 5.2664880454540253 6.5604418814182264
leaf_count=19 27 33 23 25 22 23 23 32 31 26 24 23 59 34 22 35 29 84 32 22 27
internal_value=5.16237e-05 0.00422414 0.0164287 0.0260777 1.65922e-05 -0.00433279 -0.00856823 -0.0155842 -0.0123522 0.0146762 0.00371097 0.0136016 -0.0223561 -0.00591872 0.00474128 -0.0166872 -0.0199606 -0.0246167 0.000109337 0.00212424 0.0377053
internal_weight=154.617 105.17 25.4797 17.8674 79.6902 61.9558 49.4475 25.5529 44.0329 17.7344 36.4029 17.9603 20.1474 18.4426 10.6395 36.8904 32.5891 26.0422 12.4478 11.3647 12.0759
internal_count=675 454 108 75 346 271 221 114 198 75 157 77 91 80 46 167 148 119 54 48 50
is_linear=0
shrinkage=0.03


Tree=15
num_leaves=23
num_cat=0
split_feature=11 34 25 16 27 10 59 57 43 47 46 16 40 55 55 45 19 27 31 32 55 34
split_gain=6.08256 7.16242 4.51257 7.22654 6.24339 7.35508 5.86961 6.28537 10.0439 4.17767 3.85331 3.51762 3.44328 3.29688 3.53172 3.1809 5.18879 3.68669 4.26762 2.10714 1.88829 1.39405
threshold=0.81192638910379222 2.0020981576930241 1.0000000180025095e-35 -0.80597115706395395 1.2491059032630465 -0.73160564637195613 0.37968072547569637 -0.61812689609597116 -0.21709305613887528 0.10646666134830289 0.84275449937134772 0.38461895861979578 -0.26085758900505013 -0.60975850874442539 0.049884737556146329 0.31848136277064704 1.0684138572350721 -1.2021513459487083 0.31787608661606187 -0.67008841703310817 -0.070767428553816888 -1.0640272306443446
decision_type=2 2 2 2 2 2 2 2 2 2 2 2 2 2 2 2 2 2 2 2 2 2
left_child=1 2 4 -4 5 -1 7 8 -7 20 15 19 -11 -8 -15 16 17 -5 21 -2 -9 -19
right_child=11 -3 3 10 -6 6 13 9 -10 12 -12 -13 -14 14 -16 -17 -18 18 -20 -21 -22 -23
leaf_value=-0.023924698418293252 0.0064839954048039779 0.027675624623616477 0.021753891642494375 0.0050004128109367371 -0.023883044158310687 -0.006522002426416919 -2.9449686711734144e-05 -0.032091265388129016 0.039552282089522522 -0.0078538747945061157 0.0083486868109393254 0 0.020657448893692421 0.043625581529204205 0.010712068350911116 -0.030229132842529951 0.011860649198886655 -0.0077690863222393798 0.0011832172096380366 0.036006483756863328 -0.0072710262360540252 -0.030250296684381388
leaf_weight=5.8539615869522086 5.0197306275367746 5.3649941831827155 4.5064624547958365 5.4986676275730089 6.358252838253974 7.7772715091705322 4.5819728821516064 4.5343919396400407 6.6588127017021126 7.3224751949310303 5.5591332912445059 7.5149348676204673 5.1227792799472791 5.8271146714687339 8.214785769581793 10.015075340867041 6.1890050172805777 5.3085008859634391 6.1330946385860434 5.9323638379573831 8.9716677963733762 16.130578786134731
leaf_count=26 21 22 19 24 29 34 20 21 28 32 24 32 22 24 35 46 27 24 27 24 40 74
internal_value=7.3456e-05 -0.00213684 -0.00370772 -0.00972204 0.00131783 0.00436246 0.00779123 0.00100081 0.0160763 -0.00758696 -0.0129257 0.0155815 0.00441147 0.0210464 0.0276488 -0.0156198 -0.0107704 -0.0155101 -0.0198538 0.0253682 -0.0183786 -0.0258173
internal_weight=154.396 135.929 130.564 59.3405 71.2235 64.8652 59.0113 40.3874 14.4361 25.9513 54.8341 18.467 12.4453 18.6239 14.0419 49.2749 39.2598 33.0708 27.5722 10.9521 13.5061 21.4391
internal_count=675 598 576 265 311 282 256 177 62 115 246 77 54 79 59 222 176 149 125 45 61 98
is_linear=0
shrinkage=0.03


Tree=16
num_leaves=24
num_cat=0
split_feature=10 2 57 60 39 39 13 39 44 16 49 57 16 39 55 38 1 12 37 34 34 38 45
split_gain=5.78342 4.11585 4.15058 3.79227 7.81599 5.11258 4.29255 4.00819 5.77341 5.36103 5.39187 6.58652 5.61303 4.25031 4.18423 3.84179 3.58314 3.52553 3.26985 2.95849 2.50978 1.9247 0.539535
threshold=-2.2318029321401309 -0.47932707376069106 -0.61812689609597116 256.50000000000006 -0.62523090549829152 -0.62523090549829152 0.064072231945562427 1.0000000180025095e-35 -0.71601872048407655 0.43679046045617875 -0.26153490587273387 -0.61812689609597116 0.13000481432191954 0.46965580559159653 0.74933488388251301 -0.19702557901491238 -0.10445745176896125 0.10492903776307681 -0.53113324881354018 0.39739701987159748 -1.2789425616025711 -0.19702557901491258 -0.64400971358776138
decision_type=2 2 2 2 2 2 2 2 2 2 2 2 2 2 2 2 2 2 2 2 2 2 2
left_child=-1 2 -2 5 6 -3 20 8 16 10 11 -9 17 -11 15 -10 -6 -12 -4 -14 -5 -7 -17
right_child=1 3 18 4 7 21 -8 9 14 13 12 -13 19 -15 -16 22 -18 -19 -20 -21 -22 -23 -24
leaf_value=0.027401841477951092 -0.0072769544348567812 0.0084821700610298572 0.036103589681288788 -0.0018834652906083232 0.0078151847090512649 -0.0058270942410729607 0.0059944248120454985 -0.0063041892621266415 0.0029854375566426973 0.0019665669356865273 -0.028612417733021034 0.032480165339827512 -0.0053862834763268967 -0.032086900639604857 -0.0037383475525552424 0.017095094072542182 -0.023315960754496094 0.0016319983958048398 0.0034398161938582585 0.018369981706220177 -0.028621064505655394 -0.031303932032949656 0.040624181294475328
leaf_weight=5.1962420493364325 5.4309440553188351 5.1512166559696224 5.3670510202646264 4.9546927660703703 5.7055688947439194 5.5881845802068719 5.2958390265703192 5.4893700927495948 6.3640064895153072 4.7557417303323728 8.0498382598161751 8.3795144259929604 7.5180450826883307 6.6116660386323929 5.2034494727849951 6.4545767605304736 4.6348680704832059 4.64313881099224 5.9529972225427601 8.3219252973794919 13.061005041003227 8.8355501741170848 7.1774448305368423
leaf_count=21 23 23 22 22 25 25 23 24 28 21 36 35 33 30 23 28 21 20 25 35 61 41 30
internal_value=8.79497e-05 -0.00108876 0.0122254 -0.00293896 -0.000687837 -0.0146349 -0.0156448 0.0033441 0.0109662 -0.00174624 0.00317669 0.0176217 -0.0041742 -0.0188053 0.0184616 0.0243755 -0.00681795 -0.0181229 0.0218066 0.00725808 -0.0222851 -0.0232889 0.0326789
internal_weight=154.143 148.947 16.751 132.196 112.621 19.575 23.3115 89.3092 35.5399 53.7692 42.4018 13.8689 28.5329 11.3674 25.1995 19.996 10.3404 12.693 11.32 15.84 18.0157 14.4237 13.632
internal_count=675 654 70 584 495 89 106 389 155 234 183 59 124 51 109 86 46 56 47 68 83 66 58
is_linear=0
shrinkage=0.03


Tree=17
num_leaves=23
num_cat=0
split_feature=45 60 1 33 45 54 47 37 58 1 36 25 54 26 61 33 35 47 29 41 55 36
split_gain=5.64571 5.58173 6.28967 6.14388 5.54771 5.4923 4.83704 5.75096 5.64821 5.38834 4.43798 3.94549 3.83223 3.46498 3.45413 2.75102 2.66351 2.18592 1.80369 1.32003 0.660026 0.485162
threshold=-0.52292875008153583 445.50000000000006 -0.23674409331502191 0.18927662224112723 1.1153870564270116 0.48723210228321551 -0.46341129340595455 -0.53113324881354018 1.0000000180025095e-35 -0.18382943669659765 0.76109284564580537 0.15303121543484563 0.63862866108155059 0.17891546548916859 216.50000000000003 1.0055276261294364 -0.25200367614900704 -0.70117818784102182 0.71920231732832018 -0.2625455921577371 -0.45007074005955355 -0.39989207633771973
decision_type=2 2 2 2 2 2 2 2 2 2 2 2 2 2 2 2 2 2 2 2 2 2
left_child=5 4 -3 21 6 10 14 13 9 -9 15 12 20 -8 -2 17 -10 -1 -19 -16 -11 -4
right_child=1 2 3 -5 -6 -7 7 8 16 11 -12 -13 -14 -15 19 -17 -18 18 -20 -21 -22 -23
leaf_value=-0.0029469183755360157 -0.0038352037225819835 -0.0057422449462433802 0.018021317440859233 0 -0.020797454295758171 0.016859718446925402 8.9176694409485291e-05 0.035996492364927211 -0.022433253161173519 0.00839990746576731 0.0079771120303780557 -0.016114392722124359 -0.0034717059989622257 -0.028612905639549983 0.032634521031137002 0 0.0032671343483181795 -0.028926489441022808 -0.004797441205092158 0.0086142978656412149 0.029831814176126653 0.044131558601604566
leaf_weight=6.4976463913917533 4.7254027128219631 7.5602030009031322 5.5409393012523687 5.7646301388740531 8.5873218327760679 5.4298327863216391 5.6400355696678144 4.9349636286497072 6.8856006562709808 4.9146298915147781 7.1455886363983145 4.9600336104631415 8.3430487215518934 7.884463369846344 6.5018551349639901 7.9774674773216239 5.1791916638612729 17.149931594729431 4.8172570168972006 5.8665540367364857 4.9911415427923327 6.6183811724185926
leaf_count=29 20 33 23 25 39 23 25 21 31 21 31 22 36 35 27 36 23 80 22 25 21 27
internal_value=9.34424e-05 0.00405131 0.0158393 0.0249916 0 -0.00812647 0.00295095 -0.00147168 0.00418606 0.0114995 -0.0118295 0.00417879 0.0108033 -0.0174302 0.0161731 -0.0160331 -0.011817 -0.0202021 -0.0245357 0.0238379 0.0222278 0.0359581
internal_weight=153.916 104.898 25.4842 17.924 79.4142 49.0177 70.8269 53.7331 40.2086 28.1438 43.5879 23.2089 18.2488 13.5245 17.0938 36.4423 12.0648 28.4648 21.9672 12.3684 9.90577 12.1593
internal_count=675 454 108 75 346 221 307 235 175 121 198 100 78 60 72 167 54 131 102 52 42 50
is_linear=0
shrinkage=0.03


Tree=18
num_leaves=24
num_cat=0
split_feature=10 8 25 27 10 1 58 57 44 32 28 47 4 20 27 45 25 46 29 19 19 20 30
split_gain=5.48669 3.82205 5.22659 5.70389 6.60042 5.03328 4.65102 3.90599 3.53887 4.53258 3.53419 4.28804 3.26894 5.64296 5.01967 3.09202 3.41452 2.92963 2.8655 2.71753 2.52768 1.78661 1.68432
threshold=-2.2318029321401309 -0.82083860249624541 1.0000000180025095e-35 1.2491059032630465 -0.73160564637195613 0.17334449547776595 1.0000000180025095e-35 -0.61812689609597116 0.3782740410104547 0.31034949732242362 -0.46199069582302743 -1.0000000180025095e-35 -0.19990493191927405 0.81432291557278791 -1.2021513459487083 -0.47379912760903559 -0.46550812838862549 0.13333765739981948 -0.38343596600077168 -1.1523077859787032 -1.1523077859787032 1.0000000180025095e-35 0.20077151965680209
decision_type=2 2 2 2 2 2 2 2 2 2 2 2 2 2 2 2 2 2 2 2 2 2 2
left_child=-1 7 3 4 -3 12 8 -2 15 -10 -8 -12 13 18 -14 16 -6 19 -4 -17 22 -9 -16
right_child=1 2 5 -5 6 -7 10 21 9 -11 11 -13 14 -15 20 17 -18 -19 -20 -21 -22 -23 -24
leaf_value=0.02669402618679911 -0.007137924215954666 -0.022239062409673709 0.024310996478946283 -0.021078435467782871 -0.01945817219058029 0.015409711348428442 -0.02034655874872612 0.031199442505020207 0.034214646437588855 0 -0.011796273653992906 0.022014817848235439 0.0054149300913657519 -0.02021460102257782 -0.017806951818453005 0.0036246540737710962 0.010425676253470632 -0.0050839851030819172 -0.0025218374323554096 0.031486637810217218 -0.029550404221504272 0.005187689185971958 0.0036022140280749047
leaf_weight=5.2038224935531607 5.4219674766063717 5.5297995805740348 5.2745121717453012 6.7355704754590979 5.8033345192670822 5.14174461364746 6.2017497271299389 5.8087606281042081 10.675635084509848 4.9137857854366294 5.0861487537622461 5.3507709205150578 5.9781865179538718 7.4782856851816168 5.669544845819475 6.5838162302970868 4.9259928017854673 4.5781787633895865 6.3215958029031762 6.9744851589202952 17.852260887622833 5.5438362807035446 4.6539238542318344
leaf_count=21 23 25 23 31 26 22 28 24 45 21 23 23 26 34 26 28 22 20 28 29 83 23 21
internal_value=0.000107288 -0.00104197 -0.00283318 0.0024257 0.00530181 -0.00943791 0.00836368 0.0117739 0.0133411 0.0243996 -0.00460771 0.00562343 -0.0123043 -0.00177512 -0.0176944 0.00626094 -0.00565151 0.0135071 0.0106116 0.0200643 -0.0228256 0.0210518 -0.00841547
internal_weight=153.708 148.504 131.729 73.3593 66.6237 58.3701 61.0939 16.7746 44.4552 15.5894 16.6387 10.4369 53.2283 19.0744 34.1539 28.8658 10.7293 18.1365 11.5961 13.5583 28.1757 11.3526 10.3235
internal_count=675 654 584 321 290 263 265 70 191 66 74 46 241 85 156 125 48 77 51 57 130 47 47
is_linear=0
shrinkage=0.03


Tree=19
num_leaves=26
num_cat=0
split_feature=34 8 60 40 34 19 46 47 36 20 16 47 47 8 8 46 59 44 57 37 40 47 42 42 56
split_gain=5.52747 6.12872 4.23107 3.6068 4.08435 4.49402 3.2737 4.26869 3.35466 4.00909 3.20272 2.95126 3.10552 2.49937 2.93403 5.27431 4.79271 3.89267 2.81695 1.71575 1.58982 1.2485 1.24648 1.09224 0.286034
threshold=2.0020981576930241 -0.82083860249624541 403.00000000000006 0.27871416076923067 -0.54823043634460034 0.66464628574165829 -0.48201779705412889 0.050779310185419098 0.23864963075321902 -1.0000000180025095e-35 0.38461895861979578 0.8080050108366057 0.097404351637517955 -0.23460472257937667 -0.012623207575290807 -0.94759711220882947 1.0000000180025095e-35 -0.48804106183938256 -1.0000000180025095e-35 -1.0000000180025095e-35 -0.1696623636910872 -0.58305501105378954 -1.1338025459240593 -0.55763838689366763 -0.50716663909865467
decision_type=2 2 2 2 2 2 2 2 2 2 2 2 2 2 2 2 2 2 2 2 2 2 2 2 2
left_child=1 10 11 4 5 22 -5 8 9 -8 23 12 20 -6 15 -15 -16 -18 24 -14 -3 -10 -4 -1 -17
right_child=-2 2 3 6 13 -7 7 -9 21 -11 -12 -13 19 14 16 18 17 -19 -20 -21 -22 -23 -24 -25 -26
leaf_value=0.033207488646650685 0.026431332625240552 -0.030021877751250019 -0.0040777171659967205 -0.028614420585258107 -0.0093521543653241005 0.011155950856624569 0.018211390718332405 0.013822336532141618 -0.0059264955790850494 -0.015169630882948041 -0.00027552069025999393 -0.0322904818554293 -0.0080892737653921534 -0.004278172893256731 -0.020476064801317709 0.04009688465659058 -0.0053737951763347626 0.022410115641321442 0.0055921803133132985 0.013324803215520986 -0.0062157642862601444 -0.030062047178967752 -0.025511013704963326 0.0093714772186599526 0.016876741914030168
leaf_weight=5.160625934600831 5.3835747539997092 4.1156084686517742 5.4400674104690561 4.6622247248888007 5.3926764577627173 5.7285510450601569 5.0090888887643814 7.3196558952331534 4.8941671252250689 4.8911858052015358 7.5350024551153174 4.844315990805625 4.4496813863515854 7.103337123990058 5.0990161299705532 6.2010101526975649 7.2052910178899774 8.0957111269235575 6.5637979656457928 5.9869247674941999 8.0975428372621554 5.6508882939815486 6.9842393845319757 5.8445923328399667 5.8230621069669724
leaf_count=21 22 20 25 21 24 25 22 32 22 22 32 23 20 31 23 26 31 34 29 26 37 26 32 24 25
internal_value=0.000113131 -0.0010589 -0.00344833 -0.000506517 0.00327877 -0.00834992 -0.00859776 -0.00373721 -0.0108122 0.0013673 0.0143473 -0.0135709 -0.00756173 0.00761252 0.00995566 0.0164268 0.000965235 0.00965779 0.0243665 0.00382296 -0.0170819 -0.0214914 -0.0180074 0.0236711 0.0324145
internal_weight=153.482 148.098 129.558 102.064 69.6368 18.1529 32.4272 27.765 20.4453 9.90027 18.5402 27.4941 22.6498 51.4839 46.0912 25.6912 20.4 15.301 18.5879 10.4366 12.2132 10.5451 12.4243 11.0052 12.0241
internal_count=675 653 576 450 305 82 145 124 92 44 77 126 103 223 199 111 88 65 80 46 57 48 57 45 51
is_linear=0
shrinkage=0.03


Tree=20
num_leaves=22
num_cat=0
split_feature=34 2 60 39 37 39 58 5 33 13 16 49 57 16 31 50 39 47 31 32 53
split_gain=5.26434 5.85308 4.08261 6.55452 5.01744 3.96275 5.43448 4.99224 4.15664 3.87446 3.55683 3.7071 5.21727 3.05299 3.00055 2.8862 2.61915 2.57974 2.11833 2.05145 1.67399
threshold=2.0020981576930241 -0.47932707376069106 271.00000000000006 -0.62523090549829152 0.63603864011584155 1.0000000180025095e-35 1.2071485869131782 0.036423074674891927 0.50321931604432302 0.064072231945562427 0.51588703661911806 -0.26153490587273387 -0.61812689609597116 0.38461895861979578 1.1576839256789067 -0.2771615852261104 -1.3868912262564745 0.14566594000753538 -0.59827791963431365 -0.67008841703310817 1.0000000180025095e-35
decision_type=2 2 2 2 2 2 2 2 2 2 2 2 2 2 2 2 2 2 2 2 2
left_child=1 13 4 9 18 7 10 8 15 16 11 12 -7 19 17 -5 -4 -13 -3 -1 -17
right_child=-2 2 3 5 -6 6 -8 -9 -10 -11 -12 14 -14 -15 -16 20 -18 -19 -20 -21 -22
leaf_value=0.0051139986523558705 0.025753356089777274 -0.0033366383965771247 -0.00068072716420319651 0.0025991651762171256 0.0078170236028420621 -0.0061077403544608907 -0.028235448381471445 -0.012130370694692166 -0.0031913468948303885 0.0056971932465257639 -0.015371921057604182 0.0055544492071451365 0.0300758668034268 -0.0002686419179875599 0.016228207043240593 0.035996702359782112 -0.027775105072495403 -0.014811204356528291 -0.030224874354706631 0.033454237150452572 0.01080599322077066
leaf_weight=5.0654515922069558 5.3987922221422187 4.5781417340040216 4.8510924577713057 6.3761210143566158 5.1739971637725821 4.6263553500175467 4.9571802318096152 5.8711725473403922 7.1978658437728873 5.2908134907484046 7.9607459008693686 7.6970593184232809 8.180719509720797 7.5345241725444785 4.9684626013040534 9.4252159446477908 12.650122582912445 12.622705191373823 10.567377373576164 5.9622309207916269 6.3474346846342078
leaf_count=21 22 21 22 28 23 20 23 26 32 23 36 34 34 32 21 40 60 55 50 24 28
internal_value=9.81647e-05 -0.00104729 -0.00338776 -0.000944762 -0.0152545 0.00282953 -0.00242094 0.0103865 0.0154566 -0.0147643 0.00103436 0.00506676 0.0173158 0.0139961 -0.00153493 0.0215885 -0.0212273 -0.00697027 -0.0234907 0.0230864 0.0280253
internal_weight=153.304 147.905 129.343 109.023 20.3195 86.231 51.0132 35.2178 29.3466 22.792 46.056 38.0953 12.8071 18.5622 25.2882 22.1488 17.5012 20.3198 15.1455 11.0277 15.7727
internal_count=675 653 576 482 94 377 223 154 128 105 200 164 54 77 110 96 82 89 71 45 68
is_linear=0
shrinkage=0.03


Tree=21
num_leaves=23
num_cat=0
split_feature=45 54 10 45 42 36 16 28 46 56 34 19 2 55 61 58 34 47 21 39 45 53
split_gain=5.04327 5.14229 4.57741 4.61856 4.61343 4.06217 3.16661 2.53311 3.41025 3.72868 4.82516 4.2786 3.38858 3.13359 3.5061 2.38679 2.2593 1.83888 1.82727 1.42796 3.27526 0.147684
threshold=-0.52292875008153583 0.48723210228321551 -2.2318029321401309 -0.33295863849048218 1.0000000180025095e-35 0.76109284564580537 -0.0075203653960254956 -0.89231781589737647 -0.70979270424048813 1.3308869522655977 -0.11839977442814691 0.86653007148836514 -0.24776011035099091 1.1434190523874148 435.00000000000006 -0.59855844060237906 -1.0640272306443446 0.07050825963792115 1.0000000180025095e-35 -0.62523090549829152 -0.89974694629592789 1.0000000180025095e-35
decision_type=2 2 2 2 2 2 2 2 2 2 2 2 2 2 2 2 2 2 2 2 2 2
left_child=1 5 -2 4 -4 6 -1 18 -9 10 11 12 -10 14 15 -12 -8 -6 -5 -18 -21 -22
right_child=2 -3 3 7 17 -7 16 8 9 -11 13 -13 -14 -15 -16 -17 19 -19 -20 20 21 -23
leaf_value=0.0061679008639481583 0.028417975052543516 0.016420424098498445 0.031246627926538192 -0.019861877120838714 0.012455535859483165 0.0075773134802950698 -0.0021705343179442512 0.017431832220545455 -0.018100529015038138 0.016089798954175054 0.00080989732845511593 0.023967310390589729 0.00814636077349018 -0.030493170838036803 0.011893796632539529 -0.020697827318761124 -0.032897327840267165 -0.0087450507035557856 5.118176034797122e-05 0.0054525257474897244 -0.010070508796709383 -0.027129660643156056
leaf_weight=4.2513533979654303 4.959606558084487 5.4361451119184485 7.3737210482358959 8.2692233324050886 5.8222078680992109 7.1451737582683554 7.1130178123712531 8.7985245734453184 6.1314338892698297 7.8397503942251197 6.4740984737873104 6.3324447572231284 8.8608128279447484 5.4511493742465964 5.5440640300512305 10.737578853964818 8.9931485354900378 5.7585827857255936 6.1673113256692877 4.4093176126480094 4.9617250412702578 6.2348051518201828
leaf_count=19 20 23 31 37 25 31 32 37 27 34 28 27 39 25 24 48 44 25 27 20 23 29
internal_value=0.000103446 -0.00770733 0.00384548 0.00215841 0.0149111 -0.0113343 -0.0154047 -0.000984921 0.00148921 -0.00123571 -0.00448786 0.00587051 -0.00289409 -0.0124219 -0.00622749 -0.0128707 -0.0186254 0.00166086 -0.0117744 -0.0227553 -0.0141878 -0.0221254
internal_weight=153.065 48.5447 104.521 99.5609 18.9545 43.1085 35.9634 80.6064 66.1699 57.3713 49.5316 21.3247 14.9922 28.2069 22.7557 17.2117 31.712 11.5808 14.4365 24.599 15.6058 11.1965
internal_count=675 221 454 434 81 198 167 353 289 252 218 93 66 125 100 76 148 50 64 116 72 52
is_linear=0
shrinkage=0.03


Tree=22
num_leaves=23
num_cat=0
split_feature=34 14 60 45 46 24 43 45 57 45 37 47 43 54 43 16 38 59 49 9 20 60
split_gain=4.95101 5.07922 4.77429 5.1534 4.5369 4.46242 6.06917 3.2999 7.16936 3.76067 3.79829 3.05462 2.86071 2.85237 2.82031 2.68176 2.45706 2.19458 2.17045 4.58771 2.04094 1.14176
threshold=2.0020981576930241 0.99973439168603129 469.00000000000006 1.1153870564270116 0.61271653563237238 0.36108422631683079 -0.58101146564320083 -0.47379912760903559 -0.61812689609597116 -0.3733022570946925 -0.53113324881354018 0.12945663829661694 1.0000000180025095e-35 0.38586556317128512 -1.0000000180025095e-35 0.072454094027990759 0.53892873265960195 1.0009764580722904 1.0000000180025095e-35 0.42699344456916571 -0.50161667746439609 637.50000000000011
decision_type=2 2 2 2 2 2 2 2 2 2 2 2 2 2 2 2 2 2 2 2 2 2
left_child=1 2 3 7 5 6 -4 8 14 -9 13 16 -8 -11 -1 -3 -10 18 19 -12 -20 -7
right_child=-2 15 4 -5 -6 21 12 9 11 10 17 -13 -14 -15 -16 -17 -18 -19 20 -21 -22 -23
leaf_value=-0.0036817065777534383 0.024971898399271195 0.026159506065211335 -0.012964754893864167 -0.028451627558750667 0.029592084473744402 -0.00054043088087368655 0.036318919201726793 0.021003703580408095 -0.029076764285186761 0 -0.0047945198812699309 0 0.0041992126257809886 -0.027826561459078324 0.022449896400438527 0.0013648624092462997 -0.0030220367904100608 0.015818531702380206 -0.023629989155033608 0.023409366517602035 0.0012583157857961095 -0.021769344602398721
leaf_weight=7.3451484143733978 5.4069889038801184 7.1343127340078345 5.1242478191852596 7.1736244410276404 4.9654533714056006 4.5669874548912031 5.167996823787691 5.728155553340911 16.251307651400573 5.796327665448187 14.771245613694196 5.6444132924079886 5.4637976288795471 6.1805224269628525 4.8847071379423124 8.5259627103805524 5.1072446107864371 7.3056912273168555 4.637895941734314 6.0573577582836142 4.6384133696556074 4.9953717291355133
leaf_count=33 22 29 23 34 21 20 22 24 78 26 66 25 24 28 21 36 23 31 21 26 20 22
internal_value=0.000108336 -0.0010053 -0.00301044 -0.0061491 0.00711627 0.00107599 0.0107519 -0.00397204 -0.0104579 0.00069358 -0.00209385 -0.0188314 0.0228669 -0.0158367 0.00763087 0.0143094 -0.0237162 0.00259258 -0.00102561 0.00416059 -0.0121855 -0.0136209
internal_weight=152.873 147.466 131.806 101.522 30.2839 25.3184 15.756 94.3484 39.2328 55.1156 49.3875 27.003 10.6318 11.9769 12.2299 15.6603 21.3586 37.4106 30.1049 20.8286 9.27631 9.56236
internal_count=675 653 588 456 132 111 69 422 180 242 218 126 46 54 54 65 101 164 133 92 41 42
is_linear=0
shrinkage=0.03


Tree=23
num_leaves=24
num_cat=0
split_feature=10 60 39 43 33 33 35 40 32 51 54 40 46 27 39 46 25 24 35 38 54 54 27
split_gain=4.56714 3.41004 4.60277 3.90221 6.73241 5.13931 4.55832 3.96562 3.90862 3.77396 4.38309 4.06244 3.63809 4.0135 3.58661 3.75213 3.53005 2.82289 2.36908 1.69749 1.54168 0.862776 0.174304
threshold=-2.2318029321401309 469.00000000000006 -0.8156459856878373 0.45009069461905488 0.75437347108687958 0.50321931604432302 0.61896969253081813 0.97027795273344986 -0.42052240246988198 0.33290378872523918 0.89743439835076855 0.12847587291225343 -0.46039948127289027 0.21699758780546535 0.75527842587591565 0.31373200467930112 1.4376898526066706 -1.0000000180025095e-35 1.0000000180025095e-35 -0.68766178679792211 -0.40179626833109378 0.59941247888482663 -0.47107462249958859
decision_type=2 2 2 2 2 2 2 2 2 2 2 2 2 2 2 2 2 2 2 2 2 2 2
left_child=-1 3 -3 5 6 8 18 -8 12 10 11 22 20 -14 15 17 19 -4 -5 -7 -2 -11 -10
right_child=1 2 14 4 -6 16 7 -9 9 21 -12 -13 13 -15 -16 -17 -18 -19 -20 -21 -22 -23 -24
leaf_value=0.024374119184477461 -0.00563016133649865 -0.015582709532620136 0.019134203680154172 -0.0043716030437102567 0.029823477489625543 -0.008542088616795911 -0.025183628291471583 0.0027322771703107373 0.014686713041511762 -0.017243881610199061 -0.0057172207907609284 -0.0013651264301616658 0.013174456956404209 -0.018460850053281404 -0.0034818188679945706 0.034785796996737985 0 -0.0063158350148041836 0.018803867359463666 -0.034438264421331688 -0.031469282663502088 0 0.035815660749400187
leaf_weight=5.2041926532983771 4.8003096282482147 5.0050254464149466 6.4815454781055468 5.1638794392347362 6.1077470183372489 5.418321207165719 8.1217360347509366 7.5777961462736121 5.620755597949028 5.3039730191230756 8.9151159077882749 5.4181266129016867 7.3678616136312467 4.582661896944046 8.0967948883771879 6.9402965158224097 6.6296261847019187 6.1414490938186681 8.6436566412448865 9.1361331343650818 6.264507785439493 4.4864054173231125 5.2002059221267753
leaf_count=21 22 23 28 23 26 25 37 34 24 24 39 24 32 21 35 29 30 27 37 43 29 20 22
internal_value=0.000119612 -0.000933183 0.00735489 -0.00340838 0.00460707 -0.00710833 -0.00160928 -0.0122973 -0.0021923 0.00397654 0.0101133 0.018891 -0.0114735 0 0.0122992 0.0188983 -0.0192598 0.00697149 0.0101655 -0.0268702 -0.0227473 -0.010508 0.0284517
internal_weight=152.628 147.424 32.6651 114.759 35.6148 79.144 29.5071 15.6995 57.9599 34.9446 25.1542 16.2391 23.0153 11.9505 27.6601 19.5633 21.1841 12.623 13.8075 14.5545 11.0648 9.79038 10.821
internal_count=675 654 142 512 157 355 131 71 257 153 109 70 104 53 119 84 98 55 60 68 51 44 46
is_linear=0
shrinkage=0.03


Tree=24
num_leaves=24
num_cat=0
split_feature=34 2 25 16 10 59 49 35 29 46 29 45 16 29 16 30 38 23 50 45 32 47 47
split_gain=4.6055 5.13965 3.91117 5.98119 5.25579 5.35639 6.88117 4.61228 4.03763 3.48812 3.19711 3.04756 4.66563 2.98306 2.68994 2.66011 3.83648 2.56665 2.5429 2.02446 1.94785 1.77368 0.882361
threshold=2.0020981576930241 -0.47932707376069106 1.0000000180025095e-35 -0.80597115706395395 -0.73160564637195613 0.37968072547569637 1.0000000180025095e-35 0.61896969253081813 -1.0000000180025095e-35 0.84275449937134772 -0.38343596600077168 0.31848136277064704 0.30765209963021595 1.0000000180025095e-35 0.38461895861979578 -0.80308607862720771 0.45715603136243349 0.62000214886891825 -0.2771615852261104 -0.51477859558262795 -0.67008841703310817 0.050779310185419098 0.22874608740625804
decision_type=2 2 2 2 2 2 2 2 2 2 2 2 2 2 2 2 2 2 2 2 2 2 2
left_child=1 14 4 -4 -3 6 7 8 10 11 -6 12 15 17 20 -5 22 -7 -14 -10 -1 -8 -17
right_child=-2 2 3 9 5 13 21 -9 19 -11 -12 -13 18 -15 -16 16 -18 -19 -20 -21 -22 -23 -24
leaf_value=0.0043814343420156667 0.024073880438662997 -0.022777983438337902 0.019607089439573178 0 0.0067848755279213326 0.014795721633448652 -0.032142893609858447 -0.01258029824759717 -0.011320732693011646 0.0083564384540296636 0.040075739330928777 -0.028907705357632645 -0.007656352461643509 0.028882735721969876 -0.00024511542952212177 -0.033984954304897064 -0.00059174365330630601 -0.010138775313353603 0.019212855806706904 0.0098986092084341459 0.031704026660965549 -0.0060459357366692175 -0.010784874364347436
leaf_weight=5.0777820199728021 5.4168851375579825 5.6758265793323508 4.5550427734851828 6.9805775433778718 6.8436603397130966 7.9267940223217028 4.9986407011747342 8.1042582243680936 6.0562408268451637 5.5291220992803565 4.5302026122808421 9.6774415373802167 4.3928976953029633 8.2983989566564542 7.5159685760736457 10.015750899910936 6.8304897993803015 4.5360552221536636 5.2873593568801862 7.2119415104389279 5.9634876996278772 6.1208801716566086 4.8990283906459799
leaf_count=21 22 26 19 31 30 34 24 37 28 24 19 46 20 35 32 49 31 20 23 31 24 27 22
internal_value=0.000112042 -0.000964587 -0.0031738 -0.00884091 0.00151827 0.00421109 -0.00169324 0.00520188 0.0116659 -0.0118346 0.0236351 -0.01446 -0.00971939 0.0162292 0.0131241 -0.0156538 -0.0205334 0.00517645 0.00709165 0 0.021644 -0.0206791 -0.0284119
internal_weight=152.445 147.028 128.471 58.1677 70.3029 64.6271 43.8658 32.7463 24.642 53.6127 11.3739 48.0835 38.4061 20.7612 18.5572 28.7258 21.7453 12.4628 9.68026 13.2682 11.0413 11.1195 14.9148
internal_count=675 653 576 265 311 285 196 145 108 246 49 222 176 89 77 133 102 54 43 59 45 51 71
is_linear=0
shrinkage=0.03


Tree=25
num_leaves=24
num_cat=0
split_feature=24 14 25 27 43 58 34 55 46 46 47 13 35 55 35 38 35 46 16 32 47 36 27
split_gain=4.4003 4.66833 4.99611 4.86875 5.65864 7.14106 5.64205 4.90425 4.5437 3.74731 5.75885 3.72258 3.54142 2.56227 5.23517 4.10769 5.01356 3.31178 2.41422 1.89677 1.86055 1.7583 0.604433
threshold=1.5031311740584663 0.99973439168603129 1.0000000180025095e-35 1.2491059032630465 -0.21709305613887528 -1.0000000180025095e-35 1.142436833860117 -1.2303055800143883 0.72077343563989904 -0.76454634519236386 0.23414280886296165 -0.64930338260982878 -0.25200367614900704 -0.69089343554590688 -1.3758402808971681 0.13006522617376057 0.25372279598766545 -0.50680421592790281 0.072454094027990759 -0.17095638790665563 -0.47991412431679686 0.23864963075321902 -0.47107462249958859
decision_type=2 2 2 2 2 2 2 2 2 2 2 2 2 2 2 2 2 2 2 2 2 2 2
left_child=1 2 3 4 7 6 12 -1 11 -9 19 -4 -6 14 -13 -15 -17 -16 -3 -11 -18 -14 -2
right_child=22 18 8 -5 5 -7 -8 9 -10 10 -12 13 21 15 17 16 20 -19 -20 -21 -22 -23 -24
leaf_value=0.014748872438677601 0.025618818799051573 0.024630328168696043 0.0076344026927539022 -0.019934773231218079 0.0038553786883681624 -0.011170016134567437 -0.0061535582705832649 -0.030532556890056874 0.0095824151435419183 -0.002562494349736441 0.015849154986244392 -0.027305983179518236 0.044016709896101021 -0.033645915595504713 -0.0086917802476774945 0.012083557678189978 -0.0018781327641682667 0.022087287947757585 0.0011184859436926381 -0.028489135408358426 -0.028342925478772575 0.01714070922018673 0.0059074038258116381
leaf_weight=7.1369503438472774 4.7102406471967697 7.1532922089099875 5.5103859007358542 6.5457792282104483 5.9700345844030371 7.4291887879371705 5.1772327423095694 5.3227572590112713 7.8715678602457038 5.8655113875865998 6.7395881563425055 4.3532565236091605 7.6779381781816509 12.4370453953743 4.5646823346614829 5.1633164137601879 4.3582506924867621 5.0104411989450446 8.5213900655508024 4.6426191180944398 6.9860391318798056 8.4321539402008039 4.5843182504177076
leaf_count=31 20 29 24 31 26 34 22 24 34 27 29 20 32 60 21 23 20 22 36 21 33 36 20
internal_value=0.000114718 -0.00122889 -0.00321502 0.00200988 0.00473467 0.0127727 0.0197493 -0.00462109 -0.00978879 -0.0115327 -0.00337542 -0.013254 0.0260824 -0.0162413 -0.00445567 -0.0212165 -0.00949627 0.00768254 0.0134117 -0.0166447 -0.0200495 0.0329485 0.0186243
internal_weight=152.164 142.869 127.195 70.9398 64.394 34.6865 27.2574 29.7074 56.255 22.5705 17.2477 48.3834 22.0801 42.873 13.9284 28.9447 16.5076 9.57512 15.6747 10.5081 11.3443 16.1101 9.29456
internal_count=675 635 570 313 282 150 116 132 257 101 77 223 94 199 63 136 76 43 65 48 53 68 40
is_linear=0
shrinkage=0.03


Tree=26
num_leaves=19
num_cat=0
split_feature=42 8 55 29 44 56 27 25 46 61 45 57 38 44 32 31 54 38
split_gain=4.46923 4.75647 3.24088 4.64941 4.59119 4.58577 5.26865 4.6607 5.51109 3.61012 3.5999 3.09165 2.92368 2.91086 2.71742 2.06044 1.52331 0.183456
threshold=1.7150091292817675 -0.82083860249624541 -1.6637357428682762 1.6213609127793955 -0.98959191085770926 1.3308869522655977 1.2491059032630465 1.0000000180025095e-35 0.055806940517916619 425.00000000000006 -0.47379912760903559 1.0000000180025095e-35 0.21183792747092881 0.92542042175772055 -0.42052240246988198 -1.0000000180025095e-35 0.37589438624262994 0.86601953784827501
decision_type=2 2 2 2 2 2 2 2 2 2 2 2 2 2 2 2 2 2
left_child=1 13 -3 4 11 6 7 8 10 -9 -6 -4 -11 14 -1 -7 -10 -8
right_child=-2 2 3 -5 5 15 17 9 16 12 -12 -13 -14 -15 -16 -17 -18 -19
leaf_value=-0.0069177558487220313 0.021976436114894006 -0.022609888603420381 -0.0263680003049621 0.018961565682681161 0.00036898353537901209 0 -0.030591606029384495 0.01011758169702498 0 -0.022298271017177396 0.019891971517441851 0.00041834807218909772 -0.0026682652135647297 0.027992617602093987 0.01828436951996586 0.025124874758117546 -0.023123982457910926 -0.010325585892700013
leaf_weight=8.0498562455177307 6.5040000826120368 5.864125818014144 10.406774565577505 7.3411557376384726 16.275619283318509 4.953265905380249 4.1808165162801725 5.8792995661497107 5.1299726665019971 14.315629094839098 18.052535295486461 5.040400579571723 14.209697708487509 5.6698375195264807 4.8519542813301095 6.4401566684246045 4.5298276394605637 4.2244913876056671
leaf_count=34 27 27 48 32 73 22 20 26 23 68 76 23 65 23 20 27 21 20
internal_value=0.000112453 -0.00103901 -0.00319008 -0.00193441 -0.00356586 -0.000996534 -0.00347832 -0.000778973 0.00553298 -0.00891022 0.0112062 -0.0180102 -0.0133414 0.0124943 0.00306058 0.01565 -0.0128867 -0.0241178
internal_weight=151.919 145.415 126.844 120.98 113.638 98.1913 86.7979 78.3926 43.988 34.4046 34.3282 15.4472 28.5253 18.5716 12.9018 11.3934 9.6598 8.40531
internal_count=675 648 571 544 512 441 392 352 193 159 149 71 133 77 54 49 44 40
is_linear=0
shrinkage=0.03


Tree=27
num_leaves=22
num_cat=0
split_feature=42 2 55 55 43 59 57 39 25 51 19 44 38 44 55 39 44 16 39 30 21
split_gain=4.24714 4.54387 3.10985 4.4357 4.12602 4.12147 6.14361 6.25731 3.68104 4.51502 3.61874 3.46575 6.26989 2.76624 2.67673 3.77622 2.61531 2.22117 2.16162 1.54047 1.36928
threshold=1.7150091292817675 -0.47932707376069106 -1.6637357428682762 -1.2457754433067112 -0.85395027277144508 0.37968072547569637 -0.61812689609597116 -0.12199105071163481 1.0000000180025095e-35 1.0000000180025095e-35 0.66464628574165829 0.92542042175772055 0.45715603136243349 0.92542042175772055 0.049884737556146329 0.13893487684133304 0.3782740410104547 0.91178390566115819 -0.72043844559306447 -0.4684668791992046 1.0000000180025095e-35
decision_type=2 2 2 2 2 2 2 2 2 2 2 2 2 2 2 2 2 2 2 2 2
left_child=1 13 -3 -4 10 6 7 18 14 -10 19 12 17 16 -7 -16 -1 -8 -6 -5 -9
right_child=-2 2 3 4 5 8 11 20 9 -11 -12 -13 -14 -15 15 -17 -18 -19 -20 -21 -22
leaf_value=0.013437952339669967 0.021400272651796705 -0.022211583003252315 0.017265506127313576 -0.0059419631418216479 0.001145668633557619 0.027141941294086144 -0.0085458962828033128 -0.019288664940141618 0.013745972291286157 -0.018646145245588133 0.0026993826666180886 -0.029280664214536355 0.014047357928218623 0.027312630827339278 0.020510575654740858 -0.011077509357271264 -0.011078348188559437 -0.031549924299323885 0.028768581654611401 -0.030924754782778688 0.000302828794673738
leaf_weight=7.6864165961742419 6.5188869535922995 5.8178080767393103 8.431932792067526 4.8285982161760339 4.3508040755987167 8.3350143432617241 19.904700130224231 4.6279406249523145 5.4425231814384443 7.1429579704999924 5.8295627981424323 7.4367213249206534 7.8723625540733329 5.6739422380924216 4.9359344094991666 5.627411961555481 5.2124822437763214 4.4502049237489691 7.7173215895891207 8.4180103838443756 5.4364488124847412
leaf_count=32 27 27 36 22 20 35 92 21 24 34 26 35 35 23 21 25 22 21 33 40 24
internal_value=0.000107115 -0.00101716 -0.00312412 -0.00189453 -0.00359364 -0.000829581 -0.00535407 0.00684536 0.00770881 -0.00424026 -0.0157722 -0.0123085 -0.00708607 0.0122067 0.0156871 0.00390031 0.00299213 -0.0145679 0.0204798 -0.0237557 -0.00952054
internal_weight=151.698 145.179 126.606 120.788 112.357 93.2803 61.7965 22.1325 31.4838 12.5855 19.0762 39.664 32.2273 18.5728 18.8984 10.5633 12.8989 24.3549 12.0681 13.2466 10.0644
internal_count=675 648 571 544 508 420 281 98 139 58 88 183 148 77 81 46 54 113 53 62 45
is_linear=0
shrinkage=0.03


Tree=28
num_leaves=24
num_cat=0
split_feature=4 45 54 12 45 61 54 54 35 14 54 49 42 36 31 40 42 36 40 33 33 39 24
split_gain=4.23992 2.99609 5.3169 4.67617 3.96378 2.99552 2.95368 3.3306 2.74987 3.95286 3.69567 3.50485 3.64669 3.90393 2.91726 3.55651 2.64203 1.93913 1.85462 1.54339 0.839644 0.993736 0.519341
threshold=1.7724501155698249 -0.53143522248591613 0.48723210228321551 -0.1020607954974392 -0.33295863849048218 378.50000000000006 -0.28555786366245478 0.082343334059459442 -1.5444157716093923 -0.84100809397111809 0.74565995056115719 0.14925290439857594 -0.30156542732460456 0.76109284564580537 0.31787608661606187 -0.1696623636910872 -0.30156542732460456 -1.0000000180025095e-35 0.97027795273344986 -0.50139730412590311 1.0055276261294364 -0.45312496763466398 1.0000000180025095e-35
decision_type=2 2 2 2 2 2 2 2 2 2 2 2 2 2 2 2 2 2 2 2 2 2 2
left_child=1 2 3 -1 6 -5 -3 -8 -6 10 -10 12 13 17 22 -16 -13 -11 20 -17 21 -7 -14
right_child=-2 4 -4 5 8 18 7 -9 9 11 -12 16 14 -15 15 19 -18 -19 -20 -21 -22 -23 -24
leaf_value=0.011956877436109556 0.024477402065462686 0.028277129924164465 0.017886405352076015 0.00053343941347172412 -0.01995952236327209 -0.033315403934449192 -0.011421665019107878 0.015949218084570553 0.02523308540437132 0.0046773936582517424 -0.0035736076449173308 -0.0025990172091992073 -0.011974189312926778 0.024412593196297606 0.011957069367980402 -0.018192076185221819 0.025149866897300633 -0.017520609589118118 -0.0017880769355296958 0 -0.0077678213631983892 -0.012486506572596834 -0.031782016569096176
leaf_weight=5.5650256276130667 4.6829414665698996 6.4473387598991421 5.2095077931880942 8.1506619006395322 4.8239920586347571 9.6845405399799365 5.6062963604927045 7.4910849034786224 8.4857911616563779 7.2234719395637521 5.599174737930297 4.7803766578435898 7.3574901521205955 4.8117159008979788 6.7938538044691041 10.155606821179386 4.9394549131393415 4.3262937664985595 5.5241236984729758 6.4520506262779351 5.4660885930061331 7.3940665572881761 4.4863900691270828
leaf_count=25 19 27 22 37 22 48 25 32 36 32 25 21 33 20 29 45 21 20 25 29 26 35 21
internal_value=0.000103575 -0.000873379 -0.00702585 -0.0107826 0.00202618 -0.0147721 0.0136359 0.00385241 -0.000926781 0.000578232 0.0141548 -0.00270792 -0.00594572 0.005196 -0.0112821 -0.00426665 0.0124448 -0.00423587 -0.0192211 -0.0116755 -0.0228651 -0.0263568 -0.0226561
internal_weight=151.457 146.774 46.994 41.7845 99.7804 36.2195 19.5447 13.0974 80.2357 75.4117 14.085 61.3267 51.6069 16.3615 35.2454 23.4015 9.71983 11.5498 28.0688 16.6077 22.5447 17.0786 11.8439
internal_count=675 656 218 196 438 171 84 57 354 332 61 271 229 72 157 103 42 52 134 74 109 83 54
is_linear=0
shrinkage=0.03


Tree=29
num_leaves=25
num_cat=0
split_feature=34 2 25 46 27 39 43 58 55 45 44 32 45 24 18 24 46 35 12 41 32 46 48 48
split_gain=4.05626 4.25041 3.24449 4.8301 4.65647 5.87678 5.05281 6.2482 4.35356 4.70702 2.58214 2.53515 2.48689 3.02031 2.8314 4.40143 4.63859 2.00875 2.60436 1.87876 1.74379 1.77219 1.16451 0.431697
threshold=2.0020981576930241 -0.47932707376069106 1.0000000180025095e-35 0.83786151841469125 1.2491059032630465 1.326523666444553 -0.21709305613887528 -1.0000000180025095e-35 -1.2303055800143883 0.021852328450363837 0.92542042175772055 -0.42052240246988198 0.34027850310330748 -0.78096272142480394 0.17313703283199652 1.0000000180025095e-35 -0.50680421592790281 -0.25200367614900704 0.09814344345935562 -1.0000000180025095e-35 0.31034949732242362 -0.62971507355183309 0.77948458519319641 0.075114726233830392
decision_type=2 2 2 2 2 2 2 2 2 2 2 2 2 2 2 2 2 2 2 2 2 2 2 2
left_child=1 10 4 12 5 6 8 17 -3 23 11 -1 13 -4 -15 16 -16 -8 19 -19 -17 -22 -14 -10
right_child=-2 2 3 -5 -6 -7 7 -9 9 -11 -12 -13 22 14 15 20 -18 18 -20 -21 21 -23 -24 -25
leaf_value=-0.0066933253866969487 0.022592578154603544 0.016062543415176045 -0.021749731320616836 0.01329237862666675 -0.021082407750229758 -0.019553238630491274 0.0055626722684578829 -0.0082021257606000649 -0.0084022855458408454 0.0077172148855640015 0.026493901453818979 0.017652184278715097 -0.032557632052130664 0.016051545039202343 -0.011161018379007338 -0.02500276101188012 0.025575495201614645 0.0148456285735813 0.00480161020183348 0.045602947409905385 0.0067700767659577823 -0.015360464722896738 -0.0082958719259547571 -0.025938998103839071
leaf_weight=8.0259786248207092 5.414477974176406 6.8991376757621792 8.3979975879192299 6.743484988808631 5.9348414391279212 6.8556092083454123 6.7119577378034618 6.7287814915180268 5.5097177028655988 7.5877306163310996 5.6692160367965689 4.853966712951661 5.5548321902751905 4.6178897470235887 4.3618010282516479 7.4056371599435833 5.0728733986616152 6.0587740540504491 4.6558475792407981 6.3778939843177778 4.7192495465278634 5.130249455571172 5.3339632600545883 6.6167815029621124
leaf_count=34 22 30 40 29 29 31 29 31 26 33 23 20 27 20 21 36 22 26 20 26 21 24 25 30
internal_value=0.000102434 -0.000913429 -0.00294243 -0.00815133 0.00132559 0.00393025 0.00727782 0.0153345 -0.00207714 -0.00939496 0.0118878 0.00294861 -0.0114251 -0.00720291 -0.00230196 -0.00637548 0.00884167 0.0223165 0.0275932 0.03426 -0.0150574 -0.00473492 -0.0236005 -0.0202135
internal_weight=151.239 145.824 127.275 57.338 69.9371 64.0022 57.1466 30.5333 26.6134 19.7142 18.5492 12.8799 50.5945 39.7057 31.3077 26.6898 9.43467 23.8045 17.0925 12.4367 17.2551 9.8495 10.8888 12.1265
internal_count=675 653 576 265 311 282 251 132 119 89 77 54 236 184 144 124 43 101 72 52 81 45 52 56
is_linear=0
shrinkage=0.03


Tree=30
num_leaves=24
num_cat=0
split_feature=24 14 25 60 26 46 19 55 61 50 44 30 34 54 55 16 38 30 46 57 36 27 48
split_gain=3.96369 3.92523 4.27707 5.2985 4.53872 3.99212 3.46764 3.02546 2.91993 3.15738 2.70285 3.78201 2.39334 2.85707 2.37854 2.16332 2.00601 2.88115 2.79293 2.33605 2.71392 0.470461 0.0523375
threshold=1.5031311740584663 0.99973439168603129 1.0000000180025095e-35 435.00000000000006 0.17891546548916859 0.72077343563989904 1.0684138572350721 -0.33628801988052653 68.500000000000014 -0.2771615852261104 0.3782740410104547 -0.4684668791992046 0.56932928463817867 1.1551830574252648 -0.16378503036999284 0.072454094027990759 0.45715603136243349 -0.4684668791992046 -0.25363788887283478 -0.61812689609597116 -0.63208906073442461 -0.47107462249958859 0.22824139316533568
decision_type=2 2 2 2 2 2 2 2 2 2 2 2 2 2 2 2 2 2 2 2 2 2 2
left_child=1 2 3 4 10 6 16 -5 -6 14 11 -1 -11 -14 -10 -3 17 19 -18 -4 -21 -2 -9
right_child=21 15 5 7 8 -7 -8 22 9 12 -12 -13 13 -15 -16 -17 18 -19 -20 20 -22 -23 -24
leaf_value=0.015453045930814967 0.024041174937396798 0.022853291809776834 0.0054792368625133899 -0.0010835528212027911 0.0097423140094069858 0.0089265872973282798 0.0038533865956381888 0.012259008417978329 0.014233832689657208 -0.029639866170231018 0.020166642833337599 -0.013798988800406184 0.007708599254742713 -0.020712807369999305 -0.011030800839868574 0.0006502714072073076 0.011194977453120741 -0.028997955906639689 -0.016437952897234532 -0.030886191301774155 0 0.0058113205322685687 0.031098854507115296
leaf_weight=5.6777065098285675 4.7098428159952164 7.1424500048160544 5.4081998318433753 5.131349265575408 4.7860206663608542 7.8993661105632773 8.4632659852504712 4.8885574042797071 4.6630444079637527 9.3553593456745237 8.0051710754632932 7.3861294984817523 4.9040555655956251 4.7578768730163574 5.8315889090299553 8.5139265805482847 4.7001970708370209 14.865867063403131 5.3810332119464857 4.2036556154489508 4.5429528206586829 4.5566397011280042 5.1730142831802368
leaf_count=25 20 29 24 23 21 34 38 21 20 44 35 34 21 21 27 36 21 74 25 20 21 20 21
internal_value=0.000103808 -0.00117798 -0.00301655 0.00181416 -0.00249578 -0.00915327 -0.0124593 0.016693 -0.00916009 -0.012742 0.00797488 -0.00039153 -0.0195934 -0.00665224 7.09022e-05 0.0122415 -0.0161497 -0.0200523 -0.00325518 -0.00839567 -0.0171066 0.0176928 0.0252423
internal_weight=150.947 141.681 126.024 70.5599 55.367 55.4645 47.5652 15.1929 34.2979 29.5119 21.069 13.0638 19.0173 9.66193 10.4946 15.6564 39.1019 29.0207 10.0812 14.1548 8.74661 9.26648 10.0616
internal_count=675 635 570 313 248 257 223 65 154 133 94 59 86 42 47 65 185 139 46 65 41 40 42
is_linear=0
shrinkage=0.03


Tree=31
num_leaves=25
num_cat=0
split_feature=4 60 43 34 31 55 47 36 55 46 28 46 47 40 57 47 37 25 25 19 61 19 44 31
split_gain=3.8271 3.03218 3.35838 5.16976 4.48181 3.81413 3.73452 3.67784 3.63428 3.19299 3.34492 3.76445 3.07609 2.53188 2.51323 2.1808 2.04824 1.85843 2.78482 1.62034 0.882188 0.755815 0.392314 0.067941
threshold=1.7724501155698249 469.00000000000006 0.45009069461905488 0.139498622721725 0.31787608661606187 0.109923203753948 0.91818943119707686 0.23864963075321902 0.68547018907634472 0.61271653563237238 -0.46199069582302743 -0.6127662819584756 -0.23423539553653128 -1.0000000180025095e-35 1.0000000180025095e-35 0.097404351637517955 -0.38879521357824975 1.0000000180025095e-35 -0.46550812838862549 0.66464628574165829 378.50000000000006 -0.95042400023199658 -0.98959191085770926 -0.59827791963431365
decision_type=2 2 2 2 2 2 2 2 2 2 2 2 2 2 2 2 2 2 2 2 2 2 2 2
left_child=1 2 4 14 5 7 13 12 -5 10 15 -12 -1 21 23 -3 -13 18 -14 -16 -7 -6 -19 -4
right_child=-2 9 3 8 6 20 -8 -9 -10 -11 11 16 17 -15 19 -17 -18 22 -20 -21 -22 -23 -24 -25
leaf_value=0.0048884442769587923 0.023318262661782 0.0031643135152228737 0.029911040335857869 0.0060944028182288662 0.0055686991165532808 -0.0079978780879332283 -0.012420822929092783 0.011340483677041076 -0.019999546554460679 0.023726708448140271 0.026418778884681561 0.0090102880628630793 -0.017674130831418885 -0.0019009673540424535 -0.0087131272545026631 -0.021912157670659519 -0.014204159324537126 -0.010223625245591624 0.0096726965352128477 0.012940777886697308 -0.028630327490320042 0.02579790756763016 -0.029881474529349656 0.011549036745593117
leaf_weight=7.3895438313484183 4.6603295952081671 4.47550877928734 4.9148675799369812 7.8307998478412655 4.6274183839559591 5.1093531847000113 7.6977167129516593 7.3884189575910559 8.3630259335041028 6.4363086968660346 5.7843125313520458 6.2152579128742236 5.5659537762403488 7.5623127669096002 4.6380343586206418 5.3307839334011078 4.5795949101448024 5.0032271593809119 4.7654282450676018 4.6490127146244049 10.50677055120468 5.9672548770904541 6.3348849117755881 4.879746153950693
leaf_count=34 19 20 21 34 20 23 35 32 39 27 25 27 26 34 22 24 21 24 21 20 50 25 31 21
internal_value=0.000118836 -0.00081052 -0.00317979 0.00427612 -0.00664782 -0.0116357 0.00326419 -0.00565599 -0.00759533 0.00696752 0.00160783 0.00971305 -0.0105183 0.0106595 0.0144617 -0.0110353 -0.000881575 -0.0160075 -0.00492597 0.00186256 -0.0235228 0.0192449 -0.0238824 0.0240429
internal_weight=150.676 146.016 113.194 35.2755 77.9183 52.0636 25.8547 36.4475 16.1938 32.8218 26.3855 16.5792 29.059 18.157 19.0817 9.80629 10.7949 21.6695 10.3314 9.28705 15.6161 10.5947 11.3381 9.79461
internal_count=675 656 512 157 355 241 114 168 73 144 117 73 136 79 84 44 48 102 47 42 73 45 55 42
is_linear=0
shrinkage=0.03


Tree=32
num_leaves=20
num_cat=0
split_feature=34 39 31 2 50 55 43 48 5 29 45 44 50 36 10 44 39 39 20
split_gain=3.76358 3.91162 5.61865 3.88318 4.0321 3.97126 5.21851 5.7197 5.31705 3.64212 3.60977 3.44263 3.41026 2.69122 3.54657 2.14968 1.45482 1.21137 0.359305
threshold=2.0020981576930241 1.326523666444553 1.335824982449813 -0.47932707376069106 0.13514490519289696 1.083333636585645 0.45009069461905488 -0.18301873701512514 0.59069870613812381 -0.38343596600077168 0.43394786258297396 0.92542042175772055 1.5782176216594228 0.76109284564580537 -1.0000000180025095e-35 0.3782740410104547 1.0000000180025095e-35 1.0000000180025095e-35 -0.50161667746439609
decision_type=2 2 2 2 2 2 2 2 2 2 2 2 2 2 2 2 2 2 2
left_child=1 2 3 11 5 6 8 9 13 -8 -3 15 17 14 -5 -1 -9 -6 -7
right_child=-2 10 -4 4 12 18 7 16 -10 -11 -12 -13 -14 -15 -16 -17 -18 -19 -20
leaf_value=0.011453216115962126 0.021808300076009767 0.0018302178838409818 0.023569252477996648 -0.025116766448071502 0.028267363609047066 -0.030515830828187849 0.010951808644218904 0.034850670862250854 0.018453494740118877 -0.020652876407162905 -0.030392241323258153 0.029398836473219829 -0.0071241363018531966 0.0060807227183347721 -0.0071171679731674492 -0.010936359940574274 0.0080698495221781016 0.004290821877940023 -0.010187668642432795
leaf_weight=7.436383470892908 5.4012131989002219 4.5815300792455655 7.4450700134038916 13.431408897042266 5.4027428925037366 4.1442975103855133 4.7421910613775253 4.7504703998565656 5.0091641247272483 5.3314642161130923 5.8771829903125763 4.9331500381231299 5.2072837650775901 6.8430959135293952 39.960008770227439 5.192379429936409 5.2999415099620819 4.409923255443573 5.0432916432619077
leaf_count=31 22 20 32 64 23 20 21 20 21 25 28 20 25 30 184 22 23 20 24
internal_value=0.000125446 -0.000856028 0.000555807 -0.00100432 -0.00318235 -0.00554032 -0.00323798 0.00952557 -0.00739033 -0.00576534 -0.0173161 0.0114515 0.0104539 -0.0100329 -0.0123172 0.00163921 0.0241297 0.0200201 -0.0229146
internal_weight=150.442 145.041 134.582 127.137 109.575 94.5553 85.3677 20.1241 65.2437 10.0737 10.4587 17.5619 15.0199 60.2345 53.3914 12.6288 10.0504 9.81267 9.18759
internal_count=675 653 605 573 500 432 388 89 299 46 48 73 68 278 248 53 43 43 44
is_linear=0
shrinkage=0.03


Tree=33
num_leaves=26
num_cat=0
split_feature=24 45 38 39 57 45 23 43 54 54 25 47 47 19 36 55 25 45 42 56 40 25 12 33 27
split_gain=3.65179 3.67204 4.73732 4.92258 3.76503 3.47194 2.58579 3.5496 6.0544 3.10237 2.76013 3.20037 4.41311 3.00398 2.46357 2.26278 2.18403 4.82257 3.33267 1.92048 1.85302 1.75071 0.784414 0.570089 0.425371
threshold=1.5031311740584663 -0.54022610680239591 0.53892873265960195 -0.62523090549829152 -0.61812689609597116 -0.33295863849048218 1.0000000180025095e-35 0.45009069461905488 -0.47482928118088985 -1.181199750358483 1.0000000180025095e-35 0.20635951283277382 0.97951085035352337 -0.84948210735864316 -0.39989207633771973 1.205232335559383 1.0000000180025095e-35 -0.47379912760903559 1.0000000180025095e-35 -0.50716663909865467 -0.063714969576335878 0.15303121543484563 -0.20614984620524288 1.0055276261294364 -0.47107462249958859
decision_type=2 2 2 2 2 2 2 2 2 2 2 2 2 2 2 2 2 2 2 2 2 2 2 2 2
left_child=1 2 3 23 -5 16 7 8 9 -7 11 19 13 -13 -10 -4 17 -3 -18 -8 -6 -9 -12 -1 -2
right_child=24 5 15 4 20 6 10 21 14 -11 22 12 -14 -15 -16 -17 18 -19 -20 -21 -22 -23 -24 -25 -26
leaf_value=-0.032093701496057593 0.02310997995630568 0 0.015797281237749847 0.014158998449618609 -0.020328484105647474 0.0017866759265484345 0 0.0033088455209503566 0.027709809529201084 -0.026161565714514359 -0.0040814060685899212 -0.0025904610051255814 -0.0095444073768454849 0.024601432554817729 0 -0.0079592207561013442 0.016525309135233816 0.037891413920028046 -0.014631626066424187 -0.022409478075891245 0.00031412778190651147 0.030418365470869648 -0.02383851557414194 -0.0098226907071322055 0.0055761642884063984
leaf_weight=8.9695862084627098 4.7058216482400894 4.9621458202600479 7.826566129922865 5.8104028999805442 7.7667472958564732 5.3012814819812792 5.9195558577775955 4.7628686726093274 4.7174773663282394 6.8069329112768173 4.4179463535547256 4.5949031263589815 8.8388365060091001 9.1770676225423866 5.0882908105850237 4.3282226026058197 4.8913152217864972 5.3471083045005816 4.4290925860404968 6.1888495683670026 5.7339909076690754 4.6938916146755219 6.2164602130651456 4.1247703284025183 4.5432831794023496
leaf_count=46 20 22 34 26 37 24 26 21 20 31 20 20 39 39 23 20 21 22 20 28 27 20 29 20 20
internal_value=0.000141245 -0.00109324 -0.00809614 -0.0139758 -0.00339234 0.00215849 -0.000719509 0.00565788 -0.000988817 -0.0146361 -0.00529867 -0.000777471 0.00564911 0.0157729 0.0150382 0.00695333 0.0129439 0.0215623 0.00118907 -0.012519 -0.0120065 0.0196345 -0.0176442 -0.02722 0.0170353
internal_weight=150.163 140.914 44.5603 32.4055 19.3111 96.354 76.7244 31.3707 21.914 12.1082 45.3536 34.7192 22.6108 13.772 9.80577 12.1548 19.6297 10.3093 9.32041 12.1084 13.5007 9.45676 10.6344 13.0944 9.2491
internal_count=675 635 210 156 90 425 340 139 98 55 201 152 98 59 43 54 85 44 41 54 64 41 49 66 40
is_linear=0
shrinkage=0.03


Tree=34
num_leaves=24
num_cat=0
split_feature=16 60 45 39 12 43 34 31 45 55 38 55 36 47 53 39 30 55 27 36 18 47 24
split_gain=5.69278 2.59468 6.05714 3.62679 3.13501 2.96416 5.35652 4.56337 3.68248 4.47839 3.63524 2.85075 3.21436 2.88365 2.70683 2.58372 3.29124 2.50869 3.70724 3.97633 1.84929 1.50483 1.40713
threshold=-3.2729970706556846 469.00000000000006 1.1153870564270116 -0.8156459856878373 -0.037459177876280308 0.45009069461905488 0.99915994655463247 0.31787608661606187 -0.54022610680239591 0.68547018907634472 0.53892873265960195 0.109923203753948 0.23864963075321902 -0.23423539553653128 -1.0000000180025095e-35 -0.45312496763466398 -0.4684668791992046 -1.027916077275097 0.56103369295799255 -0.39989207633771973 0.37299175367054621 0.4415553858903406 -0.4002804055109257
decision_type=2 2 2 2 2 2 2 2 2 2 2 2 2 2 2 2 2 2 2 2 2 2 2
left_child=-1 2 5 -3 14 7 8 11 10 -10 -7 12 13 -2 21 -15 -17 -9 19 -19 -6 -5 -13
right_child=1 3 -4 4 20 6 -8 17 9 -11 -12 22 -14 15 -16 16 -18 18 -20 -21 -22 -23 -24
leaf_value=0.031172123880024209 0.0051410173542385243 -0.01436513833808184 -0.027600651917524505 0.036726430844423646 -0.013736840071823374 -0.017218959433786717 -0.018398064004557183 0.020031780222815532 0.031100566819378585 0.0010573321175046746 0.013275664440494361 -0.030454170508183928 0.011101285904794544 -0.026585082118886438 0.0013381413274505436 0.0099335050452771263 -0.019394172810771073 0.0079114102235513465 0.019166820824841724 -0.021707040204500087 0.008664980593587902 0.0098965954098427442 -0.0081365960389360604
leaf_weight=3.6528032124042502 7.3539312183856955 4.840998411178588 6.9337893724441519 5.2727848440408724 4.9668168276548368 5.6117664128541964 5.19852490723133 6.1735359430313137 9.9768326729536074 8.1899631321430189 5.3846738040447235 6.387433186173439 7.389664262533187 8.4631164371967298 6.9308691322803524 5.744428485631941 4.9639741629362177 6.0725150555372274 4.6691144555807105 7.3607731461524946 5.1456416249275208 5.8311285823583603 7.4164573699235898
leaf_count=15 34 23 34 22 22 27 23 26 42 37 24 31 32 42 31 25 24 27 20 33 22 25 34
internal_value=0.000143096 -0.000899687 -0.00309426 0.00626986 0.0105685 -0.00107933 0.00593621 -0.00456216 0.0111574 0.0189752 -0.00200526 -0.00989092 -0.00457619 -0.00951824 0.0176391 -0.0153966 -0.00388264 0.00564577 -0.000111699 -0.00846645 -0.00217433 0.0259676 -0.0208284
internal_weight=149.932 146.279 113.29 32.9882 28.1472 106.357 34.3618 71.9949 29.1632 18.1668 10.9964 47.719 33.9151 26.5255 18.0348 19.1715 10.7084 24.2759 18.1024 13.4333 10.1125 11.1039 13.8039
internal_count=675 660 515 145 122 481 153 328 130 79 51 222 157 125 78 91 49 106 80 60 44 47 65
is_linear=0
shrinkage=0.03


Tree=35
num_leaves=24
num_cat=0
split_feature=34 39 45 60 45 10 43 34 39 33 60 53 12 45 40 37 39 37 33 26 34 20 23
split_gain=3.47912 3.71042 3.89131 3.53866 5.42347 5.39597 3.5738 5.07011 3.42779 5.24304 3.51237 3.44383 3.42602 3.42399 2.97656 2.61295 2.90535 2.55778 2.39815 2.16915 2.76928 2.15425 0.729343
threshold=2.0020981576930241 1.326523666444553 -0.52292875008153583 445.50000000000006 1.1153870564270116 0.3571536304557576 0.45009069461905488 0.22546475510501571 -0.62523090549829152 1.0055276261294364 271.00000000000006 -0.45192052555363554 0.025226003240354459 0.43394786258297396 -0.063714969576335878 0.63603864011584155 -0.24440074511920015 -0.53113324881354018 0.18927662224112723 0.17891546548916859 -0.63419656872789121 -0.76480459607183293 -0.38885786173688436
decision_type=2 2 2 2 2 2 2 2 2 2 2 2 2 2 2 2 2 2 2 2 2 2 2
left_child=1 2 8 4 6 18 12 22 9 -1 -10 -12 15 -3 -14 19 -17 -13 -5 20 -4 -19 -8
right_child=-2 13 3 5 -6 -7 7 -9 10 -11 11 17 14 -15 -16 16 -18 21 -20 -21 -22 -23 -24
leaf_value=-0.027271490204393366 0.021013629757984972 0.0016781002292149199 -0.015219797965187453 0.03200338082080674 -0.024308959613679577 -0.0053853229927940983 0.033872038611224314 -0.0039164382678198387 -0.020321973615993992 0.003738930865155061 0.023055904035760116 0.012843178265495055 0.023513912413804045 -0.02976670357880665 -0.003484214470973353 -0.010671135831951508 0.017265624055160762 -0.022576890394149323 0.0037028940428699246 -0.023425532294780966 0.012342999318091205 0.00041604109649211977 0.011217537548598732
leaf_weight=11.356060311198236 5.385675534605979 4.5887109190225583 5.6577858924865687 9.7286751717329043 5.4832461625337592 7.2806589901447287 5.5678153783082971 7.7274580001831046 4.4705467075109508 6.9130161851644507 5.5870841145515504 5.8988274037838044 6.2030606865882874 5.7829660475254059 5.7564844787120801 4.7089409679174423 5.6342083066701871 4.4788623154163423 4.792088419198989 8.5299697220325452 4.4626167118549436 8.0917657911777336 5.5731765031814584
leaf_count=58 22 20 26 40 27 32 23 35 23 32 24 26 26 28 26 21 24 21 21 39 20 37 24
internal_value=0.000143906 -0.000802202 0.000573345 0.0043415 0.000648396 0.0143926 0.0035725 0.0138747 -0.00623345 -0.0158403 0.000203042 0.00522097 -0.00135526 -0.016895 0.0111331 -0.00699758 0.00429954 -0.00120029 0.0242594 -0.0134142 -0.00252517 -0.0088833 0.0256898
internal_weight=149.66 144.274 133.902 87.1062 65.3048 21.8014 59.8215 18.8684 46.7962 18.2691 28.5271 24.0565 40.9531 10.3717 11.9595 28.9935 10.3431 18.4695 14.5208 18.6504 10.1204 12.5706 11.141
internal_count=675 653 605 384 291 93 264 82 221 90 131 108 182 48 52 130 45 84 61 85 46 58 47
is_linear=0
shrinkage=0.03


Tree=36
num_leaves=25
num_cat=0
split_feature=24 14 25 60 26 46 3 55 61 50 55 35 38 35 46 44 30 55 34 34 24 47 27 55
split_gain=3.40085 3.40362 3.82417 4.49883 4.19873 3.71401 3.29248 2.69391 2.63368 2.99603 2.44485 4.85603 3.7169 4.54025 2.85018 2.31351 3.48618 2.20317 2.1703 2.52674 2.0493 1.88407 0.347868 0.132973
threshold=1.5031311740584663 0.99973439168603129 1.0000000180025095e-35 435.00000000000006 0.17891546548916859 0.72077343563989904 0.23886713650798588 -0.33628801988052653 68.500000000000014 -0.2771615852261104 -0.69089343554590688 -1.3758402808971681 0.13006522617376057 0.25372279598766545 -0.50680421592790281 0.3782740410104547 -0.4684668791992046 -0.16378503036999284 0.56932928463817867 1.142436833860117 -0.4002804055109257 -0.47991412431679686 -0.47107462249958859 0.20503892597675424
decision_type=2 2 2 2 2 2 2 2 2 2 2 2 2 2 2 2 2 2 2 2 2 2 2 2
left_child=1 2 3 4 15 6 10 -5 -6 17 11 -4 -12 -14 -13 16 -1 -10 -11 -20 -3 -15 -2 -9
right_child=22 20 5 7 8 -7 -8 23 9 18 12 14 13 21 -16 -17 -18 -19 19 -21 -22 -23 -24 -25
leaf_value=0.015217277759972461 0.022137305278358468 3.1171579329670089e-05 -0.025800990802681396 -0.0012519361408237337 0.0092365001396643547 0.0088058816065797064 0.0077615112217905942 0.029825968598833817 0.013952358663522449 -0.028621696652281085 -0.031902836008416049 -0.0072407784250581343 0.01191729186695766 -0.00080611808298749945 0.021594854464993232 0.019130552165517973 -0.013000589286475127 -0.010437198718280048 0.0066878127267972131 -0.020124083300003152 0.021586963380167828 -0.027237867597476911 0.0055480708754986601 0.01142591952358293
leaf_weight=5.6560499519109735 4.6926211416721344 8.2922945618629438 4.1604888439178458 5.0800157785415641 4.7805699706077567 7.8563378453254691 5.4341494590044013 4.8702575415372831 4.6474855095148087 9.0945830494165509 11.714438736438753 4.4005856513977042 5.1205921322107342 4.2562799453735343 4.9715504050254813 7.9937561750411978 7.2593933641910562 5.7307999879121727 5.0501567572355253 4.5353929400444031 7.2741263210773459 6.7539186775684348 4.5250196456909162 5.1892331689596176
leaf_count=25 20 35 20 23 21 34 24 20 20 44 60 21 23 20 22 35 34 27 22 20 30 33 20 22
internal_value=0.000142796 -0.00105192 -0.002782 0.00179665 -0.00220333 -0.00863381 -0.0118674 0.0155168 -0.00867519 -0.012127 -0.0147665 -0.00326083 -0.0197013 -0.0085396 0.00837254 0.00788244 0 0.000362226 -0.0188743 -0.00646342 0.0114677 -0.0188214 0.0164696 0.0235676
internal_weight=149.34 140.122 124.556 69.8877 54.7482 54.6683 46.812 15.1395 33.839 29.0584 41.3779 13.5326 27.8452 16.1308 9.37214 20.9092 12.9154 10.3783 18.6801 9.58555 15.5664 11.0102 9.21764 10.0595
internal_count=675 635 570 313 248 257 223 65 154 133 199 63 136 76 43 94 59 47 86 42 65 53 40 42
is_linear=0
shrinkage=0.03


Tree=37
num_leaves=27
num_cat=0
split_feature=16 60 45 33 12 45 54 38 57 24 11 12 54 12 24 24 24 12 34 26 32 10 47 42 46 38
split_gain=5.24494 2.27788 4.86703 4.13094 5.74186 2.88873 5.18371 3.858 2.90627 2.61867 2.42602 4.07018 2.52677 3.02595 4.56423 3.88645 2.70716 2.05053 2.69325 2.30548 1.05292 1.00957 0.803611 0.77066 0.476217 0.191429
threshold=-3.2729970706556846 543.50000000000011 1.1153870564270116 -0.83626951084931178 -0.72689334597801858 -0.53143522248591613 0.48723210228321551 0.86601953784827501 -0.61812689609597116 -1.0000000180025095e-35 0.79022786707597825 -0.74680148659920453 0.22284151846401504 -0.063522336126575499 -0.78096272142480394 -1.0000000180025095e-35 -0.78096272142480394 -0.072737904863892824 0.39739701987159748 0.97826200187210655 0.57774165578302317 0.058580275293088679 0.21847652407721144 0.46665345138258468 -0.39045818794731629 0.39355504146463599
decision_type=2 2 2 2 2 2 2 2 2 2 2 2 2 2 2 2 2 2 2 2 2 2 2 2 2 2
left_child=-1 2 5 -3 -5 6 7 8 24 -6 12 -12 13 16 -15 22 -7 -14 -19 20 -20 -10 -16 -11 -2 -23
right_child=1 3 -4 4 9 10 -8 -9 21 23 11 -13 17 14 15 -17 -18 18 19 -21 -22 25 -24 -25 -26 -27
leaf_value=0.030044436307083477 0.0053860547506490242 0.027632607900605653 -0.024561281374465262 0.025121385682146596 0.0036460252219053307 0.0094545041537301318 0.017992470010857204 0.010835930507725857 -0.0034942744926712761 -0.026450165416134652 -0.0035847147265383053 0.030675159474453581 0.0088252065267415119 -0.0094952119757801788 0.038344841872113754 0 -0.016235727303461806 -0.024245073625069603 -0.00079164849995102681 0.0083598251589414897 -0.01990065584321455 -0.0270450976603346 0.012209125531125069 -0.0051174266630232878 -0.0066899314830760528 -0.0093957217002878131
leaf_weight=3.6163002699613562 4.3574678897857666 5.077029392123225 7.0099387615919104 4.7365801036357906 7.6879432499408802 4.8679804801940918 4.7089606821537009 4.508623167872428 3.7875501066446331 4.223609223961823 4.8468311876058578 5.1299438774585706 5.2920114099979427 5.1093069016933397 5.5127207934856362 5.7561317086219921 7.1045793592929787 6.4985400885343578 5.8069834262132662 7.871553197503089 4.8256373405456543 13.245127588510515 4.6447695195674896 4.4590826630592346 4.2825625538826007 4.0754190981388083
leaf_count=15 20 21 35 20 34 22 20 20 18 20 20 21 23 23 23 26 33 31 26 34 22 68 20 20 20 20
internal_value=0.000153537 -0.000848057 -0.00265547 0.00686405 0.000101093 -0.00092861 -0.00741263 -0.0116809 -0.0156419 -0.00830335 0.00251908 0.0152153 0.00011917 0.00582771 0.0124551 0.020058 -0.0054552 -0.00589119 -0.00955561 -0.00266566 -0.011347 -0.0213041 0.0300171 -0.0184515 -0.000112061 -0.0242909
internal_weight=149.043 145.427 119.243 26.1842 21.1072 112.233 38.9657 34.2568 29.7481 16.3706 73.267 9.97678 63.2902 32.9955 21.0229 15.9136 11.9726 30.2947 25.0027 18.5042 10.6326 21.1081 10.1575 8.68269 8.64003 17.3205
internal_count=675 660 545 115 94 510 186 166 146 74 324 41 283 147 92 69 55 136 113 82 48 106 43 40 40 88
is_linear=0
shrinkage=0.03


Tree=38
num_leaves=18
num_cat=0
split_feature=16 55 55 43 50 11 32 27 28 45 55 27 54 20 58 33 47
split_gain=5.03858 2.43404 4.19348 3.04363 3.50749 3.21039 3.50855 4.22893 4.8178 4.77708 3.79175 3.02992 2.41774 1.451 0.864514 0.261955 0.15383
threshold=-3.2729970706556846 -1.6637357428682762 -1.2897399488452739 -1.0359094775236077 1.0000000180025095e-35 -0.8714925141718729 1.076873684909476 1.2491059032630465 -0.89231781589737647 0.88100211400111517 1.7372075645575664 1.0000000180025095e-35 0.74565995056115719 0.55113499696535106 -1.0000000180025095e-35 -0.25024314908334655 0.056103097565402195
decision_type=2 2 2 2 2 2 2 2 2 2 2 2 2 2 2 2 2
left_child=-1 -2 -3 4 14 12 7 8 16 11 -9 -10 -5 -8 15 -4 -7
right_child=1 2 3 5 -6 6 13 10 9 -11 -12 -13 -14 -15 -16 -17 -18
leaf_value=0.029510417591986308 -0.017029113682115786 0.018891926172687437 -0.010032787008761432 0.026030403965183035 0.007589069105714016 -0.0058478469070569888 -0.027347299690933285 -0.024936155587637846 -0.00010153899678892378 -0.01887536748952881 0.0060203278470883741 0.013282111022011798 0 -0.0033902579776114617 -0.004264683121872611 -0.029156912742096759 -0.020847663529897538
leaf_weight=3.5986974984407416 6.3917588442564002 8.4364575892686826 4.6824081838130951 5.8663791418075544 5.0193182080984107 4.1396574527025205 4.4316576123237592 8.2210541218519193 22.036115631461143 4.6699711829423896 4.4289958477020255 41.975582852959633 4.9140213876962662 5.5685754865407944 4.6308480948209771 5.5394155383110046 4.1678428649902344
leaf_count=15 30 36 22 25 23 20 21 39 99 22 20 187 22 25 22 27 20
internal_value=0.000162129 -0.000819191 5.90453e-05 -0.00131601 -0.011695 0.000629968 -0.00108201 0.000842062 0.0036114 0.00636345 -0.0141845 0.00868635 0.0151412 -0.0167109 -0.0186771 -0.0233133 -0.0160225
internal_weight=148.719 145.12 138.728 130.292 19.872 110.42 99.6395 89.6392 76.9892 68.6817 12.65 64.0117 10.7804 10.0002 14.8527 10.2218 8.3075
internal_count=675 660 630 594 94 500 453 407 348 308 59 286 47 46 71 49 40
is_linear=0
shrinkage=0.03


Tree=39
num_leaves=27
num_cat=0
split_feature=16 60 45 33 12 43 33 34 51 45 61 60 42 40 46 45 37 38 24 25 34 38 47 42 38 61
split_gain=4.8545 2.18052 4.62432 3.8753 5.50879 2.86723 4.26922 4.22102 4.56194 3.91095 3.66608 3.30961 4.34186 3.0208 3.78707 2.67532 2.93826 2.54455 2.50008 2.27374 1.38979 1.33381 1.30613 0.731627 0.549934 0.423694
threshold=-3.2729970706556846 543.50000000000011 1.1153870564270116 -0.83626951084931178 -0.72689334597801858 0.45009069461905488 -0.25024314908334655 -0.54823043634460034 0.33290378872523918 -0.54022610680239591 435.00000000000006 425.00000000000006 -0.30156542732460456 -1.0000000180025095e-35 -0.51538165345102627 -0.34764774796430892 -0.53113324881354018 0.70247413525393843 -1.0000000180025095e-35 1.4376898526066706 0.31143088748830661 0.13006522617376057 0.19917455637542747 0.46665345138258468 -0.68766178679792211 425.00000000000006
decision_type=2 2 2 2 2 2 2 2 2 2 2 2 2 2 2 2 2 2 2 2 2 2 2 2 2 2
left_child=-1 2 5 -3 -5 7 15 19 11 -8 25 22 -13 14 -14 -7 -17 -11 -6 21 -15 24 -9 -20 -2 -10
right_child=1 3 -4 4 18 6 9 8 10 17 -12 12 13 20 -16 16 -18 -19 23 -21 -22 -23 -24 -25 -26 -27
leaf_value=0.02899339439388331 -0.0099369692416274823 0.026812303548386041 -0.02407906262183045 0.02461556216861981 0.0035228007217951562 0.008961689582346102 -0.00086387326881909711 -0.019644045627892067 0.0038748839050416336 0.036001207822026399 -0.031979892796553971 0.026868071724012788 -3.7079617193812038e-05 -0.0199485212823662 0.029128719289651096 -0.026457698438648963 0.002009881089572172 0.0051663763491913411 -0.025952749017014037 0.00020858671815997685 0.00025106677227848746 -0.0049752121495196281 0.00053968311347042772 -0.0050186103386116107 -0.033148624898662452 -0.0071713232382632653
leaf_weight=3.5800153613090506 4.0996968001127243 5.0860439091920879 6.9193680435419074 4.7444614768028286 7.6909442692995151 6.2363149970769909 7.8030295968055752 4.0326364487409574 4.8619875609874708 6.4662390500307065 4.5856165289878836 8.1042516678571612 10.041299968957892 4.1312491446733599 4.7460059821605709 5.3922026753425607 5.1455017477273914 5.0173215121030807 4.1705676466226507 5.6273574680089942 5.4141550362110138 5.2511684596538535 4.7294561266899109 4.4454439282417297 5.9830749928951281 4.2669647186994553
leaf_count=15 20 21 35 20 34 28 36 20 22 27 22 35 45 20 20 25 23 22 20 26 24 24 21 20 30 20
internal_value=0.000129984 -0.000831305 -0.00260439 0.0067181 0.000136759 -0.000923172 0.00582429 -0.00425828 0.000111944 0.0150303 -0.0138895 0.00523752 0.00969323 0.00251275 0.0107759 -0.00479723 -0.0135404 0.0251445 -0.00812193 -0.0152173 -0.00946993 -0.0207489 -0.00967848 -0.0180906 -0.0267378 -0.00100714
internal_weight=148.572 144.992 118.855 26.1375 21.0514 111.936 36.0606 75.8749 54.9136 19.2866 13.7146 41.1991 32.437 24.3327 14.7873 16.774 10.5377 11.4836 16.307 20.9613 9.5454 15.3339 8.76209 8.61601 10.0828 9.12895
internal_count=675 660 545 115 94 510 161 349 249 85 64 185 144 109 65 76 48 49 74 100 44 74 41 40 50 42
is_linear=0
shrinkage=0.03


Tree=40
num_leaves=24
num_cat=0
split_feature=24 14 25 60 26 19 3 55 61 50 57 36 61 39 55 44 30 34 54 24 60 39 55
split_gain=3.10525 3.08937 3.50293 4.0187 3.89484 2.59861 2.69305 2.55525 2.43607 2.88473 2.2083 2.22814 3.07108 2.63323 2.06735 2.04956 3.31377 1.99144 2.60568 1.88432 1.0414 0.760545 0.107225
threshold=1.5031311740584663 0.99973439168603129 1.0000000180025095e-35 435.00000000000006 0.17891546548916859 1.0684138572350721 -0.51731184047224266 -0.33628801988052653 68.500000000000014 -0.2771615852261104 1.2098496860060248 0.23864963075321902 403.00000000000006 -0.24440074511920015 -0.16378503036999284 0.3782740410104547 -0.4684668791992046 0.56932928463817867 1.1551830574252648 -0.4002804055109257 606.50000000000011 -0.72043844559306447 0.20503892597675424
decision_type=2 2 2 2 2 2 2 2 2 2 2 2 2 2 2 2 2 2 2 2 2 2 2
left_child=1 2 3 4 15 6 -4 -5 -6 14 11 12 -8 -13 -10 16 -1 -11 -19 -3 21 -14 -9
right_child=-2 19 5 7 8 -7 10 22 9 17 -12 13 20 -15 -16 -17 -18 18 -20 -21 -22 -23 -24
leaf_value=0.014961543451037241 0.015765937922560445 0 0.008693106782056946 -0.0015853236751278332 0.0088270512751785681 0.0056270535989625149 0.0059717780235582557 0.028461226748485412 0.013680993316392593 -0.027884333437930103 -0.030735842044795795 0.013319334713252006 -0.032074691027631594 -0.012325995361251622 -0.0099939665559053911 0.018169977420720587 -0.012621199919154887 0.0072715120268261064 -0.019973654492633608 0.02064073600790808 -0.0033779662625611552 -0.01315354093878152 0.010897174827852813
leaf_weight=5.6453271806240082 9.1600242108106595 8.2572021186351758 4.1665460914373389 5.0623988211154929 4.7807223945856085 8.5832844078540784 4.2249874025583294 4.8762649744749051 4.6368008702993393 8.8981759846210569 4.9999593347311011 5.9623365998268127 6.0846206098794964 5.4187348335981351 5.6629818230867333 8.0162789374589902 7.1815714985132235 4.8767565041780454 4.675904169678688 7.2402340173721305 4.5112649798393241 10.166835039854051 5.1799691766500473
leaf_count=25 40 35 18 23 21 39 19 20 20 44 26 27 32 26 27 35 34 21 21 30 21 49 22
internal_value=0.000121423 -0.00102326 -0.00268187 0.00170422 -0.00209179 -0.00831596 -0.0111674 0.0146742 -0.00836741 -0.0117208 -0.0135418 -0.00989572 -0.0146805 0.000629844 0.000539919 0.0076195 0 -0.0183919 -0.00642259 0.0109225 -0.0192717 -0.0226874 0.022522
internal_weight=148.269 139.109 123.612 69.4932 54.3745 54.1186 45.5353 15.1186 33.5313 28.7506 41.3687 36.3688 24.9877 11.3811 10.2998 20.8432 12.8269 18.4508 9.55266 15.4974 20.7627 16.2515 10.0562
internal_count=675 635 570 313 248 257 218 65 154 133 200 174 121 53 47 94 59 86 42 65 102 81 42
is_linear=0
shrinkage=0.03


Tree=41
num_leaves=21
num_cat=0
split_feature=16 55 55 43 56 55 55 16 39 51 42 47 46 41 25 39 25 54 24 47
split_gain=4.59708 2.32372 3.91399 2.81305 3.75606 4.56153 4.51584 3.19547 3.46745 4.31006 3.13003 2.86791 2.78582 2.30948 2.2358 2.84999 2.40022 2.00189 1.43543 0.076127
threshold=-3.2729970706556846 -1.6637357428682762 -1.2897399488452739 -1.0359094775236077 1.0000000180025095e-35 1.1434190523874148 -0.48678208860112454 -0.20405962452283286 0.46965580559159653 1.0000000180025095e-35 1.2348723300897742 -0.18578364670914474 0.27503141171538575 -0.2625455921577371 -1.0000000180025095e-35 -1.1012686059721559 -0.46550812838862549 0.044167038176936943 -0.4002804055109257 0.32481589017267226
decision_type=2 2 2 2 2 2 2 2 2 2 2 2 2 2 2 2 2 2 2 2
left_child=-1 -2 -3 12 5 6 11 -6 9 -9 14 -5 18 -7 16 -16 -8 -11 -4 -13
right_child=1 2 3 4 7 13 10 8 -10 17 -12 19 -14 -15 15 -17 -18 -19 -20 -21
leaf_value=0.028292217968291965 -0.016702320038116773 0.018224273554438418 -0.030300957162853581 0.0045173242100061337 0.025843403631673902 -0.001574695860929625 0.0044545460849608025 0.029469129821459134 -0.012077347054108201 -0.0098474171127648832 -0.013748143564512001 -0.027197532129531465 0.0033276269048054946 -0.0291290012771169 0.018929274583959065 -0.0050876129964997482 0.024458214634759806 0.011717683839550724 -0.00761484065760083 -0.010144797098371775
leaf_weight=3.5513258129358283 6.3408943116664878 8.4518196135759336 4.8858452886343011 4.3016504198312768 6.4518882036209133 5.1557743549346924 14.715018630027764 5.4238805621862474 7.3748273253440848 6.9768633097410184 5.8499351143836966 5.1345118135213745 6.6605819761753073 6.5613036602735502 4.2242265939712551 18.356964573264136 9.0734131634235382 5.635142907500267 8.1155603229999542 4.75652876496315
leaf_count=15 30 36 26 20 28 23 66 23 34 33 26 26 30 31 19 86 39 24 38 22
internal_value=0.000122827 -0.000812288 4.59176e-05 -0.00128821 0.00057949 -0.00291204 0.000197529 0.00906681 0.00338113 0.0104512 0.00441404 -0.0138731 -0.0113204 -0.0190132 0.0071897 5.52674e-05 0.0133198 0 -0.0188063 -0.0219395
internal_weight=147.998 144.447 138.106 129.654 109.992 78.1293 66.4122 31.8626 25.4107 18.0359 52.2196 14.1927 19.662 11.7171 46.3696 22.5812 23.7884 12.612 13.0014 9.89104
internal_count=675 660 630 594 500 358 304 142 114 80 236 68 94 54 210 105 105 57 64 48
is_linear=0
shrinkage=0.03


Tree=42
num_leaves=18
num_cat=0
split_feature=16 55 55 43 11 14 38 57 14 28 55 42 57 39 45 55 41
split_gain=4.42442 2.22222 3.71019 2.69312 2.97066 3.35011 3.19376 3.46201 2.84832 2.84434 3.51326 5.52171 2.71801 2.54727 5.02715 3.83052 1.64218
threshold=-3.2729970706556846 -1.6637357428682762 -1.2897399488452739 -1.0359094775236077 -0.8714925141718729 -0.11551547726266553 0.1300652261737604 1.0000000180025095e-35 -0.022767541331486611 -0.89231781589737647 1.1606175767388649 -0.55763838689366763 1.0000000180025095e-35 -0.12199105071163481 -0.7756338163080404 0.59782033144288882 0.82949307327951793
decision_type=2 2 2 2 2 2 2 2 2 2 2 2 2 2 2 2 2
left_child=-1 -2 -3 8 16 6 -6 -8 12 -7 13 -12 -4 14 -11 -15 -5
right_child=1 2 3 4 5 9 7 -9 -10 10 11 -13 -14 15 -16 -17 -18
leaf_value=0.027812359381196482 -0.016375426616337941 0.017714232783416804 -0.024987951269176505 0.023127403419297803 -0.024736536167625608 -0.014854488795141811 0.013833837289230549 -0.01622692782955076 0.0060418604332038474 -0.00072647682720459799 0.013244737689090793 -0.022008863063687538 0.0014491172385211006 -0.0063842119057696163 0.022562095485978855 0.017245463783456101 0
leaf_weight=3.5304165780544272 6.3039572536945334 8.4771109670400602 10.275889322161676 6.1048135757446271 7.9894576519727734 6.9345868825912467 5.6383646279573423 5.1479594111442566 5.1327066123485556 13.982599437236781 4.9307206422090522 9.1451462805271131 4.1685052514076224 21.069984033703815 17.272014990448952 6.9986667037010184 4.655778095126152
leaf_count=15 30 36 51 26 38 34 25 25 23 66 21 43 20 95 75 31 21
internal_value=0.000117685 -0.000798351 3.90955e-05 -0.00126223 0.000562818 -0.00108844 -0.0120272 -0.000254346 -0.0111005 0.00156848 0.00346661 -0.00918821 -0.0175636 0.00672046 0.012404 0 0.0145334
internal_weight=147.759 144.228 137.924 129.447 109.87 99.1095 18.7758 10.7863 19.5771 80.3337 73.3991 14.0759 14.4444 59.3233 31.2546 28.0687 10.7606
internal_count=675 660 630 594 500 453 88 50 94 365 331 64 71 267 141 126 47
is_linear=0
shrinkage=0.03


Tree=43
num_leaves=21
num_cat=0
split_feature=16 55 29 44 55 56 25 58 32 39 46 46 39 46 32 46 20 40 33 46
split_gain=4.25748 2.12692 3.55587 3.60202 2.65895 3.48868 2.59228 3.44135 8.19628 5.09524 2.80087 3.33411 3.01333 2.25512 1.94777 2.32931 1.86476 1.74462 1.14758 0.640499
threshold=-3.2729970706556846 -1.6637357428682762 1.6213609127793955 -0.98959191085770926 1.083333636585645 1.0000000180025095e-35 -1.0000000180025095e-35 1.0000000180025095e-35 0.31034949732242362 1.0000000180025095e-35 0.055806940517916619 0.40319239369648968 -0.59391263573027386 0.38622692773047962 1.076873684909476 -0.32354267423454625 -1.0279925146792697 1.5174493046172279 0.18927662224112723 -0.0057508790636187739
decision_type=2 2 2 2 2 2 2 2 2 2 2 2 2 2 2 2 2 2 2 2
left_child=-1 -2 3 13 6 17 10 8 16 19 12 -12 -5 -3 15 -14 -8 -6 -10 -9
right_child=1 2 -4 4 5 -7 7 9 18 -11 11 -13 14 -15 -16 -17 -18 -19 -20 -21
leaf_value=0.027346503059577983 -0.016055217939292748 -0.020873700120262899 0.017837431199771353 -0.0069172449521524007 -0.024426842078621853 0.0081392900119843115 -0.001931816864042148 0.0059923842977011544 0.018860259915943908 -0.01282124590602109 -0.022048246170718877 0.006316469359261636 0.010558832491635188 0.0019954464231963904 -0.001376191064913842 0.031176214502125085 -0.027498897793896582 -0.00065471183383443703 0.00027407465321211896 0.026001086773461527
leaf_weight=3.5087226927280417 6.2672705203294745 10.859921500086783 7.9658093601465216 5.6833683997392574 8.4168437272310275 5.8530173152685157 4.1181826740503338 4.3721988052129737 4.5754287093877775 5.3041449338197699 4.3728163689374915 8.4995475113391858 20.804923415184014 4.6433439105749121 4.9262149780988684 7.5417032837867835 11.915689080953607 4.7189445942640296 7.3264975994825363 5.8485030829906455
leaf_count=15 30 54 35 27 41 27 19 21 20 25 21 38 90 21 21 32 59 20 34 25
internal_value=0.000118837 -0.000778353 3.90937e-05 -0.00119897 0.000659335 -0.0091006 0.00277714 -0.00248543 -0.00872294 0.00816571 0.00724834 -0.00419718 0.011194 -0.0140996 0.0146251 0.0175363 -0.0220014 -0.0172392 0.00917803 0.019816
internal_weight=147.523 144.014 137.747 129.781 114.278 18.9888 95.2892 43.4606 27.9358 15.5248 51.8286 12.8724 38.9562 15.5033 33.2728 28.3466 16.0339 13.1358 11.9019 10.2207
internal_count=675 660 630 595 520 88 432 203 132 71 229 59 170 75 143 122 78 61 54 46
is_linear=0
shrinkage=0.03


Tree=44
num_leaves=21
num_cat=0
split_feature=16 60 45 33 12 39 39 51 60 43 55 55 27 55 20 45 19 33 41 39
split_gain=4.09773 2.04712 5.1197 3.04774 3.81605 2.70892 4.65588 3.5896 3.61587 3.12635 3.10466 2.52212 3.32498 2.49558 2.41233 2.32097 2.23386 1.22894 1.12496 0.886438
threshold=-3.2729970706556846 469.00000000000006 1.1153870564270116 -0.83626951084931178 -0.040938839991876044 -1.3868912262564745 -0.72043844559306447 0.33290378872523918 256.50000000000006 1.0000000180025095e-35 1.083333636585645 -0.15457666429107603 -1.2021513459487083 0.2414834488953371 -0.76480459607183293 0.35244093102474577 0.66464628574165829 0.18927662224112723 0.49348117622190091 -0.12199105071163481
decision_type=2 2 2 2 2 2 2 2 2 2 2 2 2 2 2 2 2 2 2 2
left_child=-1 2 5 -3 -5 -2 16 8 18 19 11 12 -10 -11 -6 -13 -7 -16 -8 -9
right_child=1 3 -4 4 14 6 7 9 10 13 -12 15 -14 -15 17 -17 -18 -19 -20 -21
leaf_value=0.026893908932592164 0.013952337282689877 0.023680047335880288 -0.025788433563047435 0.016179818906590877 0.0067643198110431211 -0.024586116531685874 -0.020551344040032213 -0.0043315593629652243 0.018186569850082917 0.015778755835445194 -0.0090728967572955635 0.022563758950454451 -0.0051483231030076976 -0.010882683715869975 -0.020899752851536609 0 -0.002133698244514886 -0.00083446121045769965 0 -0.025715918164232871
leaf_weight=3.4863198250532141 8.4497278183698636 5.2822238802909842 6.5709689557552329 8.5044409185647982 6.526496201753619 9.5970724225044268 4.2386138290166837 4.0718701928853989 6.7945028692483858 4.815136566758154 6.9139224737882605 16.872660845518123 14.439299717545508 4.7093858122825623 7.0695443749427778 4.7961488664150229 7.6985872983932486 5.1945409029722214 4.4253151565790176 6.7980424761772174
leaf_count=15 38 22 34 37 29 51 21 20 29 21 33 73 65 22 33 21 34 24 21 32
internal_value=0.000120347 -0.000758591 -0.00273561 0.00563659 0.000884741 -0.000887119 -0.00244663 0.000665602 0.00451737 -0.009658 0.00773087 0.010789 0.00276187 0.00236475 -0.00642633 0.017708 -0.0158792 -0.013854 -0.0117836 -0.019687
internal_weight=147.255 143.769 111.191 32.5772 27.295 104.62 96.1706 78.8749 58.4805 20.3944 49.8165 42.9026 21.2338 9.52452 18.7906 21.6688 17.2957 12.2641 8.66393 10.8699
internal_count=675 660 515 145 123 481 443 358 263 95 221 188 94 43 86 94 85 57 42 52
is_linear=0
shrinkage=0.03


Tree=45
num_leaves=18
num_cat=0
split_feature=16 55 55 12 32 12 15 24 11 57 25 44 16 47 45 47 46
split_gain=3.94881 2.06525 3.49283 2.37142 4.31904 3.15606 3.65737 8.59653 3.95792 3.46931 4.12165 4.0702 3.16974 2.90283 4.26102 2.33656 1.32978
threshold=-3.2729970706556846 -1.6637357428682762 -1.2897399488452739 -1.1054773391287476 -0.17095638790665563 -0.77270070066342511 -0.64930338260982878 -0.4002804055109257 -0.78773268924800421 -0.61812689609597116 -0.89372767411256715 -0.48804106183938256 -0.85400385269806145 0.34617223543325787 0.29193805948253354 -0.36728583349300359 1.2504618611141114
decision_type=2 2 2 2 2 2 2 2 2 2 2 2 2 2 2 2 2
left_child=-1 -2 -3 4 -4 16 7 -7 12 10 -10 -12 -8 15 -15 -11 -5
right_child=1 2 3 5 -6 6 8 -9 9 13 11 -13 -14 14 -16 -17 -18
leaf_value=0.026453886714458318 -0.015843200980366449 0.017195759040907237 0.028350286431736663 -0.0031907471343682057 -0.0079681601355772527 -0.010412834449554388 -0.0063447347046707396 0.029478782902773438 -0.01905972102527034 -0.0029316515348440796 -0.013017199220125043 0.014955627092126719 0.021836566625490755 0.013832578222261485 -0.018200019883618836 -0.019125332632245546 -0.025433168929838015
leaf_weight=3.4632795304059973 6.2315049916505805 8.4812264293432218 4.8944103866815567 5.4592567235231382 4.1456827670335752 7.6375043541193035 4.4988252967596054 9.0486063659191114 4.6324174553155926 13.532009810209262 4.6898955404758516 17.788538917899121 7.8876137584447843 8.4971656650304777 4.4273045361042014 26.039282724261302 5.6522451788187027
leaf_count=15 30 36 21 26 20 34 20 38 22 64 23 79 34 37 21 130 25
internal_value=0.000107956 -0.000753332 5.20551e-05 -0.00121544 0.0123621 -0.00242975 -0.000713357 0.011537 -0.003149 -0.00568809 0.00276171 0.00841994 0.0115892 -0.0101185 0.00169223 -0.0140431 -0.0166601
internal_weight=147.007 143.543 137.312 128.831 9.04009 119.791 108.679 16.6861 91.9931 79.6066 27.1109 22.4784 12.3864 52.4958 12.9245 39.5713 11.1115
internal_count=675 660 630 594 41 553 502 72 430 376 124 102 54 252 58 194 51
is_linear=0
shrinkage=0.03


Tree=46
num_leaves=23
num_cat=0
split_feature=16 60 24 43 33 33 23 10 40 39 25 12 47 25 12 57 26 54 53 39 51 34
split_gain=3.80471 1.93865 3.65163 3.10642 4.39797 3.52411 3.04307 2.78658 3.0731 3.55299 2.15054 2.13942 3.47997 2.31464 2.12364 2.44217 2.11884 3.0923 2.32702 1.72293 1.61789 0.842994
threshold=-3.2729970706556846 543.50000000000011 0.64659596325223967 0.45009069461905488 0.75437347108687958 0.50321931604432302 -0.73976569151281557 -0.73160564637195613 -1.0000000180025095e-35 -0.24440074511920015 1.4376898526066706 0.063331262797563251 0.67710302872910577 -0.46550812838862549 0.0118593288406491 -0.61812689609597116 0.17891546548916859 0.68776766536745793 -1.0000000180025095e-35 -0.12199105071163481 1.0000000180025095e-35 -0.54823043634460034
decision_type=2 2 2 2 2 2 2 2 2 2 2 2 2 2 2 2 2 2 2 2 2 2
left_child=-1 3 14 5 16 6 21 -8 11 -10 19 12 13 -9 15 -3 18 -18 -5 -7 -11 -2
right_child=1 2 -4 4 -6 10 7 8 9 20 -12 -13 -14 -15 -16 -17 17 -19 -20 -21 -22 -23
leaf_value=0.026025797459949252 -0.024951217618515462 0.00055548203143947509 -0.011583390778088492 0.016544027741880206 0.023494685156911877 -0.028157342493469479 -0.016699796228588071 0 0.011771498327419232 0 -0.00057718480296880322 0.023802209066826487 -0.01252375766852914 0.022357424327540384 -0.0010000940966455531 0.027424758103016651 -0.023052034328673639 0.0026856545785789534 -0.0045133676930165789 -0.003092866320302342 -0.022337011840727335 -0.0051346415967568702
leaf_weight=3.4396691024303427 3.9364449381828308 5.1478364616632488 6.0723357349634162 8.0779074728488904 7.0893151313066474 9.9995995908975601 5.1145940274000159 7.3581437468528748 5.5146780461072948 4.3866414129734057 6.731712043285369 6.3855058699846259 5.9568554013967505 7.4631913304328936 6.2414371222257605 8.4612917602062243 5.873830869793891 8.3231518864631635 7.6803477257490185 4.3878871351480493 6.9759897589683533 6.1290003657340986
leaf_count=15 20 23 28 36 30 52 24 34 25 20 32 27 28 33 28 36 28 37 36 21 33 29
internal_value=0.00010109 -0.000742865 0.00639696 -0.00243089 0.00454606 -0.00574561 -0.00173683 0.00136917 0.00408025 -0.00545696 -0.0158609 0.0101907 0.00441734 0.012119 0.0126056 0.0187224 -0.000654178 -0.00876603 0.00643303 -0.0219046 -0.0146827 -0.0156343
internal_weight=146.747 143.308 25.9229 117.385 37.0446 80.3402 59.221 49.1556 44.041 16.8773 21.1192 27.1637 20.7782 14.8213 19.8506 13.6091 29.9552 14.197 15.7583 14.3875 11.3626 10.0654
internal_count=675 660 115 545 167 378 273 224 200 78 105 122 95 67 87 59 137 65 72 73 53 49
is_linear=0
shrinkage=0.03


Tree=47
num_leaves=21
num_cat=0
split_feature=16 55 55 43 50 34 16 31 24 30 24 61 41 4 49 21 45 57 30 40
split_gain=3.66726 1.98228 3.29981 2.39117 3.10636 2.96788 5.07308 5.251 4.44674 3.75462 2.62784 2.92327 2.4156 1.48015 1.54403 1.37422 1.30817 1.1904 1.12665 1.11957
threshold=-3.2729970706556846 -1.6637357428682762 -1.2897399488452739 -1.0359094775236077 1.0000000180025095e-35 0.74126154940476019 -0.21299197581324411 0.31787608661606187 1.0000000180025095e-35 0.33461919942800339 -0.4002804055109257 378.50000000000006 1.4175138931303473 -0.33362391818972154 -0.26153490587273387 -1.0000000180025095e-35 -0.25181602398805575 -1.0000000180025095e-35 0.20077151965680198 -0.26085758900505013
decision_type=2 2 2 2 2 2 2 2 2 2 2 2 2 2 2 2 2 2 2 2
left_child=-1 -2 -3 4 17 6 18 8 10 16 11 -8 15 -10 -15 -7 -9 -4 -5 -12
right_child=1 2 3 5 -6 12 7 9 13 -11 19 -13 -14 14 -16 -17 -18 -19 -20 -21
leaf_value=0.025609043564351425 -0.015558930830556502 0.016704755362911862 -0.023168428532971266 0.028441615527642319 0.0075727146043254451 -0.024787966239760501 0.012317394723834139 0.01095031764750551 0 0.028195097465083033 0 -0.0084867395513165255 0.0041790652235947322 -0.00070975646089452033 -0.023875083656384449 -0.0040529610661041056 -0.0084257428972456128 -0.0029615935790117624 0.0059925731231586692 0.018883867118723897
leaf_weight=3.4155518710613242 6.190464347600936 8.4938622266054136 9.19607774913311 6.0808505713939649 4.9461400061845771 6.7064526379108438 6.5693402439355806 4.4469328969717035 4.3034328967332867 7.3898013681173316 4.3849288672208786 22.289461880922318 6.6153399199247351 4.0006559193134317 11.92222303152084 6.7657598257064828 5.0585229992866525 5.1128805726766595 5.2101480960845947 7.3970202207565361
leaf_count=15 30 36 46 26 23 32 29 20 20 32 21 105 29 19 59 30 23 25 23 32
internal_value=9.22207e-05 -0.000734777 5.36246e-05 -0.0011819 -0.0105314 0.000533775 0.0029603 3.05473e-06 -0.00407694 0.0141618 0.00159169 -0.00317871 -0.00940392 -0.0150666 -0.0189613 -0.0162249 0.000350769 -0.0172937 0.0204693 0.0127675
internal_weight=146.496 143.08 136.89 128.396 19.2551 109.141 89.0533 77.7623 60.8671 16.8953 40.6408 28.8588 20.0876 20.2263 15.9229 13.4722 9.50546 14.309 11.291 11.7819
internal_count=675 660 630 594 94 500 409 360 285 75 187 134 91 98 78 62 43 71 49 53
is_linear=0
shrinkage=0.03


Tree=48
num_leaves=20
num_cat=0
split_feature=16 55 29 44 59 55 38 42 45 16 61 57 46 45 60 45 42 23 55
split_gain=3.53011 1.90001 3.22729 3.23428 2.6151 3.606 3.24817 2.72723 2.6354 2.79778 2.16455 3.64338 2.09806 1.99697 1.98757 2.08389 1.65642 1.60554 0.0138981
threshold=-3.2729970706556846 -1.6637357428682762 1.6213609127793955 -0.98959191085770926 0.37968072547569637 1.1434190523874148 0.86601953784827501 -0.30156542732460456 -0.52292875008153583 0.29645976706121829 403.00000000000006 1.0000000180025095e-35 0.38622692773047962 0.31848136277064704 637.50000000000011 -0.76845606401208422 0.1465622519212558 -0.38885786173688436 -0.078388713045550382
decision_type=2 2 2 2 2 2 2 2 2 2 2 2 2 2 2 2 2 2 2
left_child=-1 -2 3 12 5 6 10 -7 17 16 11 -5 18 -11 15 -12 -10 -6 -3
right_child=1 2 -4 4 8 7 -8 -9 9 13 14 -13 -14 -15 -16 -17 -18 -19 -20
leaf_value=0.025203069641004175 -0.015255123265866569 -0.023545183220810569 0.017032651522619832 0.020645036111804429 -0.016447115841885813 0 0.018163016190911464 -0.027695228430345817 0.0053431446266165028 0.01025960507013631 -0.018983816045107311 -0.0097645457622468415 0.0020237598220486132 -0.013392281788745146 0.010568049297358915 -0.0031144921718845148 0.026493389228911982 0.0052583100560759212 -0.0082673378602226705
leaf_weight=3.3909874260425559 6.1547536253929129 6.6744540184736243 7.9490177631378165 7.2176845371723157 4.4576600939035416 5.1596554815769196 6.6906593292951575 6.5146843641996366 7.3040159940719667 5.3545802831649763 8.9597760587930519 4.4961417466402054 4.6146419644355765 4.5063067823648453 4.9758269637823096 33.701181158423438 9.5201283842325193 4.6394992321729642 3.9473946690559378
leaf_count=15 30 34 35 31 23 23 29 32 32 23 46 21 21 21 22 155 41 21 20
internal_value=0.000103904 -0.000706108 6.40889e-05 -0.00112172 0.000635178 -0.00240031 0.000361719 -0.0167426 0.00722023 0.0118818 -0.0019447 0.00873534 -0.0134514 -0.00036202 -0.00487951 -0.00711489 0.0188277 -0.00563386 -0.0200881
internal_weight=146.229 142.838 136.683 128.734 113.498 77.7156 66.0413 11.6743 35.7822 26.685 59.3506 11.7138 15.2365 9.86089 47.6368 42.661 16.8241 9.09716 10.6218
internal_count=675 660 630 595 520 359 304 55 161 117 275 52 75 44 223 201 73 44 54
is_linear=0
shrinkage=0.03


Tree=49
num_leaves=22
num_cat=0
split_feature=16 55 55 43 56 55 35 42 50 23 16 25 28 26 2 29 40 56 47 57 54
split_gain=3.40225 1.81794 3.10687 2.23206 3.22755 3.77744 4.18975 2.99184 2.92481 2.72911 2.7201 2.68719 3.11543 2.89821 2.49691 4.85745 2.09964 1.98389 1.91322 1.14755 0.550382
threshold=-3.2729970706556846 -1.6637357428682762 -1.2897399488452739 -1.0359094775236077 1.0000000180025095e-35 1.1434190523874148 -0.25200367614900704 1.2348723300897742 1.0000000180025095e-35 -0.38885786173688436 -0.20405962452283286 -1.0000000180025095e-35 0.15959292206214318 0.17891546548916859 -0.38421921378884988 1.0000000180025095e-35 1.5174493046172279 1.3308869522655977 0.61634638345946557 -1.0000000180025095e-35 -0.94291611945320253
decision_type=2 2 2 2 2 2 2 2 2 2 2 2 2 2 2 2 2 2 2 2 2
left_child=-1 -2 -3 8 5 6 9 11 19 20 -6 13 -13 -8 -12 17 -7 -16 -11 -4 -5
right_child=1 2 3 4 10 16 7 -9 -10 18 14 12 -14 -15 15 -17 -18 -19 -20 -21 -22
leaf_value=0.024807356179377502 -0.014957331389510229 0.01620610434422097 -0.022633320940722002 -0.0047982546512638276 0.023888601097943149 -0.026781435700597385 0.02783215433975407 -0.013440410229711047 0.0073070269159694516 -0.026772473504271772 0.019995244773473621 -0.0090653111629174377 0.012737687460332273 0.0037295434092580754 -0.021100191822622523 0.01498947542504226 -0.00020028007531446728 0.0010802204034854762 -0.0011600868979995791 -0.0027659755258586144 0.0079616546104531241
leaf_weight=3.3660317659378043 6.1193770170211783 8.5054053664207441 9.0781963169574738 3.9945355653762817 6.443802252411845 6.6991053670644742 8.4108238667249626 5.0691272169351569 4.9530244916677466 7.7032247036695392 4.6325745284557369 11.770273104310052 9.0796983838081342 10.434520632028578 7.6843405365943926 7.9027986526489249 4.6910444498062134 4.961782306432724 4.5826191157102585 5.0894314944744119 4.80656746029854
leaf_count=15 30 36 46 20 28 34 36 23 23 38 20 56 41 47 37 35 20 22 21 25 22
internal_value=0.000101823 -0.000691799 5.9922e-05 -0.00114204 0.000512959 -0.00274197 7.30043e-05 0.0053285 -0.0102079 -0.0104309 0.00840809 0.00827307 0.000378602 0.0160405 0.00310156 -0.00153605 -0.0175967 -0.0127817 -0.01882 -0.0168274 0.00173249
internal_weight=145.978 142.612 136.493 127.987 108.867 77.2415 65.8514 44.7644 19.1207 21.0869 31.6253 39.6953 20.85 18.8453 25.1815 20.5489 11.3901 12.6461 12.2858 14.1676 8.8011
internal_count=675 660 630 594 500 358 304 203 94 101 142 180 97 83 114 94 54 59 59 71 42
is_linear=0
shrinkage=0.03


Tree=50
num_leaves=25
num_cat=0
split_feature=16 60 45 24 45 54 38 57 45 42 36 51 39 40 12 52 12 57 19 45 44 10 55 38
split_gain=3.27914 1.81775 4.22222 3.4944 2.44059 4.56794 3.33026 2.67128 2.18958 4.58829 2.18323 2.67259 2.79185 3.80105 2.61892 2.20224 1.96805 2.27653 1.77086 1.73098 1.37129 0.987273 0.453166 0.151534
threshold=-3.2729970706556846 543.50000000000011 1.1153870564270116 0.64659596325223967 -0.53143522248591613 0.48723210228321551 0.86601953784827501 -0.61812689609597116 -0.22672806995435446 1.0000000180025095e-35 1.1867873170397651 0.33290378872523918 -0.24440074511920015 -0.1696623636910872 -0.82425710075329672 0.47477682449885433 0.0118593288406491 -0.61812689609597116 0.66464628574165829 0.4532937512999381 1.0000000180025095e-35 0.058580275293088679 -0.012777553898745376 0.39355504146463599
decision_type=2 2 2 2 2 2 2 2 2 2 2 2 2 2 2 2 2 2 2 2 2 2 2 2
left_child=-1 2 4 16 5 6 7 22 9 -6 11 12 14 18 -10 -15 17 -3 -14 -13 -11 -9 -2 -23
right_child=1 3 -4 -5 8 -7 -8 21 10 20 -12 19 13 15 -16 -17 -18 -19 -20 -21 -22 23 -24 -25
leaf_value=0.024421420001685727 0.0055810299210859527 0.00056445161654236587 -0.023165077866109111 -0.011409680056146752 0.026276509246457695 0.017070166541921929 0.010098163466919509 -0.002713093824102019 0.0020374080319470588 -0.011942112518756261 0.014727189356295118 -0.021738055786656343 0.0027376184977111009 -0.013082587206715608 -0.02571279536616114 0.0084444943409561629 -0.00080650037482774071 0.026603358608556612 0.028738638471513644 0 0.0064632505005852636 -0.025888189659616968 -0.00632661790395326 -0.0089250573005591645
leaf_weight=3.3407374173402777 4.3298677206039429 5.1270617544651058 6.6614419668912879 6.0143349170684806 7.9168549776077297 4.6743779778480521 4.4321188479661933 3.6614098250865963 5.4972555488348007 4.8863631635904294 5.6014273017644873 7.718481317162512 4.8386472910642571 7.7921133041381925 4.1246642619371361 6.2545210719108582 6.210442289710044 8.4557232260704058 5.746326744556427 4.8844439089298248 6.7599692940711975 12.616779252886774 4.1528343409299868 3.996934011578559
leaf_count=15 20 23 35 28 34 20 20 18 25 23 24 36 22 36 20 28 28 36 24 22 30 68 20 20
internal_value=0.000101866 -0.000675847 -0.00231997 0.00624888 -0.000707497 -0.00676875 -0.0108921 -0.0146656 0.00247062 0.0106613 -0.000684224 -0.00305033 0.00126284 0.00671679 -0.0111824 -0.0032214 0.0123221 0.0182059 0.0191645 -0.014086 -0.00128404 -0.0202305 0 -0.0232155
internal_weight=145.695 142.354 116.547 25.8076 109.885 37.8643 33.1899 28.7578 72.0211 19.5632 52.4579 46.8565 34.2535 24.6316 9.62192 14.0466 19.7932 13.5828 10.585 12.6029 11.6463 20.2751 8.4827 16.6137
internal_count=675 660 545 115 510 186 166 146 324 87 237 213 155 110 45 64 87 59 46 58 53 106 40 88
is_linear=0
shrinkage=0.03


Tree=51
num_leaves=18
num_cat=0
split_feature=34 39 31 2 50 55 55 0 37 37 50 19 2 17 29 39 20
split_gain=2.66552 3.12902 4.38824 2.77087 3.33749 3.32652 3.1904 3.72636 2.77774 4.63154 2.62796 2.56162 2.35855 3.57173 1.60266 1.04921 0.424537
threshold=2.0020981576930241 1.326523666444553 1.335824982449813 -0.47932707376069106 0.13514490519289696 1.083333636585645 -1.5615893589047418 -0.57463664928421754 -0.53113324881354018 1.0000000180025095e-35 1.5782176216594228 0.56370439286830487 -0.2870437916437078 -0.078771925200086759 -1.0000000180025095e-35 1.0000000180025095e-35 -0.50161667746439609
decision_type=2 2 2 2 2 2 2 2 2 2 2 2 2 2 2 2 2
left_child=1 2 3 8 5 6 -5 -8 -1 -10 15 -3 14 -14 -9 -6 -7
right_child=-2 11 -4 4 10 16 7 12 9 -11 -12 -13 13 -15 -16 -17 -18
leaf_value=0.022000894238874288 0.018667773050903815 0 0.020962816916199781 -0.023012681740813459 0.025698342821534301 -0.02892411586602461 0.021133936714578385 -0.0022869213464725012 -0.019257578622636308 0.016837411125817128 -0.0059933924615862685 -0.027686433554645996 -0.0030678262700374794 0.018422479250757004 -0.024462655199171533 0.0034249831939328576 -0.0086826415554291519
leaf_weight=7.3212639093399074 5.1740123629569998 4.7574940919876081 7.3642060458660117 5.0271768718957892 5.3828253746032697 3.8939671367406845 4.7501752525568 6.8356945514678955 4.8042345046997053 4.9697035551071167 4.9988169819116584 5.2277125120162964 53.827549129724488 6.4515389502048697 5.4526445716619403 4.3299917429685593 4.811100021004675
leaf_count=31 22 21 32 25 23 20 20 32 21 21 25 27 255 29 27 20 24
internal_value=0.000106297 -0.000726687 0.000546586 -0.000867038 -0.00275426 -0.00496296 -0.00282079 -0.00101882 0.0097662 -0.000573999 0.0097396 -0.015757 -0.00294855 -0.000279192 -0.0141528 0.0180904 -0.0212456
internal_weight=145.38 140.206 130.221 122.857 105.761 91.0498 82.3448 77.3176 17.0952 9.77394 14.7116 9.98521 72.5674 60.2791 12.2883 9.71282 8.70507
internal_count=675 653 605 573 500 432 388 363 73 42 68 48 343 284 59 43 44
is_linear=0
shrinkage=0.03


Tree=52
num_leaves=20
num_cat=0
split_feature=16 55 42 59 36 60 43 50 24 46 46 42 39 33 28 28 39 46 37
split_gain=3.10097 1.67937 4.37394 2.81799 2.41663 2.3081 2.60043 3.04968 2.59712 2.70434 6.34354 4.53473 3.95716 2.53061 2.44542 2.46762 1.53782 2.36113 0.979357
threshold=-3.2729970706556846 1.1606175767388649 -0.55763838689366763 0.37968072547569637 1.1867873170397651 606.50000000000011 0.45009069461905488 0.34129815040240069 1.5031311740584663 -0.46642083231388592 -0.2802728646322809 -1.1338025459240593 0.60597569254547601 0.75437347108687958 -0.46199069582302743 0.15959292206214318 0.60597569254547601 -0.34033975061660243 -0.13258675015472687
decision_type=2 2 2 2 2 2 2 2 2 2 2 2 2 2 2 2 2 2 2
left_child=-1 4 -3 -4 5 6 7 8 9 12 -11 -12 18 14 -8 -16 17 -7 -2
right_child=1 2 3 -5 -6 16 13 -9 -10 10 11 -13 -14 -15 15 -17 -18 -19 -20
leaf_value=0.023860638626433287 -0.031433112858085921 0.011187917336391632 -0.028681057866928209 0 0.017304325393265697 0 -0.014555390331303089 0.010940378514288794 0.012201183671154959 0.01846567744474898 0.011808892994269666 -0.01588621798691937 0.0015401391057511514 0.022213521187712106 0.016367478618580695 -0.005997261121863902 -0.0011962275127932202 0.026993534811252939 -0.013632677843795576
leaf_weight=3.2976514399051657 7.3566090166568801 5.0755012929439571 7.2358197420835477 4.3366727083921432 5.80619291961193 4.9187285155057916 5.3282053619623246 7.9843275099992743 4.2835035324096671 8.0113085061311669 5.4625867158174506 21.625292509794242 8.3634303063154203 4.9372129291295996 8.5557675510644895 6.3656169772148123 6.7038547098636618 5.4782209545373926 14.005799472332001
leaf_count=15 38 22 36 21 25 23 25 37 19 36 25 106 37 21 38 29 29 23 70
internal_value=0.00010228 -0.000652163 -0.00920114 -0.0188601 0.000532848 -0.000437821 -0.00222352 -0.0049849 -0.00710311 -0.00871625 -0.00266455 -0.00976473 -0.0151985 0.00580892 0.000277164 0.00678478 0.0092379 0.0157726 -0.0216852
internal_weight=145.132 141.835 16.648 11.5725 125.187 119.38 102.28 77.0929 69.1085 64.825 35.0992 27.0879 29.7258 25.1868 20.2496 14.9214 17.1008 10.3969 21.3624
internal_count=675 660 79 57 581 556 481 368 331 312 167 131 145 113 92 67 75 46 108
is_linear=0
shrinkage=0.03


Tree=53
num_leaves=25
num_cat=0
split_feature=16 55 42 59 36 25 10 10 26 59 54 3 55 38 61 19 44 32 38 29 46 25 19 19
split_gain=2.98554 1.60355 4.18969 2.72549 2.29347 2.2831 5.08242 4.83346 3.14878 3.91989 3.48604 3.03217 3.60444 6.90831 2.2664 2.48927 2.24143 1.95592 3.1909 3.99728 3.11617 1.68731 0.865143 0.134409
threshold=-3.2729970706556846 1.1606175767388649 -0.55763838689366763 0.37968072547569637 1.1867873170397651 1.0000000180025095e-35 -0.73160564637195613 -0.98162508753234012 0.17891546548916859 1.0009764580722904 0.31482306316096215 -0.091961165920864077 0.33353919756510342 -0.44234368290641729 378.50000000000006 -0.95042400023199658 0.3782740410104547 0.31034949732242362 0.13006522617376057 1.170281615053858 -0.62971507355183309 -0.46550812838862549 -0.95042400023199658 -0.74854021448528973
decision_type=2 2 2 2 2 2 2 2 2 2 2 2 2 2 2 2 2 2 2 2 2 2 2 2
left_child=-1 4 -3 -4 5 6 -2 -7 16 10 23 17 13 -13 -12 -16 21 18 19 -9 -19 -8 -23 -10
right_child=1 2 3 -5 -6 7 8 11 9 -11 14 12 -14 -15 15 -17 -18 20 -20 -21 -22 22 -24 -25
leaf_value=0.023497443452448082 -0.021329289952082092 0.010916266800367249 -0.028237627409078429 0 0.016860473585125203 0.022209224309913289 -0.0054232800921578317 -0.034632449162891772 -0.0082850029453243549 0.021437463059326686 -0.011767197700288933 0.018311140407818428 0.019502612762199306 -0.022418258923912922 -0.0022413953089190871 0.019277579146386045 0.027441640618019007 0.011081409247654278 -0.00092123387612085591 0 -0.016524760860144708 0.020884908726305267 0.0022578113290169311 -0.023982476000767493
leaf_weight=3.2717421799898139 5.2071432322263709 5.0829629302024868 7.1537663489580137 4.3366727083921432 5.8195493817329398 3.8740989863872519 5.3719639629125604 10.059373781085016 5.1670673042535782 5.1564903855323783 5.4475609064102199 4.6632523238658914 5.5672836303710929 8.0075729489326477 8.6942018568515795 7.7217683941125861 6.972097933292388 6.1310935467481613 7.5530130863189688 3.9011287987232199 5.5188350081443769 4.8968804031610489 5.3536907881498337 3.9137696474790591
leaf_count=15 25 22 36 21 25 16 26 55 25 22 24 21 24 38 39 34 29 28 37 19 28 22 24 20
internal_value=0.000121604 -0.000617369 -0.00899091 -0.0185027 0.000538891 -0.000408048 0.00336425 -0.00484844 0.00613151 0.000340333 -0.00381889 -0.00757308 0.00190208 -0.0066536 0.00261822 0.00831237 0.0145382 -0.0128138 -0.0179351 -0.0257695 -0.00193319 0.00652964 0.013197 -0.0180583
internal_weight=144.843 141.571 16.5734 11.4904 124.998 119.178 63.9026 55.2757 58.6955 36.1009 30.9444 51.4016 18.2381 12.6708 21.8635 16.416 22.5946 33.1634 21.5135 13.9605 11.6499 15.6225 10.2506 9.08084
internal_count=675 660 79 57 581 556 290 266 265 164 142 250 83 59 97 73 101 167 111 74 56 72 46 45
is_linear=0
shrinkage=0.03


Tree=54
num_leaves=22
num_cat=0
split_feature=16 60 39 39 46 46 28 39 60 49 16 34 41 23 49 26 2 38 39 46 13
split_gain=2.87745 1.57359 3.07174 2.69543 2.8866 4.1709 5.6448 2.64336 3.73493 2.42939 3.9703 3.35006 4.94891 4.14993 3.18294 2.55488 2.1591 1.9876 1.72828 0.838707 0.815183
threshold=-3.2729970706556846 469.00000000000006 -1.3868912262564745 -0.8156459856878373 0.61271653563237238 0.066129777806770693 -0.46199069582302743 -0.72043844559306447 256.50000000000006 1.0000000180025095e-35 -0.022235643211920734 -0.54823043634460034 -0.2625455921577371 -0.38885786173688436 0.14925290439857594 0.71181315641112719 -0.16505762341895511 -0.11525287771774416 -0.24440074511920015 -0.6127662819584756 -0.44576589115374127
decision_type=2 2 2 2 2 2 2 2 2 2 2 2 2 2 2 2 2 2 2 2 2
left_child=-1 2 -2 -3 5 6 -5 16 17 11 -11 -10 18 -14 -12 -15 20 -9 -13 -8 -4
right_child=1 3 7 4 -6 -7 19 8 9 10 14 12 13 15 -16 -17 -18 -19 -20 -21 -22
leaf_value=0.023142545576517397 0.013582412213764345 -0.013067876035267238 -0.0062613553034782075 -0.011780660449056114 0.025392189613787357 -0.014450049131287833 0.032300347682306614 -0.0012806213392358443 -0.015741771114666413 -0.024370391108992435 -0.0097591143348645278 0.0057322592350821837 0.021471092359212084 -0.01277595757596979 0.015911344873829916 0.0058448893122962859 0.0020764354331340024 -0.024235672539066361 0.028977059494399559 0.0093730715483470554 -0.026017664242278683
leaf_weight=3.2456566691398612 8.3283211290836316 4.5961107015609732 5.0970647782087335 4.9305805414915111 5.7101928591728202 6.7775100022554389 4.7760524749755877 6.7417207062244415 4.6286877244710842 6.1739771962165859 7.8953727930784208 6.3202094584703437 5.1364842951297716 14.38709366321566 6.4978975802659988 9.6960330754518491 4.5367836356163016 7.3579665124416334 8.653108522295943 5.4112020134925842 7.5705829113721856
leaf_count=15 38 23 23 23 24 31 20 33 22 30 38 29 23 67 29 43 21 39 37 24 43
internal_value=0.000129723 -0.000594796 -0.00235648 0.00503092 0.00876856 0.00282667 0.0115383 -0.00391351 -0.00151981 0.00135517 -0.00686316 0.00503795 0.00779101 0.000161438 0.00186033 -0.00514141 -0.0141553 -0.0148229 0.0209451 0.0234014 -0.0199964
internal_weight=144.469 141.223 109.021 32.2016 27.6055 21.8953 15.1178 100.693 83.4886 69.3889 20.5672 48.8216 44.1929 29.2196 14.3933 24.0831 17.2044 14.0997 14.9733 10.1873 12.6676
internal_count=675 660 515 145 122 98 67 477 390 318 97 221 199 133 67 110 87 72 66 44 66
is_linear=0
shrinkage=0.03


Tree=55
num_leaves=24
num_cat=0
split_feature=16 42 14 46 37 20 40 37 25 61 25 58 46 26 13 12 0 40 14 58 59 46 47
split_gain=2.77514 1.54243 2.01306 3.12378 3.12292 3.41616 4.3553 4.71984 2.81204 2.77194 2.19432 3.38911 4.20985 3.4257 2.01127 2.75556 3.78076 2.10085 2.28503 1.44816 1.01803 0.886499 0.0870035
threshold=-3.2729970706556846 1.7150091292817675 -0.11551547726266553 -0.94759711220882947 0.63603864011584155 -1.0279925146792697 -0.063714969576335878 -0.53113324881354018 -1.0000000180025095e-35 435.00000000000006 1.0570502564076116 1.2071485869131782 -0.48201779705412889 -0.62043107089376892 0.36424653532383161 0.036214953684202349 -0.61241076582300136 0.27871416076923067 -0.90483846132371737 -1.0000000180025095e-35 0.37968072547569637 -0.71422633136408797 0.07050825963792115
decision_type=2 2 2 2 2 2 2 2 2 2 2 2 2 2 2 2 2 2 2 2 2 2 2
left_child=-1 2 14 8 5 6 -5 -8 -4 22 11 12 21 -14 20 17 -17 18 -16 -12 -2 -7 -6
right_child=1 -3 3 4 9 10 7 -9 -10 -11 19 -13 13 -15 15 16 -18 -19 -20 -21 -22 -23 -24
leaf_value=0.022795588043746456 -0.023215888091748065 0.013965443506562012 0 0.032070265656571888 0.011268994189531093 -0.0042786344285976564 0.018003885924507922 -0.018324812328343116 -0.026518883563001545 -0.002614914850341377 -0.0012103258771174537 -0.023007763963615441 -0.015467356212514802 0.0088394684991795671 -2.1612501617980005e-05 -0.011014572725829801 0.019880474638791695 0.0061048564969292734 -0.026470191613407967 0.019173634353440754 -0.0020218647702771554 -0.024452720395159361 0.029547608269490315
leaf_weight=3.219433680176734 6.8781013637781125 4.7183198034763327 7.5576161593198776 4.8229893594980249 4.9409495145082456 5.00344268232584 5.0450116395950309 4.8322448283433816 5.0087748765945417 4.485750012099742 5.2290357947349548 6.9995919317007056 4.9788750261068264 24.282583475112943 5.4450582265853855 4.4131830185651779 7.4605961143970472 4.0097873806953421 6.3402541577816054 4.4455575644969922 3.9834900200366974 5.3933653533458585 4.6557128429412842
leaf_count=15 36 20 35 21 22 25 22 24 27 21 24 34 24 110 25 20 32 19 32 20 19 28 20
internal_value=0.000131329 -0.00057891 -0.00127292 0.000981362 0.00315186 0.000388532 0.0126281 0 -0.0120618 0.0153261 -0.00294639 -0.00573636 -0.0018148 0.00395603 -0.00696042 -0.00209254 0.00800146 -0.0100634 -0.0160842 0.00893577 -0.0171169 -0.0170119 0.0234728
internal_weight=144.15 140.93 136.212 97.6815 85.1151 71.0327 14.7002 9.87726 12.5664 14.0824 56.3325 46.6579 39.6583 29.2615 38.5305 27.6689 11.8738 15.7951 11.7853 9.67459 10.8616 10.3968 9.59666
internal_count=675 660 640 457 395 332 67 46 62 63 265 221 187 134 183 128 52 76 57 44 55 53 42
is_linear=0
shrinkage=0.03


Tree=56
num_leaves=24
num_cat=0
split_feature=16 45 54 12 45 34 61 54 54 28 12 12 50 16 54 24 46 12 47 54 30 50 5
split_gain=2.67907 1.5781 3.90526 3.6693 3.38548 2.43091 3.22091 2.08973 2.54228 2.04616 2.19609 3.30368 2.64076 3.18089 2.05938 2.76871 1.92358 1.75795 1.48184 1.31908 1.08822 0.940703 0.171123
threshold=-3.2729970706556846 -0.53143522248591613 0.48723210228321551 -0.1020607954974392 -0.33295863849048218 -1.0640272306443446 378.50000000000006 -0.28555786366245478 0.082343334059459442 -0.89231781589737647 -1.1054773391287476 -0.74680148659920453 -0.2771615852261104 0.43679046045617875 0.89743439835076855 -0.4002804055109257 1.2504618611141114 -0.0053186510602519855 -1.0000000180025095e-35 1.4271320290670744 -0.4684668791992046 -0.2771615852261104 -0.13090541784230994
decision_type=2 2 2 2 2 2 2 2 2 2 2 2 2 2 2 2 2 2 2 2 2 2 2
left_child=-1 2 3 -2 7 -5 -7 -3 -9 17 -11 16 13 22 15 -14 -12 21 -17 -16 -8 -6 -13
right_child=1 4 -4 5 9 6 20 8 -10 10 11 12 14 -15 19 18 -18 -19 -20 -21 -22 -23 -24
leaf_value=0.022456235848970066 0.011629805306081868 0.024836100523368324 0.016102038912983094 0.0011812918168472312 -0.026508797830337324 0.00039636326217414486 -0.0055250799257735251 -0.0099862025830328785 0.014429235052449052 0.01436437028515148 -0.0001357389172735275 0.0093336048809145051 -0.01283367995282275 -0.0047958955789155541 -0.021743741951113216 0.019982990261301667 -0.024936355714559308 0.0029961410021633484 0.00064926168314378171 0 -0.026681522982790282 -0.0049472489700839442 0.026800869766116019
leaf_weight=3.1931095272302619 5.3337260335683814 6.3511036038398769 5.1261590123176566 8.0235447436571103 4.3441413193941107 6.6611508429050472 4.512413531541827 5.2449492812156659 7.1937698721885681 8.0606247335672361 5.4590093195438367 4.7077841162681571 5.4578763693571046 5.4055744707584372 5.0220572948455793 5.6160611659288362 5.7116000652313232 4.3404050916433325 8.7398268282413678 4.7535616904497147 14.346165060997008 5.1130666732788077 5.1501172482967297
leaf_count=15 25 27 22 38 21 32 24 25 32 37 27 21 25 26 23 24 26 20 41 21 77 24 22
internal_value=0.000123117 -0.000573185 -0.00521644 -0.00866977 0.00152663 -0.0124285 -0.0167575 0.0124732 0.00373693 -0.00122455 0.00102056 -0.00111955 0.00251064 0.0121127 -0.00259497 0.00279413 -0.0147409 -0.0111219 0.00976599 -0.0129686 -0.0226941 -0.0176722 0.0213217
internal_weight=143.868 140.675 44.0032 38.877 96.6715 33.5433 25.5197 18.7898 12.4387 77.8817 64.0841 56.0235 44.8529 15.2635 29.5894 19.8138 11.1706 13.7976 14.3559 9.77562 18.8586 9.45721 9.8579
internal_count=675 660 218 196 442 171 133 84 57 358 293 256 203 69 134 90 53 65 65 44 101 45 43
is_linear=0
shrinkage=0.03


Tree=57
num_leaves=19
num_cat=0
split_feature=16 55 55 43 34 16 54 24 4 27 58 35 41 57 41 20 12 48
split_gain=2.58373 1.54961 2.91269 1.98828 2.89522 4.46407 3.43771 5.77557 3.76668 3.512 2.72953 2.66112 2.45582 2.17993 2.11741 1.5553 0.809545 0.78617
threshold=-3.2729970706556846 -1.6637357428682762 -1.2897399488452739 -1.0359094775236077 0.74126154940476019 -0.21299197581324411 0.48723210228321551 1.0000000180025095e-35 -0.46734290446016907 1.2491059032630465 1.0000000180025095e-35 -1.0000000180025095e-35 -0.85056641200856642 -1.0000000180025095e-35 1.4175138931303473 -0.76480459607183293 -0.13948601832438665 0.32865545131769797
decision_type=2 2 2 2 2 2 2 2 2 2 2 2 2 2 2 2 2 2
left_child=-1 -2 -3 10 5 16 7 8 -7 -10 13 -8 -9 -4 17 -14 -5 -6
right_child=1 2 3 4 14 6 11 12 9 -11 -12 -13 15 -15 -16 -17 -18 -19
leaf_value=0.022124174746040701 -0.013885868774303442 0.015819346037671111 -0.024376945849193938 0.0061605436345668774 -0.022433081452778121 -0.014130511370243076 -0.0032128649008309443 0.0019330398197080552 0.011246422918101358 -0.013434463107831944 0.0058081626634466348 0.02241574717513899 -0.0056753697043070064 0 0.0034095363275146733 -0.028161693941160408 0.026395923439813923 -0.0051157777995737459
leaf_weight=3.1667179465293875 5.9451452046632758 8.4364816248416883 8.7166088074445724 5.0944398790597916 6.793661907315256 7.4066366404294888 4.6770935505628595 4.6913049817085293 31.394501142203815 4.6459717303514472 5.7362638860940924 8.3266757428646052 5.9999105036258706 4.2404104322195062 6.5677581876516333 9.2616799622774089 6.0613337457180005 6.4429828822612762
leaf_count=15 30 36 45 23 32 35 21 23 144 23 28 37 29 21 29 48 26 30
internal_value=0.000128656 -0.000553609 0.000138269 -0.00103785 0.000526517 0.00294745 0.000132016 -0.00274486 0.00332663 0.00749531 -0.00969152 0.0134052 -0.0155533 -0.0168591 -0.00934922 -0.0209784 0.0194547 -0.0157897
internal_weight=143.606 140.439 134.494 126.057 107.364 87.5595 76.4038 63.4 43.4471 36.0405 18.6933 13.0038 19.9529 12.957 19.8044 15.2616 11.1558 13.2366
internal_count=675 660 630 594 500 409 360 302 202 167 94 58 100 66 91 77 49 62
is_linear=0
shrinkage=0.03


Tree=58
num_leaves=22
num_cat=0
split_feature=42 55 29 44 59 29 14 53 39 57 38 19 59 47 40 39 9 7 45 42 38
split_gain=2.15197 2.70533 3.58865 3.33954 2.20044 2.78806 2.6681 3.46396 2.93838 3.28409 2.75831 2.53069 2.16166 1.38207 1.36337 1.97048 1.3192 1.31329 1.34492 0.863903 0.0744467
threshold=1.7150091292817675 -1.6637357428682762 1.6213609127793955 -0.98959191085770926 0.37968072547569637 1.0000000180025095e-35 0.99973439168603129 0.86151910737942805 1.0000000180025095e-35 -0.61812689609597116 0.1300652261737604 0.96747196436171856 -1.0000000180025095e-35 -0.59347273281942259 0.55368158254920996 0.60597569254547601 -1.8923150841165206 -0.067486474254706039 -0.29939614446583968 0.1465622519212558 -0.85120718939225859
decision_type=2 2 2 2 2 2 2 2 2 2 2 2 2 2 2 2 2 2 2 2 2
left_child=1 -1 3 12 6 11 7 8 9 13 -11 17 -3 -5 15 -10 -8 18 -6 -7 -14
right_child=-2 2 -4 4 5 19 16 -9 14 10 -12 -13 20 -15 -16 -17 -18 -19 -20 -21 -22
leaf_value=-0.019002116289622988 0.015596458119473763 0 0.018179727064211816 0.00058860291164380626 -0.0015960472530011348 0.0068899141272788017 -0.00034965160182246787 -0.022178234958205607 -0.020931837016065796 -0.016788783387719441 0.0061165158227022018 0.0144637249743778 -0.010684382841329856 0.022119805351260055 0.0024827821575496554 -0.0016459180276786061 0.017350386395174743 0.0061245800534840706 -0.022051901715788542 0.025809146348996122 -0.028472307499755031
leaf_weight=5.4128616303205481 6.1932469010353079 5.6970468536019334 7.8491472154855719 4.7161718308925629 7.7893142253160494 7.1465260684490186 5.7123836576938629 7.4217449426650992 10.132357046008115 6.9119520187377992 9.0790170654654485 6.3175673633813849 4.9945050776004782 7.8171037882566399 5.9071266502141944 9.7960549741983396 6.7632367014884931 4.2017506957054165 4.2518510073423386 5.3645713776350021 3.8815237134695026
leaf_count=28 27 28 35 22 37 32 25 38 49 37 43 28 25 35 29 44 29 20 20 23 21
internal_value=0.000119231 -0.000697485 0.000214956 -0.00107911 0.000736199 0.00681045 -0.00213151 -0.00477747 -0.00176257 0.00463731 -0.00403178 1.35714e-05 -0.0138688 0.0153743 -0.00891472 -0.0125104 0.00964884 -0.00601618 -0.0109049 0.017325 -0.0220329
internal_weight=143.357 137.164 131.751 123.902 109.329 35.0716 74.2571 61.7815 54.3598 28.5242 15.991 22.5605 14.5731 12.5333 25.8355 19.9284 12.4756 16.2429 12.0412 12.5111 8.87603
internal_count=675 648 620 585 511 160 351 297 259 137 80 105 74 57 122 93 54 77 57 55 46
is_linear=0
shrinkage=0.03


Tree=59
num_leaves=24
num_cat=0
split_feature=16 14 13 35 37 61 50 56 39 36 16 20 53 37 25 38 20 36 50 39 47 55 40
split_gain=2.44782 1.50395 3.2196 4.31441 3.21252 3.91139 2.86309 2.68268 2.63907 4.39724 2.96525 2.49454 2.45186 3.27863 3.12579 3.34787 1.99399 1.76887 1.58459 1.07069 0.947729 0.161848 0.133034
threshold=-3.2729970706556846 -0.11551547726266553 0.36424653532383161 -1.0948811297101277 0.63603864011584155 445.50000000000006 -0.2771615852261104 1.0000000180025095e-35 -0.62523090549829152 0.52889586124910037 0.65809598377701517 0.81432291557278791 1.0000000180025095e-35 -0.38879521357824975 0.15303121543484563 0.29361062876809724 1.0000000180025095e-35 -0.16769509194101462 -0.2771615852261104 -1.0000000180025095e-35 0.78877812237758038 -0.53021471166577838 0.27871416076923067
decision_type=2 2 2 2 2 2 2 2 2 2 2 2 2 2 2 2 2 2 2 2 2 2 2
left_child=-1 2 19 -4 8 18 -5 20 9 16 12 -12 14 17 15 21 -3 -14 -6 -2 -8 -10 -15
right_child=1 4 3 6 5 -7 7 -9 10 -11 11 -13 13 22 -16 -17 -18 -19 -20 -21 -22 -23 -24
leaf_value=0.021618791529990678 -0.0043150642696278569 -0.0025068239020663856 -0.021026295014692827 0.018351520297975175 0.0021250393461247725 -0.0075310460470406617 -0.020484736987575844 0.010178062080081651 0.0096144248111541403 0.0092790354291243261 0.023258342698401969 -0.0013811564143759449 -0.0091790024060567146 -0.010360657958190264 -0.009612890457383368 -0.0023247562846635348 -0.026799206255680441 0.012066223869804233 0.026130788543813357 -0.025385122017789769 -0.00027134382450207545 0.027892150868421436 -0.026616904027527512
leaf_weight=3.1266312897205344 5.1658563911914825 5.643982112407687 5.3682346194982555 8.5127820968627947 4.3002849221229562 5.366783268749713 4.2398190349340421 7.2800142616033545 4.4450467526912698 5.9474538564681998 7.7473902553319913 5.1730755567550659 4.9288014769554138 6.1799785047769529 7.9034939110279074 7.888539418578147 8.71871220320463 6.1070271432399768 9.4843769520521164 6.154547765851019 4.3273980170488358 4.9755433052778288 4.1228639781475067
leaf_count=15 26 28 26 38 20 26 21 32 20 28 34 24 23 30 39 36 46 28 42 32 20 21 20
internal_value=0.000113645 -0.000548396 -0.00530065 0 0.00141335 0.0119915 0.00572132 -0.00171764 -0.00122653 -0.0102089 0.0019183 0.0138596 -0.00160038 -0.00886456 0.00447557 0.0114811 -0.0187712 0.00213613 0.019978 -0.017868 -0.0124324 0.0223225 -0.0199302
internal_weight=143.109 139.982 41.0487 29.7282 98.9334 19.1514 24.36 15.8472 79.7819 20.3101 59.4718 12.9205 46.5513 21.3387 25.2126 17.3091 14.3627 11.0358 13.7847 11.3204 8.56722 9.42059 10.3028
internal_count=675 660 195 137 465 88 111 73 377 102 275 58 217 101 116 77 74 51 62 58 41 41 50
is_linear=0
shrinkage=0.03


Tree=60
num_leaves=20
num_cat=0
split_feature=34 39 31 45 46 54 54 50 34 27 45 12 45 46 46 32 31 58 38
split_gain=2.1969 2.9449 3.85357 2.89571 2.36047 3.73252 3.39434 2.89568 2.46976 2.40625 2.16599 3.82565 2.28563 1.94708 3.35444 3.11411 2.62076 1.53168 0.115221
threshold=2.0020981576930241 1.326523666444553 1.335824982449813 0.43394786258297396 0.25694613915261288 -1.1990263665021728 -0.85397150102572816 0.13514490519289696 0.22546475510501571 1.0000000180025095e-35 0.22589969468831267 -1.0903442596195085 0.68799939292780288 0.066129777806770693 -0.48791175721853947 -0.17095638790665563 0.31787608661606187 1.0000000180025095e-35 -0.27879828031208082
decision_type=2 2 2 2 2 2 2 2 2 2 2 2 2 2 2 2 2 2 2
left_child=1 2 4 -3 5 18 -7 13 10 -10 17 -12 -13 14 16 -16 -8 -6 -1
right_child=-2 3 -4 -5 8 6 7 -9 9 -11 11 12 -14 -15 15 -17 -18 -19 -20
leaf_value=-0.027227025935900099 0.017127541688261468 0.0016147127267143243 0.019754588958376642 -0.027768446447343116 0.003752269823430467 0.014878088748135142 -0.017051727209818745 0.013038800402776473 0.0083782764930273694 -0.016740539910205972 0.01807077341046991 -0.020231972686252288 0.0032129159373142299 -0.02287637889741765 0.015215818226800524 -0.0055650118773342434 0.00083942964292163308 0.028540709327599823 -0.0095278764868353856
leaf_weight=3.8323024809360504 5.0403777360916129 4.4907066226005536 7.3239427506923667 5.3166039735078812 4.9361431151628512 8.5317433625459582 18.476788230240338 6.454429179430007 4.4050649851560575 6.548745259642601 7.2662837803363827 5.058775529265402 7.1190880537033081 4.3894169926643363 10.652495369315149 12.176069483160989 10.486686512827871 5.680535763502121 4.6578706875443441
leaf_count=22 22 20 32 28 22 40 94 30 20 32 33 24 33 22 49 58 47 24 23
internal_value=0.000100897 -0.000656527 0.000588098 -0.0153541 -0.000754317 -0.00378753 -0.00125962 -0.00384787 0.00492138 -0.00636481 0.00933108 0.00255007 -0.00723831 -0.00618054 -0.0040489 0.0042256 -0.0106546 0.019402 -0.0210061
internal_weight=142.844 137.804 127.996 9.80731 120.672 79.6578 71.1676 62.6359 41.0146 10.9538 30.0608 19.4441 12.1779 56.1815 51.792 22.8286 28.9635 10.6167 8.49017
internal_count=675 653 605 48 573 385 340 300 188 52 136 90 57 270 248 107 141 46 45
is_linear=0
shrinkage=0.03


Tree=61
num_leaves=28
num_cat=0
split_feature=16 60 45 24 43 34 31 54 32 45 34 41 31 13 47 24 29 28 20 24 39 0 45 32 60 45 20
split_gain=2.34964 1.51393 3.82601 3.24873 2.12191 3.52812 3.40182 2.44037 4.01144 2.08821 2.32469 4.38815 4.0273 2.03771 3.38534 2.57733 2.07665 1.67253 1.5827 1.56047 1.10869 1.06164 0.943162 0.869958 0.705296 0.220044 0.112547
threshold=-3.2729970706556846 543.50000000000011 1.1153870564270116 0.64659596325223967 0.45009069461905488 0.99915994655463247 0.31787608661606187 0.87793219371407849 0.57774165578302317 -0.64400971358776138 -0.54823043634460034 -0.2625455921577371 -1.2853934243220955 -0.45644266336051292 -0.19777964180443522 -1.0000000180025095e-35 -1.0000000180025095e-35 1.0000000180025095e-35 -0.23842875885695941 -0.78096272142480394 0.13893487684133304 -0.18745195476168411 -0.92823298821670963 -1.0000000180025095e-35 679.50000000000011 -0.27060714419347004 -1.0000000180025095e-35
decision_type=2 2 2 2 2 2 2 2 2 2 2 2 2 2 2 2 2 2 2 2 2 2 2 2 2 2 2
left_child=-1 2 4 19 6 13 9 23 -9 17 12 25 -11 18 15 -15 -16 22 -6 -3 -13 -21 -2 -8 -23 -12 -14
right_child=1 3 -4 -5 5 -7 7 8 -10 10 11 20 26 14 16 -17 -18 -19 -20 21 -22 24 -24 -25 -26 -27 -28
leaf_value=0.021251120552640078 0.0022373962404753471 -0.00088237364992676713 -0.022194471641818373 -0.011364022611521245 0.030401321289747322 -0.014286745178969417 0.022276097249387693 -0.019791217523267585 0.010692081139971473 0.0081436127262120763 0.021499037374326613 0 -0.01026366635023742 0.0056188568448980614 1.1428176080355454e-05 -0.019950974853093429 0.027995063025151951 -0.02648107658132123 0.0041307265665730258 0.0021569888085102851 -0.018454171490432412 0.029235074068160928 -0.014395373774406754 0.004300835644166996 0.0073769952499564279 0.0062971758835678781 -0.030077049751662772
leaf_weight=3.0921778529882422 5.0445708632469186 5.4419212788343492 6.4361671656370154 5.870046839118003 4.7302291393280029 5.2683551758527747 5.2807369530200958 5.7717991620302183 6.7256708592176437 4.289859175682067 4.9656946510076523 5.3199583888053912 4.0659608989953986 5.7567047178745279 4.8390190303325653 5.3795936852693567 4.2348242551088315 7.0193545371294013 4.8153962939977664 4.6034501343965557 4.6953592449426651 4.951472774147982 4.0158780366182336 6.8021971583366412 4.5214004814624786 4.6753084510564786 4.0016165673732749
leaf_count=15 26 25 35 28 20 24 23 27 29 20 22 26 20 27 24 27 18 40 21 21 23 21 21 31 20 21 20
internal_value=9.99733e-05 -0.000547298 -0.00207116 0.00581351 -0.000525263 0.00533717 -0.00348226 0.0052448 -0.0035698 -0.00808734 -0.00312462 0.00305967 -0.012661 0.00952251 0.0032307 -0.00716034 0.0157577 -0.0165168 0.0200527 0.0117074 -0.00982707 0.0165761 -0.00556419 0.014191 0.0217836 0.016506 -0.0238931
internal_weight=142.615 139.523 114.134 25.3883 107.698 35.0241 72.674 24.5804 12.4975 48.0936 32.0138 19.6563 12.3574 29.7558 20.2101 11.1363 9.07384 16.0798 9.54563 19.5182 10.0153 14.0763 9.06045 12.0829 9.47287 9.641 8.06758
internal_count=675 660 545 115 510 161 349 110 56 239 152 92 60 137 96 54 42 87 41 87 49 62 47 54 41 43 40
is_linear=0
shrinkage=0.03


Tree=62
num_leaves=22
num_cat=0
split_feature=34 39 45 45 54 2 38 5 40 39 34 34 21 46 46 54 54 61 13 21 53
split_gain=2.06509 2.79389 2.78871 2.3324 3.59805 2.52931 3.46936 3.33876 4.27928 4.63864 4.19904 3.30329 3.09693 2.69431 2.4 2.89668 5.65595 2.086 1.8533 1.65555 1.56289
threshold=2.0020981576930241 1.326523666444553 0.43394786258297396 -0.53143522248591613 0.48723210228321551 -0.47312438724078842 1.1931103430369479 -0.34006603348881242 -1.218407454801661 0.13893487684133304 0.139498622721725 0.31143088748830661 1.0000000180025095e-35 1.4596067571888498 0.25694613915261288 -1.1990263665021728 -0.85397150102572816 378.50000000000006 0.18018466655640922 1.0000000180025095e-35 -0.45192052555363554
decision_type=2 2 2 2 2 2 2 2 2 2 2 2 2 2 2 2 2 2 2 2 2
left_child=1 3 -3 4 14 13 7 -7 -9 10 18 19 -13 -5 15 -1 -17 -18 -10 -11 -19
right_child=-2 2 -4 5 -6 6 -8 8 9 11 -12 12 -14 -15 -16 16 17 20 -20 -21 -22
leaf_value=-0.028053324422143543 0.016638045915544689 0.001582646025986393 -0.027317809799712468 0.029383800718599164 0.015541093442161039 -0.013422222428438496 -0.021138632345481211 -0.013861242187901484 0.03308617866768316 0 -0.00094390091180609754 -0.0054178519194329972 0.017997389313919417 0.00072966039398648149 0.0078647294272952608 0.016313812890358992 0.00060921178242248836 -0.0017114376148125658 0.0099179779629946212 -0.021875243004322559 -0.024985479483898919
leaf_weight=6.1679286286234811 5.0217651128768912 4.4879295676946622 5.2274838238954544 5.0385608375072461 5.1134745180606833 7.9387452751398007 4.2157710641622534 7.214756578207008 10.240447625517865 5.0686745345592517 7.2415170371532431 7.6319001615047464 9.9398514479398727 6.3482381254434586 5.5272084921598426 6.1188137233257285 5.8469115346670248 4.3723114281892785 7.900817558169364 5.3474983274936676 10.268645033240315
leaf_count=34 22 20 28 21 22 38 21 36 44 24 34 35 43 28 25 29 28 23 37 26 57
internal_value=0.000106349 -0.000628569 -0.0150064 0.000581862 -0.00490681 0.00352081 0.00123412 0.00311956 0.00565565 0.00871013 0.017611 0 0.00788665 0.0158188 -0.00827026 -0.0113915 -0.00602446 -0.0136266 0.0248295 -0.012245 -0.0192117
internal_weight=142.279 137.257 9.71541 127.542 43.4153 84.1268 72.74 68.5242 60.5855 53.3707 25.3828 27.9879 17.5718 11.3868 38.3018 32.7746 26.6067 20.4879 18.1413 10.4162 14.641
internal_count=675 653 48 605 218 387 338 317 279 243 115 128 78 49 196 171 137 108 81 50 80
is_linear=0
shrinkage=0.03


Tree=63
num_leaves=25
num_cat=0
split_feature=16 55 42 59 43 33 33 28 16 23 45 45 46 47 42 32 34 42 25 39 7 54 43 46
split_gain=2.2536 1.49759 3.6553 2.50946 1.88959 3.80215 3.7137 4.42341 3.6958 3.18459 2.97272 2.55291 2.12214 3.87707 2.43837 2.33525 3.64661 2.12156 2.00583 3.31812 1.92802 1.39008 1.19712 0.745188
threshold=-3.2729970706556846 1.1606175767388649 -0.55763838689366763 0.37968072547569637 0.45009069461905488 0.50321931604432302 0.75437347108687958 -0.46199069582302743 0.50772878177448943 -0.73976569151281557 -0.54022610680239591 1.1153870564270116 -0.48791175721853947 0.14566594000753538 0.72272641095164791 0.57774165578302317 0.139498622721725 -1.3258572656008567 1.4376898526066706 -0.12199105071163481 -0.66240667442193757 0.48723210228321551 -0.58101146564320083 0.066129777806770693
decision_type=2 2 2 2 2 2 2 2 2 2 2 2 2 2 2 2 2 2 2 2 2 2 2 2
left_child=-1 4 -3 -4 5 9 7 -6 10 22 -9 12 13 -11 20 16 -15 -7 19 -19 -14 -12 -2 -22
right_child=1 2 3 -5 6 17 -8 8 -10 11 21 -13 14 15 -16 -17 -18 18 -20 -21 23 -23 -24 -25
leaf_value=0.020896896014570773 -0.00077150375828556118 0.0099158338406487335 -0.027258105438961108 0 -0.018037529994144576 0.0043761834356288122 0.026007963910959976 -0.0027510014329292188 -0.011731419588177937 -0.020444438181930577 0.033482940208142825 -0.01242325139367292 0.0012511704815044232 0.015341971282067686 -0.0021832524424245459 0.019447598483423697 -0.012417237637652638 -0.031000236236917032 0 -0.0012341478603160819 0.029581314925245898 0.0073065887851368437 -0.021969542566982917 0.0098705590224963911
leaf_weight=3.0565804541110984 5.3329548463225365 5.0262440741062191 6.9130198806524259 4.2664882093667984 6.2338896840810838 4.9435729086399105 5.6351613998413077 4.636784300208098 4.6130283921957007 4.5881469100713721 5.2095257788896507 5.2083739340305319 5.6830779016017958 5.8994853645563152 6.3493826240301123 6.5761232525110236 8.4984021335840207 8.803312264382841 5.0422329306602469 5.8480506241321555 8.1062837839126605 4.9597267508506775 4.3197045400738698 6.1840524524450311
leaf_count=15 27 22 36 21 30 24 24 22 22 26 22 27 26 26 29 28 39 49 25 28 35 22 22 28
internal_value=0.00010019 -0.000533191 -0.00871351 -0.0177446 0.000591373 -0.00154921 0.00681122 0.00116953 0.00847344 0.0021299 0.0156366 0.00495765 0.00711483 0.00058985 0.0128622 0.00651559 -0.000291224 -0.0112963 -0.0155448 -0.0207087 0.0177429 0.0238107 -0.0124749 0.0231795
internal_weight=141.934 138.877 16.2058 11.1795 122.671 91.3832 31.2881 25.653 19.4191 66.746 14.806 57.0933 51.885 25.5622 26.3228 20.974 14.3979 24.6372 19.6936 14.6514 19.9734 10.1693 9.65266 14.2903
internal_count=675 660 79 57 581 439 142 118 88 313 66 264 237 119 118 93 65 126 102 77 89 44 49 63
is_linear=0
shrinkage=0.03


Tree=64
num_leaves=26
num_cat=0
split_feature=16 60 45 33 12 43 33 32 31 37 45 26 39 39 36 38 16 37 19 51 39 41 0 46 61
split_gain=2.17602 1.44515 3.53268 2.9525 4.33726 1.99956 3.26278 3.35083 3.09829 3.29728 2.93283 2.50961 3.41416 2.92641 2.19603 2.09993 1.93256 2.05916 1.91612 1.71498 2.08341 1.21547 1.20027 1.15189 0.261996
threshold=-3.2729970706556846 543.50000000000011 1.1153870564270116 -0.83626951084931178 -0.72689334597801858 0.45009069461905488 -0.25024314908334655 -0.42052240246988198 0.31787608661606187 -0.13258675015472687 -0.54022610680239591 -0.22075780270230025 -0.45312496763466398 -1.2440799161143152 -0.39989207633771973 0.70247413525393843 0.067897119730704988 0.31577806083643795 0.76558817861501172 0.33290378872523918 0.13893487684133304 -0.2625455921577371 -0.17800842562698815 -0.20206745845318533 445.50000000000006
decision_type=2 2 2 2 2 2 2 2 2 2 2 2 2 2 2 2 2 2 2 2 2 2 2 2 2
left_child=-1 2 5 -3 -5 8 7 -7 9 22 -8 13 -13 -11 -15 -12 -10 18 -18 20 -6 -14 -2 -9 -24
right_child=1 3 -4 4 19 6 10 23 16 11 15 12 21 14 -16 -17 17 -19 -20 -21 -22 -23 24 -25 -26
leaf_value=0.0205967805061467 -0.00076482394355782994 0.023400600869258607 -0.021544947264945716 0.021711563771117375 -0.0014843514196874006 0.013016590423095798 -0.00068434675693441723 -0.021751642449638404 -0.0072166206286480954 0.0085048228566287614 0.031979134003344054 -0.011598014200595389 0.023722507503482572 0 -0.026701726591609621 0.003840451685318067 -0.0075971904052117966 0.021981780964632373 0.014467533981474073 0.006052976123778862 -0.027186784518579424 0.0015200726151470073 -0.024617533520249976 -0.0016722037556346526 -0.0076269086309329699
leaf_weight=3.0303393304347983 3.9639718607068088 4.9435530602932003 6.2901514917612067 4.6455348581075713 7.1453868150711006 5.081663370132449 7.473816096782687 5.3448031097650537 6.7546567171812084 4.2625627964735004 6.3403244167566282 4.5319690480828294 5.8335539549589148 4.1150161325931522 6.5165171697735831 4.8662125915288925 7.0204866230487841 6.3008028566837302 4.4812488406896591 4.3639701455831537 4.1705662459135056 4.3796007186174384 9.9310669451951963 5.6943329572677586 4.0957648530602446
leaf_count=15 20 21 35 20 34 23 36 26 31 20 27 25 26 22 33 22 32 27 20 20 20 21 52 27 20
internal_value=0.000100575 -0.000520683 -0.00201806 0.00570471 0 -0.000532697 0.0051731 -0.00427025 -0.00341417 -0.00784221 0.0133315 -0.00125327 0.00695278 -0.00963607 -0.0175562 0.0221284 0.00490103 0.0100131 0.00121539 -0.00765445 -0.0134986 0.0161278 -0.0174576 -0.0133116 -0.0212589
internal_weight=141.578 138.548 113.279 25.269 20.3255 106.988 34.8012 16.1208 72.1872 47.63 18.6804 29.6392 14.7451 14.8941 10.6315 11.2065 24.5572 17.8025 11.5017 15.6799 11.316 10.2132 17.9908 11.0391 14.0268
internal_count=675 660 545 115 94 510 161 76 349 239 85 147 72 75 55 49 110 79 52 74 54 47 92 53 72
is_linear=0
shrinkage=0.03


Tree=65
num_leaves=23
num_cat=0
split_feature=16 55 42 36 60 51 61 30 2 38 5 46 61 57 19 58 47 56 45 58 6 19
split_gain=2.10076 1.4144 3.49106 2.06272 1.97156 2.17319 4.38095 2.29756 3.02208 3.23102 3.78847 2.85195 2.03117 1.9712 1.96329 3.52256 2.15782 1.68234 1.54246 1.32784 1.22098 1.11889
threshold=-3.2729970706556846 1.1606175767388649 -0.55763838689366763 1.1867873170397651 606.50000000000011 0.33290378872523918 445.50000000000006 0.33461919942800339 -0.47932707376069106 -0.68766178679792211 0.15418050128387298 0.035523594214643496 378.50000000000006 -1.0000000180025095e-35 -1.1523077859787032 1.0000000180025095e-35 0.47408668511871449 1.0000000180025095e-35 -0.17931905264703504 -0.59855844060237906 -0.16040107178035876 -1.05136589310535
decision_type=2 2 2 2 2 2 2 2 2 2 2 2 2 2 2 2 2 2 2 2 2 2
left_child=-1 3 -3 4 5 7 14 8 -2 12 18 19 -10 -14 -7 16 -16 -4 -11 -9 -6 -22
right_child=1 2 17 -5 20 6 -8 11 9 10 -12 -13 13 -15 15 -17 -18 -19 -20 -21 21 -23
leaf_value=0.020302435114541138 0.017714492716813877 0.0096786269570098005 -0.024616800086434461 0.016145072660435779 -0.00088993068687295872 0.013568087378363543 -0.029114192627239917 0.00092661486831167612 0.020311032995924579 -0.0078705963011176956 0.009832321186833996 -0.0066443761368290798 -0.0084549016774780866 0.012358818336408143 -0.026232000809637813 0.0092191380523421341 0 0 -0.024588125791258676 0.022149947884954193 0.0010604813045238357 0.021811256008803126
leaf_weight=3.0041894614696494 4.3921906501054755 5.0277171432971981 7.2633544206619245 5.7383258640766135 6.336863890290263 4.1592075228691163 5.8376558274030677 4.5408157408237466 3.9030868709087363 15.794134192168714 5.2268514037132254 5.7923199087381354 9.9509622156620026 4.8206461519002888 6.1085131615400332 6.2587510198354712 4.049022912979126 3.8031248897314072 9.7350461184978538 9.0641033947467804 4.6251382678747186 5.7990617454051945
leaf_count=15 19 22 38 25 29 19 30 21 17 80 23 27 50 23 32 30 20 19 49 41 21 25
internal_value=0.000104148 -0.000505134 -0.00848235 0.000587703 -0.000324052 -0.00200653 -0.00914483 0.000620101 -0.00250899 -0.00489257 -0.0107336 0.00914661 0.00451264 -0.000780565 -0.00161406 -0.00660939 -0.0168084 -0.0173811 -0.0154782 0.0162591 0.00869188 0.0143991
internal_weight=141.231 138.227 16.0942 122.133 116.394 99.6333 26.4132 73.2202 53.8229 49.4307 30.756 19.3972 18.6747 14.7716 20.5755 16.4163 10.1575 11.0665 25.5292 13.6049 16.7611 10.4242
internal_count=675 660 79 581 556 481 131 350 261 242 152 89 90 73 101 82 52 57 129 62 75 46
is_linear=0
shrinkage=0.03


Tree=66
num_leaves=17
num_cat=0
split_feature=16 55 55 12 32 12 13 26 14 57 43 25 44 36 3 52
split_gain=2.02596 1.38727 2.65735 1.78668 3.4214 2.49357 2.52881 3.35092 3.02621 2.91616 5.42219 3.53192 3.21322 2.73794 2.72986 1.06628
threshold=-3.2729970706556846 -1.6637357428682762 -1.2897399488452739 -1.1054773391287476 -0.17095638790665563 -0.77270070066342511 -0.64930338260982878 -0.22075780270230025 -0.76498367464272932 -0.61812689609597116 1.1930907806903865 -0.89372767411256715 -0.48804106183938256 -0.16769509194101462 -0.56457302653350705 1.0000000180025095e-35
decision_type=2 2 2 2 2 2 2 2 2 2 2 2 2 2 2 2
left_child=-1 -2 -3 4 -4 15 7 -7 14 11 13 -10 -13 -11 -8 -5
right_child=1 2 3 5 -6 6 8 -9 9 10 -12 12 -14 -15 -16 -17
leaf_value=0.020013654288487587 -0.013233069169518366 0.015208750164643511 0.025110325035611336 -0.023580846242037545 -0.007509337503047565 -0.0034387060541166484 -0.00073867708996665118 0.021635031803480195 -0.017751938114638103 -0.012963030270931692 -0.032306239680642765 -0.011342471004525762 0.01396980006113621 0.0016704101036013044 0.025427316263893225 -0.0030228273956294919
leaf_weight=2.9781506806612006 5.7865847796201697 8.3608123362064344 4.8538228273391724 4.9796746820211393 3.9400327652692777 8.002392992377283 7.5783101320266724 8.3302394002675992 4.3705276399850872 18.46599555760621 6.3241925537586203 4.4284272789955201 17.431792899966229 25.060184016823786 4.5578323602676374 5.4714879989624023
leaf_count=15 30 36 21 25 20 36 34 36 22 98 34 23 79 120 20 26
internal_value=0.000120209 -0.000476928 0.000178966 -0.000958146 0.0109478 -0.00204931 -0.0004986 0.00975748 -0.00259569 -0.00490076 -0.00909874 0.00292156 0.00818615 -0.0046296 0.0103643 -0.0150504
internal_weight=140.92 137.942 132.156 123.795 8.79386 115.001 104.55 16.3326 88.2173 76.0811 49.8504 26.2307 21.8602 43.5262 12.1361 10.4512
internal_count=675 660 630 594 41 553 502 72 430 376 252 124 102 218 54 51
is_linear=0
shrinkage=0.03


end of trees

feature_importances:
Column_55=84
Column_45=81
Column_46=72
Column_39=69
Column_16=65
Column_54=57
Column_34=54
Column_47=52
Column_38=44
Column_25=42
Column_60=42
Column_24=34
Column_57=34
Column_33=33
Column_43=32
Column_12=31
Column_42=31
Column_36=30
Column_32=28
Column_40=28
Column_44=27
Column_27=26
Column_37=26
Column_61=26
Column_2=24
Column_20=23
Column_19=22
Column_50=22
Column_10=20
Column_59=20
Column_29=18
Column_30=18
Column_35=18
Column_26=17
Column_31=17
Column_58=16
Column_28=15
Column_49=15
Column_14=14
Column_56=13
Column_23=12
Column_41=11
Column_48=11
Column_13=10
Column_51=10
Column_1=9
Column_53=9
Column_4=7
Column_5=7
Column_21=7
Column_8=6
Column_0=5
Column_7=5
Column_11=5
Column_18=5
Column_3=4
Column_6=2
Column_9=2
Column_52=2
Column_15=1
Column_17=1

parameters:
[boosting: gbdt]
[objective: binary]
[metric: binary_logloss]
[tree_learner: serial]
[device_type: cpu]
[data_sample_strategy: bagging]
[data: ]
[valid: ]
[num_iterations: 1800]
[learning_rate: 0.03]
[num_leaves: 96]
[num_threads: 2]
[seed: 42]
[deterministic: 0]
[force_col_wise: 1]
[force_row_wise: 0]
[histogram_pool_size: -1]
[max_depth: 10]
[min_data_in_leaf: 20]
[min_sum_hessian_in_leaf: 0.001]
[bagging_fraction: 0.85]
[pos_bagging_fraction: 1]
[neg_bagging_fraction: 1]
[bagging_freq: 0]
[bagging_seed: 400]
[bagging_by_query: 0]
[feature_fraction: 0.8]
[feature_fraction_bynode: 1]
[feature_fraction_seed: 30056]
[extra_trees: 0]
[extra_seed: 12879]
[early_stopping_round: 0]
[early_stopping_min_delta: 0]
[first_metric_only: 0]
[max_delta_step: 0]
[lambda_l1: 0.2]
[lambda_l2: 1.5]
[linear_lambda: 0]
[min_gain_to_split: 0]
[drop_rate: 0.1]
[max_drop: 50]
[skip_drop: 0.5]
[xgboost_dart_mode: 0]
[uniform_drop: 0]
[drop_seed: 17869]
[top_rate: 0.2]
[other_rate: 0.1]
[min_data_per_group: 100]
[max_cat_threshold: 32]
[cat_l2: 10]
[cat_smooth: 10]
[max_cat_to_onehot: 4]
[top_k: 20]
[monotone_constraints: ]
[monotone_constraints_method: basic]
[monotone_penalty: 0]
[feature_contri: ]
[forcedsplits_filename: ]
[refit_decay_rate: 0.9]
[cegb_tradeoff: 1]
[cegb_penalty_split: 0]
[cegb_penalty_feature_lazy: ]
[cegb_penalty_feature_coupled: ]
[path_smooth: 0]
[interaction_constraints: ]
[verbosity: -1]
[saved_feature_importance_type: 0]
[use_quantized_grad: 0]
[num_grad_quant_bins: 4]
[quant_train_renew_leaf: 0]
[stochastic_rounding: 1]
[linear_tree: 0]
[max_bin: 255]
[max_bin_by_feature: ]
[min_data_in_bin: 3]
[bin_construct_sample_cnt: 200000]
[data_random_seed: 175]
[is_enable_sparse: 1]
[enable_bundle: 1]
[use_missing: 1]
[zero_as_missing: 0]
[feature_pre_filter: 1]
[pre_partition: 0]
[two_round: 0]
[header: 0]
[label_column: ]
[weight_column: ]
[group_column: ]
[ignore_column: ]
[categorical_feature: ]
[forcedbins_filename: ]
[precise_float_parser: 0]
[parser_config_file: ]
[objective_seed: 16083]
[num_class: 1]
[is_unbalance: 0]
[scale_pos_weight: 1]
[sigmoid: 1]
[boost_from_average: 1]
[reg_sqrt: 0]
[alpha: 0.9]
[fair_c: 1]
[poisson_max_delta_step: 0.7]
[tweedie_variance_power: 1.5]
[lambdarank_truncation_level: 30]
[lambdarank_norm: 1]
[label_gain: ]
[lambdarank_position_bias_regularization: 0]
[eval_at: ]
[multi_error_top_k: 1]
[auc_mu_weights: ]
[num_machines: 1]
[local_listen_port: 12400]
[time_out: 120]
[machine_list_filename: ]
[machines: ]
[gpu_platform_id: -1]
[gpu_device_id: -1]
[gpu_device_id_list: ]
[gpu_use_dp: 0]
[num_gpu: 1]

end of parameters

pandas_categorical:null
