tree
version=v4
num_class=3
num_tree_per_iteration=3
label_index=0
max_feature_idx=23
objective=multiclass num_class:3
feature_names=Column_0 Column_1 Column_2 Column_3 Column_4 Column_5 Column_6 Column_7 Column_8 Column_9 Column_10 Column_11 Column_12 Column_13 Column_14 Column_15 Column_16 Column_17 Column_18 Column_19 Column_20 Column_21 Column_22 Column_23
feature_infos=[-1.7969862361125599:1.4851306150395562] [-1.4078519803211844:1.5917605723451227] [-2.6497546637035851:0.93324692558113664] [-1.6452648880116962:0.60780486308712334] [-2.1883987431660854:2.5655182571441859] [-2.2537121746299187:2.5185936449245721] [-3.2708859304781286:2.505216534021236] [-3.5468522699761209:2.2085682745067379] [-2.843052167452305:3.1119236870861635] [-2.9205614088126777:2.7275766566089961] [-3.7750840852202181:3.8725365386674997] [-3.7734918226686305:2.9920559334847101] [-3.2808687994169254:3.5040937221617221] [-3.4752517050843217:2.8730510049854225] [-4.4294448617020281:3.2405867744734311] [-3.8111971811406367:3.2847550549297702] [-3.0870500725403645:4.4186778517531939] [-3.123490561843183:3.7977728529470305] [-3.2119469111291927:2.7271233494709324] [-0.82299790057217892:4.3914779920511542] [-0.77963718079051603:4.0301761296818208] [-7.9022111618222119:4.4307767215223413] [-0.6079508151785894:3.9314319883594613] [-0.60768413804070676:4.1229613876140512]
tree_sizes=1173 1252 951 1124 1297 953 1251 1282 955 1251 1287 1079 1192 1287 966 1193 1301 993 1208 1407 963 1201 1407 985 1201 1404 1201 1205 1300 1092 1196 1302 1072 1315 1365 1087 1198 1295 1070 1311 1403 1091 1208 1402 1076 1309 1409 1072 1312 1406 1199 1185 1403 1094 1311 1193 1207 1309 1404 1074 1308 1390 1070 1308 1292 1083 1312 1085 1183 1285 1299 1180 1310 1084 1072 1286 1313 1078 1311 1094 1073 1310 1312 1205 1308 1311 1203 1202 1088 1095 1198 1313 1202 1286 1285 1100 1308 1090 1209 1310 1305 1095 1309 1287 1100 1396 1310 1098 1207 1193 1203

Tree=0
num_leaves=10
num_cat=0
split_feature=18 15 22 12 10 5 16 12 5
split_gain=12.7887 3.4657 3.73128 2.37376 3.55072 2.10548 1.07084 1.04813 0.72972
threshold=0.10284295271214593 0.35561198073791617 -0.54460432118622337 1.0728154852627068 0.26116013294274443 0.76874817775459225 -0.63530340079223857 -0.058011601667068091 -1.0000000180025095e-35
decision_type=2 2 2 2 2 2 2 2 2
left_child=1 2 6 4 7 8 -1 -2 -3
right_child=3 5 -4 -5 -6 -7 -8 -9 -10
leaf_value=-0.82734324585765884 -0.81358413716906197 -0.84279807167762766 -0.8425766492774891 -0.82734324585765884 -0.79421358302268918 -0.86068305864286665 -0.80741100943669053 -0.83108591574732193 -0.82734324585765884
leaf_weight=5.9053759574890137 7.012633949518202 8.119891941547392 10.703493922948836 9.2271499335765821 12.179837912321089 8.8580639362335187 5.5362899601459521 5.9053759574890172 5.9053759574890163
leaf_count=16 19 22 29 25 33 24 15 16 16
internal_value=-0.827343 -0.839392 -0.828912 -0.811744 -0.806523 -0.848381 -0.816156 -0.821366 -0.837093
internal_weight=79.3535 45.0285 22.1452 34.325 25.0978 22.8833 11.4417 12.918 14.0253
internal_count=215 122 60 93 68 62 31 35 38
is_linear=0
shrinkage=1


Tree=1
num_leaves=11
num_cat=0
split_feature=18 18 11 13 12 14 8 20 10 10
split_gain=3.58265 3.8247 2.96181 4.18051 3.63334 2.1576 1.3353 1.19775 0.443797 0.11657
threshold=0.10284295271214593 -1.3642962405896522 0.7476123127925699 -1.0000000180025095e-35 -0.17109431036004538 0.82136532650411065 -0.4390063595089973 -0.25857407215601275 -0.62398114297018592 -0.73019809607973751
decision_type=2 2 2 2 2 2 2 2 2 2
left_child=1 -1 3 8 9 6 -2 -8 -3 -5
right_child=5 2 -4 4 -6 -7 7 -9 -10 -11
leaf_value=-1.2138129122710746 -1.1961873683269395 -1.1894274003245238 -1.1689055748386854 -1.203436098657058 -1.1844682060161693 -1.1917870297950965 -1.2230518709684544 -1.2011048377598053 -1.1686737730964905 -1.2194804063505427
leaf_weight=4.7458085417747489 5.0621957778930708 4.7458085417747498 8.2260681390762311 4.7458085417747498 6.3277447223663374 8.8588426113128644 8.858842611312868 6.644131958484647 4.745808541774748 5.0621957778930664
leaf_count=15 16 15 26 15 20 28 28 21 15 16
internal_value=-1.19625 -1.18938 -1.18502 -1.19199 -1.20256 -1.20512 -1.21099 -1.21558 -1.1756 -1.21469
internal_weight=68.0233 38.5992 33.8534 25.6274 16.1357 29.424 20.5652 15.503 9.49162 9.808
internal_count=215 122 107 81 51 93 65 49 30 31
is_linear=0
shrinkage=1


Tree=2
num_leaves=8
num_cat=0
split_feature=15 18 11 9 0 21 20
split_gain=11.3401 6.56744 7.01169 1.93399 1.84199 1.75354 1.01157
threshold=0.66502850265959079 -0.2928523886790913 0.21066407817722535 0.4078056654536662 0.7818198612212458 0.39066000111636723 -0.41890118250509062
decision_type=2 2 2 2 2 2 2
left_child=1 2 -1 5 -2 6 -3
right_child=4 3 -4 -5 -6 -7 -8
leaf_value=-1.3156045540024963 -1.3076835682460457 -1.3527381285421125 -1.3580427437819091 -1.3447847129431751 -1.3379040656570611 -1.3452863373925137 -1.3731938157896322
leaf_weight=8.0901676416397077 6.9344294071197492 6.6454948484897605 7.2233639657497397 6.3565602898597708 5.7786911725997925 4.3340183794498435 16.758204400539405
leaf_count=28 24 23 25 22 20 15 58
internal_value=-1.34529 -1.35304 -1.33509 -1.36137 -1.31819 -1.36512 -1.36864
internal_weight=62.1209 49.4078 15.3135 34.0943 12.7131 27.7377 23.4037
internal_count=215 171 53 118 44 96 81
is_linear=0
shrinkage=1


Tree=3
num_leaves=10
num_cat=0
split_feature=18 15 22 12 10 5 16 12 5
split_gain=11.9729 3.31054 3.53828 2.22462 3.36754 2.03712 1.021 1.00766 0.71276
threshold=0.10284295271214593 0.35561198073791617 -0.54460432118622337 1.0728154852627068 0.26116013294274443 0.76874817775459225 -0.63530340079223857 -0.058011601667068091 -1.0000000180025095e-35
decision_type=2 2 2 2 2 2 2 2 2
left_child=1 2 6 4 7 8 -1 -2 -3
right_child=3 5 -4 -5 -6 -7 -8 -9 -10
leaf_value=0 0.013296900840029859 -0.015072298159429228 -0.014806343603369009 0 0.032033685825273467 -0.032628893331399657 0.019455768201959947 -0.0038296396870576201 0
leaf_weight=5.905246764421463 7.0325570702552778 8.0957739353179914 10.669871181249617 9.2301552295684797 12.245263725519179 8.8015295565128309 5.5528476536273974 5.9089966714382207 5.8982279896736172
leaf_count=16 19 22 29 25 33 24 15 16 16
internal_value=0 -0.0116976 -0.00145999 0.0150478 0.0200886 -0.0205043 0.0109316 0.00565981 -0.00942371
internal_weight=79.3405 44.9235 22.128 34.417 25.1868 22.7955 11.4581 12.9416 13.994
internal_count=215 122 60 93 68 62 31 35 38
is_linear=0
shrinkage=0.035


Tree=4
num_leaves=11
num_cat=0
split_feature=18 18 11 13 12 14 8 20 10 13
split_gain=3.36595 3.68984 2.75903 3.98817 3.51207 2.07058 1.28756 1.16826 0.410185 0.138879
threshold=0.10284295271214593 -1.3642962405896522 0.7476123127925699 -1.0000000180025095e-35 -0.17109431036004538 0.82136532650411065 -0.4390063595089973 -0.25857407215601275 -0.62398114297018592 0.47394215617438157
decision_type=2 2 2 2 2 2 2 2 2 2
left_child=1 -1 3 8 9 6 -2 -8 -3 -5
right_child=5 2 -4 4 -6 -7 7 -9 -10 -11
leaf_value=-0.017414238713815994 7.1104518544291099e-05 0.0066507949845364383 0.026336609870068885 -0.023083180237665001 0.0114955425388584 0.0043858291933572269 -0.026412641346404232 -0.0046963203805492036 0.026715928775477446 -0.0069040542662502317
leaf_weight=4.7214707136154166 5.0612291395664259 4.7634049952030182 8.3451176881790143 5.0328138470649719 6.3613342344760939 8.8719295561313611 8.7243965864181536 6.6187729537487003 4.8126126229763013 4.708623081445694
leaf_count=15 16 15 26 16 20 28 28 21 15 15
internal_value=0 0.00662296 0.0108859 0.0041349 -0.00621664 -0.00864237 -0.0144273 -0.0189692 0.0200619 -0.0182181
internal_weight=68.0217 38.7454 34.0239 25.6788 16.1028 29.2763 20.4044 15.3432 9.57602 9.74144
internal_count=215 122 107 81 51 93 65 49 30 31
is_linear=0
shrinkage=0.035


Tree=5
num_leaves=8
num_cat=0
split_feature=15 18 11 9 21 0 20
split_gain=10.6864 6.24297 6.62434 1.88092 1.72079 1.70235 0.992771
threshold=0.66502850265959079 -0.2928523886790913 0.21066407817722535 0.4078056654536662 0.39066000111636723 0.7818198612212458 -0.41890118250509062
decision_type=2 2 2 2 2 2 2
left_child=1 2 -1 4 6 -2 -3
right_child=5 3 -4 -5 -6 -7 -8
leaf_value=0.028540852268851953 0.036090843587781009 -0.0072908214935364845 -0.012601343787312988 0.00054610940548250903 0 0.0071226534620534576 -0.027597741795596299
leaf_weight=8.2376869320869428 7.0918593406677228 6.6116387248039237 7.1832383275032035 6.3489038050174704 4.3211816251277915 5.8145324885845184 16.473323225975044
leaf_count=28 24 23 25 22 15 20 58
internal_value=0 -0.00757583 0.00982848 -0.0157788 -0.0195191 0.0260991 -0.023036
internal_weight=62.0824 49.176 15.4209 33.755 27.4061 12.9064 23.085
internal_count=215 171 53 118 96 44 81
is_linear=0
shrinkage=0.035


Tree=6
num_leaves=11
num_cat=0
split_feature=18 15 22 21 16 5 9 16 5 9
split_gain=11.2111 3.16497 3.36181 2.13864 2.57802 1.97548 1.37578 0.973352 0.697948 0.202636
threshold=0.10284295271214593 0.35561198073791617 -0.54460432118622337 0.10714303828086021 0.7870889881012102 0.76874817775459225 -0.60079041765734709 -0.63530340079223857 -1.0000000180025095e-35 -0.80250963427954969
decision_type=2 2 2 2 2 2 2 2 2 2
left_child=1 2 7 4 6 8 -2 -1 -3 -5
right_child=3 5 -4 9 -6 -7 -8 -9 -10 -11
leaf_value=0 0.035679346333636189 -0.014709215765972875 -0.014402715036925588 -0.0027329163197933339 0.0020445735545077067 -0.031961444632761793 0.009364417314560898 0.01900765246199505 0 0.0052144657995432456
leaf_weight=5.9044049680233002 9.2917650640010816 8.0701755583286268 10.634801000356672 5.5653514266014099 7.7662746608257285 8.7371144592761976 6.3045637905597713 5.5667352676391619 5.8903488218784359 5.5623289346694929
leaf_count=16 25 22 29 15 21 24 17 15 16 15
internal_value=0 -0.0113593 -0.00135341 0.014521 0.0201524 -0.019993 0.0276137 0.010697 -0.00910728 0.00102897
internal_weight=79.2939 44.8036 22.1059 34.4903 23.3626 22.6976 15.5963 11.4711 13.9605 11.1277
internal_count=215 122 60 93 63 62 42 31 38 30
is_linear=0
shrinkage=0.035


Tree=7
num_leaves=11
num_cat=0
split_feature=18 18 17 18 23 14 8 20 18 19
split_gain=3.16332 3.56008 2.71453 4.85232 2.82012 1.98723 1.24184 1.14101 0.521236 0.412579
threshold=0.10284295271214593 -1.3642962405896522 0.090177484408203792 -0.12598702375087459 -0.54585503238625244 0.82136532650411065 -0.4390063595089973 -0.25857407215601275 -0.44486177588348957 -0.25809634553798433
decision_type=2 2 2 2 2 2 2 2 2 2
left_child=1 -1 3 8 9 6 -2 -8 -3 -4
right_child=5 2 4 -5 -6 -7 7 -9 -10 -11
leaf_value=-0.017263498745145354 7.8412413511392127e-05 -0.019486050083189144 0.036748592685610031 0.021146720492391885 -0.0021978231059895542 0.0043096130488661814 -0.026039648791179235 -0.004539303205926281 -0.0021605909470657522 0.01436610413040117
leaf_weight=4.6961462795734397 5.060225754976277 5.685040384531022 4.8282102048397073 6.124135583639144 4.767266422510148 8.8842714726924878 8.5886723101139086 6.5931766927242252 4.7628666460514077 8.0116986036300641
leaf_count=15 16 18 15 19 15 28 28 21 15 25
internal_value=0 0.00639065 0.0105605 0 0.0193747 -0.008418 -0.0141254 -0.0186233 -0.0136258 0.0269548
internal_weight=68.0017 38.8754 34.1792 16.572 17.6072 29.1263 20.2421 15.1818 10.4479 12.8399
internal_count=215 122 107 52 55 93 65 49 33 40
is_linear=0
shrinkage=0.035


Tree=8
num_leaves=8
num_cat=0
split_feature=15 18 11 9 21 5 20
split_gain=10.0798 5.93629 6.25862 1.82997 1.68977 1.64791 0.975806
threshold=0.66502850265959079 -0.2928523886790913 0.21066407817722535 0.4078056654536662 0.39066000111636723 0.76874817775459225 -0.41890118250509062
decision_type=2 2 2 2 2 2 2
left_child=1 2 -1 4 6 -2 -3
right_child=5 3 -4 -5 -6 -7 -8
leaf_value=0.027458717626123678 0.0078155085540270782 -0.0071312687370005167 -0.012440437802655996 0.00058954647797109937 0 0.035897843052178705 -0.027301562681469587
leaf_weight=8.3786001503467542 6.5091092288494092 6.5778499841690055 7.1409662365913382 6.3412326574325553 4.3082043230533591 6.5784723460674286 16.190520018339164
leaf_count=28 22 23 25 22 15 22 58
internal_value=0 -0.00740361 0.009476 -0.0154833 -0.0192097 0.0251665 -0.0227326
internal_weight=62.025 48.9374 15.5196 33.4178 27.0766 13.0876 22.7684
internal_count=215 171 53 118 96 44 81
is_linear=0
shrinkage=0.035


Tree=9
num_leaves=11
num_cat=0
split_feature=18 15 22 21 16 5 9 16 5 15
split_gain=10.5075 3.04155 3.1882 2.0514 2.43753 1.89723 1.31267 0.937764 0.678219 0.198191
threshold=0.10284295271214593 0.35561198073791617 -0.54460432118622337 0.10714303828086021 0.7870889881012102 0.76874817775459225 -0.60079041765734709 -0.63530340079223857 -1.0000000180025095e-35 -0.73536775581554426
decision_type=2 2 2 2 2 2 2 2 2 2
left_child=1 2 7 4 6 8 -2 -1 -3 -5
right_child=3 5 -4 9 -6 -7 -8 -9 -10 -11
leaf_value=0 0.034622224179972266 -0.014388926036437521 -0.013980375960659883 0.0050139228205583388 0.0019243947388052039 -0.031296852090755591 0.0090063794794483249 0.018626637928558919 0 -0.0028583903082278986
leaf_weight=5.9049408137798309 9.3280874788761121 8.0461892485618574 10.595245033502577 5.5687850713729858 7.7711427807807913 8.662816256284712 6.3154470026493099 5.5770774185657519 5.8858566880226162 5.5678990185260755
leaf_count=16 25 22 29 15 21 24 17 15 16 15
internal_value=0 -0.0110314 -0.0012283 0.0140273 0.019532 -0.0195177 0.0267716 0.0104778 -0.00885468 0.000842472
internal_weight=79.2235 44.6721 22.0773 34.5514 23.4147 22.5949 15.6435 11.482 13.932 11.1367
internal_count=215 122 60 93 63 62 42 31 38 30
is_linear=0
shrinkage=0.035


Tree=10
num_leaves=11
num_cat=0
split_feature=18 18 17 18 23 14 8 20 18 19
split_gain=2.98185 3.42514 2.58735 4.64814 2.65325 1.90574 1.22472 1.13023 0.508241 0.392858
threshold=0.10284295271214593 -1.3642962405896522 0.090177484408203792 -0.12598702375087459 -0.54585503238625244 0.82136532650411065 -0.4390063595089973 -0.25857407215601275 -0.44486177588348957 -0.25809634553798433
decision_type=2 2 2 2 2 2 2 2 2 2
left_child=1 -1 3 8 9 6 -2 -8 -3 -4
right_child=5 2 4 -5 -6 -7 7 -9 -10 -11
leaf_value=-0.01707964586935112 0.00022889482652532249 -0.019275917171906663 0.035565868016310183 0.02051938042088575 -0.0021322747438129027 0.0042187675829882879 -0.025752942203712135 -0.0043594219227350859 -0.0021290066738242079 0.013901814085161515
leaf_weight=4.6650807261466971 5.0421708822250411 5.643191099166871 4.9090284109115609 6.1844380497932425 4.7589592337608346 8.8992833495140058 8.4804963171482104 6.5640261471271488 4.7585400640964517 8.0718824565410596
leaf_count=15 16 18 15 19 15 28 28 21 15 25
internal_value=0 0.00617731 0.0102489 0 0.0188112 -0.00820998 -0.0138376 -0.0183336 -0.0134633 0.0260994
internal_weight=67.9771 38.9911 34.326 16.5862 17.7399 28.986 20.0867 15.0445 10.4017 12.9809
internal_count=215 122 107 52 55 93 65 49 33 40
is_linear=0
shrinkage=0.035


Tree=11
num_leaves=9
num_cat=0
split_feature=18 13 21 6 4 5 16 22
split_gain=9.55876 4.29027 2.66202 2.6249 4.35836 2.0464 1.58659 1.0282
threshold=-1.3642962405896522 1.0000000180025095e-35 0.53241848253412083 1.0000000180025095e-35 -0.76222364307300394 0.45059445645095952 0.7870889881012102 -0.5499955121642971
decision_type=2 2 2 2 2 2 2 2
left_child=-1 2 6 4 -3 -5 -2 -6
right_child=1 3 -4 5 7 -7 -8 -9
leaf_value=0.04000097439262313 -0.021728919936311167 -0.0069782743414046697 0.0071889283858258893 -0.018516471226171078 0.036123979467161303 0.006684892123974032 0.00030427698888347784 0.008028604308715442
leaf_weight=4.602102428674697 20.162292242050178 6.4206683635711697 4.9118160903453818 5.9987965822219831 5.0254378020763424 5.8698005974292755 4.2512314021587363 4.7172244787216178
leaf_count=15 72 22 17 21 17 20 15 16
internal_value=0 -0.00439319 -0.0133908 0.0051097 0.0137065 -0.00650756 -0.0179609 0.0266521
internal_weight=61.9594 57.3573 29.3253 28.0319 16.1633 11.8686 24.4135 9.74266
internal_count=215 200 104 96 55 41 87 33
is_linear=0
shrinkage=0.035


Tree=12
num_leaves=10
num_cat=0
split_feature=18 10 14 12 4 20 14 4 17
split_gain=9.90334 2.91621 3.99577 2.56707 2.10485 1.89456 2.15647 0.899093 0.18695
threshold=1.0000000180025095e-35 0.26116013294274443 -0.044605987257634747 1.0728154852627068 -1.3960792431143731 -0.33873762733055174 -0.41573655029838269 1.0000000180025095e-35 0.14468954346261204
decision_type=2 2 2 2 2 2 2 2 2
left_child=4 2 -2 -3 -1 -6 8 -8 -7
right_child=1 3 -4 -5 5 6 7 -9 -10
leaf_value=0.00476329821141009 0.014593340298738662 0.029876621117360926 -0.016394305365598088 0.004055574540960896 -0.025826381958884422 -0.021678261535697699 -0.0055532792032216829 0.011500107729198706 -0.0068586409174664024
leaf_weight=6.5979885160922995 9.6826862692832965 12.331438839435579 7.0153034925460807 8.8739134371280652 11.613815844058989 6.2297029197216016 5.4746617674827593 5.4886741638183594 5.8329803049564362
leaf_count=18 26 33 19 24 32 17 15 15 16
internal_value=0 0.0125357 0.000932709 0.0205782 -0.0116428 -0.0150004 -0.00770269 0.00303638 -0.0168801
internal_weight=79.1412 37.9033 16.698 21.2054 41.2378 34.6398 23.026 10.9633 12.0627
internal_count=215 102 45 57 113 95 63 30 33
is_linear=0
shrinkage=0.035


Tree=13
num_leaves=11
num_cat=0
split_feature=18 18 17 18 23 19 12 8 18 19
split_gain=2.78923 3.26153 2.45933 4.47107 2.4912 1.84447 2.49895 0.866502 0.493364 0.386975
threshold=0.10284295271214593 -1.3642962405896522 0.090177484408203792 -0.12598702375087459 -0.54585503238625244 -0.17118841399426216 1.0728154852627068 -0.22947943129375506 -0.44486177588348957 -0.25809634553798433
decision_type=2 2 2 2 2 2 2 2 2 2
left_child=1 -1 3 8 9 6 7 -2 -3 -4
right_child=5 2 4 -5 -6 -7 -8 -9 -10 -11
leaf_value=-0.016833369360044603 -0.0041490988282361424 -0.019106359133587356 0.034387137906514216 0.019929014690381157 -0.002099760727919185 0.0063877486507362812 0.0048726013920076328 -0.0243759606176903 -0.0021433452027196072 0.013371234870929187
leaf_weight=4.6226535141468039 5.301303356885918 5.6086612939834604 4.9885182678699502 6.2404407560825339 4.7538348138332376 6.5997738540172568 6.0029672980308524 10.930277079343796 4.7591245174407968 8.1405970454215986
leaf_count=15 17 18 15 19 15 21 19 36 15 25
internal_value=0 0.00593735 0.00988839 0 0.0181928 -0.00798796 -0.0126467 -0.0192376 -0.0133501 0.0251936
internal_weight=67.9482 39.1138 34.4912 16.6082 17.883 28.8343 22.2345 16.2316 10.3678 13.1291
internal_count=215 122 107 52 55 93 72 53 33 40
is_linear=0
shrinkage=0.035


Tree=14
num_leaves=8
num_cat=0
split_feature=15 18 11 9 0 21 20
split_gain=9.02076 5.46934 5.83032 1.72496 1.60224 1.58903 0.991422
threshold=0.66502850265959079 -0.2928523886790913 0.21066407817722535 0.4078056654536662 0.7818198612212458 0.39066000111636723 -0.41890118250509062
decision_type=2 2 2 2 2 2 2
left_child=1 2 -1 5 -2 6 -3
right_child=4 3 -4 -5 -6 -7 -8
leaf_value=0.026120801117433649 0.032918893073499114 -0.0066020713358336466 -0.012273469381830724 0.0005818193509123335 0.0058792019697877836 0 -0.026797878072885997
leaf_weight=8.5526168346405012 7.4233726561069471 6.4648368358612052 7.0958817005157462 6.3413827121257773 5.9808748066425323 4.3193368017673484 15.684733927249914
leaf_count=28 24 23 25 22 20 15 58
internal_value=2.18601e-06 -0.00707485 0.00899537 -0.0149666 0.0235246 -0.0186553 -0.0221556
internal_weight=61.863 48.4588 15.6485 32.8103 13.4042 26.4689 22.1496
internal_count=215 171 53 118 44 96 81
is_linear=0
shrinkage=0.035


Tree=15
num_leaves=10
num_cat=0
split_feature=18 10 14 12 4 20 14 4 17
split_gain=9.28773 2.78003 3.8211 2.38838 2.01291 1.80662 2.09288 0.867875 0.191924
threshold=1.0000000180025095e-35 0.26116013294274443 -0.044605987257634747 1.0728154852627068 -1.3960792431143731 -0.33873762733055174 -0.41573655029838269 1.0000000180025095e-35 0.14468954346261204
decision_type=2 2 2 2 2 2 2 2 2
left_child=4 2 -2 -3 -1 -6 8 -8 -7
right_child=1 3 -4 -5 5 6 7 -9 -10
leaf_value=0.004695955073460099 0.014143612184021786 0.028914194385251599 -0.016167120042320956 0.0039695314244976576 -0.02523206469820637 -0.021330661064378139 -0.0053810131235522409 0.011374800522624151 -0.0066319517432640186
leaf_weight=6.5999423265457144 9.6962634921073931 12.352899163961412 7.0008306801319113 8.8776735067367536 11.531086415052412 6.2058807313442212 5.4631817042827624 5.4923430979251862 5.8190723955631256
leaf_count=18 26 33 19 24 32 17 15 15 16
internal_value=0 0.0121054 0.000784074 0.0199492 -0.011322 -0.0146185 -0.00748897 0.00307316 -0.0165521
internal_weight=79.0392 37.9277 16.6971 21.2306 41.1115 34.5116 22.9805 10.9555 12.025
internal_count=215 102 45 57 113 95 63 30 33
is_linear=0
shrinkage=0.035


Tree=16
num_leaves=11
num_cat=0
split_feature=18 18 11 13 12 19 12 8 10 13
split_gain=2.62142 3.12099 2.39137 3.56248 3.27938 1.78227 2.41515 0.831123 0.375286 0.128066
threshold=0.10284295271214593 -1.3642962405896522 0.7476123127925699 -1.0000000180025095e-35 -0.17109431036004538 -0.17118841399426216 1.0728154852627068 -0.22947943129375506 -0.62398114297018592 0.47394215617438157
decision_type=2 2 2 2 2 2 2 2 2 2
left_child=1 -1 3 8 9 6 7 -2 -3 -5
right_child=5 2 -4 4 -6 -7 -8 -9 -10 -11
leaf_value=-0.016601973307114361 -0.0041017677589376732 0.0058343029431717599 0.023713114246518233 -0.022892896522608716 0.010562305694576122 0.0063282305956252997 0.0047919282566518621 -0.024012261011227391 0.024384630393686092 -0.0068890110342399507
leaf_weight=4.5821981728076926 5.2944859266281208 4.8412428200244904 8.6441720426082593 4.9872540235519409 6.4656440615654036 6.6067472696304312 6.0125906765460959 10.7643903195858 4.9860247969627363 4.6963773369789124
leaf_count=15 17 15 26 16 20 21 19 36 15 15
internal_value=0 0.00574526 0.00959153 0.00334539 -0.00642853 -0.00776808 -0.0123809 -0.0189199 0.0182219 -0.0180885
internal_weight=67.8811 39.2029 34.6207 25.9765 16.1493 28.6782 22.0715 16.0589 9.82727 9.68363
internal_count=215 122 107 81 51 93 72 53 30 31
is_linear=0
shrinkage=0.035


Tree=17
num_leaves=8
num_cat=0
split_feature=18 13 21 14 23 21 16
split_gain=8.62633 3.90879 2.523 2.4667 2.63038 1.92753 1.54104
threshold=-1.3642962405896522 1.0000000180025095e-35 0.53241848253412083 -0.67690250206779801 -0.54010348767421013 1.0000000180025095e-35 0.7870889881012102
decision_type=2 2 2 2 2 2 2
left_child=-1 2 6 -3 5 -5 -2
right_child=1 3 -4 4 -6 -7 -8
leaf_value=0.037499646616321637 -0.021227970288006708 0.020006313143029097 0.0070348778724870706 0.004104244761224618 0.015104394604312902 -0.018600673435023311 0.00049367927446936891
leaf_weight=4.7750284373760215 19.674261420965202 7.1664353013038662 4.9283513724803916 6.4358979463577315 5.9175929725170109 8.6456024050712568 4.2246934771537772
leaf_count=15 72 24 17 22 20 30 15
internal_value=1.73809e-05 -0.00419886 -0.0129037 0.00480133 -0.00144797 -0.00925811 -0.0174439
internal_weight=61.7679 56.9928 28.8273 28.1655 20.9991 15.0815 23.899
internal_count=215 200 104 96 72 52 87
is_linear=0
shrinkage=0.035


Tree=18
num_leaves=10
num_cat=0
split_feature=18 10 14 12 2 17 1 16 1
split_gain=8.73283 2.6713 3.65041 2.22825 2.00426 1.94362 0.715046 0.547268 0.461625
threshold=1.0000000180025095e-35 0.26116013294274443 -0.044605987257634747 1.0728154852627068 1.0000000180025095e-35 1.0000000180025095e-35 0.91003044673914391 -0.50848738907794488 -0.45342980447281395
decision_type=2 2 2 2 2 2 2 2 2
left_child=4 2 -2 -3 -1 8 7 -7 -6
right_child=1 3 -4 -5 5 6 -8 -9 -10
leaf_value=-0.023445443322532625 0.013678635741564591 0.028046626940504537 -0.015957225379269462 0.0039050591356273793 -0.0012333912494192384 -0.0049741241228949086 -0.0026230549735667117 -0.023719839629356879 0.011026726687360008
leaf_weight=10.071529716253279 9.7083874642848986 12.36050069332123 6.9860529303550711 8.8806905448436719 5.4913583993911743 5.4482353329658508 8.7218584120273572 5.7499925196170825 5.5095092654228228
leaf_count=28 26 33 19 24 15 15 24 16 15
internal_value=-2.09105e-05 0.0117005 0.000615814 0.0193838 -0.01103 -0.00564794 -0.0118385 -0.0171331 0.00525469
internal_weight=78.9281 37.9356 16.6944 21.2412 40.9925 30.921 19.9201 11.1982 11.0009
internal_count=215 102 45 57 113 85 55 31 30
is_linear=0
shrinkage=0.035


Tree=19
num_leaves=12
num_cat=0
split_feature=18 18 17 18 23 6 11 17 16 18 19
split_gain=2.45003 2.94738 2.36955 4.21691 2.30878 1.78582 2.24022 4.21688 0.813711 0.463261 0.336513
threshold=0.10284295271214593 -1.3642962405896522 0.090177484408203792 -0.12598702375087459 -0.54585503238625244 1.0000000180025095e-35 -0.99209996736114625 -0.5615321150609619 1.204201770653522 -0.44486177588348957 -0.25809634553798433
decision_type=2 2 2 2 2 2 2 2 2 2 2
left_child=1 -1 3 9 10 -2 -7 -8 -9 -3 -4
right_child=5 2 4 -5 -6 6 7 8 -10 -11 -12
leaf_value=-0.016286750523845171 -0.019260338763792829 -0.019010722382222855 0.032681862180410658 0.018819842837971255 -0.0021327272777080918 -0.017605957274346131 0.02561010542230923 -0.016294993132047117 0.0013541061289544843 -0.0023451314795108094 0.012798055746325103
leaf_weight=4.5262482166290274 8.5211260318756121 5.5848987400531778 5.0987215638160714 6.3435754477977744 4.7558220922946939 5.1104386150836971 5.5966722965240505 4.5178707540035195 4.7716407179832458 4.77972036600113 8.2099490165710431
leaf_count=15 28 18 15 19 15 17 18 15 15 15 25
internal_value=0 0.00553037 0.00924435 -0.000164044 0.017357 -0.00754689 -0.00101941 0.00577469 -0.00813048 -0.0133723 0.0240332
internal_weight=67.8167 39.2989 34.7727 16.7082 18.0645 28.5177 19.9966 14.8862 9.28951 10.3646 13.3087
internal_count=215 122 107 52 55 93 65 48 30 33 40
is_linear=0
shrinkage=0.035


Tree=20
num_leaves=8
num_cat=0
split_feature=15 18 11 19 21 0 0
split_gain=8.3197 4.98413 5.43202 1.64185 2.10719 1.59618 1.45836
threshold=0.66502850265959079 -0.2928523886790913 0.21066407817722535 -0.43191220862542878 0.39066000111636723 0.31294602534237198 0.7818198612212458
decision_type=2 2 2 2 2 2 2
left_child=1 2 -1 5 -5 -3 -2
right_child=6 3 -4 4 -6 -7 -8
leaf_value=0.024708346129773819 0.031305634569019289 -0.012475662890724902 -0.012202770388990357 -0.025013019749066612 0 0.011409730918387527 0.0055898598870180631
leaf_weight=8.7350227534770948 7.5900921523570997 5.4813822507858223 7.0748421549797049 16.784853965044029 5.7106001675128928 4.2575586140155792 6.0141654908657074
leaf_count=28 24 20 25 63 20 15 20
internal_value=5.6687e-05 -0.00682224 0.00838055 -0.014486 -0.0193498 -0.00142161 0.0224472
internal_weight=61.6485 48.0443 15.8099 32.2344 22.4955 9.73894 13.6043
internal_count=215 171 53 118 83 35 44
is_linear=0
shrinkage=0.035


Tree=21
num_leaves=10
num_cat=0
split_feature=18 10 14 12 2 14 16 11 4
split_gain=8.21842 2.56686 3.48212 2.11903 1.91426 1.90935 3.92057 1.12601 0.528866
threshold=1.0000000180025095e-35 0.26116013294274443 -0.044605987257634747 1.0728154852627068 1.0000000180025095e-35 -0.67690250206779801 -0.033858286262446871 0.36100958386952187 -0.76222364307300394
decision_type=2 2 2 2 2 2 2 2 2
left_child=4 2 -2 -3 -1 8 7 -7 -6
right_child=1 3 -4 -5 5 6 -8 -9 -10
leaf_value=-0.022920871238661784 0.013232799617496889 0.027301845462689437 -0.015723822148597265 0.0037614158735372366 -0.0042778071097301241 0.021997386695603104 -0.016917429599641903 0.0005194072356798431 -0.021071093357405427
leaf_weight=9.9990031719207746 9.7168846130371112 12.35892164707184 6.9709842801094046 8.8873389363288862 6.19924196600914 5.8718004226684588 6.4812829494476345 5.8199786841869354 6.4871085882186872
leaf_count=28 26 33 19 24 17 16 18 16 18
internal_value=-3.68829e-05 0.011324 0.000467631 0.0188515 -0.0107434 -0.005483 0.00167249 0.013327 -0.0149225
internal_weight=78.7925 37.9341 16.6879 21.2463 40.8584 30.8594 18.1731 11.6918 12.6864
internal_count=215 102 45 57 113 85 50 32 35
is_linear=0
shrinkage=0.035


Tree=22
num_leaves=12
num_cat=0
split_feature=18 18 17 18 23 6 11 17 16 18 19
split_gain=2.30448 2.83685 2.25019 4.02374 2.19673 1.74795 2.16777 4.03145 0.783422 0.450011 0.322634
threshold=0.10284295271214593 -1.3642962405896522 0.090177484408203792 -0.12598702375087459 -0.54585503238625244 1.0000000180025095e-35 -0.99209996736114625 -0.5615321150609619 1.204201770653522 -0.44486177588348957 -0.25809634553798433
decision_type=2 2 2 2 2 2 2 2 2 2 2
left_child=1 -1 3 9 10 -2 -7 -8 -9 -3 -4
right_child=5 2 4 -5 -6 6 7 8 -10 -11 -12
leaf_value=-0.016107540960882072 -0.018987878155353213 -0.018755727610889214 0.031728113209412614 0.018249638404917889 -0.0021333946945149541 -0.017317938193210758 0.025028305900536188 -0.015994991956406843 0.0013388633724866106 -0.0022921344106932801 0.012407283370437885
leaf_weight=4.4936759769916526 8.4349957704544085 5.5312730967998514 5.1590177714824685 6.3954720795154563 4.7561962604522714 5.0496853590011623 5.6492215394973782 4.462658882141108 4.7725100517272949 4.7732735276222238 8.2581447064876539
leaf_count=15 28 18 15 19 15 17 18 15 15 15 25
internal_value=0 0.00535067 0.00898179 -0.000190665 0.0168541 -0.00734563 -0.000897766 0.0057535 -0.00792625 -0.0131683 0.0233291
internal_weight=67.7361 39.3671 34.8734 16.7 18.1734 28.3691 19.9341 14.8844 9.23517 10.3045 13.4172
internal_count=215 122 107 52 55 93 65 48 30 33 40
is_linear=0
shrinkage=0.035


Tree=23
num_leaves=8
num_cat=0
split_feature=15 18 11 9 21 5 20
split_gain=7.83818 4.74815 5.15326 1.60832 1.52555 1.37569 0.993402
threshold=0.66502850265959079 -0.2928523886790913 0.21066407817722535 0.4078056654536662 0.39066000111636723 0.76874817775459225 -0.41890118250509062
decision_type=2 2 2 2 2 2 2
left_child=1 2 -1 4 6 -2 -3
right_child=5 3 -4 -5 -6 -7 -8
leaf_value=0.023882464171333051 0.0063239426865078227 -0.0059989708007112128 -0.012028164553145414 0.00072933822736652887 0.00010867692830276855 0.031080384469080225 -0.026135061646840273
leaf_weight=8.8426991403102857 6.710531532764433 6.334622502326968 7.0292866826057425 6.3125140666961661 4.2766675651073447 7.0405550003051758 14.97683852910996
leaf_count=28 22 23 25 22 15 22 58
internal_value=7.42768e-05 -0.00665728 0.00811855 -0.014209 -0.0178703 0.0216695 -0.0214032
internal_weight=61.5237 47.7726 15.872 31.9006 25.5881 13.7511 21.3115
internal_count=215 171 53 118 96 44 81
is_linear=0
shrinkage=0.035


Tree=24
num_leaves=10
num_cat=0
split_feature=18 10 14 12 4 20 14 4 17
split_gain=7.71468 2.4741 3.32875 2.01555 1.89248 1.66694 2.03081 0.846329 0.262439
threshold=1.0000000180025095e-35 0.26116013294274443 -0.044605987257634747 1.0728154852627068 -1.3960792431143731 -0.33873762733055174 -0.41573655029838269 1.0000000180025095e-35 0.14468954346261204
decision_type=2 2 2 2 2 2 2 2 2
left_child=4 2 -2 -3 -1 -6 8 -8 -7
right_child=1 3 -4 -5 5 6 7 -9 -10
leaf_value=0.00500785834925737 0.012797213435447968 0.026585541150418706 -0.015528135566298099 0.0036245401573789839 -0.023957810268998698 -0.020879177956603722 -0.0049342143329419962 0.01165047466475461 -0.0058008244758597748
leaf_weight=6.5736537873744956 9.7218583226203936 12.347811311483385 6.9571383595466605 8.8930824100971204 11.312457352876661 6.164040654897688 5.4259707629680651 5.470227062702179 5.7621472477912903
leaf_count=18 26 33 19 24 32 17 15 15 16
internal_value=-4.96156e-05 0.0109493 0.000303521 0.0183374 -0.010451 -0.0136857 -0.00686255 0.00350028 -0.0158504
internal_weight=78.6284 37.9199 16.679 21.2409 40.7085 34.1348 22.8224 10.8962 11.9262
internal_count=215 102 45 57 113 95 63 30 33
is_linear=0
shrinkage=0.035


Tree=25
num_leaves=12
num_cat=0
split_feature=18 18 11 9 18 6 11 17 17 0 16
split_gain=2.17687 2.71781 2.18555 3.33191 4.74674 1.71413 2.09705 3.85271 1.51714 0.879121 0.755394
threshold=0.10284295271214593 -1.3642962405896522 0.7476123127925699 0.20608644883146351 -0.20413791628426556 1.0000000180025095e-35 -0.99209996736114625 -0.5615321150609619 0.15937844448409708 1.0000000180025095e-35 1.204201770653522
decision_type=2 2 2 2 2 2 2 2 2 2 2
left_child=1 -1 3 4 9 -2 -7 -8 -5 -3 -9
right_child=5 2 -4 8 -6 6 7 10 -10 -11 -12
leaf_value=-0.015882352571429777 -0.018741050352164605 -0.012026204966481723 0.022082390469503443 -0.022482948268894975 0.032251852822330007 -0.017038208691434513 0.024454316471668729 -0.0157074769588985 0.00090552332969366211 0.0057108335871750571 0.0013295656711841452
leaf_weight=4.4529011249542227 8.3553758859634417 4.6841889619827235 8.8184436261653882 4.6761226058006269 6.1526456773281142 4.9894092679023769 5.7006606459617641 4.4088259637355751 5.7939838469028473 4.8404146432876587 4.7722872793674469
leaf_count=15 28 15 26 15 18 17 18 15 18 15 15
internal_value=0 0.00519054 0.00873031 0.00279158 0.0125368 -0.00716276 -0.000785733 0.00572523 -0.0110497 -0.00312991 -0.00772842
internal_weight=67.6453 39.4187 34.9658 26.1474 15.6772 28.2266 19.8712 14.8818 10.4701 9.5246 9.18111
internal_count=215 122 107 81 48 93 65 48 33 30 30
is_linear=0
shrinkage=0.035


Tree=26
num_leaves=10
num_cat=0
split_feature=18 13 21 6 4 5 16 22 6
split_gain=7.45935 3.41757 2.36677 2.27308 3.85286 1.83752 1.47498 0.985769 0.0195974
threshold=-1.3642962405896522 1.0000000180025095e-35 0.53241848253412083 1.0000000180025095e-35 -0.76222364307300394 0.45059445645095952 0.7870889881012102 -0.5499955121642971 -0.98451203828046341
decision_type=2 2 2 2 2 2 2 2 2
left_child=-1 2 6 4 -3 -5 8 -6 -2
right_child=1 3 -4 5 7 -7 -8 -9 -10
leaf_value=0.03433420484880003 -0.0072282200678252875 -0.0071054097849574055 0.0069773761989455974 -0.018014295112431831 0.033177632797428427 0.0059206311358306557 0.00071725117269423502 0.0068779117641433289 -0.022351245174236957
leaf_weight=4.9888596832752219 3.7961123883724275 6.4235392808914211 4.929077833890914 5.8402590900659543 5.2490739226341274 5.9586958587169647 4.189628690481185 4.8277692198753348 15.183660313487055
leaf_count=15 14 22 17 21 17 20 15 16 58
internal_value=8.70913e-05 -0.00392457 -0.0122244 0.004406 0.0123033 -0.00644007 -0.0167478 0.0242379 -0.0205542
internal_weight=61.3867 56.3978 28.0985 28.2993 16.5004 11.799 23.1694 10.0768 18.9798
internal_count=215 200 104 96 55 41 87 33 72
is_linear=0
shrinkage=0.035


Tree=27
num_leaves=10
num_cat=0
split_feature=18 10 14 12 2 14 16 11 4
split_gain=7.26592 2.38423 3.17219 1.91978 1.84424 1.82692 3.76364 1.05781 0.499242
threshold=1.0000000180025095e-35 0.26116013294274443 -0.044605987257634747 1.0728154852627068 1.0000000180025095e-35 -0.67690250206779801 -0.033858286262446871 0.36100958386952187 -0.76222364307300394
decision_type=2 2 2 2 2 2 2 2 2
left_child=4 2 -2 -3 -1 8 7 -7 -6
right_child=1 3 -4 -5 5 6 -8 -9 -10
leaf_value=-0.022172605702167236 0.012374742670237665 0.025922582544569528 -0.01529423103082384 0.0035047750591544794 -0.0040057318068687821 0.021726870839764944 -0.01637063614056037 0.00074217930697836475 -0.020312487303175832
leaf_weight=9.8787203729152662 9.7242448031902331 12.329209685325624 6.9394876062870017 8.8978690207004529 6.1766507923603058 5.8786781430244464 6.4272127151489284 5.7982003390789032 6.4152471721172315
leaf_count=28 26 33 19 24 17 16 18 16 18
internal_value=-5.97247e-05 0.0106104 0.000166736 0.0178625 -0.0101777 -0.00503671 0.00194029 0.013323 -0.0143188
internal_weight=78.4655 37.8908 16.6637 21.2271 40.5747 30.696 18.1041 11.6769 12.5919
internal_count=215 102 45 57 113 85 50 32 35
is_linear=0
shrinkage=0.035


Tree=28
num_leaves=11
num_cat=0
split_feature=23 8 6 1 17 13 8 4 18 22
split_gain=2.04555 3.41557 4.08993 2.43834 2.09112 3.60057 1.98149 4.33521 0.832642 0.117121
threshold=-0.54585503238625244 1.2261813331489819 -0.98451203828046341 -0.72612185471520541 0.090177484408203792 -1.0000000180025095e-35 1.0000000180025095e-35 0.8224153570304199 -0.69905415822281936 0.96223355718537429
decision_type=2 2 2 2 2 2 2 2 2 2
left_child=1 2 9 -2 5 -4 -5 -8 -6 -1
right_child=3 -3 4 6 8 -7 7 -9 -10 -11
leaf_value=-0.012592878276307435 -0.020333528681410733 -0.016139258907946975 0.020676402359699145 0.014742775821217613 0.011025466404649719 -0.010409107048717853 -0.023852099783581413 0.014478809565243826 0.035347135205478664 -0.0021768430507056145
leaf_weight=4.7480632960796338 8.9750210940837878 6.0538328289985648 6.8872005045413944 5.7441598474979427 6.9550565183162689 7.3672841787338301 6.2624937891960126 4.4906987249851227 5.3440264761447889 4.7250886261463165
leaf_count=15 29 19 22 18 21 24 21 15 16 15
internal_value=0 0.00463865 0.00893338 -0.00752904 0.0157537 0.00498326 0.000598474 -0.00767261 0.0254264 -0.00914021
internal_weight=67.5529 42.0806 36.0267 25.4724 26.5536 14.2545 16.4974 10.7532 12.2991 9.47315
internal_count=215 132 113 83 83 46 54 36 37 30
is_linear=0
shrinkage=0.035


Tree=29
num_leaves=9
num_cat=0
split_feature=15 10 1 11 15 0 9 14
split_gain=7.12546 4.49665 2.64614 3.53314 4.89369 1.32838 0.0571084 0.0106594
threshold=0.66502850265959079 0.11953752879667551 -0.99881390495759692 0.21066407817722535 -0.64103492145189922 0.7818198612212458 0.20608644883146351 -0.60817462002321498
decision_type=2 2 2 2 2 2 2 2
left_child=1 2 -1 4 -4 -2 -3 -6
right_child=5 6 3 -5 7 -7 -8 -9
leaf_value=-0.013556922105868242 0.028790711645563627 -0.022660491041609523 -0.0072219203120861596 -0.0094632211205695448 0.037258103515541999 0.0047722736188495259 -0.0087240847693453808 0.013671556177696767
leaf_weight=7.7399434894323376 7.8437678217887861 11.433422580361368 5.3482397347688702 7.5732722431421271 4.7751262933015832 6.1112220287322998 5.7635730206966391 4.6539474874734852
leaf_count=28 24 44 20 27 15 20 21 16
internal_value=0.000113407 -0.00638997 0.00178221 0.0079869 0.0173049 0.0205182 -0.0196587 0.0305054
internal_weight=61.2425 47.2875 30.0905 22.3506 14.7773 13.955 17.197 9.42907
internal_count=215 171 106 78 51 44 65 31
is_linear=0
shrinkage=0.035


Tree=30
num_leaves=10
num_cat=0
split_feature=18 10 14 12 4 20 14 4 17
split_gain=6.85128 2.2521 3.02133 1.8468 1.78719 1.60512 1.94688 0.819987 0.293319
threshold=1.0000000180025095e-35 0.26116013294274443 -0.044605987257634747 1.0728154852627068 -1.3960792431143731 -0.33873762733055174 -0.41573655029838269 1.0000000180025095e-35 0.14468954346261204
decision_type=2 2 2 2 2 2 2 2 2
left_child=4 2 -2 -3 -1 -6 8 -8 -7
right_child=1 3 -4 -5 5 6 7 -9 -10
leaf_value=0.0050498708251011061 0.012035800093181157 0.025242070852766404 -0.014985589064431553 0.0032910833605304299 -0.023220795305822089 -0.02039431234572537 -0.0046613814199048522 0.011685572945015333 -0.0052663498799044332
leaf_weight=6.566210448741912 9.7251712679862994 12.303803294897081 6.9188113808631888 8.9062213301658613 11.163690984249113 6.1185444295406324 5.4008671343326586 5.4581586122512817 5.7225233614444733
leaf_count=18 26 33 19 24 32 17 15 15 16
internal_value=-7.88587e-05 0.0102792 0.000118975 0.0173288 -0.00992812 -0.0130984 -0.00643063 0.00368648 -0.01528
internal_weight=78.284 37.854 16.644 21.21 40.43 33.8638 22.7001 10.859 11.8411
internal_count=215 102 45 57 113 95 63 30 33
is_linear=0
shrinkage=0.035


Tree=31
num_leaves=11
num_cat=0
split_feature=18 18 11 13 12 19 14 10 10 13
split_gain=1.96929 2.55765 2.04075 3.12757 2.99164 1.70778 2.25798 0.285892 0.186452 0.132983
threshold=0.10284295271214593 -1.3642962405896522 0.7476123127925699 -1.0000000180025095e-35 -0.17109431036004538 -0.17118841399426216 0.82136532650411065 -0.62398114297018592 -0.16370767949546217 0.47394215617438157
decision_type=2 2 2 2 2 2 2 2 2 2
left_child=1 -1 3 7 9 6 8 -3 -2 -5
right_child=5 2 -4 4 -6 -7 -8 -9 -10 -11
leaf_value=-0.01560424016833795 -0.0059440592466126763 0.0052666548198463878 0.021168958790780179 -0.022615003870771592 0.009527474562237374 0.0068984793596724341 0.0050133343113483121 0.021777828579344148 -0.020923155908939839 -0.0066727470247601372
leaf_weight=4.400612771511077 4.5705558955669447 4.8834589719772339 8.9117812812328321 4.9166871905326843 6.5656672418117568 6.5177858471870413 5.9699168801307669 5.1617231070995313 10.920588731765747 4.6480115056037903
leaf_count=15 15 15 26 16 20 21 19 15 38 15
internal_value=0 0.00492099 0.00833946 0.00259258 -0.00657307 -0.00685249 -0.0114845 0.0163941 -0.0179888 -0.0178155
internal_weight=67.4668 39.4879 35.0873 26.1755 16.1304 27.9788 21.4611 10.0452 15.4911 9.5647
internal_count=215 122 107 81 51 93 72 30 53 31
is_linear=0
shrinkage=0.035


Tree=32
num_leaves=9
num_cat=0
split_feature=18 17 6 11 22 5 1 1
split_gain=6.87867 3.13377 3.58902 2.77013 2.37028 2.13085 2.0605 0.975972
threshold=-1.3642962405896522 -0.59539712155431912 1.0000000180025095e-35 0.21066407817722535 -0.5499955121642971 0.45059445645095952 -0.72612185471520541 -0.72612185471520541
decision_type=2 2 2 2 2 2 2 2
left_child=-1 7 3 6 -5 -4 -3 -2
right_child=1 2 5 4 -6 -7 -8 -9
leaf_value=0.032731991178726647 -0.002828896105350409 0 -0.019350435990796316 0.013987436856684941 -0.013362876540097076 0.0030555940669549008 0.028712851074114996 -0.023574909061905333
leaf_weight=5.0922126471996298 5.4917321801185599 4.3580318391323063 10.167892307043077 4.5279305577278137 7.4670253396034223 7.6324151158332816 8.0217066258192098 8.3554794043302518
leaf_count=15 21 15 38 15 26 26 26 33
internal_value=0.000120401 -0.00377947 0.00104198 0.00955654 -0.00213989 -0.0101398 0.0199759 -0.0170738
internal_weight=61.1144 56.0222 42.175 24.3747 11.995 17.8003 12.3797 13.8472
internal_count=215 200 146 82 41 64 41 54
is_linear=0
shrinkage=0.035


Tree=33
num_leaves=11
num_cat=0
split_feature=18 21 1 16 2 14 16 11 9 4
split_gain=6.43586 2.19092 3.65204 1.91168 1.77802 1.75056 3.58921 1.00711 0.658945 0.473328
threshold=1.0000000180025095e-35 0.10714303828086021 0.91003044673914391 0.38083730134401345 1.0000000180025095e-35 -0.67690250206779801 -0.033858286262446871 0.36100958386952187 -0.60079041765734709 -0.76222364307300394
decision_type=2 2 2 2 2 2 2 2 2 2
left_child=4 2 3 -2 -1 9 7 -7 -3 -6
right_child=1 8 -4 -5 5 6 -8 -9 -10 -11
leaf_value=-0.021484508331298877 0.030371372537721361 -0.0086625626861190821 -0.0058906977599686621 0.0054835918983290903 -0.0037534532830163039 0.021458048086437229 -0.015804979903345555 0.00086912150549420741 0.0053235489215245025 -0.01962047030351589
leaf_weight=9.7552851736545545 11.906820178031927 6.3177945017814636 6.2075525224208823 7.4244892299175254 6.1534301042556763 5.8824300169944781 6.3678981065750149 5.7822214066982269 5.9447929561138135 6.3438844978809339
leaf_count=28 32 17 17 20 17 16 18 16 16 18
internal_value=-9.08772e-05 0.00994793 0.0154582 0.0224693 -0.0096599 -0.00463155 0.00217899 0.0132572 -0.00171841 -0.0137656
internal_weight=78.0866 37.8014 25.5389 19.3313 40.2851 30.5299 18.0325 11.6647 12.2626 12.4973
internal_count=215 102 69 52 113 85 50 32 33 35
is_linear=0
shrinkage=0.035


Tree=34
num_leaves=12
num_cat=0
split_feature=21 18 1 13 23 21 18 19 15 13 6
split_gain=1.904 2.1022 2.46539 2.38219 1.54826 1.63716 1.53596 1.29232 0.952214 0.896365 0.592174
threshold=1.0000000180025095e-35 0.10284295271214593 1.1827224969815358 0.29779613203260208 -0.54010348767421013 -0.45989088739015366 -0.44486177588348957 -0.17118841399426216 0.35561198073791617 -0.42087964646585968 0.21884264182357094
decision_type=2 2 2 2 2 2 2 2 2 2 2
left_child=4 2 3 6 5 -1 -2 9 -7 -3 -5
right_child=1 7 -4 10 -6 8 -8 -9 -10 -11 -12
leaf_value=0.012012544435999225 0 -0.015925055250436897 0.02582785910511019 -0.014177938402943317 -0.022510751790526109 -0.017729309501386271 0.023799073841986897 0.0073661081352762022 0.0011641075382271676 0.00074032885206236658 0
leaf_weight=4.7214932143688211 5.3163447380065918 8.7950979471206665 6.4272915422916403 5.3434495925903303 4.8828629255294791 5.1178304851055145 5.5009301006794029 5.5663585960865012 4.7286982536315918 5.0616171360015878 5.8878557085990906
leaf_count=15 17 30 19 17 16 17 16 18 15 17 18
internal_value=0 0.00373699 0.00958698 0.00288012 -0.00873192 -0.00163683 0.0135893 -0.00468887 -0.00954805 -0.0101808 -0.00753248
internal_weight=67.3498 47.8989 28.4759 22.0486 19.4509 14.568 10.8173 19.4231 9.84653 13.8567 11.2313
internal_count=215 152 87 68 63 47 33 65 32 47 35
is_linear=0
shrinkage=0.035


Tree=35
num_leaves=9
num_cat=0
split_feature=15 10 1 11 15 5 9 14
split_gain=6.54708 4.14633 2.53838 3.31431 4.43245 1.24731 0.0760945 0.0188372
threshold=0.66502850265959079 0.11953752879667551 -0.99881390495759692 0.21066407817722535 -0.64103492145189922 0.76874817775459225 0.20608644883146351 -0.60817462002321498
decision_type=2 2 2 2 2 2 2 2
left_child=1 2 -1 4 -4 -2 -3 -6
right_child=5 6 3 -5 7 -7 -8 -9
leaf_value=-0.0134567362728125 0.0053196374972669649 -0.0221671023110512 -0.0069136373666964313 -0.0092904995131648897 0.035416067423137965 0.028292064872444338 -0.0082595085192966686 0.012975711450102618
leaf_weight=7.6939522325992611 6.827583581209181 11.084874942898752 5.28111703693867 7.5232457965612403 4.8950205743312845 7.2905227839946747 5.6611523777246466 4.7207494676113102
leaf_count=28 22 44 20 27 15 22 21 16
internal_value=0.000128836 -0.00617464 0.00160793 0.00767139 0.016634 0.0195468 -0.0191284 0.0289822
internal_weight=60.9782 46.8601 30.1141 22.4201 14.8969 14.1181 16.746 9.61577
internal_count=215 171 106 78 51 44 65 31
is_linear=0
shrinkage=0.035


Tree=36
num_leaves=10
num_cat=0
split_feature=18 10 14 18 23 12 4 1 20
split_gain=6.03021 2.14132 2.80467 1.73377 2.69112 1.71129 1.40564 0.686605 0.606626
threshold=1.0000000180025095e-35 0.26116013294274443 -0.044605987257634747 -0.84732111398146559 -0.54585503238625244 1.0728154852627068 -1.0791514430936886 0.36464634625436082 -0.17841051698147381
decision_type=2 2 2 2 2 2 2 2 2
left_child=3 2 -2 8 6 -3 -5 -8 -1
right_child=1 5 -4 4 -6 -7 7 -9 -10
leaf_value=-0.024900056457922971 0.011264642716678359 0.024130758334752919 -0.014801682777655527 0.0032504233179737594 0.014383653637462848 0.0030136264328423641 -0.020564915899358226 -0.0032239170174910986 -0.0061268395831231073
leaf_weight=7.6056640446186066 9.7142728865146655 12.233150273561479 6.8971243798732749 6.1655459403991726 5.7760604023933437 8.9153498411178571 8.4286460280418378 6.1193638443946829 6.0317457020282728
leaf_count=22 26 33 19 17 16 24 24 17 17
internal_value=-0.000109847 0.00960431 0 -0.00939757 -0.00340478 0.0164849 -0.00942604 -0.0148592 -0.0187781
internal_weight=77.8869 37.7599 16.6114 40.127 26.4896 21.1485 20.7136 14.548 13.6374
internal_count=215 102 45 113 74 57 58 41 39
is_linear=0
shrinkage=0.035


Tree=37
num_leaves=11
num_cat=0
split_feature=23 8 6 1 8 4 17 13 18 22
split_gain=1.8331 3.27423 3.842 2.37081 1.81412 4.22238 1.76408 3.45915 0.816499 0.121782
threshold=-0.54585503238625244 1.2261813331489819 -0.98451203828046341 -0.72612185471520541 1.0000000180025095e-35 0.8224153570304199 0.090177484408203792 -1.0000000180025095e-35 -0.69905415822281936 0.96223355718537429
decision_type=2 2 2 2 2 2 2 2 2 2
left_child=1 2 9 -2 -5 -6 7 -4 -8 -1
right_child=3 -3 6 4 5 -7 8 -9 -10 -11
leaf_value=-0.012437442242528556 -0.019891057465652905 -0.015979327084706247 0.020405256489783481 0.014296031160759191 -0.023410719857378994 0.014571518887397097 0.010210876993147665 -0.010116585890620276 0.033618393146536182 -0.0020139814699735169
leaf_weight=4.7176516354083997 8.8130325376987475 6.0135591626167288 6.9014286994934055 5.7743757069110897 6.1088491380214673 4.4759683012962341 7.0225509703159332 7.2887467145919844 5.4440771639347059 4.6862548589706421
leaf_count=15 29 19 22 18 21 15 21 24 16 15
internal_value=0 0.00441264 0.00861217 -0.0071455 0.000853709 -0.0071689 0.0151902 0.00509047 0.0240302 -0.00896766
internal_weight=67.2465 42.0743 36.0607 25.1722 16.3592 10.5848 26.6568 14.1902 12.4666 9.40391
internal_count=215 132 113 83 54 36 83 46 37 30
is_linear=0
shrinkage=0.035


Tree=38
num_leaves=9
num_cat=0
split_feature=18 17 6 11 22 5 1 1
split_gain=6.29534 2.92152 3.3247 2.55338 2.26443 2.0137 1.90986 0.984524
threshold=-1.3642962405896522 -0.59539712155431912 1.0000000180025095e-35 0.21066407817722535 -0.5499955121642971 0.45059445645095952 -0.72612185471520541 -0.72612185471520541
decision_type=2 2 2 2 2 2 2 2
left_child=-1 7 3 6 -5 -4 -3 -2
right_child=1 2 5 4 -6 -7 -8 -9
leaf_value=0.031079992404226625 -0.0024330603912901972 0 -0.018946303249205817 0.013558784505192208 -0.013168480286234664 0.0028991241028306094 0.027369484748728513 -0.023216452091263249
leaf_weight=5.1935755908489218 5.413100227713584 4.3615764230489704 9.9544498175382632 4.5610444843769073 7.4028330743312818 7.6484573483467093 8.1653177440166509 8.134247422218321
leaf_count=15 21 15 38 15 26 26 26 33
internal_value=0.00013449 -0.00364108 0.000985224 0.00913385 -0.00212056 -0.00985928 0.019056 -0.016631
internal_weight=60.8346 55.641 42.0937 24.4908 11.9639 17.6029 12.5269 13.5473
internal_count=215 200 146 82 41 64 41 54
is_linear=0
shrinkage=0.035


Tree=39
num_leaves=11
num_cat=0
split_feature=18 21 1 16 2 14 16 11 9 4
split_gain=5.70747 2.1211 3.41012 1.79136 1.72663 1.65049 3.3725 0.96998 0.659057 0.464207
threshold=1.0000000180025095e-35 0.10714303828086021 0.91003044673914391 0.38083730134401345 1.0000000180025095e-35 -0.67690250206779801 -0.033858286262446871 0.36100958386952187 -0.60079041765734709 -0.76222364307300394
decision_type=2 2 2 2 2 2 2 2 2 2
left_child=4 2 3 -2 -1 9 7 -7 -3 -6
right_child=1 8 -4 -5 5 6 -8 -9 -10 -11
leaf_value=-0.020875096184029003 0.02923369639601275 -0.0089988547562558467 -0.0058471953055570297 0.0051557974162670279 -0.0033855335180338949 0.021082211822758729 -0.015200967182281864 0.00085323923624279572 0.0049861540617579213 -0.018953129812318299
leaf_weight=9.6376555860042554 11.844176262617117 6.3079257905483246 6.1808302104473105 7.4212570190429679 6.119685560464859 5.891234219074251 6.2951378524303463 5.7758405208587646 5.9401890039443952 6.2671667337417585
leaf_count=28 32 17 17 20 17 16 18 16 16 18
internal_value=-0.000124563 0.00932839 0.0147727 0.0215627 -0.00918052 -0.00424349 0.0023497 0.0130422 -0.00209998 -0.0131668
internal_weight=77.6811 37.6944 25.4463 19.2654 39.9867 30.3491 17.9622 11.6671 12.2481 12.3869
internal_count=215 102 69 52 113 85 50 32 33 35
is_linear=0
shrinkage=0.035


Tree=40
num_leaves=12
num_cat=0
split_feature=21 12 17 14 23 1 18 23 21 17 15
split_gain=1.80969 1.97175 3.2281 2.59233 3.33211 1.83704 1.48051 1.46353 1.54993 1.22388 0.916145
threshold=1.0000000180025095e-35 0.50740194179781928 -0.86512934234881822 -1.0434512063055736 -0.54585503238625244 -0.72612185471520541 -0.3884172277668077 -0.54010348767421013 -0.45989088739015366 -0.15212188759675552 0.35561198073791617
decision_type=2 2 2 2 2 2 2 2 2 2 2
left_child=7 2 -2 -4 6 -6 -5 8 -1 -3 -10
right_child=1 9 3 4 5 -7 -8 -9 10 -11 -12
leaf_value=0.011595788747411559 -0.013353027173309103 0.0032087445153925979 -0.0064492995197984546 0.010714038936698134 -0.011886480080072275 0.012325502831738562 0.03897967144623557 -0.022052085819331779 -0.01744437712697652 -0.016632652100448453 0.0011194672388642438
leaf_weight=4.752181977033616 5.5081475973129264 5.4678568542003632 5.8700096011161795 6.9751679003238678 4.6167836487293243 7.0176976919174212 6.2496527433395404 4.7775050997734061 5.0591089725494385 6.1263478100299817 4.7188184559345245
leaf_count=15 19 18 19 21 15 23 18 16 17 19 15
internal_value=0 0.00366762 0.00768785 0.0122053 0.0169579 0.00199842 0.0277822 -0.00851956 -0.0016227 -0.00779378 -0.00937094
internal_weight=67.1393 47.8317 36.2375 30.7293 24.8593 11.6345 13.2248 19.3076 14.5301 11.5942 9.77793
internal_count=215 152 115 96 77 38 39 63 47 37 32
is_linear=0
shrinkage=0.035


Tree=41
num_leaves=9
num_cat=0
split_feature=15 10 1 11 15 0 9 14
split_gain=5.9916 3.86044 2.43013 3.11416 4.03392 1.23499 0.0942349 0.0256906
threshold=0.66502850265959079 0.11953752879667551 -0.99881390495759692 0.21066407817722535 -0.64103492145189922 0.7818198612212458 0.20608644883146351 -0.60817462002321498
decision_type=2 2 2 2 2 2 2 2
left_child=1 2 -1 4 -4 -2 -3 -6
right_child=5 6 3 -5 7 -7 -8 -9
leaf_value=-0.013300918134237099 0.026395819082148803 -0.021728825275375549 -0.0066048212395643166 -0.0090890138980729302 0.033822126875635732 0.0038412758000968055 -0.0078290925477823396 0.012361187604640495
leaf_weight=7.6267779469490078 8.0655076801776868 10.767626091837885 5.2128959149122265 7.467300906777381 4.9946295619010934 6.2102317810058585 5.5656832456588736 4.7781614214181873
leaf_count=28 24 44 20 27 15 20 21 16
internal_value=0.000138672 -0.00595979 0.0015002 0.00741918 0.0160558 0.0185844 -0.0186495 0.0276578
internal_weight=60.6888 46.4131 30.0798 22.453 14.9857 14.2757 16.3333 9.77279
internal_count=215 171 106 78 51 44 65 31
is_linear=0
shrinkage=0.035


Tree=42
num_leaves=10
num_cat=0
split_feature=18 10 14 2 12 14 16 11 4
split_gain=5.33989 2.0256 2.57776 1.66926 1.63417 1.60123 3.23603 0.933738 0.457782
threshold=1.0000000180025095e-35 0.26116013294274443 -0.044605987257634747 1.0000000180025095e-35 1.0728154852627068 -0.67690250206779801 -0.033858286262446871 0.36100958386952187 -0.76222364307300394
decision_type=2 2 2 2 2 2 2 2 2
left_child=3 2 -2 -1 -3 8 7 -7 -5
right_child=1 4 -4 5 -6 6 -8 -9 -10
leaf_value=-0.020461523000473707 0.010519006247030831 0.023206659253214589 -0.014497086124720528 -0.0032253537217524983 0.0026435381172645587 0.020744707003279277 -0.014842335958454831 0.00086423294079361211 -0.018632324118071576
leaf_weight=9.5552037060260755 9.6927859187126177 12.152660369873049 6.8690403997898093 6.1055836379528046 8.9237962961196882 5.9007227420806903 6.2538810968399074 5.772438645362854 6.2284359633922559
leaf_count=28 26 33 19 17 24 16 18 16 18
internal_value=-0.000135954 0.00900606 -1.77113e-05 -0.00892085 0.0157114 -0.00407146 0.00241423 0.0128621 -0.012886
internal_weight=77.4545 37.6383 16.5618 39.8163 21.0765 30.2611 17.927 11.6732 12.334
internal_count=215 102 45 113 57 85 50 32 35
is_linear=0
shrinkage=0.035


Tree=43
num_leaves=12
num_cat=0
split_feature=21 12 17 14 23 1 23 21 18 17 15
split_gain=1.73429 1.89612 3.09376 2.49528 3.16432 1.75489 1.42343 1.48585 1.40039 1.19202 0.890013
threshold=1.0000000180025095e-35 0.50740194179781928 -0.86512934234881822 -1.0434512063055736 -0.54585503238625244 -0.72612185471520541 -0.54010348767421013 -0.45989088739015366 -0.3884172277668077 -0.15212188759675552 0.35561198073791617
decision_type=2 2 2 2 2 2 2 2 2 2 2
left_child=6 2 -2 -4 8 -6 7 -1 -5 -3 -9
right_child=1 9 3 4 5 -7 -8 10 -10 -11 -12
leaf_value=0.01132894315897671 -0.013138312321310672 0.0031703081103487125 -0.0063783403422979076 0.010457637833959178 -0.011657517165398467 0.012019429849930182 -0.021780438635122249 -0.017200278687808854 0.037938947147442732 -0.016422735293283433 0.0011156723294966518
leaf_weight=4.773945927619935 5.4640137553215018 5.4688456654548645 5.8564957082271567 6.9991471469402313 4.5815898478031158 7.0557786226272601 4.7142816185951224 5.0068998634815216 6.310830622911455 6.0885298848152143 4.7141495943069458
leaf_count=15 19 18 19 21 15 23 16 17 18 19 15
internal_value=0 0.00359158 0.00752873 0.0119322 0.0165799 0.00197034 -0.00835852 -0.00156339 0.0270846 -0.00766426 -0.00919541
internal_weight=67.0345 47.8252 36.2679 30.8038 24.9473 11.6374 19.2093 14.495 13.31 11.5574 9.72105
internal_count=215 152 115 96 77 38 63 47 39 37 32
is_linear=0
shrinkage=0.035


Tree=44
num_leaves=9
num_cat=0
split_feature=18 17 6 11 22 5 1 1
split_gain=5.83077 2.71096 3.08902 2.38156 2.16936 1.91341 1.76689 0.978191
threshold=-1.3642962405896522 -0.59539712155431912 1.0000000180025095e-35 0.21066407817722535 -0.5499955121642971 0.45059445645095952 -0.72612185471520541 -0.72612185471520541
decision_type=2 2 2 2 2 2 2 2
left_child=-1 7 3 6 -5 -4 -3 -2
right_child=1 2 5 4 -6 -7 -8 -9
leaf_value=0.029745399811405896 -0.0021200038411534313 0 -0.018595019966255309 0.013116170610810222 -0.013032085438165576 0.0027611357890471098 0.026155644962345018 -0.022840049829486203
leaf_weight=5.2698764503002158 5.3493424206972122 4.3563034981489155 9.7662104815244692 4.5953524112701416 7.3485041856765729 7.6562360674142829 8.2887722998857534 7.895274490118025
leaf_count=15 21 15 38 15 26 26 26 33
internal_value=0.000146007 -0.00352568 0.000902563 0.00871994 -0.00215685 -0.00962189 0.0182436 -0.0161919
internal_weight=60.5259 55.256 42.0114 24.5889 11.9439 17.4224 12.6451 13.2446
internal_count=215 200 146 82 41 64 41 54
is_linear=0
shrinkage=0.035


Tree=45
num_leaves=11
num_cat=0
split_feature=18 21 1 16 2 14 16 11 9 4
split_gain=5.01631 2.02714 3.1833 1.68719 1.62363 1.55038 3.10707 0.895233 0.658004 0.4472
threshold=1.0000000180025095e-35 0.10714303828086021 0.91003044673914391 0.38083730134401345 1.0000000180025095e-35 -0.67690250206779801 -0.033858286262446871 0.36100958386952187 -0.60079041765734709 -0.76222364307300394
decision_type=2 2 2 2 2 2 2 2 2 2
left_child=4 2 3 -2 -1 9 7 -7 -3 -6
right_child=1 8 -4 -5 5 6 -8 -9 -10 -11
leaf_value=-0.020098270015271764 0.028122115569143385 -0.009270269916066564 -0.005833278699746907 0.0047896458891703141 -0.0030863388811149853 0.020399199180318218 -0.014504151919960141 0.00088878472390782723 0.0047077326711287152 -0.018291465704515918
leaf_weight=9.4813306331634504 11.758886545896535 6.2933700680732727 6.1549613475799552 7.4147504866123191 6.0929776430130005 5.9082731604576129 6.210529416799548 5.7689792215824127 5.9359733462333661 6.1853801608085615
leaf_count=28 32 17 17 20 17 16 18 16 16 18
internal_value=-0.000143724 0.00871964 0.0140678 0.0206517 -0.00868155 -0.00390347 0.0024709 0.0126836 -0.0024085 -0.012603
internal_weight=77.2054 37.5579 25.3286 19.1736 39.6475 30.1661 17.8878 11.6773 12.2293 12.2784
internal_count=215 102 69 52 113 85 50 32 33 35
is_linear=0
shrinkage=0.035


Tree=46
num_leaves=12
num_cat=0
split_feature=21 12 7 18 18 1 12 23 21 17 15
split_gain=1.66815 1.82724 2.97006 2.11236 4.79705 1.73114 2.32076 1.38412 1.43107 1.16538 0.860022
threshold=1.0000000180025095e-35 0.50740194179781928 1.0000000180025095e-35 0.37942216580918325 -0.44486177588348957 -0.72612185471520541 -0.39725972774600021 -0.54010348767421013 -0.45989088739015366 -0.15212188759675552 0.35561198073791617
decision_type=2 2 2 2 2 2 2 2 2 2 2
left_child=7 2 3 4 -2 -4 -7 8 -1 -3 -10
right_child=1 9 5 -5 -6 6 -8 -9 10 -11 -12
leaf_value=0.011090053781268155 -0.015064375999293219 0.0031476241398811699 -0.00085173167712634804 -0.01762608285186491 0.022480707617194319 0.0017316592564662746 0.032057385674854576 -0.021525360555915897 -0.016963947367355507 -0.01623611571262051 0.0010638185256991032
leaf_weight=4.792502850294114 5.8307676911354056 5.4689807295799255 4.5564064979553249 5.4038043320178977 6.9082864969968822 5.3148512542247781 8.2626672387123072 4.6544629931449881 4.9554661214351654 6.0528929531574232 4.7131389379501343
leaf_count=15 19 18 15 19 21 16 25 16 17 19 15
internal_value=0 0.00352193 0.00738374 -0.00239296 0.00522754 0.0166921 0.02227 -0.00821721 -0.00152003 -0.00754246 -0.00904998
internal_weight=66.9142 47.7987 36.2768 18.1429 12.7391 18.1339 13.5775 19.1156 14.4611 11.5219 9.66861
internal_count=215 152 115 59 40 56 41 63 47 37 32
is_linear=0
shrinkage=0.035


Tree=47
num_leaves=9
num_cat=0
split_feature=18 17 6 11 22 5 1 1
split_gain=5.55933 2.6122 2.94995 2.25999 2.08263 1.85194 1.67483 0.957815
threshold=-1.3642962405896522 -0.59539712155431912 1.0000000180025095e-35 0.21066407817722535 -0.5499955121642971 0.45059445645095952 -0.72612185471520541 -0.72612185471520541
decision_type=2 2 2 2 2 2 2 2
left_child=-1 7 3 6 -5 -4 -3 -2
right_child=1 2 5 4 -6 -7 -8 -9
leaf_value=0.028953418301083309 -0.0020544361412333681 0 -0.018356391658188018 0.012770595343786155 -0.01284214373037173 0.0026912720617091506 0.025380718176723067 -0.02261529597630579
leaf_weight=5.3138923943042746 5.334914967417717 4.355304449796674 9.643145218491556 4.6272629350423813 7.2940372377634031 7.6629760712385169 8.3710687756538427 7.7540048509836179
leaf_count=15 21 15 38 15 26 26 26 33
internal_value=0.000152466 -0.00345364 0.000879421 0.00849509 -0.00211699 -0.00945143 0.0177298 -0.0159659
internal_weight=60.3566 55.0427 41.9538 24.6477 11.9213 17.3061 12.7264 13.0889
internal_count=215 200 146 82 41 64 41 54
is_linear=0
shrinkage=0.035


Tree=48
num_leaves=11
num_cat=0
split_feature=18 21 1 16 4 20 14 4 9 17
split_gain=4.7317 1.94758 3.05622 1.62201 1.60822 1.51341 1.76623 0.772009 0.651014 0.418011
threshold=1.0000000180025095e-35 0.10714303828086021 0.91003044673914391 0.38083730134401345 -1.3960792431143731 -0.33873762733055174 -0.41573655029838269 1.0000000180025095e-35 -0.60079041765734709 0.14468954346261204
decision_type=2 2 2 2 2 2 2 2 2 2
left_child=4 2 3 -2 -1 -6 9 -8 -3 -7
right_child=1 8 -4 -5 5 6 7 -9 -10 -11
leaf_value=0.0056333441182958481 0.027528541871918472 -0.0092543181004183187 -0.0057756778188574288 0.0046398871572512716 -0.02149468662596727 -0.019345956419470185 -0.0038847439494823655 0.012078238361598598 0.0046492019547734777 -0.0035698842695381511
leaf_weight=6.50412294268608 11.704772531986242 6.2885143160820007 6.1417169570922843 7.4132266938686362 10.713536888360975 5.9784346818923932 5.3140402138233203 5.3991943597793579 5.9373314976692182 5.5720567107200623
leaf_count=18 32 17 17 20 32 17 15 15 16 16
internal_value=-0.000147785 0.00846189 0.0137171 0.0201818 -0.00846265 -0.0115561 -0.00517957 0.00438174 -0.00242884 -0.0137731
internal_weight=76.9669 37.4856 25.2597 19.118 39.4814 32.9773 22.2637 10.7132 12.2258 11.5505
internal_count=215 102 69 52 113 95 63 30 33 33
is_linear=0
shrinkage=0.035


Tree=49
num_leaves=12
num_cat=0
split_feature=21 12 17 14 23 1 23 21 18 17 15
split_gain=1.59463 1.75546 2.84995 2.29227 2.97475 1.60991 1.34419 1.38324 1.27632 1.13323 0.830993
threshold=1.0000000180025095e-35 0.50740194179781928 -0.86512934234881822 -1.0434512063055736 -0.54585503238625244 -0.72612185471520541 -0.54010348767421013 -0.45989088739015366 -0.3884172277668077 -0.15212188759675552 0.35561198073791617
decision_type=2 2 2 2 2 2 2 2 2 2 2
left_child=6 2 -2 -4 8 -6 7 -1 -5 -3 -9
right_child=1 9 3 4 5 -7 -8 10 -10 -11 -12
leaf_value=0.010894515969351631 -0.012746195101582494 0.0030947807892920507 -0.0061764510140069635 0.010036934596578078 -0.011393414266203048 0.011282578620998601 -0.021254431753842003 -0.016731776002858668 0.036276812067435681 -0.016031560618754138 0.0010119888933417581
leaf_weight=4.8071351945400247 5.3768004179000846 5.4725652635097504 5.8164826929569236 7.0307243764400482 4.5373511612415314 7.1404427736997622 4.5883098244667044 4.9043477028608322 6.4015499949455279 6.0130551755428296 4.7120963037014008
leaf_count=15 19 18 19 21 15 23 16 17 18 19 15
internal_value=0 0.00343805 0.00721903 0.011413 0.0158361 0.00171044 -0.00805971 -0.00146551 0.0259633 -0.00742167 -0.00890801
internal_weight=66.8009 47.789 36.3034 30.9266 25.1101 11.6778 19.0119 14.4236 13.4323 11.4856 9.61644
internal_count=215 152 115 96 77 38 63 47 39 37 32
is_linear=0
shrinkage=0.035


Tree=50
num_leaves=10
num_cat=0
split_feature=18 17 6 11 1 22 5 1 5
split_gain=6.30943 2.50655 2.71891 2.35634 2.22793 2.17798 1.8025 0.949464 0.0100312
threshold=-1.5241524044139465 -0.59539712155431912 1.0000000180025095e-35 0.21066407817722535 -0.72612185471520541 -0.5499955121642971 0.45059445645095952 -0.72612185471520541 -0.23873860637357822
decision_type=2 2 2 2 2 2 2 2 2
left_child=-1 7 3 4 -3 -5 8 -2 -4
right_child=1 2 6 5 -6 -7 -8 -9 -10
leaf_value=0.033471664569206389 -0.0019330215066871664 -0.0014978971467901653 -0.0065569280715162721 0.012518115002127595 0.02579101921547345 -0.013483596083516475 0.0026650718383445476 -0.022426794646591246 -0.021434601849327783
leaf_weight=4.3075080513954154 5.3082691580057144 4.70297899842262 3.7904062867164621 4.6501053124666214 8.8064970821142232 7.5842982679605466 7.6625792533159247 7.6317570358514768 5.7381414175033578
leaf_count=12 21 16 15 15 27 27 26 33 23
internal_value=0.000158287 -0.00338713 0.000759016 0.00783727 0.0169845 -0.00286166 -0.00927928 -0.0157554 -0.018136
internal_weight=60.1825 55.875 42.935 25.7439 13.5095 12.2344 17.1911 12.94 9.52855
internal_count=215 203 149 85 43 42 64 54 38
is_linear=0
shrinkage=0.035


Tree=51
num_leaves=10
num_cat=0
split_feature=18 10 14 14 14 12 10 13 6
split_gain=4.44373 1.93166 2.29092 1.58873 2.10182 1.55111 1.37758 0.893359 0.845547
threshold=1.0000000180025095e-35 0.26116013294274443 -0.044605987257634747 0.23030554092069713 -0.67690250206779801 1.0728154852627068 -0.62398114297018592 0.17801683561619167 -1.2251829743012699
decision_type=2 2 2 2 2 2 2 2 2
left_child=3 2 -2 4 8 -3 -6 -8 -1
right_child=1 5 -4 -5 6 -7 7 -9 -10
leaf_value=-0.00084054547827565969 0.0094111625961730717 0.02211751069761024 -0.014207395228061765 -0.020637828816214007 -0.008316007647594225 0.0021690442538646144 0 0.017513385500287134 -0.018957656155231681
leaf_weight=5.6823405027389517 9.6336745023727435 12.015395373106005 6.8292696177959433 7.965490609407424 5.3269436657428768 8.9259329140186292 5.355344355106352 6.4385277926921844 8.550410598516466
leaf_count=16 26 33 19 24 15 24 15 18 25
internal_value=-0.000149711 0.00819657 -0.000579784 -0.00822903 -0.00387064 0.014774 0.00404631 0.0104068 -0.0130427
internal_weight=76.7233 37.4043 16.4629 39.3191 31.3536 20.9413 17.1208 11.7939 14.2328
internal_count=215 102 45 113 89 57 48 33 41
is_linear=0
shrinkage=0.035


Tree=52
num_leaves=12
num_cat=0
split_feature=21 12 7 18 18 9 23 21 17 15 4
split_gain=1.53434 1.69311 2.83653 1.98463 4.48418 1.60316 1.30633 1.3491 1.10314 0.808057 0.290412
threshold=1.0000000180025095e-35 0.50740194179781928 1.0000000180025095e-35 0.37942216580918325 -0.44486177588348957 0.78602919662029624 -0.54010348767421013 -0.45989088739015366 -0.15212188759675552 0.35561198073791617 -0.44529584305231923
decision_type=2 2 2 2 2 2 2 2 2 2 2
left_child=6 2 3 4 -2 10 7 -1 -3 -9 -4
right_child=1 8 5 -5 -6 -7 -8 9 -10 -11 -12
leaf_value=0.010751798748491775 -0.014833375143823845 0.003047372204667052 0.009453730740468097 -0.017338812924152618 0.021451458389838234 0.0018347226619548713 -0.021008740772171113 -0.016555397584785851 -0.015834794502712187 0.00096176951165336932 0.029872554412432542
leaf_weight=4.817588299512864 5.7795670330524436 5.4754259288311005 5.0559138655662546 5.3297060877084723 6.9807407706975964 7.3838378787040702 4.5250307321548453 4.8650886118412018 5.9746882617473585 4.7103289067745209 5.7674738764762887
leaf_count=15 19 18 16 19 21 23 16 17 19 15 17
internal_value=0 0.00337451 0.00708589 -0.00248062 0.00487813 0.0161554 -0.00792291 -0.00142739 -0.00730456 -0.0088075 0.0237058
internal_weight=66.6654 47.7474 36.2972 18.09 12.7603 18.2072 18.918 14.393 11.4501 9.57542 10.8234
internal_count=215 152 115 59 40 56 63 47 37 32 33
is_linear=0
shrinkage=0.035


Tree=53
num_leaves=9
num_cat=0
split_feature=18 13 17 21 16 14 14 14
split_gain=6.0614 2.45988 2.46202 2.30879 1.74209 1.63462 1.28231 0.269829
threshold=-1.5241524044139465 1.0000000180025095e-35 0.12010564412345802 0.39066000111636723 0.7870889881012102 -0.41573655029838269 0.29216063476082182 -0.60817462002321498
decision_type=2 2 2 2 2 2 2 2
left_child=-1 3 5 4 -2 -3 7 -4
right_child=1 2 6 -5 -6 -7 -8 -9
leaf_value=0.032723097127391465 -0.020653849625843993 0.024701191153766566 -0.00298635100368627 0.0061465119039015841 0.0029423852508297546 1.8200589822421971e-05 0.0054363565012359267 -0.016940844218468837
leaf_weight=4.3360549211502066 16.5064574033022 6.0909115076065063 5.0421079248189953 6.0492703765630713 3.7904672175645819 6.2670510560274142 6.8687708973884574 5.0635815411806098
leaf_count=12 68 19 17 22 14 22 23 18
internal_value=0.000155522 -0.00333643 0.00343179 -0.0107675 -0.0161431 0.0142956 -0.00487389 -0.0120558
internal_weight=60.0147 55.6786 29.3324 26.3462 20.2969 12.358 16.9745 10.1057
internal_count=215 203 99 104 82 41 58 35
is_linear=0
shrinkage=0.035


Tree=54
num_leaves=11
num_cat=0
split_feature=18 6 21 9 19 14 22 11 17 20
split_gain=4.27707 2.84384 3.46534 2.76388 2.73427 1.85362 1.65239 1.55003 0.917745 0.67731
threshold=-0.84732111398146559 0.4595135778443778 0.10714303828086021 -0.067675345155811653 -0.25809634553798433 1.0000000180025095e-35 -0.54460432118622337 -0.39071794459196046 -0.47004175944202692 -0.17841051698147381
decision_type=2 2 2 2 2 2 2 2 2 2
left_child=9 3 7 4 8 6 -5 -3 -2 -1
right_child=1 2 -4 5 -6 -7 -8 -9 -10 -11
leaf_value=-0.023265192574235437 0.022793121927696124 0.0055266009794920478 -0.0051942350676189618 0.0096390629924016941 -0.0069140678986352871 -0.022711721649445793 -0.013058955407210009 0.030669936517009892 0.0023348548600243923 -0.0045479743011529548
leaf_weight=7.2971296310424805 7.321525961160658 6.5119166374206552 7.2821711599826804 6.1333459615707406 9.3458589315414446 7.3495597541332236 5.5309693217277536 8.4816891551017761 5.3584100306034088 5.8765992522239667
leaf_count=22 20 18 20 17 26 21 16 23 15 17
internal_value=-0.00016452 0.00366237 0.0131943 -0.00176214 0.0062933 -0.0110543 -0.0010757 0.0219944 0.0160013 -0.0169617
internal_weight=76.4892 63.3154 22.2758 41.0397 22.0258 19.0139 11.6643 14.9936 12.6799 13.1737
internal_count=215 176 61 115 61 54 33 41 35 39
is_linear=0
shrinkage=0.035


Tree=55
num_leaves=10
num_cat=0
split_feature=19 13 11 9 6 1 20 14 1
split_gain=1.48987 2.74929 1.97737 1.92937 3.60099 2.10653 2.05579 1.0831 0.889509
threshold=-0.17118841399426216 -0.42087964646585968 0.21066407817722535 -0.26459172328700942 0.4595135778443778 1.0000000180025095e-35 -0.41890118250509062 0.47772591628119587 -0.99881390495759692
decision_type=2 2 2 2 2 2 2 2 2
left_child=3 -2 -3 7 5 6 -5 8 -1
right_child=1 2 -4 4 -6 -7 -8 -9 -10
leaf_value=-0.00046226367975194801 0.024849644246137448 -0.014577040925898527 0.0089251824360675747 0.012714531468876328 -0.015108160945355482 0.020569020925905721 -0.013750137142884583 0.0017539591679224854 -0.020450707657178522
leaf_weight=4.3362231552600869 5.5043569207191494 5.6673003435134879 8.1555391252040845 4.9955887794494656 7.8475595712661734 9.6234622597694379 5.3593172729015377 4.7913000732660285 10.249228268861771
leaf_count=14 17 19 25 15 26 29 18 16 36
internal_value=0 0.0077532 -0.00100339 -0.00332226 0.00244112 0.0103209 -0.000566252 -0.0112984 -0.0155971
internal_weight=66.5299 19.3272 13.8228 47.2027 27.8259 19.9784 10.3549 19.3768 14.5855
internal_count=215 61 44 154 88 62 33 66 50
is_linear=0
shrinkage=0.035


Tree=56
num_leaves=10
num_cat=0
split_feature=18 17 6 11 1 22 5 1 5
split_gain=5.82478 2.33183 2.57565 2.21749 2.10214 2.09226 1.73095 0.961081 0.00758518
threshold=-1.5241524044139465 -0.59539712155431912 1.0000000180025095e-35 0.21066407817722535 -0.72612185471520541 -0.5499955121642971 0.45059445645095952 -0.72612185471520541 -0.23873860637357822
decision_type=2 2 2 2 2 2 2 2 2
left_child=-1 7 3 4 -3 -5 8 -2 -4
right_child=1 2 6 5 -6 -7 -8 -9 -10
leaf_value=0.032032358690711943 -0.0015381024801938406 -0.0015332168706284005 -0.0064390896011272203 0.012195026313760104 0.024922127845372653 -0.013291858552158888 0.0025620456161565539 -0.022112484108977894 -0.021148506129778769
leaf_weight=4.360039770603179 5.2287411540746689 4.6859272420406315 3.7683428823947915 4.6761083900928497 8.8865912407636678 7.5220267325639707 7.6639036387205115 7.4187519848346692 5.6173692941665658
leaf_count=12 21 16 15 15 27 27 26 33 23
internal_value=0.000178285 -0.0032619 0.000712544 0.00758592 0.0164274 -0.00281024 -0.00910672 -0.0153365 -0.0178723
internal_weight=59.8278 55.4678 42.8203 25.7707 13.5725 12.1981 17.0496 12.6475 9.38571
internal_count=215 203 149 85 43 42 64 54 38
is_linear=0
shrinkage=0.035


Tree=57
num_leaves=11
num_cat=0
split_feature=18 6 21 9 19 14 22 11 17 20
split_gain=4.05432 2.67402 3.3211 2.61515 2.60881 1.78366 1.60205 1.47881 0.865793 0.666153
threshold=-0.84732111398146559 0.4595135778443778 0.10714303828086021 -0.067675345155811653 -0.25809634553798433 1.0000000180025095e-35 -0.54460432118622337 -0.39071794459196046 -0.47004175944202692 -0.17841051698147381
decision_type=2 2 2 2 2 2 2 2 2 2
left_child=9 3 7 4 8 6 -5 -3 -2 -1
right_child=1 2 -4 5 -6 -7 -8 -9 -10 -11
leaf_value=-0.022861920956872159 0.022227558211158429 0.0053270520904986551 -0.0051732673326765092 0.0095370565842948524 -0.0067805399742978329 -0.022257169122841629 -0.012833974467215783 0.029900573853933809 0.0022915115562104197 -0.0043434973109771494
leaf_weight=7.2129622995853424 7.2986975908279401 6.4989385306835183 7.2833250164985648 6.1310175657272348 9.3314650952816027 7.294485241174697 5.506501942873002 8.4700602889060974 5.3549469411373138 5.8564028441905958
leaf_count=22 20 18 20 17 26 21 16 23 15 17
internal_value=-0.00017119 0.00355008 0.0127951 -0.00171734 0.00611662 -0.0107807 -0.000993016 0.0214264 0.0156133 -0.01659
internal_weight=76.2388 63.1694 22.2523 40.9171 21.9851 18.932 11.6375 14.969 12.6536 13.0694
internal_count=215 176 61 115 61 54 33 41 35 39
is_linear=0
shrinkage=0.035


Tree=58
num_leaves=12
num_cat=0
split_feature=21 12 7 18 18 9 23 21 17 15 4
split_gain=1.45577 1.60906 2.61881 1.90217 4.27482 1.5465 1.26641 1.26729 1.08655 0.775751 0.246892
threshold=1.0000000180025095e-35 0.50740194179781928 1.0000000180025095e-35 0.37942216580918325 -0.44486177588348957 0.78602919662029624 -0.54010348767421013 -0.45989088739015366 -0.15212188759675552 0.35561198073791617 -0.44529584305231923
decision_type=2 2 2 2 2 2 2 2 2 2 2
left_child=6 2 3 4 -2 10 7 -1 -3 -9 -4
right_child=1 8 5 -5 -6 -7 -8 9 -10 -11 -12
leaf_value=0.010404260095001786 -0.014530283121297611 0.0031190360307067747 0.0092497612201014583 -0.017002039735846727 0.020956204439335477 0.0015899056169748529 -0.020711839758297171 -0.016217234987114099 -0.015642253358590954 0.00097464538337152962 0.028833735999458238
leaf_weight=4.837145298719407 5.7134366333484641 5.4561478942632675 5.06613513827324 5.2382924705743781 7.003699496388438 7.3964140117168418 4.4467846006155005 4.7900258004665375 5.9303842186927778 4.6972179114818573 5.8149787783622751
leaf_count=15 19 18 16 19 21 23 16 17 19 15 17
internal_value=0 0.00329771 0.00691612 -0.00232823 0.00484843 0.0155904 -0.007738 -0.00134477 -0.00713725 -0.00856063 0.0229751
internal_weight=66.3907 47.6195 36.233 17.9554 12.7171 18.2775 18.7712 14.3244 11.3865 9.48724 10.8811
internal_count=215 152 115 59 40 56 63 47 37 32 33
is_linear=0
shrinkage=0.035


Tree=59
num_leaves=9
num_cat=0
split_feature=15 10 7 17 0 0 17 9
split_gain=4.83566 3.20898 2.30236 2.41943 1.27386 0.745113 0.625937 0.165187
threshold=0.66502850265959079 0.11953752879667551 0.17019016500239209 -0.59539712155431912 0.7818198612212458 1.0000000180025095e-35 -0.084610394959409072 0.20608644883146351
decision_type=2 2 2 2 2 2 2 2
left_child=1 2 3 -1 -2 -5 -4 -3
right_child=4 7 6 5 -6 -7 -8 -9
leaf_value=-0.0068690934155475891 0.024316382494988173 -0.020755548029546305 0 0.0031873502904241741 0.0024077535283024559 0.02230549318011283 -0.017287056444378564 -0.0065604108834029524
leaf_weight=7.0125060379505149 8.1981486380100232 10.020088061690329 4.3685215413570404 5.376592114567762 6.334628850221633 7.6220869570970535 5.4476839452981931 5.2798416614532462
leaf_count=29 24 44 15 18 20 24 20 21
internal_value=0.000170133 -0.00546518 0.00124681 0.00800636 0.0165308 0.0162272 -0.0111116 -0.0174852
internal_weight=59.6601 45.1273 29.8274 20.0112 14.5328 12.9987 9.81621 15.2999
internal_count=215 171 106 71 44 42 35 65
is_linear=0
shrinkage=0.035


Tree=60
num_leaves=11
num_cat=0
split_feature=18 6 21 9 19 14 22 11 4 20
split_gain=3.88733 2.53086 3.18281 2.49904 2.50426 1.71683 1.53354 1.44041 0.836588 0.655084
threshold=-0.84732111398146559 0.4595135778443778 0.10714303828086021 -0.067675345155811653 -0.25809634553798433 1.0000000180025095e-35 -0.54460432118622337 -0.39071794459196046 -0.2472159680393913 -0.17841051698147381
decision_type=2 2 2 2 2 2 2 2 2 2
left_child=9 3 7 4 8 6 -5 -3 -2 -1
right_child=1 2 -4 5 -6 -7 -8 -9 -10 -11
leaf_value=-0.022539595431960675 0.023114147004457051 0.0050833569772624826 -0.0051087472565842697 0.0093398301969221768 -0.006639130635024618 -0.021841602305830918 -0.01256655886352424 0.029286104020507079 0.0036258775796687648 -0.0041932133644779273
leaf_weight=7.1440645158290863 6.1296226978301984 6.4833431243896493 7.2740375995635977 6.1345351040363321 9.3150779008865374 7.2426130771636954 5.4781283438205728 8.4560883939266205 6.4914050698280334 5.8390684723854047
leaf_count=22 17 18 20 17 26 21 16 23 18 17
internal_value=-0.000170642 0.00347153 0.0124709 -0.00166031 0.00599829 -0.0105428 -0.000936566 0.0209329 0.0153169 -0.0163
internal_weight=75.988 63.0049 22.2135 40.7914 21.9361 18.8553 11.6127 14.9394 12.621 12.9831
internal_count=215 176 61 115 61 54 33 41 35 39
is_linear=0
shrinkage=0.035


Tree=61
num_leaves=12
num_cat=0
split_feature=21 12 7 18 18 6 23 23 21 17 15
split_gain=1.40259 1.54534 2.49272 1.84833 4.11338 1.49221 2.01096 1.22847 1.21913 1.05124 0.756569
threshold=1.0000000180025095e-35 0.50740194179781928 1.0000000180025095e-35 0.37942216580918325 -0.44486177588348957 -0.74384110225965649 -0.54010348767421013 -0.54010348767421013 -0.45989088739015366 -0.15212188759675552 0.35561198073791617
decision_type=2 2 2 2 2 2 2 2 2 2 2
left_child=7 2 3 4 -2 -4 -7 8 -1 -3 -10
right_child=1 9 5 -5 -6 6 -8 -9 10 -11 -12
leaf_value=0.01017404918936087 -0.014304278748498137 0.0030624471428577021 0 -0.016791911475187413 0.020532024484224563 0.031588379102977814 0.0025319911202713518 -0.020462967788148323 -0.016023278529999921 -0.01540496499368553 0.00096801551479046158
leaf_weight=4.8552363514900216 5.6671290695667258 5.4599341750144958 5.8474852442741421 5.1861006617546073 7.0355810523033169 6.9780090451240548 5.5067497491836521 4.3817754834890357 4.7477109134197235 5.883595257997511 4.6953804790973663
leaf_count=15 19 18 18 19 21 20 18 16 17 19 15
internal_value=0 0.00324743 0.00679098 -0.00225365 0.00480157 0.0152286 0.0212539 -0.00760314 -0.00131263 -0.00699596 -0.00842335
internal_weight=66.2447 47.5646 36.2211 17.8888 12.7027 18.3322 12.4848 18.6801 14.2983 11.3435 9.44309
internal_count=215 152 115 59 40 56 38 63 47 37 32
is_linear=0
shrinkage=0.035


Tree=62
num_leaves=9
num_cat=0
split_feature=15 10 7 17 0 22 17 9
split_gain=4.57841 3.08016 2.22076 2.28354 1.22 0.713028 0.612995 0.175857
threshold=0.66502850265959079 0.11953752879667551 0.17019016500239209 -0.59539712155431912 0.7818198612212458 -0.47721443396030222 -0.084610394959409072 0.20608644883146351
decision_type=2 2 2 2 2 2 2 2
left_child=1 2 3 -1 -2 -5 -4 -3
right_child=4 7 6 5 -6 -7 -8 -9
leaf_value=-0.0066901702450392359 0.023606166843153635 -0.020533642973650349 0 0.0039699017372859004 0.0022410801434608941 0.022461118418224523 -0.017116072308802275 -0.0063192101239631267
leaf_weight=6.9614010900259009 8.2575968503952009 9.861438572406767 4.3648798316717148 6.1731066554784766 6.3518275618553153 6.898345082998282 5.4014681577682477 5.2294221222400656
leaf_count=29 24 44 15 21 20 21 20 21
internal_value=0.000155843 -0.00535882 0.00119397 0.00782286 0.0160216 0.0157625 -0.0109756 -0.017231
internal_weight=59.4995 44.8901 29.7992 20.0329 14.6094 13.0715 9.76635 15.0909
internal_count=215 171 106 71 44 42 35 65
is_linear=0
shrinkage=0.035


Tree=63
num_leaves=11
num_cat=0
split_feature=18 6 21 9 19 14 22 11 4 20
split_gain=3.72195 2.39048 3.05375 2.39141 2.40241 1.65819 1.46703 1.40173 0.806656 0.642683
threshold=-0.84732111398146559 0.4595135778443778 0.10714303828086021 -0.067675345155811653 -0.25809634553798433 1.0000000180025095e-35 -0.54460432118622337 -0.39071794459196046 -0.2472159680393913 -0.17841051698147381
decision_type=2 2 2 2 2 2 2 2 2 2
left_child=9 3 7 4 8 6 -5 -3 -2 -1
right_child=1 2 -4 5 -6 -7 -8 -9 -10 -11
leaf_value=-0.022211171220437712 0.022682670742446842 0.0048496731019640792 -0.0050612056424425549 0.009152559946969948 -0.0064941247654082242 -0.021456740313085636 -0.012294156150726666 0.028685069355061397 0.0035253407562708321 -0.0040474187949462292
leaf_weight=7.0705317258834839 6.1201620697975141 6.4668459892272958 7.2637198567390433 6.1372456550598153 9.2973150908947009 7.190637379884719 5.448322832584382 8.435199499130249 6.4787752330303192 5.821126312017439
leaf_count=22 17 18 20 17 26 21 16 23 18 17
internal_value=-0.00016977 0.00339192 0.0121457 -0.00160136 0.00588843 -0.0103145 -0.000871823 0.0204499 0.0150235 -0.0160071
internal_weight=75.7299 62.8382 22.1658 40.6725 21.8963 18.7762 11.5856 14.902 12.5989 12.8917
internal_count=215 176 61 115 61 54 33 41 35 39
is_linear=0
shrinkage=0.035


Tree=64
num_leaves=11
num_cat=0
split_feature=23 10 6 1 8 4 12 22 12 22
split_gain=1.36101 2.6874 3.2159 2.05352 1.62092 3.93217 0.924049 1.95093 1.6247 0.0940449
threshold=-0.54585503238625244 1.2525183619652267 -0.98451203828046341 -0.72612185471520541 1.0000000180025095e-35 0.8224153570304199 -0.54175429996480473 1.0000000180025095e-35 0.50740194179781928 0.96223355718537429
decision_type=2 2 2 2 2 2 2 2 2 2
left_child=1 2 9 -2 -5 -6 7 -4 -8 -1
right_child=3 -3 6 4 5 -7 8 -9 -10 -11
leaf_value=-0.012215480333752313 -0.01847700424861333 -0.016866832293823839 -0.011145356718055348 0.013771999223315312 -0.022732433087736779 0.014154500817115589 0.024439464514224799 0.015294220625209175 0.0018360617880172965 -0.0022222901955326266
leaf_weight=4.6260475516319257 8.2872087806463259 4.5796972811222068 4.4597232639789564 5.7783024609088924 5.8396497368812543 4.4873614609241486 11.566034689545637 5.1741460263729095 6.6949432939290991 4.6002744734287262
leaf_count=15 29 15 15 18 21 15 35 15 22 15
internal_value=0 0.00384778 0.00726921 -0.0062174 0.00114518 -0.00658221 0.0130621 0.0027916 0.0174109 -0.00898407
internal_weight=66.0934 41.7009 37.1212 24.3925 16.1053 10.327 27.8948 9.63387 18.261 9.22632
internal_count=215 132 117 83 54 36 87 30 57 30
is_linear=0
shrinkage=0.035


Tree=65
num_leaves=9
num_cat=0
split_feature=15 10 1 11 15 0 9 14
split_gain=4.34777 2.958 2.18275 2.59093 3.00985 1.17834 0.186705 0.0481662
threshold=0.66502850265959079 0.11953752879667551 -0.99881390495759692 0.21066407817722535 -0.64103492145189922 0.7818198612212458 0.20608644883146351 -0.60817462002321498
decision_type=2 2 2 2 2 2 2 2
left_child=1 2 -1 4 -4 -2 -3 -6
right_child=5 6 3 -5 7 -7 -8 -9
leaf_value=-0.01305043031085861 0.02298980517266884 -0.02031769746899208 -0.0056075015278969961 -0.0084933029404082802 0.029707389359130167 0.0020736366100075516 -0.0060777953078206878 0.01065714722529394
leaf_weight=7.4172616004943839 8.3056276142597181 9.708694711327551 4.9715169519186011 7.272497132420539 5.20616590976715 6.3690823763608924 5.1783715039491645 4.9015876948833528
leaf_count=28 24 44 20 27 15 20 21 16
internal_value=0.000148992 -0.00525421 0.00114518 0.00675642 0.0145518 0.0155642 -0.0169818 0.0241893
internal_weight=59.3308 44.6561 29.769 22.3518 15.0793 14.6747 14.8871 10.1078
internal_count=215 171 106 78 51 44 65 31
is_linear=0
shrinkage=0.035


Tree=66
num_leaves=11
num_cat=0
split_feature=18 6 21 9 19 14 22 11 17 20
split_gain=3.54588 2.2572 2.92126 2.29222 2.31909 1.60204 1.3951 1.34907 0.784761 0.639663
threshold=-0.84732111398146559 0.4595135778443778 0.10714303828086021 -0.067675345155811653 -0.25809634553798433 1.0000000180025095e-35 -0.54460432118622337 -0.39071794459196046 -0.47004175944202692 -0.17841051698147381
decision_type=2 2 2 2 2 2 2 2 2 2
left_child=9 3 7 4 8 6 -5 -3 -2 -1
right_child=1 2 -4 5 -6 -7 -8 -9 -10 -11
leaf_value=-0.021890211598607857 0.021084671521231124 0.0046524390016647477 -0.0050027412267424753 0.0089297226347447162 -0.0063932531063177599 -0.021104157273205863 -0.01200937286279311 0.028032073837388666 0.0020646646381845962 -0.0038407796392053014
leaf_weight=6.9959014654159546 7.2328368127346021 6.4521631896495828 7.2542853355407706 6.1351889669895181 9.2824430167675036 7.1378095149993888 5.4154338240623483 8.4126668274402618 5.3381503224372864 5.7979153394699079
leaf_count=22 20 18 20 17 26 21 16 23 15 17
internal_value=-0.000174581 0.00329952 0.0118128 -0.00155881 0.00577236 -0.0101146 -0.000823558 0.0199505 0.0147603 -0.0156905
internal_weight=75.4548 62.661 22.1191 40.5419 21.8534 18.6884 11.5506 14.8648 12.571 12.7938
internal_count=215 176 61 115 61 54 33 41 35 39
is_linear=0
shrinkage=0.035


Tree=67
num_leaves=9
num_cat=0
split_feature=19 13 11 1 9 12 22 0
split_gain=1.35149 2.52373 1.79539 1.71596 2.52426 1.57026 1.45768 2.02007
threshold=-0.17118841399426216 -0.42087964646585968 0.21066407817722535 1.0000000180025095e-35 -0.26459172328700942 0.3943192331048419 -0.53112634374103918 0.7818198612212458
decision_type=2 2 2 2 2 2 2 2
left_child=3 -2 -3 6 -5 -6 7 -1
right_child=1 2 -4 4 5 -7 -8 -9
leaf_value=-0.020373502409979989 0.023656331981544123 -0.014132729035392316 0.0083477243147320745 -0.010158645787104821 0.020884777956996364 -0.0020019958449404821 0.0020177298177754387 0.0041330503281335751
leaf_weight=13.212341472506528 5.5825815200805691 5.5421289652585974 8.1864380538463575 7.3708080351352718 8.0950625836849195 4.6536837965250006 8.9218574166297895 4.3939058482646933
leaf_count=47 17 19 25 25 24 15 28 15
internal_value=0 0.00740546 -0.00103679 -0.00316351 0.00415098 0.0130359 -0.00879711 -0.014192
internal_weight=65.9588 19.3111 13.7286 46.6477 20.1196 12.7487 26.5281 17.6062
internal_count=215 61 44 154 64 39 90 62
is_linear=0
shrinkage=0.035


Tree=68
num_leaves=10
num_cat=0
split_feature=18 21 13 6 9 20 4 11 1
split_gain=4.20313 2.15094 2.58952 3.14613 2.25291 2.09083 1.72496 0.692116 0.385422
threshold=-1.3642962405896522 0.53241848253412083 -0.1073397234934917 0.21884264182357094 -0.26459172328700942 -0.41890118250509062 -0.76222364307300394 0.48987716017720456 -0.18073775423042238
decision_type=2 2 2 2 2 2 2 2 2
left_child=-1 2 5 4 -4 -2 -6 -8 -5
right_child=1 -3 3 8 6 -7 7 -9 -10
leaf_value=0.02486158703425239 0 0.011752904845223624 0.025287011228818306 -0.0027933224163260639 -0.012811119530124837 -0.024022885896565822 0.016142285873404414 -0.00037629206392269241 -0.020243516814585069
leaf_weight=5.4811491370201102 6.8000116646289852 7.8973502516746512 4.6930798292160061 4.0047394633293152 5.2040746062994012 11.029532402753828 4.8278549909591675 4.4509249180555344 4.7494939863681775
leaf_count=15 26 27 14 15 18 50 16 15 19
internal_value=0.00015703 -0.00307495 -0.00612892 0.000520839 0.00847639 -0.0158125 0.000303194 0.00909139 -0.0147529
internal_weight=59.1382 53.6571 45.7597 27.9302 19.1759 17.8295 14.4829 9.27878 8.75423
internal_count=215 200 173 97 63 76 49 31 34
is_linear=0
shrinkage=0.035


Tree=69
num_leaves=11
num_cat=0
split_feature=18 6 21 4 9 14 11 5 23 20
split_gain=3.35363 2.14014 2.76827 2.22246 2.75168 1.43098 1.31383 1.0147 0.876547 0.633813
threshold=-0.84732111398146559 0.4595135778443778 0.10714303828086021 -1.3960792431143731 -0.26459172328700942 -0.52650972488788705 -0.39071794459196046 0.76874817775459225 -0.54585503238625244 -0.17841051698147381
decision_type=2 2 2 2 2 2 2 2 2 2
left_child=9 3 6 -2 5 -5 -3 -6 -7 -1
right_child=1 2 -4 4 7 8 -8 -9 -10 -11
leaf_value=-0.021531188900023396 0.014438860892899653 0.0043856590705689926 -0.004867491664212715 -0.0080952117374026474 -0.021301142824891903 0 0.027398798354742154 -0.0031120091299327835 0.018572471801544675 -0.0036278521288577842
leaf_weight=6.9111752212047577 6.5180497765541068 6.4358921647071847 7.252380669116973 5.3684373199939754 9.4801923334598595 5.3097316920757303 8.3806686401367188 7.9065607488155356 5.8315519392490325 5.7751354873180372
leaf_count=22 18 18 20 15 28 15 23 23 16 17
internal_value=-0.000190815 0.00318454 0.0114828 -0.00155086 -0.00540498 0.00439503 0.0194252 -0.0144749 0.011129 -0.0153425
internal_weight=75.1698 62.4835 22.0689 40.4145 33.8965 16.5097 14.8166 17.3868 11.1413 12.6863
internal_count=215 176 61 115 97 46 41 51 31 39
is_linear=0
shrinkage=0.035


Tree=70
num_leaves=11
num_cat=0
split_feature=21 12 17 14 23 6 23 21 18 17
split_gain=1.3213 1.43591 2.33995 1.95123 2.33813 1.36457 1.14938 1.14405 1.03751 1.01684
threshold=1.0000000180025095e-35 0.50740194179781928 -0.86512934234881822 -1.0434512063055736 -0.54585503238625244 1.0000000180025095e-35 -0.54010348767421013 -0.31813240597240022 -0.3884172277668077 -0.15212188759675552
decision_type=2 2 2 2 2 2 2 2 2 2
left_child=6 2 -2 -4 8 -6 7 -1 -5 -3
right_child=1 9 3 4 5 -7 -8 -9 -10 -11
leaf_value=0.0084426378825359256 -0.011807197981956839 0.003121717330324797 -0.0059554828755664481 0.0088931698044493138 -0.0090711163146392493 0.011587006902291723 -0.020009279328619439 -0.0091656102604451388 0.032470764077211466 -0.015075959793334327
leaf_weight=5.9801775068044671 5.1495925784111014 5.4364146143198013 5.7116960585117331 7.0667230486869812 5.3851501047611254 6.2118097990751266 4.2494323104619971 8.243173822760582 6.5552932024002093 5.8070711195468885
leaf_count=19 19 18 19 21 18 20 16 28 18 19
internal_value=0 0.0031731 0.00659118 0.0103448 0.0143957 0.00168484 -0.00740289 -0.00131053 0.0232799 -0.00673801
internal_weight=65.7965 47.3238 36.0803 30.9307 25.219 11.597 18.4728 14.2234 13.622 11.2435
internal_count=215 152 115 96 77 38 63 47 39 37
is_linear=0
shrinkage=0.035


Tree=71
num_leaves=10
num_cat=0
split_feature=18 21 13 6 9 20 4 11 1
split_gain=4.00644 2.05611 2.49715 3.00726 2.15351 2.05503 1.66068 0.676872 0.381705
threshold=-1.3642962405896522 0.53241848253412083 -0.1073397234934917 0.21884264182357094 -0.26459172328700942 -0.41890118250509062 -0.76222364307300394 0.48987716017720456 -0.18073775423042238
decision_type=2 2 2 2 2 2 2 2 2
left_child=-1 2 5 4 -4 -2 -6 -8 -5
right_child=1 -3 3 8 6 -7 7 -9 -10
leaf_value=0.024240257677440001 0 0.01143959779665276 0.024619260197647565 -0.0026696512012671521 -0.012659811527978723 -0.023827192118675115 0.015804261039315773 -0.00047033026564998902 -0.020016074040760015
leaf_weight=5.5011876821517935 6.7849252969026592 7.942557379603385 4.7308250516653088 3.9824402183294296 5.1751084923744211 10.837668403983114 4.8585687726736069 4.4602877795696259 4.673684209585188
leaf_count=15 26 27 14 15 18 50 16 15 19
internal_value=0.000160363 -0.00300846 -0.00601631 0.000499535 0.00824407 -0.0155929 0.000243763 0.00884419 -0.014527
internal_weight=58.9473 53.4461 45.5035 27.8809 19.2248 17.6226 14.494 9.31886 8.65612
internal_count=215 200 173 97 63 76 49 31 34
is_linear=0
shrinkage=0.035


Tree=72
num_leaves=11
num_cat=0
split_feature=18 6 21 4 22 13 11 0 20 12
split_gain=3.20498 2.03628 2.64335 2.11266 2.65045 2.51458 1.27832 0.762999 0.628816 0.618178
threshold=-0.84732111398146559 0.4595135778443778 0.10714303828086021 -1.3960792431143731 -0.47721443396030222 -0.1073397234934917 -0.39071794459196046 0.31294602534237198 -0.17841051698147381 -0.30302413716851911
decision_type=2 2 2 2 2 2 2 2 2 2
left_child=8 3 6 -2 5 9 -3 -7 -1 -5
right_child=1 2 -4 4 -6 7 -8 -9 -10 -11
leaf_value=-0.021234682958219082 0.014061794875472078 0.0041869369611025635 -0.0047536708574307442 0.0015573971905529093 -0.019897749576665291 -0.00050128732380559215 0.026861343780666593 -0.016954220852033852 -0.0034510055167626744 0.018354346630966707
leaf_weight=6.8381423652172089 6.5202366113662711 6.42167091369629 7.2468706071376792 5.8685489594936371 8.6957842111587542 7.9667744636535627 8.3478775918483734 5.4537613987922668 5.7545283734798414 5.7792660593986493
leaf_count=22 18 18 20 16 26 23 23 16 17 16
internal_value=-0.000188795 0.00310912 0.0112116 -0.00151577 -0.00528891 0.000680458 0.0189909 -0.00885955 -0.0150545 0.0117446
internal_weight=74.8935 62.3008 22.0164 40.2844 33.7641 25.0684 14.7695 13.4205 12.5927 11.6478
internal_count=215 176 61 115 97 71 41 39 39 32
is_linear=0
shrinkage=0.035


Tree=73
num_leaves=9
num_cat=0
split_feature=19 13 11 1 9 12 22 0
split_gain=1.2776 2.34956 1.70318 1.5981 2.33077 1.44298 1.35027 1.96131
threshold=-0.17118841399426216 -0.42087964646585968 0.21066407817722535 1.0000000180025095e-35 -0.26459172328700942 0.3943192331048419 -0.53112634374103918 0.7818198612212458
decision_type=2 2 2 2 2 2 2 2
left_child=3 -2 -3 6 -5 -6 7 -1
right_child=1 2 -4 4 5 -7 -8 -9
leaf_value=-0.019973837289528423 0.022802399070892033 -0.013840556715567809 0.0081151983367715071 -0.0098497089263773572 0.019967981917099826 -0.0019399923225156617 0.0018409550289846981 0.0041985790704939631
leaf_weight=12.974711269140249 5.6361293792724636 5.4643966704607001 8.1962190270423871 7.2904617041349438 8.1451271474361402 4.6331506818532935 8.9089435189962369 4.3831373006105414
leaf_count=47 17 19 25 25 24 15 28 15
internal_value=0 0.00721026 -0.000978063 -0.00307783 0.003974 0.0124818 -0.00855136 -0.0137956
internal_weight=65.6323 19.2967 13.6606 46.3355 20.0687 12.7783 26.2668 17.3578
internal_count=215 61 44 154 64 39 90 62
is_linear=0
shrinkage=0.035


Tree=74
num_leaves=9
num_cat=0
split_feature=15 10 7 17 0 22 17 9
split_gain=3.85903 2.68239 2.12013 1.93289 1.08492 0.654991 0.568713 0.215339
threshold=0.66502850265959079 0.11953752879667551 0.17019016500239209 -0.59539712155431912 0.7818198612212458 -0.47721443396030222 -0.084610394959409072 0.20608644883146351
decision_type=2 2 2 2 2 2 2 2
left_child=1 2 3 -1 -2 -5 -4 -3
right_child=4 7 6 5 -6 -7 -8 -9
leaf_value=-0.006023106616848733 0.021690803522115075 -0.019819409447787768 0 0.0035325665112790183 0.001732770230632654 0.021116727298169193 -0.016844300649353824 -0.0054727557650943413
leaf_weight=6.762485295534133 8.3791243731975538 9.3362956792116147 4.3725054413080215 6.1741283982992163 6.3761077970266333 6.975156828761107 5.3205794990062696 5.0463291257619849
leaf_count=29 24 44 15 21 20 21 20 21
internal_value=0.000160191 -0.00499951 0.00105448 0.00755869 0.0146161 0.0147632 -0.0108652 -0.0163888
internal_weight=58.7427 43.9875 29.6049 19.9118 14.7552 13.1493 9.69308 14.3826
internal_count=215 171 106 71 44 42 35 65
is_linear=0
shrinkage=0.035


Tree=75
num_leaves=11
num_cat=0
split_feature=18 6 21 4 9 14 11 5 23 20
split_gain=3.04654 1.92463 2.52102 2.03875 2.55109 1.32351 1.24807 0.967927 0.78901 0.61826
threshold=-0.84732111398146559 0.4595135778443778 0.10714303828086021 -1.3960792431143731 -0.26459172328700942 -0.52650972488788705 -0.39071794459196046 0.76874817775459225 -0.54585503238625244 -0.17841051698147381
decision_type=2 2 2 2 2 2 2 2 2 2
left_child=9 3 6 -2 5 -5 -3 -6 -7 -1
right_child=1 2 -4 4 7 8 -8 -9 -10 -11
leaf_value=-0.020906921836190057 0.013808096769314505 0.0039447792475337624 -0.0046724743258498708 -0.0077849606080367187 -0.020707458291489074 0 0.026301223103403916 -0.0029078165487419769 0.017812651898124261 -0.0032931819231018264
leaf_weight=6.7553205192089081 6.5172333121299735 6.4035008549690255 7.2405638098716727 5.3382688760757473 9.3433539271354729 5.2795786261558542 8.3078614473342896 7.8700261116027823 5.7953336536884246 5.736435651779173
leaf_count=22 18 18 20 15 28 15 23 23 16 17
internal_value=-0.000201617 0.00301242 0.0109003 -0.00148895 -0.00520979 0.0042353 0.0185209 -0.0139924 0.0107353 -0.0147514
internal_weight=74.5875 62.0957 21.9519 40.1438 33.6266 16.4132 14.7114 17.2134 11.0749 12.4918
internal_count=215 176 61 115 97 46 41 51 31 39
is_linear=0
shrinkage=0.035


Tree=76
num_leaves=11
num_cat=0
split_feature=21 12 17 14 23 6 23 21 17 18
split_gain=1.26145 1.36533 2.22608 1.85266 2.11841 1.28034 1.10447 1.09723 0.995559 0.986301
threshold=1.0000000180025095e-35 0.50740194179781928 -0.86512934234881822 -1.0434512063055736 -0.54585503238625244 1.0000000180025095e-35 -0.54010348767421013 -0.31813240597240022 -0.15212188759675552 -0.3884172277668077
decision_type=2 2 2 2 2 2 2 2 2 2
left_child=6 2 -2 -4 9 -6 7 -1 -3 -5
right_child=1 8 3 4 5 -7 -8 -9 -10 -11
leaf_value=0.0082627220839550652 -0.01156290409616627 0.00316851371433928 -0.0058083747629705416 0.0085251802914805552 -0.0086707784332840637 0.011376408129054693 -0.019703398263313784 -0.0090003372488958178 -0.014858358857436868 0.031428691346255491
leaf_weight=5.9809182584285745 5.0889600515365592 5.4246675819158554 5.6700559407472602 7.0789635181427002 5.3162294775247592 6.2204568684101105 4.1614074856042853 8.1868162006139755 5.7552297413349134 6.5784516036510485
leaf_count=19 19 18 19 21 18 20 16 28 19 18
internal_value=1.81656e-05 0.00312655 0.00646381 0.0101186 0.0140597 0.00183441 -0.00723795 -0.00126738 -0.0065596 0.0224979
internal_weight=65.4622 47.133 35.9531 30.8642 25.1941 11.5367 18.3291 14.1677 11.1799 13.6574
internal_count=215 152 115 96 77 38 63 47 37 39
is_linear=0
shrinkage=0.035


Tree=77
num_leaves=9
num_cat=0
split_feature=18 1 6 11 13 7 8 16
split_gain=4.65792 2.03767 2.37881 2.06398 1.78006 1.7548 0.667052 0.576362
threshold=-1.5241524044139465 -0.99881390495759692 1.0000000180025095e-35 0.48987716017720456 -0.1073397234934917 0.61983239504011556 -0.22947943129375506 -0.033858286262446871
decision_type=2 2 2 2 2 2 2 2
left_child=-1 6 3 4 -3 7 -2 -4
right_child=1 2 5 -5 -6 -7 -8 -9
leaf_value=0.028419693752426804 -0.022071153292147941 0 -0.0021148879469099361 -0.0065733763467093692 0.022081369646587391 0.0077641769041920895 -0.0016706056220872441 -0.018145318410480768
leaf_weight=4.4381292164325705 5.8015085756778717 7.5264557152986553 5.391840651631358 7.2913590222597113 9.8219193518161791 4.6065641194581977 3.8908984512090665 9.800855025649069
leaf_count=12 23 28 23 25 30 16 16 42
internal_value=0.000148026 -0.00300641 0.000285878 0.00739476 0.0136094 -0.00818691 -0.0160172 -0.0136694
internal_weight=58.5695 54.1314 44.439 24.6397 17.3484 19.7993 9.69241 15.1927
internal_count=215 203 164 83 58 81 39 65
is_linear=0
shrinkage=0.035


Tree=78
num_leaves=11
num_cat=0
split_feature=18 6 21 9 19 14 22 11 4 20
split_gain=2.90937 1.84137 2.4309 1.95556 2.15605 1.50098 1.24962 1.21429 0.769655 0.612015
threshold=-0.84732111398146559 0.4595135778443778 0.10714303828086021 -0.067675345155811653 -0.25809634553798433 1.0000000180025095e-35 -0.54460432118622337 -0.39071794459196046 -0.2472159680393913 -0.17841051698147381
decision_type=2 2 2 2 2 2 2 2 2 2
left_child=9 3 7 4 8 6 -5 -3 -2 -1
right_child=1 2 -4 5 -6 -7 -8 -9 -10 -11
leaf_value=-0.020615433848530408 0.021516339723105921 0.003801231854247163 -0.0046139793814387745 0.008701256800887144 -0.0063903729814370983 -0.020171149862004779 -0.011208564252856535 0.025853445518918196 0.0029028512384016904 -0.0031285883972853356
leaf_weight=6.6782036125659943 6.0459681749343854 6.3898576796054849 7.2331262230873099 6.1106081008911142 9.2141492962837237 6.9772454500198355 5.3197298049926767 8.2719331085681915 6.3425644636154175 5.7174018919467908
leaf_count=22 17 18 20 17 26 21 16 23 18 17
internal_value=-0.00019754 0.0029415 0.0106657 -0.00146698 0.00532458 -0.00943534 -0.000463218 0.0181677 0.0140798 -0.0144697
internal_weight=74.3008 61.9052 21.8949 40.0103 21.6027 18.4076 11.4303 14.6618 12.3885 12.3956
internal_count=215 176 61 115 61 54 33 41 35 39
is_linear=0
shrinkage=0.035


Tree=79
num_leaves=9
num_cat=0
split_feature=19 13 11 1 9 12 22 0
split_gain=1.21241 2.22161 1.61513 1.52589 2.19397 1.3267 1.23681 1.88299
threshold=-0.17118841399426216 -0.42087964646585968 0.21066407817722535 1.0000000180025095e-35 -0.26459172328700942 0.3943192331048419 -0.53112634374103918 0.7818198612212458
decision_type=2 2 2 2 2 2 2 2
left_child=3 -2 -3 6 -5 -6 7 -1
right_child=1 2 -4 4 5 -7 -8 -9
leaf_value=-0.019574232688288055 0.022147097294022807 -0.013570311334547161 0.0078662869855527714 -0.0095730643502391962 0.01928629178937771 -0.0017488921494492281 0.0015696227982314988 0.0041347484397998638
leaf_weight=12.740745797753339 5.6747321188449886 5.3913485407829276 8.2040577232837659 7.2184147685766247 8.170776963233946 4.5996737331151953 8.904601648449896 4.3849588632583609
leaf_count=47 17 19 25 25 24 15 28 15
internal_value=1.90474e-05 0.00704923 -0.000948026 -0.00298644 0.00390498 0.0121435 -0.00836675 -0.0134316
internal_weight=65.2893 19.2701 13.5954 46.0192 19.9889 12.7705 26.0303 17.1257
internal_count=215 61 44 154 64 39 90 62
is_linear=0
shrinkage=0.035


Tree=80
num_leaves=9
num_cat=0
split_feature=15 10 7 17 0 0 17 9
split_gain=3.55181 2.5084 2.02494 1.76187 1.03084 0.627759 0.550867 0.226697
threshold=0.66502850265959079 0.11953752879667551 0.17019016500239209 -0.59539712155431912 0.7818198612212458 1.0000000180025095e-35 -0.084610394959409072 0.20608644883146351
decision_type=2 2 2 2 2 2 2 2
left_child=1 2 3 -1 -2 -5 -4 -3
right_child=4 7 6 5 -6 -7 -8 -9
leaf_value=-0.0057198372002617232 0.020836744553365791 -0.019476365092989913 0 0.00239591895860928 0.0014782038053286685 0.019632844590450792 -0.016635073947261561 -0.0051317722514342464
leaf_weight=6.6796767413616172 8.4219160079956037 9.0943600833415967 4.3637941777706146 5.4070025533437782 6.3845308125019065 7.8028232455253601 5.2558828592300397 4.9728964865207663
leaf_count=29 24 44 15 18 20 24 20 21
internal_value=0.000141443 -0.00484926 0.000979049 0.00733491 0.013971 0.0141654 -0.010711 -0.0160022
internal_weight=58.3829 43.5764 29.5092 19.8895 14.8064 13.2098 9.61968 14.0673
internal_count=215 171 106 71 44 42 35 65
is_linear=0
shrinkage=0.035


Tree=81
num_leaves=11
num_cat=0
split_feature=18 11 23 11 8 15 14 10 20 18
split_gain=2.76037 1.74512 1.53799 2.87876 2.91935 1.57312 1.45779 1.25776 0.605719 0.201457
threshold=-0.84732111398146559 0.7476123127925699 -0.54585503238625244 0.21066407817722535 0.63068374769513502 -0.64103492145189922 0.5601993747346955 -0.16370767949546217 -0.17841051698147381 -0.14816697162912865
decision_type=2 2 2 2 2 2 2 2 2 2
left_child=8 2 3 4 5 -2 7 -4 -1 -7
right_child=1 -3 6 -5 -6 9 -8 -9 -10 -11
leaf_value=-0.020304779179455289 0.00086282519760796374 -0.01107060413934976 0.0039891910396445494 0.015358800560335875 0.012011353989446487 -0.0092132860422239928 -0.0031145369802976918 0.023301099995496177 -0.0029504001424975708 -0.026810399167432514
leaf_weight=6.5956426411867142 5.2678050100803402 7.4064683914184561 9.0166154205799156 8.1700309514999372 5.4326704144477835 5.9982624650001553 5.3816059231758109 9.9061876237392443 5.6967849135398847 5.12442922592163
leaf_count=22 15 22 25 23 15 18 15 28 17 15
internal_value=-0.000209805 0.00284592 0.00516331 -7.66511e-05 -0.00687993 -0.0140523 0.0113435 0.0156109 -0.0141677 -0.0205712
internal_weight=73.9965 61.7041 54.2976 29.9932 21.8232 16.3905 24.3044 18.9228 12.2924 11.1227
internal_count=215 176 154 86 63 48 68 53 39 33
is_linear=0
shrinkage=0.035


Tree=82
num_leaves=11
num_cat=0
split_feature=21 12 17 14 20 1 23 23 21 17
split_gain=1.19314 1.29897 2.12996 1.77079 1.98543 1.59079 1.17224 1.06226 1.05265 0.970405
threshold=1.0000000180025095e-35 0.50740194179781928 -0.86512934234881822 -1.0434512063055736 -0.25857407215601275 0.63733839649675239 -0.46820917877368196 -0.54010348767421013 -0.31813240597240022 -0.15212188759675552
decision_type=2 2 2 2 2 2 2 2 2 2
left_child=7 2 -2 -4 5 6 -5 8 -1 -3
right_child=1 9 3 4 -6 -7 -8 -9 -10 -11
leaf_value=0.0081178880656808134 -0.011371813219708362 0.0031753032874097037 -0.0057028401842959594 0.0056771461796110874 0.024975383272520635 0.016134894855465421 -0.014968687683270816 -0.019382307705601072 -0.0088158982804009169 -0.014646088903708708
leaf_weight=5.9762224256992349 5.037785902619361 5.4154987782239914 5.6354545056819907 5.2506287097930899 9.5521603375673312 6.1422207057476035 4.2091704457998302 4.0686297118663779 8.1247759759426117 5.6997212469577772
leaf_count=19 19 18 19 16 28 18 15 16 28 19
internal_value=3.99298e-05 0.00306609 0.00632576 0.00989854 0.0137498 0.00452185 -0.0040603 -0.00704688 -0.00119613 -0.00640282
internal_weight=65.1123 46.9426 35.8274 30.7896 25.1542 15.602 9.4598 18.1696 14.101 11.1152
internal_count=215 152 115 96 77 49 31 63 47 37
is_linear=0
shrinkage=0.035


Tree=83
num_leaves=10
num_cat=0
split_feature=18 21 13 11 21 9 20 8 13
split_gain=3.44034 1.94897 2.60721 2.68532 1.60756 1.78562 1.47369 0.974443 0.910306
threshold=-1.3642962405896522 0.39066000111636723 -0.1073397234934917 -0.090026933207367599 1.0000000180025095e-35 0.78602919662029624 -0.41890118250509062 0.23368535739257043 0.47394215617438157
decision_type=2 2 2 2 2 2 2 2 2
left_child=-1 2 6 -4 8 -6 -2 -3 -5
right_child=1 7 3 4 5 -7 -8 -9 -10
leaf_value=0.0223857622660486 -0.00088412588300164916 0.019172462145677235 0.019187568241374464 0.013882250290064537 -0.022613806396237512 0.0013051320400444392 -0.023353875182154659 -0.00063251348305272848 -0.0041775120057729086
leaf_weight=5.5314982235431662 6.0049799680709866 4.4392246156930906 5.3567133098840705 4.603020206093797 6.7094649374484998 5.7541332840919495 10.167726829648013 4.6166870445013046 5.0260874927043915
leaf_count=15 23 15 17 17 27 19 49 17 16
internal_value=0.000133113 -0.00284088 -0.0060191 0.000564923 -0.00495049 -0.0125546 -0.0163152 0.0103131 0.00490693
internal_weight=58.2095 52.678 43.6221 27.4494 22.0927 12.4636 16.1727 9.05591 9.62911
internal_count=215 200 168 96 79 46 72 32 33
is_linear=0
shrinkage=0.035


Tree=84
num_leaves=11
num_cat=0
split_feature=18 6 21 4 22 13 11 0 20 12
split_gain=2.62541 1.68042 2.29228 1.90632 2.36067 2.16823 1.18873 0.726942 0.607053 0.591359
threshold=-0.84732111398146559 0.4595135778443778 0.10714303828086021 -1.3960792431143731 -0.47721443396030222 -0.1073397234934917 -0.39071794459196046 0.31294602534237198 -0.17841051698147381 -0.30302413716851911
decision_type=2 2 2 2 2 2 2 2 2 2
left_child=8 3 6 -2 5 9 -3 -7 -1 -5
right_child=1 2 -4 4 -6 7 -8 -9 -10 -11
leaf_value=-0.020035662607472658 0.013346280387166832 0.0033860913839777189 -0.0046306272839219866 0.0010779381535966914 -0.019014442923428524 -0.0002057420311394435 0.025102389228496086 -0.016276352248695749 -0.0027419515409290427 0.017354595031833134
leaf_weight=6.5230139940977097 6.4866335093975058 6.3490353822708139 7.2224146723747245 5.8325337469577789 8.4984978735446948 7.8764900565147382 8.1960023045539856 5.361931711435318 5.6717949807643873 5.7015276551246625
leaf_count=22 18 18 20 16 26 23 23 16 17 16
internal_value=-0.000216674 0.00276101 0.0101613 -0.00145759 -0.00508578 0.000559996 0.0174956 -0.00834124 -0.0138818 0.0108873
internal_weight=73.7199 61.5251 21.7675 39.7576 33.271 24.7725 14.545 13.2384 12.1948 11.5341
internal_count=215 176 61 115 97 71 41 39 39 32
is_linear=0
shrinkage=0.035


Tree=85
num_leaves=11
num_cat=0
split_feature=21 12 7 9 18 9 23 21 2 4
split_gain=1.14141 1.24621 2.10046 1.6007 3.03882 1.46052 1.03951 1.02227 0.967202 0.0841113
threshold=1.0000000180025095e-35 0.50740194179781928 1.0000000180025095e-35 -0.80250963427954969 -0.44486177588348957 0.78602919662029624 -0.54010348767421013 -0.31813240597240022 -1.1568373348349508 -0.44529584305231923
decision_type=2 2 2 2 2 2 2 2 2 2
left_child=6 2 3 -2 -5 9 7 -1 -3 -4
right_child=1 8 5 4 -6 -7 -8 -9 -10 -11
leaf_value=0.0080170890059013868 -0.016015661575339828 -0.016193127051026403 0.0089866574648809362 -0.012951817038064585 0.017280489913136556 0.00061552666629184009 -0.019182355294553855 -0.0086780601159078073 0.0018200770622756235 0.025888894438792727
leaf_weight=5.9860334396362314 4.9538912475109091 4.3823745101690292 5.0578716099262246 5.1932897418737403 7.3386318534612682 7.418177366256713 4.0135898590087882 8.0887128561735153 6.696138992905615 5.823021426796914
leaf_count=19 19 15 16 18 22 23 16 28 22 17
internal_value=3.26876e-05 0.00299445 0.00618877 -0.00221501 0.00433253 0.0139047 -0.00691349 -0.00113692 -0.0062907 0.0210549
internal_weight=64.9517 46.8634 35.7849 17.4858 12.5319 18.2991 18.0883 14.0747 11.0785 10.8809
internal_count=215 152 115 59 40 56 63 47 37 33
is_linear=0
shrinkage=0.035


Tree=86
num_leaves=10
num_cat=0
split_feature=18 21 13 11 21 9 20 8 13
split_gain=3.27309 1.8882 2.52841 2.57624 1.54677 1.72457 1.43686 0.937802 0.877943
threshold=-1.3642962405896522 0.39066000111636723 -0.1073397234934917 -0.090026933207367599 1.0000000180025095e-35 0.78602919662029624 -0.41890118250509062 0.23368535739257043 0.47394215617438157
decision_type=2 2 2 2 2 2 2 2 2
left_child=-1 2 6 -4 8 -6 -2 -3 -5
right_child=1 7 3 4 5 -7 -8 -9 -10
leaf_value=0.021838796182268506 -0.00089341752801527557 0.018817058511698209 0.018762892312151495 0.01356519466336242 -0.022362688688937107 0.0012063337496692542 -0.023160317807242488 -0.00059373197651519142 -0.0041447835286832152
leaf_weight=5.538425773382186 6.0018768012523642 4.4670458883047086 5.3786299973726264 4.6317725479602903 6.594760447740553 5.7612615376710892 9.9817975461482948 4.6057636588811874 5.0199220776557922
leaf_count=15 23 15 17 17 27 19 49 17 16
internal_value=0.000149513 -0.00276275 -0.00591097 0.000560478 -0.00486194 -0.0123704 -0.0161202 0.0101617 0.00477315
internal_weight=57.9813 52.4428 43.37 27.3863 22.0077 12.356 15.9837 9.07281 9.65169
internal_count=215 200 168 96 79 46 72 32 33
is_linear=0
shrinkage=0.035


Tree=87
num_leaves=10
num_cat=0
split_feature=18 11 23 11 8 15 14 10 20
split_gain=2.51689 1.62924 1.4265 2.75942 2.72651 1.45167 1.40647 1.22278 0.598799
threshold=-0.84732111398146559 0.7476123127925699 -0.54585503238625244 0.21066407817722535 0.63068374769513502 -0.64103492145189922 0.5601993747346955 -0.16370767949546217 -0.17841051698147381
decision_type=2 2 2 2 2 2 2 2 2
left_child=8 2 3 4 5 -2 7 -4 -1
right_child=1 -3 6 -5 -6 -7 -8 -9 -10
leaf_value=-0.019776677890085973 0.00061021706518720885 -0.010770536358945761 0.0037177890917327603 0.015011555497734799 0.011471822670888879 -0.02007186402324387 -0.0032446870307490305 0.022735919404278254 -0.0026147886630811376
leaf_weight=6.4526465982198715 5.2385922670364407 7.3598673641681662 8.9857406318187767 8.1431258916854841 5.4104369580745688 10.994609981775286 5.3644093573093405 9.8208556175231951 5.6552091240882856
leaf_count=22 15 22 25 23 15 33 15 28 17
internal_value=-0.000214396 0.00270084 0.00495145 -0.000106447 -0.00680512 -0.0137748 0.0109169 0.0151323 -0.0136401
internal_weight=73.4255 61.3176 53.9578 29.7868 21.6436 16.2332 24.171 18.8066 12.1079
internal_count=215 176 154 86 63 48 68 53 39
is_linear=0
shrinkage=0.035


Tree=88
num_leaves=9
num_cat=0
split_feature=19 13 12 1 9 12 22 0
split_gain=1.1124 2.06531 1.58739 1.4204 2.01702 1.19547 1.12676 1.83252
threshold=-0.17118841399426216 -0.42087964646585968 -0.17109431036004538 1.0000000180025095e-35 -0.26459172328700942 0.3943192331048419 -0.53112634374103918 0.7818198612212458
decision_type=2 2 2 2 2 2 2 2
left_child=3 -2 -3 6 -5 -6 7 -1
right_child=1 2 -4 4 5 -7 -8 -9
leaf_value=-0.019161805368761862 0.021259372128632732 -0.012449643869100999 0.008635158939863774 -0.0092229569799076212 0.018414546184608391 -0.001575065156274166 0.0013726200074581883 0.004268386442734441
leaf_weight=12.45366002619267 5.7145227491855648 6.1368406862020501 7.3645159304141972 7.1211796551942852 8.1918866932392103 4.5590927898883811 8.8703004568815214 4.3634394854307166
leaf_count=47 17 21 23 25 24 15 28 15
internal_value=2.87102e-05 0.00676706 -0.0009797 -0.00286803 0.00378215 0.0116669 -0.0081039 -0.012996
internal_weight=64.7754 19.2159 13.5014 45.5596 19.8722 12.751 25.6874 16.8171
internal_count=215 61 44 154 64 39 90 62
is_linear=0
shrinkage=0.035


Tree=89
num_leaves=9
num_cat=0
split_feature=15 10 7 17 0 21 22 9
split_gain=3.15732 2.28527 2.00375 1.57398 0.9905 0.853135 0.54311 0.252194
threshold=0.66502850265959079 0.11953752879667551 0.17019016500239209 -0.59539712155431912 0.7818198612212458 -1.0000000180025095e-35 -0.47721443396030222 0.20608644883146351
decision_type=2 2 2 2 2 2 2 2
left_child=1 2 3 -1 -2 -4 -5 -3
right_child=4 7 5 6 -6 -7 -8 -9
leaf_value=-0.0052226478036617383 0.019846242227269099 -0.019027151678642655 0.00079843148736727756 0.0032727013414030411 0.0010518716418658823 -0.017678493159681549 0.019453939016709793 -0.004571989016431288
leaf_weight=6.5311467796564093 8.4518212080001813 8.7590365558862668 3.9921907931566238 6.1389315873384467 6.3942786008119574 5.5867973864078504 7.049426779150969 4.8527682870626441
leaf_count=29 24 44 14 21 20 21 21 21
internal_value=0.000150675 -0.00461487 0.000919831 0.00728047 0.013149 -0.0107167 0.0136903 -0.0154559
internal_weight=57.7564 42.9103 29.2985 19.7195 14.8461 9.57899 13.1884 13.6118
internal_count=215 171 106 71 44 35 42 65
is_linear=0
shrinkage=0.035


Tree=90
num_leaves=10
num_cat=0
split_feature=18 11 23 11 8 15 14 21 20
split_gain=2.39305 1.56345 1.34066 2.65158 2.60536 1.39116 1.35384 1.18489 0.588737
threshold=-0.84732111398146559 0.7476123127925699 -0.54585503238625244 0.21066407817722535 0.63068374769513502 -0.64103492145189922 0.5601993747346955 0.10714303828086021 -0.17841051698147381
decision_type=2 2 2 2 2 2 2 2 2
left_child=8 2 3 4 5 -2 7 -4 -1
right_child=1 -3 6 -5 -6 -7 -8 -9 -10
leaf_value=-0.019484668421799366 0.00055830762029183815 -0.010593639235447249 0.021505197462049687 0.014722037839986695 0.011191489575428568 -0.019712847269524717 -0.0032517500122206272 0.002654430199212454 -0.0024784653209977189
leaf_weight=6.3707403689622879 5.2284008264541653 7.3351413011550894 10.76436623930932 8.1436524391174299 5.3963299691677085 10.91050696372986 5.3581377565860739 7.972614496946334 5.6385459601879102
leaf_count=22 15 22 31 23 15 33 15 22 17
internal_value=-0.000226137 0.00261524 0.00482642 -8.22629e-05 -0.00667897 -0.0135189 0.0106167 0.0147669 -0.0133685
internal_weight=73.1184 61.1091 53.774 29.6789 21.5352 16.1389 24.0951 18.737 12.0093
internal_count=215 176 154 86 63 48 68 53 39
is_linear=0
shrinkage=0.035


Tree=91
num_leaves=11
num_cat=0
split_feature=21 12 7 9 18 9 23 16 17 4
split_gain=1.08124 1.20711 1.97639 1.53501 2.88802 1.38986 1.00663 1.00094 0.951007 0.0720282
threshold=1.0000000180025095e-35 0.50740194179781928 1.0000000180025095e-35 -0.80250963427954969 -0.44486177588348957 0.78602919662029624 -0.54010348767421013 -0.078827719871371021 -0.15212188759675552 -0.44529584305231923
decision_type=2 2 2 2 2 2 2 2 2 2
left_child=6 2 3 -2 -5 9 7 -1 -3 -4
right_child=1 8 5 4 -6 -7 -8 -9 -10 -11
leaf_value=-0.008788585090062662 -0.01572482102829759 0.0032505992815217298 0.0087862927861074303 -0.012663372647110045 0.016888731809985631 0.00056610352232792048 -0.018904905350905162 0.0077055048128482862 -0.014419367175826531 0.02521641252147195
leaf_weight=7.7601456940174112 4.8713103383779517 5.3945966809988022 5.0690405666828164 5.1263513267040244 7.3326957672834423 7.3987427055835715 3.9288028776645652 6.2553301453590402 5.642691642045973 5.8241321444511422
leaf_count=26 19 18 16 18 22 23 16 21 19 17
internal_value=5.45876e-05 0.00294157 0.00609483 -0.00210427 0.00429653 0.0135634 -0.00673125 -0.00105625 -0.0062065 0.0205269
internal_weight=64.6038 46.6596 35.6223 17.3304 12.459 18.2919 17.9443 14.0155 11.0373 10.8932
internal_count=215 152 115 59 40 56 63 47 37 33
is_linear=0
shrinkage=0.035


Tree=92
num_leaves=10
num_cat=0
split_feature=18 21 13 11 21 9 20 8 13
split_gain=3.03148 1.8488 2.39458 2.42463 1.46141 1.6389 1.39649 0.908469 0.851412
threshold=-1.3642962405896522 0.39066000111636723 -0.1073397234934917 -0.090026933207367599 1.0000000180025095e-35 0.78602919662029624 -0.41890118250509062 0.23368535739257043 0.47394215617438157
decision_type=2 2 2 2 2 2 2 2 2
left_child=-1 2 6 -4 8 -6 -2 -3 -5
right_child=1 7 3 4 5 -7 -8 -9 -10
leaf_value=0.021002731782983026 -0.00085997838099430822 0.018602738008888623 0.018102199358589872 0.013166808670988617 -0.022059612726008284 0.0010149003088961884 -0.0229253922918582 -0.00052884840957534863 -0.0042350293324860972
leaf_weight=5.5390374064445487 5.9800146371126166 4.4722880125045759 5.392373949289321 4.660581350326547 6.4380427151918393 5.7703254371881485 9.714839622378344 4.5761274546384811 5.023932933807373
leaf_count=15 23 15 17 17 27 19 49 17 16
internal_value=0.000136003 -0.00268356 -0.00582287 0.000461543 -0.00481532 -0.0121762 -0.0158622 0.0101077 0.00451042
internal_weight=57.5676 52.0285 42.9801 27.2853 21.8929 12.2084 15.6949 9.04842 9.68451
internal_count=215 200 168 96 79 46 72 32 33
is_linear=0
shrinkage=0.035


Tree=93
num_leaves=11
num_cat=0
split_feature=18 6 21 4 22 13 11 0 12 20
split_gain=2.30046 1.50569 2.10727 1.78347 2.14266 1.93633 1.16561 0.719808 0.598759 0.577128
threshold=-0.84732111398146559 0.4595135778443778 0.10714303828086021 -1.3960792431143731 -0.47721443396030222 -0.1073397234934917 -0.39071794459196046 0.31294602534237198 -0.30302413716851911 -0.17841051698147381
decision_type=2 2 2 2 2 2 2 2 2 2
left_child=9 3 6 -2 5 8 -3 -7 -5 -1
right_child=1 2 -4 4 -6 7 -8 -9 -10 -11
leaf_value=-0.019236837843360714 0.012898217374184303 0.0028494772439024386 -0.0045497845611477223 0.00055317349853765713 -0.018368743318752618 0 0.024226470657501085 -0.015935775705415947 0.016703669521085145 -0.0023873020432226668
leaf_weight=6.3008275777101517 6.4428843557834616 6.2846610844135293 7.1967781484127036 5.792946994304657 8.3343287408351916 7.8108113110065442 8.0921352207660675 5.3070978820323944 5.6467909812927228 5.625975549221037
leaf_count=22 18 18 20 16 26 23 23 16 16 17
internal_value=-0.00022188 0.00256377 0.00959805 -0.00144497 -0.00498326 0.000403003 0.0166915 -0.00802608 0.0102153 -0.01315
internal_weight=72.8352 60.9084 21.5736 39.3349 32.892 24.5576 14.3768 13.1179 11.4397 11.9268
internal_count=215 176 61 115 97 71 41 39 32 39
is_linear=0
shrinkage=0.035


Tree=94
num_leaves=11
num_cat=0
split_feature=2 15 21 1 12 9 1 0 17 6
split_gain=1.05791 1.73833 1.49799 2.09116 1.72607 1.36107 1.33321 1.22035 1.20078 0.500891
threshold=-1.7540042663824045 1.0157005608374889 1.0000000180025095e-35 -0.18073775423042238 -0.30302413716851911 -0.26459172328700942 1.1827224969815358 0.31294602534237198 0.27624160251874608 1.0000000180025095e-35
decision_type=2 2 2 2 2 2 2 2 2 2
left_child=-1 2 8 4 -4 -5 -7 -6 9 -2
right_child=1 -3 3 5 7 6 -8 -9 -10 -11
leaf_value=0.012950588044517609 -0.018972843157998336 -0.017556066774870566 0.0075127031010434114 0.00022101583066056965 -0.02132979811786476 0.0037470718088041307 0.029379503674323706 0 0.0049156015004737236 -0.0022692086550754214
leaf_weight=5.0650014728307715 6.1561525166034681 5.1851858198642722 8.189121946692465 8.0724050700664538 5.1854443252086622 5.589012414216997 5.3338238000869751 5.9263242334127426 4.7891455292701712 4.9423056244850159
leaf_count=16 23 18 26 27 20 17 15 20 15 18
internal_value=5.46534e-05 -0.0013462 0.00068131 0.00448318 -0.00332015 0.0122231 0.0192799 -0.0116323 -0.00766599 -0.0134175
internal_weight=64.4339 59.3689 54.1837 38.2961 19.3009 18.9952 10.9228 11.1118 15.8876 11.0985
internal_count=215 199 181 125 66 59 32 40 56 41
is_linear=0
shrinkage=0.035


Tree=95
num_leaves=9
num_cat=0
split_feature=15 10 7 17 0 21 0 9
split_gain=2.90743 2.12778 1.95164 1.44442 0.958661 0.808992 0.513205 0.261449
threshold=0.66502850265959079 0.11953752879667551 0.17019016500239209 -0.59539712155431912 0.7818198612212458 -1.0000000180025095e-35 1.0000000180025095e-35 0.20608644883146351
decision_type=2 2 2 2 2 2 2 2
left_child=1 2 3 -1 -2 -4 -5 -3
right_child=4 7 5 6 -6 -7 -8 -9
leaf_value=-0.0049265549862046584 0.019147217274708812 -0.018693813635659671 0.0005526089530598396 0.0023087821407367882 0.00077484094306608459 -0.017488640627858574 0.018188486575004041 -0.0042485107291252554
leaf_weight=6.442646160721778 8.4707752168178541 8.5177623778581601 4.0107513815164566 5.3418677151203209 6.4052820950746527 5.5202007144689542 7.8418519794940948 4.7853914052247992
leaf_count=29 24 44 14 18 20 21 24 21
internal_value=0.000130166 -0.00448208 0.000839915 0.00713786 0.0125769 -0.0106623 0.0132516 -0.015075
internal_weight=57.3365 42.4605 29.1573 19.6264 14.8761 9.53095 13.1837 13.3032
internal_count=215 171 106 71 44 35 42 65
is_linear=0
shrinkage=0.035


Tree=96
num_leaves=11
num_cat=0
split_feature=18 11 23 11 8 14 15 10 20 20
split_gain=2.19657 1.45998 1.24027 2.54366 2.43102 1.30065 1.29161 1.19998 0.566912 0.0100163
threshold=-0.84732111398146559 0.7476123127925699 -0.54585503238625244 0.21066407817722535 0.63068374769513502 0.5601993747346955 -0.64103492145189922 -0.16370767949546217 -0.17841051698147381 -0.25857407215601275
decision_type=2 2 2 2 2 2 2 2 2 2
left_child=8 2 3 4 6 7 -2 -4 -1 -8
right_child=1 -3 5 -5 -6 -7 9 -9 -10 -11
leaf_value=-0.018966422327734631 0.00036877716433320143 -0.010293446950088169 0.0031497675674335554 0.014419201262939746 0.010694700438654198 -0.0033331679583501268 -0.0081466249035754626 0.021874811998397543 -0.00226895450205198 -0.023150168393019067
leaf_weight=6.2239840030670166 5.2003064751625052 7.2832540273666373 8.9306692779064232 8.1130546331405622 5.3700067996978751 5.3396166861057273 4.762076497077941 9.6793592572212237 5.610066890716551 6.0110335350036648
leaf_count=22 15 22 25 23 15 15 15 28 17 18
internal_value=-0.000222773 0.00249874 0.00464662 -8.73392e-05 -0.00658942 0.0102294 -0.0132356 0.0143213 -0.0129027 -0.0192432
internal_weight=72.5234 60.6894 53.4061 29.4565 21.3434 23.9496 15.9734 18.61 11.8341 10.7731
internal_count=215 176 154 86 63 68 48 53 39 33
is_linear=0
shrinkage=0.035


Tree=97
num_leaves=9
num_cat=0
split_feature=19 13 12 1 9 12 22 0
split_gain=1.04318 1.94982 1.52415 1.30517 1.85566 1.09187 1.02726 1.74242
threshold=-0.17118841399426216 -0.42087964646585968 -0.17109431036004538 1.0000000180025095e-35 -0.26459172328700942 0.3943192331048419 -0.53112634374103918 0.7818198612212458
decision_type=2 2 2 2 2 2 2 2
left_child=3 -2 -3 6 -5 -6 7 -1
right_child=1 2 -4 4 5 -7 -8 -9
leaf_value=-0.018685680543159049 0.020635897803409516 -0.012291062008688387 0.0084273458952783577 -0.0089150135840073211 0.017609462849104082 -0.0014948767735725871 0.0012185601424726221 0.004202477098428972
leaf_weight=12.134691685438161 5.7386802136898067 6.05335956811905 7.3603030741214726 7.039100497961047 8.1994961798191053 4.5265423059463492 8.8310360610485059 4.362357720732688
leaf_count=47 17 21 23 25 24 15 28 15
internal_value=7.06455e-05 0.0065994 -0.00096355 -0.00275332 0.00361898 0.0111776 -0.00781908 -0.0125495
internal_weight=64.2456 19.1523 13.4137 45.0932 19.7651 12.726 25.3281 16.497
internal_count=215 61 44 154 64 39 90 62
is_linear=0
shrinkage=0.035


Tree=98
num_leaves=10
num_cat=0
split_feature=18 21 13 11 23 21 20 13 8
split_gain=2.78435 1.78645 2.26075 2.28747 1.40892 1.6285 1.36688 0.950977 0.895151
threshold=-1.3642962405896522 0.39066000111636723 -0.1073397234934917 -0.090026933207367599 -0.46820917877368196 1.0000000180025095e-35 -0.41890118250509062 0.47394215617438157 0.23368535739257043
decision_type=2 2 2 2 2 2 2 2 2
left_child=-1 2 6 -4 5 7 -2 -5 -3
right_child=1 8 3 4 -6 -7 -8 -9 -10
leaf_value=0.020114773206628949 -0.00076222480038909911 0.018382112698397346 0.017499590472229938 0.011359798966079322 0.010019812196402798 -0.018290707200293348 -0.022688432912041364 -0.0076646268729405696 -0.00059098027746981813
leaf_weight=5.5332144498825064 5.9478889852762213 4.4784173071384412 5.399898797273635 4.1183183640241641 4.1327117085456946 8.8479732125997526 9.4466452747583336 4.6642734855413437 4.565179780125618
leaf_count=15 23 15 17 15 14 35 49 15 17
internal_value=0.000112826 -0.00260454 -0.00571874 0.000375488 -0.00476764 -0.00916904 -0.0155804 0.00122176 0.00995664
internal_weight=57.1345 51.6013 42.5577 27.1632 21.7633 17.6306 15.3945 8.78259 9.0436
internal_count=215 200 168 96 79 65 72 30 32
is_linear=0
shrinkage=0.035


Tree=99
num_leaves=11
num_cat=0
split_feature=18 11 23 11 8 14 15 10 20 20
split_gain=2.08262 1.40172 1.18852 2.43319 2.34336 1.25333 1.24571 1.15999 0.559286 0.00860431
threshold=-0.84732111398146559 0.7476123127925699 -0.54585503238625244 0.21066407817722535 0.63068374769513502 0.5601993747346955 -0.64103492145189922 -0.16370767949546217 -0.17841051698147381 -0.25857407215601275
decision_type=2 2 2 2 2 2 2 2 2 2
left_child=8 2 3 4 6 7 -2 -4 -1 -8
right_child=1 -3 5 -5 -6 -7 9 -9 -10 -11
leaf_value=-0.018693145342215074 0.0003162588418759203 -0.010139329632991415 0.0030384758135778268 0.014054496661006416 0.010472531416511865 -0.0033066207820634614 -0.0080043900797153612 0.021472123957831438 -0.0021278855669552323 -0.022829171628403259
leaf_weight=6.1444167941808701 5.189464569091796 7.264514058828353 8.914153486490255 8.1142975091934186 5.357774317264556 5.333320438861846 4.7432164549827567 9.6170080900192279 5.5921681523323041 5.9641504585742977
leaf_count=22 15 22 25 23 15 15 15 28 17 18
internal_value=-0.000246394 0.00240183 0.00451348 -0.000121479 -0.00650246 0.00998882 -0.0130479 0.0140204 -0.0126414 -0.0189685
internal_weight=72.2345 60.4979 53.2334 29.3689 21.2546 23.8645 15.8968 18.5312 11.7366 10.7074
internal_count=215 176 154 86 63 68 48 53 39 33
is_linear=0
shrinkage=0.035


Tree=100
num_leaves=11
num_cat=0
split_feature=6 10 23 10 12 10 9 16 10 6
split_gain=1.02787 2.67566 1.39229 2.40981 1.71286 1.61378 1.14029 0.924744 0.916867 0.761844
threshold=-0.98451203828046341 -0.62398114297018592 -0.54585503238625244 1.2525183619652267 -0.54175429996480473 0.79224489849050272 0.4078056654536662 -0.18312023082897874 -1.0134433043718751 0.21884264182357094
decision_type=2 2 2 2 2 2 2 2 2 2
left_child=8 6 3 4 -3 7 -2 -4 -1 -6
right_child=1 2 5 -5 9 -7 -8 -9 -10 -11
leaf_value=-0.017308774868163963 0.0020875209191713014 -0.007230375355475771 -0.0014523720281924527 -0.01561271353401196 0.0029094903585008022 0.0059426771628750645 0.025147897040470737 -0.021071741510692042 0.00075066732806458472 0.02013810780051235
leaf_weight=5.0456897020339966 5.4798850119113904 4.4767616242170361 5.5073139816522607 4.3237433433532706 6.6954785585403434 5.0079250484704962 5.5208727419376373 7.9017094820737883 5.4080978333950025 8.698314964771269
leaf_count=18 18 15 19 15 22 18 16 29 18 27
internal_value=8.53163e-05 0.00219427 -0.00185426 0.00343331 0.00886643 -0.00871354 0.0161528 -0.0145888 -0.00892429 0.0141426
internal_weight=64.0658 53.612 42.6112 24.1943 19.8706 18.4169 11.0008 13.409 10.4538 15.3938
internal_count=215 179 145 79 64 66 34 48 36 49
is_linear=0
shrinkage=0.035


Tree=101
num_leaves=9
num_cat=0
split_feature=15 10 7 17 5 21 7 9
split_gain=2.68999 1.98516 1.89661 1.32393 0.959784 0.767784 0.491191 0.27005
threshold=0.66502850265959079 0.11953752879667551 0.17019016500239209 -0.59539712155431912 0.76874817775459225 -1.0000000180025095e-35 -0.30942821370451279 0.20608644883146351
decision_type=2 2 2 2 2 2 2 2
left_child=1 2 3 -1 -2 -4 -5 -3
right_child=4 7 5 6 -6 -7 -8 -9
leaf_value=-0.0046316144810373619 0.0011201998976779067 -0.018369817249593062 0.00033350695530620194 0.0037947080903796841 0.019248397119062111 -0.0172893542150378 0.019150512409834449 -0.0039324330994362326
leaf_weight=6.3588809669017783 7.0835224092006666 8.287182688713072 4.0289425700902939 7.0918768942356101 7.7953128516674042 5.4472940713167173 6.095660910010344 4.7172281593084326
leaf_count=29 22 44 14 22 22 21 20 21
internal_value=0.0001257 -0.00434539 0.000776005 0.00699986 0.0120843 -0.0105869 0.0128255 -0.0147049
internal_weight=56.9059 42.0271 29.0227 19.5464 14.8788 9.47624 13.1875 13.0044
internal_count=215 171 106 71 44 35 42 65
is_linear=0
shrinkage=0.035


Tree=102
num_leaves=11
num_cat=0
split_feature=18 11 23 11 8 14 15 21 20 20
split_gain=1.98481 1.34374 1.11382 2.35112 2.24764 1.21354 1.20668 1.12786 0.552614 0.00880357
threshold=-0.84732111398146559 0.7476123127925699 -0.54585503238625244 0.21066407817722535 0.63068374769513502 0.5601993747346955 -0.64103492145189922 0.10714303828086021 -0.17841051698147381 -0.25857407215601275
decision_type=2 2 2 2 2 2 2 2 2 2
left_child=8 2 3 4 6 7 -2 -4 -1 -8
right_child=1 -3 5 -5 -6 -7 9 -9 -10 -11
leaf_value=-0.018443696780121869 0.0003178604519672388 -0.009968111107232655 0.020313725926510838 0.013833587328127122 0.010242799774054677 -0.0033438359047570409 -0.0078345192836341698 0.002023895296621205 -0.0019963717531272258 -0.022481549680471218
leaf_weight=6.0702120810747147 5.184072494506835 7.2328333258628836 10.543945640325555 8.1145562529563886 5.3448053896427146 5.3296340107917777 4.7191849946975699 7.9182207286357871 5.5751313865184766 5.9208605587482479
leaf_count=22 15 22 31 23 15 15 15 22 17 18
internal_value=-0.000255592 0.00232819 0.00440033 -8.88425e-05 -0.0063857 0.00970768 -0.0128159 0.0136905 -0.0124011 -0.018668
internal_weight=71.9535 60.3081 53.0753 29.2835 21.1689 23.7918 15.8241 18.4622 11.6453 10.64
internal_count=215 176 154 86 63 68 48 53 39 33
is_linear=0
shrinkage=0.035


Tree=103
num_leaves=11
num_cat=0
split_feature=2 15 21 1 12 9 1 0 17 6
split_gain=1.00294 1.65366 1.42453 1.95661 1.62486 1.20025 1.257 1.14867 1.13193 0.500639
threshold=-1.7540042663824045 1.0157005608374889 1.0000000180025095e-35 -0.18073775423042238 -0.30302413716851911 -0.26459172328700942 1.1827224969815358 0.31294602534237198 0.27624160251874608 1.0000000180025095e-35
decision_type=2 2 2 2 2 2 2 2 2 2
left_child=-1 2 8 4 -4 -5 -7 -6 9 -2
right_child=1 -3 3 5 7 6 -8 -9 -10 -11
leaf_value=0.012644367880771933 -0.018689299706114649 -0.017188471443794477 0.0073093038819093195 0.00045794337259561689 -0.020877152139173526 0.0034631918923987621 0.028314927777589517 0 0.0047089477548960439 -0.0020391732139088763
leaf_weight=5.0719079226255408 6.0465717613697034 5.0967425256967536 8.1681646257638914 8.0052934587001818 5.0354879796504957 5.5695123076438922 5.3400604128837585 5.8935763537883759 4.7897358834743491 4.8879076540470123
leaf_count=16 23 18 26 27 20 17 15 20 15 18
internal_value=0.000101828 -0.0012733 0.000704627 0.00442319 -0.00317096 0.0119116 0.0185365 -0.0113288 -0.00747327 -0.0131185
internal_weight=63.905 58.8331 53.7363 38.0121 19.0972 18.9149 10.9096 10.9291 15.7242 10.9345
internal_count=215 199 181 125 66 59 32 40 56 41
is_linear=0
shrinkage=0.035


Tree=104
num_leaves=9
num_cat=0
split_feature=18 21 13 14 23 21 20 8
split_gain=2.56177 1.74798 2.15571 2.17045 1.60415 1.8123 1.34178 0.85344
threshold=-1.3642962405896522 0.39066000111636723 -0.1073397234934917 -0.67690250206779801 1.0000000180025095e-35 1.0000000180025095e-35 -0.41890118250509062 0.23368535739257043
decision_type=2 2 2 2 2 2 2 2
left_child=-1 2 6 -4 5 -5 -2 -3
right_child=1 7 3 4 -6 -7 -8 -9
leaf_value=0.019311583638758775 -0.00067041909188397439 0.018116734449347617 0.014652008862094409 0.0012579168689934566 0.010187428230631788 -0.020475690000715269 -0.022478696346730189 -0.00045344063609902447
leaf_weight=5.5236870944499961 5.9177777767181388 4.4881789833307248 7.2719142138957968 7.6320280283689597 4.0919439792633048 8.0397830009460431 9.2145765274763054 4.5255201458930969
leaf_count=15 23 15 23 26 14 33 49 17
internal_value=0.000118233 -0.0025028 -0.00560788 0.000334355 -0.00555483 -0.01065 -0.0153305 0.00992724
internal_weight=56.7054 51.1817 42.168 27.0357 19.7638 15.6718 15.1324 9.0137
internal_count=215 200 168 96 73 59 72 32
is_linear=0
shrinkage=0.035


Tree=105
num_leaves=12
num_cat=0
split_feature=18 11 10 4 23 18 0 11 15 20 0
split_gain=1.88716 1.31846 2.18726 1.84384 1.91779 1.85353 1.13426 2.05798 1.02472 0.539611 0.144901
threshold=-0.84732111398146559 -1.4431364844380357 1.3941409661112953 -1.3960792431143731 -0.54585503238625244 0.3613654797977538 -0.6248016464153755 1.0000000180025095e-35 0.1326934108828608 -0.17841051698147381 0.7818198612212458
decision_type=2 2 2 2 2 2 2 2 2 2 2
left_child=9 -2 3 -3 6 8 7 -5 -6 -1 -8
right_child=1 2 -4 4 5 -7 10 -9 -10 -11 -12
leaf_value=-0.018167955412523806 0.015705163868543367 0.012476079325694179 0.016749142202892513 -0.01647665453122342 0.020110867056876206 -0.0087995228400602338 -0.022242515835559189 0.0091580776479793114 0 -0.0018992606156938673 -0.0069961632403052016
leaf_weight=5.9897363632917404 5.8101738393306723 6.385610729455947 6.4494802355766288 4.9404417276382429 5.3413700163364464 7.3782141804695121 7.2876076698303205 6.4746131896972656 5.0342828631401062 5.5609782338142377 5.0052582919597626
leaf_count=22 17 18 18 15 15 21 23 19 15 17 15
internal_value=-0.000270642 0.00224745 0.000207338 -0.00249961 -0.00539482 0.00292931 -0.0115756 -0.00234767 0.0117682 -0.0121593 -0.0182496
internal_weight=71.6578 60.1071 54.2969 47.8474 41.4618 17.7539 23.7079 11.4151 10.3757 11.5507 12.2929
internal_count=215 176 159 141 123 51 72 34 30 39 38
is_linear=0
shrinkage=0.035


Tree=106
num_leaves=11
num_cat=0
split_feature=6 10 11 5 14 12 9 23 10 13
split_gain=0.999697 2.54743 1.32917 3.40051 2.3318 1.13201 1.06937 0.894878 0.88857 0.345948
threshold=-0.98451203828046341 -0.62398114297018592 -0.86681204595089922 -0.23873860637357822 0.3952524578276963 0.57059522018507136 0.4078056654536662 -0.54010348767421013 -1.0134433043718751 0.47394215617438157
decision_type=2 2 2 2 2 2 2 2 2 2
left_child=8 6 -3 4 -4 7 -2 9 -1 -5
right_child=1 2 3 5 -6 -7 -8 -9 -10 -11
leaf_value=-0.017090923150896876 0.0020913529322529097 -0.01438354993113862 -0.0010723353471609215 0.011068082433769812 0.027685246388854261 -0.015269703235453772 0.024507154747468521 -0.0088105064940725789 0.00072375818773751425 -9.2694202124855756e-05
leaf_weight=4.9924525618553162 5.4700030088424665 6.3735444843769065 5.2910629063844627 4.8514383435249293 5.89237180352211 8.2337198108434659 5.5360070765018463 6.7712591588497277 5.3903770893812162 4.9191020131111145
leaf_count=18 18 25 18 15 18 29 16 24 18 16
internal_value=0.000114699 0.00219913 -0.00177323 0.000963662 0.0155827 -0.00611021 0.0158049 -0.000112627 -0.00879513 0.00594203
internal_weight=63.7213 53.3385 42.3325 35.959 11.1834 24.7755 11.006 16.5418 10.3828 9.77054
internal_count=215 179 145 120 36 84 34 55 36 31
is_linear=0
shrinkage=0.035


Tree=107
num_leaves=9
num_cat=0
split_feature=18 1 16 21 19 14 8 10
split_gain=3.35732 1.88727 1.79177 2.20444 2.82391 2.42885 0.690788 0.690327
threshold=-1.5241524044139465 -0.99881390495759692 -0.73696634093599445 0.53241848253412083 -0.34500427708170656 0.29216063476082182 -0.22947943129375506 -0.49416042250295616
decision_type=2 2 2 2 2 2 2 2
left_child=-1 6 -3 4 5 -4 -2 -6
right_child=1 2 3 -5 7 -7 -8 -9
leaf_value=0.024167767002468088 -0.021654665286658263 0.013622924390020802 -0.011093508534130887 0.012449983892327118 -0.001897663742354452 0.016949885742436565 -0.00089946403214879653 -0.01997963413461136
leaf_weight=4.4014224708080283 5.494173064827919 8.1796137094497663 4.659467592835421 6.7796801179647437 4.5572784543037406 6.7419423311948776 3.6553854793310148 11.990661822259435
leaf_count=12 23 26 18 23 16 25 16 56
internal_value=0.00012225 -0.00263256 0.000558005 -0.00295044 -0.00744336 0.0051523 -0.0154823 -0.0160245
internal_weight=56.4596 52.0582 42.9086 34.729 27.9494 11.4014 9.14956 16.5479
internal_count=215 203 164 138 115 43 39 72
is_linear=0
shrinkage=0.035


Tree=108
num_leaves=10
num_cat=0
split_feature=18 11 23 11 8 14 11 10 20
split_gain=1.79437 1.27911 1.00316 2.22645 2.11813 1.15525 1.15202 1.13323 0.523441
threshold=-0.84732111398146559 0.7476123127925699 -0.54585503238625244 0.21066407817722535 0.63068374769513502 0.5601993747346955 -0.24037243889966406 -0.16370767949546217 -0.17841051698147381
decision_type=2 2 2 2 2 2 2 2 2
left_child=8 2 3 4 6 7 -2 -4 -1
right_child=1 -3 5 -5 -6 -7 -8 -9 -10
leaf_value=-0.017881739316890414 -0.0026090773754314026 -0.0098347815976026522 0.0024571016560631796 0.013493390996976372 0.0099471128554245239 -0.0034283991766509096 -0.021953508653360789 0.020572180601688823 -0.0018230885839825252
leaf_weight=5.9020139276981354 9.1960609555244428 7.1981040537357321 8.8510470986366325 8.09061351418495 5.3094680011272422 5.3132341206073752 6.5002594888210323 9.4624693095684069 5.5498726963996869
leaf_count=22 27 22 25 23 15 15 21 28 17
internal_value=-0.000277172 0.00217581 0.00421102 -5.49007e-05 -0.00622077 0.00926366 -0.0124925 0.0131794 -0.0119177
internal_weight=71.3731 59.9213 52.7232 29.0964 21.0058 23.6268 15.6963 18.3135 11.4519
internal_count=215 176 154 86 63 68 48 53 39
is_linear=0
shrinkage=0.035


Tree=109
num_leaves=10
num_cat=0
split_feature=19 13 12 1 9 22 0 8 13
split_gain=0.974173 1.81234 1.43247 1.17311 1.70538 0.893744 1.66528 0.709971 0.00355312
threshold=-0.17118841399426216 -0.42087964646585968 -0.17109431036004538 1.0000000180025095e-35 -0.26459172328700942 -0.53112634374103918 0.7818198612212458 1.0000000180025095e-35 -0.54065894288227001
decision_type=2 2 2 2 2 2 2 2 2
left_child=3 -2 -3 5 -5 6 8 -6 -1
right_child=1 2 -4 4 7 -7 -8 -9 -10
leaf_value=-0.0083048384024361332 0.019932385646840106 -0.011991478925013198 0.0081681610758938383 -0.0086587117223689541 0.016004988980893146 0.00092993259706525169 0.0043207843339297686 0 -0.022043455556586228
leaf_weight=5.520451873540881 5.7502583265304592 5.953610599040986 7.345456883311269 6.9538922905921963 7.9089935421943647 8.7808965444564802 4.3328817933797827 4.7516114115715027 6.2359825074672726
leaf_count=22 17 21 23 25 23 28 15 16 25
internal_value=0.000117475 0.00643445 -0.000901385 -0.00263511 0.00340628 -0.00749407 -0.0119763 0.0106683 -0.0181192
internal_weight=63.534 19.0493 13.2991 44.4847 19.6145 24.8702 16.0893 12.6606 11.7564
internal_count=215 61 44 154 64 90 62 39 47
is_linear=0
shrinkage=0.035


Tree=110
num_leaves=10
num_cat=0
split_feature=15 10 7 17 17 21 0 6 14
split_gain=2.38628 1.8353 1.82478 1.1828 0.944684 0.735786 0.491573 0.33058 0.368991
threshold=0.66502850265959079 0.11953752879667551 0.17019016500239209 -0.59539712155431912 1.0880034940765952 -1.0000000180025095e-35 1.0000000180025095e-35 1.4221973219276054 0.23030554092069713
decision_type=2 2 2 2 2 2 2 2 2
left_child=1 2 3 -1 -2 -4 -5 8 -3
right_child=4 7 5 6 -6 -7 -8 -9 -10
leaf_value=-0.0042112626567852324 0.018438685983927765 -0.002389722443841748 0.00026525127553258946 0.0018319781742740415 0.0006129697446949859 -0.017034351341708224 0.017162069671321129 -0.00074143299234151179 -0.02081711364287157
leaf_weight=6.2341232299804679 7.8187222331762296 3.0645308569073659 4.0190070122480392 5.3114182949066215 7.0272432416677475 5.3569481968879682 7.8486813008785248 2.8137760758399954 6.7565095722675323
leaf_count=29 23 15 14 18 21 21 24 14 36
internal_value=0.000126837 -0.00412831 0.000780553 0.0069057 0.0113872 -0.0104144 0.0123791 -0.0142439 -0.0168884
internal_weight=56.251 41.405 28.7702 19.3942 14.846 9.37596 13.1601 12.6348 9.82104
internal_count=215 171 106 71 44 35 42 65 51
is_linear=0
shrinkage=0.035


end of trees

feature_importances:
Column_18=115
Column_21=74
Column_11=70
Column_14=62
Column_17=59
Column_9=54
Column_12=50
Column_1=48
Column_20=46
Column_10=45
Column_15=44
Column_23=44
Column_6=41
Column_13=40
Column_4=37
Column_22=34
Column_0=32
Column_16=28
Column_8=26
Column_5=25
Column_19=24
Column_7=16
Column_2=10

parameters:
[boosting: gbdt]
[objective: multiclass]
[metric: multi_logloss]
[tree_learner: serial]
[device_type: cpu]
[data_sample_strategy: bagging]
[data: ]
[valid: ]
[num_iterations: 600]
[learning_rate: 0.035]
[num_leaves: 48]
[num_threads: 0]
[seed: 42]
[deterministic: 0]
[force_col_wise: 0]
[force_row_wise: 0]
[histogram_pool_size: -1]
[max_depth: 8]
[min_data_in_leaf: 15]
[min_sum_hessian_in_leaf: 0.001]
[bagging_fraction: 1]
[pos_bagging_fraction: 1]
[neg_bagging_fraction: 1]
[bagging_freq: 0]
[bagging_seed: 400]
[bagging_by_query: 0]
[feature_fraction: 1]
[feature_fraction_bynode: 1]
[feature_fraction_seed: 30056]
[extra_trees: 0]
[extra_seed: 12879]
[early_stopping_round: 0]
[early_stopping_min_delta: 0]
[first_metric_only: 0]
[max_delta_step: 0]
[lambda_l1: 0.15]
[lambda_l2: 2]
[linear_lambda: 0]
[min_gain_to_split: 0]
[drop_rate: 0.1]
[max_drop: 50]
[skip_drop: 0.5]
[xgboost_dart_mode: 0]
[uniform_drop: 0]
[drop_seed: 17869]
[top_rate: 0.2]
[other_rate: 0.1]
[min_data_per_group: 100]
[max_cat_threshold: 32]
[cat_l2: 10]
[cat_smooth: 10]
[max_cat_to_onehot: 4]
[top_k: 20]
[monotone_constraints: ]
[monotone_constraints_method: basic]
[monotone_penalty: 0]
[feature_contri: ]
[forcedsplits_filename: ]
[refit_decay_rate: 0.9]
[cegb_tradeoff: 1]
[cegb_penalty_split: 0]
[cegb_penalty_feature_lazy: ]
[cegb_penalty_feature_coupled: ]
[path_smooth: 0]
[interaction_constraints: ]
[verbosity: -1]
[saved_feature_importance_type: 0]
[use_quantized_grad: 0]
[num_grad_quant_bins: 4]
[quant_train_renew_leaf: 0]
[stochastic_rounding: 1]
[linear_tree: 0]
[max_bin: 255]
[max_bin_by_feature: ]
[min_data_in_bin: 3]
[bin_construct_sample_cnt: 200000]
[data_random_seed: 175]
[is_enable_sparse: 1]
[enable_bundle: 1]
[use_missing: 1]
[zero_as_missing: 0]
[feature_pre_filter: 1]
[pre_partition: 0]
[two_round: 0]
[header: 0]
[label_column: ]
[weight_column: ]
[group_column: ]
[ignore_column: ]
[categorical_feature: ]
[forcedbins_filename: ]
[precise_float_parser: 0]
[parser_config_file: ]
[objective_seed: 16083]
[num_class: 3]
[is_unbalance: 0]
[scale_pos_weight: 1]
[sigmoid: 1]
[boost_from_average: 1]
[reg_sqrt: 0]
[alpha: 0.9]
[fair_c: 1]
[poisson_max_delta_step: 0.7]
[tweedie_variance_power: 1.5]
[lambdarank_truncation_level: 30]
[lambdarank_norm: 1]
[label_gain: ]
[lambdarank_position_bias_regularization: 0]
[eval_at: ]
[multi_error_top_k: 1]
[auc_mu_weights: ]
[num_machines: 1]
[local_listen_port: 12400]
[time_out: 120]
[machine_list_filename: ]
[machines: ]
[gpu_platform_id: -1]
[gpu_device_id: -1]
[gpu_device_id_list: ]
[gpu_use_dp: 0]
[num_gpu: 1]

end of parameters

pandas_categorical:null
