tree
version=v4
num_class=3
num_tree_per_iteration=3
label_index=0
max_feature_idx=62
objective=multiclass num_class:3
feature_names=Column_0 Column_1 Column_2 Column_3 Column_4 Column_5 Column_6 Column_7 Column_8 Column_9 Column_10 Column_11 Column_12 Column_13 Column_14 Column_15 Column_16 Column_17 Column_18 Column_19 Column_20 Column_21 Column_22 Column_23 Column_24 Column_25 Column_26 Column_27 Column_28 Column_29 Column_30 Column_31 Column_32 Column_33 Column_34 Column_35 Column_36 Column_37 Column_38 Column_39 Column_40 Column_41 Column_42 Column_43 Column_44 Column_45 Column_46 Column_47 Column_48 Column_49 Column_50 Column_51 Column_52 Column_53 Column_54 Column_55 Column_56 Column_57 Column_58 Column_59 Column_60 Column_61 Column_62
feature_infos=[-0.71167958927222874:11.246027143903714] [-0.71586251662940448:5.5625051459112598] [-0.93609599051825065:5.7689804284775708] [-0.74677070364908982:10.612271934116078] [-0.74294680281121317:5.3164302359527502] [-0.96571839102241364:5.7697688679857437] [-1.6283432401868601:5.2872416327193292] [-0.92751264324312321:4.4272992580589898] [-2.1580044535213014:3.4511186705229786] [-2.4927202364249679:2.6350661912252784] [-3.5747291740599434:1.1660529780662718] [-1.7610569682192414:3.8279280445011676] [-0.89126910386479208:3.4739119320274181] [-2.4974423570838877:2.6702321445270529] [-1.7528757577032694:3.8438939921706665] [-2.4974423570838877:2.6702321445270529] [-3.5633794155416161:1.2011389721685803] [-1.7528757577032694:3.8438939921706665] [-3.980068022520578:0.6802685179583644] [-2.3083059265366002:1.4538251191986589] [-1.3112782698061316:1.5622335962043954] [-2.2777473931646735:0.75546235234638814] [-1.5889469705586534:0.6293476236330352] [-1.952245648055309:2.6870979873010525] [-2.0902186442374426:3.4187897914422685] [-1.8730223616425958:5.8964171615395076] [-4.178401442660185:3.1893580506629498] [-2.0225226362091449:2.6696771584500674] [-2.0685545937849024:4.3108838069268636] [-2.2483583026974356:2.8595903620140342] [-2.9460571368221631:4.0071687196398624] [-2.3834311705149211:2.8277269084751362] [-2.5117926690546688:3.852039054568162] [-2.1781889516441639:7.4683476764528667] [-4.9147686716842465:3.228617639631739] [-2.2095704394229818:3.1959164703780591] [-2.4426501970026133:3.7060867520460499] [-2.9856419279349398:2.5745617043356144] [-2.1756334597601428:3.6205883909603571] [-2.7450559826142467:3.2790402769990168] [-1.9186009625383966:3.3608219847885104] [-2.4382559148815677:2.2665963548528691] [-2.5493782257752082:3.2216409800370829] [-1.4922783516436287:2.8875685211326099] [-2.4799362794543951:3.4307588807109242] [-1.6759674590929345:3.4272638976607706] [-1.6954015002594502:3.7434651330183377] [-2.8779226524039392:3.0306714295670334] [-2.7197931943832563:2.1416110076482382] [-1.0881911959538428:3.8063777209896941] [-1.123256602377682:3.6902710222564141] [-8.9114149935771163:6.78996455462112] [-3.6916869163754216:5.3138157284530152] [-3.9840165998395807:5.5281218686796301] [-2.268397536585443:2.9443610996655214] [-1.9796670181563754:3.074872976864222] [-1.0670442517305683:2.7622677806896161] [-0.94289902792628766:4.2856376378331884] [-1.0746127756465842:2.7056456050864592] [-2.3707804782535224:2.3975689582337885] [8:782] [8:782] none
tree_sizes=1393 1588 1358 1402 1506 1293 1413 1499 1408 1402 1614 1403 1519 1722 1299 1500 1612 1414 1307 1610 1194 1732 1622 1386 1636 1514 1382 1313 1732 1196 1521 1622 1302 1634 1596 1418 1743 1619 1516 1632 1626 1637 1631 1686 1523 1506 1614 1410 1378 1720 1313 1516 1632 1499 1420 1588 1474 1520 1638 1594 1521 1596 1625 1502 1586 1410

Tree=0
num_leaves=12
num_cat=0
split_feature=14 40 31 29 21 43 21 41 12 37 54
split_gain=12.789 5.29011 5.14849 8.88418 4.75855 2.86354 2.14429 2.03823 3.61871 2.20772 1.20877
threshold=-0.48843895467518089 -0.7774756900692994 -0.42924689089364931 0.64614594063906428 0.50269487355379983 -1.0000000180025095e-35 0.50269487355379983 1.0000000180025095e-35 -0.16747725745589248 1.0000000180025095e-35 0.55712233805668543
decision_type=2 2 2 2 2 2 2 2 2 2 2
left_child=1 -1 3 4 5 -2 -3 8 -4 10 -9
right_child=2 6 7 -5 -6 -7 -8 9 -10 -11 -12
leaf_value=-0.94114013964521115 -0.96289148572764394 -0.90850609411690597 -0.93402070268968163 -0.91647043595146072 -0.93161291393042001 -0.94200374837678502 -0.93036432909579625 -0.94045679772133872 -0.95831396208121833 -0.96717875220591698 -0.95646030409786442
leaf_weight=11.423936843872069 12.494930922985075 12.137932896614075 11.06693881750107 10.352942764759062 11.780934870243071 11.780934870243074 9.9959447383880615 8.2109546065330523 8.2109546065330488 12.494930922985075 7.1399605274200431
leaf_count=32 35 34 31 29 33 33 28 23 23 35 20
internal_value=-0.940457 -0.92497 -0.94617 -0.939178 -0.946236 -0.953667 -0.916857 -0.953006 -0.944621 -0.958096 -0.948627
internal_weight=127.091 33.5578 93.5335 46.4097 36.0568 24.2759 22.1339 47.1237 19.2779 27.8458 15.3509
internal_count=356 94 262 130 101 68 62 132 54 78 43
is_linear=0
shrinkage=1


Tree=1
num_leaves=14
num_cat=0
split_feature=23 4 42 44 59 28 33 19 34 34 28 34 50
split_gain=5.48535 4.18278 3.70859 3.66476 2.97412 2.92325 2.76211 2.40057 2.05659 1.85707 1.72067 1.57494 1.02857
threshold=-1.1790217088292485 -0.3859744395003451 -0.79746168115361937 1.0000000180025095e-35 0.25181171181449852 -0.55763497256369454 0.1251212125113918 1.0000000180025095e-35 -0.14325325489753618 -0.97031592714056603 -1.0000000180025095e-35 0.74742962290264991 -0.32100199827199921
decision_type=2 2 2 2 2 2 2 2 2 2 2 2 2
left_child=9 2 -2 8 10 12 7 11 -4 -1 -5 -7 -3
right_child=1 5 3 4 -6 6 -8 -9 -10 -11 -12 -13 -14
leaf_value=-0.99608800542237363 -1.0121288270440292 -1.0079958845324066 -0.97526167709861966 -0.98401889927892838 -1.0151227684802531 -1.0092011941961938 -0.9913026962166448 -1.0176795422441036 -0.99459437955080088 -0.97340206336275126 -1.0026615507325491 -0.99210069260099143 -1.0255503028553055
leaf_weight=7.3259572684764862 9.0702328085899335 9.7679430246353167 10.465653240680693 6.9771021604537973 7.3259572684764853 7.6748123764991822 11.512218564748762 11.163363456726072 11.861073672771456 6.9771021604537946 7.6748123764991769 8.7213777005672437 7.6748123764991751
leaf_count=21 26 28 30 20 21 22 33 32 34 20 22 25 22
internal_value=-0.999733 -1.00208 -0.99618 -0.992485 -1.00099 -1.0077 -1.0027 -1.00786 -0.98431 -0.983193 -0.993521 -0.999893 -1.01747
internal_weight=124.192 109.889 53.3748 44.3046 21.9779 56.5145 39.0718 27.5596 22.3267 14.3031 14.6519 16.3962 17.4428
internal_count=356 315 153 127 63 162 112 79 64 41 42 47 50
is_linear=0
shrinkage=1


Tree=2
num_leaves=12
num_cat=0
split_feature=13 40 12 29 10 32 41 35 19 46 38
split_gain=11.0761 4.24155 6.06969 4.1769 3.88407 3.06644 2.94333 2.37796 2.28625 2.04987 2.92348
threshold=-0.66045214182779466 -0.7774756900692994 -0.47137028759869976 0.64614594063906428 0.12694715222801803 -0.15101638448490914 0.18861993572015981 1.2387574168294067 -0.24809130625300593 -0.45601334749334554 0.078452815520051788
decision_type=2 2 2 2 2 2 2 2 2 2 2
left_child=7 2 -2 4 -3 9 -4 -1 -7 -6 -11
right_child=1 3 6 -5 5 8 -8 -9 -10 10 -12
leaf_value=-1.3913477196881796 -1.4343435038103047 -1.4388606535392829 -1.4178571934163802 -1.4437938884747257 -1.4382144163066612 -1.4219496900445796 -1.3887033907041593 -1.4145519782936713 -1.399471211091782 -1.407105251855125 -1.4317573824181398
leaf_weight=9.8936369419097918 6.8705812096595791 11.542576432228087 6.8705812096595746 12.916692674160002 7.145404458045955 6.3209347128868103 5.7712882161140442 8.794343948364256 7.4202277064323443 6.8705812096595782 7.4202277064323425
leaf_count=36 25 42 25 47 26 23 21 32 27 25 27
internal_value=-1.42058 -1.42556 -1.41395 -1.42952 -1.42486 -1.41986 -1.40215 -1.40071 -1.40932 -1.42666 -1.42013
internal_weight=97.8371 79.1491 19.5125 59.6366 46.72 35.1774 12.6419 18.688 13.7412 21.4362 14.2908
internal_count=356 288 71 217 170 128 46 68 50 78 52
is_linear=0
shrinkage=1


Tree=3
num_leaves=12
num_cat=0
split_feature=14 31 29 40 21 21 41 12 18 44 38
split_gain=12.1087 5.00987 8.48773 5.00321 4.60292 2.04116 1.95381 3.49515 2.52608 1.56985 0.26526
threshold=-0.48843895467518089 -0.42924689089364931 0.64614594063906428 -0.7774756900692994 0.50269487355379983 0.50269487355379983 1.0000000180025095e-35 -0.16747725745589248 0.57183239230739813 0.15876691704797979 0.4004651405600797
decision_type=2 2 2 2 2 2 2 2 2 2 2
left_child=3 2 4 -1 9 -5 7 -3 10 -2 -8
right_child=1 6 -4 5 -6 -7 8 -9 -10 -11 -12
leaf_value=-0.00070061232479792356 -0.019943650740456453 0.0062741430856687987 0.023438506644104677 0.03097626670626372 0.0087468282364490269 0.0097264936364306973 -0.028102652171987281 -0.017612283303345556 -0.003390958079091874 -0.0036833911605085633 -0.012277594096054823
leaf_weight=11.426042795181273 12.423638641834261 11.087243258953096 10.408042609691618 12.242801755666733 11.793460905551909 10.036660820245743 11.001017421483999 8.1777608096599561 9.6095624864101392 11.761899650096892 7.1112187206745139
leaf_count=32 35 31 29 34 33 28 31 23 27 33 20
internal_value=0 -0.00557937 0.00131237 0.015022 -0.00561011 0.0228732 -0.012337 -0.00411622 -0.0173401 -0.0129465 -0.0236096
internal_weight=127.079 93.3738 46.387 33.7055 35.979 22.2795 46.9868 19.265 27.7218 24.1855 18.1122
internal_count=356 262 130 94 101 62 132 54 78 68 51
is_linear=0
shrinkage=0.03


Tree=4
num_leaves=13
num_cat=0
split_feature=18 36 31 42 44 60 29 34 33 26 34 42
split_gain=5.58648 4.4355 3.18221 2.81716 4.88394 3.8137 3.01616 2.46955 1.94688 1.81214 2.23304 1.71478
threshold=0.35120016199951282 -0.75670619484410884 -0.84135377979337334 -0.79746168115361937 1.0000000180025095e-35 308.50000000000006 -0.37544379230322988 -0.20687346045469232 0.1251212125113918 0.91402056007786403 1.6381125007028359 0.18155050554667987
decision_type=2 2 2 2 2 2 2 2 2 2 2 2
left_child=8 2 -2 -3 7 6 -6 -5 9 11 -11 -1
right_child=1 3 -4 4 5 -7 -8 -9 -10 10 -12 -13
leaf_value=-0.0075245155511564294 0.0013918256222372977 -0.010705773066312447 0.028750244803916459 0.026698198063223676 0.0036751649283378587 0.011990607807899864 -0.018962601317108623 0.0042213761115070143 0.0020091101306069642 0.0087434229557530035 -0.01253498471067689 -0.026230727217495298
leaf_weight=13.21913579106331 6.9944579005241421 12.544047594070433 9.0990117788314802 8.425042539834978 7.3222304582595852 8.3796866536140424 12.201543241739275 10.493508994579313 12.210016727447508 6.9661316871643049 7.6445525884628296 8.6823532879352552
leaf_count=38 20 36 26 24 21 24 35 30 35 20 22 25
internal_value=0 0.00507896 0.0183333 0.00102401 0.00452546 -0.00329656 -0.0105306 0.0157509 -0.00778349 -0.0111661 -0.00214788 -0.0164026
internal_weight=124.182 75.4595 16.0935 59.3661 46.822 27.9035 19.5238 18.9186 48.7222 36.5122 14.6107 21.9015
internal_count=356 216 46 170 134 80 56 54 140 105 42 63
is_linear=0
shrinkage=0.03


Tree=5
num_leaves=11
num_cat=0
split_feature=15 40 12 29 4 26 55 23 41 1
split_gain=10.582 4.07337 5.84632 4.08201 3.73272 4.08766 3.27393 2.86351 2.73704 2.48424
threshold=-0.66045214182779466 -0.7774756900692994 -0.47137028759869976 0.64614594063906428 -0.22121796412609845 -0.061124078744315712 1.0512608920641766 -0.97282865836896593 0.18861993572015981 -0.37637213038247241
decision_type=2 2 2 2 2 2 2 2 2 2
left_child=6 2 -2 4 5 7 -1 -3 -4 -7
right_child=1 3 8 -5 -6 9 -8 -9 -10 -11
leaf_value=0.031302121825740138 -0.01364658528138891 0.0039631501845942812 0.0026950558124029054 -0.023013723435937918 -0.018031552427651913 0.0013882770678964153 0.0053305710008047643 -0.017691960071387954 0.03076225481949638 0.025343559365980591
leaf_weight=8.934185057878496 6.8322128951549557 8.5102337300777418 6.8767352104186994 12.730375140905378 11.384159356355665 10.493047684431078 9.9469901323318464 10.694462418556212 5.8873640298843384 5.5233031511306789
leaf_count=32 25 31 25 47 42 38 36 39 21 20
internal_value=0 -0.00488762 0.00645238 -0.00879817 -0.00419389 0.000669188 0.0193135 -0.00821417 0.0179351 0.0114547
internal_weight=97.8131 78.9319 19.5963 59.3356 46.6052 35.221 18.8812 19.2047 12.7641 16.0164
internal_count=356 288 71 217 170 128 68 70 46 58
is_linear=0
shrinkage=0.03


Tree=6
num_leaves=12
num_cat=0
split_feature=14 31 29 21 55 43 57 41 12 37 20
split_gain=11.4553 4.82813 8.13054 4.45962 3.30428 2.74152 2.39896 1.88202 3.36514 2.15756 1.91861
threshold=-0.48843895467518089 -0.42924689089364931 0.64614594063906428 0.50269487355379983 -1.0383272515325339 -1.0000000180025095e-35 0.62566197180155547 1.0000000180025095e-35 -0.16747725745589248 1.0000000180025095e-35 1.0000000180025095e-35
decision_type=2 2 2 2 2 2 2 2 2 2 2
left_child=4 2 3 5 -1 -2 -6 8 -3 10 -9
right_child=1 7 -4 -5 6 -7 -8 9 -10 -11 -12
leaf_value=-0.0024348802608239102 -0.021816150731353089 0.0061357906745746265 0.022898583931396509 0.0086173394008219138 0.024424388821700997 -0.001339673940738784 0.0026975897862776387 0.0025049059393961576 -0.017320417586940473 -0.026045800144255216 -0.016923161020013695
leaf_weight=7.1682072281837454 12.360044598579405 11.104010015726091 10.460020691156386 11.810055762529371 19.471521526575092 11.749216109514238 7.2028554975986472 7.4460192918777484 8.1361857652664167 12.335256427526472 7.8061434328556061
leaf_count=20 35 31 29 33 54 33 20 21 23 35 22
internal_value=0 -0.00545425 0.00130416 -0.00548982 0.01456 -0.0127346 0.0192265 -0.0121048 -0.00402924 -0.0170325 -0.0077053
internal_weight=127.05 93.207 46.3793 35.9193 33.8426 24.1093 26.6744 46.8276 19.2402 27.5874 15.2522
internal_count=356 262 130 101 94 68 74 132 54 78 43
is_linear=0
shrinkage=0.03


Tree=7
num_leaves=13
num_cat=0
split_feature=18 42 2 61 29 42 55 33 26 34 54 42
split_gain=5.28685 3.61824 2.61706 2.93778 3.57345 3.4116 1.94243 1.87783 1.76468 2.15168 1.73789 1.67385
threshold=0.35120016199951282 -0.79746168115361937 -0.1967585080408949 268.50000000000006 -0.37544379230322988 0.18155050554667987 -0.27434562740735807 0.1251212125113918 0.91402056007786403 1.6381125007028359 -1.1325229170919384 0.18155050554667987
decision_type=2 2 2 2 2 2 2 2 2 2 2 2
left_child=7 10 3 5 -5 6 -3 8 11 -10 -2 -1
right_child=1 2 -4 4 -6 -7 -8 -9 9 -11 -12 -13
leaf_value=-0.0073394951471753463 0.0036792813296973614 0.0031995444997584771 0.021286501156971241 0.011697008593690741 -0.012839201508235389 -0.0043054509272852856 0.024030549936150201 0.0020172195945303696 0.0086291869686079478 -0.012272484736683286 -0.013909880242994214 -0.025860199908972262
leaf_weight=13.177366554737093 7.3211552798748043 7.3735108375549343 10.544661998748778 7.021391928195956 12.539239943027495 8.0642723739147169 12.642309486865999 12.207701921463011 6.9774300754070264 7.6045494377613068 10.073412567377089 8.5989917218685132
leaf_count=38 21 21 30 20 36 23 36 35 20 22 29 25
internal_value=0 0.00493438 0.00852589 0.00501585 -0.0035411 0.0110568 0.0173937 -0.00758632 -0.0109215 -0.002026 -0.00648489 -0.0161059
internal_weight=124.146 75.58 58.1854 47.6407 19.5606 28.0801 20.0158 48.566 36.3583 14.582 17.3946 21.7764
internal_count=356 216 166 136 56 80 57 140 105 42 50 63
is_linear=0
shrinkage=0.03


Tree=8
num_leaves=12
num_cat=0
split_feature=13 40 12 29 29 55 41 13 3 51 46
split_gain=10.0664 3.92088 5.62428 3.97825 3.6128 3.08537 2.56103 2.38179 3.28066 2.33013 0.219908
threshold=-0.66045214182779466 -0.7774756900692994 -0.47137028759869976 0.64614594063906428 1.0000000180025095e-35 1.0512608920641766 0.18861993572015981 -0.036153763276334773 -0.13369235903455726 -1.0000000180025095e-35 -0.31235227157400164
decision_type=2 2 2 2 2 2 2 2 2 2 2
left_child=5 2 -2 4 7 -1 -4 8 -3 -6 -9
right_child=1 3 6 -5 9 -7 -8 10 -10 -11 -12
leaf_value=0.030253973872092832 -0.013505681621486599 0.010753095054677289 0.0026557465258068643 -0.022804645591975183 -0.006955854426733383 0.0051446979260720673 0.029763368501508916 -0.021717649395292055 -0.015870981764453503 0.014874363340737324 -0.009040635286213199
leaf_weight=9.0894775688648242 6.7842678725719479 8.2802464962005597 6.8843194842338544 12.527149051427839 5.4859874844551095 9.9949324429035169 5.992547333240509 8.6497555673122388 5.7356824278831473 10.209008336067196 8.1278161108493858
leaf_count=32 25 30 25 47 20 36 21 32 21 37 30
internal_value=0 -0.00479027 0.00630332 -0.00864989 -0.00411701 0.0187283 0.0174774 -0.0100063 -0.000236497 0.0069538 -0.0171505
internal_weight=97.7612 78.6768 19.6611 59.0156 46.4885 19.0844 12.8769 30.7935 14.0159 15.695 16.7776
internal_count=356 288 71 217 170 68 46 113 51 57 62
is_linear=0
shrinkage=0.03


Tree=9
num_leaves=12
num_cat=0
split_feature=17 30 54 1 35 16 20 16 61 18 27
split_gain=10.8304 4.23417 3.49061 3.18196 4.55753 2.69987 1.87476 1.72761 3.22172 2.88128 2.02853
threshold=-0.48843895467518089 -0.77317405667778016 -0.44635744186205378 0.48778521642790001 -0.62520358655026265 0.72529339361905298 1.0000000180025095e-35 0.41324076403888438 268.50000000000006 0.48365934444749731 0.32357726112046115
decision_type=2 2 2 2 2 2 2 2 2 2 2
left_child=3 2 -2 4 -1 7 -7 9 -9 10 -3
right_child=1 5 -4 -5 -6 6 -8 8 -10 -11 -12
leaf_value=-0.0086062878267625081 0.02012844673097736 -0.021639448038367336 -0.0052693714878396473 0.02561453603557734 0.017338401346677971 0.010424151157597452 -0.0077276904433968953 -0.024430234057868729 -0.0023805684766618489 0.0061994630585883691 -0.0027490151261507123
leaf_weight=9.326499015092848 8.2834147810935992 9.1958596706390434 8.1729396879672986 12.343116164207457 12.299787521362306 9.2477384209632891 8.0993475019931775 16.952354997396473 10.28506228327751 10.35356032848358 12.427871972322462
leaf_count=26 23 26 23 34 34 26 23 48 29 29 35
internal_value=0 -0.00532485 0.00779416 0.0141157 0.00605762 -0.00831713 0.0016902 -0.0113169 -0.0168717 -0.00586232 -0.0119246
internal_weight=126.988 93.0181 16.4564 33.9694 21.6263 76.5618 17.3471 59.2147 27.2374 31.9773 21.6237
internal_count=356 262 46 94 60 216 49 167 77 90 61
is_linear=0
shrinkage=0.03


Tree=10
num_leaves=14
num_cat=0
split_feature=23 18 42 44 52 53 57 48 48 43 25 42 31
split_gain=5.14865 4.47 5.56794 4.63593 2.49185 1.77795 3.9661 1.55891 3.7171 1.21776 1.08334 1.01354 0.297442
threshold=-1.1790217088292485 0.35120016199951282 -0.79746168115361937 -1.0000000180025095e-35 1.092486363689686 -1.0000000180025095e-35 1.0000000180025095e-35 1.0293826142537925 0.63127179666680733 -0.68930642496798489 1.2023807829503204 -0.17913819481658833 -0.24313410235829017
decision_type=2 2 2 2 2 2 2 2 2 2 2 2 2
left_child=10 4 -3 9 7 -5 -7 8 11 -4 -1 -2 -11
right_child=1 2 3 5 -6 6 -8 -9 -10 12 -12 -13 -14
leaf_value=0.023337597108064424 -0.0047069158336932107 -0.014259802343514051 0.0058374945022087246 -0.010809485677167356 0.0047616299335363549 -0.011322303157421542 0.015545688193976595 -0.023098034109013559 0.006808937783260938 0.011068229395561107 0.00477240955861541 -0.020414018854296372 0.027043885932218337
leaf_weight=7.3858902156352979 8.3342896997928619 12.124487131834028 9.8713077902793902 9.7432588040828687 7.9537369906902304 6.9935642480850317 10.145886421203612 8.925994396209715 9.0056034028530103 7.0776796936988831 7.008698046207428 11.731011509895328 7.7936980724334664
leaf_count=21 24 35 28 28 23 20 29 26 26 20 20 34 22
internal_value=0 -0.00227465 0.00278495 0.00719054 -0.00928671 -0.00129153 0.0042317 -0.0124485 -0.00800942 0.0161819 0.0159792 -0.0149494 0.0215179
internal_weight=124.095 109.701 63.7499 51.6254 45.9506 26.8827 17.1395 37.9969 29.0709 24.7427 14.3946 20.0653 14.8714
internal_count=356 315 182 147 133 77 49 110 84 70 41 58 42
is_linear=0
shrinkage=0.03


Tree=11
num_leaves=12
num_cat=0
split_feature=13 40 12 29 16 26 16 55 23 12 12
split_gain=9.59911 3.8045 5.42126 3.87698 3.51215 4.50452 3.54287 2.89811 2.74336 1.22852 0.286177
threshold=-0.66045214182779466 -0.7774756900692994 -0.47137028759869976 0.64614594063906428 0.15569091708734209 -0.061124078744315712 0.57615145822378422 1.0512608920641766 -0.97282865836896593 -0.11273938737092061 -0.095801937273905693
decision_type=2 2 2 2 2 2 2 2 2 2 2
left_child=7 2 -2 4 10 8 -7 -1 -6 -4 -3
right_child=1 3 9 -5 5 6 -8 -9 -10 -11 -12
leaf_value=0.029252226613486348 -0.013349887226267275 -0.020887764805990229 0.0054986679095948773 -0.022615067533212473 0.0037348924330846849 0.023908220584212995 -0.0038402831125397257 0.0049933564125958204 -0.017477039848845102 0.02609472437803723 -0.0064653518050490555
leaf_weight=9.2396527528762835 6.7310433685779598 7.4058449864387512 7.0181539356708535 12.338047683238981 8.562250196933741 8.6725172996521014 5.8194377720355979 10.033918976783751 10.565119504928591 5.9533588588237736 5.377472519874571
leaf_count=32 25 28 25 47 31 31 21 36 39 21 20
internal_value=0 -0.00470548 0.00619965 -0.00852613 -0.0040639 0.00101986 0.0130752 0.0181842 -0.00810967 0.0170909 -0.016557
internal_weight=97.7168 78.4432 19.7026 58.7407 46.4026 33.6193 14.492 19.2736 19.1274 12.9715 12.7833
internal_count=356 288 71 217 170 122 52 68 70 46 48
is_linear=0
shrinkage=0.03


Tree=12
num_leaves=13
num_cat=0
split_feature=14 31 29 21 27 5 54 33 30 25 43 61
split_gain=10.2519 3.8662 7.19663 4.63779 3.46388 2.58604 3.77436 2.21858 5.08751 2.58317 2.18444 0.559414
threshold=-0.4344215002312718 -0.42924689089364931 0.64614594063906428 0.50269487355379983 1.0000000180025095e-35 1.0816729893972272 0.43285884880485964 1.0000000180025095e-35 1.0000000180025095e-35 1.0000000180025095e-35 -1.0000000180025095e-35 335.50000000000006
decision_type=2 2 2 2 2 2 2 2 2 2 2 2
left_child=4 2 3 10 5 6 -1 8 -3 -9 -2 -10
right_child=1 7 -4 -5 -6 -7 -8 9 11 -11 -12 -13
leaf_value=0.012561566235975331 -0.021412584834841077 0.010511051589501285 0.021234721606788794 0.0085756156698895449 0.025245659530910167 0.018744540181345345 -0.01356422085375455 -0.0037637446948501608 -0.02052954016381197 -0.027616384691825282 -0.0025499691098933666 -0.0060301419244910013
leaf_weight=7.9282898604869905 12.26047572493553 9.9400148093700427 10.170946836471556 11.811993598937987 12.37213748693466 7.2818284332752219 8.9678372442722303 7.7684851884841946 8.432606488466261 11.203034579753874 11.352822214365007 7.4230583608150473
leaf_count=22 35 28 28 33 34 20 25 22 24 32 32 21
internal_value=0 -0.00544942 0.000606549 -0.00577553 0.0130688 0.00549333 -0.000954221 -0.0115669 -0.00503642 -0.0191337 -0.0132767 -0.015195
internal_weight=126.914 90.3634 45.5962 35.4253 36.5501 24.178 16.8961 44.7672 25.7957 18.9715 23.6133 15.8557
internal_count=356 255 128 100 101 67 47 127 73 54 67 45
is_linear=0
shrinkage=0.03


Tree=13
num_leaves=15
num_cat=0
split_feature=18 36 52 31 29 18 2 52 48 35 35 39 45 0
split_gain=4.71824 4.13783 3.08736 2.86329 2.80627 3.33617 3.26156 1.83169 2.68222 3.21506 2.15661 1.0087 0.705597 0.19857
threshold=0.35120016199951282 -0.75670619484410884 -0.59604538221564607 -0.84135377979337334 -0.71597370328399446 0.63199682219142927 -0.2288402133949419 1.092486363689686 1.0293826142537925 -0.62520358655026265 1.2387574168294067 -0.53980645900581958 -0.29187874905040906 -0.38988984941281146
decision_type=2 2 2 2 2 2 2 2 2 2 2 2 2 2
left_child=7 3 11 -2 -4 6 12 8 9 -1 13 -3 -6 -11
right_child=1 2 4 -5 5 -7 -8 -9 -10 10 -12 -13 -14 -15
leaf_value=0.010790329404823308 0.0012559637957645883 -0.00057511087511087861 0.018034327202272996 0.027158769790541611 -0.0049680138163497199 0.01585256640808004 0.011014556601047188 0.0047959780258448074 -0.023016377760601853 -0.0086347704371761459 0.00080633672929468069 -0.016688617261941787 -0.01810144614855708 -0.021593499047354414
leaf_weight=7.2864573001861563 7.003962159156802 6.9737291932106009 9.5054439306259138 9.2474507391452772 12.883234143257139 8.1151843667030317 7.08006519079209 7.9489322304725638 9.1871147155761701 7.5499559938907623 9.0475474894046766 8.0351241230964643 6.9484057724475852 7.2194996476173454
leaf_count=21 20 20 27 26 37 23 20 23 27 22 26 23 20 21
internal_value=0 0.00465231 0.00073755 0.0173827 0.00480146 0.000452995 -0.00457132 -0.00719301 -0.00978914 -0.00481897 -0.0101878 -0.0102976 -0.0108001 -0.0167448
internal_weight=124.032 75.7926 59.5412 16.2514 44.5323 35.0269 26.9117 48.2395 40.2906 31.1035 23.817 15.0089 19.8316 14.7695
internal_count=356 216 170 46 127 100 77 140 117 90 69 43 57 43
is_linear=0
shrinkage=0.03


Tree=14
num_leaves=11
num_cat=0
split_feature=13 26 41 24 52 35 35 49 34 46
split_gain=9.12291 3.71832 8.84557 2.89061 3.83157 2.74871 1.86699 1.48466 0.933013 0.409661
threshold=-0.66045214182779466 0.69732175145071296 1.1687974919148345 0.4921290599874219 -1.1588892975174234 -0.99799578722619653 1.2387574168294067 -0.091149379539418721 0.42932859511686911 0.14306905464098343
decision_type=2 2 2 2 2 2 2 2 2 2
left_child=6 2 3 4 -2 -6 -1 9 -3 -7
right_child=1 8 -4 -5 5 7 -8 -9 -10 -11
leaf_value=0.025641024108778533 0.01105150626767489 -0.0025938067621884943 0.029883208217027769 0.010624532244802941 0.0049787729288089753 -0.020949277758989613 0.0053114362854697061 -0.0022537759750345544 -0.01930262280901612 -0.0065731362262220171
leaf_weight=10.510671228170397 6.6038681566715232 5.4667002558708218 5.9761685729026786 7.4851251542568198 6.2794470787048331 18.991516977548599 8.960030645132063 7.8853784799575832 14.110392123460768 5.3980618715286246
leaf_count=36 24 20 21 27 23 71 32 29 53 20
internal_value=0 -0.00461753 -0.000608957 -0.00491329 -0.00787609 -0.0115604 0.017621 -0.0150341 -0.0154382 -0.0185644
internal_weight=97.6674 78.1967 58.6196 52.6434 45.1583 38.5544 19.4707 32.275 19.5771 24.3896
internal_count=356 288 215 194 167 143 68 120 73 91
is_linear=0
shrinkage=0.03


Tree=15
num_leaves=13
num_cat=0
split_feature=14 39 23 27 28 20 30 44 26 54 45 5
split_gain=9.68503 3.73946 4.08647 3.28175 4.07699 2.12264 1.85935 3.58263 1.73521 0.934332 1.7556 0.783694
threshold=-0.4344215002312718 -0.7839147552401482 -0.56044255744840032 1.0000000180025095e-35 -0.55763497256369454 -0.39697903971187298 -0.12130913263446536 0.15876691704797979 0.69732175145071296 -0.083450288046816798 -0.41211593290117093 -0.24021634030314154
decision_type=2 2 2 2 2 2 2 2 2 2 2 2
left_child=3 2 5 4 -1 -2 7 11 9 10 -8 -3
right_child=1 6 -4 -5 -6 -7 8 -9 -10 -11 -12 -13
leaf_value=0.015209057714155981 0.0051450513469349039 -0.0019390075882471628 0.017056039090306327 0.02448360234711066 -0.0081978784471629946 -0.014837365749083857 -0.018424021323284377 0.013702117264232396 0 -0.022284480357769629 -0.00047355830792234746 -0.01625550746108289
leaf_weight=14.098338156938551 7.5013813078403464 8.1415148973464966 10.736016452312468 12.441953480243681 10.115398705005648 8.4757348895072955 9.1250661909580213 7.1400803327560416 7.4010426402091971 13.633121520280836 10.588471949100496 7.4154987633228311
leaf_count=39 21 23 30 34 28 24 26 20 21 39 30 21
internal_value=0 -0.00531902 0.00379245 0.0126682 0.00528956 -0.00547579 -0.00924673 -0.00186938 -0.0130017 -0.0158039 -0.0097806 -0.00994435
internal_weight=126.814 90.1579 26.7131 36.6557 24.2137 15.9771 63.4448 22.6971 40.7477 33.3467 19.7135 15.557
internal_count=356 255 75 101 67 45 180 64 116 95 56 44
is_linear=0
shrinkage=0.03


Tree=16
num_leaves=14
num_cat=0
split_feature=23 18 41 36 52 26 52 16 21 2 51 45 55
split_gain=4.96688 4.01397 4.84111 3.02888 3.87778 6.16127 2.35484 1.83823 1.74924 1.47782 0.920172 0.143935 0.124253
threshold=-1.1790217088292485 0.35120016199951282 -1.0268002339612361 -0.75670619484410884 -0.59604538221564607 -0.16947348305789123 1.092486363689686 0.58685903179103427 0.50269487355379983 0.071561209465680009 1.0000000180025095e-35 -0.57259356074155376 0.140174785723127
decision_type=2 2 2 2 2 2 2 2 2 2 2 2 2
left_child=11 6 -3 -4 -5 12 8 -7 10 -10 -2 -1 -6
right_child=1 2 3 4 5 7 -8 -9 9 -11 -12 -13 -14
leaf_value=0.019904512658521677 -0.0061553263499903354 -0.013641923833653806 0.020316983390318368 -0.015196975221335967 0.011314660057610998 -0.0099123992553229838 0.004706044176024095 0.0074145639040531603 -0.011029500402722551 0.0058558455624547635 -0.02180124211334384 0.0078238429413010676 0.025999446701171516
leaf_weight=7.3876913487911224 7.874258458614352 11.732413589954374 10.009689122438429 7.2915697693824688 7.048665612936011 13.283272802829758 7.9595930576324454 7.0867224037647238 8.5982922017574293 6.8914206922054282 14.315796136856077 7.0529555976390821 7.4394229352474213
leaf_count=21 23 34 28 21 20 38 23 20 25 20 42 20 21
internal_value=0 -0.00223571 0.00253848 0.00656943 0.00258121 0.00693861 -0.0089146 -0.0035149 -0.012015 -0.00331025 -0.0172438 0.015672 0.0209622
internal_weight=123.972 109.531 63.8918 52.1593 42.1497 34.8581 45.6394 20.37 37.6798 15.4897 22.1901 14.4406 14.4881
internal_count=356 315 182 148 120 99 133 58 110 45 65 41 41
is_linear=0
shrinkage=0.03


Tree=17
num_leaves=12
num_cat=0
split_feature=13 40 12 29 29 55 41 13 13 51 46
split_gain=8.66999 3.64491 5.12858 3.77023 3.39684 2.62409 2.30481 2.21053 2.71945 2.18457 0.232508
threshold=-0.66045214182779466 -0.7774756900692994 -0.47137028759869976 0.64614594063906428 1.0000000180025095e-35 1.0512608920641766 0.18861993572015981 -0.036153763276334773 -0.36683809952051183 1.0000000180025095e-35 -0.31235227157400164
decision_type=2 2 2 2 2 2 2 2 2 2 2
left_child=5 2 -2 4 7 -1 -4 8 -3 -6 -9
right_child=1 3 6 -5 9 -7 -8 10 -10 -11 -12
leaf_value=0.027447885200386227 -0.013063951800025578 -0.015183017676826239 0.0024863420866530622 -0.022345982542037731 -0.0067634260885526933 0.0045757687365983717 0.028075907284877175 -0.021305696450854509 0.0092220443654562959 0.014373050851516373 -0.0086228877272495688
leaf_weight=9.5144748985767382 6.6320317089557674 5.3749813437461844 6.9161480665206891 12.062561273574827 5.4381889402866355 10.141757667064665 6.1722747683525085 8.379085034132002 8.6600335240364057 10.313098430633543 7.9793856143951478
leaf_count=32 25 20 25 47 20 36 21 32 31 37 30
internal_value=0 -0.00452004 0.00613064 -0.00829231 -0.00390479 0.0170916 0.0166112 -0.00968559 -0.000301685 0.00677424 -0.0166991
internal_weight=97.584 77.9278 19.7205 58.2073 46.1448 19.6562 13.0884 30.3935 14.035 15.7513 16.3585
internal_count=356 288 71 217 170 68 46 113 51 57 62
is_linear=0
shrinkage=0.03


Tree=18
num_leaves=11
num_cat=0
split_feature=14 31 29 40 27 31 57 33 33 28
split_gain=9.24223 4.33761 7.13446 4.08531 2.75356 3.11978 2.07334 1.74133 4.33589 2.41902
threshold=-0.48843895467518089 -0.42924689089364931 0.64614594063906428 -0.7774756900692994 -0.10654105338996668 -0.84135377979337334 -1.0000000180025095e-35 1.0000000180025095e-35 -0.63884800035208433 1.0000000180025095e-35
decision_type=2 2 2 2 2 2 2 2 2 2
left_child=3 2 4 -1 -2 -6 -5 8 -3 -9
right_child=1 7 -4 6 5 -7 -8 9 -10 -11
leaf_value=-0.0011734807483087784 -0.014853815772835675 -0.016510017014736488 0.021498335117017861 0.030568588037650984 -0.0081429194884036441 0.013104280570527989 0.0099886430675153667 -0.026904524326098897 0.0064876560451070141 -0.0046070210013788842
leaf_weight=11.476955413818358 13.739033758640288 13.667436331510546 10.57864725589752 9.2123382687568665 11.978481769561766 9.9356321096420306 13.561721950769424 10.693563401699068 12.717564433813093 9.161377400159834
leaf_count=32 39 39 29 25 34 28 37 31 36 26
internal_value=0 -0.00497959 0.00141236 0.0129417 -0.0050132 0.00145645 0.0199352 -0.0113397 -0.00545727 -0.0179434
internal_weight=126.723 92.4717 46.2318 34.251 35.6531 21.9141 22.7741 46.2399 26.385 19.8549
internal_count=356 262 130 94 101 62 62 132 75 57
is_linear=0
shrinkage=0.03


Tree=19
num_leaves=14
num_cat=0
split_feature=23 42 33 42 47 31 24 4 61 59 34 40 27
split_gain=4.76262 3.27583 4.95751 4.51467 4.18265 3.69483 2.48649 2.24983 2.21125 2.10755 1.72308 1.60231 0.854728
threshold=-1.1790217088292485 -0.79746168115361937 0.1251212125113918 0.18155050554667987 -0.088986195308815325 -0.42924689089364931 1.5250681416773679 -0.36309159569836646 268.50000000000006 1.0000000180025095e-35 -0.97031592714056603 -0.47905242604300824 1.0000000180025095e-35
decision_type=2 2 2 2 2 2 2 2 2 2 2 2 2
left_child=10 8 3 4 9 -4 12 -6 -2 -3 -1 -7 -5
right_child=1 2 5 6 7 11 -8 -9 -10 -11 -12 -13 -14
leaf_value=0.0030436332931510928 -0.022941964994454153 -0.016886704753650606 -0.0013359490670321664 -0.0088003247334185446 0.020538220596693999 0.006208582321651091 0.0024861294305104282 -6.1863401414630472e-05 -0.00012095871768372423 0.0032672722546417629 0.024637573491207328 0.027870522850685593 -0.022682674723441366
leaf_weight=7.386129766702652 8.8870350122451764 8.322983771562571 12.968229472637178 13.008153408765798 10.614417880773539 7.391228884458541 6.8658194541931143 6.9125885069370367 6.9209793806076041 7.3493100106716147 7.1094459593296033 8.1479404568672162 11.992120802402495
leaf_count=21 26 24 37 38 30 21 20 20 20 21 20 23 35
internal_value=0 -0.00218382 0 -0.00453076 0.00303532 0.0101564 -0.0123753 0.0127339 -0.0141736 -0.00762651 0.0153269 0.0193727 -0.0165928
internal_weight=123.876 109.381 93.5728 65.0654 33.1993 28.5074 31.8661 17.527 15.808 15.6723 14.4956 15.5392 25.0003
internal_count=356 315 269 188 95 81 93 50 46 45 41 44 73
is_linear=0
shrinkage=0.03


Tree=20
num_leaves=10
num_cat=0
split_feature=13 26 41 24 34 55 12 45 34
split_gain=8.22874 3.57636 8.21644 2.74203 3.69843 2.49725 1.52395 0.918508 0.916982
threshold=-0.66045214182779466 0.69732175145071296 1.1687974919148345 0.4921290599874219 -0.97031592714056603 1.0512608920641766 -0.13370863434138991 0.11169445741759808 0.42932859511686911
decision_type=2 2 2 2 2 2 2 2 2
left_child=5 2 3 4 -2 -1 7 -6 -3
right_child=1 8 -4 -5 6 -7 -8 -9 -10
leaf_value=0.026574778760423239 0.0070229679458968667 -0.002421740787231454 0.028557776519670237 0.010343265913482051 -0.019301530950404714 0.0043651061915109804 -0.0014524957956548463 -0.0031545703870266219 -0.01901119950912512
leaf_weight=9.6490184068679827 10.314474597573279 5.4296107143163708 6.114497870206832 7.5322586596012107 18.767202243208885 10.19614917039871 10.009404569864275 5.6673412919044486 13.840779185295103
leaf_count=32 38 20 21 27 71 36 37 21 53
internal_value=0 -0.00443438 -0.000511916 -0.00472423 -0.00764277 0.0165535 -0.0123113 -0.0161868 -0.0151383
internal_weight=97.5207 77.6756 58.4052 52.2907 44.7584 19.8452 34.4439 24.4345 19.2704
internal_count=356 288 215 194 167 68 129 92 73
is_linear=0
shrinkage=0.03


Tree=21
num_leaves=15
num_cat=0
split_feature=14 15 35 38 4 37 30 24 35 23 39 38 31 33
split_gain=8.85261 3.3462 4.05306 4.96088 3.11128 2.2046 2.00495 1.77537 1.73477 2.53488 1.70035 1.67951 1.08798 0.352852
threshold=-1.2511742800435788 -0.93723103821744513 -0.62520358655026265 -0.30796197452798163 -0.3859744395003451 1.3513169052360927 0.85648825343050727 1.0000000180025095e-35 0.1203808148016049 -0.56044255744840032 -0.32466016401963166 -0.56557183456000348 -0.42924689089364931 0.1251212125113918
decision_type=2 2 2 2 2 2 2 2 2 2 2 2 2 2
left_child=-1 6 5 12 8 11 -2 -6 10 -10 -5 13 -4 -3
right_child=1 2 3 4 7 -7 -8 -9 9 -11 -12 -13 -14 -15
leaf_value=0.023489770176539561 -0.025377933471322906 -0.0089550724575566381 0.026172421039926771 0.010576352116369507 0.019051862585451152 0.0036208611565032591 -0.0038528215509969683 0.00010993232517437398 -0.022956275540180909 -0.0014154606419860736 -0.0078951507740732847 -0.00091266139053604257 0.0067039556252664403 -0.023635971305794194
leaf_weight=11.446382850408552 6.9707186222076443 7.1084932684898421 7.2336038053035736 7.8049896955490112 7.2480091750621822 7.846789062023162 9.8936195969581586 10.438319265842436 8.0218999981880152 11.957324475049976 6.9877140522003156 7.7901262044906625 7.1276720166206342 8.7212902903556806
leaf_count=31 20 20 20 22 20 22 28 29 23 34 20 22 20 25
internal_value=0 -0.00265767 -0.000392362 0.00372021 -0.000597802 -0.00907932 -0.0144229 0.00906783 -0.00585121 -0.0113429 0.00155905 -0.0135016 0.018436 -0.0187354
internal_weight=126.597 115.151 98.2862 66.8195 52.4583 31.4667 16.8643 17.6863 34.7719 19.9792 14.7927 23.6199 14.3613 15.8298
internal_count=356 325 277 188 148 89 48 49 99 57 42 67 40 45
is_linear=0
shrinkage=0.03


Tree=22
num_leaves=14
num_cat=0
split_feature=23 18 42 44 32 52 37 21 24 24 2 47 41
split_gain=4.56942 3.66325 4.88153 4.1869 3.48123 2.26322 2.25181 1.71243 1.46716 1.86018 1.43241 0.464458 0.168989
threshold=-1.1790217088292485 0.35120016199951282 -0.79746168115361937 -1.0000000180025095e-35 -0.15101638448490914 1.092486363689686 -1.0000000180025095e-35 0.50269487355379983 -0.54081002170252368 1.0000000180025095e-35 0.071561209465680009 0.66217530898498211 -0.7131434159789406
decision_type=2 2 2 2 2 2 2 2 2 2 2 2 2
left_child=12 5 -3 8 -5 7 -6 11 -4 -10 -9 -2 -1
right_child=1 2 3 4 6 -7 -8 10 9 -11 -12 -13 -14
leaf_value=0.019204059761098423 -0.010882299519358681 -0.013665122165730634 0.0022538268973934833 0.0098895169198040516 -0.019994757562777774 0.0047756490259665656 0.001285284935900297 -0.010681645544355425 0.03044574193737698 0.0084921357197797996 0.0059732190598416812 -0.024160155182244857 0.0072880350338820872
leaf_weight=7.4446495771408081 14.661074846982958 11.967972308397291 7.4572845399379757 11.609007149934767 8.3350376486778206 7.947238326072692 6.9951009154319861 8.5347892343997938 7.1838021874427787 10.368471354246138 6.877499282360076 7.3058731257915488 7.1004174053668958
leaf_count=21 43 35 21 33 24 23 20 25 20 29 20 22 20
internal_value=0 -0.00214388 0.00240354 0.00649731 -0.00155029 -0.00855609 -0.0106791 -0.0116198 0.0149894 0.0194818 -0.00302428 -0.016816 0.0149861
internal_weight=123.788 109.243 63.9167 51.9487 26.9391 45.3265 15.3301 37.3792 25.0096 17.5523 15.4123 21.9669 14.5451
internal_count=356 315 182 147 77 133 44 110 70 49 45 65 41
is_linear=0
shrinkage=0.03


Tree=23
num_leaves=12
num_cat=0
split_feature=15 26 41 24 52 12 50 30 45 34 46
split_gain=7.84091 3.46751 7.81571 2.63022 3.63247 1.52949 1.90229 1.26992 3.8653 0.905437 0.285984
threshold=-0.66045214182779466 0.69732175145071296 1.1687974919148345 0.4921290599874219 -1.1588892975174234 -0.043047174065698995 1.0000000180025095e-35 1.1824207154521649 -0.52203471331511431 0.42932859511686911 0.16874205097535447
decision_type=2 2 2 2 2 2 2 2 2 2 2
left_child=7 2 3 4 -2 6 10 8 -1 -3 -6
right_child=1 9 -4 -5 5 -7 -8 -9 -10 -11 -12
leaf_value=0.0015773273073882664 0.010828189307857982 -0.0023210883688184586 0.027648101677008916 0.010061533471472954 -0.019443676349066477 0.0013243806666753321 0 0.0039980684341928531 0.034969543277158295 -0.018823251339966828 -0.0063781097768902343
leaf_weight=5.9138791263103494 6.6361868381500235 5.409218534827235 6.2121229469776145 7.5822614133357993 19.581837221980098 6.235288321971896 6.7450022399425498 7.3949225544929496 6.6990714967250833 13.671233907341955 5.351041615009307
leaf_count=20 24 20 21 27 75 23 25 26 22 53 20
internal_value=0 -0.00434716 -0.000492737 -0.00463743 -0.00751572 -0.0111687 -0.0137573 0.0160859 0.0215697 -0.0149467 -0.0173876
internal_weight=97.4321 77.4242 58.3437 52.1316 44.5494 37.9132 31.6779 20.0079 12.613 19.0805 24.9329
internal_count=356 288 215 194 167 143 120 68 42 73 95
is_linear=0
shrinkage=0.03


Tree=24
num_leaves=14
num_cat=0
split_feature=17 13 35 46 46 46 38 30 30 58 38 31 49
split_gain=8.37094 3.2313 3.91768 5.31579 3.98746 2.74144 2.75622 1.93186 1.90247 1.77688 2.42747 1.70456 1.52485
threshold=-1.2511742800435788 -0.93723103821744513 -0.62520358655026265 -0.40411326601290409 -0.56130524619664335 0.1946784136082014 0.4004651405600797 0.85648825343050727 -0.33859744064890357 1.0000000180025095e-35 -0.82318169459202584 -0.61535967942900849 -0.27242970979658671
decision_type=2 2 2 2 2 2 2 2 2 2 2 2 2
left_child=-1 7 9 4 12 8 -7 -2 -5 10 -3 -10 -4
right_child=1 2 3 5 -6 6 -8 -9 11 -11 -12 -13 -14
leaf_value=0.022783966689720846 -0.025010390260952902 -0.022730471026487033 0.012909101033825554 0.0030430782105162367 0.029319272732283234 0.017652335171045506 -0.0049466492416699133 -0.0038102306886686832 -0.0014604161200479509 0.00055500629803654979 -0.0017797142851872405 -0.02035859499693124 -0.0044144436260461113
leaf_weight=11.488829404115675 6.9063183963298824 10.829201936721804 7.170528918504715 7.8996548354625729 8.6742686927318555 8.1958505809307116 8.1182245910167676 9.8864415884017927 8.0875575542449969 10.618136942386625 9.9384666681289691 10.845615416765211 7.8252618312835711
leaf_count=31 20 31 20 22 24 23 23 28 23 30 28 31 22
internal_value=-1.30422e-05 -0.00260616 -0.000380892 0.00365801 0.0146629 -0.00253457 0.0066002 -0.0141931 -0.00835558 -0.00893638 -0.0137691 -0.0132794 0.00392603
internal_weight=126.484 114.996 98.2028 66.817 23.6701 43.1469 16.3141 16.7928 26.8328 31.3858 20.7677 18.9332 14.9958
internal_count=356 325 277 188 66 122 46 48 76 89 59 54 42
is_linear=0
shrinkage=0.03


Tree=25
num_leaves=13
num_cat=0
split_feature=23 18 42 44 32 37 24 1 33 20 25 2
split_gain=4.38404 3.49792 4.70465 4.01171 3.35695 2.187 2.01916 1.97116 1.76288 1.50274 0.988051 0.334769
threshold=-1.1790217088292485 0.35120016199951282 -0.79746168115361937 -1.0000000180025095e-35 -0.15101638448490914 -1.0000000180025095e-35 -0.19649699447254201 0.055706543022713641 0.1251212125113918 -0.39697903971187298 1.2023807829503204 -0.31487751411715875
decision_type=2 2 2 2 2 2 2 2 2 2 2 2
left_child=10 6 -3 8 -5 -6 -2 -8 11 -9 -1 -4
right_child=1 2 3 4 5 -7 7 9 -10 -11 -12 -13
leaf_value=0.021578343214246877 -0.017446251057678091 -0.013473954876823527 0.00026594518686601779 0.0096703790443802128 -0.019742171660480718 0.0012409392045114008 0.0052795093617512617 -0.017245571368605491 0.023309392140419181 -0.00040467612898565123 0.0041003508799629888 0.010091101683515147
leaf_weight=7.5256443917751294 13.873260527849196 11.91699758172035 7.0942362844944 11.638034999370573 8.2877976298332161 6.9993530511856177 12.000966727733614 9.1442665159702319 10.841026365756987 10.150219708681105 7.0694001615047455 7.1512770056724531
leaf_count=21 41 35 20 33 24 20 35 27 30 30 20 20
internal_value=0 -0.00210109 0.00233587 0.00634651 -0.0015351 -0.010525 -0.00838267 -0.00356765 0.0146408 -0.00934291 0.0146564 0.00607071
internal_weight=123.692 109.097 63.9287 52.0117 26.9252 15.2872 45.1687 31.2955 25.0865 19.2945 14.595 14.2455
internal_count=356 315 182 147 77 44 133 92 70 57 41 40
is_linear=0
shrinkage=0.03


Tree=26
num_leaves=12
num_cat=0
split_feature=13 40 12 61 41 20 46 53 51 39 35
split_gain=7.40561 3.42827 4.81067 3.37562 1.97377 1.73769 1.54534 1.91503 1.74512 1.53624 2.68584
threshold=-0.66045214182779466 -0.7774756900692994 -0.47137028759869976 221.00000000000003 0.18861993572015981 -1.1806640940783801 -0.43138090080789127 1.0000000180025095e-35 0.31314549098934685 -0.64737960649891368 1.2387574168294067
decision_type=2 2 2 2 2 2 2 2 2 2 2
left_child=9 2 -2 -3 -4 -5 -7 -8 -9 -1 -11
right_child=1 3 4 5 -6 6 7 8 -10 10 -12
leaf_value=0.0012980083963661385 -0.012731189115123637 0.011374950583130134 0.0027048462170662915 0.0023132992920662896 0.026559789270269637 -0.019945025838822669 0.0033743749098215721 -0.018454318593231989 0 0.030206793685509357 0.0024662186531447324
leaf_weight=6.062268644571307 6.5142868012189892 5.7344337552785865 6.8672668039798719 7.0146577507257453 6.3337342441082001 16.383269309997559 8.7864503562450427 12.573187664151193 6.9132551401853553 8.3574476540088636 5.7719019651412955
leaf_count=21 25 21 25 26 21 63 33 48 26 27 20
internal_value=0 -0.00424015 0.00606464 -0.00794541 0.0161006 -0.0104628 -0.0126097 -0.00736685 -0.012391 0.0155596 0.0205828
internal_weight=97.3122 77.1205 19.7153 57.4053 13.201 51.6708 44.6562 28.2729 19.4864 20.1916 14.1293
internal_count=356 288 71 217 46 196 170 107 74 68 47
is_linear=0
shrinkage=0.03


Tree=27
num_leaves=11
num_cat=0
split_feature=17 31 29 21 40 43 21 20 32 12
split_gain=8.06517 4.08161 6.7146 3.97239 3.65538 2.60819 1.78582 1.48521 2.27484 2.18954
threshold=-0.48843895467518089 -0.42924689089364931 0.64614594063906428 0.50269487355379983 -0.7774756900692994 -1.0000000180025095e-35 0.50269487355379983 -0.39697903971187298 0.4648382984463324 -0.44746660163305474
decision_type=2 2 2 2 2 2 2 2 2 2
left_child=4 2 3 5 -1 -2 -6 8 -3 -9
right_child=1 7 -4 -5 6 -7 -8 9 -10 -11
leaf_value=-0.0013067904649044127 -0.020696365090039304 0.003762897266549894 0.020920153977624097 0.0084647459346856475 0.025903247217528885 -0.00067376703783134995 0.0069643091449908103 -0.0013207324720443713 -0.015485758299774702 -0.021023679265908417
leaf_weight=11.472838699817656 12.060603290796278 12.243123829364778 10.615436792373655 11.807584702968596 12.639664530754089 11.624167144298555 10.282383620738983 8.0618157386779803 7.5619643628597251 17.988332688808441
leaf_count=32 35 35 29 33 34 33 28 23 22 52
internal_value=-2.33977e-05 -0.00471158 0.00148304 -0.00478079 0.0120175 -0.0117332 0.0186028 -0.0109167 -0.00387783 -0.0155478
internal_weight=126.358 91.963 46.1078 35.4924 34.3949 23.6848 22.922 45.8552 19.8051 26.0501
internal_count=356 262 130 101 94 68 62 132 57 75
is_linear=0
shrinkage=0.03


Tree=28
num_leaves=15
num_cat=0
split_feature=18 36 52 26 31 16 45 19 33 26 34 42 39 29
split_gain=3.66111 3.57769 2.85701 3.29273 2.54941 2.28826 2.19766 2.16639 1.66668 1.85626 1.96153 1.54823 0.972595 0.300487
threshold=0.35120016199951282 -0.75670619484410884 -0.59604538221564607 -0.16947348305789123 -0.84135377979337334 0.58996867040479872 -0.62569031755349147 -0.24809130625300593 0.1251212125113918 0.91402056007786403 1.6381125007028359 0.18155050554667987 -0.53980645900581958 1.0000000180025095e-35
decision_type=2 2 2 2 2 2 2 2 2 2 2 2 2 2
left_child=8 4 12 6 -2 7 -4 -5 9 11 -11 -1 -3 -8
right_child=1 2 3 5 -6 -7 13 -9 -10 10 -12 -13 -14 -15
leaf_value=-0.0065587288186551929 0.00070421497378041925 -0.00062117925001720835 -0.00092640736171296489 0.0014840700318198615 0.024939681655852513 0.0085847754640143714 0.023806797583283443 -0.019545680496703754 0.0026210091456408654 0.0094844057283967279 -0.010726945513107846 -0.024509289526540984 -0.016499414426409561 0.0095738789681693269
leaf_weight=12.97460398077965 7.0404343008995083 6.9687268733978271 6.9911803007125881 6.9666406214237204 9.4216983020305616 7.4832978248596183 7.1525610685348502 7.9758259057998684 12.079212278127669 6.879809767007826 7.339477002620697 8.2269856929779035 7.9942694306373578 8.0920836329460126
leaf_count=38 20 20 20 20 26 21 20 23 35 20 22 25 23 23
internal_value=0 0.00408469 0.000433862 0.00434192 0.0158332 -0.00349108 0.012216 -0.0101351 -0.00638955 -0.00960648 -0.00059437 -0.0149477 -0.0101993 0.0181445
internal_weight=123.587 76.0867 59.6246 44.6616 16.4621 22.4258 22.2358 14.9425 47.5001 35.4209 14.2193 21.2016 14.963 15.2446
internal_count=356 216 170 127 46 64 63 43 140 105 42 63 43 43
is_linear=0
shrinkage=0.03


Tree=29
num_leaves=10
num_cat=0
split_feature=13 26 41 24 34 55 12 45 34
split_gain=6.99181 3.35903 7.29938 2.50224 3.52294 2.18654 1.43824 0.905723 0.873389
threshold=-0.66045214182779466 0.69732175145071296 1.1687974919148345 0.4921290599874219 -0.97031592714056603 1.0512608920641766 -0.13370863434138991 0.11169445741759808 0.42932859511686911
decision_type=2 2 2 2 2 2 2 2 2
left_child=5 2 3 4 -2 -1 7 -6 -3
right_child=1 8 -4 -5 6 -7 -8 -9 -10
leaf_value=0.024226999009120152 0.0070139854550591079 -0.0022435321176170514 0.026615529177514669 0.0098748873806401589 -0.018858400377529668 0.0037324240331209676 -0.0013360132225914635 -0.0028219421388292589 -0.01852100818005737
leaf_weight=10.009602904319765 10.309955358505247 5.3911572843790081 6.3206790685653678 7.611995428800582 18.245664373040199 10.358566254377363 9.9642706364393252 5.5929524004459372 13.388166725635527
leaf_count=32 38 20 21 27 71 36 37 21 53
internal_value=0 -0.00413588 -0.000348266 -0.00441315 -0.00725386 0.0150495 -0.0118887 -0.0157225 -0.0146555
internal_weight=97.193 76.8248 58.0455 51.7248 44.1128 20.3682 33.8029 23.8386 18.7793
internal_count=356 288 215 194 167 68 129 92 73
is_linear=0
shrinkage=0.03


Tree=30
num_leaves=13
num_cat=0
split_feature=14 30 54 55 16 23 57 16 61 16 38 42
split_gain=7.61827 3.61569 2.92177 2.62573 2.61213 2.40552 2.06868 1.49324 3.12708 2.41913 2.16016 0.266851
threshold=-0.48843895467518089 -0.77317405667778016 -0.44635744186205378 -1.0383272515325339 0.72529339361905298 -0.56044255744840032 0.62566197180155547 0.41324076403888438 268.50000000000006 0.23400389459274593 0.59367253558409627 0.85140094907846364
decision_type=2 2 2 2 2 2 2 2 2 2 2 2
left_child=3 2 -2 -1 7 -6 11 9 -9 10 -3 -5
right_child=1 4 -4 6 5 -7 -8 8 -10 -11 -12 -13
leaf_value=-0.0032709950994172462 0.018664502910340153 -0.022578285285015449 -0.0045931916588714686 0.02569667345623218 -0.0079871128764496795 0.012667796252252011 0.00091037887947241437 -0.023181068908875901 -0.0014337311277592562 0.0048502647797175969 -0.0023546461963941247 0.012115852283748636
leaf_weight=7.1999966204166403 8.3706196844577807 7.6527469754219117 8.0294603407382947 9.9577290415763908 8.3312032520771044 8.7834802567958814 7.30488297343254 16.470762699842457 10.129364281892775 11.633627802133558 12.338075011968611 9.9820746779441816
leaf_count=20 23 22 23 27 24 25 20 48 29 33 35 27
internal_value=-2.73014e-05 -0.00459661 0.00751167 0.0116595 -0.00740565 0.00245753 0.0157788 -0.0103942 -0.0156318 -0.00529927 -0.0114112 0.0205012
internal_weight=126.184 91.7393 16.4001 34.4447 75.3393 17.1147 27.2447 58.2246 26.6001 31.6244 19.9908 19.9398
internal_count=356 262 46 94 216 49 74 167 77 90 57 54
is_linear=0
shrinkage=0.03


Tree=31
num_leaves=14
num_cat=0
split_feature=23 57 11 2 28 48 52 20 26 41 57 34 2
split_gain=4.15883 3.07797 3.81335 3.29053 2.47563 2.93626 1.99377 1.78468 1.94324 3.34059 1.86193 1.57994 1.35182
threshold=-1.1790217088292485 1.6713693049534508 -0.34950145894155088 -0.2288402133949419 -0.89339488839062964 0.63127179666680733 0.52964244838790864 1.1703910690211419 1.0000000180025095e-35 -1.0268002339612361 1.0000000180025095e-35 -0.97031592714056603 -0.47966081889021833
decision_type=2 2 2 2 2 2 2 2 2 2 2 2 2
left_child=11 2 4 7 -2 -6 -7 8 9 -4 -10 -1 -11
right_child=1 -3 3 -5 5 6 -8 -9 10 12 -12 -13 -14
leaf_value=0.0025691832375621748 -0.024771165618916145 0.0144574884331899 -0.01470029069922223 0.016933401030335471 -0.017246640043619484 -0.0077335596724965082 0.010881154896861761 0.0087403018577965133 -0.020382964189911788 0.014280902226965769 -0.0013817870846951135 0.023075409163098085 -0.00017931780714313135
leaf_weight=7.4306981265544891 8.0082659125328046 7.734575241804122 7.4332162141799882 8.2527613043785077 10.919228017330171 8.713848680257799 8.8290273547172529 9.7990861535072309 8.9479178190231341 9.7815099954605085 10.101903825998304 7.2178890109062177 10.301054269075403
leaf_count=21 24 22 22 23 32 26 26 28 26 28 29 20 29
internal_value=0 -0.00205056 -0.00356506 0.000765109 -0.0111223 -0.00603388 0.00143898 -0.00187611 -0.00443805 0.000540159 -0.0114352 0.0142498 0.00708878
internal_weight=123.471 108.822 101.088 64.6174 36.4704 28.4621 17.5429 56.3647 46.5656 27.5158 19.0498 14.6486 20.0826
internal_count=356 315 293 185 108 84 52 162 134 79 55 41 57
is_linear=0
shrinkage=0.03


Tree=32
num_leaves=11
num_cat=0
split_feature=13 26 41 24 52 35 55 49 34 46
split_gain=6.67894 3.26209 6.96452 2.41045 3.44138 2.64346 2.06918 1.42275 0.850841 0.419486
threshold=-0.66045214182779466 0.69732175145071296 1.1687974919148345 0.4921290599874219 -1.1588892975174234 -0.99799578722619653 1.0512608920641766 -0.091149379539418721 0.42932859511686911 0.14306905464098343
decision_type=2 2 2 2 2 2 2 2 2 2
left_child=6 2 3 4 -2 -6 -1 9 -3 -7
right_child=1 8 -4 -5 5 7 -8 -9 -10 -11
leaf_value=0.023528106449232453 0.010636349845792422 -0.0022169236645713099 0.025840712499473104 0.0096428917613370895 0.005457273384962694 -0.020258054187916985 0.0036265182321758268 -0.0017852664580007898 -0.018334964758347623 -0.0059479768675497324
leaf_weight=10.117469698190691 6.6626376360654822 5.3846187293529537 6.4038544595241538 7.6524965763092032 6.1829472631216005 18.064516544342045 10.385568737983702 7.7538037747144761 13.216088324785231 5.2502646893262854
leaf_count=32 24 20 21 27 23 71 36 29 53 20
internal_value=0 -0.00405841 -0.000332326 -0.00433426 -0.00714009 -0.010763 0.0146544 -0.0142779 -0.0144812 -0.0178317
internal_weight=97.0743 76.5712 57.9705 51.5667 43.9142 37.2515 20.503 31.0686 18.6007 23.3148
internal_count=356 288 215 194 167 143 68 120 73 91
is_linear=0
shrinkage=0.03


Tree=33
num_leaves=14
num_cat=0
split_feature=14 13 35 46 46 46 18 37 19 27 38 49 38
split_gain=7.38793 3.00236 3.80057 4.86633 3.67939 2.6508 2.95867 2.13995 1.94239 1.68436 1.55821 1.42621 1.33034
threshold=-1.2511742800435788 -0.93723103821744513 -0.62520358655026265 -0.40411326601290409 -0.56130524619664335 0.1946784136082014 0.59963356294424619 1.3513169052360927 0.46850508341085301 1.2620172200523039 -0.56557183456000348 -0.27242970979658671 1.0000000180025095e-35
decision_type=2 2 2 2 2 2 2 2 2 2 2 2 2
left_child=-1 9 7 4 11 8 -7 10 12 -2 -3 -4 -5
right_child=1 2 3 5 -6 6 -8 -9 -10 -11 -12 -13 -14
leaf_value=0.021321559614451192 -0.022396645705988923 -0.018262225333533583 0.012468915888102637 -0.0034598074532576793 0.028171925068837436 0.017569022411119566 -0.005926984390115902 0.0037186813196100001 0.00078860472164291409 -0.0025786006052776608 -0.00098525661355193701 -0.0042809241925987375 -0.022576493728761939
leaf_weight=11.549424052238463 8.1834700107574481 15.652303785085682 7.1793194115161896 7.4465222060680407 8.7305565476417524 8.6533155441284197 7.5960417985916129 7.8099184036254874 11.56922337412834 8.4404285550117475 7.7668441236019143 7.8014715313911456 7.647948682308197
leaf_count=31 24 45 20 21 24 24 22 22 33 24 22 22 22
internal_value=-3.22347e-05 -0.00248622 -0.000340554 0.00363913 0.0141451 -0.00231247 0.00667471 -0.00879184 -0.00806625 -0.0137117 -0.0131774 0.0037864 -0.0146725
internal_weight=126.027 114.477 97.8535 66.6244 23.7113 42.9131 16.2494 31.2291 26.6637 16.6239 23.4191 14.9808 15.0945
internal_count=356 325 277 188 66 122 46 89 76 48 67 42 43
is_linear=0
shrinkage=0.03


Tree=34
num_leaves=14
num_cat=0
split_feature=23 42 33 42 47 31 24 59 4 34 0 27 46
split_gain=3.99321 2.93118 4.33322 3.88668 3.8838 3.44951 2.41355 1.96205 1.91934 1.51935 0.971242 0.888565 0.834196
threshold=-1.1790217088292485 -0.79746168115361937 0.1251212125113918 0.18155050554667987 -0.088986195308815325 -0.42924689089364931 1.5250681416773679 1.0000000180025095e-35 -0.36309159569836646 -0.97031592714056603 -0.19038021069997293 1.0000000180025095e-35 -0.51597068840052007
decision_type=2 2 2 2 2 2 2 2 2 2 2 2 2
left_child=9 10 3 4 7 -4 11 -3 -6 -1 -2 -5 -7
right_child=1 2 5 6 8 12 -8 -9 -10 -11 -12 -13 -14
leaf_value=0.002480067461688485 -0.020954006619122282 -0.016532521713036947 -0.0015738699993861911 -0.0080344193986643421 0.019199489159635829 0.0071320644059270502 0.003011128623104434 0.002935295970673758 0 0.022574283472018238 -0.0043604392043004618 -0.021968202172790829 0.024628003880255149
leaf_weight=7.4380697309970856 7.0859719514846793 8.2456983327865547 12.97029021382332 12.762350559234624 10.739105701446528 7.0771778821945182 6.7959926426410666 7.362990826368331 6.8711899220943549 7.2503261864185315 8.4660297334194166 11.739038079977034 8.5652414858341199
leaf_count=21 21 24 37 38 30 20 20 21 20 20 25 35 24
internal_value=0 -0.00201458 1.47732e-05 -0.00422452 0.00275238 0.00950713 -0.0115999 -0.00754619 0.0120702 0.013942 -0.013451 -0.0158233 0.018379
internal_weight=123.369 108.681 93.1291 64.5164 33.219 28.6127 31.2974 15.6087 17.6103 14.6884 15.552 24.5014 15.6424
internal_count=356 315 269 188 95 81 93 45 50 41 46 73 44
is_linear=0
shrinkage=0.03


Tree=35
num_leaves=12
num_cat=0
split_feature=13 40 12 29 29 46 24 34 51 55 41
split_gain=6.40268 3.20058 4.48378 3.67778 3.2176 2.04536 2.52209 2.01939 2.00838 1.97524 1.74009
threshold=-0.66045214182779466 -0.7774756900692994 -0.47137028759869976 0.64614594063906428 1.0000000180025095e-35 -0.43138090080789127 -0.54081002170252368 0.42932859511686911 -1.0000000180025095e-35 1.0512608920641766 0.18861993572015981
decision_type=2 2 2 2 2 2 2 2 2 2 2
left_child=9 2 -2 4 5 -3 -7 -8 -6 -1 -4
right_child=1 3 10 -5 8 6 7 -9 -10 -11 -12
leaf_value=0.022930494765167255 -0.012404635282157498 -0.01912672948812209 0.0027481942826929747 -0.021813808330158085 -0.0061221558021005915 0.01215564520609415 -0.018127455837509323 0.0028827238142186615 0.014299467491301955 0.0035216543679378858 0.025226755561507747
leaf_weight=10.209535807371141 6.3939443975687054 10.107076227664946 6.8523026108741742 11.470506638288496 5.2823765575885782 5.5626407265663156 7.9790663272142446 5.8919461667537689 10.311569973826405 10.412108868360518 6.4728375673294067
leaf_count=32 25 40 25 47 20 20 30 23 37 36 21
internal_value=3.86236e-06 -0.0039843 0.00594564 -0.00761097 -0.00328726 -0.00904221 -0.00251611 -0.00940227 0.00710055 0.0143053 0.0155198
internal_weight=96.9459 76.3243 19.7191 56.6052 45.1347 29.5407 19.4337 13.871 15.5939 20.6216 13.3251
internal_count=356 288 71 217 170 113 73 53 57 68 46
is_linear=0
shrinkage=0.03


Tree=36
num_leaves=15
num_cat=0
split_feature=14 13 35 46 46 46 18 37 19 30 38 54 38 33
split_gain=7.05913 2.8925 3.65874 4.65413 3.50136 2.53906 2.80851 2.07757 1.89539 1.80918 1.49721 1.39326 1.30213 0.334633
threshold=-1.2511742800435788 -0.93723103821744513 -0.62520358655026265 -0.40411326601290409 -0.56130524619664335 0.1946784136082014 0.59963356294424619 1.3513169052360927 0.46850508341085301 0.85648825343050727 -0.56557183456000348 -0.047945284506274749 1.0000000180025095e-35 0.1251212125113918
decision_type=2 2 2 2 2 2 2 2 2 2 2 2 2 2
left_child=-1 9 7 4 11 8 -7 10 12 -2 13 -4 -5 -3
right_child=1 2 3 5 -6 6 -8 -9 -10 -11 -12 -13 -14 -15
leaf_value=0.020821352319892534 -0.024102995745388288 -0.0084883155365279121 0.012265196165263177 -0.0033639515859116339 0.027478754511960975 0.017106827167931042 -0.0057755404176474583 0.0036686180632121692 0.00082750681403407755 -0.0034683795982890101 -0.0010066552534260394 -0.0042849276896777515 -0.022299379341340825 -0.022792627500624683
leaf_weight=11.563930332660673 6.717365741729739 7.043919831514363 7.2029561996459961 7.4336875081062335 8.7683082520961744 8.6848321855068225 7.5730053186416617 7.8116411864757529 11.559499114751814 9.8264318406581861 7.7654466927051553 7.7786135375499743 7.5982750356197357 8.5214831829071027
leaf_count=31 20 20 20 21 24 24 22 22 33 28 22 22 22 25
internal_value=-3.61351e-05 -0.00244081 -0.000335171 0.00356602 0.0138276 -0.00226166 0.00652268 -0.00864228 -0.00790744 -0.0134865 -0.0129785 0.00370021 -0.0144531 -0.0179861
internal_weight=125.849 114.285 97.7417 66.5992 23.7499 42.8493 16.2578 31.1425 26.5915 16.5438 23.3308 14.9816 15.032 15.5654
internal_count=356 325 277 188 66 122 46 89 76 48 67 42 43 45
is_linear=0
shrinkage=0.03


Tree=37
num_leaves=14
num_cat=0
split_feature=23 18 41 44 32 52 21 45 60 34 2 12 51
split_gain=3.82786 2.92217 3.93431 3.45077 2.47818 2.18095 1.61513 1.6093 1.52668 1.45673 1.36493 0.9876 0.932689
threshold=-1.1790217088292485 0.35120016199951282 -1.0268002339612361 -1.0000000180025095e-35 -0.35630127879532297 1.092486363689686 0.50269487355379983 -0.22520754201304991 289.50000000000006 -0.97031592714056603 0.071561209465680009 -0.26860894046558653 1.0000000180025095e-35
decision_type=2 2 2 2 2 2 2 2 2 2 2 2 2
left_child=9 5 -3 8 -5 6 12 -6 11 -1 -8 -4 -2
right_child=1 2 3 4 7 -7 10 -9 -10 -11 -12 -13 -14
leaf_value=0.0024000705789124287 -0.0050400303647727988 -0.012692315167035381 0.025548044467574825 0.0081643526074014101 -0.016952168331306555 0.0053090728457110999 -0.010088212902681479 0.00083725574164052847 0.0020064060278455645 0.022067615468645913 0.0062395831083192762 0.0077072487598841555 -0.020528645685673905
leaf_weight=7.4453948438167572 7.6774369478225735 11.471498250961302 8.300342261791231 11.307247936725615 8.5827670991420693 7.8695512712001792 8.4130620956420881 7.0264088511467078 8.9829655289649946 7.2812887430191022 6.8399899899959555 8.2675316929817182 13.767185360193251
leaf_count=21 23 34 23 32 25 23 25 20 25 20 20 23 42
internal_value=0 -0.00197317 0.00206043 0.00566029 -0.00166182 -0.00776892 -0.0108288 -0.0092223 0.01326 0.0136351 -0.00250504 0.0183564 -0.015937
internal_weight=123.233 108.506 63.9388 52.4673 26.9164 44.5672 36.6977 15.6092 25.5508 14.7267 15.2531 16.5679 21.4446
internal_count=356 315 182 148 77 133 110 45 71 41 45 46 65
is_linear=0
shrinkage=0.03


Tree=38
num_leaves=13
num_cat=0
split_feature=15 26 41 23 54 24 34 44 38 34 35 54
split_gain=6.05899 3.14372 6.58141 2.74281 3.72761 2.78887 2.17041 1.42213 2.03544 0.847359 0.706897 0.482893
threshold=-0.66045214182779466 0.69732175145071296 0.54148385595024262 -0.97282865836896593 -1.1162398536884204 0.4921290599874219 0.42932859511686911 1.42534445136912 0.59367253558409627 0.42932859511686911 -0.87373172033421853 -0.70298136129693767
decision_type=2 2 2 2 2 2 2 2 2 2 2 2
left_child=7 2 3 4 -2 10 -4 8 -1 -3 -5 -12
right_child=1 9 6 5 -6 -7 -8 -9 -10 -11 11 -13
leaf_value=0.01753917993020547 -0.0069896994288282466 -0.0020094022244327341 0.0031782197678733026 -0.0032302898952809079 0.021352733760131675 0.0060066676671821475 0.028884089873192749 0.024474653512366724 -0.0031153205349232628 -0.018090218977806518 -0.0056321008557871513 -0.020740477239065205
leaf_weight=6.3966467380523699 8.7244709432125074 5.3390861898660686 6.5527821928262693 5.7583457827568081 5.4767591357231131 5.9328413605689994 5.9952847510576248 6.627325326204299 7.7500513792037964 12.979215085506437 5.178923279047015 14.106708228588106
leaf_count=20 33 20 23 22 20 21 20 22 26 53 20 56
internal_value=4.17673e-06 -0.00389695 -0.000245027 -0.00575431 0.00455422 -0.010657 0.0176599 0.0138546 0.00662656 -0.0142129 -0.014947 -0.0176712
internal_weight=96.8184 76.0444 57.7261 45.178 14.2012 30.9768 12.5481 20.774 14.1467 18.3183 25.044 19.2856
internal_count=356 288 215 172 53 119 43 68 46 73 98 76
is_linear=0
shrinkage=0.03


Tree=39
num_leaves=14
num_cat=0
split_feature=14 13 35 46 46 46 18 37 19 30 40 49 55
split_gain=6.71415 2.796 3.51302 4.46794 3.34739 2.44549 2.66566 2.02316 1.83135 1.76485 1.44395 1.35431 1.25235
threshold=-1.2511742800435788 -0.93723103821744513 -0.62520358655026265 -0.40411326601290409 -0.56130524619664335 0.1946784136082014 0.59963356294424619 1.3513169052360927 0.46850508341085301 0.85648825343050727 -0.7774756900692994 -0.27242970979658671 1.0000000180025095e-35
decision_type=2 2 2 2 2 2 2 2 2 2 2 2 2
left_child=-1 9 7 4 11 8 -7 10 12 -2 -3 -4 -5
right_child=1 2 3 5 -6 6 -8 -9 -10 -11 -12 -13 -14
leaf_value=0.020278009704694244 -0.023826156009792564 -0.02016455927310529 0.012071357919318947 -0.0033413772992600295 0.026854106616698532 0.016668029455305267 -0.005618231581294441 0.0036467177896519413 0.00079049085534370486 -0.0033969568966352392 -0.0041747321733067297 -0.0042398000866542438 -0.021978485377596602
leaf_weight=11.574956387281416 6.6558965146541622 11.049518555402759 7.1956849992275238 7.4332679212093371 8.7980912625789625 8.7127529084682482 7.5487532317638388 7.8096660971641532 11.561773389577864 9.8146104216575605 12.187372088432312 7.7916096150875109 7.5352780222892761
leaf_count=31 20 32 20 21 24 24 22 22 33 28 35 22 22
internal_value=-5.0869e-05 -0.00240153 -0.000331345 0.00348726 0.0135304 -0.0022288 0.00638394 -0.00848775 -0.00778107 -0.0132862 -0.0127824 0.00361334 -0.0142351
internal_weight=125.669 114.094 97.6238 66.5772 23.7854 42.7918 16.2615 31.0466 26.5303 16.4705 23.2369 14.9873 14.9685
internal_count=356 325 277 188 66 122 46 89 76 48 67 42 43
is_linear=0
shrinkage=0.03


Tree=40
num_leaves=14
num_cat=0
split_feature=23 57 11 44 24 39 28 51 32 39 19 25 28
split_gain=3.67585 2.8275 3.43493 3.18959 4.80999 3.41073 2.50417 1.98404 1.69652 1.18214 0.941853 0.866611 0.161868
threshold=-1.1790217088292485 1.6713693049534508 -0.34950145894155088 1.0000000180025095e-35 -0.54081002170252368 -0.10951386903344378 -0.55763497256369454 1.0000000180025095e-35 -0.56158617310573689 -0.53980645900581958 0.46850508341085301 1.2023807829503204 -0.89339488839062964
decision_type=2 2 2 2 2 2 2 2 2 2 2 2 2
left_child=11 2 6 4 -4 8 12 -8 -5 -6 -10 -1 -2
right_child=1 -3 3 5 9 -7 7 -9 10 -11 -12 -13 -14
leaf_value=0.019765359314577961 -0.024319905763177878 0.013838462505202266 -0.0077366404288694932 -0.0010059978057887231 0.0061054910485202358 0.0065122378840973263 0.0054757050790774251 -0.011534678119509091 -0.024859968384763849 0.024171116622316767 -0.0062456882444942696 0.0035273485453495954 -0.010085106579969144
leaf_weight=7.6466065347194654 7.8737030625343323 7.7864668667316428 9.372793912887575 10.0384187400341 8.1046977937221545 13.591066837310793 10.264221996068956 11.129041224718092 7.1752908527851105 9.4471305310726148 6.7717417776584625 7.1131832599639893 6.7661286592483503
leaf_count=21 24 22 27 29 23 39 30 34 21 26 20 20 20
internal_value=0 -0.00192688 -0.00339221 0.000704013 0.00841267 -0.00477681 -0.0106196 -0.00328719 -0.0114158 0.0172816 -0.0176947 0.0133561 -0.0196614
internal_weight=123.08 108.321 100.534 64.5011 26.9246 37.5765 36.0331 21.3933 23.9855 17.5518 13.947 14.7598 14.6398
internal_count=356 315 293 185 76 109 108 64 70 49 41 41 44
is_linear=0
shrinkage=0.03


Tree=41
num_leaves=14
num_cat=0
split_feature=13 20 61 40 19 29 53 36 39 35 29 24 46
split_gain=5.72018 3.10626 3.86462 3.42068 3.49716 2.06066 2.04705 2.34654 1.35091 2.28872 1.08181 0.769419 0.320323
threshold=-0.66045214182779466 1.1703910690211419 221.00000000000003 -0.7774756900692994 0.11020688857892351 0.64614594063906428 1.0000000180025095e-35 -0.36001348845387254 -0.64737960649891368 1.2387574168294067 -1.0000000180025095e-35 -0.19649699447254201 -0.38983176852288171
decision_type=2 2 2 2 2 2 2 2 2 2 2 2 2
left_child=8 2 -2 4 -4 6 7 -5 -1 -10 11 -8 -3
right_child=1 12 3 5 -6 -7 10 -9 9 -11 -12 -13 -14
leaf_value=0.00039169159141867077 0.01656139719719537 -0.020751139393266341 0.023774713446342067 -0.0059051754870881757 -0.003734833809576424 -0.020600234740209951 -0.002467663193974077 0.017741747906547468 0.026595058873922821 0.0015739704532599956 0.00074227576377429623 -0.018528707544738492 -0.0061126564238789269
leaf_weight=6.2126009166240719 8.2193912714719755 7.5705633163452148 5.607139140367507 6.7604164779186249 8.5134700685739499 8.3576609492301923 5.5130823254585186 5.3200196474790555 8.802627354860304 5.9152526259422293 5.2360226809978583 9.3768496811389905 5.2732871770858747
leaf_count=21 29 30 19 26 32 35 21 19 27 20 19 38 20
internal_value=9.29027e-06 -0.00380307 -0.000809762 -0.00389997 0.00803884 -0.00833705 -0.00420158 0.00487612 0.0134055 0.0179845 -0.00988811 -0.0137182 -0.0164271
internal_weight=96.6784 75.7479 62.9041 54.6847 14.1206 40.5641 32.2064 12.0804 20.9305 14.7179 20.126 14.8899 12.8439
internal_count=356 288 238 209 51 158 123 45 68 47 78 59 50
is_linear=0
shrinkage=0.03


Tree=42
num_leaves=14
num_cat=0
split_feature=14 15 35 46 46 46 18 37 19 27 40 54 55
split_gain=6.35162 2.70787 3.3742 4.28242 3.21904 2.35611 2.54965 1.95428 1.80132 1.55374 1.39399 1.33779 1.21913
threshold=-1.2511742800435788 -0.93723103821744513 -0.62520358655026265 -0.40411326601290409 -0.56130524619664335 0.1946784136082014 0.59963356294424619 1.3513169052360927 0.46850508341085301 1.2620172200523039 -0.7774756900692994 -0.047945284506274749 1.0000000180025095e-35
decision_type=2 2 2 2 2 2 2 2 2 2 2 2 2
left_child=-1 9 7 4 11 8 -7 10 12 -2 -3 -4 -5
right_child=1 2 3 5 -6 6 -8 -9 -10 -11 -12 -13 -14
leaf_value=0.019708856178033345 -0.021556675476755167 -0.019845407589955046 0.011910444872499848 -0.0032987954532538483 0.026298830799847888 0.016309006918246154 -0.0054848818572301406 0.0035868882926405675 0.00085314559868678724 -0.0023986925754748206 -0.0040916844090236508 -0.0042951020061474856 -0.021731864358488041
leaf_weight=11.581438839435576 7.9781483411788967 10.969713419675831 7.2206925451755524 7.4264400601387042 8.8206637203693372 8.7330460250377673 7.5254371166229239 7.8130235671997061 11.549786895513533 8.4124576449394208 12.166849672794342 7.7741633653640765 7.4835651814937592
leaf_count=31 24 32 20 21 24 24 22 22 33 24 35 22 22
internal_value=-5.47946e-05 -0.00234695 -0.000309975 0.00342918 0.013251 -0.00217456 0.00627235 -0.00832005 -0.00763749 -0.0130848 -0.012558 0.0035183 -0.014057
internal_weight=125.455 113.874 97.4834 66.5338 23.8155 42.7183 16.2585 30.9496 26.4598 16.3906 23.1366 14.9949 14.91
internal_count=356 325 277 188 66 122 46 89 76 48 67 42 43
is_linear=0
shrinkage=0.03


Tree=43
num_leaves=15
num_cat=0
split_feature=23 42 18 32 37 61 61 26 42 3 25 16 34 34
split_gain=3.52865 2.77637 4.29556 2.54278 3.15408 2.14755 2.00674 1.62639 2.08429 2.24057 1.62422 1.52338 1.44431 1.38528
threshold=-1.1790217088292485 -0.79746168115361937 0.32661114570105559 -0.35630127879532297 1.0000000180025095e-35 268.50000000000006 268.50000000000006 0.91402056007786403 -0.17913819481658833 -0.45960389539098162 1.0000000180025095e-35 0.75284372355787144 1.6381125007028359 -0.97031592714056603
decision_type=2 2 2 2 2 2 2 2 2 2 2 2 2 2
left_child=13 5 7 11 10 -2 -6 8 -3 -10 -5 -4 -9 -1
right_child=1 2 3 4 6 -7 -8 12 9 -11 -12 -13 -14 -15
leaf_value=0.002158378000560904 -0.021851667270065121 0.0013409800048740453 0.019823169672883983 -0.018380415017393528 0.016122886883011937 0 -0.0026315863256245503 0.0098469500119114008 -0.00090257567264432931 -0.023632853434046825 0 0.0016616642743669003 -0.0074259570250644379 0.021261827386422426
leaf_weight=7.4662497043609619 8.5979456305503827 7.1765885651111629 12.214623510837557 6.9618675708770743 10.769622981548311 6.802980661392211 7.373930722475051 6.8292818367481214 6.4965014755725887 11.817267358303068 8.088947653770445 7.4912131726741782 7.5200041830539703 7.3259168565273267
leaf_count=21 26 21 34 20 30 20 21 20 20 36 23 21 23 20
internal_value=0 -0.00188812 8.43619e-05 0.0056842 0.000300165 -0.0130741 0.00857631 -0.00714257 -0.011497 -0.0165512 -0.00918717 0.0138079 0.000570111 0.0130742
internal_weight=122.933 108.141 92.7398 52.9002 33.1944 15.4009 18.1436 39.8396 25.4904 18.3138 15.0508 19.7058 14.3493 14.7922
internal_count=356 315 269 149 94 46 51 120 77 56 43 55 43 41
is_linear=0
shrinkage=0.03


Tree=44
num_leaves=13
num_cat=0
split_feature=13 20 61 12 30 40 4 26 2 55 52 58
split_gain=5.42922 3.02675 3.6861 3.47215 2.39828 2.9383 1.76066 2.58602 2.37758 1.75434 1.74475 0.153554
threshold=-0.66045214182779466 1.1703910690211419 221.00000000000003 0.044144519917363977 -0.88181821068499933 -0.7774756900692994 -0.22121796412609845 -0.061124078744315712 -0.31925229211998335 1.0512608920641766 -0.59604538221564607 -0.69658693757327972
decision_type=2 2 2 2 2 2 2 2 2 2 2 2
left_child=9 2 -2 4 -4 -6 7 10 -9 -1 -7 -3
right_child=1 11 3 -5 5 6 -8 8 -10 -11 -12 -13
leaf_value=0.021003840939946596 0.01611050557006008 -0.020221598131633902 -0.020885783009879675 0.012007695561884075 0.011954701912565004 0.00036295257721961216 -0.01972319748811872 -0.0063416349738565463 0.018117550663492795 0.0029430396256433264 -0.020247320073332926 -0.0070858705131892699
leaf_weight=10.499994575977327 8.2936905771493894 7.1479346454143524 8.014036536216727 8.6870144903659803 7.1386329978704373 5.3887809365987724 6.8439438343048336 5.3161243200302124 5.9213159531354869 10.558982104063032 7.1679632514715212 5.5597063004970533
leaf_count=32 29 29 32 32 26 20 29 20 21 36 29 21
internal_value=9.82871e-06 -0.00372273 -0.000772865 -0.0038132 -0.00722714 -0.00348982 -0.00766508 -0.00299563 0.00669135 0.0130119 -0.0118806 -0.0162518
internal_weight=96.5381 75.4791 62.7715 54.4778 45.7908 37.7768 30.6381 23.7942 11.2374 21.059 12.5567 12.7076
internal_count=356 288 238 209 177 145 119 90 41 68 49 50
is_linear=0
shrinkage=0.03


Tree=45
num_leaves=13
num_cat=0
split_feature=14 13 41 23 31 56 37 37 60 61 30 45
split_gain=6.05547 2.61938 2.4031 2.45865 2.72196 3.58308 2.87189 3.92287 1.97544 1.90521 1.66651 0.927675
threshold=-1.2511742800435788 -0.93723103821744513 1.1687974919148345 -0.97282865836896593 -0.42924689089364931 -0.6841130484885497 1.0000000180025095e-35 -0.65035640238130654 268.50000000000006 308.50000000000006 0.85648825343050727 -0.57259356074155376
decision_type=2 2 2 2 2 2 2 2 2 2 2 2
left_child=-1 10 3 9 5 -5 7 -6 -8 -3 -2 -7
right_child=1 2 -4 4 6 11 8 -9 -10 -11 -12 -13
leaf_value=0.019236784292782642 -0.023251612175850259 -0.015176634143725843 -0.013484963800699485 -0.002892900497243472 -0.0083527287103978467 0.02784011293952866 0 0.016409060478483742 -0.016843126794631114 0.0019503413786853109 -0.0032805498316585365 0.0090121658402348096
leaf_weight=11.583290070295332 6.5200171470642116 10.968932688236238 9.6284927725791913 8.416113495826723 7.7612272500991848 7.3017861247062683 12.628802120685579 13.614006817340849 9.7122007906436902 9.4112512171268445 9.7918909788131696 7.8933078050613386
leaf_count=31 20 32 28 24 22 20 36 38 28 27 28 22
internal_value=-5.59294e-05 -0.00229937 -0.000295909 0.00128712 0.00410849 0.0119871 -0.000270563 0.00719775 -0.00767099 -0.00740194 -0.0128859 0.0201075
internal_weight=125.231 113.648 97.3361 87.7076 67.3274 23.6112 43.7162 21.3752 22.341 20.3802 16.3119 15.1951
internal_count=356 325 277 249 190 66 124 60 64 59 48 42
is_linear=0
shrinkage=0.03


Tree=46
num_leaves=14
num_cat=0
split_feature=23 57 11 44 24 39 30 42 37 41 47 55 45
split_gain=3.39634 2.70509 3.15559 3.00999 4.59844 3.30172 2.27319 1.58273 1.40173 1.31492 1.08144 1.01486 0.341029
threshold=-1.1790217088292485 1.6713693049534508 -0.34950145894155088 1.0000000180025095e-35 -0.54081002170252368 -0.10951386903344378 -0.33859744064890357 -0.38524602359559873 -1.0951726929629508 -0.45176273432702752 0.64766029747264542 -0.12100150483896806 -0.57259356074155376
decision_type=2 2 2 2 2 2 2 2 2 2 2 2 2
left_child=12 2 6 4 -4 8 10 -6 -5 -10 -2 -8 -1
right_child=1 -3 3 5 7 -7 11 -9 9 -11 -12 -13 -14
leaf_value=0.017437053407258627 -0.024957687790370334 0.013551350105131508 -0.0076932076247234922 0 0.0043154789441203689 0.0063888383191434677 0.0050602131963031292 0.024130182619607993 -0.024802712978738217 -0.0057548267798013114 -0.0072571563286507167 -0.0079980400041017238 0.0051552756549903163
leaf_weight=7.5691314041614532 8.6131178140640277 7.8044247329235068 9.348004102706911 7.8650455772876731 7.7290058434009579 13.594111174345018 7.8333350121974972 9.8708539307117444 7.1477636098861685 8.8782107234001177 8.7983325719833356 10.467938274145125 7.2486693263053876
leaf_count=21 26 22 27 23 22 39 23 27 21 26 27 32 20
internal_value=8.15204e-06 -0.00184767 -0.00328902 0.000626588 0.00811141 -0.00470537 -0.0102553 0.016765 -0.0112588 -0.0159884 -0.0176156 -0.00214589 0.0128229
internal_weight=122.768 107.95 100.146 64.433 26.9479 37.4851 35.7127 17.5999 23.891 16.026 17.4115 18.3013 14.8178
internal_count=356 315 293 185 76 109 108 49 70 47 53 55 41
is_linear=0
shrinkage=0.03


Tree=47
num_leaves=12
num_cat=0
split_feature=15 26 41 23 23 24 34 55 34 35 16
split_gain=5.13949 2.97069 6.1318 2.63962 2.94634 2.73962 1.94915 1.65483 0.788044 0.653622 0.179001
threshold=-0.66045214182779466 0.69732175145071296 0.54148385595024262 -0.97282865836896593 -1.1790217088292485 0.4921290599874219 0.42932859511686911 1.0512608920641766 0.42932859511686911 -0.87373172033421853 0.55292583631270709
decision_type=2 2 2 2 2 2 2 2 2 2 2
left_child=7 2 3 4 -2 9 -4 -1 -3 -5 -11
right_child=1 8 6 5 -6 -7 -8 -9 -10 10 -12
leaf_value=0.020322877785686491 -0.0061310923387773112 -0.0019868892820239271 0.0031696637249372045 -0.0032880749925440142 0.018890574507845922 0.0061412934647571736 0.027591276476716772 0.0028176773247064542 -0.017652236655811452 -0.020243889044636802 -0.007761894758883954
leaf_weight=10.600349038839342 8.3362584561109525 5.32250548899174 6.5390259623527509 5.758335709571841 5.8231727927923194 5.9041738957166663 6.114085465669632 10.590554982423781 12.545022293925284 12.745987236499792 6.1309920400381079
leaf_count=32 32 20 23 22 21 21 20 36 53 51 25
internal_value=7.65659e-07 -0.00364843 -0.000109165 -0.0054977 0.00459991 -0.0103628 0.0170679 0.0126033 -0.0138108 -0.0146733 -0.0173541
internal_weight=96.4105 75.2196 57.352 44.6989 14.1594 30.5395 12.6531 21.1909 17.8675 24.6353 18.877
internal_count=356 288 215 172 53 119 43 68 73 98 76
is_linear=0
shrinkage=0.03


Tree=48
num_leaves=12
num_cat=0
split_feature=14 31 29 21 43 55 57 33 33 30 27
split_gain=5.80133 3.87509 6.03059 3.71568 2.58068 2.24002 1.91608 1.6136 3.96256 2.25837 1.52222
threshold=-0.48843895467518089 -0.42924689089364931 0.64614594063906428 0.50269487355379983 -1.0000000180025095e-35 -1.0383272515325339 0.62566197180155547 1.0000000180025095e-35 -0.63884800035208433 0.20462332938719224 1.0000000180025095e-35
decision_type=2 2 2 2 2 2 2 2 2 2 2
left_child=5 2 3 4 -2 -1 10 8 -3 -9 -7
right_child=1 7 -4 -5 -6 6 -8 9 -10 -11 -12
leaf_value=-0.0036189825576222532 -0.019905480081767041 -0.015360286012922752 0.020320437892073665 0.0087304605328708887 0 0.008619988305772576 0 -0.024021858016984025 0.0068083005679931115 -0.0018558235175680767 0.02765880546840636
leaf_weight=7.1520511507987967 11.78550088405609 13.262936621904375 10.616097241640089 11.707087367773054 11.429539889097216 11.405729591846471 7.3096246123313895 11.91342341899872 12.588200867176054 7.2688761353492728 8.5816162526607496
leaf_count=20 35 39 29 33 33 31 20 36 36 21 23
internal_value=-6.33494e-05 -0.00409957 0.00195333 -0.00407234 -0.0109094 0.0101098 0.0139164 -0.0102149 -0.00456457 -0.0166562 0.0184338
internal_weight=125.021 90.5717 45.5382 34.9221 23.215 34.449 27.297 45.0334 25.8511 19.1823 19.9873
internal_count=356 262 130 101 68 94 74 132 75 57 54
is_linear=0
shrinkage=0.03


Tree=49
num_leaves=15
num_cat=0
split_feature=23 42 18 44 32 61 37 26 42 3 33 29 34 34
split_gain=3.22674 2.61582 3.99158 3.28886 2.83151 2.11058 1.96823 1.60726 1.99697 2.19583 1.43437 2.25369 1.36371 1.35178
threshold=-1.1790217088292485 -0.79746168115361937 0.32661114570105559 -1.0000000180025095e-35 -0.15101638448490914 268.50000000000006 -1.0000000180025095e-35 0.91402056007786403 -0.17913819481658833 -0.45960389539098162 0.1251212125113918 0.22048355191310817 -0.97031592714056603 1.6381125007028359
decision_type=2 2 2 2 2 2 2 2 2 2 2 2 2 2
left_child=12 5 7 10 -5 -2 -6 8 -3 -10 11 -4 -1 -9
right_child=1 2 3 4 6 -7 -8 13 9 -11 -12 -13 -14 -15
leaf_value=0.0017775072162086447 -0.021476804349723107 0.0012983100563035744 -0.0058744831397343168 0.0084995065424543995 -0.018906916924863848 0 0.0010609346969261018 0.0097168489964023566 -0.00074172178384572702 -0.02328238121119032 0.020246718382359054 0.015630731571444928 0.020569476056812336 -0.0070092533924708709
leaf_weight=7.5001257956027985 8.4875131845474225 7.179356753826144 7.1264794766902906 11.758222073316572 8.1043036282062477 6.7701286673545829 6.9964082837104895 6.836533308029173 6.4664868414402035 11.670934557914732 11.709640830755232 7.2221721708774567 7.3603521883487684 7.4388649761676788
leaf_count=21 26 21 20 33 24 20 20 20 20 36 32 20 20 23
internal_value=1.23935e-05 -0.00180029 0.000109386 0.00549871 -0.00168854 -0.0127104 -0.0100341 -0.00688552 -0.0112352 -0.0162221 0.0128132 0.00502616 0.0124844 0.000782869
internal_weight=122.628 107.767 92.5094 52.9172 26.8589 15.2576 15.1007 39.5922 25.3168 18.1374 26.0583 14.3487 14.8605 14.2754
internal_count=356 315 269 149 77 46 44 120 77 56 72 40 41 43
is_linear=0
shrinkage=0.03


Tree=50
num_leaves=11
num_cat=0
split_feature=13 26 34 52 12 49 55 34 2 35
split_gain=4.8946 2.87652 5.42358 2.87863 2.46506 1.63079 1.5657 0.770038 0.513989 0.507863
threshold=-0.66045214182779466 0.69732175145071296 0.42932859511686911 -1.1588892975174234 0.044144519917363977 -0.091149379539418721 1.0512608920641766 0.42932859511686911 -0.15592724668119876 0.1203808148016049
decision_type=2 2 2 2 2 2 2 2 2 2
left_child=6 2 3 -2 5 8 -1 -3 9 -5
right_child=1 7 -4 4 -6 -7 -8 -9 -10 -11
leaf_value=0.019739765416915668 0.011097130729253392 -0.0019373770554380154 0.018834482587175429 -0.020374745057856185 0.0073972265287422113 0.00055646905232747468 0.0027303753783686764 -0.017465267923823722 -0.0052060231973608036 -0.0051188098133850739
leaf_weight=10.685523837804796 7.2966518253087989 5.3111742138862637 9.5142260044813138 13.482959732413294 6.5582715123891822 7.5411282181739834 10.61235064268112 12.372408777475355 7.8253057301044455 5.0515045374631873
leaf_count=32 26 20 32 55 24 28 36 53 30 20
internal_value=4.87624e-06 -0.00357254 -9.61857e-05 -0.00444821 -0.00769123 -0.0109694 0.0122648 -0.0136305 -0.0143346 -0.0172108
internal_weight=96.2515 74.9536 57.27 47.7558 40.4592 33.9009 21.2979 17.6836 26.3598 18.5345
internal_count=356 288 215 183 157 133 68 73 105 75
is_linear=0
shrinkage=0.03


Tree=51
num_leaves=13
num_cat=0
split_feature=17 40 35 4 35 39 36 25 55 37 38 33
split_gain=5.56053 2.55784 3.0073 4.314 3.17356 5.24929 2.44368 4.04048 2.24024 1.86776 1.41061 0.306192
threshold=-1.2511742800435788 1.2160564124369551 -0.62520358655026265 -0.3859744395003451 0.1203808148016049 -0.53980645900581958 -0.36001348845387254 -0.41625245104595143 0.80738901522565698 1.3513169052360927 -0.56557183456000348 0.1251212125113918
decision_type=2 2 2 2 2 2 2 2 2 2 2 2
left_child=-1 2 9 4 5 -4 -5 -8 -6 10 11 -2
right_child=1 -3 3 6 8 -7 7 -9 -10 -11 -12 -13
leaf_value=0.018426450679148051 -0.0080044976219522859 -0.013828222643346223 0.018952951430033026 0.024904944418931249 -0.018244986875658287 -0.0086110374233286536 0.020239298184855588 -0.0063947708313161107 0.00028207704808728864 0.0035682648617742698 -0.00063022034195309639 -0.021831233149309286
leaf_weight=11.573135733604429 6.9708394110202834 13.4055959880352 10.680974006652834 8.0349297523498553 12.37571492791176 11.079132616519926 7.3125697374343916 10.572456687688824 9.0275447368621808 7.7869022488594046 7.683422952890397 8.2679408490657789
leaf_count=31 20 39 30 22 37 32 20 30 26 22 22 25
internal_value=-6.29358e-05 -0.00222182 -0.000421755 0.00298909 -0.00272363 0.00501055 0.0123496 0.00490892 -0.0106619 -0.00806295 -0.0122363 -0.0171489
internal_weight=124.771 113.198 99.7924 69.0833 43.1634 21.7601 25.92 17.885 21.4033 30.7091 22.9222 15.2388
internal_count=356 325 286 197 125 62 72 50 63 89 67 45
is_linear=0
shrinkage=0.03


Tree=52
num_leaves=14
num_cat=0
split_feature=17 44 42 37 42 60 49 1 13 38 43 54 38
split_gain=2.44381 3.69842 4.16854 2.10806 2.49998 2.02399 1.77545 1.62495 2.17194 2.20354 1.47205 1.36412 0.483921
threshold=-0.4344215002312718 1.0000000180025095e-35 -0.79746168115361937 -1.0951726929629508 -0.17913819481658833 308.50000000000006 -0.091149379539418721 -0.27055694505875327 0.99385653174297339 -0.43676690454399264 -0.68930642496798489 -0.4212270532998264 -0.30796197452798163
decision_type=2 2 2 2 2 2 2 2 2 2 2 2 2
left_child=7 2 -2 4 -3 6 11 -1 -9 -10 -4 -5 -12
right_child=1 3 10 5 -6 -7 -8 8 9 -11 12 -13 -14
leaf_value=-0.016445682523718416 -0.0062812790558402984 0.015475504868329652 0.0049167932274196647 -0.012457527489762444 -0.0059003112422572092 0.0034189737353901334 -0.022435137340916785 0.0099381436301713942 -0.019492139154322297 0.0010302506638320058 0.010716725358566813 0.0039964301379028511 0.025803505580715251
leaf_weight=9.3532830178737623 10.196150124073027 8.7540808618068713 11.896483361721037 7.5680149495601645 7.8030754327774039 9.7567749917507154 7.8925935924053219 7.4837218523025539 6.7392622828483608 9.4775947928428632 9.1480062603950518 7.2266073524951926 9.1280872523784655
leaf_count=29 30 25 33 22 23 28 23 22 21 29 25 21 25
internal_value=1.39124e-05 0.0026436 0.00923732 -0.00278273 0.00541592 -0.00719795 -0.0119408 -0.00672861 -0.0019051 -0.00808784 0.01472 -0.00442414 0.0199409
internal_weight=122.424 89.3699 40.3687 49.0011 16.5572 32.444 22.6872 33.0539 23.7006 16.2169 30.1726 14.7946 18.2761
internal_count=356 255 113 142 48 94 66 101 72 50 83 43 50
is_linear=0
shrinkage=0.03


Tree=53
num_leaves=13
num_cat=0
split_feature=13 20 41 4 54 27 29 46 55 55 41 46
split_gain=4.67125 2.93938 2.73095 6.64494 2.16066 2.84426 3.56328 3.03768 2.33038 1.48405 1.23148 0.329959
threshold=-0.66045214182779466 1.1703910690211419 1.1687974919148345 0.37373597472534825 0.71689329458615314 -0.30204937816743382 0.64614594063906428 -0.51176183362617433 -0.12100150483896806 1.0512608920641766 -0.16424398450992309 -0.38983176852288171
decision_type=2 2 2 2 2 2 2 2 2 2 2 2
left_child=9 2 4 -4 5 6 7 -2 -7 -1 -10 -3
right_child=1 11 3 -5 -6 8 -8 -9 10 -11 -12 -13
leaf_value=0.019193117059813473 0 -0.020353149057965824 0.027786925113508141 -0.013037753708227344 -0.015965301034350753 0.0043104361391514577 -0.0076048040398265099 0.028084378690793801 -0.02114349922102279 0.0026476322881394915 -0.001342870566625877 -0.0057114312474318453
leaf_weight=10.762954711914064 5.7370333373546609 7.2844267785549164 7.1211671233177167 4.7349499464035034 9.0039647072553617 7.4904571771621677 7.6582633554935446 6.7526199817657409 8.5678078085184044 10.632768392562864 5.1798212826252135 5.174362897872923
leaf_count=32 21 30 23 21 35 29 31 24 34 36 20 20
internal_value=2.28363e-06 -0.00350718 -0.000601663 0.0114005 -0.00378916 -0.000534456 0.00712149 0.0164273 -0.00805195 0.0119449 -0.0149426 -0.0159692
internal_weight=96.1006 74.7049 62.2461 11.8561 50.39 41.386 20.1479 12.4897 21.2381 21.3957 13.7476 12.4588
internal_count=356 288 238 44 194 159 76 45 83 68 54 50
is_linear=0
shrinkage=0.03


Tree=54
num_leaves=12
num_cat=0
split_feature=14 40 54 31 29 27 14 33 33 56 28
split_gain=5.25325 2.45558 2.0834 3.04987 2.91532 4.08992 2.56782 2.07901 2.89492 1.84718 1.47792
threshold=-1.2511742800435788 1.2160564124369551 -1.2670864633440615 -0.42924689089364931 0.64614594063906428 -0.10654105338996668 -0.48843895467518089 1.0000000180025095e-35 -0.63884800035208433 1.0000000180025095e-35 -0.22187505673675958
decision_type=2 2 2 2 2 2 2 2 2 2 2
left_child=-1 2 -2 4 5 -4 9 8 -8 -5 -9
right_child=1 -3 3 6 -6 -7 7 10 -10 -11 -12
leaf_value=0.01791187896379617 -0.012759072311739762 -0.013565107435291849 -0.010781535144599759 0.015020589356204622 0.020514509794560098 0.01246953229789604 -0.011534130756222682 -0.023978607919251087 0.009414151334208044 -0.0023127459105653147 -0.0043088514064910247
leaf_weight=11.56576958298683 9.5232799947261793 13.337241530418394 11.011774331331253 8.0758377015590614 9.9156875610351545 13.292500644922249 10.466526031494135 7.7746756374835959 10.182572692632695 11.2052164375782 8.1595399379730207
leaf_count=31 28 39 32 22 27 38 31 24 29 31 24
internal_value=-6.14469e-05 -0.00216502 -0.000400629 0.00102791 0.00794364 0.00168807 -0.00320071 -0.00782645 -0.000995163 0.00521873 -0.0154877
internal_weight=124.511 112.945 99.6076 90.0843 34.22 24.3043 55.8644 36.5833 20.6491 19.2811 15.9342
internal_count=356 325 286 258 97 70 161 108 60 53 48
is_linear=0
shrinkage=0.03


Tree=55
num_leaves=14
num_cat=0
split_feature=23 42 33 42 47 31 24 61 59 39 40 34 27
split_gain=3.06338 2.51381 3.62114 3.16785 3.62324 3.15458 2.39763 2.05122 1.84156 1.70708 1.41025 1.27949 0.896181
threshold=-1.1790217088292485 -0.79746168115361937 0.1251212125113918 0.18155050554667987 -0.088986195308815325 -0.42924689089364931 1.5250681416773679 268.50000000000006 1.0000000180025095e-35 0.21320557344583824 -0.47905242604300824 -0.97031592714056603 1.0000000180025095e-35
decision_type=2 2 2 2 2 2 2 2 2 2 2 2 2
left_child=11 7 3 4 8 -4 12 -2 -3 -6 -7 -1 -5
right_child=1 2 5 6 9 10 -8 -9 -10 -11 -12 -13 -14
leaf_value=0.0017461879001671714 -0.021187584953794653 -0.016264945798124226 -0.0018103428760340621 -0.0071728179396569405 0.018505600164535965 0.0050598660535889801 0.0039797640370701146 0 0.0026402913217352022 0 0.02508323871743539 0.01998090531788986 -0.021041807709711698
leaf_weight=7.4992271959781647 8.3953673839569074 8.170131295919413 12.913009792566301 12.448638707399374 10.308485358953481 7.3988536894321433 6.6588970124721518 6.7599320113658896 7.3391451239585868 7.3265547454357138 8.2818242907524091 7.3826165199279767 11.37106144428253
leaf_count=21 26 24 37 38 29 21 20 20 21 21 23 20 35
internal_value=1.81271e-05 -0.00175393 0.000117208 -0.00379759 0.00245642 0.00878238 -0.0105824 -0.0124848 -0.00752214 0.0114474 0.0172512 0.0121596 -0.0148849
internal_weight=122.254 107.372 92.2166 63.6229 33.1443 28.5937 30.4786 15.1553 15.5093 17.635 15.6807 14.8818 23.8197
internal_count=356 315 269 188 95 81 93 46 45 50 44 41 73
is_linear=0
shrinkage=0.03


Tree=56
num_leaves=13
num_cat=0
split_feature=8 20 26 41 55 32 52 32 35 20 40 54
split_gain=4.45992 3.34735 2.87791 6.02717 2.79711 2.45603 4.1609 2.23393 1.65286 1.12888 0.800963 0.480448
threshold=-0.89305975425671713 1.1703910690211419 0.69732175145071296 1.1687974919148345 1.3953066790757798 0.19112510603244728 -1.1588892975174234 -0.9721559617265646 0.30677691513957184 -0.39697903971187298 1.0000000180025095e-35 -0.68933557264573997
decision_type=2 2 2 2 2 2 2 2 2 2 2 2
left_child=4 2 3 5 -1 6 -2 -8 11 -4 -3 -9
right_child=1 10 9 -5 -6 -7 7 8 -10 -11 -12 -13
leaf_value=0.026226915597615565 0.014857084563484177 -0.020781451579627942 -0.016165232966783689 0.028833086382254607 0.00016513521188595782 0.013841677535629527 0.0049434609230293381 -0.0052802797722217142 0 0 -0.0036750835564969653 -0.020417888313224924
leaf_weight=7.0901715159416181 7.1651589721441189 8.3634810447692853 9.7053616344928724 5.8349556922912589 7.3838776350021362 7.3762339502573004 7.1923020631074861 5.0919993668794623 6.6998659968376151 5.8563013076782218 5.5983130633831015 12.606815904378911
leaf_count=21 25 35 40 18 25 26 27 20 25 24 20 50
internal_value=0 -0.00273839 5.50968e-05 0.00356152 0.0145712 -0.000316269 -0.00357527 -0.00842119 -0.0126507 -0.0105864 -0.0153323 -0.0171281
internal_weight=95.9648 81.4908 67.529 51.9673 14.474 46.1324 38.7561 31.591 24.3987 15.5617 13.9618 17.6988
internal_count=356 310 255 191 46 173 147 122 95 64 55 70
is_linear=0
shrinkage=0.03


Tree=57
num_leaves=13
num_cat=0
split_feature=14 40 35 4 35 47 36 25 55 58 40 35
split_gain=5.00291 2.36731 2.88695 4.07089 3.04007 3.50637 2.35541 3.81168 2.14966 1.61075 1.71702 0.915522
threshold=-1.2511742800435788 1.2160564124369551 -0.62520358655026265 -0.3859744395003451 0.1203808148016049 0.082322223346478721 -0.36001348845387254 -0.41625245104595143 0.80738901522565698 1.0000000180025095e-35 -0.7774756900692994 -0.32230992350106641
decision_type=2 2 2 2 2 2 2 2 2 2 2 2
left_child=-1 2 9 4 5 11 -5 -8 -6 10 -2 -4
right_child=1 -3 3 6 8 -7 7 -9 -10 -11 -12 -13
leaf_value=0.017476825353835049 -0.020875955772847444 -0.013347639525705573 0.0029999418826850625 0.024352750220878742 -0.017902209003771166 -0.010859433072516996 0.019596086571006584 -0.0062710591380791963 0.00027372349943475979 0.0011116594969842811 -0.002697295394299666 0.019366896259985888
leaf_weight=11.550384819507597 9.7348444759845751 13.273341268301008 7.0688199400901803 8.0405951440334338 12.24847185611725 6.8599457442760459 7.3277824521064803 10.53376284241676 9.0183071196079236 10.431211471557615 10.381749659776689 7.7912525236606607
leaf_count=31 29 39 20 22 37 20 20 30 26 30 30 22
internal_value=-7.11862e-05 -0.00212794 -0.000394727 0.00294763 -0.00261616 0.00494678 0.0120379 0.00472718 -0.0104208 -0.00790454 -0.0126101 0.0129369
internal_weight=124.26 112.71 99.4367 68.8889 42.9868 21.72 25.9021 17.8615 21.2668 30.5478 20.1166 14.8601
internal_count=356 325 286 197 125 62 72 50 63 89 59 42
is_linear=0
shrinkage=0.03


Tree=58
num_leaves=14
num_cat=0
split_feature=23 57 11 44 24 39 28 51 32 42 34 19 28
split_gain=2.94409 2.46302 2.77077 2.65431 4.17406 3.03642 2.47298 1.85672 1.62117 1.43986 1.21631 0.974901 0.181941
threshold=-1.1790217088292485 1.6713693049534508 -0.34950145894155088 1.0000000180025095e-35 -0.54081002170252368 -0.10951386903344378 -0.55763497256369454 1.0000000180025095e-35 -0.56158617310573689 -0.38524602359559873 -0.97031592714056603 0.46850508341085301 -0.89339488839062964
decision_type=2 2 2 2 2 2 2 2 2 2 2 2 2
left_child=10 2 6 4 -4 8 12 -8 -5 -6 -1 -10 -2
right_child=1 -3 3 5 9 -7 7 -9 11 -11 -12 -13 -14
leaf_value=0.0017297458419339737 -0.02343815650061799 0.012943976411556339 -0.0075217169261567844 -0.0006538248863880708 0.0039219198936955718 0.0061327079430252684 0.0060081175893383961 -0.010595990716374791 -0.024252742372275211 0.022790563184723663 0.019537707816734202 -0.0055692759931903566 -0.0093508922757340272
leaf_weight=7.497913271188736 7.5921624898910522 7.8316457271575919 9.2775387167930621 9.9453690648078883 7.7252261042594936 13.596976667642595 10.145125180482866 10.820785164833067 7.0321094989776611 9.9258599281311017 7.400509446859358 6.6592796444892883 6.6078616380691511
leaf_count=21 24 22 27 29 22 39 30 34 21 27 20 20 20
internal_value=2.42305e-05 -0.00171605 -0.00310681 0.000552075 0.00758098 -0.00447326 -0.00969578 -0.00242971 -0.0108149 0.0157998 0.0119194 -0.0170076 -0.0187846
internal_weight=122.058 107.16 99.3283 64.1624 26.9286 37.2337 35.1659 20.9659 23.6368 17.6511 14.8984 13.6914 14.2
internal_count=356 315 293 185 76 109 108 64 70 49 41 41 44
is_linear=0
shrinkage=0.03


Tree=59
num_leaves=14
num_cat=0
split_feature=15 20 61 40 19 29 27 33 44 55 60 46 16
split_gain=4.23543 2.7881 3.32547 3.0009 3.05073 2.00099 1.62352 2.26123 1.51596 2.54358 0.906241 0.407237 0.142049
threshold=-0.66045214182779466 1.1703910690211419 221.00000000000003 -0.7774756900692994 0.11020688857892351 0.64614594063906428 -0.10654105338996668 -0.22835708000753005 1.42534445136912 1.0512608920641766 511.50000000000006 -0.38192031705695551 0.51371535079676778
decision_type=2 2 2 2 2 2 2 2 2 2 2 2 2
left_child=8 2 -2 4 -4 6 7 -5 9 -1 12 -3 -8
right_child=1 11 3 5 -6 -7 10 -9 -10 -11 -12 -13 -14
leaf_value=0.013998429223401179 0.015379554387211765 -0.020139587958630994 0.022040151665855989 -0.008716537167116423 -0.0035243614551509436 -0.02011409739746451 -0.018811097632672538 0.012627106356679109 0.021805975665731198 -0.0089431395178988307 0 -0.0048734128341464634 -0.0059922833041180278
leaf_weight=8.7836240231990832 8.3808028250932676 7.2878036797046661 5.7626433968543997 6.446901246905326 8.4126390218734723 7.9400377273559561 5.4523960053920835 8.445454508066172 6.9084216058254233 5.9031423032283774 5.9104270040988913 4.9112411886453611 5.2422948330640793
leaf_count=26 29 31 19 26 32 35 23 30 22 20 24 19 20
internal_value=0 -0.00337077 -0.000549901 -0.00349969 0.00760012 -0.00776822 -0.00370131 0.00306929 0.0113054 0.00443246 -0.00985614 -0.0156381 -0.0145296
internal_weight=95.7878 74.1926 61.9936 53.6128 14.1753 39.4375 31.4975 14.8924 21.5952 14.6868 16.6051 12.199 10.6947
internal_count=356 288 238 209 51 158 123 56 68 46 67 50 43
is_linear=0
shrinkage=0.03


Tree=60
num_leaves=13
num_cat=0
split_feature=14 40 35 46 46 46 50 48 33 13 49 46
split_gain=4.74045 2.28357 2.76835 3.87054 2.95038 2.03777 2.35501 1.79831 2.75983 1.40232 1.20377 0.783963
threshold=-1.2511742800435788 1.2160564124369551 -0.62520358655026265 -0.40411326601290409 -0.56130524619664335 0.1946784136082014 -0.32100199827199921 0.68174403531633276 0.38737930050930186 -0.59483987991001863 -0.27242970979658671 -0.54024700779533286
decision_type=2 2 2 2 2 2 2 2 2 2 2 2
left_child=-1 2 7 4 10 6 -5 8 11 -7 -4 -2
right_child=1 -3 3 5 -6 9 -8 -9 -10 -11 -12 -13
leaf_value=0.017027841948563036 -0.0012380690914641202 -0.013116180742587899 0.011058821232786955 -0.015710654311827485 0.024813445362549303 -0.003437643971465175 0.0012320083963842394 -0.019210203053109953 -0.0146521414168171 0.011795546949560719 -0.0043220377311020139 0.011480548268918027
leaf_weight=11.531551420688627 6.9605753719806698 13.206741839647291 7.1790381968021393 13.295932441949843 8.8245246112346631 8.2194750905036944 13.142478793859484 7.569914996623992 8.9678708016872388 10.358541041612623 7.7749811708927172 6.9434684216976192
leaf_count=31 20 39 20 39 24 25 38 22 27 29 22 20
internal_value=-6.38848e-05 -0.00207046 -0.000367481 0.00290393 0.0123457 -0.00219166 -0.00745977 -0.00773753 -0.00274561 0.00500378 0.00303228 0.00522336
internal_weight=123.975 112.444 99.2368 68.795 23.7785 45.0164 26.4384 30.4418 22.8719 18.578 14.954 13.904
internal_count=356 325 286 197 66 131 77 89 67 54 42 40
is_linear=0
shrinkage=0.03


Tree=61
num_leaves=14
num_cat=0
split_feature=18 36 55 29 52 32 31 32 33 60 54 50 10
split_gain=2.17 2.84362 2.63314 2.42915 2.28152 3.21966 2.14986 1.78617 1.78107 1.68902 1.77417 1.58427 1.34954
threshold=0.35120016199951282 -0.75670619484410884 -0.31251941942216382 0.64614594063906428 -0.59604538221564607 -0.15101638448490914 -0.84135377979337334 -0.56158617310573689 0.1251212125113918 617.00000000000011 0.7351895180497906 -0.32100199827199921 -1.0526818743668456
decision_type=2 2 2 2 2 2 2 2 2 2 2 2 2
left_child=7 6 3 -3 -4 11 -2 -1 9 10 -9 -6 -12
right_child=1 2 4 -5 5 -7 -8 8 -10 -11 12 -13 -14
leaf_value=-0.017382695344403776 0 -0.01763255469184611 -0.0074625418076292799 0.002126772977951268 0.024246335841442909 -0.0031655507620830755 0.02182508021624438 -0.011275935791905965 0.0078163219323197104 -0.01676994353464557 -0.0035145454553535452 0.0052154508406987606 0.013704656154324604
leaf_weight=7.2050473988056174 7.0376909077167538 10.439293384552004 9.3269615173339826 9.1022323966026288 8.9314859211444872 11.979577690362932 9.5630419254302961 7.7610896825790467 10.229200869798659 7.5516049265861502 6.345355600118638 9.6191965937614423 6.7663429677486393
leaf_count=22 20 30 27 26 25 35 26 24 30 24 20 27 20
internal_value=2.44902e-05 0.00316346 0 -0.00864822 0.00438738 0.00837479 0.0135734 -0.00498633 -0.00196318 -0.00589846 -0.000836414 0.0158058 0.00545553
internal_weight=121.858 75.9995 59.3987 19.5415 39.8572 30.5303 16.6007 45.8586 38.6536 28.4244 20.8728 18.5507 13.1117
internal_count=356 216 170 56 114 87 46 140 118 88 64 52 40
is_linear=0
shrinkage=0.03


Tree=62
num_leaves=14
num_cat=0
split_feature=13 20 61 40 19 29 53 44 55 30 29 24 58
split_gain=4.02412 2.71466 3.18545 2.8812 2.89471 1.96523 1.85955 1.42727 2.45763 1.00185 0.990283 0.686183 0.179275
threshold=-0.66045214182779466 1.1703910690211419 221.00000000000003 -0.7774756900692994 0.11020688857892351 0.64614594063906428 1.0000000180025095e-35 1.42534445136912 1.0512608920641766 -0.12130913263446536 -1.0000000180025095e-35 -0.19649699447254201 -0.69658693757327972
decision_type=2 2 2 2 2 2 2 2 2 2 2 2 2
left_child=7 2 -2 4 -4 6 9 8 -1 -5 11 -8 -3
right_child=1 12 3 5 -6 -7 10 -9 -10 -11 -12 -13 -14
leaf_value=0.013664877584596221 0.014999112411314521 -0.019543016825548841 0.021379582837926604 -0.0021535130953593525 -0.0034592628183265062 -0.019965084775173097 -0.0023000490656430103 0.021109507129889182 -0.0088754492736059822 0.013227573145586955 0.00089903901345666322 -0.017737854457326164 -0.0063588086034093837
leaf_weight=8.8240403831005114 8.4412124603986722 6.7094554454088211 5.8287737220525733 6.6041061133146286 8.390562951564787 7.8229471743106833 5.4552114754915211 6.9873986244201651 5.8884151577949515 5.3611484020948428 5.1888372749090239 8.7806759327650052 5.3636695891618711
leaf_count=26 29 29 19 25 32 35 21 22 20 20 19 38 21
internal_value=0 -0.00330924 -0.000530015 -0.00343511 0.00740948 -0.00764304 -0.00361924 0.0109771 0.0042869 0.00499835 -0.00919204 -0.0129865 -0.0154778
internal_weight=95.6465 73.9466 61.8735 53.4323 14.2193 39.2129 31.39 21.6999 14.7125 11.9653 19.4247 14.2359 12.0731
internal_count=356 288 238 209 51 158 123 68 46 45 78 59 50
is_linear=0
shrinkage=0.03


Tree=63
num_leaves=13
num_cat=0
split_feature=14 31 30 31 39 40 21 41 18 11 24 46
split_gain=4.51776 3.52087 5.09578 4.12647 2.72811 2.45227 1.4531 1.34482 2.22069 1.78592 1.10013 0.508681
threshold=-0.48843895467518089 -0.42924689089364931 -0.77317405667778016 -0.84135377979337334 -0.7839147552401482 -0.7774756900692994 0.50269487355379983 1.0000000180025095e-35 0.57183239230739813 0.079444169527840544 -0.54081002170252368 0.34277531752951479
decision_type=2 2 2 2 2 2 2 2 2 2 2 2
left_child=5 2 -2 4 -4 -1 -7 9 11 -3 -5 -9
right_child=1 7 3 10 -6 6 -8 8 -10 -11 -12 -13
leaf_value=-0.0019034233207964896 0.02007331402899859 0.0039320514500140978 -0.00070640509442071106 0.015070497101938285 -0.02280319681757095 0.020806686192772886 0.0042727452790268768 -0.024894284348320105 -0.00098929995378384912 -0.013687564012683933 0 -0.00872008082338031
leaf_weight=11.366109281778334 9.4946184754371625 11.896270573139192 10.908451616764067 7.410843461751937 9.0634109079837781 12.589709222316742 10.331595659255981 9.9211659431457573 9.1375810801982862 6.7553243339061728 8.297425329685213 6.5503318309783927
leaf_count=32 26 34 32 21 27 34 28 31 27 20 24 20
internal_value=-6.16091e-05 -0.00366127 0.00210878 -0.00312725 -0.011906 0.00892 0.01432 -0.00955767 -0.0139084 -0.00269559 0.00775053 -0.0200607
internal_weight=123.723 89.4354 45.1747 35.6801 19.9719 34.2874 22.9213 44.2607 25.6091 18.6516 15.7083 16.4715
internal_count=356 262 130 104 59 94 62 132 78 54 45 51
is_linear=0
shrinkage=0.03


Tree=64
num_leaves=14
num_cat=0
split_feature=23 42 33 31 42 47 24 61 59 39 40 34 27
split_gain=2.85195 2.42027 3.32096 2.90212 2.87142 3.4738 2.38053 1.96423 1.73857 1.66103 1.32344 1.13902 0.90186
threshold=-1.1790217088292485 -0.79746168115361937 0.1251212125113918 -0.42924689089364931 0.18155050554667987 -0.088986195308815325 1.5250681416773679 268.50000000000006 1.0000000180025095e-35 0.21320557344583824 -0.47905242604300824 -0.97031592714056603 1.0000000180025095e-35
decision_type=2 2 2 2 2 2 2 2 2 2 2 2 2
left_child=11 7 4 -4 5 8 12 -2 -3 -7 -5 -1 -6
right_child=1 2 3 10 6 9 -8 -9 -10 -11 -12 -13 -14
leaf_value=0.0017942058181275495 -0.020846750845814541 -0.016002566155858509 -0.0017340311851570458 0.0047376837783008954 -0.0067807530913118527 0.018067560082559837 0.0043743355881279882 0 0.0023908811959499751 0 0.024100258727736471 0.019108846221034436 -0.020643120001227956
leaf_weight=7.4858711659908295 8.2867833375930768 8.1101658344268746 12.860845446586611 7.3922536671161643 12.29286545515061 10.325089186429983 6.5989470183849326 6.7558254897594443 7.3352610468864432 7.3167315125465384 8.3200968503952009 7.4110359251499158 11.198013782501219
leaf_count=21 26 24 37 21 38 29 20 20 21 21 23 20 35
internal_value=2.77363e-05 -0.00168973 0.000147807 0.00844251 -0.00361968 0.00231631 -0.010137 -0.0122573 -0.00747478 0.0111159 0.016546 0.011734 -0.0144714
internal_weight=121.69 106.793 91.7503 28.5732 63.1771 33.0872 30.0898 15.0426 15.4454 17.6418 15.7124 14.8969 23.4909
internal_count=356 315 269 81 188 95 93 46 45 50 44 41 73
is_linear=0
shrinkage=0.03


Tree=65
num_leaves=12
num_cat=0
split_feature=15 20 61 12 30 40 4 4 55 29 46
split_gain=3.81845 2.63565 3.05118 3.19516 2.30871 2.49214 1.58175 2.20299 1.35794 0.603961 0.414503
threshold=-0.66045214182779466 1.1703910690211419 221.00000000000003 0.044144519917363977 -0.88181821068499933 -0.7774756900692994 -0.22121796412609845 -0.42716355834390674 1.0512608920641766 -0.37544379230322988 -0.38192031705695551
decision_type=2 2 2 2 2 2 2 2 2 2 2
left_child=8 2 -2 4 -4 -6 7 9 -1 -7 -3
right_child=1 10 3 -5 5 6 -8 -9 -10 -11 -12
leaf_value=0.017489391732164131 0.014627289022932928 -0.019861763235558518 -0.020416874665688329 0.011773073443416208 0.010982627815635337 -0.00050368409936631272 -0.018930886445791006 0.0068423977950127571 0.0019314781657939221 -0.014935704629078424 -0.0045864717543312372
leaf_weight=10.992546737194063 8.501940503716467 7.0847911536693573 7.6297623217105786 8.6648576706647855 7.2437390983104626 4.9605044871568635 6.3063384443521704 10.317844808101654 10.809946417808531 8.1245172321796417 4.8525274544954282
leaf_count=32 29 31 32 32 26 19 29 39 36 32 19
internal_value=0 -0.00324479 -0.000511002 -0.00337224 -0.0067334 -0.00306588 -0.00704669 -0.00265594 0.0106539 -0.0104904 -0.015304
internal_weight=95.4893 73.6868 61.7495 53.2476 44.5827 36.9529 29.7092 23.4029 21.8025 13.085 11.9373
internal_count=356 288 238 209 177 145 119 90 68 51 50
is_linear=0
shrinkage=0.03


end of trees

feature_importances:
Column_46=34
Column_34=32
Column_29=30
Column_40=28
Column_42=28
Column_55=28
Column_35=26
Column_41=26
Column_13=25
Column_23=25
Column_31=23
Column_33=23
Column_24=22
Column_26=21
Column_12=20
Column_18=20
Column_14=19
Column_30=17
Column_61=17
Column_37=16
Column_44=16
Column_52=16
Column_20=15
Column_38=15
Column_54=15
Column_27=14
Column_39=14
Column_21=13
Column_32=13
Column_16=12
Column_19=12
Column_4=11
Column_2=10
Column_28=10
Column_45=10
Column_57=10
Column_15=8
Column_36=8
Column_49=8
Column_51=8
Column_25=7
Column_43=7
Column_47=7
Column_60=6
Column_11=5
Column_17=5
Column_48=5
Column_59=5
Column_1=4
Column_50=4
Column_53=4
Column_58=4
Column_3=3
Column_0=2
Column_5=2
Column_10=2
Column_56=2
Column_8=1

parameters:
[boosting: gbdt]
[objective: multiclass]
[metric: multi_logloss]
[tree_learner: serial]
[device_type: cpu]
[data_sample_strategy: bagging]
[data: ]
[valid: ]
[num_iterations: 1800]
[learning_rate: 0.03]
[num_leaves: 96]
[num_threads: 3]
[seed: 42]
[deterministic: 0]
[force_col_wise: 1]
[force_row_wise: 0]
[histogram_pool_size: -1]
[max_depth: 10]
[min_data_in_leaf: 20]
[min_sum_hessian_in_leaf: 0.001]
[bagging_fraction: 0.85]
[pos_bagging_fraction: 1]
[neg_bagging_fraction: 1]
[bagging_freq: 0]
[bagging_seed: 400]
[bagging_by_query: 0]
[feature_fraction: 0.8]
[feature_fraction_bynode: 1]
[feature_fraction_seed: 30056]
[extra_trees: 0]
[extra_seed: 12879]
[early_stopping_round: 0]
[early_stopping_min_delta: 0]
[first_metric_only: 0]
[max_delta_step: 0]
[lambda_l1: 0.2]
[lambda_l2: 1.5]
[linear_lambda: 0]
[min_gain_to_split: 0]
[drop_rate: 0.1]
[max_drop: 50]
[skip_drop: 0.5]
[xgboost_dart_mode: 0]
[uniform_drop: 0]
[drop_seed: 17869]
[top_rate: 0.2]
[other_rate: 0.1]
[min_data_per_group: 100]
[max_cat_threshold: 32]
[cat_l2: 10]
[cat_smooth: 10]
[max_cat_to_onehot: 4]
[top_k: 20]
[monotone_constraints: ]
[monotone_constraints_method: basic]
[monotone_penalty: 0]
[feature_contri: ]
[forcedsplits_filename: ]
[refit_decay_rate: 0.9]
[cegb_tradeoff: 1]
[cegb_penalty_split: 0]
[cegb_penalty_feature_lazy: ]
[cegb_penalty_feature_coupled: ]
[path_smooth: 0]
[interaction_constraints: ]
[verbosity: -1]
[saved_feature_importance_type: 0]
[use_quantized_grad: 0]
[num_grad_quant_bins: 4]
[quant_train_renew_leaf: 0]
[stochastic_rounding: 1]
[linear_tree: 0]
[max_bin: 255]
[max_bin_by_feature: ]
[min_data_in_bin: 3]
[bin_construct_sample_cnt: 200000]
[data_random_seed: 175]
[is_enable_sparse: 1]
[enable_bundle: 1]
[use_missing: 1]
[zero_as_missing: 0]
[feature_pre_filter: 1]
[pre_partition: 0]
[two_round: 0]
[header: 0]
[label_column: ]
[weight_column: ]
[group_column: ]
[ignore_column: ]
[categorical_feature: ]
[forcedbins_filename: ]
[precise_float_parser: 0]
[parser_config_file: ]
[objective_seed: 16083]
[num_class: 3]
[is_unbalance: 0]
[scale_pos_weight: 1]
[sigmoid: 1]
[boost_from_average: 1]
[reg_sqrt: 0]
[alpha: 0.9]
[fair_c: 1]
[poisson_max_delta_step: 0.7]
[tweedie_variance_power: 1.5]
[lambdarank_truncation_level: 30]
[lambdarank_norm: 1]
[label_gain: ]
[lambdarank_position_bias_regularization: 0]
[eval_at: ]
[multi_error_top_k: 1]
[auc_mu_weights: ]
[num_machines: 1]
[local_listen_port: 12400]
[time_out: 120]
[machine_list_filename: ]
[machines: ]
[gpu_platform_id: -1]
[gpu_device_id: -1]
[gpu_device_id_list: ]
[gpu_use_dp: 0]
[num_gpu: 1]

end of parameters

pandas_categorical:null
