tree
version=v4
num_class=1
num_tree_per_iteration=1
label_index=0
max_feature_idx=62
objective=binary sigmoid:1
feature_names=Column_0 Column_1 Column_2 Column_3 Column_4 Column_5 Column_6 Column_7 Column_8 Column_9 Column_10 Column_11 Column_12 Column_13 Column_14 Column_15 Column_16 Column_17 Column_18 Column_19 Column_20 Column_21 Column_22 Column_23 Column_24 Column_25 Column_26 Column_27 Column_28 Column_29 Column_30 Column_31 Column_32 Column_33 Column_34 Column_35 Column_36 Column_37 Column_38 Column_39 Column_40 Column_41 Column_42 Column_43 Column_44 Column_45 Column_46 Column_47 Column_48 Column_49 Column_50 Column_51 Column_52 Column_53 Column_54 Column_55 Column_56 Column_57 Column_58 Column_59 Column_60 Column_61 Column_62
feature_infos=[-1.2890413745643934:15.988409371173358] [-1.1555048734673707:12.583989255698032] [-1.4005243614127552:15.10926547125411] [-1.2672008180839485:15.683118990963933] [-1.1596015882688411:12.72354074523974] [-1.4094030856565729:15.216477480658208] [-2.6083546781562017:7.6914534788573983] [-1.7081375819986797:9.0305004884447122] [-3.2477533316647591:6.3247370096259408] [-3.7577435998213344:4.0627457404886904] [-6.4744143331919108:2.2794898300601765] [-2.6538606561460285:5.7774585337785513] [-1.3707457474615425:3.5073052072092366] [-3.738941272252525:4.2591210462701801] [-2.6202486720296032:5.9186955947361595] [-3.738941272252525:4.2591210462701801] [-6.7202841923766305:1.9195647250799925] [-2.6202486720296032:5.9186955947361595] [-8.1850120750247282:0.75462146579314249] [-1.9757545533680048:1.589049814741011] [-1.5386527835842989:1.4329917720909449] [-3.4753470669108082:1.0017455231449672] [-1.9752352781744718:0.50626880303807831] [-1.9888321491883245:2.7501667364262388] [-2.0665618218803585:4.5324845359215615] [-2.2769744825417835:3.2534749003617089] [-3.0069675584040674:4.2322527930058058] [-2.1861894094610039:2.633140669807545] [-2.0679978545878765:5.8763562024623655] [-2.1993437413846717:3.8057553601934528] [-2.8639671309225738:4.4570108812314846] [-2.6775083352652236:3.5524272736871509] [-2.622533186770351:5.6753967000214924] [-2.4930471789325939:3.1901186542821485] [-2.9342538090354804:4.8242099268097505] [-2.7969801285818905:3.4443885143202007] [-2.6281072521143871:5.3792710569519819] [-2.8867043901733949:3.9393042768295787] [-2.9636157869064332:4.0097914260736172] [-3.3152515453209976:3.7953790037451287] [-3.1756123379092043:4.2450901294645949] [-2.6256323261434189:2.2725104080937566] [-3.1708924034393444:4.2565724628877968] [-1.694780001766659:3.3611449215996649] [-3.1522897603457882:5.018658876985711] [-2.824831029487036:4.89166847590326] [-2.5868860840116112:4.9928063163495739] [-4.2184512587948211:4.3831015698108651] [-3.7846364618033048:3.01024858328483] [-1.0130685278265359:3.8673155419104286] [-1.0129621988765534:3.9683779019522736] [-8.4081737469105562:9.5667942831939001] [-4.8828908603454613:7.4679507275871773] [-6.7118389735545225:4.132566951266277] [-2.4324572817303669:3.3335716782031044] [-2.6289566439072209:3.1752065620011072] [-1.1826986181331707:3.0456947785183015] [-1.2045220315067326:3.7325570057782285] [-1.2221340720179223:2.9426311734033832] [-2.6070937613131684:2.6797458918535138] [17:789] [17:789] [0:1]
tree_sizes=3574 3992 3682 3296 3470 3928 3788 3710 3819 3732 3534 4031 3476 3626 3489 3737 3724 3296 3650 3882 3330 3858 3521 2991 3542 3864 3691 3742 3509 3609 3804 3623 3797 3697 3637

Tree=0
num_leaves=33
num_cat=0
split_feature=19 32 13 44 12 47 45 16 19 52 45 27 12 16 42 29 54 44 55 44 13 43 20 26 12 26 61 26 45 58 11 47
split_gain=23.1425 9.66797 7.9815 9.96559 6.86856 6.73903 5.76813 5.32442 6.58211 9.1306 5.5354 5.2139 4.46209 4.04793 3.78117 4.74863 7.10707 4.93666 4.66056 4.36733 3.17593 3.05508 2.77027 4.66107 2.29773 2.11315 3.62002 1.50962 0.98986 0.541166 0.340781 0.0803365
threshold=0.42126907346391967 0.71968857318747459 0.55104335386437597 -0.30483796248784162 -0.17230135707381519 -0.34105544309111152 -0.57787733303904065 0.80418637708218554 -0.19335236931349684 0.45042709807999587 0.35733817992716671 -0.74039038568043913 -0.93931839292252084 0.3146223187434074 -1.0664440246466538 0.24022776863144127 -0.85933538789492392 -1.047651474972523 -0.15543310645194677 0.68558005415840084 0.24876840802995417 -0.62741807350043499 -0.8632790209308342 -0.26209650849449057 -0.31115856615692411 -0.11127941784011834 631.50000000000011 0.61264261730086911 0.35733817992716671 0.86024855069273076 -1.3039554893527614 0.24720588683138212
decision_type=2 2 2 2 2 2 2 2 2 2 2 2 2 2 2 2 2 2 2 2 2 2 2 2 2 2 2 2 2 2 2 2
left_child=1 7 3 11 28 12 -3 8 9 14 29 -2 -5 24 -1 16 -16 -17 -18 -20 -8 -13 -7 -24 -14 -10 -27 -11 -4 -9 -30 -19
right_child=2 6 4 5 -6 22 20 10 25 27 -12 21 13 -15 15 17 18 31 19 -21 -22 -23 23 -25 -26 26 -28 -29 30 -31 -32 -33
leaf_value=-0.42279109822035499 -0.39983495870435443 -0.41959123219134942 -0.39385001971030897 -0.4252870500176042 -0.40984164787231564 -0.40076271294361721 -0.37563032575771532 -0.4430562406398979 -0.43991944509960274 -0.43637960371534018 -0.40635859874246871 -0.43591968341098503 -0.37323228455782603 -0.41241329481074773 -0.37440351724200188 -0.39390806215848773 -0.38824156249179909 -0.43104618422268559 -0.42556548996103755 -0.39598176183499706 -0.40266067442239356 -0.40722722310156384 -0.39607145273850791 -0.35332453939680031 -0.40134289809815338 -0.43273882377404033 -0.40527137559441018 -0.41269256529882481 -0.38752207007016642 -0.42052386361601124 -0.36160632871623316 -0.41576067721441828
leaf_weight=6.9575423002243033 9.116779565811159 6.2377965450286892 4.7983050346374574 4.7983050346374538 5.2781355381011954 5.0382202863693264 7.437372803688052 12.715508341789251 8.3970338106155413 9.5966100692749006 5.7579660415649405 9.356694817543028 5.0382202863693273 7.677288055419921 9.1167795658111519 5.2781355381011954 8.6369490623474068 5.038220286369322 9.5966100692749112 5.9978812932968131 9.1167795658111555 4.7983050346374503 5.5180507898330697 5.5180507898330662 6.7176270484924299 6.7176270484924299 7.9172033071517944 5.0382202863693228 5.5180507898330715 4.7983050346374503 8.6369490623474068 4.7983050346374512
leaf_count=29 38 26 20 20 22 21 31 53 35 40 24 39 21 32 38 22 36 21 40 25 38 20 23 23 28 28 33 21 23 20 36 20
internal_value=-0.407227 -0.414811 -0.395284 -0.401275 -0.381062 -0.392394 -0.397545 -0.418324 -0.414787 -0.409943 -0.430914 -0.416382 -0.403213 -0.396573 -0.40433 -0.401171 -0.394952 -0.414402 -0.404379 -0.413848 -0.388568 -0.427109 -0.378159 -0.370327 -0.386359 -0.428211 -0.418707 -0.429863 -0.373149 -0.438735 -0.36847 -0.426235
internal_weight=226.96 139.151 87.809 63.5775 24.2314 40.3058 22.7919 116.359 93.0871 70.0553 23.2718 23.2718 24.2314 19.4331 55.4204 48.4629 33.3482 15.1147 24.2314 15.5945 16.5542 14.155 16.0743 11.0361 11.7558 23.0319 14.6348 14.6348 18.9533 17.5138 14.155 9.83653
internal_count=946 580 366 265 101 168 95 485 388 292 97 97 101 81 231 202 139 63 101 65 69 59 67 46 49 96 61 61 79 73 59 41
is_linear=0
shrinkage=1


Tree=1
num_leaves=37
num_cat=0
split_feature=19 33 32 35 47 38 24 28 34 46 41 55 36 61 55 46 27 34 43 29 26 60 37 40 5 12 55 37 55 55 19 40 14 24 26 0
split_gain=22.0312 9.59205 9.20294 6.33844 5.37516 5.02269 6.79148 5.16699 4.77551 10.6469 6.1126 4.52375 4.2121 4.13193 5.45808 5.35977 3.95881 3.15235 3.13095 2.88977 2.78524 2.63007 2.59015 2.50098 2.47337 2.37259 2.1557 2.12865 9.23799 2.82931 2.61582 4.6634 1.79929 1.6746 0.559271 0.396564
threshold=0.42126907346391967 -0.39274676230975408 0.71968857318747459 -1.2366379678563675 0.72432701270498467 -0.21876401158449874 -0.41680023242987835 -0.97420997716791558 -0.1199091205426029 0.071831262907331356 -1.156189505872266 -0.91376216881368755 0.374659613785501 520.50000000000011 0.63739501587282321 -0.15127596581705766 -0.41910171372920263 0.48859783913153293 1.0000000180025095e-35 0.24022776863144127 -0.26209650849449057 725.00000000000011 -0.57073716386881412 1.2384261987183143 -0.51276053226299689 -0.018476433364347004 0.70937287799286353 0.32314492347681328 -0.73742240252669 -0.48845363576198858 -0.31627665786898013 0.21488103080468626 -0.11234998322182151 0.31642714065922373 -0.47324043541061189 -0.65578807618889234
decision_type=2 2 2 2 2 2 2 2 2 2 2 2 2 2 2 2 2 2 2 2 2 2 2 2 2 2 2 2 2 2 2 2 2 2 2 2
left_child=2 13 8 -3 12 7 24 -5 9 10 -1 -12 -4 -2 15 -15 -9 27 32 20 -13 -18 -8 25 -7 34 -20 29 -29 -10 -31 -32 -19 -24 -11 -6
right_child=1 3 4 5 35 6 22 16 17 23 11 19 -14 14 -16 -17 21 18 26 -21 -22 -23 33 -25 -26 -27 -28 28 -30 30 31 -33 -34 -35 -36 -37
leaf_value=-0.015544681837286694 0.044569988488636164 0.030756287654508288 -0.015939639518044203 -0.032365149495569366 0.010939605499611938 -0.021280581591034922 0.0043208712050929613 0.014498047025140856 -0.0037082755956245098 -0.037418902071288403 -0.0082838806198141431 0.033223070439926089 0.015287594778409365 0 -0.0086456801618663946 0.038152961914590562 0.0027136395236835266 -0.028182274166616516 0.015665221211157557 0 0.0054167916700975163 -0.023114748109585161 0.037803242675420526 0 0.0041997940821961151 -0.0056622962193366207 -0.0083776825061096395 -0.032694502244786629 0.018254674351278869 -0.042849253275136473 -0.03273158302870284 0.0041963930714537653 -0.0023949345766082738 0.010883352075979114 -0.014869879603072891 0.031925791366357752
leaf_weight=7.8922132253646842 7.4572293609380749 6.0177893936634055 7.9204457998275775 4.7989772856235531 5.042818084359169 5.5148779302835464 9.1322242319583875 7.4538247436285081 4.7952957600355175 7.6375168263912236 6.2259242534637478 10.107338324189191 5.0516370534896851 5.2923159748315838 4.8029146045446387 8.4319000095128995 5.5122720599174446 5.0254348367452621 5.5076649934053403 5.5007710605859748 6.2399175912141791 5.993668869137764 5.7678183317184466 4.7891648262739173 5.2892620116472226 6.4591377973556527 4.7909455448389053 5.0204153507947922 4.793567553162573 10.285213753581049 5.0227183848619443 4.7836322486400604 5.2676246613264102 6.4982392489910126 5.9807310253381729 4.8152215629816038
leaf_count=33 31 25 33 20 21 23 38 31 20 32 26 42 21 22 20 35 23 21 23 23 26 25 24 20 22 27 20 21 20 43 21 20 22 27 25 20
internal_value=0 0.0116433 -0.00740414 0.00485117 0.0094202 0.00123089 0.00887082 -0.00879853 -0.0108407 -0.00472226 0.00556049 0.012184 -0.00304032 0.0264768 0.0161018 0.0251551 -0.000604724 -0.0171641 -0.00674628 0.0184311 0.0242926 -0.0113937 0.0183304 -0.0192927 -0.00932753 -0.0236461 0.00432874 -0.0226447 -0.00815758 -0.0273417 -0.032055 -0.0160202 -0.0174772 0.0267175 -0.0303708 0.0245812
internal_weight=226.919 87.9633 138.955 61.979 22.8301 55.9612 32.2024 23.7587 116.125 60.8327 35.9662 28.074 12.9721 25.9844 18.5271 13.7242 18.9598 55.2925 20.5917 21.848 16.3473 11.5059 21.3983 24.8666 10.8041 20.0774 10.2986 34.7008 9.81398 24.8869 20.0916 9.80635 10.2931 12.2661 13.6182 9.85804
internal_count=946 366 580 258 95 233 134 99 485 254 150 117 54 108 77 57 79 231 86 91 68 48 89 104 45 84 43 145 41 104 84 41 43 51 57 41
is_linear=0
shrinkage=0.03


Tree=2
num_leaves=34
num_cat=0
split_feature=19 32 3 44 12 12 45 45 27 16 34 42 28 45 34 44 40 20 36 40 55 55 13 55 38 1 19 43 1 19 13 47 58
split_gain=20.9504 8.81305 8.538 8.7965 6.79507 5.98507 5.33813 5.24069 7.9087 5.02347 9.1664 9.13241 6.48131 5.26254 4.93431 6.93515 3.8957 3.40718 3.24061 4.50129 3.04944 4.85185 2.964 2.66307 2.40946 2.2309 2.14986 1.53019 1.19298 1.46519 0.741095 0.629176 0.486664
threshold=0.42126907346391967 0.71968857318747459 -0.3893403480738995 -0.30483796248784162 -0.17230135707381519 -0.65957284015388462 -0.57787733303904065 0.32231552617404507 -0.74039038568043913 0.80418637708218554 -0.1199091205426029 -1.0664440246466538 -0.51366771299108993 0.35733817992716671 0.48859783913153293 0.68558005415840084 1.6222556366859242 -0.5931295158694484 -0.29262191197002957 0.34282417679388982 -0.044073455374425745 -0.653753661822712 0.24876840802995417 0.61294735109695875 -0.81224547651897094 -0.32949957165445082 -0.43920094642446345 -0.17800252475676173 2.0013074681146801 1.0358905162413363 -0.58841338682615041 -0.88943050563249193 0.86024855069273076
decision_type=2 2 2 2 2 2 2 2 2 2 2 2 2 2 2 2 2 2 2 2 2 2 2 2 2 2 2 2 2 2 2 2 2
left_child=1 9 4 7 28 17 -3 8 -4 10 11 27 24 32 20 26 25 -5 -14 -20 21 -12 -8 -19 -13 -7 -16 -1 29 -2 -10 -21 -11
right_child=2 6 3 5 -6 16 22 -9 30 13 14 12 18 -15 15 -17 -18 23 19 31 -22 -23 -24 -25 -26 -27 -28 -29 -30 -31 -32 -33 -34
leaf_value=-0.0047331429923354144 0.019068757884570107 -0.012020275912767903 0.024313103079129657 -0.01288198594597189 -0.0028649184270485911 0.012561277396899499 0.030245725166613762 -0.02746000032748027 -0.0034033933426395047 -0.034758912198447019 -0.02748333558864556 0.0043799300316975757 -0.018056621140388304 0.00099800734202560876 -0.0023578126255700779 0.022814541722897985 0 0.023244755361893299 0.022036836014785639 -0.013124975456220499 -0.035004710012689177 0.003699880598323946 0.0042197728645177899 -0.0038565777777060956 0.032171102342024457 0.039986586749864723 -0.02780369225976222 -0.029897189781364231 0.01243948018746615 0.048124303488517671 -0.02236292866521019 0 -0.012903958878378126
leaf_weight=5.003335565328598 6.7823600769043022 6.2175089120864895 6.260735124349595 7.9280011802911785 5.2886198312044135 7.2264901995658919 7.5009972453117397 7.4339549988508216 4.7810242176055908 12.570128634572034 7.6296344548463821 5.2811533361673346 5.7507368922233573 5.7513359934091559 7.1753789782524118 4.8011889010667792 5.2848682701587668 5.5454909205436689 6.9558586627245012 4.7892159223556519 12.60429388284683 7.6509192436933535 9.1399451196193677 4.8010280430316925 9.1511369943618757 9.1857808083295822 5.0035142451524743 5.7155852019786817 4.8327777385711661 7.9892036020755768 4.7737307101488113 5.2833677530288679 4.7794176489114752
leaf_count=21 28 26 26 33 22 30 31 31 20 53 32 22 24 24 30 20 22 23 29 20 53 32 38 20 38 38 21 24 20 33 20 22 20
internal_value=0 -0.00723587 0.0113341 0.00509522 0.0257615 0.0135052 0.00921131 -0.00906342 0.000866956 -0.0106071 -0.00717302 0.00185934 0.00905196 -0.0228795 -0.0166999 -0.00311243 0.0236264 0.000304378 -0.000903858 0.00555788 -0.0241884 -0.0125774 0.0178127 0.0112666 0.023748 0.030309 -0.015153 -0.0206652 0.0334231 0.0381399 -0.0151678 -0.00668489 -0.0305626
internal_weight=226.869 138.755 88.1141 63.2211 24.893 39.9717 22.8585 23.2494 15.8155 115.896 92.7953 47.9304 37.2115 23.1009 44.8649 16.9801 21.6971 18.2745 22.7792 17.0284 27.8848 15.2806 16.6409 10.3465 14.4323 16.4123 12.1789 10.7189 19.6043 14.7716 9.55475 10.0726 17.3495
internal_count=946 580 366 263 103 166 95 97 66 485 388 200 155 97 188 71 90 76 95 71 117 64 69 43 60 68 51 45 81 61 40 42 73
is_linear=0
shrinkage=0.03


Tree=3
num_leaves=30
num_cat=0
split_feature=16 32 43 61 33 54 16 57 29 47 47 52 43 33 35 38 49 2 25 43 24 49 55 46 37 58 46 55 47
split_gain=16.8185 10.5058 5.71346 7.2529 9.32759 7.62928 11.3602 7.37055 5.42029 5.51674 5.2506 4.40117 4.61026 4.03193 3.4982 3.26542 3.62669 3.96521 3.22229 2.78275 2.7429 2.72713 4.03535 4.94603 2.54695 2.253 0.857986 3.35831 0.160733
threshold=-0.6890648642249001 1.1806846780092439 1.0578902342883401 526.50000000000011 1.5840065709823301 0.40375806360500938 0.81419008605198606 1.0000000180025095e-35 -0.88572831291445675 -0.43108585254820314 0.64509644819713585 0.45042709807999587 -0.93639126326171029 -0.14565259564824365 1.4679551107345388 0.96819891828444626 -0.38042614841618866 -0.28628961188938179 0.39607605252823769 -0.17800252475676173 -0.41680023242987835 -0.5611811139620021 0.49897203569142529 -0.38336677267500113 0.16062090759579012 -1.0000000180025095e-35 -0.98124447973851281 -0.1899999262586709 -0.11925542147789292
decision_type=2 2 2 2 2 2 2 2 2 2 2 2 2 2 2 2 2 2 2 2 2 2 2 2 2 2 2 2 2
left_child=21 2 3 11 5 6 8 26 -5 -10 -11 12 25 -3 20 16 24 -18 -8 -9 -4 -1 23 -23 -14 -2 -7 -28 -13
right_child=1 13 14 4 -6 7 18 19 9 10 -12 28 15 -15 -16 -17 17 -19 -20 -21 -22 22 -24 -25 -26 -27 27 -29 -30
leaf_value=0.0015268159436727681 -0.0056793411626999057 0.033564139207503826 -0.014935636082775795 -0.0092021884996788001 -0.032803855985444122 -0.034068296580789553 -0.0036245734224138906 -0.0084629587275547001 0.037738883369043644 0.0037883532615709237 0.029966127280112453 -0.016334617935981736 -0.018007712322819912 0.0002937902603144462 0.02121454554146799 0.0010246937433048772 -0.0035384699496082642 -0.038413118199589355 -0.032870272982157438 0.018485560048454714 0.0094620810165598861 0.0074491211586252678 0 0.04075278503183969 0.0088513159731461767 0.018208243051453233 0.0035659532984149353 -0.025249627377813066 -0.038788643090808372
leaf_weight=6.7492312043905285 6.4570771753787994 7.4977263063192368 5.9791287034749985 7.8874918967485348 6.9140218943357459 5.7142144441604641 8.8011566549539548 4.7907343208789825 7.4618239402770916 30.4544281512499 7.9461922347545615 5.4741644412279129 4.7929923683404887 5.7814121097326261 9.132422059774397 6.9379477798938742 4.7850805819034532 10.987611934542663 5.2285230904817572 6.0279804468154889 7.6952569633722323 7.468226030468947 4.8140877038240424 12.346474200487135 4.7870686054229736 4.792176425456999 4.8050397336483028 8.0857829153537732 6.1794032305479032
leaf_count=28 27 31 25 33 29 24 37 20 31 127 33 23 20 24 38 29 20 46 22 25 32 31 20 51 20 20 20 34 26
internal_value=0 -0.00331316 -0.00527449 -0.00730892 -0.00249943 6.10848e-05 0.00565013 -0.0122692 0.0119809 0.0159267 0.0102785 -0.0159696 -0.0106922 0.020985 0.00826364 -0.0163049 -0.0210631 -0.0294064 -0.0170323 0.00648775 -0.00123229 0.0198658 0.0242856 0.0298896 -0.00466365 0.00497116 -0.0231449 -0.0148396 -0.0317628
internal_weight=226.775 195.397 182.118 159.311 104.117 97.2034 67.7796 29.4238 53.7499 45.8624 38.4006 55.1935 43.54 13.2791 22.8068 32.2907 25.3528 15.7727 14.0297 10.8187 13.6744 31.378 24.6288 19.8147 9.58006 11.2493 18.605 12.8908 11.6536
internal_count=946 816 761 666 435 406 283 123 224 191 160 231 182 55 95 135 106 66 59 45 57 130 102 82 40 47 78 54 49
is_linear=0
shrinkage=0.03


Tree=4
num_leaves=32
num_cat=0
split_feature=19 33 32 18 8 45 37 16 34 42 28 45 34 44 39 43 47 47 16 42 33 13 55 55 55 55 43 40 59 43 58
split_gain=19.3082 8.7153 8.06423 6.90703 5.4224 4.96554 4.85434 4.65117 8.63449 8.60845 6.12861 5.01686 4.81435 6.43309 4.63832 4.52708 8.70468 4.67025 5.51853 4.37956 3.24593 2.85694 2.8294 4.62454 2.42079 2.22705 2.05765 3.47412 1.77823 1.41326 0.486838
threshold=0.42126907346391967 -0.14565259564824365 0.71968857318747459 0.37080103456523422 1.4935984880359221 -0.57787733303904065 1.6233370505249989 0.80418637708218554 -0.1199091205426029 -1.0664440246466538 -0.51366771299108993 0.35733817992716671 0.48859783913153293 0.68558005415840084 -0.83922840769975704 0.49612079835874806 -0.87590418448822893 -0.8490579143869631 -0.52088995859484466 -1.0000000180025095e-35 -1.1958028039596631 0.24876840802995417 -0.044073455374425745 -0.653753661822712 0.28324723286172421 -0.84939042778326712 -0.62741807350043499 -0.42483469914133087 1.0000000180025095e-35 -0.17800252475676173 0.86024855069273076
decision_type=2 2 2 2 2 2 2 2 2 2 2 2 2 2 2 2 2 2 2 2 2 2 2 2 2 2 2 2 2 2 2
left_child=2 3 7 4 28 -4 15 8 9 29 25 30 22 20 -12 17 -17 -3 -19 24 -14 -7 23 -10 -16 -11 -20 -28 -2 -1 -9
right_child=1 6 5 -5 -6 21 -8 11 12 10 14 -13 13 -15 19 16 -18 18 26 -21 -22 -23 -24 -25 -26 -27 27 -29 -30 -31 -32
leaf_value=-0.0046767503547410451 0.017677649306826578 0.014777093790327512 -0.011761842309441606 0 0.0033169547026824578 0.029141739355167819 0.026651414227066406 -0.033790792187739997 -0.026967853201793197 0.0043288795884269685 -0.018169802301693367 0.0011642152575407512 -0.02881967491896513 0.022068876644230635 0.0019542812163854482 -0.0079187606589683802 0.031474618819191974 0.011422269195175324 -0.027675390151440028 -0.01110433852053249 0 0.003744314701997241 -0.034126555150321425 0.0034993349795960438 0.031909614290640341 0.031138734108670973 0.0084417559406979176 -0.021593740712729154 0.04639158502692127 -0.029049809763713585 -0.012335553003538993
leaf_weight=4.9992440789937973 6.5252797007560792 6.0146293491125098 6.2011349350214031 8.4249400347471219 5.8297346383333197 7.5481816232204464 5.575278788805007 12.420911073684698 7.5846887528896332 5.2832271158695212 7.6663555949926367 5.7427515089511862 5.4493297636508951 4.8275364488363257 5.0317431837320292 8.9047449976205844 8.4618408232927305 5.8312078863382366 10.481454715132715 5.2578446865081832 6.6502980291843423 9.1699341833591443 12.472318619489668 7.6617258638143557 4.8140946477651596 9.2067246884107572 5.2921684682369241 5.5290391296148274 11.447460815310476 5.6552936285734159 4.750869393348693
leaf_count=21 27 25 26 35 24 31 23 53 32 22 32 24 23 20 21 37 35 24 44 22 28 38 53 32 20 38 22 23 47 24 20
internal_value=0 0.0108481 -0.00697585 0.0229452 0.0307809 0.00872475 0.0033767 -0.0102153 -0.00690894 0.00184471 0.00880832 -0.0220801 -0.0161881 -0.00278132 -0.000879565 0 0.0119339 -0.00632793 -0.0117448 0.00838391 -0.0144779 0.0169958 -0.0236068 -0.0123569 0.019412 0.0230618 -0.0186836 -0.00717831 0.0384394 -0.0200958 -0.029644
internal_weight=226.712 88.3178 138.394 32.2274 23.8025 22.9193 56.0904 115.475 92.5604 47.9145 37.26 22.9145 44.6459 16.9272 22.77 50.5151 17.3666 33.1485 27.1339 15.1037 12.0996 16.7181 27.7187 15.2464 9.84584 14.49 21.3027 10.8212 17.9727 10.6545 17.1718
internal_count=946 366 580 133 98 95 233 485 388 200 155 97 188 71 95 210 72 138 113 63 51 69 117 64 41 60 89 45 74 45 73
is_linear=0
shrinkage=0.03


Tree=5
num_leaves=36
num_cat=0
split_feature=19 33 32 35 16 47 11 16 34 45 34 44 28 51 47 27 44 18 4 12 36 37 44 33 49 55 54 18 12 12 31 44 18 58 45
split_gain=18.3437 8.29717 7.67277 5.71491 5.59204 4.85881 4.60944 4.44492 8.22287 4.82042 4.60654 6.13579 4.59914 3.98065 4.23251 5.88596 3.9026 7.65555 5.62366 5.13135 3.88 3.25857 5.39825 3.12234 2.97383 2.71751 4.55898 2.69315 2.51192 2.84783 1.7834 0.908261 0.652457 0.459584 0.441142
threshold=0.42126907346391967 -0.39274676230975408 0.71968857318747459 -1.2366379678563675 0.27112488876080026 0.72432701270498467 -1.3039554893527614 0.80418637708218554 -0.1199091205426029 0.35733817992716671 0.48859783913153293 0.68558005415840084 -0.51366771299108993 1.0000000180025095e-35 -0.65055040596860947 -0.41910171372920263 -0.30483796248784162 -0.45876318332584054 -0.010936835674976501 -0.60739230145421275 0.374659613785501 0.32314492347681328 -1.0000000180025095e-35 -1.1958028039596631 -0.19967118287037519 -0.044073455374425745 0.075878509754343279 0.5405670959767267 -0.81555428916318096 -0.93931839292252084 -0.28936635183347975 -1.0000000180025095e-35 0.16027987434517713 0.86024855069273076 1.0020180660938038
decision_type=2 2 2 2 2 2 2 2 2 2 2 2 2 2 2 2 2 2 2 2 2 2 2 2 2 2 2 2 2 2 2 2 2 2 2
left_child=2 4 7 -3 6 20 -2 8 12 33 25 23 21 14 -14 -16 18 -18 27 28 -4 22 -1 -12 30 26 -10 -5 29 -19 -21 -17 -8 -9 -7
right_child=1 3 5 16 -6 34 32 9 10 -11 11 -13 13 -15 15 31 17 19 -20 24 -22 -23 -24 -25 -26 -27 -28 -29 -30 -31 -32 -33 -34 -35 -36
leaf_value=0.036640007873705027 0.0050880147225509705 0.028697685175978083 -0.015716703474702474 -0.034097586278260261 -0.00023015032597444444 0.030025970390434364 0.046293212639870567 -0.033146520182095442 0.0049130876497379163 0.0011363025872012011 -0.028293651702467913 0.021497425394057669 -0.014927030416044249 -0.022594921092247394 -0.011914956199283747 0.0082175770165817223 -0.02175026816889352 -0.0059585944414469096 0.0080060286139891895 0.043183651694404537 0.014210587530289072 -0.0033980539009128056 -0.0012657889856502957 0 0.0030344009114281422 -0.033469915228978867 -0.025438310018043066 -0.0037479164127025375 -0.014911595546791473 0.022275954360044051 0.011626332044367504 0.031983412427131146 0.018556316800168525 -0.012080222761804833 0.0097737493644202405
leaf_weight=6.7989367395639428 5.5907844752073332 6.0916933417320243 7.8978203386068362 5.9144076555967349 6.0430105924606314 4.8712643384933454 9.5477406680583936 12.313254609704023 6.9168922603130367 5.7441317588090888 5.4125662297010431 4.8467624038457862 7.8381545543670699 7.1319573223590842 5.4692475795745894 4.8112522214651134 5.535739228129386 5.0553845763206473 8.4163208454847318 5.5887111872434589 5.0873975455760956 6.0070662647485724 5.0449991226196298 6.6502980291843423 5.3327022492885616 12.366531535983084 8.2874016016721708 5.4905509352684021 5.046694114804267 4.8184536695480338 4.8591649681329736 4.809095636010162 5.0932773500680932 4.7376520633697501 5.0871630609035492
leaf_count=28 23 25 33 25 25 20 39 53 29 24 23 20 33 30 23 20 23 21 35 23 21 25 21 28 22 53 35 23 21 20 20 20 21 20 21
internal_value=0 0.0105665 -0.00680672 0.00424294 0.0242711 0.00849271 0.0313762 -0.00997559 -0.00674218 -0.0216086 -0.0158218 -0.00270287 0.00179032 -0.00519073 0.00103245 0.0102842 0.000802634 0.00667308 -0.00936262 0.0127589 -0.00332007 0.0133471 0.0217169 -0.0141709 0.0238871 -0.0231068 -0.0120701 -0.0220856 0 0.00841305 0.0323112 0.0233491 0.0396371 -0.0290667 0.0228377
internal_weight=226.554 88.4246 138.13 62.1498 26.2748 22.9436 20.2318 115.186 92.3912 22.795 44.4805 16.9096 47.9107 30.0597 22.9277 15.0896 56.0581 36.2368 19.8213 30.7011 12.9852 17.851 11.8439 12.0629 15.7806 27.5708 15.2043 11.405 14.9205 9.87384 10.4479 9.62035 14.641 17.0509 9.95843
internal_count=946 366 580 258 108 95 83 485 388 97 188 71 200 126 96 63 233 150 83 127 54 74 49 51 65 117 64 48 62 41 43 40 60 73 41
is_linear=0
shrinkage=0.03


Tree=6
num_leaves=35
num_cat=0
split_feature=19 32 3 44 12 12 45 27 48 46 23 34 0 40 32 36 36 41 44 40 18 45 44 23 55 44 54 34 32 46 45 31 29 0
split_gain=17.4108 7.33053 7.13082 7.69608 6.26631 5.31275 5.0149 7.17713 4.61768 3.94976 7.35027 4.41273 4.21081 6.6632 4.28573 3.69919 3.648 4.29109 3.83843 3.56617 3.92379 3.30071 2.53572 2.52986 2.21089 3.0691 6.42035 1.75659 2.88322 2.0731 1.24688 0.926851 0.771523 0.419485
threshold=0.42126907346391967 0.71968857318747459 -0.3893403480738995 -0.30483796248784162 -0.17230135707381519 -0.65957284015388462 0.32231552617404507 -0.74039038568043913 0.79051744199496154 -0.31677321231612332 -0.25119922446298465 0.64072457905006697 0.49622285136139804 0.93684592602947714 -0.95142230679143824 0.374659613785501 -0.29262191197002957 -0.82964665692312123 -0.80004697081096265 1.6222556366859242 0.63727090770412975 0.8702920955663207 0.10783621111475934 -0.25119922446298465 0.70937287799286353 -1.0000000180025095e-35 0.15614984381680139 -0.19597249050187002 -0.43280168886694809 0.53483434018987164 0.35733817992716671 1.3719498105538201 0.24022776863144127 -0.65578807618889234
decision_type=2 2 2 2 2 2 2 2 2 2 2 2 2 2 2 2 2 2 2 2 2 2 2 2 2 2 2 2 2 2 2 2 2 2
left_child=1 9 4 6 30 22 7 -4 15 10 16 12 13 14 -11 -3 17 -1 -19 20 -7 27 -5 -24 25 26 -12 28 -16 -29 -2 -32 -9 -10
right_child=2 8 3 5 -6 19 -8 32 33 11 24 -13 -14 -15 21 -17 -18 18 -20 -21 -22 -23 23 -25 -26 -27 -28 29 -30 -31 31 -33 -34 -35
leaf_value=-0.018633625013643178 0.010706164962216616 -0.015363252573802598 0.023210141730808497 0.014242820986083867 -0.0037702505019454068 0.038360127265586658 -0.026781405819149125 -0.0027311724683673866 0.0095026641517145585 1.4257025532630427e-06 0.0085211689630852617 0.0077324127686637829 -0.038462026833083772 0.010281508811407455 -0.024260634046995497 0.013855127152755407 0.022037108449535586 0.025665425068183718 -0.005826289641602196 0 0.0057213530627008256 0 0.004924664192887767 -0.019456807897422306 -0.030951293878896058 0.0057578086455100669 -0.031009094498879581 -0.038542011299899384 0.0029181482675487017 -0.01029249651809889 0.04241648793978775 0.016289034236778674 -0.021653190543416193 0.029271631314727015
leaf_weight=5.9592166543006924 4.8863408565521302 7.8720367103815096 6.3009199798107156 6.034094691276553 5.3227651864290229 10.522725746035581 7.3727398514747611 4.7454308271408081 5.0970602780580521 9.0163526087999326 4.7959437519311949 5.9666434526443473 6.5639947950839987 7.780760169029235 6.7930698096752167 5.0996732711791992 8.6170125603675825 5.3057240396738079 5.7443174868822089 5.3066586107015601 6.0631877332925788 4.7644163668155661 6.2600224763154992 6.0084839910268757 4.7013830840587607 7.3621451854705819 8.2258725315332395 13.098607674241075 4.9796964228153175 5.2097786068916312 9.3241099864244443 5.6350504457950583 4.7313514947891235 4.8919952064752561
leaf_count=25 20 33 26 25 22 43 31 20 21 38 20 25 28 33 29 21 36 22 24 22 25 20 26 25 20 31 35 56 21 22 38 23 20 20
internal_value=0 -0.00663235 0.0102949 0.00457537 0.0233984 0.0124053 -0.0087037 0.000988237 0.00830915 -0.0097387 -0.00318769 -0.0146331 -0.0171629 -0.0133336 -0.0178564 -0.00321632 0.00775712 -0.000352685 0.0100768 0.0218792 0.0282244 -0.0224516 0 -0.00739918 -0.014401 -0.0084498 -0.0166606 -0.0259651 -0.0132818 -0.0321944 0.0307192 0.0353204 -0.0143927 0.0222641
internal_weight=226.36 137.846 88.5139 63.3456 25.1683 40.1952 23.1504 15.7777 22.9608 114.885 50.7116 64.1733 58.2067 51.6427 43.8619 12.9717 25.6263 17.0093 11.05 21.8926 16.5859 34.8456 18.3026 12.2685 25.0853 20.384 13.0218 30.0812 11.7728 18.3084 19.8455 14.9592 9.47678 9.98906
internal_count=946 580 366 263 103 166 97 66 95 485 213 272 247 219 186 54 107 71 46 90 68 148 76 51 106 86 55 128 50 78 81 61 40 41
is_linear=0
shrinkage=0.03


Tree=7
num_leaves=34
num_cat=0
split_feature=19 33 32 35 16 45 11 38 59 16 16 34 41 45 34 43 46 29 3 19 46 19 55 55 40 29 43 39 55 43 26 18 58
split_gain=16.5171 7.78148 7.00759 5.31243 5.15839 4.48332 4.37955 4.27501 9.44747 4.37607 4.18424 7.62155 7.66558 4.56705 4.33762 5.56962 3.56564 5.80696 3.5152 3.62667 3.38712 2.9312 2.65226 4.40676 2.60674 2.21424 2.20033 2.17533 1.90209 1.4312 0.89603 0.565669 0.441829
threshold=0.42126907346391967 -0.39274676230975408 0.71968857318747459 -1.2366379678563675 0.27112488876080026 -0.57787733303904065 -1.3039554893527614 -0.21876401158449874 0.30066804792850693 -1.0000000180025095e-35 0.80418637708218554 -0.1199091205426029 -1.156189505872266 0.35733817992716671 0.48859783913153293 1.0000000180025095e-35 -0.027409933023279674 0.52171678901791596 -0.42074954621252464 0.91296622768585289 -1.0233342144671769 1.0358905162413363 -0.044073455374425745 -0.653753661822712 -0.42483469914133087 0.52171678901791596 -0.17800252475676173 -0.20435068010456722 0.16733311589429667 0.49612079835874806 -0.35258676288711405 0.16027987434517713 0.86024855069273076
decision_type=2 2 2 2 2 2 2 2 2 2 2 2 2 2 2 2 2 2 2 2 2 2 2 2 2 2 2 2 2 2 2 2 2
left_child=2 4 10 -3 6 -4 -2 18 9 -9 11 12 26 32 22 -16 17 20 -5 -20 -14 -11 23 -13 -7 -21 -1 -18 -26 -10 -22 -8 -12
right_child=1 3 5 7 -6 24 31 8 29 21 13 14 16 -15 15 -17 27 -19 19 25 30 -23 -24 -25 28 -27 -28 -29 -30 -31 -32 -33 -34
leaf_value=-0.0017464577843010745 0.0045750269928815906 0.02740306475060994 -0.011357762870227908 0.011030847389728793 -0.00024611432717933714 0.029306265333409583 0.044396095688974832 -0.020056725073125583 0.01278064057521465 -0.005757479341028539 -0.03219074393496809 -0.025834548667958 0.0014849735449579064 0.0012215509538686055 -0.01764769947138389 0.014101028676016151 -0.015214190752135417 -0.0081177313608961719 0 -0.03710054843066328 0.037473907368599159 0.020551212449012517 -0.032543351612726854 0.0039608961604118073 -0.0068281533041134089 -0.0067531505925857629 -0.029107936571284354 0.0073830623844562378 0.015589519964106655 0.039388590442461999 0.01227062513895695 0.017880171642189132 -0.011599217704345058
leaf_weight=5.2318395972251892 5.6090244799852416 6.1308992952108374 6.1726193577051189 4.8736485540866878 6.0415476113557807 6.3566649705171629 9.6177775263786298 8.1553557813167554 7.0507897287607175 6.9920543134212512 12.137450128793722 7.4766547232866287 5.558340162038804 5.7393454611301413 8.9169700443744677 7.9410900175571433 6.1659708023071289 6.2123544514179221 8.3405618816614169 5.2121793627738935 8.0348799377679807 5.3321907371282578 12.20153972506523 7.6283278316259402 5.0891038477420771 5.250886082649231 5.8428348153829557 5.984392896294592 5.3555730879306793 4.8709419369697571 4.8332793861627623 5.1114056706428537 4.7112148702144614
leaf_count=22 23 25 26 20 25 26 39 34 29 29 53 32 23 24 38 33 26 26 35 22 33 22 53 32 21 22 25 25 22 20 20 21 20
internal_value=0 0.0100216 -0.00646725 0.00389852 0.0232594 0.00813066 0.0300539 0.000577698 0.00761295 -0.00464694 -0.00951219 -0.00637582 0.00182384 -0.0208486 -0.0151617 -0.00243525 0.00855393 0.0148781 -0.00869141 -0.014536 0.0229596 0.00618601 -0.0222743 -0.0114274 0.0159624 -0.0251286 -0.0184094 -0.00405658 0.00467854 0.0272861 0.0306944 0.0380672 -0.0281789
internal_weight=226.18 88.5893 137.59 62.2095 26.3798 22.974 20.3382 56.0786 32.4013 20.4796 114.616 92.0285 47.8639 22.588 44.1646 16.8581 36.7892 24.6389 23.6773 18.8036 18.4265 12.3242 27.3065 15.105 16.8013 10.4631 11.0747 12.1504 10.4447 11.9217 12.8682 14.7292 16.8487
internal_count=946 366 580 258 108 95 83 233 134 85 485 388 200 97 188 71 153 102 99 79 76 51 117 64 69 44 47 51 43 49 53 60 73
is_linear=0
shrinkage=0.03


Tree=8
num_leaves=35
num_cat=0
split_feature=19 42 32 45 3 43 12 47 46 16 34 42 28 45 39 34 44 42 32 49 20 36 19 55 54 31 55 58 31 38 43 58 32 27
split_gain=15.7118 6.7012 6.6744 4.27962 4.14603 6.49351 6.0036 4.15319 5.33578 4.00071 7.25887 7.8421 5.47611 4.39271 4.28734 4.15445 5.62052 4.05006 3.96555 3.72243 3.61682 5.20135 3.2939 2.5524 4.28367 2.54298 2.27059 2.24103 3.83059 2.07877 1.29528 0.419347 0.379923 0.112727
threshold=0.42126907346391967 1.6569597596732979 0.71968857318747459 -0.67205924563503305 -0.3893403480738995 -0.17800252475676173 -0.21075645939568904 -0.34105544309111152 0.11275895563622658 0.80418637708218554 -0.1199091205426029 -1.0664440246466538 -0.51366771299108993 0.35733817992716671 -0.83922840769975704 0.48859783913153293 0.68558005415840084 -1.0000000180025095e-35 0.25869246836570547 -0.19967118287037519 -0.5931295158694484 1.0000000180025095e-35 1.0358905162413363 -0.044073455374425745 0.075878509754343279 0.74895624965858276 0.28324723286172421 -0.80565754747579155 0.95662076995699519 -0.81224547651897094 -0.17800252475676173 0.86024855069273076 -0.43280168886694809 -0.41910171372920263
decision_type=2 2 2 2 2 2 2 2 2 2 2 2 2 2 2 2 2 2 2 2 2 2 2 2 2 2 2 2 2 2 2 2 2 2
left_child=2 4 9 -4 6 20 22 18 -9 10 11 30 29 31 -14 23 25 26 19 32 33 -22 -2 24 -12 -17 -16 -5 -29 -13 -1 -11 -7 -6
right_child=1 -3 3 27 5 7 -8 8 -10 13 15 12 14 -15 17 16 -18 -19 -20 -21 21 -23 -24 -25 -26 -27 -28 28 -30 -31 -32 -33 -34 -35
leaf_value=-0.0044611204315777864 0.0073392345915348428 0.03341741253257343 -0.013439592527955012 0 -0.010035098740922696 0.0076241454047234723 -0.007171586967754837 -0.00034750193659137385 0.035568537368885558 -0.031602462946133884 0.0052039577258964015 0.0038321020564318097 -0.01749353548838093 0.0011922534142745445 0.0017521898230380484 0.0015168187201839687 0.020679384726413091 -0.010693190130295642 -0.015011448326597555 -0.0088961333241349885 -0.014081640359092878 0.017973281075317132 0.039360584862632435 -0.031943208835092364 -0.024265502714868704 -0.023869348450424037 0.030708353421749792 0.00087166297489789195 0.034591087678451919 0.029562669250071266 -0.027944920400907 -0.011359844404356096 0.025486735375247448 -0.027009224435661141
leaf_weight=4.986059382557869 6.1429924368858355 8.3488095253705961 4.9715688526630428 5.849776998162274 5.0215407609939575 4.8250927180051768 5.097204014658927 5.3514984101057079 8.5443040281534177 12.022159948945051 6.8945944458246258 5.3021089285612097 7.60818788409233 5.7408004552125922 5.0359733104705775 5.2020485103130358 4.8720555901527396 5.2333561480045363 6.7377797961235038 4.8099422007799157 8.3296731114387494 6.9685759097337714 7.9104758501052856 12.087764546275137 8.1667272448539716 6.7656482756137848 4.8465047627687454 5.5803515911102259 6.5890860706567764 9.2755764871835691 5.5638121515512449 4.6979839950799933 5.6106617599725723 4.9477464854717272
leaf_count=21 25 34 21 24 21 20 21 22 35 53 29 22 32 24 21 22 20 22 28 20 35 29 32 53 35 29 20 23 27 38 24 20 23 21
internal_value=0 0.00977343 -0.00631209 0.00792232 0.006674 0.00256571 0.0183618 0.010662 0.0226607 -0.00929257 -0.00622435 0.00176886 0.00839212 -0.0204128 -0.000784035 -0.014823 -0.00236424 0.00808517 0.001859 0.0103499 -0.00865985 0.000463749 0.027807 -0.0218129 -0.0111635 -0.0134492 0.0186553 0.0147034 0.0213602 0.0218079 -0.0192809 -0.0276475 0.0197265 -0.0214131
internal_weight=225.938 88.6463 137.292 22.9908 80.2975 61.1468 19.1507 35.8793 13.8958 114.301 91.8404 47.8516 37.3017 22.4609 22.724 43.9888 16.8398 15.1158 21.9835 15.2457 25.2675 15.2982 14.0535 27.1491 15.0613 11.9677 9.88248 18.0192 12.1694 14.5777 10.5499 16.7201 10.4358 9.96929
internal_count=946 366 580 95 332 254 78 148 57 485 388 200 155 97 95 188 71 63 91 63 106 64 57 117 64 51 41 74 50 60 45 73 43 42
is_linear=0
shrinkage=0.03


Tree=9
num_leaves=34
num_cat=0
split_feature=19 33 32 18 8 37 26 61 23 55 47 16 34 42 50 28 45 34 44 36 39 36 26 47 33 55 55 45 37 45 43 16 58
split_gain=14.9088 7.17525 6.35091 5.76783 4.73463 4.17862 4.34572 4.64221 6.08134 5.14328 4.1466 3.82818 6.90932 7.49779 5.56101 5.89135 4.22656 3.984 5.35609 3.66803 4.04014 3.47105 3.39019 3.25258 2.94993 2.46073 4.23442 2.18551 2.03825 1.39685 1.24534 0.507359 0.398671
threshold=0.42126907346391967 -0.14565259564824365 0.71968857318747459 0.37080103456523422 1.4935984880359221 1.6233370505249989 -1.3178161430750968 595.00000000000011 -0.5671324835039554 -0.61976200106449386 0.72432701270498467 0.80418637708218554 -0.1199091205426029 -1.0664440246466538 0.73973154030395982 -0.51366771299108993 0.35733817992716671 0.48859783913153293 0.68558005415840084 -0.29262191197002957 -0.83922840769975704 0.374659613785501 -0.26209650849449057 -0.29864096036001259 -1.1958028039596631 -0.044073455374425745 -0.653753661822712 0.067094196656260083 1.0000000180025095e-35 1.1371143772201699 -0.17800252475676173 -0.37948236105443095 0.86024855069273076
decision_type=2 2 2 2 2 2 2 2 2 2 2 2 2 2 2 2 2 2 2 2 2 2 2 2 2 2 2 2 2 2 2 2 2
left_child=2 3 11 4 29 6 -3 8 -8 -9 21 12 13 30 15 28 32 25 24 -17 -21 -4 -22 -11 -19 26 -14 -10 -15 -2 -1 -12 -13
right_child=1 5 10 -5 -6 -7 7 9 27 23 31 16 17 14 -16 19 -18 18 -20 20 22 -23 -24 -25 -26 -27 -28 -29 -30 -31 -32 -33 -34
leaf_value=-0.0043616248723985394 0.040100814645268636 -0.01729355754689552 -0.015011900850996717 -0.00033309349489503301 0.0021613661345262036 0.024206769736391999 0.016767602906884376 -0.0092655117150677382 -0.0016485936522274757 0.0051821552466642549 0.0083820442844278007 -0.031033457163147451 -0.025121575451367645 0.030301506186720943 0.031819872656877794 -0.026555432426530357 0.0011636642947233482 -0.027026380281145016 0.020155087080314132 -0.018381113190115754 0.025165189852544803 0.013287131280783345 -0.0052977696448436792 0.031439795447603155 0.00019310927479236184 -0.031363142914292548 0.0041254259060376089 -0.028663571083339022 0.0039788582849169364 0.012929303281781629 -0.027452279097054194 0.027993900237827319 -0.011125598447618922
leaf_weight=4.981098935008049 13.295427203178411 9.2994912415742856 7.8397756218910235 8.4419176876544935 5.87080393731594 5.6446181386709204 4.8345894664526012 6.254807546734809 5.0584534257650358 9.3944230228662509 5.1338202208280563 11.904599159955984 7.402219220995903 5.1465958058834058 5.825544372200965 4.735013514757159 5.7422169744968405 5.3120113164186487 4.8876074850559226 4.9834360778331748 5.3145758211612693 5.1138491034507751 5.0257260948419598 9.0185944139957446 6.6153394430875787 11.971497252583502 7.6152642816305178 6.6588902026414871 6.2973466515541077 4.9316133707761756 5.5213099122047407 4.9209799319505674 4.6847752779722205
leaf_count=21 54 39 33 35 24 23 20 26 21 39 21 53 32 21 24 20 24 23 20 21 22 21 21 37 28 53 32 28 26 20 24 20 20
internal_value=0 0.00951312 -0.00616003 0.0204198 0.0275178 0.00272327 -0.000190585 0.00399926 -0.00767005 0.0120494 0.00771264 -0.00907652 -0.00607356 0.00171652 0.0081821 0.00238158 -0.0199891 -0.0144874 -0.00228196 -0.00713529 0.000341513 -0.00320533 0.011057 0.0197438 -0.0131476 -0.0213606 -0.0108996 -0.0189656 0.0184199 0.0345954 -0.0189145 0.0208877 -0.027132
internal_weight=225.678 88.7036 136.975 32.5398 24.0978 56.1639 50.5192 41.2198 16.5519 24.6678 23.0084 113.966 91.6346 47.8306 37.3282 31.5027 22.3316 43.8039 16.815 20.0588 15.3237 12.9536 10.3403 18.413 11.9274 26.989 15.0175 11.7173 11.4439 18.227 10.5024 10.0548 16.5894
internal_count=946 366 580 133 98 233 210 171 69 102 95 485 388 200 155 131 97 188 71 84 64 54 43 76 51 117 64 49 47 74 45 41 73
is_linear=0
shrinkage=0.03


Tree=10
num_leaves=32
num_cat=0
split_feature=19 33 16 18 44 55 25 2 26 39 18 40 55 43 28 20 29 46 36 29 31 61 38 55 43 20 55 59 20 12 55
split_gain=14.1426 6.77725 6.09433 5.4566 4.77687 8.05927 6.22813 4.45165 4.30326 4.26558 5.31464 4.13597 8.14836 4.04397 4.09086 4.06384 3.85362 3.97819 3.62085 3.54644 3.97608 5.00811 6.252 5.42001 3.2414 2.23594 2.00475 1.75891 1.486 0.623849 0.470748
threshold=0.42126907346391967 -0.14565259564824365 -0.78567314496553742 0.37080103456523422 -0.55244246664940211 -1.112226159348251 -0.61783966767073573 1.1423454619916023 -0.83520145298110537 0.55750259300966098 0.28267721589948219 1.1104830527291107 0.61294735109695875 0.49612079835874806 0.1771456832741484 -0.5931295158694484 1.0000000180025095e-35 -1.0000000180025095e-35 1.0000000180025095e-35 1.3661838501773398 -1.5815011448013794 631.50000000000011 0.077976720882737355 -0.60931885072239533 -0.17800252475676173 0.48746850437609474 -0.37061532497390398 1.0000000180025095e-35 0.75761800943748059 -0.12195055596950521 -1.4553788204743137
decision_type=2 2 2 2 2 2 2 2 2 2 2 2 2 2 2 2 2 2 2 2 2 2 2 2 2 2 2 2 2 2 2
left_child=2 3 -1 7 5 30 -7 27 -8 10 28 12 16 15 -15 -11 17 -12 -18 20 -3 22 26 -23 -25 -26 -22 -2 -6 -14 -4
right_child=1 19 4 -5 9 6 8 -9 -10 13 11 -13 29 14 -16 -17 18 -19 -20 -21 21 23 -24 24 25 -27 -28 -29 -30 -31 -32
leaf_value=0.016037665715236876 0.014554419881970789 -0.022780616053862709 -0.0073677092835180442 -0.00032462561218411036 -0.036331536903408707 -0.011210834934783557 -0.00041871914372780067 0.0021091913793677697 0.028694411764795976 -0.027701748857590996 0.022563968306304815 0.0084597864925539858 -0.034370506504621381 0.02904778686567222 -0.0049913199820425828 0.0025344010165432441 -0.026262204975603668 -0.0060527406355676081 0.0016063786195021881 0.01821012491801818 -0.0050330318455590502 -0.010594594219657442 0.0088083258293144388 0.00049565807191716987 0.040639714696686938 0.0089603534349135885 -0.033563657955923282 0.041055651933464957 -0.010433554112582543 -0.012122386261616196 -0.026521530263580936
leaf_weight=8.9281160533428174 6.6277998685836854 4.9671083986759177 4.7120535373687744 8.4414069503545743 10.652851387858389 7.1975302100181606 6.1881364583969143 5.8726250380277625 12.21828970313072 5.3345331698656073 6.4342342317104277 8.0133861154317838 11.113555759191511 5.029395863413809 4.9815436452627182 8.3565294891595858 7.4810073226690275 8.1733477115631175 6.8600542992353439 9.2645456045865995 4.9986030757427216 5.7697632014751425 9.1841361224651319 5.7514671683311489 5.6539033055305499 5.105343371629715 5.4591698944568652 11.65842545032501 5.1886134743690482 4.8636094331741324 4.905541464686392
leaf_count=37 27 21 20 35 46 31 26 24 51 23 27 34 48 21 21 35 32 35 29 38 21 24 38 24 23 21 23 47 22 21 21
internal_value=0 0.00926122 -0.00600873 0.0198487 -0.00776479 0.00145035 0.0103643 0.0267383 0.0193113 -0.0113053 -0.0150179 -0.00977511 -0.0133251 -4.10714e-05 0.0131452 -0.0104238 -0.00315134 0.00710706 -0.0136627 0.00265408 -0.00076474 0.00240243 -0.00814371 0.0118792 0.0202942 0.0290327 -0.0227704 0.0335851 -0.0298313 -0.0295629 -0.0199372
internal_weight=225.387 88.7543 136.632 32.6003 127.704 35.2216 25.604 24.1589 18.4064 92.4827 68.7807 52.9392 44.9258 23.702 10.0109 13.6911 28.9486 14.6076 14.3411 56.154 46.8895 41.9224 19.6419 22.2805 16.5107 10.7592 10.4578 18.2862 15.8415 15.9772 9.6176
internal_count=946 366 580 133 543 149 108 98 77 394 294 226 192 100 42 58 123 62 61 233 195 174 82 92 68 44 44 74 68 69 41
is_linear=0
shrinkage=0.03


Tree=11
num_leaves=37
num_cat=0
split_feature=19 33 32 35 35 23 55 38 59 28 48 9 34 41 46 39 24 39 27 36 24 55 56 46 37 46 48 12 48 32 14 19 19 0 59 44
split_gain=13.443 6.51098 5.96334 4.87969 3.9006 4.65161 5.11355 3.8383 8.60647 4.54378 3.82019 3.68157 4.95291 5.09113 5.47895 3.64368 3.41995 4.20876 3.35701 3.28843 2.87621 2.79671 2.53391 2.45615 3.62505 2.02928 2.2362 1.79166 1.44034 1.30465 1.94415 1.15837 0.730921 0.530783 0.410577 0.353583
threshold=0.42126907346391967 -0.39274676230975408 0.71968857318747459 -1.2366379678563675 -0.82054672499622816 1.9603335888238116 0.84310378846066403 -0.21876401158449874 0.30066804792850693 -0.97420997716791558 0.79051744199496154 -1.0263001064439596 -0.1199091205426029 -1.156189505872266 0.071831262907331356 -0.077375134585529123 -0.41680023242987835 -0.20435068010456722 -0.41910171372920263 0.374659613785501 -0.41680023242987835 -0.91376216881368755 -0.75985927846802337 -0.63710607137670294 -1.0000000180025095e-35 0.40712113675873551 1.0027499684702208 -0.21405670601994223 -1.0339378162579833 -0.43280168886694809 -0.71956138716408879 0.91296622768585289 0.91296622768585289 -0.65578807618889234 0.30066804792850693 0.43797554999684013
decision_type=2 2 2 2 2 2 2 2 2 2 2 2 2 2 2 2 2 2 2 2 2 2 2 2 2 2 2 2 2 2 2 2 2 2 2 2
left_child=2 4 11 -3 -2 6 -6 9 16 -5 19 -1 13 22 21 28 -9 32 -11 -4 -10 -15 -13 24 -23 26 29 -27 -16 -14 -31 -20 -18 -12 -25 -32
right_child=1 3 10 7 5 -7 -8 8 20 18 33 12 25 14 15 -17 17 -19 31 -21 -22 23 -24 34 -26 27 -28 -29 -30 30 35 -33 -34 -35 -36 -37
leaf_value=-0.02925962388945056 0 0.025857583570562916 -0.014507046982140554 -0.030895811569199811 0.045028000801310593 1.3770897185188147e-05 0.0052860354333287354 -0.021891004613725507 0.0047849863236767284 0.012954394599913006 0.007861980708808983 -0.0026578211132561452 -0.006519637187868626 -0.0050199788076577025 -0.0028229721636921883 0.0092207687056066589 0.0027683481831937257 -0.016034299210849503 0 0.013053392714145988 0.036624421825113308 0.021378857201024757 -0.030607710846562903 0.034742629359694646 -0.0078133034316346418 -0.011822576993780828 -0.00047212768524576007 0.0090296438795707794 -0.026166281847035389 -0.0058330158316836278 -0.032704430145100272 -0.017752069768978408 0.021133146245123628 0.027251179138131708 0.012084761372540529 -0.013767905927234272
leaf_weight=6.186598911881446 6.1249460875988033 6.1659017354249945 7.7982910573482531 4.7041861116886166 10.623616173863413 4.9099774956703177 4.8950885832309714 5.7139960378408423 5.093035951256752 7.5001740455627504 5.1494794338941574 6.7927413582801819 7.78636914491653 5.7005365490913382 4.8813195973634729 5.2468813806772223 4.8174660503864271 5.0835296660661724 4.7395679503679222 5.1194947212934494 6.9114001244306547 5.5880302786827087 5.0476607084274274 4.8563897758722323 6.719445466995241 6.3461845964193344 7.0158439427614203 5.3863052576780301 6.4245376884937295 6.190437600016593 12.372082024812707 6.6513607949018478 4.8488203883171082 4.9351068735122663 4.8207866847515106 6.0293235033750525
leaf_count=27 25 25 33 20 43 20 20 24 21 31 21 29 34 24 21 22 20 21 20 21 28 23 22 20 28 27 30 23 28 27 54 28 20 20 20 26
internal_value=0 0.0090148 -0.00587635 0.00339951 0.0210752 0.0269873 0.0344155 0.000215887 0.00688248 -0.00858164 0.00755676 -0.00871667 -0.00708859 -0.000750608 0.00391865 -0.00903788 -0.00481813 0.00283678 -0.000866813 -0.00294663 0.0255923 0.0119372 -0.0171246 0.0166294 0.00588905 -0.0137069 -0.0168916 -0.00185764 -0.0180675 -0.0200939 -0.0235399 -0.0108811 0.0141192 0.0201684 0.0271288 -0.0283066
internal_weight=225.177 88.7831 136.394 62.2294 26.5536 20.4287 15.5187 56.0635 32.4682 23.5953 23.0024 113.391 107.205 56.0783 44.2379 16.5527 20.4638 14.7498 18.8911 12.9178 12.0044 27.6852 11.8404 21.9847 12.3075 51.1265 39.3941 11.7325 11.3059 32.3782 24.5918 11.3909 9.66629 10.0846 9.67718 18.4014
internal_count=946 366 580 258 108 83 63 233 134 99 95 485 458 237 186 71 85 61 79 54 49 115 51 91 51 221 171 50 49 141 107 48 40 41 40 80
is_linear=0
shrinkage=0.03


Tree=12
num_leaves=32
num_cat=0
split_feature=19 33 16 16 44 54 54 38 19 38 34 44 26 42 41 31 59 38 37 42 24 54 54 31 41 39 20 54 46 12 18
split_gain=12.7763 6.16032 5.68237 4.57737 4.56239 8.29302 6.22231 4.14478 4.05299 5.71949 4.22718 4.79014 3.92146 3.89181 3.7551 2.95954 5.56814 6.36442 4.81632 5.79677 5.41079 2.13693 2.0285 1.9837 6.22825 2.47137 1.77459 1.71952 1.62547 1.40156 0.856773
threshold=0.42126907346391967 -0.39274676230975408 -0.78567314496553742 0.27112488876080026 -0.55244246664940211 0.14337734912784608 -0.27419035029275179 -0.69684630278171245 -1.2996709663128463 0.96819891828444626 0.64072457905006697 0.68558005415840084 1.2159109799183589 0.66663111082967896 -0.25819667126211748 -0.28936635183347975 0.30066804792850693 -0.14457882846768974 0.16062090759579012 -1.0664440246466538 -0.41680023242987835 0.62474535722824953 -0.90862402617263383 -0.70469539243030466 -1.156189505872266 0.43052704749062276 -0.8632790209308342 -1.1211838096938067 -0.16095970272301199 -0.2514917156003163 0.70257482371383351
decision_type=2 2 2 2 2 2 2 2 2 2 2 2 2 2 2 2 2 2 2 2 2 2 2 2 2 2 2 2 2 2 2
left_child=2 3 -1 12 5 6 7 -4 9 14 23 29 -2 -7 -6 18 21 -18 20 -20 -3 -17 -21 24 -10 28 -27 -26 -25 -12 -30
right_child=1 15 4 -5 8 13 -8 -9 10 -11 11 -13 -14 -15 -16 16 17 -19 19 22 -22 -23 -24 25 27 26 -28 -29 30 -31 -32
leaf_value=0.01551094564046011 0.037931804871905332 -0.019185800377426301 -0.010524381740640042 -0.0013164839878882192 -0.024659381867953648 -0.025849963622169424 0.03559342159921286 0.018105663622300542 -0.030521844488616626 0.024983965763217396 -0.021866289309774301 0.018799245316159046 0.0090874279910741988 0.0047888253856358427 0.0046329482042451993 -0.024489657172877152 -0.0089532247878121377 0.03178397341848456 -0.0057375883065612305 0.008736080449145393 0.011945433302429464 0 0.035970214929876614 -0.0084459138883571303 -0.0075540692135512792 -0.019302879504524133 0.0019783162192740481 0.012913614695864455 -0.033555120497430979 0 -0.012440175340183596
leaf_weight=8.9545718580484372 11.408147990703588 8.0721718817949313 9.018940404057501 6.0748973190784445 5.6013757735490808 9.0004971623420698 5.9613818228244808 6.4602049589157096 5.3915554732084301 5.0042682439088813 4.7240107208490363 5.8472926169633856 9.1105724275112134 4.7000698894262305 7.3893074095249185 8.6126166731119174 6.0370954722166061 4.9349972605705243 5.7310928255319622 5.7513565868139276 8.9761978238821012 5.3158863931894293 8.7744317650794947 6.5066756755113557 4.6983389407396325 4.5421627163887024 6.8517523705959302 7.3053274303674671 17.439802542328845 4.941286399960517 5.7820387482643119
leaf_count=37 46 34 38 25 24 39 25 27 24 21 20 24 37 20 31 36 25 20 24 24 37 22 36 28 20 20 29 31 76 21 25
internal_value=0 0.00878486 -0.00573722 0.0205057 -0.00744345 0.00156243 0.0130335 0.00161489 -0.0109165 0.00146554 -0.0139751 0 0.0268886 -0.0155091 -0.00882856 0.00331505 -0.0043839 0.0105073 0.0085794 0.0179912 -0.00283082 -0.0163844 0.0273885 -0.0175833 -0.00759224 -0.0212529 -0.00729869 0.00450884 -0.0258014 -0.0123918 -0.0296142
internal_weight=224.92 88.7995 136.121 26.5936 127.166 35.1411 21.4405 15.4791 92.0252 17.995 74.0302 15.5126 20.5187 13.7006 12.9907 62.2058 24.9006 10.9721 37.3053 20.2569 17.0484 13.9285 14.5258 58.5177 17.3952 41.1224 11.3939 12.0037 29.7285 9.6653 23.2218
internal_count=946 366 580 108 543 149 90 65 394 76 318 65 83 59 55 258 103 45 155 84 71 58 60 253 75 178 49 51 129 41 101
is_linear=0
shrinkage=0.03


Tree=13
num_leaves=33
num_cat=0
split_feature=19 42 32 45 3 43 19 48 46 32 32 47 37 49 29 35 19 36 24 19 43 21 39 13 42 54 54 54 32 61 20 40
split_gain=12.1246 5.88803 5.57738 3.74971 3.61255 5.8582 4.59796 3.64975 4.81825 3.64145 3.57592 3.47977 5.07309 3.4006 2.67269 6.91032 4.10524 5.23196 5.09135 3.43915 3.30756 2.93864 3.87239 2.21222 2.07944 4.50183 2.87093 3.64003 2.0344 1.50671 1.90716 0.357854
threshold=0.42126907346391967 1.6569597596732979 0.71968857318747459 -0.67205924563503305 -0.3893403480738995 -0.17800252475676173 1.0358905162413363 -0.33180742672608743 0.11275895563622658 0.25869246836570547 -1.3547938985104861 0.275117425247208 0.32314492347681328 -0.19967118287037519 0.24022776863144127 0.21968138215412017 -0.19335236931349684 -0.51504908722187315 1.0000000180025095e-35 -1.176746677757363 1.0578902342883401 0.62865447397365271 0.30355150197158465 0.24876840802995417 -0.84980963271211241 0.42819061900126687 -0.16428718209576978 -0.71599796744792277 -0.43280168886694809 676.50000000000011 0.21731899931470886 0.93684592602947714
decision_type=2 2 2 2 2 2 2 2 2 2 2 2 2 2 2 2 2 2 2 2 2 2 2 2 2 2 2 2 2 2 2 2
left_child=2 4 10 -4 6 11 -2 9 -9 13 -1 12 -6 31 15 16 17 19 -18 -12 24 22 29 -5 -17 26 27 -26 -14 -16 -31 -7
right_child=1 -3 3 23 5 7 -8 8 -10 -11 14 -13 28 -15 21 20 18 -19 -20 -21 -22 -23 -24 -25 25 -27 -28 -29 -30 30 -32 -33
leaf_value=0.010938741109605486 0.00021109523546290019 0.030603009536007603 -0.012680082283171476 0.023350532723419623 -0.017072109126177622 0.024850601865292869 0.029330740165242127 -0.00096947238885073588 0.032914752008623128 -0.014887884834387842 -0.017134799150465157 -0.025220201409516037 0.023131214626013249 -0.008896862832028108 -0.029959462453879718 -0.035252961056314008 -0.024330931670174707 0.026050608540477631 0.01065126542182771 0.010978803136838348 0.0010636126397807436 -0.035491995574403468 0.0046692777052001009 0.0019860293942752572 0.0044724033623922939 -0.028775124739585389 0.010969418348046786 -0.02680636338581913 -0.00093354703186364677 -0.019963661343307151 0.0019726862223956826 0.0078911978981938899
leaf_weight=6.597476825118064 9.3159188628196734 8.4202698320150358 4.9214792549610165 8.819838225841524 8.469275996088987 4.8729026615619624 9.8880397826433164 5.3567594289779654 8.6277265697717649 6.7157469093799582 5.657189339399336 6.6576200127601615 5.0693387538194683 4.803249835968022 6.2559813410043796 5.4123881310224524 7.1139240413904172 9.5446010529994982 5.1714046895503998 7.0487270057201385 8.7326794564723951 5.4572073072195044 8.2090713530778867 9.2553560733795148 5.2414401024580028 9.3500859141349775 6.2379503995180192 5.4327969700098029 5.0105436295270875 5.5777489691972733 5.8171221911907196 5.6130611747503281
leaf_count=28 38 34 21 36 36 20 40 22 35 28 24 28 21 20 27 24 31 40 22 30 37 24 35 38 22 41 27 24 21 24 25 23
internal_value=0 0.00855453 -0.00559681 0.00738506 0.00565395 0.00183036 0.0165332 0.00951764 0.0207113 0.00128087 -0.00835672 -0.00883875 -0.0012129 0.00943593 -0.009746 -0.00632381 0.00334141 0.0109023 -0.00961355 -0.00160371 -0.0145517 -0.0170892 -0.0112535 0.0137079 -0.0188911 -0.0135805 -0.00319418 -0.0122959 0.0120795 -0.0187578 -0.00937298 0.0183966
internal_weight=224.675 88.8205 135.854 22.9967 80.4002 61.1962 19.204 35.9894 13.9845 22.005 112.858 25.2068 18.5492 15.2892 106.26 74.9432 34.5358 22.2505 12.2853 12.7059 40.4073 31.3171 25.8599 18.0752 31.6747 26.2623 16.9122 10.6742 10.0799 17.6509 11.3949 10.486
internal_count=946 366 580 95 332 254 78 148 57 91 485 106 78 63 457 322 147 94 53 54 175 135 111 74 138 114 73 46 42 76 49 43
is_linear=0
shrinkage=0.03


Tree=14
num_leaves=32
num_cat=0
split_feature=19 33 16 18 26 44 54 54 19 38 34 44 38 37 26 61 23 44 29 47 38 18 1 25 9 0 60 60 18 16 38
split_gain=11.5452 5.72866 5.38297 4.92299 6.49117 4.33083 7.83788 5.80813 3.87485 5.41462 3.97652 4.46314 3.81457 3.74306 3.84818 4.02693 5.60172 3.38965 2.78771 2.26192 2.19541 2.17623 2.71242 1.96349 1.9159 4.04431 2.57011 5.38902 2.01455 1.61504 1.01788
threshold=0.42126907346391967 -0.14565259564824365 -0.78567314496553742 0.25539440106392503 1.2159109799183589 -0.55244246664940211 0.14337734912784608 -0.27419035029275179 -1.2996709663128463 0.96819891828444626 0.64072457905006697 0.68558005415840084 -0.69684630278171245 1.6233370505249989 -1.3178161430750968 595.00000000000011 -0.5671324835039554 -0.30483796248784162 0.24022776863144127 -0.059363684615183133 0.15216190399954657 0.18452139264337145 -0.32949957165445082 -0.2491430421438364 -1.0263001064439596 0.37141714559758893 524.50000000000011 725.00000000000011 0.34602872941625451 0.20491649173216051 0.077976720882737355
decision_type=2 2 2 2 2 2 2 2 2 2 2 2 2 2 2 2 2 2 2 2 2 2 2 2 2 2 2 2 2 2 2
left_child=2 3 -1 4 -2 6 7 12 9 19 24 30 -4 14 -3 16 -16 -17 -5 -7 -18 -19 -23 -8 -10 26 29 -28 -29 -26 -12
right_child=1 13 5 18 -6 8 23 -9 10 -11 11 -13 -14 -15 15 17 20 21 -20 -21 -22 22 -24 -25 25 -27 27 28 -30 -31 -32
leaf_value=0.015178746012375224 0.038091301001113881 -0.016650814373507752 -0.010030004556401136 0.014336912863063312 0.0039926749623544833 -0.017713327359572355 -0.022338682292984559 0.034466168627698184 -0.034328753575726408 0.024374100770422222 -0.00051030142640874458 0.01810289943410949 0.017431365268463794 0.022539830620187353 0.015921063542049953 -0.0034409811167925735 -0.029415872576983956 0.0010706835406888503 -0.01270470961146688 0.005201411253384019 -0.0026168802146088336 0.0061163329739589382 0.038354188250456764 0 -0.010544399800470731 0.0087826020732894236 0.010995914147256706 -0.023926289989835908 -0.0050830254715677524 -0.034478865886147327 -0.020266958752825949
leaf_weight=8.9685369431972486 13.142998695373537 9.2277139425277692 8.9731289446353895 5.3777352422475797 8.8836453557014448 7.7370774298906335 8.8917880952358228 6.0029394924640682 5.1283569335937491 5.0249304473400107 4.9945326745510084 5.8680539131164542 6.4848041832447043 5.679221659898757 4.8523619920015362 8.5736322253942472 5.8454881459474546 5.3691890239715638 5.304723858833313 5.2012227475643167 5.7785773873329163 5.3600120693445206 5.4301590323448163 4.7183470577001563 6.7823069989681271 4.8797965645790091 6.5824280232191112 14.681824311614038 10.292143225669859 9.7634752839803678 4.6268560588359833
leaf_count=37 53 39 38 22 36 33 39 25 23 21 21 24 27 23 20 36 25 22 22 22 24 22 22 20 29 21 28 64 45 43 20
internal_value=0 0.00833698 -0.00547692 0.0180473 0.0257253 -0.0071472 0.00162593 0.0127494 -0.010544 0.00155554 -0.0135491 0 0.00165943 0.00225038 -0.000503679 0.00342935 -0.00745336 0.0109195 0.000505107 -0.00850263 -0.0183724 0.0185235 0.0255292 -0.0150413 -0.0170681 -0.0143881 -0.0170541 -0.0108371 -0.0171153 -0.0266923 -0.0120027
internal_weight=224.428 88.8255 135.603 32.7091 22.0266 126.634 35.071 21.4609 91.563 17.9632 73.5998 15.4894 15.4579 56.1164 50.4371 41.2094 16.4764 24.733 10.6825 12.9383 11.6241 16.1594 10.7902 13.6101 58.1103 52.982 48.1022 31.5564 24.974 16.5458 9.62139
internal_count=946 366 580 133 89 543 149 90 394 76 318 65 65 233 210 171 69 102 44 55 49 66 44 59 253 230 209 137 109 72 41
is_linear=0
shrinkage=0.03


Tree=15
num_leaves=34
num_cat=0
split_feature=19 42 32 45 16 34 42 50 28 30 47 45 34 44 3 43 12 47 46 32 47 37 19 33 23 40 55 55 32 37 59 43 59
split_gain=10.9663 5.51454 5.14503 3.57863 3.44484 6.1593 6.6567 5.08957 5.47637 5.243 4.98973 4.01645 3.90396 4.60693 3.35513 5.40271 5.29437 3.38746 4.47602 3.44534 3.37205 4.8293 2.90208 2.85433 2.69358 2.37818 2.26325 3.95637 1.89385 1.73094 1.70693 1.11373 0.442628
threshold=0.42126907346391967 1.6569597596732979 0.71968857318747459 -0.57787733303904065 0.80418637708218554 -0.1199091205426029 -1.0664440246466538 0.73973154030395982 -0.51366771299108993 -1.0000000180025095e-35 -0.48071296081291265 0.35733817992716671 0.48859783913153293 0.68558005415840084 -0.3893403480738995 -0.17800252475676173 -0.21075645939568904 -0.34105544309111152 0.11275895563622658 0.25869246836570547 0.275117425247208 0.32314492347681328 1.1588148047968196 -1.1958028039596631 -0.5671324835039554 -0.42483469914133087 -0.044073455374425745 -0.653753661822712 -0.43280168886694809 1.0000000180025095e-35 1.0000000180025095e-35 -0.17800252475676173 -0.75669988270482946
decision_type=2 2 2 2 2 2 2 2 2 2 2 2 2 2 2 2 2 2 2 2 2 2 2 2 2 2 2 2 2 2 2 2 2
left_child=2 14 4 -4 5 6 31 8 29 -10 -11 32 26 23 16 20 22 19 -19 24 21 -16 -2 -14 -17 -5 27 -7 -23 -8 -27 -1 -6
right_child=1 -3 3 25 11 12 7 -9 9 10 -12 -13 13 -15 15 17 -18 18 -20 -21 -22 28 -24 -25 -26 30 -28 -29 -30 -31 -32 -33 -34
leaf_value=-0.0037609982486346044 0.0095905084493488387 0.029435818045960314 -0.010361112690254904 0.026686235828539056 -0.010204622761352866 -0.023966081421707388 0.029081133726945683 0.030828632001695718 -0.026391346936332594 -0.012971026109568254 0.01984454562349736 0.0020126492026489883 -0.025405458046927544 0.019465487804901611 -0.016664336975182083 0.021952276383326492 -0.0079388812745770504 -0.0010691320391360171 0.031507280044063585 -0.014666159833444742 -0.024796070229830845 0.022440056499141194 0.039417244005551279 0.0014318858022353454 -0.0013603424434743229 0.014693583386611843 -0.029791622446397738 0.0043968904380245512 -0.00076386673122789365 0.0043741580601540488 -0.0065127204562465046 -0.025666739881303916 -0.029586050279342416
leaf_weight=4.9399149566888809 8.3960753083229083 8.4423931986093503 6.0974742621183422 6.4208909273147627 4.7608454227447554 7.2627034187316895 5.1610794961452466 5.8491594195365897 6.2897910177707699 6.5797452330589294 7.0239818841218966 5.6910845786333075 5.1587829887866983 4.9011737853288642 8.4202469736337715 6.3220590204000446 5.0943733453750601 5.3562063574790981 8.6624280810356122 6.6973750889301291 6.6206750124692908 5.0878903120756176 5.7215499132871619 6.5230424404144296 8.9855836629867554 4.8926043212413752 11.60725001990795 7.5779102891683596 4.9992386251687959 6.2667387872934341 5.5984430313110352 5.3391882479190809 11.38325546681881
leaf_count=21 34 34 26 26 21 32 21 24 27 28 29 24 23 20 36 26 21 22 35 28 28 21 23 28 37 20 53 32 21 26 23 24 52
internal_value=0 0.00812957 -0.00533982 0.00711402 -0.00800401 -0.00515763 0.00219119 0.00824965 0.00263407 -0.00660158 0.00386341 -0.018452 -0.0131967 -0.0011657 0.00531966 0.00163247 0.0157981 0.0090099 0.0197737 0.00107313 -0.00863026 -0.0011219 0.0246876 -0.0115069 0.00901066 0.0140712 -0.020058 -0.010042 0.0118121 0.0180761 0.0034776 -0.0174682 -0.025564
internal_weight=224.131 88.8061 135.325 23.0094 112.316 90.4805 47.4496 37.1705 31.3213 19.8935 13.6037 21.8352 43.0309 16.583 80.3637 61.1517 19.212 36.0237 14.0186 22.005 25.1281 18.5074 14.1176 11.6818 15.3076 16.9119 26.4479 14.8406 10.0871 11.4278 10.491 10.2791 16.1441
internal_count=946 366 580 95 485 388 200 155 131 84 57 97 188 71 332 254 78 148 57 91 106 78 57 51 63 69 117 64 42 47 43 45 73
is_linear=0
shrinkage=0.03


Tree=16
num_leaves=34
num_cat=0
split_feature=19 33 47 55 18 2 44 54 38 43 44 37 26 61 34 55 41 34 16 61 59 19 34 18 38 41 54 41 24 14 45 59 54
split_gain=10.422 5.33286 4.96128 7.93645 4.58053 4.25369 3.66774 5.97417 5.50789 3.54808 6.39433 3.46312 3.65928 3.74325 4.71697 4.54626 3.10383 5.15123 7.43893 3.39721 3.07407 2.83671 2.68929 3.57394 2.58027 2.26637 2.21427 1.91417 2.05663 1.53874 1.51017 0.620351 0.595901
threshold=0.42126907346391967 -0.14565259564824365 0.91240466164945089 -1.112226159348251 0.37080103456523422 1.1423454619916023 -0.55244246664940211 0.14337734912784608 -0.69684630278171245 1.0578902342883401 1.4283935666430827 1.6233370505249989 -1.3178161430750968 595.00000000000011 -0.80447945017600542 -0.61976200106449386 -1.156189505872266 -0.19597249050186985 0.72352391977284947 476.00000000000006 1.0000000180025095e-35 -0.56212523497994671 0.48859783913153293 0.4245251775119015 0.077976720882737355 -0.50310380797397625 -0.7533628884243132 0.80306758782260423 0.31642714065922373 -0.11234998322182151 1.1371143772201699 1.0000000180025095e-35 -0.32723126743264858
decision_type=2 2 2 2 2 2 2 2 2 2 2 2 2 2 2 2 2 2 2 2 2 2 2 2 2 2 2 2 2 2 2 2 2
left_child=2 4 6 -4 5 30 7 8 25 16 -11 12 -3 14 -14 -15 -8 18 19 -18 -17 -5 23 -19 -16 -1 -21 28 -24 -9 31 -2 -22
right_child=1 11 3 21 -6 -7 9 29 -10 10 -12 -13 13 15 24 20 17 22 -20 26 32 -23 27 -25 -26 -27 -28 -29 -30 -31 -32 -33 -34
leaf_value=-0.015049854491705678 0.017526911819696209 -0.016370060929683145 -0.015662803394312273 0.037653317987039067 -0.0010260087520027425 0.0001931281111564655 -0.030429727002875145 -0.00029252926386900659 0.027389149155628872 0.018837777425729684 -0.019080616397333456 0.021546537066852767 0.012076654459220331 -0.0094974867559875185 -0.029642387139610381 0.00025240168222193972 -0.0082772701168433559 -0.032010176900077417 -0.021785749079745179 0.02921446095190898 0.011804177025234855 0.0062170930999240525 0.014114741888111923 -0.004709712032332271 -6.185200749839347e-05 0.0088846543343960357 0.0037755821045978334 -0.016486238976501848 -0.0097745892681613648 -0.023916754929953599 0.009916562953786583 0.043265052572513799 0.033500469126213919
leaf_weight=5.3613682836294192 5.6797954440116936 9.193474203348158 6.1135592758655575 4.8896590471267709 8.4543879926204664 5.9220341295003882 7.5373208522796622 4.5862253606319427 8.4459370374679583 8.1107825785875303 5.3129477053880683 5.6943461447954169 5.7704152166843441 6.2437219172716132 5.8460767865180951 6.7568257451057496 4.9018528014421507 14.541561350226404 7.9917592406272879 6.3282509595155751 5.6095868051052102 6.4901658445596668 4.7320479899644869 7.4745349138975135 4.81131412088871 5.7417667508125305 6.9531116187572444 8.4044311642646772 5.1445129662752151 5.8939010947942716 4.9471366852521887 7.7144550383090973 6.1384750753641102
leaf_count=23 23 39 26 20 35 24 34 20 35 34 23 23 24 26 25 28 21 65 36 26 23 27 20 33 20 24 29 36 22 26 20 31 25
internal_value=0 0.00792658 -0.00521237 0.00900407 0.0172909 0.0235943 -0.00746686 0.0013597 0.0110926 -0.0105376 0.00301872 0.00204937 -0.000598472 0.00323387 -0.00727046 0.0104521 -0.0130871 -0.0104042 0 0.0105483 0.0176906 0.0230024 -0.0169397 -0.0238883 -0.018437 -0.00261221 0.0180371 -0.00709117 0.00149574 -0.0154104 0.0302618 0.035618 0.0261031
internal_weight=223.738 88.782 134.956 17.4934 32.7178 24.2634 117.462 30.0292 19.5491 87.4331 13.4237 56.0642 50.3699 41.1764 16.4278 24.7486 74.0094 66.4721 26.175 18.1832 18.5049 11.3798 40.2971 22.0161 10.6574 11.1031 13.2814 18.281 9.87656 10.4801 18.3414 13.3943 11.7481
internal_count=946 366 580 73 133 98 507 128 82 379 57 233 210 171 69 102 322 288 112 76 76 47 176 98 45 47 55 78 42 46 74 54 48
is_linear=0
shrinkage=0.03


Tree=17
num_leaves=30
num_cat=0
split_feature=1 32 55 40 45 43 37 61 30 44 25 55 55 40 25 24 46 33 55 55 18 35 24 30 28 55 44 40 20
split_gain=8.54819 7.87581 4.85805 6.07583 5.73604 4.83694 5.08937 4.68224 7.98647 4.35545 4.1027 4.07781 3.98717 3.54241 3.44408 3.30817 3.50569 3.19364 3.07748 4.54239 3.57473 2.97926 2.61418 2.49925 2.30351 1.84192 1.42294 1.15307 0.754258
threshold=0.34111859417386031 1.1806846780092439 -1.1245972461572784 -0.57410170279540129 -1.5287957124520515 1.0578902342883401 0.64819295523885967 526.50000000000011 0.20612042256138585 -1.2333548530936935 1.0000000180025095e-35 -0.17254490148258028 0.31526988350778379 1.1104830527291107 0.85694683443686237 -0.82924062979249846 0.22874844235144612 -0.14565259564824365 0.49897203569142529 -1.4365065444494545 -1.5845620186808438 0.42772700358419008 1.0000000180025095e-35 -0.85660219210613853 0.52255238140676774 -1.4365065444494545 -0.30483796248784162 -0.80866413710894092 0.21731899931470886
decision_type=2 2 2 2 2 2 2 2 2 2 2 2 2 2 2 2 2 2 2 2 2 2 2 2 2 2 2 2 2
left_child=1 2 22 9 -5 6 7 13 21 -4 -8 14 -13 26 23 -7 -17 -3 19 -2 -21 -9 25 -11 -10 -1 -6 -25 -18
right_child=18 17 3 4 5 15 10 8 24 11 -12 12 -14 -15 -16 16 28 -19 -20 20 -22 -23 -24 27 -26 -27 -28 -29 -30
leaf_value=0.0027072670297146125 -0.0028585429617619213 0.029289645428367907 -0.014308345649781907 0.019605468164105407 -0.010171094485695798 -0.012906664168191345 0.021760786813567874 0.0096268416317231795 -0.02641705342338832 0.002793106694206363 -0.0094628422612046126 -0.020788167429422199 0.013192288560969377 -0.00051060416418264969 -0.0025280226875931569 -0.0045644602945937507 0.029845244677695476 0 -0.0022017779476522065 0.0095399685228332101 0.039375700294389124 -0.012493895456403364 -0.029806912690401664 0.017032707269291882 -0.0065535037959962407 -0.018273561911079164 -0.031098904010728141 0.042538409535922993 0.0078494148243488989
leaf_weight=7.095573067665101 5.3733190447092118 7.8694058507680893 5.1263148784637442 6.2157902717590323 6.899467930197722 4.8874735385179546 6.4582828134298307 21.655060753226284 13.457818463444712 4.7611101865768459 5.6909000724554062 4.6092006266117078 4.74101622402668 6.4363087862730017 4.7031346708536139 5.9673700332641593 5.1246227473020536 5.7545025497674924 6.5658303946256629 8.6084696501493507 8.6477018594741768 5.5955249220132819 7.8456142097711554 8.6303234398365021 11.614956364035605 5.099603235721589 18.006299033761024 5.1465853601694116 4.7994402647018433
leaf_count=30 22 32 22 26 30 21 27 92 59 20 24 20 20 28 20 25 21 24 27 35 35 24 34 36 50 22 79 21 20
internal_value=0 -0.00228282 -0.00402148 -0.00216192 -0.00542116 -0.00703826 -0.00988348 -0.0125278 -0.00655535 0.00809866 0.00726286 0.0122736 -0.0035636 -0.021561 0.0187173 0.0055943 0.0122518 0.0184775 0.0147449 0.0197418 0.0267649 0.0044611 -0.0174502 0.0241925 -0.0183304 -0.00666861 -0.0264358 0.0301947 0.0221603
internal_weight=223.387 194.192 180.568 160.527 122.809 116.594 95.8146 83.6654 52.3234 37.7177 12.1492 32.5914 9.35022 31.3421 23.2412 20.7789 15.8914 13.6239 29.1953 22.6295 17.2562 27.2506 20.0408 18.538 25.0728 12.1952 24.9058 13.7769 9.92406
internal_count=946 827 771 685 526 500 413 362 225 159 51 137 40 137 97 87 66 56 119 92 70 116 86 77 109 52 109 57 41
is_linear=0
shrinkage=0.03


Tree=18
num_leaves=33
num_cat=0
split_feature=19 42 32 29 13 20 18 27 53 33 24 41 44 45 9 33 42 16 29 44 19 16 19 32 25 32 61 12 31 29 46 45
split_gain=9.59801 5.02431 4.7144 3.42136 3.7048 3.37539 5.58415 3.68518 3.80514 3.33928 3.3186 3.40704 3.6576 5.5589 3.25376 3.733 5.57709 4.89683 5.35694 3.35789 3.12211 3.91046 3.01577 2.21153 2.15117 2.95917 2.82242 2.33969 2.11682 1.18796 0.764786 0.609323
threshold=0.42126907346391967 1.6569597596732979 0.71968857318747459 -0.88572831291445675 0.24876840802995417 -0.5931295158694484 0.2081721977471794 -0.74039038568043913 -0.98840251323243333 1.0000000180025095e-35 0.68304082720377501 -0.82964665692312123 -0.30483796248784162 0.016401052470803375 -1.0263001064439596 1.0000000180025095e-35 -1.0664440246466538 0.80418637708218554 0.24022776863144127 0.10783621111475934 -1.4225952548683296 -0.40113752383290929 -1.176746677757363 -0.43280168886694809 -1.0326233713884976 -0.43280168886694809 424.50000000000006 -0.35188500533726275 -0.70469539243030466 1.0000000180025095e-35 -0.74240450106148559 -0.24851753312543184
decision_type=2 2 2 2 2 2 2 2 2 2 2 2 2 2 2 2 2 2 2 2 2 2 2 2 2 2 2 2 2 2 2 2
left_child=2 5 14 -4 31 6 9 8 -7 -2 11 -9 -13 -14 -1 20 -17 18 19 22 23 -22 -18 -16 25 -23 -26 -28 -8 -30 -29 -5
right_child=1 -3 3 4 -6 7 28 10 -10 -11 -12 12 13 -15 15 16 17 -19 -20 -21 21 24 -24 -25 26 -27 27 30 29 -31 -32 -33
leaf_value=-0.027182176477356334 0.021483498824317781 0.027938297521755601 -0.010713689273037095 0.0094850185115949153 -0.002041745015641304 0.00055218148257344085 0.00022132021888037281 -0.0078915405182251579 0.033407543125633203 -0.0050665369887152537 -0.012665759495844366 -0.0019891942806707506 0.044487045836157951 0.0052406220372104573 0.016229073302651012 -0.018377082300145564 0.0072922682102262862 -0.014878302500850409 -0.0064007958343889502 0.0029288719192936486 0.0062050542775091439 0.010844406937809551 0.042271395950312582 -0.0077864295475031514 0.00010388857359737938 -0.016487504374688683 -0.0034918984510317833 -0.011653114353572303 -0.0044475606418514823 -0.026781017040005128 -0.030627628771868941 0.031633984584981692
leaf_weight=5.9303968399763098 8.6334181576967222 8.4526543170213682 5.7552586495876339 4.7216929197311437 7.3058187216520301 5.3066527545452109 6.4285044074058524 6.6898090988397589 8.3796245604753476 6.0240868330001822 6.7544115632772437 6.8963894695043573 4.9549077898263976 8.3098997324705106 4.9572844803333282 8.7655221521854383 4.7801059484481812 5.9429865330457678 8.1809099018573743 7.1155138462781897 6.7615686058998099 5.1357280761003494 6.3894949108362251 5.7260966002941114 4.8547599464654914 6.0567036867141706 5.719070971012111 6.3057110011577597 4.7561274915933627 7.1237270087003708 18.816496461629878 5.1967101842164976
leaf_count=27 35 34 24 20 30 22 27 28 34 25 28 29 20 34 21 39 20 27 35 30 29 22 26 25 21 27 25 27 20 30 84 21
internal_value=3.89749e-06 0.00761688 -0.00500482 0.00690973 0.0135054 0.00492994 -0.00224691 0.00997099 0.0223763 0.010743 0.00400762 0.00886168 0.0148592 0.0233372 -0.00757397 -0.00605018 0.000871129 0.00683669 0.0124639 0.0210527 -0.01049 -0.013402 0.0304111 0.00349084 -0.0164582 -0.00367389 -0.0199955 -0.023203 -0.0129754 -0.0197892 -0.0270153 0.0242465
internal_weight=223.128 88.7102 134.418 22.9795 17.2242 80.2576 32.9659 47.2917 13.6863 14.6575 33.6054 26.851 20.1612 13.2648 111.438 105.508 41.1745 32.409 26.466 18.2851 64.3334 53.65 11.1696 10.6834 46.8885 11.1924 35.696 30.8413 18.3084 11.8799 25.1222 9.9184
internal_count=946 366 580 95 71 332 137 195 56 60 139 111 83 54 485 458 177 138 111 76 281 235 46 46 206 49 157 136 77 50 111 41
is_linear=0
shrinkage=0.03


Tree=19
num_leaves=36
num_cat=0
split_feature=16 19 42 16 59 12 44 55 54 24 19 24 36 34 44 31 25 18 28 27 31 27 37 13 31 41 60 60 61 55 54 42 12 52 55
split_gain=9.14137 6.6306 6.08224 7.98545 5.72712 4.00178 3.73591 7.13584 6.1713 3.92778 3.50999 3.93569 3.58728 3.50722 3.87557 3.38917 3.34224 4.8731 3.20673 3.28677 5.21913 4.06014 2.3876 2.13036 1.88133 5.55012 2.8515 4.79395 1.8114 3.33046 1.65838 1.55136 1.36937 1.0807 0.447577
threshold=-0.78567314496553742 0.42126907346391967 -0.32369753801393991 0.30882657721820866 1.0000000180025095e-35 -0.32865030153093172 -0.55244246664940211 -1.112226159348251 0.47192303807962482 -0.82924062979249846 -1.2996709663128463 -0.41680023242987835 0.374659613785501 0.64072457905006697 0.68558005415840084 0.33362720906175758 -0.2491430421438364 -1.5845620186808438 1.2133657776720066 -0.41910171372920263 -0.70469539243030466 0.22347563017327063 0.16062090759579012 -0.73716560186374269 -0.70469539243030466 -1.156189505872266 551.00000000000011 725.00000000000011 424.50000000000006 -1.0000000180025095e-35 -1.1211838096938067 -0.32369753801393991 -0.2514917156003163 0.45042709807999587 -1.4553788204743137
decision_type=2 2 2 2 2 2 2 2 2 2 2 2 2 2 2 2 2 2 2 2 2 2 2 2 2 2 2 2 2 2 2 2 2 2 2
left_child=5 6 18 4 15 33 7 34 9 -9 11 12 -8 24 32 -4 17 -7 19 20 -3 -21 -6 -5 25 -12 -26 -28 -29 -30 -27 -11 -15 -1 -2
right_child=1 2 3 23 22 16 10 8 -10 31 13 -13 -14 14 -16 -17 -18 -19 -20 21 -22 -23 -24 -25 26 30 27 28 29 -31 -32 -33 -34 -35 -36
leaf_value=0.035041991981162125 -0.0065898329022872522 0.019262089267446516 0.019436104159561478 0.0056055416573557015 0.047312736380272856 -0.0072175049706081412 -0.0030843089520398788 0.00014842359771067518 -0.013468009281311749 0.0087953338074727039 -0.028439379060056193 -0.0129928026079943 0.028389020787170011 -0.020548293644930965 0.016971241639864427 -0.010326458526661411 -0.012482178471871023 0.028386147402783904 0.014941822703274106 -0.030237913445510991 -0.015563936036921846 0 0.016427397269318182 -0.017245639726437716 -0.030908276049079041 -0.0069279119149672479 0.012423252696995816 0 -0.00031254900584368769 -0.029573125179328037 0.01327775538762661 0.036478919623945678 0 0.010411026101466174 -0.025016900999385881
leaf_weight=7.1645937114954013 4.6455245316028595 6.5591650903224945 5.1388511955738085 5.548911988735199 6.477632671594618 4.8960579931736019 5.3804352134466189 7.5800302773714092 6.0879475176334372 4.7211345881223696 5.1397241950035122 7.4337730258703223 5.0323068201541901 4.6377921998500815 5.8912994712591162 5.5384046882390976 5.2883718609809867 6.4058237075805655 4.867194488644599 7.9107337445020658 5.8926582485437411 6.9857490658760071 7.8167905658483505 6.0323770940303785 13.170987010002134 4.6234778761863717 4.4412670880556133 4.5448454469442394 5.2592843323946044 12.592763856053349 7.2399811595678303 7.0379355996847153 4.8703746646642676 5.1576326787471771 4.7782338857650739
leaf_count=29 20 27 21 23 26 20 23 32 27 20 24 32 21 20 24 23 22 26 20 34 25 29 32 25 59 20 19 20 23 57 31 29 21 21 21
internal_value=1.16225e-05 -0.00234341 0.00502176 0.0132042 0.0223955 0.0153377 -0.00645072 0.00169913 0.0100763 0.0182119 -0.00963929 0.00186854 0.0132819 -0.012537 0 0.00413489 0.00450622 0.0134552 -0.00425878 -0.00848315 0.00244968 -0.0173758 0.0339673 -0.00645102 -0.0158899 -0.00622624 -0.0194789 -0.0123189 -0.0179482 -0.0219553 0.0050604 0.0280692 -0.0111116 0.0274151 -0.0186346
internal_weight=222.79 193.878 68.7685 36.553 24.9717 28.9125 125.109 34.8508 25.427 19.3391 90.2583 17.8465 10.4127 72.4118 15.3995 10.6773 16.5903 11.3019 32.2155 27.3483 12.4518 14.8965 14.2944 11.5813 57.0123 17.0032 40.0091 26.8382 22.3969 17.852 11.8635 11.7591 9.50817 12.3222 9.42376
internal_count=946 828 285 150 102 118 543 149 108 81 394 76 44 318 65 44 68 46 135 115 52 63 58 48 253 75 178 119 100 80 51 49 41 50 41
is_linear=0
shrinkage=0.03


Tree=20
num_leaves=30
num_cat=0
split_feature=16 32 41 31 39 12 55 41 14 25 18 34 55 46 18 49 18 16 46 7 30 47 12 18 46 38 52 60 2
split_gain=8.6865 6.52529 4.58436 4.78121 4.65491 3.80568 3.71293 3.37766 4.39146 3.18316 4.64015 3.15982 5.7155 7.4729 4.40689 3.81934 3.26496 2.95056 5.09731 3.70565 3.25007 2.85407 2.691 2.20146 1.82353 1.43214 1.01232 0.538499 0.435435
threshold=-0.78567314496553742 1.4111827304201283 -1.156189505872266 -0.28936635183347975 -0.71225286218071904 -0.32865030153093172 1.5547602606240567 -1.5915799711377929 0.7733408241481925 -0.2491430421438364 -1.5845620186808438 0.336471099212999 1.0194156944248378 0.67686042810441205 -0.31263924542705368 0.16183874822125174 0.70257482371383351 0.095225205759417855 0.071831262907331356 0.12302844335085225 -0.26620073951306961 0.56650500367108847 -0.3544874995940987 0.64123939688109266 -0.76397518640914341 -0.88643065963578016 0.45042709807999587 706.50000000000011 -0.2686831937253556
decision_type=2 2 2 2 2 2 2 2 2 2 2 2 2 2 2 2 2 2 2 2 2 2 2 2 2 2 2 2 2
left_child=5 2 7 17 -5 26 11 8 -2 10 -7 14 13 15 -6 -13 21 19 20 -4 25 -16 23 -20 -22 -19 -1 -24 -9
right_child=1 -3 3 4 6 9 -8 28 -10 -11 -12 12 -14 -15 16 -17 -18 18 22 -21 24 -23 27 -25 -26 -27 -28 -29 -30
leaf_value=0.034125868969999432 0.0082293184288555442 0.021863015141893663 0.029033497244106869 0.016783077896261125 0.0093721396801962516 -0.0070567562553173931 0.012836132288057474 -0.010469452342700639 -0.022702866686370015 -0.012212154303704035 0.027667834785570326 0.00010352294343555449 -0.028308010102771109 0.028841155223029342 -0.026737307467077875 -0.024484616732457828 0.0024271849025570493 0.0091354634630300604 -0.009464645567568002 -0.0013194823585109753 0.0054569289186541022 -0.0033561332168194542 -0.0055950403646882014 0.014987418376117317 0.029898725749990751 -0.0089924310141956659 0.010161390783512386 -0.021958157878055058 -0.031374547998819433
leaf_weight=7.1762991547584551 9.0716577023267728 8.0416548699140531 7.3022831380367261 6.1799067854881278 4.6224304735660544 4.8915966600179699 5.9959927201271048 4.5743237286806107 5.2128509134054193 5.2764925807714453 6.4137819856405249 27.956560954451561 5.4870698601007453 5.7311215847730628 24.286904722452167 5.4861822873353949 4.9352540522813788 5.7166490703821164 5.1042060405015963 5.3234640061855316 6.5028292387723923 7.0732304006814948 5.3976850658655149 5.0108651220798492 6.5482968986034393 7.0097306966781634 5.1625840067863464 7.6589665859937668 7.2639038562774658
leaf_count=29 39 33 30 26 20 20 25 20 23 22 26 119 24 24 107 24 21 24 22 22 27 30 24 21 27 30 21 34 32
internal_value=1.69385e-05 -0.00228259 -0.00352872 -0.00151552 -0.00563575 0.0149531 -0.00745924 -0.0148415 -0.0037634 0.00437442 0.013108 -0.00914673 -0.00327638 0.000996938 -0.0150702 -0.00463629 -0.0185903 0.00490899 0.0012503 0.0170297 0.0102542 -0.0220402 -0.0085374 0.00250318 0.0199507 -0.000323043 0.0267209 -0.0168794 -0.0258324
internal_weight=222.415 193.494 185.452 159.33 97.7547 28.9208 91.5747 26.1227 14.2845 16.5819 11.3054 85.5788 44.6609 39.1739 40.9178 33.4427 36.2954 61.575 48.9492 12.6257 25.7775 31.3601 23.1717 10.1151 13.0511 12.7264 12.3389 13.0567 11.8382
internal_count=946 828 795 681 420 118 394 114 62 68 46 369 191 167 178 143 158 261 209 52 108 137 101 43 54 54 50 58 52
is_linear=0
shrinkage=0.03


Tree=21
num_leaves=35
num_cat=0
split_feature=19 33 47 55 61 18 26 6 33 42 26 44 45 29 46 32 44 54 31 31 29 61 31 31 46 19 28 36 37 30 46 45 45 54
split_gain=8.40625 4.6098 4.44977 7.17783 3.85439 4.87034 4.69833 3.18734 3.67177 3.81266 3.64845 5.13265 3.78833 3.28599 2.948 3.35219 3.95615 3.30231 2.77068 4.23879 3.92037 2.97627 2.81406 2.93948 4.29272 2.72551 2.32012 2.9266 2.24078 3.25172 2.54668 1.71155 0.892244 0.521361
threshold=0.42126907346391967 -0.39274676230975408 0.91240466164945089 -1.112226159348251 502.50000000000006 0.34602872941625451 1.2159109799183589 0.90456316829726624 1.0000000180025095e-35 -1.0664440246466538 -0.26209650849449057 0.68558005415840084 -0.47344118207501257 0.24022776863144127 0.83497865857879339 -0.95142230679143824 0.68558005415840084 0.66624229824495751 -0.28936635183347975 -0.49703087213189218 1.3661838501773398 520.50000000000011 -1.5815011448013794 -0.70469539243030466 0.20304676711158312 -0.56212523497994671 1.0000000180025095e-35 0.59708678903734458 -0.32695114004727932 -0.46300122371075919 -0.50323584144908895 -0.23945370475661135 -0.20712191124124049 0.11495466722064977
decision_type=2 2 2 2 2 2 2 2 2 2 2 2 2 2 2 2 2 2 2 2 2 2 2 2 2 2 2 2 2 2 2 2 2 2
left_child=2 4 7 -4 -2 6 -6 8 14 -10 11 13 -12 -11 15 31 28 -18 19 20 22 -20 -3 24 -24 -5 -23 -28 33 32 -31 -1 -30 -17
right_child=1 18 3 25 5 -7 -8 -9 9 10 12 -13 -14 -15 -16 16 17 -19 21 -21 -22 26 23 -25 -26 -27 27 -29 29 30 -32 -33 -34 -35
leaf_value=-0.0077021752201570379 0.034813118662935405 -0.021355678127112056 -0.014837513399531913 0.036321428992699252 0.030692170947595489 -0.012781957427082343 -0.0015859886298288989 -0.026378206805703169 -0.015112799117917658 0.02795064537462567 -0.023159837368986382 -0.011867165275516853 0.0062730258159141754 0.00082693549385491627 0.0052828118886911538 -0.012799060912509118 -0.015147837649197445 0.015272106068311038 -0.020617079435873958 0.024360768217120694 0.021460042680779588 0.012867794732420149 -0.0070793975600756329 -0.013193685843497898 0.024834364955498615 0.0056855581271677991 -0.019838123115635212 0.00768009505639752 -0.0082190083608023028 0.01162745321127521 -0.012713810699751251 0.013737863873394164 -0.030232911553370805 -0.036900148222392772
leaf_weight=5.4016651958227158 6.9391250312328365 4.8597066849470165 6.0415020287036922 4.9086373895406732 8.169603496789934 5.3077356964349738 6.173209309577941 5.8196794092655173 8.6942403167486173 11.969342604279523 5.2979327887296677 4.7921312600374213 7.7441625595092756 6.5299542695283881 8.5912512987852079 4.4283641725778491 4.5511823147535306 5.3043907284736633 6.3191018551588085 8.5249860882759076 5.392750456929206 7.5263040214777019 5.9262703061103874 6.185265824198722 6.3492833077907562 6.4971772581338856 5.7753497511148435 5.1095566004514694 5.0576426386833191 5.5602210313081661 6.9369271993637307 4.8470371067523939 6.9370793402194906 7.6619550138711929
leaf_count=23 28 21 26 20 33 22 25 27 39 50 23 21 33 28 37 20 20 22 27 35 22 31 25 26 26 27 24 21 22 24 31 21 31 35
internal_value=2.56567e-05 0.0071514 -0.00468123 0.00877919 0.0172799 0.00877496 0.017586 -0.00684077 -0.00541626 0.00105171 0.00552413 0.0124417 -0.00642618 0.0194565 -0.00989104 -0.0123708 -0.0157256 0.000550835 0.00240521 0.0075192 0.00135915 -0.0050562 -0.00406335 0.00145092 0.00989858 0.0220241 0.0011341 -0.00707048 -0.0201171 -0.0130867 -0.00136979 0.00238638 -0.0233406 -0.030901
internal_weight=222.131 88.5582 133.572 17.4473 26.5897 19.6505 14.3428 116.125 110.305 45.0278 36.3335 23.2914 13.0421 18.4993 65.2777 56.6865 46.4378 9.85557 61.9686 37.2383 28.7133 24.7303 23.3205 18.4608 12.2756 11.4058 18.4112 10.8849 36.5822 24.4919 12.4971 10.2487 11.9947 12.0903
internal_count=946 366 580 73 108 80 58 507 480 194 155 99 56 78 286 249 205 42 258 155 120 103 98 77 51 47 76 45 163 108 55 44 53 55
is_linear=0
shrinkage=0.03


Tree=22
num_leaves=32
num_cat=0
split_feature=16 32 19 27 26 16 44 54 0 38 41 40 47 38 19 46 21 45 27 38 45 47 30 26 44 61 45 58 35 20 20
split_gain=8.10795 6.11529 5.06981 4.42823 5.45054 3.92013 3.71271 8.12794 3.96991 3.62004 3.57868 3.4803 5.11811 5.11326 5.73731 3.85242 3.30786 3.9868 5.13701 4.86099 3.24462 3.12291 3.11444 3.81024 2.86507 2.6212 2.87926 3.49239 1.79724 1.40345 1.22656
threshold=-0.78567314496553742 1.4111827304201283 0.42126907346391967 -1.4632898975707211 -1.3178161430750968 0.6551603884640228 -0.55244246664940211 0.56370312486414231 -0.39423872758821416 -0.44131956093492591 -0.50310380797397625 -0.16894840716292384 -0.059363684615183133 0.96819891828444626 -1.2996709663128463 -0.98124447973851281 -0.86370972271160562 0.30553895278668436 1.0000000180025095e-35 -0.36713437781811681 -0.20712191124124049 0.37897077841116539 0.44228100359861361 -1.0000000180025095e-35 1.180789062481522 517.50000000000011 1.1231521998297664 -0.80565754747579155 0.21968138215412017 0.75761800943748059 0.75761800943748059
decision_type=2 2 2 2 2 2 2 2 2 2 2 2 2 2 2 2 2 2 2 2 2 2 2 2 2 2 2 2 2 2 2
left_child=25 2 6 -4 -5 16 7 9 30 10 -2 12 -10 22 -15 -14 -6 19 21 -18 -12 -19 23 29 -16 -1 -27 -28 -25 -13 -8
right_child=1 -3 3 4 5 -7 8 -9 11 -11 20 13 15 14 24 -17 17 18 -20 -21 -22 -23 -24 28 -26 26 27 -29 -30 -31 -32
leaf_value=0.02742401130427494 -0.01100743442709695 0.021143324782903723 -0.020530719285520069 -0.014409861556446675 -0.0074367793031947264 -0.0092021810998144989 -0.029391020969788351 -0.023714228815212048 -0.011596492077822962 0.027661622196045284 0.024103530429257072 -0.0086809439058834498 -0.0008245424462939593 0.026094025958313262 0.0025500068857611962 0.032658569481873748 0.0019778067277661333 0 -0.011788117440750338 0.034270224237759037 -0.0045572856122459305 0.030378266611454378 -0.030018790786642206 0.013204529494265349 -0.024192115647644025 -0.0042117833591191036 -5.4660081341921393e-05 0.030963799225091609 -0.0083042686472751086 -0.030557091501909321 -0.0063388718303024512
leaf_weight=8.573952332139017 8.5521920174360293 8.0530059039592725 4.8364795744419089 8.6289141327142698 5.0352901816368094 7.1007205992937079 10.342684149742125 7.3069054782390586 8.8993908911943453 5.7563184499740627 6.9561869502067584 9.0116654038429207 5.1164576709270477 4.8024744838476208 7.6325255930423719 5.0074353665113431 6.6498032063245764 5.0634991973638552 7.9156374633312216 13.555011436343195 4.9139090031385386 5.658666580915451 10.811670914292334 5.832620188593868 4.4691085368394852 9.435878664255144 5.4329651147127169 5.4559535384178126 5.0065769106149673 5.3504822105169305 4.6300929188728324
leaf_count=35 37 33 20 37 21 30 47 33 39 24 29 40 22 20 34 21 28 21 33 55 21 23 49 25 20 39 22 22 22 24 20
internal_value=1.42441e-05 -0.00221215 -0.00342387 0.00325512 0.00573985 0.00957922 -0.00704413 0.00125245 -0.0102755 0.00934536 0.00236951 -0.00693843 0.00362864 -0.0108428 0.00235489 0.0172978 0.0129545 0.0159249 0.00488603 0.0247898 0.0126098 0.0176226 -0.017044 -0.0098793 -0.00846349 0.0144484 0.0071911 0.0168702 0.00298167 -0.0193279 -0.0238531
internal_weight=221.794 192.896 184.843 64.444 59.6075 50.9786 120.399 33.4855 86.9132 26.1786 20.4223 71.9404 19.0233 52.9171 16.9041 10.1239 43.8779 38.8426 18.6378 20.2048 11.8701 10.7222 36.013 25.2013 12.1016 28.8987 20.3248 10.8889 10.8392 14.3621 14.9728
internal_count=946 828 795 268 248 211 527 144 383 111 87 316 82 234 74 43 181 160 77 83 50 44 160 111 54 118 83 44 47 64 67
is_linear=0
shrinkage=0.03


Tree=23
num_leaves=27
num_cat=0
split_feature=1 32 12 55 40 40 20 58 10 25 54 31 54 41 37 38 36 47 39 41 10 24 46 55 54 12
split_gain=6.52147 6.50421 5.21839 4.4597 5.29335 4.43285 3.78892 5.67289 3.88235 3.71 4.14738 3.33017 4.3112 6.83543 3.36687 5.21527 3.20779 3.02337 2.88783 3.28996 2.66823 2.40278 2.01108 1.66765 1.37494 1.18769
threshold=0.34111859417386031 1.1806846780092439 -0.15549571934858794 -1.1245972461572784 -0.57410170279540129 1.1104830527291107 -1.1334285259922199 1.0000000180025095e-35 0.20345597430939574 0.85694683443686237 0.46032243778371001 -1.5815011448013794 -0.80467490133193731 -0.82964665692312123 0.64819295523885967 -0.54023313842400456 -0.29262191197002957 0.17730641313084919 0.92255728637689494 -0.50310380797397625 -2.6691408381768125 1.0000000180025095e-35 0.29840622307877035 -1.4365065444494545 -0.52051049638331315 -0.32494519631076246
decision_type=2 2 2 2 2 2 2 2 2 2 2 2 2 2 2 2 2 2 2 2 2 2 2 2 2 2
left_child=1 3 20 21 9 11 -7 -8 -9 10 16 -6 13 -13 18 -16 24 -3 19 -14 -2 23 -15 -1 -5 -22
right_child=2 17 -4 4 5 6 7 8 -10 -11 -12 12 14 22 15 -17 -18 -19 -20 -21 25 -23 -24 -25 -26 -27
leaf_value=0.0026744639654833267 0.00084120713139483703 0 -0.0070984702290302296 -0.0011997947940048501 -0.029144450449389656 -0.013784589498767924 0.029309314982391949 0.012625248525913024 -0.019899799808229136 -0.0082772142007130154 -0.0043374711366526509 -0.012557167669332424 -0.00092594487696368119 0.028677977126522092 -0.013389666786523115 0.024963275248220305 0.033572083339544923 0.02782668132178473 0.0030889215620751123 -0.018634269341462804 0.032236203776460165 -0.028524894487854682 0.001840600726781251 -0.017351860958656973 0.016276020650022024 0.0097720159559901033
leaf_weight=7.0656193047761926 5.6805829554796281 6.0660978108644468 7.5047191381454459 6.3000507205724725 4.8612229973077765 4.8668900579214123 8.1508059203624743 5.7006775140762311 4.5421035438776016 8.4416432827711088 8.0715305507183057 8.9643300771713275 13.279983386397353 6.9864929467439634 4.9086255729198456 4.8030852824449521 7.7678447961807278 7.5606735646724701 8.6323386281728727 41.046665549278266 10.142162263393407 7.6718270629644385 4.5981971472501755 5.009523108601571 6.9453283697366723 5.8758402913808778
leaf_count=30 23 25 31 27 22 21 34 24 20 36 35 39 58 29 21 20 32 31 37 181 41 34 20 22 29 24
internal_value=9.15458e-06 -0.00199986 0.0128812 -0.00359961 -0.00181254 -0.00488522 0.00645251 0.0127444 -0.00198644 0.00777508 0.0128078 -0.00769097 -0.00606505 0.00558743 -0.00948727 0.00584534 0.0195103 0.0168501 -0.0120265 -0.0145542 0.0200623 -0.0165515 0.0199164 -0.00619101 0.00828042 0.0258806
internal_weight=221.445 192.242 29.2033 178.615 158.868 121.341 23.2605 18.3936 10.2428 37.5264 29.0848 98.0809 93.2197 20.549 72.6707 9.71171 21.0132 13.6268 62.959 54.3266 21.6986 19.747 11.5847 12.0751 13.2454 16.018
internal_count=946 827 119 771 685 526 99 78 44 159 123 427 405 88 317 41 88 56 276 239 88 86 49 52 56 65
is_linear=0
shrinkage=0.03


Tree=24
num_leaves=32
num_cat=0
split_feature=16 32 41 54 16 30 34 54 58 55 38 39 41 26 34 49 55 0 43 14 34 41 34 43 60 2 61 46 46 26 45
split_gain=7.4291 5.59083 4.1896 4.8317 5.35182 4.84211 3.96908 3.49259 3.48504 3.45484 3.42773 3.31129 3.40936 3.09687 2.91837 5.42346 5.44862 4.36933 4.74211 2.78986 2.81342 2.53759 5.91186 5.18201 3.26484 2.4949 2.47054 2.7408 3.12667 2.42082 1.39181
threshold=-0.78567314496553742 1.4111827304201283 -1.156189505872266 -0.11019641023736841 0.81419008605198606 -0.26620073951306961 -0.043845750583335771 -0.5044790299618519 0.86024855069273076 -0.76308830324443522 -0.44131956093492591 -1.6010816808139847 -1.5915799711377929 -0.47324043541061189 0.48859783913153293 1.0000000180025095e-35 0.96247645368892476 -0.49679645971586589 -0.17800252475676173 -0.19572430858335721 -0.48121012784912082 1.0000000180025095e-35 -0.19597249050187002 -0.62741807350043499 440.50000000000006 -0.35671528454548668 517.50000000000011 0.43749194886869303 -0.36774343858485509 -0.83520145298110537 0.085465702995653162
decision_type=2 2 2 2 2 2 2 2 2 2 2 2 2 2 2 2 2 2 2 2 2 2 2 2 2 2 2 2 2 2 2
left_child=26 2 11 4 5 6 7 9 10 -4 -7 -2 29 -6 21 16 17 -16 30 -12 -21 22 -5 -24 -23 -26 -1 28 -28 -13 -19
right_child=1 -3 3 14 13 8 -8 -9 -10 -11 19 12 -14 -15 15 -17 -18 18 -20 20 -22 24 23 -25 25 -27 27 -29 -30 -31 -32
leaf_value=0.026412146338084957 0.0038474681013265805 0.020184826924327496 0.0093392050244559995 0.01801000770836091 -0.024723286906986133 -0.0020651241951265124 -0.02118996194398903 0.020551514188419703 -0.0034990186913217694 -0.016347350436727609 0.0013011463334179113 -0.019239322816135846 -0.031348650040767603 0.0018081123402122054 -0.0087130672848736816 -0.023185888287361744 -0.01701661533971055 -0.0074705801416920575 0.031769120053694047 0.013898471006050805 0.040632003432822583 0.0026293935604298538 0.0072844722422766633 -0.028199645067429401 -0.0013594128202097881 -0.02824073360068759 -0.0040492237857379446 -0.0081311744361675445 0.022907377310324627 0.0065699966184739724 0.012215670806547081
leaf_weight=8.5808120667934435 6.0113174021244076 8.0704033076763135 7.9122329503297841 6.4075298309326199 6.6922981888055801 5.0058791041374198 5.6818713098764411 6.4741607457399377 6.6936224997043601 7.7965646535158157 4.8868456333875683 4.4749270975589779 9.7731897383928263 6.5495066493749601 6.0219783335924175 6.0392481982707968 6.3162817358970633 4.9849089533090645 9.4534617364406568 10.653576478362087 8.7074539661407471 4.8854196816682842 5.0389798134565362 7.5709894150495503 4.600430682301524 15.202270179986952 4.8914066106081036 6.1053581684827796 9.3245231956243497 5.5722574442625055 4.7572455108165741
leaf_count=35 26 33 33 27 31 21 25 27 29 33 21 20 44 29 26 26 27 22 39 44 36 21 22 34 20 68 20 25 38 24 20
internal_value=1.74222e-05 -0.00211948 -0.00328439 -0.00135646 0.0039401 0.00761721 -0.00157923 0.00421441 0.0146838 -0.00337452 0.0190071 -0.014159 -0.019788 -0.0123449 -0.0064306 -8.64551e-05 0.00500777 0.0113945 0.0181668 0.0234573 0.0282664 -0.011568 -0.00261976 -0.0143279 -0.0176869 -0.0228129 0.0138312 0.0067934 0.0137492 -0.00541161 0.00195607
internal_weight=221.137 192.235 184.164 158.333 77.054 63.8122 27.8648 22.183 35.9474 15.7088 29.2538 25.8317 19.8204 13.2418 81.2787 37.5731 31.5339 25.2176 19.1956 24.2479 19.361 43.7056 19.0175 12.61 24.6881 19.8027 28.9021 20.3213 14.2159 10.0472 9.74215
internal_count=946 828 795 681 329 269 118 93 151 66 122 114 88 60 352 160 134 107 81 101 80 192 83 56 109 88 118 83 58 44 42
is_linear=0
shrinkage=0.03


Tree=25
num_leaves=35
num_cat=0
split_feature=19 47 55 25 16 20 32 56 61 32 6 32 30 12 6 36 51 24 24 46 34 19 18 36 38 58 46 39 46 31 49 54 61 20
split_gain=7.1692 3.99261 6.47408 3.94268 4.11159 3.88922 3.52152 3.18047 3.65527 3.76024 3.04632 3.27283 2.84518 3.13785 2.78667 3.91508 4.08136 4.53643 5.40321 3.55264 2.68287 2.58086 2.54186 2.26994 2.0222 1.612 1.48093 2.04932 1.25848 1.20942 1.19444 0.884453 0.664937 0.558267
threshold=0.42126907346391967 0.91240466164945089 -1.112226159348251 0.85694683443686237 0.52847142804348812 -0.5931295158694484 -0.43280168886694809 1.0000000180025095e-35 498.00000000000006 -1.0000000180025095e-35 0.90456316829726624 -1.3547938985104861 -0.97468248262475266 -0.14163729766753219 -0.86175529449886012 -0.51504908722187315 -0.25673475651434896 1.0000000180025095e-35 -0.82924062979249846 0.052110472192572851 -0.72841608021673843 -0.56212523497994671 0.68606868836856583 0.374659613785501 0.18395555390675042 -0.80565754747579155 -0.16095970272301199 -0.20435068010456722 0.071831262907331356 0.54129172936017034 -0.19967118287037519 0.29768646075213256 691.00000000000011 -0.5931295158694484
decision_type=2 2 2 2 2 2 2 2 2 2 2 2 2 2 2 2 2 2 2 2 2 2 2 2 2 2 2 2 2 2 2 2 2 2
left_child=1 10 -3 4 7 -5 -7 8 -2 -10 11 -1 -9 25 -13 26 23 18 28 24 -20 -4 -6 -17 -19 -14 27 -16 -18 -11 -21 -29 -28 -27
right_child=3 2 21 5 22 6 -8 12 9 29 -12 14 13 -15 15 16 17 19 20 30 -22 -23 -24 -25 -26 33 32 31 -30 -31 -32 -33 -34 -35
leaf_value=0.013919333530768253 0.022006179056464077 -0.014159587329687862 0.034792290158892909 -0.018209457764969714 -0.015664033159008686 -0.011406353873040537 0.016481690818016408 0.0006196525921796373 0.011775939999687906 -0.00079652949997046415 -0.025635088678559913 0.0098942541773275588 0.010361931006308058 0.0023222375318798813 0.0006252402376319174 -0.027052141400801227 0.0015812896554331464 -0.0044930572463609758 -0.0022725204118439024 0.012107985870995538 0.021647501647859665 0.0051263711055377316 0.0091603160722989446 -0.0014613054601747256 -0.031546197075131281 0.017418337158434695 -0.031482825822459266 -0.026006333114478676 -0.017220811033126344 -0.022346110410785887 -0.0061365169126380492 -0.0044730553642288668 -0.011192431637577842 0.043382987881910681
leaf_weight=6.1052419841289511 6.3153380304574993 5.9690151661634472 4.9233469069004068 8.6588476300239581 6.8508388102054578 5.1919848918914786 8.7505529075860959 6.1191971153020885 7.7371778041124406 4.764916121959681 5.7167102396488181 7.1738941520452491 5.3528866022825303 5.3724558800458899 9.175370857119562 7.2613095939159376 4.5434600859880394 5.7239510267972964 4.624678134918212 4.910621166229248 16.157028555870067 6.4946360439062092 5.0627523511648178 5.939310759305954 5.4320715218782425 5.3909713625907942 6.6157731562852842 4.6220901161432284 5.4474654942750931 5.0802403539419174 4.7377813309431058 4.5421461164951324 6.4019026905298233 7.6573034971952376
leaf_count=26 26 26 20 37 29 22 36 25 32 20 27 31 22 22 39 33 20 25 20 21 70 27 21 26 24 22 31 20 25 21 21 20 28 31
internal_value=1.38491e-05 -0.00435448 0.00840304 0.00659934 0.0102825 -0.00383263 0.00560888 0.0137767 0.0048323 -0.00226684 -0.00641585 -0.00502447 0.0201635 0.0246213 -0.00638443 -0.007794 -0.00331111 0.000535653 0.00781553 -0.00976473 0.0162605 0.0209372 -0.00482279 -0.0172702 -0.0203175 0.0301646 -0.0162982 -0.00905085 -0.00905798 -0.0139296 0.00299069 -0.0180266 -0.024105 0.0359699
internal_weight=220.823 132.518 17.387 88.3055 65.7041 22.6014 13.9425 53.7905 23.8977 17.5823 115.131 109.414 29.8928 23.7736 103.309 96.135 64.7777 51.5771 30.7726 20.8044 20.7817 11.418 11.9136 13.2006 11.156 18.4012 31.3573 18.3396 9.99093 9.84516 9.6484 9.16424 13.0177 13.0483
internal_count=946 580 73 366 271 95 58 221 99 73 507 480 122 97 454 423 285 226 135 91 90 47 50 59 49 75 138 79 45 41 42 40 59 53
is_linear=0
shrinkage=0.03


Tree=26
num_leaves=34
num_cat=0
split_feature=16 32 19 27 26 44 54 55 0 16 24 12 40 47 38 19 46 21 45 27 38 47 34 25 18 44 18 26 55 52 54 55 36
split_gain=6.85864 5.2851 4.40337 4.13565 4.79089 3.52026 7.60234 6.94774 3.726 3.44152 3.40981 3.3745 3.2107 4.83436 4.74229 5.17794 3.52458 3.1197 3.70704 4.77513 4.39684 2.90693 2.9 2.85363 4.36867 2.69536 2.55497 1.62735 1.61122 1.01757 0.94306 0.54493 0.0274961
threshold=-0.78567314496553742 1.4111827304201283 0.42126907346391967 -1.4632898975707211 -1.3178161430750968 -0.55244246664940211 0.56370312486414231 -1.1245972461572784 -0.39423872758821416 0.6551603884640228 -0.82924062979249846 -0.32865030153093172 -0.16894840716292384 -0.059363684615183133 0.96819891828444626 -1.2996709663128463 -0.98124447973851281 -0.86370972271160562 0.30553895278668436 1.0000000180025095e-35 -0.36713437781811681 0.37897077841116539 0.41253446917226594 -0.2491430421438364 -1.5845620186808438 1.180789062481522 0.71261637633141051 0.73329628982436723 0.31526988350778379 0.45042709807999587 -0.31919212856654139 0.16733311589429667 1.2643683147928755
decision_type=2 2 2 2 2 2 2 2 2 2 2 2 2 2 2 2 2 2 2 2 2 2 2 2 2 2 2 2 2 2 2 2 2
left_child=11 2 5 -4 -5 6 7 -2 28 17 -9 29 13 -10 22 -16 -15 -6 20 21 -19 -20 26 24 -13 -17 31 -24 -7 -1 -12 -14 -22
right_child=1 -3 3 4 9 8 -8 10 12 -11 30 23 14 16 15 25 -18 18 19 -21 32 -23 27 -25 -26 -27 -28 -29 -30 -31 -32 -33 -34
leaf_value=0.031505033178355742 -0.016135358932040999 0.01962799229579212 -0.01999459329138456 -0.013536911900784539 -0.0075528806764263807 -0.029191158256704753 -0.022868467165915618 0.00037173943030259602 -0.01123394546929225 -0.008601582260143183 0.0109276300696927 -0.0076532248814242749 -0.013595508077648973 -0.00054067277448663505 0.024894726702633825 0.0026895119067426171 0.031514071941274514 0.0018601854821793027 0 -0.011636226154669223 0.03796326397405541 0.029078679897735826 -0.01181966656459384 -0.012252306974064065 0.025947305697739894 -0.023337473017858618 0 0.0090157138424468725 -0.0045794402633094781 0.0086097098536243172 0.033965553376236295 -0.030998389703776025 0.016546618813069874
leaf_weight=7.1746953576803225 5.8893710821867016 8.0692195445299131 4.8098229467868796 8.5335320234298688 5.0298941433429709 10.136953592300413 7.172855168581008 7.5298712402582195 8.8316981941461581 7.0468670278787604 5.7122369110584286 4.8935394734144237 8.0320541113615089 5.0844190120697021 4.8190528750419643 7.5940347313880903 5.0313644111156446 6.6415395438671103 5.0557628870010394 7.8835917562246314 8.3794101625680941 5.6418794095516205 5.6901792585849744 5.2742654681205741 6.3924794346094123 4.3950318396091461 4.619928076863288 4.7082251012325287 4.610938072204589 5.1731217205524445 6.9679923653602556 12.516415059566496 5.1971071362495413
leaf_count=29 26 33 20 37 21 46 33 32 39 30 24 20 36 22 20 34 21 28 21 33 34 23 25 22 26 20 21 20 21 21 29 58 21
internal_value=3.14818e-06 -0.00205512 -0.00319208 0.00303303 0.00544235 -0.00658759 0.0015019 0.00929581 -0.00975543 0.00903684 0.0175858 0.013273 -0.0065173 0.00362901 -0.0102981 0.00241393 0.0168968 0.0121959 0.0150908 0.00443879 0.0236215 0.0167513 -0.016322 0.00336966 0.0117204 -0.007941 -0.0215982 -0.0019342 -0.0229987 0.0243179 0.0262642 -0.0258557 0.0326249
internal_weight=220.539 191.631 183.562 64.2194 59.4096 119.343 33.2723 26.0995 86.0703 50.8761 20.2101 28.9081 71.3224 18.9475 52.3749 16.8081 10.1158 43.8292 38.7993 18.5812 20.2181 10.6976 35.5668 16.5603 11.286 11.9891 25.1684 10.3984 14.7479 12.3478 12.6802 20.5485 13.5765
internal_count=946 828 795 268 248 527 144 111 383 211 85 118 316 82 234 74 43 181 160 77 83 44 160 68 46 54 115 45 67 50 53 94 55
is_linear=0
shrinkage=0.03


Tree=27
num_leaves=34
num_cat=0
split_feature=16 56 55 34 52 46 27 49 55 46 51 16 25 30 46 27 39 46 39 34 57 19 14 30 55 46 19 46 44 46 16 13 34
split_gain=6.54431 4.39735 6.6553 4.25912 4.42796 5.28003 4.91139 4.66994 3.72135 3.71523 3.45629 4.68412 4.79607 3.43645 4.21925 3.32872 3.25253 3.09428 3.26098 3.50376 2.87622 5.1993 4.60083 2.418 1.86088 1.98744 1.72935 1.58419 3.97103 1.31221 0.850486 0.694302 0.0186497
threshold=0.13949118055749907 1.0000000180025095e-35 -1.4099314508172542 1.2492315387242028 0.45042709807999587 -0.091771939898148858 1.1873416460269808 -0.19967118287037519 0.080992999497913928 0.74104603680768233 -0.25673475651434896 -0.028293411722727788 -0.61783966767073573 -0.46300122371075919 -0.53930133473734432 -0.74039038568043913 0.55750259300966098 0.4841296468746023 0.68447813852869899 -0.043845750583335945 1.0000000180025095e-35 -0.070428080758013545 -0.04507910745035671 -0.26620073951306961 0.81179350582715915 -0.95352110724140282 0.29834478490843636 0.21512449091317973 1.0000000180025095e-35 0.61740489285246503 -0.78567314496553742 1.6394871098486867 -0.1199091205426029
decision_type=2 2 2 2 2 2 2 2 2 2 2 2 2 2 2 2 2 2 2 2 2 2 2 2 2 2 2 2 2 2 2 2 2
left_child=1 10 -3 4 5 7 15 13 23 -8 -1 12 -12 14 -2 -7 27 18 19 -4 21 32 -22 -9 25 -15 -21 -17 -29 -30 -14 -20 -6
right_child=3 2 17 -5 20 6 9 8 -10 -11 11 -13 30 24 -16 16 -18 -19 31 26 22 -23 -24 -25 -26 -27 -28 28 29 -31 -32 -33 -34
leaf_value=0.013053573516571652 0.012912080564433829 -0.013803491691645912 0.022978694358267701 0.014945849118512763 -0.014376653364128349 0.0035750916135447184 -0.0096591051972905167 -0.0073817117960766777 -0.025374447314786931 0.021960136095074159 0.0067006917591311598 0.014826803406481506 -0.0076519656611505225 0.0089314350429189754 -0.017769681410304411 -0.032745886518815812 0.0038120246959573844 0 0.041369264732328728 -0.013011093783442772 0.014821485637754574 0.0020388044447447596 -0.020735402313070455 0.016078802431704418 0.0041163615448453371 0.039284506711601101 0.0093164021314088279 0.0015650455178943549 -0.004786991079547635 -0.027483382301838 -0.028834768542676439 0.015031343015715634 -0.034951923928708779
leaf_weight=9.3361179530620557 8.6373841911554319 5.8069943636655799 10.189511984586717 8.5871029794216138 4.5215901583433178 8.1665773987770063 4.4185514450073224 8.1553264111280441 4.8985611647367469 6.2233466356992722 5.9391603171825436 5.2379755228757885 4.8285937309265163 5.1949586719274548 5.1812789291143444 7.1473942250013378 5.1837374418973914 7.060625120997428 6.7976858168840391 4.3919917047023791 5.5678479671478271 5.4150172621011761 4.5643907487392408 5.1010069251060495 5.6541010588407508 5.3086379617452613 5.0399173498153687 8.5850974172353762 4.5037726312875774 11.656785160303114 8.6206417977809853 4.9408498108386993 9.2569756656885129
leaf_count=39 37 24 42 36 20 35 20 35 22 27 25 22 20 22 23 33 22 29 28 20 24 23 20 21 24 22 21 37 20 52 38 20 43
internal_value=6.30893e-06 0.00692591 0.0130114 -0.00379649 -0.0052008 -0.00214041 -0.00835128 0.00498461 -0.00648676 0.00876616 -0.00104483 -0.00706192 -0.0139027 0.0121008 0.000402811 -0.012658 -0.0163891 0.0175809 0.0214535 0.0119725 -0.0152288 -0.0216709 -0.0012888 0.001956 0.0208815 0.0277641 -0.000890307 -0.0198759 -0.0142709 -0.0224417 -0.0231619 0.0336959 -0.030667
internal_weight=220.12 78.1901 44.2276 141.929 133.342 104.017 55.8853 48.1313 18.1549 10.6419 33.9625 24.6264 19.3884 29.9764 13.8187 45.2434 37.0768 38.4206 31.36 19.6214 29.3258 19.1936 10.1322 13.2563 16.1577 10.5036 9.43191 31.893 24.7457 16.1606 13.4492 11.7385 13.7786
internal_count=946 328 184 618 582 452 246 206 78 47 144 105 83 128 60 199 164 160 131 83 130 86 44 56 68 44 41 142 109 72 58 48 63
is_linear=0
shrinkage=0.03


Tree=28
num_leaves=32
num_cat=0
split_feature=19 42 32 45 32 44 20 18 27 53 24 38 42 28 40 0 36 40 38 42 31 13 37 39 54 54 12 54 12 42 49
split_gain=6.31863 3.96501 3.67456 2.86883 2.84649 2.84381 2.76131 4.51467 3.34985 3.35107 3.20528 3.19508 3.62501 2.88766 2.67676 2.2371 2.6245 7.00173 3.46968 3.3767 2.1145 1.96414 1.74358 1.57978 1.56394 4.20868 1.87331 1.55095 1.02803 0.894333 0.451408
threshold=0.42126907346391967 1.6569597596732979 0.71968857318747459 -0.67205924563503305 -1.3547938985104861 1.4283935666430827 -0.5931295158694484 0.2081721977471794 -0.74039038568043913 -0.98840251323243333 0.68304082720377501 -0.44131956093492591 -0.84980963271211241 0.1771456832741484 0.93684592602947714 -0.59067205579038318 -0.29262191197002957 -0.34739542656891814 0.30053227023316481 -1.0000000180025095e-35 -0.70469539243030466 0.24876840802995417 -0.81452318769034882 -0.077375134585529123 -0.18294352219536783 0.13672022585450308 -0.20503135928009225 -0.058045080139107065 -0.43580267550567225 1.0000000180025095e-35 -0.38042614841618866
decision_type=2 2 2 2 2 2 2 2 2 2 2 2 2 2 2 2 2 2 2 2 2 2 2 2 2 2 2 2 2 2 2
left_child=2 6 4 -4 -1 14 7 13 9 -8 11 -10 -13 -2 15 -6 24 -18 19 -19 -9 -5 -16 -20 29 -26 -27 -14 -22 30 -17
right_child=1 -3 3 21 5 -7 8 20 10 -11 -12 12 27 -15 22 16 17 18 23 -21 28 -23 -24 -25 25 26 -28 -29 -30 -31 -32
leaf_value=0.010793239559762826 0.02069081252376909 0.024282065807150265 -0.011269158558301184 0.020985530295947279 0.0052648877951845851 -0.026708113053963731 0 0.00077563179475854157 -0.0061721048099066958 0.030549160584914511 -0.013613066659032209 -0.003703398586587592 0.030887716922683932 -0.0036640735814469963 0.015950932402105579 -0.0094638075428319351 0.018591700927564039 0.01544939262926062 -0.028157844003499237 -0.01226994414577209 -0.02792061141898617 0.0010081046363400927 -0.0038331576211021088 -0.0061569040959209703 0.013704787059462343 -0.022107399047832606 0 0.0056058507370501743 -0.0068621689633514291 -0.0071936390493804424 -0.029197429190970545
leaf_weight=6.5060867816209784 7.3378327190875989 8.3937406837940198 4.8067881017923382 8.8025069534778613 8.494536876678465 5.4669819325208655 5.2663904577493659 6.3516462892293921 8.7084126025438291 8.3381400108337385 6.73047812283039 5.7580648064613333 7.3766041845083219 7.2572811245918274 6.0750091224908829 4.4602883160114244 8.1428596228361112 5.9402133226394653 8.1622454226016981 6.9058997780084699 5.5147692114114752 9.2265044152736646 6.7927345037460309 6.9487623423337928 4.7086132466793087 9.5502827018499374 4.3892051279544804 4.8231481462717127 6.2200631648302105 6.177552953362464 10.142129465937613
leaf_count=28 30 34 21 36 37 25 22 27 37 34 28 24 30 30 27 20 35 26 38 31 24 38 30 31 20 44 20 20 26 27 46
internal_value=9.58593e-06 0.00619732 -0.00410673 0.00640804 -0.00642385 -0.00771607 0.00380492 -0.00269058 0.00838871 0.0202037 0.00274226 0.00758844 0.0145312 0.00899494 -0.00619263 -0.00816552 -0.00982702 -0.00353729 -0.0108048 0.000404769 -0.0123934 0.0119318 0.00577969 -0.0198715 -0.0150985 -0.00736533 -0.0155112 0.0230387 -0.0192547 -0.020806 -0.0249855
internal_weight=219.776 88.0766 131.699 22.8358 108.863 102.357 79.6828 32.6816 47.0012 13.6045 33.3967 26.6662 17.9578 14.5951 96.8903 84.0226 75.5281 36.1 27.9571 12.8461 18.0865 18.029 12.8677 15.111 39.4281 18.6481 13.9395 12.1998 11.7348 20.78 14.6024
internal_count=946 366 580 95 485 457 332 137 195 56 139 111 74 60 432 375 338 161 126 57 77 74 57 69 177 84 64 50 50 93 66
is_linear=0
shrinkage=0.03


Tree=29
num_leaves=33
num_cat=0
split_feature=48 61 43 49 12 43 21 31 42 36 55 61 26 26 18 36 52 44 26 46 34 37 42 23 32 39 48 54 46 45 39 1
split_gain=5.11365 4.45765 3.80256 3.39928 4.97303 3.1876 3.08563 3.465 7.25677 4.29976 6.14809 3.79441 3.77484 3.40117 3.18417 3.19906 2.9875 2.81097 2.75871 3.48251 3.55469 2.12282 1.8253 2.36299 1.64921 1.63397 1.38301 1.2685 1.19785 0.885111 0.570307 0.384493
threshold=0.85164727947985119 137.50000000000003 0.49612079835874806 1.0000000180025095e-35 -0.21075645939568904 -1.0000000180025095e-35 0.62865447397365271 0.10000462372604361 -1.0664440246466538 0.374659613785501 0.66323264032781082 452.00000000000006 -0.11127941784011844 1.0000000180025095e-35 0.56730764337212758 -0.29262191197002957 0.45042709807999587 -0.80004697081096265 0.49198894477737126 0.10263752458441705 0.56466120909079975 1.0000000180025095e-35 1.0000000180025095e-35 -0.25119922446298465 -0.95142230679143824 0.81145368404773677 -0.88166359806532946 -0.63195891598829179 -0.30622373192869523 -0.066456087832981861 0.30355150197158465 -0.1005080028350273
decision_type=2 2 2 2 2 2 2 2 2 2 2 2 2 2 2 2 2 2 2 2 2 2 2 2 2 2 2 2 2 2 2 2
left_child=1 5 3 4 16 29 7 8 17 10 11 -10 27 31 15 -13 28 -3 22 20 -20 -15 -9 -24 -16 -22 -19 -11 -2 -1 -25 -8
right_child=2 6 -4 -5 -6 -7 13 18 9 12 -12 14 -14 21 24 -17 -18 26 19 -21 25 -23 23 30 -26 -27 -28 -29 -30 -31 -32 -33
leaf_value=0.008732926332920771 0.033239880056238687 0.0023757581284086756 0.027306869200339354 -0.010522861468335015 -0.0089334010274924151 0.027583194565312705 -0.025633912608718543 0.00033715819774344537 -0.016546679429451094 0.012712859207749814 -0.024301874188091731 0.0054406598812280363 0 0.011221608555935273 0.0072788204696468614 0.027525081781123315 9.0770585382983406e-05 -0.006991205098184663 -0.026076309956801699 0.012493845598922788 0.011851351457909899 -0.012553560824650544 0 -0.031442413984552831 -0.012713533365882166 -0.0091588184237807978 -0.03129248481482038 0.036954224000069813 0.0096366438045008013 -0.0073659048950108939 -0.011775456889824371 -0.0088018837695864969
leaf_weight=4.6061796844005576 7.0977674722671518 4.9338748008012798 7.0585651993751517 8.5910293012857419 7.8603215664625194 5.6953866183757773 9.9125656783580762 4.6381610631942776 4.7805666625499716 7.7797255665063867 5.9338606446981421 18.273673132061955 7.9469603747129431 5.8135257363319379 5.0520873665809631 8.8465715348720604 6.8216950744390479 5.4583879560232171 5.3770762681961086 9.1228658407926542 5.1915392726659757 4.7794103920459747 4.6875004917383256 7.5919378548860497 6.7590033411979658 5.01585353910923 6.2668133378028843 5.4150779396295556 5.8379376232624063 4.6084749698638907 6.3542976528406143 5.3375617563724544
leaf_count=20 29 21 29 36 33 24 46 20 21 33 27 78 34 25 22 37 29 24 25 38 22 21 20 34 30 22 29 22 24 20 28 23
internal_value=6.5679e-06 -0.00224961 0.009095 0.00444065 0.00960369 0.0126022 -0.00376306 -0.00183324 0.00167366 0.00596606 0.000869733 0.00511237 0.016818 -0.0130012 0.0084356 0.0139192 0.0173708 -0.0152213 -0.00820313 -0.000800618 -0.00934782 0 -0.0152957 -0.0192201 -0.00385465 0.0011639 -0.0225093 0.0258264 0.0251115 0.000217494 -0.0248838 -0.0214167
internal_weight=219.446 176.179 43.2673 36.2088 27.6177 14.91 161.269 135.426 87.4466 70.7875 49.6458 43.7119 21.1418 25.8431 38.9313 27.1202 19.7574 16.6591 47.9792 24.7073 15.5845 10.5929 23.2719 18.6337 11.8111 10.2074 11.7252 13.1948 12.9357 9.21465 13.9462 15.2501
internal_count=946 766 180 151 115 64 702 587 378 304 215 188 89 115 167 115 82 74 209 107 69 46 102 82 52 44 53 55 53 40 62 69
is_linear=0
shrinkage=0.03


Tree=30
num_leaves=35
num_cat=0
split_feature=16 19 42 59 38 43 12 44 55 54 24 39 18 40 55 43 28 37 38 40 31 27 25 25 18 48 37 25 46 42 52 12 16 33
split_gain=5.98749 4.49255 4.54718 6.54621 5.27715 3.96406 3.19956 2.97404 5.88067 5.07344 3.27102 2.97086 4.81229 3.13532 6.93683 3.02468 3.45677 3.06094 2.97298 3.25161 2.95131 4.03085 2.755 2.60527 4.16968 2.58565 2.56545 1.55711 1.43509 1.31826 0.95503 0.71402 0.655258 0.481838
threshold=-0.78567314496553742 0.42126907346391967 -0.32369753801393991 1.0000000180025095e-35 -0.54023313842400456 0.49612079835874806 -0.32865030153093172 -0.55244246664940211 -1.112226159348251 0.47192303807962482 -0.82924062979249846 0.55750259300966098 0.28267721589948219 1.1104830527291107 0.61294735109695875 0.49612079835874806 0.1771456832741484 -1.0000000180025095e-35 -0.14457882846768974 -0.25752443130929537 -0.70469539243030466 -0.41910171372920263 -0.2491430421438364 -0.2491430421438364 -1.5845620186808438 -0.92493805229865567 -0.57073716386881412 -1.0000000180025095e-35 0.50020030882923239 -0.32369753801393991 0.45042709807999587 -0.12195055596950521 0.36822868062326269 -0.39274676230975408
decision_type=2 2 2 2 2 2 2 2 2 2 2 2 2 2 2 2 2 2 2 2 2 2 2 2 2 2 2 2 2 2 2 2 2 2
left_child=6 7 5 22 -5 20 30 8 33 10 -10 12 32 14 18 17 -17 -13 27 -20 21 -3 -4 24 -8 -7 -21 -14 -6 -12 -1 -16 -9 -2
right_child=1 2 3 4 28 25 23 11 9 -11 29 15 13 -15 31 16 -18 -19 19 26 -22 -23 -24 -25 -26 -27 -28 -29 -30 -31 -32 -33 -34 -35
leaf_value=0.030105475275568481 -0.0054057495407326909 0.01607283530015844 0.0083411908291565976 0 0.039497538156477191 -0.00416571074642478 -0.0079675379680717168 -0.03180832539213397 0.0001484894057415204 -0.012221469662775148 0.0078963401971379066 -0.018039527049728513 0 0.0093126416277481815 -0.030197029434689351 0.027011046208041255 -0.004410215087748426 0.0088077319559672195 0.024525413955323996 0.01066412313636524 -0.021801492152882251 -0.015121531034995766 -0.014367774708620457 -0.012095111533319327 0.02481624705872899 0.022927213338212002 -0.01366425248200075 -0.021737124885970991 0.01157731488395696 0.033461485521760231 0.0080467883110811496 -0.0088912895063312687 -0.011259424456202196 -0.0234097440424898
leaf_weight=7.150804817676546 4.647555872797966 5.5554079562425631 8.2072198837995547 6.778723597526553 8.581367075443266 4.7382358908653259 4.8957711309194591 8.955319941043852 7.5274760872125652 5.8723647296428672 4.7089671641588229 8.4297613799571973 5.1307677179574966 7.8177204579114905 10.141728073358534 5.0299891680479032 4.8662010133266449 4.709294497966769 4.7715875208377829 6.1515657752752286 10.000041186809542 6.3942199945449829 7.8630124628543845 5.2580105662345877 6.3662497103214255 5.1355592459440214 6.3545230180025172 5.2913876920938474 4.8413258194923392 7.0912736058235168 5.1753611713647842 4.5441800206899634 5.693381041288375 4.4629617631435377
leaf_count=29 21 23 34 28 35 20 20 42 32 27 20 38 23 34 48 21 21 20 20 27 43 28 33 22 26 21 29 24 20 29 21 21 26 20
internal_value=3.38515e-06 -0.00192874 0.00413939 0.0112419 0.0220345 -0.00391742 0.0124123 -0.00536791 0.00192459 0.0095035 0.0167971 -0.00826649 -0.011496 -0.00652235 -0.00979818 0.000728223 0.0124871 -0.00809058 -0.000435425 0.0068211 -0.0109464 0 -0.00270662 0.00280318 0.0108331 0.0105636 -0.0014086 -0.0123131 0.0320053 0.0257518 0.0231555 -0.0254101 -0.025981 -0.0168534
internal_weight=219.139 190.293 68.0951 36.2716 20.2014 31.8235 28.8462 122.198 34.3106 25.2001 19.3277 87.8874 64.8522 50.2035 42.3857 23.0352 9.89619 13.1391 27.6998 17.2777 21.9497 11.9496 16.0702 16.52 11.262 9.8738 12.5061 10.4222 13.4227 11.8002 12.3262 14.6859 14.6487 9.11052
internal_count=946 828 285 150 83 135 118 543 149 108 81 394 294 226 192 100 42 58 123 76 94 51 67 68 46 41 56 47 55 49 50 69 68 41
is_linear=0
shrinkage=0.03


Tree=31
num_leaves=33
num_cat=0
split_feature=16 55 56 27 4 61 34 52 46 36 49 20 36 55 46 57 19 14 61 60 14 20 9 29 29 30 25 2 38 20 44 34
split_gain=5.70732 4.00398 5.94157 4.28532 4.64144 5.04105 3.85433 4.19417 4.86282 6.49668 4.30288 4.51672 4.45839 3.37112 2.95547 2.78541 4.86156 4.41777 2.67382 6.75067 3.41969 2.35717 2.35557 2.3466 2.28662 2.10848 1.81895 1.27765 1.19523 0.812164 0.456862 0.0483461
threshold=0.13949118055749907 -1.4365065444494545 1.0000000180025095e-35 -0.74039038568043913 -0.010936835674976501 502.50000000000006 1.2492315387242028 0.45042709807999587 -0.091771939898148858 0.374659613785501 -0.19967118287037519 0.48746850437609474 -0.29262191197002957 0.080992999497913928 0.4841296468746023 1.0000000180025095e-35 -0.070428080758013545 -0.04507910745035671 631.50000000000011 676.50000000000011 0.62601239758535809 -0.8632790209308342 -0.68782302701317366 -0.51040961906582394 0.24022776863144127 0.44228100359861361 -0.61783966767073573 -0.54787068175491405 0.61846876930520356 -0.5931295158694484 1.0000000180025095e-35 -0.1199091205426029
decision_type=2 2 2 2 2 2 2 2 2 2 2 2 2 2 2 2 2 2 2 2 2 2 2 2 2 2 2 2 2 2 2 2
left_child=1 -1 3 -3 -5 -6 7 8 10 18 11 29 -13 24 21 16 31 -17 22 20 30 -4 -10 27 -12 -25 -23 -11 -7 -2 -20 -9
right_child=6 2 14 4 5 28 -8 15 9 23 13 12 -14 -15 -16 17 -18 -19 19 -21 -22 26 -24 25 -26 -27 -28 -29 -30 -31 -32 -33
leaf_value=-0.010523989965774531 0.0099301215018538849 0.021007792378446064 0.0056373010130032104 0.014570631041893269 0.0042660418846453343 -0.0328375823672169 0.014272194171932921 -0.013808980517641057 -0.0042064062416114472 0.0012650582754289916 0.013099236920400718 -0.015459148165070415 0.014789960916782773 -0.024303661663839446 -8.339501285460159e-05 0.014751986366114111 0.0017952659897638489 -0.020192532046395605 -0.012430905682211326 0.012872130547353538 0 0.0084484355600480329 -0.034223035938201959 0.008306530615929144 -0.0093437636140550149 -0.016125067065503866 0.03128988681649373 0.024044166844559848 -0.0083080846377288908 0.028998327363770761 -0.03520344496423506 -0.034205832525741504
leaf_weight=9.3087689727544767 7.0102949142456046 4.9638029038906124 9.211322292685507 5.7630200982093873 7.9628785252571097 6.5184008777141553 8.570802688598631 4.4765450954437283 4.3503585755825034 4.537760317325592 6.7286935299634951 7.3195464313030243 7.2086609899997693 4.796547293663024 7.0546850115060797 5.5463125109672546 5.4099934548139599 4.5190234482288343 4.9451736360788363 7.783861592411994 5.380158767104148 6.5888688713312176 8.370815694332121 4.6906568706035596 6.4775726795196533 4.8676072806119919 15.423895448446276 4.9788467437028903 5.0366443991661072 8.3577073067426699 5.4626647233963013 9.064936697483061
leaf_count=39 30 21 39 25 34 28 36 20 19 20 28 32 31 22 29 24 23 20 22 34 24 28 39 20 28 22 64 21 21 35 25 43
internal_value=6.3951e-06 0.00648131 0.00905308 -0.000744244 -0.00617663 -0.0131908 -0.00355991 -0.00490719 -0.00192238 -0.00792091 0.00492 0.0117474 -9.62004e-05 -0.00614168 0.0166811 -0.0147165 -0.0210991 -0.00100232 -0.015204 -0.0079846 -0.0188392 0.0204824 -0.0259063 0.00574299 0.00185289 -0.00409243 0.0256833 0.0153783 -0.0247883 0.0223124 -0.0278161 -0.0299114
internal_weight=218.687 77.8323 68.5235 30.2447 25.2809 19.5179 140.855 132.284 103.267 55.3679 47.899 29.8962 14.5282 18.0028 38.2788 29.0168 18.9515 10.0653 36.293 23.5719 15.788 31.2241 12.7212 19.0749 13.2063 9.55826 22.0128 9.51661 11.555 15.368 10.4078 13.5415
internal_count=946 328 289 129 108 83 618 582 452 246 206 128 63 78 160 130 86 44 163 105 71 131 58 83 56 42 92 41 49 65 47 63
is_linear=0
shrinkage=0.03


Tree=32
num_leaves=35
num_cat=0
split_feature=16 41 19 33 12 30 51 15 39 34 41 17 12 29 16 25 50 45 44 20 15 25 18 48 36 25 61 45 23 24 60 10 19 61
split_gain=5.65347 4.70734 4.93628 4.48675 4.47077 4.2538 3.83584 3.32297 4.21078 3.23 3.19278 3.89904 3.05312 2.84189 2.78509 2.75207 2.62718 2.5617 3.72177 3.33168 2.83946 2.512 3.95275 2.45678 3.07612 2.39034 2.27809 2.02724 3.40596 1.95532 0.970023 0.682553 0.67054 0.477343
threshold=-0.78567314496553742 -1.156189505872266 0.42126907346391967 1.0000000180025095e-35 -0.88030346896358591 0.56036129411722768 1.0000000180025095e-35 0.25081606641521853 0.55750259300966098 1.2492315387242028 -1.5915799711377929 0.7733408241481925 -0.32865030153093172 0.52171678901791596 0.72352391977284947 -1.0326233713884976 1.0000000180025095e-35 0.28054795501016766 -0.30483796248784162 -0.5931295158694484 0.031831060193855426 -0.2491430421438364 -1.5845620186808438 -0.65352887780323654 -0.51504908722187315 0.39607605252823769 636.50000000000011 0.76985060070246158 -0.25119922446298465 -0.41680023242987835 691.00000000000011 -2.5384058634963051 -0.43920094642446345 676.50000000000011
decision_type=2 2 2 2 2 2 2 2 2 2 2 2 2 2 2 2 2 2 2 2 2 2 2 2 2 2 2 2 2 2 2 2 2 2
left_child=12 10 3 7 27 6 13 9 -9 15 11 -2 31 14 25 29 23 18 -6 -20 -19 22 -14 -17 -25 -5 -7 28 -4 -3 -22 -1 -18 -12
right_child=1 2 4 5 17 26 -8 8 -10 -11 33 -13 21 -15 -16 16 32 20 19 -21 30 -23 -24 24 -26 -27 -28 -29 -30 -31 -32 -33 -34 -35
leaf_value=0.0089239757883829342 0.0085120849260085594 0.017245854950231194 0.0033794255649801644 0.0082705059308868008 -0.00027238563806189752 0.0035611752831143503 -0.011223562251694737 -0.029239867668228208 0 0.015535810233890607 -0.030992161398657462 -0.02097694615366363 -0.0077308755929108809 -0.0025723664510718868 0 -0.018254208196143484 -0.028760291839977296 -0.011545243995317318 0.0080888564067991744 0.03786732774951946 0.020043163635667771 -0.011959470381415255 0.024199174260761278 -0.011370401454871868 0.011168329015350751 0.036867660706669865 -0.022213580234187947 0.0095218424245575688 -0.02432724114181815 -0.0053801360028846515 0.00053360833599456808 0.029106192118515041 -0.0073553342926515686 -0.010888414219545646
leaf_weight=5.4361903518438339 8.956407964229582 5.1606932431459427 6.8454562127590188 6.1308390796184629 5.9265250563621548 4.3100859075784665 4.7011041641235343 11.069191455841066 7.3829947710037223 5.2171480506658545 6.0697243362665176 5.0056451112031946 4.8874989598989513 5.3235285580158225 4.4364569932222357 6.7321431040763846 6.0430026948451996 5.8748813271522513 7.5452874302864101 8.605396702885626 4.8984795063734037 5.2480725497007361 6.3539806455373755 8.1968869268894178 10.823197305202489 7.6830171942710876 5.4100913405418396 4.8365369588136664 6.3319617956876764 5.4456805437803251 4.7402786016464233 6.8711410313844699 4.3309503197669965 5.5500233024358749
leaf_count=22 39 22 29 26 25 19 21 52 32 22 28 23 20 23 20 31 27 25 31 35 20 22 26 37 47 32 25 20 27 25 20 28 20 25
internal_value=0 -0.00188384 0 -0.00368881 0.0071841 0.00440657 0.0103055 -0.00814203 -0.0186725 -0.00387036 -0.0134714 -0.00268158 0.0120648 0.0152527 0.0205565 -0.00657701 -0.0104907 0.0129503 0.0192477 0.026165 0.00272904 0.00266685 0.0105701 -0.00450969 0.00104152 0.0266208 -0.0113017 -0.00461166 -0.0106509 0.00590603 0.0123511 0.0225641 -0.0223875 -0.0241899
internal_weight=218.38 189.584 164.002 108.397 55.6048 37.9951 28.2749 70.4019 18.4522 51.9497 25.5818 13.9621 28.7969 23.5738 18.2503 46.7326 36.1262 37.5908 22.0772 16.1507 15.5136 16.4896 11.2415 25.7522 19.0201 13.8139 9.72018 18.014 13.1774 10.6064 9.63876 12.3073 10.374 11.6197
internal_count=946 828 713 481 232 166 122 315 84 231 115 62 118 101 78 209 162 156 91 66 65 68 46 115 84 58 44 76 56 47 40 50 47 53
is_linear=0
shrinkage=0.03


Tree=33
num_leaves=34
num_cat=0
split_feature=16 41 19 33 12 16 13 39 39 41 12 51 45 45 23 19 24 38 38 25 45 38 13 25 3 45 12 45 23 25 40 52 55
split_gain=5.3882 4.51254 4.7079 4.27038 4.24907 4.11393 3.17487 4.05027 3.14142 3.26949 2.91478 2.85353 4.69206 2.48472 2.86229 2.75386 2.98109 2.67568 6.3481 2.48297 2.42326 3.66259 2.71444 2.39417 3.39361 2.39073 2.36147 1.93606 4.58432 1.89757 0.937824 0.912855 0.677634
threshold=-0.78567314496553742 -1.156189505872266 0.42126907346391967 1.0000000180025095e-35 -0.88030346896358591 0.80418637708218554 0.25081606641521853 0.55750259300966098 -1.6010816808139847 -1.5915799711377929 -0.32865030153093172 1.0000000180025095e-35 -0.71152792042881108 0.31726081658452926 0.38066729361895718 -1.4225952548683296 -0.41680023242987835 0.15216190399954657 -0.36713437781811681 0.39607605252823769 0.28054795501016766 -0.36713437781811681 0.031831060193855426 -0.2491430421438364 -0.77743027083758987 -0.26175573320569356 -0.23592401333939436 0.56719698041682054 -0.25119922446298465 1.0000000180025095e-35 0.85459676075070345 0.45042709807999587 -0.23927848513931441
decision_type=2 2 2 2 2 2 2 2 2 2 2 2 2 2 2 2 2 2 2 2 2 2 2 2 2 2 2 2 2 2 2 2 2
left_child=10 8 3 6 27 11 13 -8 -2 26 31 12 19 15 -15 16 -3 18 -17 -5 21 -6 -22 24 -12 -23 -10 28 -4 -14 -19 -1 -24
right_child=1 2 4 5 20 -7 7 -9 9 -11 23 -13 29 14 -16 17 -18 30 -20 -21 22 25 32 -25 -26 -27 -28 -29 -30 -31 -32 -33 -34
leaf_value=0.028804076130057418 0.0043203651204671012 0.018806802465417161 0.0048348155290370712 -0.012334813123334971 0 -0.013476953849405482 -0.028739544232109938 0 0.0073876462436001647 -0.030070664149823768 -0.0051047897379155518 -0.0088607519042408715 0.0068657387062169891 -0.0051460018163062239 0.019861829258993095 -0.018644998169575117 -0.007663792699328438 -0.029363959111055746 0.018289448146803458 0.010897432698914434 -0.01128971084924907 0.0097718216918420055 0.018777243600450948 -0.011701521921344542 0.024335674140355749 0.036636528313924603 -0.018214764909712199 0.0076355154943114865 -0.02870123224868169 0.035495436972935744 -0.0065868989940895632 0.0074542757790415836 0.0016367318725566053
leaf_weight=7.1215747892856616 5.9333354979753521 4.9554809033870697 6.6115352511405954 5.674359783530238 6.389020338654519 7.5853805392980567 10.951933115720751 7.3829947710037223 5.3646769523620605 9.6662706136703456 5.6030227690935162 4.9662291854619971 4.7447551041841525 7.4242414683103544 6.0675723105669022 8.5405628681182808 7.7151024043559975 7.2330799698829633 5.6354314833879569 8.1939352005720121 5.8617703467607489 7.5830123573541632 4.7937591373920432 5.2360969036817542 5.6278365254402152 8.0957239270210266 4.5174696296453511 6.0368719696998587 5.3367882519960412 6.8066672086715698 4.290617972612381 5.1757961511611938 4.8397616744041434
leaf_count=29 26 21 28 25 27 36 52 32 23 45 23 22 20 33 26 38 34 34 25 35 25 31 20 22 23 33 21 25 23 28 20 21 20
internal_value=0 -0.0018469 0 -0.00360985 0.00701583 0.00428487 -0.00796429 -0.0182959 -0.0132147 -0.0187506 0.0117788 0.00933241 0.0134054 -0.00378766 0.00656236 -0.0076874 0.00316037 -0.0131356 -0.00323445 0.00072517 0.0126385 0.0187653 0.0026739 0.00258133 0.0103058 0.0259805 -0.00464701 -0.00448846 -0.0112286 0.0263361 -0.0230795 0.0220404 0.0120857
internal_weight=217.963 189.198 163.717 108.168 55.5482 37.9713 70.197 18.3349 25.4818 19.5484 28.7643 30.3859 25.4197 51.8621 13.4918 38.3703 12.6706 25.6997 14.176 13.8683 37.563 22.0678 15.4953 16.467 11.2309 15.6787 9.88215 17.9852 11.9483 11.5514 11.5237 12.2974 9.63352
internal_count=946 828 713 481 232 166 315 84 115 89 118 130 108 231 59 172 55 117 63 60 156 91 65 68 46 64 44 76 51 48 54 50 40
is_linear=0
shrinkage=0.03


Tree=34
num_leaves=33
num_cat=0
split_feature=16 45 34 55 56 27 4 61 52 39 50 39 40 35 36 42 16 45 61 60 25 34 32 50 19 17 40 31 38 56 55 20
split_gain=5.15548 3.88876 4.53227 3.71127 5.48485 4.08269 4.56185 4.73274 2.37395 3.48116 4.03151 3.49751 3.29889 3.59162 3.48491 5.60304 3.09312 3.08188 2.85766 2.78188 2.62609 2.88143 2.39693 2.27392 2.45769 2.74804 3.98545 1.54644 1.11006 0.997046 0.474683 0.038773
threshold=0.13949118055749907 -1.5493366279488325 1.2492315387242028 -1.4365065444494545 1.0000000180025095e-35 -0.74039038568043913 -0.010936835674976501 502.50000000000006 0.45042709807999587 0.12215786551581641 -0.18273884873841559 0.68447813852869899 1.1104830527291107 0.42772700358419008 -0.29262191197002957 -1.0000000180025095e-35 0.37148803079206577 -0.053768669614719544 520.50000000000011 551.00000000000011 1.2256434599637618 -0.88054282013527241 -0.74013242541479396 -0.55172700435536559 1.1588148047968196 -0.87484729289937657 -0.25752443130929537 -0.13361796160967052 0.61846876930520356 0.93149808019256541 1.0598444179421092 0.48746850437609474
decision_type=2 2 2 2 2 2 2 2 2 2 2 2 2 2 2 2 2 2 2 2 2 2 2 2 2 2 2 2 2 2 2 2
left_child=3 -2 8 -1 5 -5 -7 -8 9 12 16 -12 13 14 20 22 31 27 -19 -20 21 -3 -16 -6 25 29 -27 -10 -9 -25 -15 -11
right_child=1 2 -4 4 23 6 7 28 17 10 11 -13 -14 30 15 -17 -18 18 19 -21 -22 -23 -24 24 -26 26 -28 -29 -30 -31 -32 -33
leaf_value=-0.010233152725432758 0.014586681087479465 0.010001090446695489 0.014782805981980777 0.020427770615650744 -0.0008451094728748154 0.014484639936192244 0.0038573884741153991 -0.032236334349913451 -0.0063165864436273969 0.02780108938104655 0.0035115848816905369 -0.025323277776294888 0.008914033152321945 -0.027578826718793421 0.031090460883860367 -0.014696293804888265 -0.00047249526137785352 -0.019859311415091521 -0.0081981248200318959 0.018955852659480698 -0.029347555983464127 -0.012656524706005635 0.0011955757344790216 0.031412077889511024 0.032455124644027493 0.014929756136446195 -0.015592304625132287 -0.03232137205938989 -0.0082722224208365489 0.0092578982624286765 -0.0094776113968617678 0.01108695957808334
leaf_weight=9.2629420757293683 8.483477056026457 5.672666877508159 8.3490893989801389 4.9662675410509136 5.4065156877040854 5.7362842559814515 7.9327660650014868 6.4433616250753385 4.67481629550457 5.2176790684461647 8.1839365214109403 4.7140233665704718 7.6684616804122916 9.1335602104663831 4.7304806411266318 6.0851738750934663 8.6094154715538007 4.9882562309503546 5.6054393798112851 4.8886969238519669 4.8458150178194037 15.175127178430559 4.8629892319440833 5.1009179949760401 8.4868828952312452 7.3986719548702196 5.234157919883736 7.4017543047666567 5.0247272551059723 6.5233323276042938 5.4749702364206305 5.2224462777376175
leaf_count=39 36 25 35 21 23 25 34 28 21 22 36 21 33 42 20 27 38 23 25 21 22 67 21 21 35 31 23 35 21 27 26 22
internal_value=0 -0.00340441 -0.00476156 0.00616179 0.00864502 -0.000783036 -0.0061132 -0.0130929 -0.0062966 -0.00385374 0.00398117 -0.0081507 -0.00787954 -0.010457 -0.00535794 0.00522987 0.0124827 -0.0139276 -0.0038864 0.00473998 -0.0119715 -0.00596545 0.0186881 0.0159839 0.0188532 0.0122483 0.00154633 -0.024507 -0.0243705 0.0219157 -0.0226816 0.0223859
internal_weight=217.505 139.988 131.505 77.5168 68.2539 30.1034 25.1371 19.4009 123.156 95.5967 31.9475 12.898 63.6492 55.9808 41.3723 15.6786 19.0495 27.559 15.4824 10.4941 25.6936 20.8478 9.59347 38.1505 32.744 24.2571 12.6328 12.0766 11.4681 11.6243 14.6085 10.4401
internal_count=946 618 582 328 289 129 108 83 547 422 139 57 283 250 182 68 82 125 69 46 114 92 41 160 137 102 54 56 49 48 68 44
is_linear=0
shrinkage=0.03


end of trees

feature_importances:
Column_55=67
Column_19=55
Column_16=47
Column_45=46
Column_44=44
Column_46=44
Column_34=41
Column_32=40
Column_54=36
Column_12=35
Column_38=34
Column_18=31
Column_43=29
Column_42=28
Column_47=28
Column_61=26
Column_40=25
Column_26=24
Column_33=24
Column_36=24
Column_39=24
Column_25=23
Column_41=23
Column_31=22
Column_37=22
Column_20=21
Column_24=21
Column_27=20
Column_29=18
Column_28=14
Column_58=13
Column_13=12
Column_30=12
Column_49=12
Column_59=12
Column_52=11
Column_23=10
Column_35=10
Column_60=10
Column_0=9
Column_48=9
Column_14=8
Column_3=7
Column_1=6
Column_2=6
Column_56=6
Column_50=5
Column_51=5
Column_9=4
Column_21=4
Column_4=3
Column_6=3
Column_10=3
Column_11=3
Column_57=3
Column_8=2
Column_15=2
Column_17=2
Column_53=2
Column_5=1
Column_7=1

parameters:
[boosting: gbdt]
[objective: binary]
[metric: binary_logloss]
[tree_learner: serial]
[device_type: cpu]
[data_sample_strategy: bagging]
[data: ]
[valid: ]
[num_iterations: 1800]
[learning_rate: 0.03]
[num_leaves: 96]
[num_threads: 2]
[seed: 42]
[deterministic: 0]
[force_col_wise: 1]
[force_row_wise: 0]
[histogram_pool_size: -1]
[max_depth: 10]
[min_data_in_leaf: 20]
[min_sum_hessian_in_leaf: 0.001]
[bagging_fraction: 0.85]
[pos_bagging_fraction: 1]
[neg_bagging_fraction: 1]
[bagging_freq: 0]
[bagging_seed: 400]
[bagging_by_query: 0]
[feature_fraction: 0.8]
[feature_fraction_bynode: 1]
[feature_fraction_seed: 30056]
[extra_trees: 0]
[extra_seed: 12879]
[early_stopping_round: 0]
[early_stopping_min_delta: 0]
[first_metric_only: 0]
[max_delta_step: 0]
[lambda_l1: 0.2]
[lambda_l2: 1.5]
[linear_lambda: 0]
[min_gain_to_split: 0]
[drop_rate: 0.1]
[max_drop: 50]
[skip_drop: 0.5]
[xgboost_dart_mode: 0]
[uniform_drop: 0]
[drop_seed: 17869]
[top_rate: 0.2]
[other_rate: 0.1]
[min_data_per_group: 100]
[max_cat_threshold: 32]
[cat_l2: 10]
[cat_smooth: 10]
[max_cat_to_onehot: 4]
[top_k: 20]
[monotone_constraints: ]
[monotone_constraints_method: basic]
[monotone_penalty: 0]
[feature_contri: ]
[forcedsplits_filename: ]
[refit_decay_rate: 0.9]
[cegb_tradeoff: 1]
[cegb_penalty_split: 0]
[cegb_penalty_feature_lazy: ]
[cegb_penalty_feature_coupled: ]
[path_smooth: 0]
[interaction_constraints: ]
[verbosity: -1]
[saved_feature_importance_type: 0]
[use_quantized_grad: 0]
[num_grad_quant_bins: 4]
[quant_train_renew_leaf: 0]
[stochastic_rounding: 1]
[linear_tree: 0]
[max_bin: 255]
[max_bin_by_feature: ]
[min_data_in_bin: 3]
[bin_construct_sample_cnt: 200000]
[data_random_seed: 175]
[is_enable_sparse: 1]
[enable_bundle: 1]
[use_missing: 1]
[zero_as_missing: 0]
[feature_pre_filter: 1]
[pre_partition: 0]
[two_round: 0]
[header: 0]
[label_column: ]
[weight_column: ]
[group_column: ]
[ignore_column: ]
[categorical_feature: ]
[forcedbins_filename: ]
[precise_float_parser: 0]
[parser_config_file: ]
[objective_seed: 16083]
[num_class: 1]
[is_unbalance: 0]
[scale_pos_weight: 1]
[sigmoid: 1]
[boost_from_average: 1]
[reg_sqrt: 0]
[alpha: 0.9]
[fair_c: 1]
[poisson_max_delta_step: 0.7]
[tweedie_variance_power: 1.5]
[lambdarank_truncation_level: 30]
[lambdarank_norm: 1]
[label_gain: ]
[lambdarank_position_bias_regularization: 0]
[eval_at: ]
[multi_error_top_k: 1]
[auc_mu_weights: ]
[num_machines: 1]
[local_listen_port: 12400]
[time_out: 120]
[machine_list_filename: ]
[machines: ]
[gpu_platform_id: -1]
[gpu_device_id: -1]
[gpu_device_id_list: ]
[gpu_use_dp: 0]
[num_gpu: 1]

end of parameters

pandas_categorical:null
