tree
version=v4
num_class=3
num_tree_per_iteration=3
label_index=0
max_feature_idx=62
objective=multiclass num_class:3
feature_names=Column_0 Column_1 Column_2 Column_3 Column_4 Column_5 Column_6 Column_7 Column_8 Column_9 Column_10 Column_11 Column_12 Column_13 Column_14 Column_15 Column_16 Column_17 Column_18 Column_19 Column_20 Column_21 Column_22 Column_23 Column_24 Column_25 Column_26 Column_27 Column_28 Column_29 Column_30 Column_31 Column_32 Column_33 Column_34 Column_35 Column_36 Column_37 Column_38 Column_39 Column_40 Column_41 Column_42 Column_43 Column_44 Column_45 Column_46 Column_47 Column_48 Column_49 Column_50 Column_51 Column_52 Column_53 Column_54 Column_55 Column_56 Column_57 Column_58 Column_59 Column_60 Column_61 Column_62
feature_infos=[-1.1728627879662608:10.488502493685308] [-0.90281694277800018:11.458208194339113] [-1.0907969770079087:10.304891998752165] [-1.172927211172986:8.774174772392584] [-0.88584991747599506:11.076245327677823] [-1.0965099615515579:10.365857930330382] [-2.2062284972180723:5.5934599227443993] [-1.2520020046201474:8.128590659809646] [-2.5053236186802379:4.9870146178088097] [-2.9486948917902427:3.3621903331920726] [-5.8653378720749823:1.6043458608679135] [-2.3247156490586116:4.4156464346105224] [-1.4393187114819364:3.3128538822533105] [-2.9430207988571944:3.513113061728248] [-2.3127536989158179:4.5692008296399749] [-2.9430207988571944:3.513113061728248] [-5.9166399045703573:1.4905337955745972] [-2.3127536989158179:4.5692008296399749] [-6.3811956785806707:0.77565884444605571] [-1.7219110053840938:1.6659336864811654] [-1.6076689085652804:1.4567685777974204] [-2.7443747605303166:0.91988083072017535] [-1.5389675281277311:0.64978628965393093] [-2.0855634911891627:2.6629722465172079] [-2.1727117356302283:4.3305846006518927] [-2.0418757835417187:5.7284546451207454] [-3.1052972075957528:4.0724875813467998] [-2.1443699261969877:2.5234698284965775] [-2.1981766606770869:4.5046554741000451] [-2.3070607501470031:3.1945560404232149] [-2.7038229489955294:3.9079891910082649] [-2.7002525228849681:3.4316195308656319] [-2.8532425202504919:3.442256927066123] [-2.3654495362103383:7.1810851193446865] [-3.9829434170474141:3.7385610354423524] [-2.6995371813861624:3.2043640103315152] [-2.7787350733779115:4.1839581285264504] [-2.5607251543843184:3.6759962773951633] [-2.732028354980319:3.7578076743182414] [-3.3746733475934456:3.0536778958436286] [-3.3903668929507238:4.0618921046749534] [-2.3375705579948858:2.047134590790074] [-3.0258764485775456:3.1042771397242279] [-1.8330112978296944:3.1082440805511888] [-3.2718388120459236:3.2910184585833546] [-2.2381724482084775:4.6257682253464836] [-2.2249861949863732:4.6400766129862925] [-3.939944939088341:3.8255879082882549] [-3.5387810778449231:2.7377808809283026] [-0.94817953585184489:3.4570568092422262] [-0.93833379768756819:3.4494728117408586] [-11.291507164866999:10.825319159020353] [-4.1107925568463148:6.1238580194667076] [-4.3156139495766501:4.0953273906655445] [-2.5093014859000986:3.2090944931532452] [-2.5206397207157294:2.9479527541641573] [-1.1657853705904568:2.8283400961006158] [-1.0349963961485262:2.9553511552674778] [-1.2333967265291603:2.8216062100050658] [-2.5157658716827047:2.5783814322940861] [4:804] [4:804] [0:1]
tree_sizes=3474 3302 3310 3847 3645 3607 3471 3725 3423 3543 3724 3755 3610 3768 3636 3501 3735 3279 3629 3650 3819 3218 3646 3585 3422 3667 3718 3744 3192 3744 3753 3731 3527 3859 3742 3981 3340 3867 3702 3708 3851 3442 3105 2826 3600 3602 3535 3449

Tree=0
num_leaves=32
num_cat=0
split_feature=0 0 5 45 47 47 40 45 55 36 58 22 32 32 44 42 50 55 52 40 23 37 27 18 32 12 55 47 28 27 26
split_gain=38.0129 13.7663 5.72925 11.8797 4.47643 3.90785 6.00257 5.47975 5.14063 3.86269 3.80675 3.45324 3.40084 5.99826 2.87921 3.3318 2.80469 2.58505 2.42391 2.36697 2.19104 2.13771 2.12223 1.644 1.21445 1.18107 0.948593 0.712223 2.31185 0.392595 0.260454
threshold=0.035826858850885546 -0.41686589276602332 -0.23333020837065691 0.35523817732777269 0.081621818645882957 -1.1100132483276115 0.27366044754856733 -0.9565934860508658 -0.040982414703277341 -0.94135770065314939 -0.82789643287573755 1.0000000180025095e-35 -0.55166207714549276 0.29450720340781555 0.33773268680017926 0.95872338381860744 -0.36954405202092022 -0.76247091016520807 1.0000000180025095e-35 -0.9683827187223788 -0.34443372069682665 0.82492362286740029 -0.74401799978891792 0.73874182297308078 0.86023180812059896 -0.38257505437481937 0.59427741039110527 -1.121386946261586 0.69622812479485641 0.81192858510893717 0.37803952821460368
decision_type=2 2 2 2 2 2 2 2 2 2 2 2 2 2 2 2 2 2 2 2 2 2 2 2 2 2 2 2 2 2 2
left_child=1 12 3 5 -4 -3 7 8 -7 19 -2 29 -1 30 21 -16 -11 -6 -13 -9 -18 24 -12 27 -15 -5 -20 28 -24 -8 -14
right_child=10 2 4 25 17 6 11 9 -10 16 22 18 13 14 15 -17 20 -19 26 -21 -22 -23 23 -25 -26 -27 -28 -29 -30 -31 -32
leaf_value=-0.81193632322318399 -0.81346435213493073 -0.83161224251801569 -0.83567752105449944 -0.80123423466946542 -0.80123423466946542 -0.79261753534428803 -0.8093777393950945 -0.81811872849077538 -0.82150565017116062 -0.81249393819251159 -0.81668223105450855 -0.80777854952175421 -0.79261753534428803 -0.80446862002981934 -0.79873448433497318 -0.82236076645889922 -0.81752066143216917 -0.82148062586801096 -0.80123423466946542 -0.7979998493091115 -0.83567018621316136 -0.81093739075052729 -0.8203015520090694 -0.8181367860555423 -0.78608252654125188 -0.78079287155971389 -0.78127499740667383 -0.84089420760231381 -0.83812045689403614 -0.8181367860555423 -0.77690674056777687
leaf_weight=12.958887219429014 12.218379378318785 7.405078411102294 12.5886332988739 7.7753323316574123 7.7753323316574088 13.329141139984133 7.4050784111022931 10.367109775543215 7.405078411102294 10.737363696098326 8.8860940933227521 12.218379378318788 13.329141139984133 7.7753323316574159 8.5158401727676409 9.9968558549880964 11.107617616653441 12.958887219429018 7.7753323316574088 7.7753323316574088 19.623457789421085 7.7753323316574088 15.550664663314814 7.405078411102294 13.699395060539244 10.737363696098326 8.1455862522125226 26.288028359413154 15.920918583869932 7.4050784111022949 12.5886332988739
leaf_count=35 33 20 34 21 21 36 20 28 20 29 24 33 36 21 23 27 30 35 21 21 53 21 42 20 37 29 22 71 43 20 34
internal_value=-0.812494 -0.806931 -0.811674 -0.809116 -0.822606 -0.812458 -0.811044 -0.815827 -0.803117 -0.820468 -0.82965 -0.802151 -0.79719 -0.794739 -0.801803 -0.811576 -0.82541 -0.813371 -0.796223 -0.809353 -0.829836 -0.796159 -0.832169 -0.83405 -0.79152 -0.787591 -0.788869 -0.835794 -0.830254 -0.813506 -0.783238
internal_weight=355.444 269.175 182.535 149.212 33.3229 130.7 123.295 80.3451 20.7342 59.6109 86.2692 42.9495 86.6394 73.6805 47.7628 18.5127 41.4684 20.7342 28.1393 18.1424 30.7311 29.2501 74.0508 65.1647 21.4747 18.5127 15.9209 57.7596 31.4716 14.8102 25.9178
internal_count=960 727 493 403 90 353 333 217 56 161 233 116 234 199 129 50 112 56 76 49 83 79 200 176 58 50 43 156 85 40 70
is_linear=0
shrinkage=1


Tree=1
num_leaves=31
num_cat=0
split_feature=41 34 47 47 12 54 33 12 62 24 35 36 57 28 4 12 0 46 0 24 35 36 14 3 43 26 43 0 47 40
split_gain=6.35039 6.27322 5.13499 5.57308 5.07133 4.40072 5.66133 4.0736 3.97755 3.26546 4.89627 7.41004 3.0243 3.09342 2.93413 2.86363 3.18835 3.25121 2.71374 2.35954 2.20545 2.19058 2.12086 1.9596 1.94337 1.91605 1.64104 1.52137 1.36224 0.689873
threshold=-0.54714928890769376 0.64221839785247115 0.95078213026737035 0.6512959489581327 -0.95055425810715122 0.058321051683928572 0.17352244665004071 0.74046890312593217 1.0000000180025095e-35 -0.46946745708014886 0.94120188683973882 -0.16772512266377598 -0.53620295222152559 0.35346966335738939 -0.36084684838313302 -0.94185508749841496 0.0086652937538709927 1.1798432994744017 -0.86503171686676283 -0.15978667916195272 -0.6331717642849749 -0.43634754557675276 0.18834883025145036 0.097787740024263894 -0.35063468431542927 0.80026216285828311 -1.3937885975291711 -0.18372912568331512 -0.47361252761431766 -0.25703072349447326
decision_type=2 2 2 2 2 2 2 2 2 2 2 2 2 2 2 2 2 2 2 2 2 2 2 2 2 2 2 2 2 2
left_child=5 4 3 7 23 6 8 12 28 10 11 20 -3 -14 22 -8 19 -18 24 21 -6 -17 -11 -2 -4 26 -16 -28 -1 -20
right_child=1 2 18 -5 9 -7 15 -9 -10 14 -12 -13 13 -15 25 16 17 -19 29 -21 -22 -23 -24 -25 -26 -27 27 -29 -30 -31
leaf_value=-1.3387380403613598 -1.3380601375397936 -1.3387561256447633 -1.3442440305856198 -1.3031824880059102 -1.3342722073922222 -1.3140393685744469 -1.3435664750422358 -1.3510997755554395 -1.329920632106514 -1.3273715193758948 -1.3591114582696464 -1.315239011054951 -1.305363896058862 -1.3347073938149057 -1.3396908975674564 -1.316731825541593 -1.3041894586091272 -1.333606162640532 -1.3587056942140949 -1.3426162226214062 -1.3544650750059666 -1.3361884303774558 -1.3473298567722094 -1.3183943253232211 -1.3237035821563894 -1.3378584133523233 -1.3602132342006297 -1.3428908434743954 -1.357150923354417 -1.3418146515606
leaf_weight=6.098202824592593 9.2924995422363263 9.5828901529312152 6.6789840459823608 6.3885934352874747 7.5501558780670193 10.454061985015867 7.840546488761901 6.3885934352874747 9.8732807636261004 6.6789840459823635 6.9693746566772452 10.744452595710753 6.6789840459823626 6.6789840459823608 6.3885934352874747 9.8732807636260969 9.0021089315414411 6.3885934352874747 6.3885934352874756 10.163671374320986 9.0021089315414446 11.325233817100527 9.8732807636260969 6.3885934352874747 6.6789840459823626 6.9693746566772452 36.29882633686065 7.5501558780670228 12.777186870574949 5.8078122138977033
leaf_count=21 32 33 23 22 26 36 27 22 34 23 24 37 23 23 22 34 31 22 22 35 31 39 34 22 23 24 125 26 44 20
internal_value=-1.3375 -1.34072 -1.33301 -1.32581 -1.3446 -1.3312 -1.3338 -1.33236 -1.34424 -1.34694 -1.33899 -1.33321 -1.32638 -1.31787 -1.35045 -1.32817 -1.32536 -1.31461 -1.34294 -1.33162 -1.34542 -1.32609 -1.33877 -1.32943 -1.33402 -1.35361 -1.3556 -1.35764 -1.35203 -1.35245
internal_weight=278.775 184.979 61.2724 35.718 123.706 93.7962 83.3421 29.3295 28.7487 108.025 34.2661 27.2967 22.9409 13.358 73.7592 54.5934 46.7529 15.3907 25.5544 31.3622 16.5523 21.1985 16.5523 15.6811 13.358 57.207 50.2376 43.849 18.8754 12.1964
internal_count=960 637 211 123 426 323 287 101 99 372 118 94 79 46 254 188 161 53 88 108 57 73 57 54 46 197 173 151 65 42
is_linear=0
shrinkage=1


Tree=2
num_leaves=31
num_cat=0
split_feature=11 47 32 56 6 8 61 45 60 19 58 32 26 38 12 34 55 34 40 55 35 47 40 40 20 27 3 20 13 40
split_gain=33.1055 7.92491 7.68596 6.19499 4.85973 3.85171 4.3666 4.65208 4.1478 4.24574 3.59123 3.62494 3.21965 3.22104 2.94503 5.81318 3.20998 2.69926 2.53247 2.55851 6.49569 1.97642 1.92867 2.27455 1.66458 1.29539 1.18449 1.03209 0.676329 0.375506
threshold=0.29864899082764068 0.32555746399778701 -0.55166207714549276 0.83127736275507946 0.044148224698460269 0.23747899118456955 406.00000000000006 -1.0800060052745406 354.50000000000006 -0.84574427472928526 -0.82789643287573755 0.49758783074060953 0.27248386955368359 0.13071042683249046 -0.78401072832071383 -0.93498113316987463 1.3939795030446365 -0.54793830347113925 -0.84417840209528405 -0.50510863164462516 -1.0513647653649771 -0.2491245504809449 1.0000000180025095e-35 0.39786476417566202 -0.63262061744987552 0.11175262190490216 0.89483116819458186 -0.63262061744987552 -0.91297484006673202 -0.098952502332716324
decision_type=2 2 2 2 2 2 2 2 2 2 2 2 2 2 2 2 2 2 2 2 2 2 2 2 2 2 2 2 2 2
left_child=1 3 -3 4 5 6 7 -1 12 -10 -2 14 21 -14 15 -12 26 -8 19 20 24 -9 -20 -24 -4 -19 28 -5 -16 -6
right_child=10 2 18 27 29 -7 17 8 9 -11 11 -13 13 -15 16 -17 -18 25 22 -21 -22 -23 23 -25 -26 -27 -28 -29 -30 -31
leaf_value=-1.2322592195457793 -1.224755381161061 -1.2154700335234683 -1.2470683911221809 -1.229564199929668 -1.2304189964252912 -1.2398441602523231 -1.2158274461257543 -1.1898205563186226 -1.2368489629609525 -1.2077347177568691 -1.2024474222115724 -1.1857223923188449 -1.2058408601271875 -1.232376848044078 -1.2189356860692369 -1.2350278346700454 -1.2213740376930515 -1.2263946863261885 -1.2476007607082003 -1.2451623266266258 -1.2040010616527466 -1.2113535233566282 -1.224755381161061 -1.2429526737269578 -1.2276438922280972 -1.2442799669676279 -1.1906067663739686 -1.246848556531106 -1.2032398329085536 -1.2435778163564457
leaf_weight=9.3357422947883588 10.269316524267195 12.136464983224867 6.2238281965255799 6.8462110161781338 7.1574024260044098 6.5350196063518515 7.4685938358306911 11.825273573398583 8.7133594751358014 6.5350196063518515 7.4685938358306911 7.4685938358306876 6.8462110161781293 6.5350196063518524 6.5350196063518515 9.3357422947883588 9.0245508849620801 8.0909766554832441 38.276543408632278 8.0909766554832441 6.5350196063518551 11.514082163572319 10.269316524267198 11.825273573398588 10.891699343919752 7.1574024260044089 11.51408216357231 10.580507934093474 11.202890753746038 6.5350196063518506
leaf_count=30 33 39 20 22 23 21 24 38 28 21 24 24 22 21 21 30 29 26 123 26 21 37 33 38 35 23 37 34 36 21
internal_value=-1.22503 -1.23071 -1.23672 -1.22543 -1.22264 -1.22003 -1.21819 -1.21407 -1.21058 -1.2243 -1.20764 -1.205 -1.2053 -1.21864 -1.20869 -1.22021 -1.20416 -1.22904 -1.23969 -1.23203 -1.22637 -1.19873 -1.24335 -1.23476 -1.23624 -1.23612 -1.19948 -1.24127 -1.20778 -1.23831
internal_weight=298.744 225.925 104.249 121.676 104.249 90.5567 84.0217 61.3047 51.969 15.2484 72.8188 62.5495 36.7206 13.3812 55.0809 16.8043 38.2765 22.717 92.1127 31.7415 23.6505 23.3394 60.3711 22.0946 17.1155 15.2484 29.252 17.4267 17.7379 13.6924
internal_count=960 726 335 391 335 291 270 197 167 49 234 201 118 43 177 54 123 73 296 102 76 75 194 71 55 49 94 56 57 44
is_linear=0
shrinkage=1


Tree=3
num_leaves=35
num_cat=0
split_feature=6 6 14 45 47 40 21 45 55 58 43 43 46 37 51 30 52 35 34 45 27 27 45 18 37 32 32 16 45 47 28 55 32 9
split_gain=35.9321 13.0166 5.47628 8.39916 3.81415 5.5043 6.93668 5.00292 4.96666 3.62348 3.40891 3.36 4.16049 3.31359 3.25153 2.75832 2.55844 2.36266 2.32812 2.23121 2.20619 2.06099 2.03791 1.58093 1.48702 1.65151 1.35422 1.04464 0.881633 0.704796 2.26262 0.630711 0.621497 0.294239
threshold=0.24628445540403923 -0.4606692999700383 -0.087142147051687727 0.35523817732777269 -1.1100132483276115 0.27366044754856733 -0.60689233230086281 -0.9565934860508658 -0.040982414703277341 -0.82789643287573755 -0.35063468431542927 -1.0094687347662135 -0.91228468412324448 -0.79365408204679833 -0.66675726417601577 -0.22439339649410675 0.40449446211531248 0.54760847405856039 -0.054458695605252225 -0.26688276009193251 0.81192858510893717 -0.74401799978891792 1.7565313139380234 0.73874182297308078 0.45369020430909779 0.49758783074060953 1.3099103400717858 0.47475349411092876 -0.36641137269517593 -1.121386946261586 0.69622812479485641 0.22287828313160982 1.4549679310237813 0.94962296646617095
decision_type=2 2 2 2 2 2 2 2 2 2 2 2 2 2 2 2 2 2 2 2 2 2 2 2 2 2 2 2 2 2 2 2 2 2
left_child=1 13 15 4 -4 7 -7 8 -6 -2 11 28 -13 -1 -15 27 17 -8 -5 -12 -19 -11 24 29 32 33 -24 -3 -9 30 -23 -17 -16 -26
right_child=9 2 3 18 5 6 16 10 -10 21 19 12 -14 14 22 31 -18 20 -20 -21 -22 23 26 -25 25 -27 -28 -29 -30 -31 -32 -33 -34 -35
leaf_value=-0.0016371796018908448 -0.00091247484048920355 -0.0089520474417138975 -0.018726694971346106 0.0059927520787377278 0.01941137850385543 -0.013326791908848236 -0.00070682809530489663 -0.002333703036801769 -0.0089635814382221721 -0.003938862218844881 -0.023650103357316678 -0.0088934214470479649 0.017859344054673862 -0.0007292404854100117 0.030008318060580717 -0.025615704508621419 0.030216786115515284 0.027145732215045754 0.028066669618856444 -0.0028765233023233944 0.0045432873695560793 -0.0074671584465758993 -0.00070467161775952195 -0.0054291324494688412 0.0095714013144682052 0.0013794843025467533 0.015306864340892639 0.0048464000707077537 -0.016356041058216201 -0.02778715173408957 -0.025071115324350194 -0.0086699247121826677 0.012937480057676662 0.023734234231619852
leaf_weight=8.9040995836257917 12.213539958000181 7.4014160037040773 7.3814769387245169 8.8969787657260913 13.362199544906618 7.775412291288375 10.375803500413896 9.2461206018924713 7.4024157226085654 8.87035423517227 13.311080545186998 7.3978521823883083 11.104051917791365 7.791759878396987 22.275394469499592 7.3898465633392316 7.7940230369567862 7.7876009643077877 12.261488556861876 8.506853520870207 9.2679101526737195 15.514585196971888 7.7908106148242942 7.3934345543384543 7.4174831211566987 7.783925235271453 8.1622289121150953 9.2502511441707593 9.2504855394363403 26.161871224641807 15.851249933242796 7.3856880068778992 7.4172387123107901 9.2831881642341596
leaf_count=24 33 20 20 24 36 21 28 25 20 24 36 20 30 21 60 20 21 21 33 23 25 42 21 20 20 21 22 25 25 71 43 20 20 25
internal_value=0 0.00540062 0.000784766 0.00320255 0.000214763 0.00161631 0.0101093 -0.0030009 0.00910405 -0.0167117 -0.00749405 -0.00158307 0.00699772 0.0148592 0.0168151 -0.0102755 0.0157788 0.0101152 0.0200607 -0.0165138 0.0165471 -0.0191767 0.0188226 -0.0210324 0.021677 0.0140888 0.00775518 -0.0011892 -0.0103474 -0.0227471 -0.0172844 -0.0190936 0.0267636 0.0190808
internal_weight=355.38 269.375 182.549 151.122 129.963 122.582 43.0007 79.5811 20.7646 86.005 58.8164 36.9985 18.5019 86.8261 77.922 31.4272 35.2253 27.4313 21.1585 21.8179 17.0555 73.7915 70.1303 64.9211 54.1772 24.4846 15.953 16.6517 18.4966 57.5277 31.3658 14.7755 29.6926 16.7007
internal_count=960 727 493 408 351 331 116 215 56 233 159 100 50 234 210 85 95 74 57 59 46 200 189 176 146 66 43 45 50 156 85 40 80 45
is_linear=0
shrinkage=0.03


Tree=4
num_leaves=33
num_cat=0
split_feature=41 34 23 47 12 54 33 44 54 24 16 42 55 36 61 12 50 61 32 54 54 54 39 36 55 47 43 46 12 42 55 34
split_gain=6.08763 6.08486 5.32963 6.80137 4.84679 4.17918 5.43805 5.54555 3.47055 3.16217 4.00165 3.78859 3.62905 5.51727 3.13499 2.75725 4.37897 4.84172 3.20586 2.90136 2.75079 2.65014 2.32265 2.19399 1.80797 1.64775 1.63852 1.57347 1.40133 1.95797 0.867965 0.121331
threshold=-0.54714928890769376 0.64221839785247115 0.92184247602487235 0.95078213026737035 -0.95055425810715122 0.058321051683928572 0.17352244665004071 0.77525650484213127 1.5325148126256705 -0.46946745708014886 0.52240799768283541 0.95872338381860744 1.0743282761277568 -0.16772512266377598 395.50000000000006 -0.94185508749841496 -0.36954405202092022 662.50000000000011 -0.72089593325615453 -1.4652845627500295 0.2258882675230022 1.6872073636469784 -0.1604977258749081 0.55755541920126184 -0.35910734518044757 -0.093766012574672167 -1.3937885975291711 -0.38373682080881455 -0.14925370423753739 0.95872338381860744 -0.37803765427650865 0.28420378038114086
decision_type=2 2 2 2 2 2 2 2 2 2 2 2 2 2 2 2 2 2 2 2 2 2 2 2 2 2 2 2 2 2 2 2
left_child=5 4 14 8 22 6 7 27 -4 12 11 26 13 24 28 -8 25 18 19 -18 -12 -5 -2 -15 -6 -17 -11 -1 29 -3 -20 -28
right_child=1 2 3 21 9 -7 15 -9 -10 10 20 -13 -14 23 -16 16 17 -19 30 -21 -22 -23 -24 -25 -26 -27 31 -29 -30 -31 -32 -33
leaf_value=-0.0025481443085925669 0.019039205151541574 0.0076662297386737178 0.039156520160666404 0.0085661304585520313 0.00046967794437198165 0.022791423656327719 -0.0060043813896564118 0.015237729329673967 0.0084988030438496419 -0.0030453309912731696 0.013786526631295643 0.0040820415827991351 -0.020573620579400622 0.028204243988574681 0.010784065397436588 0.033754106723251083 -0.0044184952096724388 0.024389667795783686 -0.00023037785472607107 0.022339420179242085 -0.0098241139913074586 -0.013942339450156689 -0.0021299114428559593 0.0019979490214810602 -0.017951716688894732 0.008814409989094758 -0.022999748123685108 -0.019853453399456045 -0.019129967499910149 -0.012494552128065141 -0.016089741049553297 -0.013085070960272394
leaf_weight=8.9669775664806419 7.0300864875316611 6.3937558531761205 7.6094712913036364 9.5662281513214129 9.5571337342262286 10.577137917280195 7.8254539668560019 6.3979320526123038 7.8790622353553772 6.6731427013874045 6.6808447539806357 6.356727957725524 5.753160446882247 6.159218877553938 7.3091607987880698 7.9201986491680145 5.8285463154315948 7.3116606771945944 5.8116222321987108 5.8576698899269051 8.1341293156146985 6.6393108367919913 8.7484728693962079 5.8502799868583679 6.9289470911026028 6.1303723454475385 32.789973795413971 13.299446940422056 8.1183382570743561 7.8424626886844635 8.1477265059948056 12.647995561361311
leaf_count=31 24 22 26 33 33 36 27 22 27 23 23 22 20 21 25 27 20 25 20 20 28 23 30 20 24 21 114 46 28 27 28 44
internal_value=0 -0.00315856 0.00443072 0.0127649 -0.00699084 0.00615569 0.00361273 -0.00663515 0.0260414 -0.00929185 -0.0127632 -0.0162188 -0.0014724 0.00302002 -0.0044672 0.0091104 0.0118581 0.00516538 -0.00113937 0.00955429 0.000744019 -0.000716515 0.00778871 0.0175216 -0.00779051 0.0251584 -0.018852 -0.0137375 -0.0100699 -0.00319102 -0.0105382 -0.0208741
internal_weight=278.743 184.668 61.3578 31.6941 123.31 94.0747 83.4976 28.6644 15.4885 107.532 73.2828 58.4678 34.2487 28.4956 29.6637 54.8333 47.0078 32.9572 25.6456 11.6862 14.815 16.2055 15.7786 12.0095 16.4861 14.0506 52.1111 22.2664 22.3546 14.2362 13.9593 45.438
internal_count=960 637 211 109 426 323 287 99 53 372 254 203 118 98 102 188 161 113 88 40 51 56 54 41 57 48 181 77 77 49 48 158
is_linear=0
shrinkage=0.03


Tree=5
num_leaves=33
num_cat=0
split_feature=11 23 56 29 45 19 47 45 40 19 58 32 54 5 19 1 32 52 14 54 30 45 33 1 16 55 29 29 40 55 39 47
split_gain=31.2676 9.19006 6.03911 4.74836 5.7463 7.24871 5.42837 3.69262 3.36581 4.83417 3.32349 3.41521 4.01519 2.84148 2.76673 2.58958 2.40274 2.06092 2.18761 1.87207 1.85543 1.81784 1.55048 1.52183 2.54749 1.38786 1.16111 0.965479 0.802107 1.52583 0.471045 0.076444
threshold=0.29864899082764068 1.0000000180025095e-35 0.83127736275507946 0.44374764513810622 -0.8985797846814767 0.32247803281045923 0.41447920020719864 -0.8985797846814767 -0.84417840209528405 -0.72892204397531091 -0.82789643287573755 0.49758783074060953 0.39629390046322455 -0.23333020837065691 0.088833571302510281 -0.071881364116238744 -0.55166207714549276 -1.0000000180025095e-35 0.90508104471091688 -0.34623320327745472 0.44711877397502892 -0.78386201316804105 1.0000000180025095e-35 -0.24012865070477699 0.54440378315184279 1.368013700705961 -0.52712590613899113 1.0000000180025095e-35 -0.34736113558690573 0.52299314045370482 0.97391719943751687 0.49374399691746684
decision_type=2 2 2 2 2 2 2 2 2 2 2 2 2 2 2 2 2 2 2 2 2 2 2 2 2 2 2 2 2 2 2 2
left_child=1 2 3 4 20 6 26 -3 9 -9 -2 12 15 21 -4 17 -10 -12 -19 -7 -1 -5 30 24 -18 -17 -6 28 -25 31 -11 -30
right_child=10 7 14 13 5 19 -8 8 16 22 11 -13 -14 -15 -16 25 23 18 -20 -21 -22 -23 -24 27 -26 -27 -28 -29 29 -31 -32 -33
leaf_value=-0.01140971742619078 0.00028623356935185586 0.005309711262658349 -0.023715709633919918 0 0.018864239703401529 -0.0083722211818950901 0.0025583504376323883 0.017160878464551329 0 -0.021872547695225522 0.030003291632428025 0.037855102920825938 -0.00081773820082084491 0.0071864991502680539 -0.0010953904576998139 -0.0029430820922207194 0.0028525200865369138 -0.00023254888897798997 0.022335279623110126 0.011312526167119911 0.0073716297200511708 -0.019103411362088273 0.00037697986449021449 -0.021698023677179989 -0.017879521121221861 0.014855983472208907 0.046177197594225804 -0.024284116984639489 -0.0035843684656399451 -0.016602817521238145 -0.0062075309837922197 8.8691082007764235e-05
leaf_weight=10.253781735897066 10.265462815761564 10.281159311532972 9.2775980234146136 7.4643832147121456 6.8849818706512442 8.4250951111316663 6.5027001500129691 6.5504325032234219 8.4280371367931348 6.1730166673660296 20.135968685150139 7.6168400645256034 10.027268677949904 9.6584580540657026 10.22801300883293 6.2770380079746229 9.3096815049648303 6.5921077430248314 6.2968070507049561 6.2295112907886496 6.2377734184265128 10.269264817237856 7.1164806187152854 10.754319220781321 8.9777436256408674 6.2706715166568756 7.8339675366878536 26.523892968893051 6.5287583172321373 12.997307926416395 6.1682027280330658 6.1623688936233521
leaf_count=33 33 33 30 24 22 27 21 21 27 20 64 24 32 31 33 20 30 21 20 20 20 33 23 35 29 20 25 86 21 42 20 20
internal_value=0 -0.00555654 0.00121611 0.00495924 0.0101906 0.0167489 0.0273601 -0.010892 -0.0124325 -0.00247302 0.016791 0.0193097 0.0157363 -0.00484413 -0.0130653 0.0194161 -0.0151668 0.0237919 0.0115549 0 -0.00395004 -0.0117579 -0.0101242 -0.016721 -0.00760595 0.00616133 0.0366974 -0.0190366 -0.0142501 -0.00988636 -0.0159978 -0.0015572
internal_weight=298.719 225.237 99.2655 79.7599 52.3678 35.8763 21.2216 125.971 115.69 26.0081 73.4822 63.2167 55.5999 27.3921 19.5056 45.5726 89.6821 33.0249 12.8889 14.6546 16.4916 17.7336 19.4577 81.2541 18.2874 12.5477 14.7189 62.9666 36.4428 25.6884 12.3412 12.6911
internal_count=960 726 319 256 168 115 68 407 374 84 234 201 177 88 63 145 290 105 41 47 53 57 63 263 59 40 47 204 118 83 40 41
is_linear=0
shrinkage=0.03


Tree=6
num_leaves=32
num_cat=0
split_feature=0 3 14 45 48 40 21 45 55 38 58 12 54 42 26 44 60 36 50 24 52 30 23 27 55 18 53 48 34 55 38
split_gain=34.0112 12.7293 5.91208 8.03801 3.67108 5.30058 6.69069 4.81125 4.76892 3.56079 4.79833 3.25281 3.18065 3.90638 4.28841 3.63527 3.6293 2.9027 3.0336 2.64619 2.45556 2.13384 1.97806 1.84504 1.86074 1.66219 1.58368 1.35636 1.28126 0.610767 0.117504
threshold=0.035826858850885546 -0.39865645237896291 -0.087142147051687727 0.35523817732777269 -1.1937843949112332 0.27366044754856733 -0.60689233230086281 -0.9565934860508658 -0.040982414703277341 -0.72017918589776531 -0.82789643287573755 -0.38257505437481937 -0.72168513079967866 1.163061836762 1.4335961148238028 0.33773268680017926 587.00000000000011 -0.94135770065314939 -0.36954405202092022 1.0000000180025095e-35 0.40449446211531248 -0.22439339649410675 -0.34443372069682665 0.81192858510893717 0.41710681045900405 0.73782714350439871 -0.41053404160705947 -1.369990244175767 1.0000000180025095e-35 0.22287828313160982 0.7075847405479182
decision_type=2 2 2 2 2 2 2 2 2 2 2 2 2 2 2 2 2 2 2 2 2 2 2 2 2 2 2 2 2 2 2
left_child=1 12 21 4 -4 7 -7 8 -6 -2 -11 -5 -1 14 16 -15 28 19 -19 -9 23 26 -20 24 -8 27 -3 30 -14 -23 -12
right_child=9 2 3 11 5 6 20 17 -10 10 25 -13 13 15 -16 -17 -18 18 22 -21 -22 29 -24 -25 -26 -27 -28 -29 -30 -31 -32
leaf_value=-0.0016631753094248469 0.0020675449980709412 0.0064822068473552171 -0.018425778845869677 0.0055617463838102434 0.018968317944637259 -0.013142576777800065 0.0046048069483039418 -0.0071272921926763258 -0.0088254425186377952 0 -0.0082288934063173801 0.030246746776079587 0.015785649931003742 0.014208126547313481 0 -0.0091961273055030466 0.0041386215128797832 0.0011524093814695414 -0.004782473263918805 0.014320091857584462 0.029574074394752473 -0.025235602638140394 -0.022194797655041665 0 0.025776052567014384 -0.0052231152480424715 -0.010939656663826357 -0.027777559383997664 0.031784224362177371 -0.0085184597501421037 -0.017968917927033128
leaf_weight=8.9048658609390241 7.7460850775241843 7.4040654599666587 7.3609822690486899 10.392029374837877 13.390720069408419 7.7645325958728781 9.2636544406414085 9.9860889613628405 7.3944585025310507 10.730678915977476 8.4637028276920301 10.810040354728697 13.751625478267668 13.017201930284502 8.1704820394515973 8.5260735750198346 8.5460864007472974 11.105703771114348 11.086201161146162 7.7822432518005362 7.8176178336143485 7.363972604274748 18.807055830955509 10.754599928855894 7.4411092698574057 7.3814619481563559 8.136099040508272 31.92528143525124 27.175210267305374 7.3764649927616119 19.476984918117523
leaf_count=24 21 20 20 28 36 21 25 27 20 29 23 29 37 35 22 23 23 30 30 21 21 20 51 29 20 20 22 87 73 20 53
internal_value=0 0.00523776 0.000629187 0.00310566 0.000179697 0.00155441 0.00988421 -0.00297789 0.00888278 -0.0163 -0.0182047 0.0195788 0.0144934 0.0163818 0.0204203 0.00468949 0.0236548 -0.00738907 -0.0116797 0.00233844 0.0154449 -0.0111074 -0.0164655 0.0098917 0.0157119 -0.0211177 -0.00244702 -0.0228041 0.0272982 -0.0187988 -0.0157919
internal_weight=355.253 269.529 181.438 151.157 129.955 122.594 43.0415 79.5525 20.7852 85.7242 77.9781 21.2021 88.0915 79.1867 57.6434 21.5433 49.4729 58.7673 40.999 17.7683 35.277 30.2806 29.8933 27.4594 16.7048 67.2474 15.5402 59.866 40.9268 14.7404 27.9407
internal_count=960 727 490 408 351 331 116 215 56 233 212 57 237 213 155 58 133 159 111 48 95 82 81 74 45 183 42 163 110 40 76
is_linear=0
shrinkage=0.03


Tree=7
num_leaves=34
num_cat=0
split_feature=41 34 23 47 12 61 60 32 7 20 46 46 33 61 32 56 9 43 60 0 39 0 33 23 32 19 20 34 12 4 31 12 45
split_gain=5.84576 5.89566 5.1077 6.43733 4.65397 4.01987 3.54167 3.54471 4.96955 3.35747 3.06125 6.21631 3.4552 3.00568 2.53503 4.15349 4.40965 3.60184 2.71209 2.36195 2.22029 2.18726 2.00056 1.73426 1.68569 1.60694 1.49493 1.43756 1.37355 0.654323 0.547851 0.307906 0.140864
threshold=-0.54714928890769376 0.64221839785247115 0.92184247602487235 0.95078213026737035 -0.95055425810715122 548.00000000000011 684.00000000000011 -1.4171723698257339 -0.69998536098307007 1.3174759647809342 -0.49213345861114122 -0.0066749446301069045 0.17352244665004071 395.50000000000006 -0.17934759370203732 -0.76637282392134953 0.13450690499784901 0.30819936613535498 306.50000000000006 0.0086652937538709927 -0.1604977258749081 -0.90577406451228459 1.1891112397941925 -0.34443372069682665 0.86023180812059896 -0.37845535171338751 -1.1897910695158211 -1.2059111139589891 -0.14925370423753739 -0.28774515521830424 1.0372694908296836 0.5193376899363269 -0.55038331316353917
decision_type=2 2 2 2 2 2 2 2 2 2 2 2 2 2 2 2 2 2 2 2 2 2 2 2 2 2 2 2 2 2 2 2 2
left_child=5 4 13 25 20 6 7 29 19 14 23 -12 -13 28 15 32 17 18 -17 -9 -2 -5 -14 -10 26 -4 -16 -7 30 -1 -3 -28 -6
right_child=1 2 3 21 9 27 -8 8 10 -11 11 12 22 -15 24 16 -18 -19 -20 -21 -22 -23 -24 -25 -26 -27 31 -29 -30 -31 -32 -33 -34
leaf_value=-0.018011796562042538 0.018494390755177302 0.0014714806939370255 0.011273464206992236 0.0097445661395662818 -0.021939555703535212 0.029470240714962695 0.0210296238571516 0.0022705812007837735 -0.019300564992539918 0.0091796346315618418 0.024263480511835585 -0.016968045711756054 0.016365448658037962 0.010493993776420558 -0.0019806866637293013 -0.011532612461711181 -0.017797119967007363 0.020531632981454016 0.011567647418479148 0.028621698067438101 -0.0021398946065255909 -0.010500971403705744 -0.0052283684195290649 0 -0.0016166346147844077 0.034903481242542216 -0.021051358531986617 0.0082432200324129446 -0.018917175003119232 -0.0031340734253399337 -0.0090608560432419872 -0.0091113556919552828 -0.008298209066715901
leaf_weight=6.9485861659049988 7.1051286756992331 8.1145519614219683 7.9517046213150024 7.5699560642242458 7.7518051564693451 6.5026320517063132 7.304537206888198 5.804426044225691 8.3796636164188367 6.9143922030925742 8.493429750204081 9.0000233948230903 6.1696491837501508 7.3565424084663382 6.3467995822429648 9.2401148378849083 6.8719497323036185 9.2971800863742811 6.37812516093254 7.692132830619812 8.7503771483898145 8.6131466627120954 6.1071307361125946 6.4346714913844982 8.6168681085109693 7.7208998203277606 32.036895722150803 8.7805086076259595 8.0276169776916504 6.6910600662231428 6.0806009173393258 7.7921912968158713 5.7805775403976423
leaf_count=24 24 28 27 26 27 22 25 20 29 24 29 31 21 25 22 32 24 32 22 26 30 30 21 22 30 26 112 30 28 23 21 27 20
internal_value=0 -0.00309336 0.00436555 0.012489 -0.00687835 0.00602952 0.0030437 0.00073666 0.00409164 -0.00914757 -0.000778902 0.00460677 -0.00405766 -0.00437057 -0.0105892 -0.00490048 0.00102011 0.00715315 -0.0015615 0.0190497 0.00756025 -0.000668156 0.00578832 -0.011398 -0.0149319 0.0252958 -0.0171618 0.0194591 -0.0098966 -0.0121433 -0.00309262 -0.0192761 -0.0179211
internal_weight=278.626 184.317 61.435 31.8557 122.882 94.3085 79.0253 71.7208 58.0811 107.027 44.5846 29.7702 21.2768 29.5793 100.113 45.3198 31.7874 24.9154 15.6182 13.4966 15.8555 16.1831 12.2768 14.8143 54.7928 15.6726 46.1759 15.2831 22.2228 13.6396 14.1952 39.8291 13.5324
internal_count=960 637 211 109 426 323 271 246 199 372 153 102 73 102 348 157 110 86 54 46 54 56 42 51 191 53 161 52 77 47 49 139 47
is_linear=0
shrinkage=0.03


Tree=8
num_leaves=31
num_cat=0
split_feature=2 23 42 32 45 45 56 14 42 40 19 58 32 54 55 12 54 43 55 54 52 32 20 7 16 18 37 46 37 45
split_gain=29.053 9.25379 6.73262 5.13622 3.56941 3.55535 4.22626 5.27496 5.87857 3.14646 4.74564 3.06773 3.23075 3.31096 3.01378 2.81882 5.78006 2.67417 4.28907 2.64649 3.85395 2.32563 2.16668 1.49034 2.47514 1.39154 0.921071 0.755636 0.726354 0.360219
threshold=-0.42311282781707776 1.0000000180025095e-35 0.5500464779318226 -0.31473467859056659 -0.8985797846814767 -0.9565934860508658 0.83127736275507946 -0.056567927232831987 -1.084661145615317 -0.84417840209528405 -0.72892204397531091 -0.82789643287573755 0.49758783074060953 0.39629390046322455 -0.27857944750532421 -0.36337738159157046 -1.1243942079007503 -0.35063468431542927 0.24072124306907824 -0.23604285906448844 -1.0000000180025095e-35 -0.55166207714549276 -0.63262061744987552 -0.24283907490540915 0.54440378315184279 -0.70516288127653837 1.0000000180025095e-35 0.34250095469007574 -0.37787265326149971 -1.1470140415332266
decision_type=2 2 2 2 2 2 2 2 2 2 2 2 2 2 2 2 2 2 2 2 2 2 2 2 2 2 2 2 2 2
left_child=11 2 3 5 -3 29 7 8 -7 10 -6 -1 13 15 -4 16 -13 -5 -19 20 -17 -11 -10 24 -23 -12 27 28 -25 -2
right_child=1 4 14 17 9 6 -8 -9 22 21 25 12 -14 -15 -16 19 -18 18 -20 -21 -22 23 -24 26 -26 -27 -28 -29 -30 -31
leaf_value=0.00029475402105456363 -0.0022812467747491284 0.0051678885457091348 0.0025420597752494126 -0.019041738551743678 0.016753840499154717 -0.0022170676313737329 -0.0080627518458188593 -0.0081553171832465052 0.012626145899271265 0 -0.00038875511928481099 0.026900009186660242 0.036459375486214599 -0.0001887107645414245 0.029311409076593898 0.025259677035211339 -0.0054842957006548104 0.015064986009215619 -0.015656229746015823 0.039727582674799415 -0.00027710914052663925 0.0028339701197858157 0.038709882317875595 -0.020115139394858875 -0.017635562216339735 -0.01677386131989295 -0.023442524724731708 -0.0022528714330866881 -0.0073482917125871376 -0.014252470411666251
leaf_weight=10.263004541397093 6.1654158234596252 10.311188876628874 7.4615077376365653 16.964329630136493 6.5996685028076199 7.2088007032871237 9.8658297359943372 6.8486257791519227 8.1510860323905963 8.430510610342024 8.9080450236797368 6.7007267773151424 7.7596964240074149 9.7457817494869214 8.4737479388713819 13.057240486145018 11.016444563865656 6.2441327869892103 7.1193157732486725 7.350227087736136 7.6087936758995083 9.3127915263175982 8.8470108807086927 15.938125193119046 8.8900320231914503 10.740185588598248 29.258500099182129 6.1599020659923545 11.002795279026035 6.2174760401248914
leaf_count=33 20 33 24 55 21 23 32 22 26 27 29 21 24 31 27 41 35 20 23 23 24 30 28 52 29 35 96 20 36 20
internal_value=0 -0.00535877 0.00141614 -0.00202038 -0.010732 0.00350108 0.00781102 0.0131773 0.0195698 -0.0122542 -0.00265464 0.0161821 0.0186012 0.0151041 0.0184182 0.0183925 0.00759507 -0.0116211 -0.000826237 0.0242844 0.0162044 -0.0149283 0.0285644 -0.0164698 -0.0074401 -0.0101834 -0.018775 -0.0136384 -0.0157746 -0.0096147
internal_weight=298.621 225.119 99.5673 83.632 125.552 53.3042 40.9214 31.0555 24.2069 115.241 26.2479 73.5019 63.2389 55.4792 15.9353 45.7334 17.7172 30.3278 13.3634 28.0163 20.666 88.9927 16.9981 80.5621 18.2028 19.6482 62.3593 33.1008 26.9409 12.3829
internal_count=960 728 320 269 408 171 131 99 77 375 85 232 199 175 51 144 56 98 43 88 65 290 54 263 59 64 204 108 88 40
is_linear=0
shrinkage=0.03


Tree=9
num_leaves=32
num_cat=0
split_feature=0 3 14 45 47 40 45 55 58 43 43 46 37 20 32 52 22 50 16 24 52 19 45 32 29 55 25 60 45 55 55
split_gain=32.1414 12.1239 5.647 7.69082 3.52727 5.1097 4.61491 4.57928 3.29451 3.23906 3.21431 3.93815 3.12111 3.1213 4.17053 3.29342 3.10093 2.63656 2.35506 2.27001 2.25644 2.1709 2.10032 1.93869 1.76112 1.46967 2.55183 0.939012 0.888789 0.883847 0.410504
threshold=0.035826858850885546 -0.39865645237896291 -0.087142147051687727 0.35523817732777269 -1.1100132483276115 0.27366044754856733 -0.9565934860508658 -0.040982414703277341 -0.82789643287573755 -0.35063468431542927 -1.0094687347662135 -0.91228468412324448 -0.79365408204679833 1.0388907387479613 0.49758783074060953 0.40449446211531248 1.0000000180025095e-35 -0.36954405202092022 0.47475349411092876 1.6982979883472249 1.0000000180025095e-35 0.67294472507238268 -0.26688276009193251 -0.55166207714549276 1.0000000180025095e-35 -0.31273150102275238 1.0000000180025095e-35 283.50000000000006 -0.36641137269517593 0.59427741039110527 0.85536822527892153
decision_type=2 2 2 2 2 2 2 2 2 2 2 2 2 2 2 2 2 2 2 2 2 2 2 2 2 2 2 2 2 2 2
left_child=1 12 18 4 -4 6 7 -6 -2 10 28 -12 -1 14 23 -15 30 -16 -3 -19 -18 -5 -11 -14 -20 26 -10 -27 -8 -22 -7
right_child=8 2 3 21 5 16 9 -9 25 22 11 -13 13 15 17 -17 20 19 24 -21 29 -23 -24 -25 -26 27 -28 -29 -30 -31 -32
leaf_value=-0.0018678048188884512 -0.00080814021137298817 -0.019553444837502033 -0.018129413596195246 0.02865050758381725 0.018506900613997481 -0.005806601550533674 -0.0021245536524581946 -0.0087160550195654971 0.0037833558848912379 -0.023060976878510244 -0.0086298003177669082 0.017395861556294443 0.012021374612120031 -0.0097752309827152713 0.020370110561103466 0.01474021442713673 0.0041668547007927209 -0.005778121229172802 -0.011340334966242396 0.013642768302550637 0.010498804794979151 0.0075983643797181474 -0.0028424504537032822 0.03200270744739997 0.0065300787338044052 -0.0098859129899060341 -0.018760766609867342 -0.022703070317465109 -0.016140013325196087 0.029570330612536871 0.0031490393472676679
leaf_weight=8.9122509956359846 12.20322063565254 13.628709405660631 7.3394303917884818 10.090205579996111 13.417006850242617 7.4091382324695569 9.2309232652187347 7.3881237208843222 7.3676157593727094 13.242487102746965 7.3804599344730404 11.129041463136671 10.026810526847838 7.4381240308284786 11.916361629962923 9.3080094158649427 12.251566201448442 11.153032898902895 8.4685042202472705 7.8090962171554557 7.8049955070018795 11.147135406732557 8.5018911659717542 21.650937825441364 8.1317110359668714 11.716567993164061 7.7009991109371185 46.422568440437317 9.2331065237522125 8.2073823213577253 7.4017917215824127
leaf_count=24 33 37 20 27 36 20 25 20 20 36 20 30 27 20 32 25 33 30 23 21 21 30 23 58 22 32 21 127 25 22 20
internal_value=0 0.00507763 0.000576812 0.00299637 0.000131674 0.00147916 -0.00297178 0.0086347 -0.0158874 -0.00729651 -0.00153286 0.00684957 0.0141018 0.0159721 0.0190246 0.00361392 0.00965438 0.010105 -0.0109039 0.00234047 0.0152548 0.0190947 -0.0161074 0.0266884 -0.00243922 -0.018254 -0.00803136 -0.0205343 -0.0101197 0.0223123 -0.00108514
internal_weight=355.029 269.618 181.404 151.175 129.937 122.598 79.523 20.8051 85.411 58.7179 36.9735 18.5095 88.2146 79.3024 62.5562 16.7461 43.0749 30.8785 30.2289 18.9621 28.2639 21.2373 21.7444 31.6777 16.6002 73.2078 15.0686 58.1391 18.464 16.0124 14.8109
internal_count=960 727 490 408 351 331 215 56 233 159 100 50 237 213 168 45 116 83 82 51 76 57 59 85 45 200 41 159 50 43 40
is_linear=0
shrinkage=0.03


Tree=10
num_leaves=34
num_cat=0
split_feature=41 34 47 47 12 47 61 32 28 12 27 20 44 56 57 28 32 56 0 43 42 60 39 14 45 25 36 20 27 59 26 34 45
split_gain=5.59419 5.72208 4.54627 5.19663 4.44425 3.87661 4.43654 4.17879 4.7354 3.65355 3.37304 3.25129 2.9377 2.80456 2.67461 2.56878 2.4672 4.06871 4.23884 3.42634 2.87375 2.63007 2.1229 1.97297 1.41275 1.31596 1.70467 1.07131 0.687955 1.0252 0.494957 0.175629 0.138022
threshold=-0.54714928890769376 0.64221839785247115 0.95078213026737035 0.6512959489581327 -0.95055425810715122 0.6512959489581327 548.00000000000011 -1.4171723698257339 -0.52246862698280394 0.74046890312593217 1.1231179020885085 1.3174759647809342 0.33773268680017926 -0.76637282392134953 1.0000000180025095e-35 0.35346966335738939 -0.17934759370203732 -0.76637282392134953 -0.29916577734562694 0.30819936613535498 0.95872338381860744 306.50000000000006 -0.1604977258749081 1.0000000180025095e-35 -0.49178997399335717 1.033880011137174 1.0000000180025095e-35 -0.63262061744987552 1.1231179020885085 0.79542987590220937 -0.78307271705551518 -1.070446123564432 -0.55038331316353917
decision_type=2 2 2 2 2 2 2 2 2 2 2 2 2 2 2 2 2 2 2 2 2 2 2 2 2 2 2 2 2 2 2 2 2
left_child=5 4 3 9 22 6 7 24 23 13 14 16 27 -3 25 -15 17 32 -19 21 28 -20 -2 -9 -1 26 -10 -4 29 30 -18 -8 -6
right_child=1 2 12 -5 11 -7 31 8 10 -11 -12 -13 -14 15 -16 -17 20 18 19 -21 -22 -23 -24 -25 -26 -27 -28 -29 -30 -31 -32 -33 -34
leaf_value=0.0010647739096094335 0.017920173644665291 -0.0043016062499036511 -0.0016608141784909846 0.032556095195490187 -0.021769816329067642 -0.012475296551846224 0.02852552577898999 0.029765301409785276 0 -0.01322058702736495 0.018585586085987527 0.0089871502242192969 0.0086487506300066911 0.026023573670849797 0.0096267251311246398 0.0014052045855450358 -0.0079555695850665811 -0.017548403959308217 -0.011391361763613403 0.019969474118640463 0.0022237276107453133 0.011353019864097608 -0.0021864675789623257 0.0059315045088448072 -0.016222521346198043 0.0027929769235901232 -0.018304800199592467 -0.017652887098951353 -0.004741288506329812 -0.0063294072300350106 -0.023139541814179643 0.012614014970448536 -0.0082030850113231791
leaf_weight=6.1091489195823661 7.1844146847724906 7.0548765957355561 7.4545928537845674 6.5709877312183371 7.6693136692047119 7.8333599567413321 6.6066562235355377 9.1006306409835798 6.409719914197928 6.2801016867160788 7.7270066440105429 6.9459052085876456 7.8504384458065024 9.2386116385459918 10.831660985946653 7.0374070405960074 5.7058659493923107 6.7816637754440334 9.1891229152679461 9.3936200439929944 6.8802254796028128 6.4093840718269339 8.7613382935523969 6.7652470767498007 8.3621407449245435 6.6773687005043021 10.499620348215101 10.003949910402296 6.0055423676967612 8.0263787508010846 27.748724818229682 7.6403432786464673 5.7594210803508741
leaf_count=21 24 24 26 22 27 27 22 31 22 22 26 24 27 31 37 24 20 24 32 32 24 22 30 23 29 23 36 35 21 28 98 26 20
internal_value=0 -0.00302896 0.00430976 0.0110015 -0.0067699 0.00589061 0.00780131 0.00445731 0.00809342 0.00468634 0.00240789 -0.00900238 -0.00511322 0.0102555 -0.00168148 0.0167334 -0.0104314 -0.00481606 0.00102909 0.00700478 -0.0147382 -0.00151874 0.00729061 0.0213382 -0.00913431 -0.00737879 -0.0116218 -0.0118126 -0.0173111 -0.0187624 -0.021174 0.022388 -0.017762
internal_weight=278.515 183.952 61.491 36.182 122.461 94.5629 86.7295 72.4825 58.0113 29.611 42.1454 106.515 25.309 23.3309 34.4184 16.276 99.5693 45.2025 31.7738 24.9921 54.3667 15.5985 15.9458 15.8659 14.4713 23.5867 16.9093 17.4585 47.4865 41.481 33.4546 14.247 13.4287
internal_count=960 637 211 123 426 323 296 248 198 101 144 372 88 79 118 55 348 157 110 86 191 54 54 54 50 81 58 61 167 146 118 48 47
is_linear=0
shrinkage=0.03


Tree=11
num_leaves=34
num_cat=0
split_feature=11 23 56 41 4 14 38 23 23 19 19 52 39 12 24 33 20 41 31 33 49 1 19 30 46 46 40 30 27 46 24 38 21
split_gain=27.8418 8.47753 5.72107 4.6477 3.71512 5.30049 3.60841 2.92456 2.98857 2.69612 2.65589 4.21037 3.10074 2.51403 4.62923 3.91628 2.46099 2.24714 3.63616 2.54891 2.01803 3.90155 2.60434 4.0814 1.96114 0.890758 0.739431 0.696061 0.439255 0.327038 0.484407 0.307442 0.109769
threshold=0.29864899082764068 1.0000000180025095e-35 0.83127736275507946 0.73172304615458617 0.077763310605840325 -0.061262080658521158 -0.97977262706970769 -1.6107099174185253 0.92184247602487235 0.088833571302510281 -0.96256650548325973 0.40449446211531248 0.45518900709380128 -0.34022387243740332 -0.15978667916195272 0.49270749592391677 0.76030551271498847 1.0000000180025095e-35 -0.75849303919727806 0.49270749592391677 0.11234032500413522 -0.24012865070477699 1.1402336480882806 -0.43101252586922523 0.066084710689916185 -0.30975457883478924 -0.098952502332716324 -1.1541794786821398 1.4343072190680795 -0.10523769772289308 0.45957487667443997 -0.071195582967909218 1.0000000180025095e-35
decision_type=2 2 2 2 2 2 2 2 2 2 2 2 2 2 2 2 2 2 2 2 2 2 2 2 2 2 2 2 2 2 2 2 2
left_child=1 2 3 4 5 24 -7 -2 13 -4 11 12 31 14 15 -9 28 18 19 -8 22 -22 27 -24 -1 -23 -20 -12 -15 -29 -31 -3 -13
right_child=7 10 9 -5 -6 6 17 8 -10 -11 20 32 -14 16 -16 -17 -18 -19 26 -21 21 25 23 -25 -26 -27 -28 29 -30 30 -32 -33 -34
leaf_value=0.0055968545189796293 -0.0017301266663495222 0.0057414324835686264 -0.023402510132983608 0.025147759865192656 -0.01598171786307229 -0.016736284006252142 -0.0038997177668023009 -0.015598501005957478 -0.00059172861504775461 -0.00099476544653738204 -0.0070654001343447743 -0.0073530115009157156 -0.0079194125275774806 0.031830234125087058 0.025821007928134972 0.013761973658660531 0.0095560143153714527 0.014795156990110947 -0.0025300439695546224 0.01589783513223527 0.012348775834014881 -0.0025937532835079891 -0.01825864204508152 0.011326052481385405 0.030637412217729487 -0.019305936132525563 -0.018468193824499709 -0.024455396431008008 0.013834452370269971 -0.0084876776242023069 -0.019920853245515673 0.018921118594553383 -0.019088952218094958
leaf_weight=6.6026347577571851 6.9786768555641165 6.5831770002841932 9.1318699717521685 7.5573432743549338 7.398304969072341 8.0040569603443128 9.0518223047256416 6.9122091233730334 6.6455155014991751 10.201088130474089 7.9545472562313071 6.5310915708541852 8.3077426850795728 22.248753815889362 7.9617417156696311 6.4001192450523376 11.172105818986891 10.406369626522062 6.2047205567359924 11.525363028049467 6.7946985661983517 6.3476535081863412 6.6519185900688171 7.0404171049594861 6.6916709244251251 7.589605808258054 6.5094808042049461 21.772287428379055 6.3910251855850211 13.204437524080282 12.121768176555632 6.2456767559051549 7.309586375951767
leaf_count=21 22 21 30 24 24 26 29 22 21 33 26 21 27 69 25 20 35 33 20 37 22 21 22 23 21 25 21 72 20 43 40 20 24
internal_value=0 -0.00530328 0.00118109 0.00480639 0.00213435 0.00460067 0 0.015674 0.0175525 -0.0127899 -0.0104763 -0.00306833 0.00509327 0.0195892 0.00973981 -0.00111371 0.0241623 0.00359904 -0.000215225 0.00724395 -0.0132079 -0.00420156 -0.0156909 -0.00303533 0.0204349 -0.0130747 -0.0122 -0.0185684 0.0289019 -0.0201096 -0.0149915 0.0138857 -0.0152026
internal_weight=298.449 223.739 99.2847 79.9518 72.3944 64.9961 51.7018 74.7101 67.7315 19.333 124.455 34.9773 21.1366 61.086 21.2741 13.3123 39.8119 43.6978 33.2914 20.5772 89.4773 20.732 68.7454 13.6923 13.2943 13.9373 12.7142 55.053 28.6398 47.0985 25.3262 12.8289 13.8407
internal_count=960 726 319 256 232 208 166 234 212 63 407 113 68 191 67 42 124 140 107 66 294 68 226 45 42 46 41 181 89 155 83 41 45
is_linear=0
shrinkage=0.03


Tree=12
num_leaves=33
num_cat=0
split_feature=0 3 5 45 38 56 45 27 40 46 37 51 33 50 46 27 49 46 27 18 45 53 44 26 12 45 25 31 31 38 12 38
split_gain=30.3765 11.4957 5.43862 10.0583 3.37879 3.20182 3.2226 4.412 3.9112 4.92857 2.97663 3.09391 2.82333 2.5971 3.00387 2.47701 2.35564 2.34242 2.31165 1.98064 1.96418 3.20229 2.39248 1.03294 0.951097 0.819113 2.36957 0.684013 2.26323 0.52 1.40944 0.175222
threshold=0.035826858850885546 -0.39865645237896291 -0.23333020837065691 0.35523817732777269 -0.72017918589776531 0.83127736275507946 -0.9565934860508658 0.5007392681293662 0.27366044754856733 0.042187985594777259 -0.79365408204679833 -0.66675726417601577 0.9859934811653619 -0.36954405202092022 -0.29185229042032657 -0.74401799978891792 -0.3771303800063171 -1.010573221029843 0.11175262190490216 0.73874182297308078 1.9572201575985537 -1.011315565910073 -1.2482911536018959 -0.5719613997336751 -0.38257505437481937 -0.82459105901239405 -0.38258647325442136 0.87667284180288185 1.489860047177942 0.13071042683249046 -0.93902372348500485 0.7075847405479182
decision_type=2 2 2 2 2 2 2 2 2 2 2 2 2 2 2 2 2 2 2 2 2 2 2 2 2 2 2 2 2 2 2 2
left_child=1 10 3 5 -2 6 7 17 12 16 -1 -12 13 -8 -15 -4 -10 -3 -17 25 21 -13 -23 -7 -5 26 -6 -24 -29 -27 -31 -32
right_child=4 2 15 24 19 23 8 -9 9 -11 11 20 -14 14 -16 18 -18 -19 -20 -21 -22 22 27 -25 -26 29 -28 28 -30 30 31 -33
leaf_value=-0.001870868294013918 0.0023661735794059443 0.0026260222882381863 0 0.010288256338579379 0.00028667817713259755 0.019469979579693483 -0.0019134212470121885 -0.0099941220568373467 -0.00087145361460469451 -0.010764787402580007 -0.0014530556665272479 0.0045890445199366402 0.0046807091999496722 -0.024775563753998215 -0.0030495067867833546 -0.025296678730574697 0.018635021923822166 0.022880199713710102 -0.0034975339721339516 -0.0013213403014805483 0.0054537135987066552 0.0053465997506350381 0.031004202941115326 0.0025641751725010609 0.028843097701406063 -0.028536431813000463 -0.019731087948481173 0.0048922144786807086 0.028307298456812749 -0.0065001271684382404 -0.012083956024603139 -0.02453930879786138
leaf_weight=8.9113052785396558 7.7256799042224875 11.155510276556017 12.55063536763191 7.8156163096427944 8.4080209732055682 7.4207724332809448 14.417541563510889 8.8792585432529432 7.7926469743251792 12.908465772867201 7.816869616508483 11.91749322414398 8.5101368725299817 18.738102138042446 9.5821214020252317 10.65133246779442 13.398814827203752 10.400759071111681 8.8338566422462446 7.3480233550071707 13.04213237762451 7.4464704096317211 22.779142796993263 7.4224235415458661 10.854877948760985 13.837798297405241 10.578591734170912 8.9417619705200213 7.4629525542259207 11.309742450714106 9.1245787739753776 16.746092051267624
leaf_count=24 21 30 34 21 23 20 39 24 21 35 21 32 23 51 26 29 36 28 24 20 35 20 61 20 29 38 29 24 20 31 25 46
internal_value=0 0.00492839 0.000541939 0.00299863 -0.0154822 -7.96489e-08 -0.0017784 0.00631879 -0.00479425 0.00287747 0.0137083 0.0155331 -0.00994936 -0.0130581 -0.0181489 -0.0103501 0.0116141 0.0135115 -0.0166561 -0.0173521 0.0174616 0.0198336 0.0233406 0.0123945 0.0227161 -0.0188878 -0.0112016 0.0262894 0.0173586 -0.0212323 -0.0173576 -0.0212685
internal_weight=354.73 269.651 181.333 149.297 85.0785 130.627 115.783 30.4355 85.3478 34.0999 88.3181 79.4068 51.2479 42.7378 28.3202 32.0358 21.1915 21.5563 19.4852 77.3528 71.59 58.5478 46.6303 14.8432 18.6705 70.0048 18.9866 39.1839 16.4047 51.0182 37.1804 25.8707
internal_count=960 727 490 403 233 353 313 82 231 92 237 213 139 116 77 87 57 58 53 212 192 157 125 40 50 192 52 105 44 140 102 71
is_linear=0
shrinkage=0.03


Tree=13
num_leaves=34
num_cat=0
split_feature=41 34 23 54 54 33 37 45 32 56 28 42 25 61 61 50 40 32 34 43 61 43 55 27 21 37 23 24 47 13 42 27 23
split_gain=5.36762 5.53105 4.89166 6.16339 3.91719 4.9347 3.53628 3.50869 3.31398 5.3488 4.04723 3.87687 2.91538 2.8193 2.3246 4.12233 3.6919 2.63959 4.96636 2.10688 1.80429 2.18216 1.46265 1.27602 2.73277 1.91531 2.05125 1.37788 1.14612 0.894846 0.892147 0.791089 0.768123
threshold=-0.54714928890769376 0.64221839785247115 0.92184247602487235 1.956076242921539 0.058321051683928572 0.17352244665004071 -0.37787265326149971 -0.35507159171379682 -0.55166207714549276 -0.76637282392134953 -0.52246862698280394 0.95872338381860744 -0.90870259602844228 395.50000000000006 641.50000000000011 -0.36954405202092022 1.0000000180025095e-35 -0.72089593325615453 -1.3413761043535464 0.30819936613535498 283.50000000000006 -1.0094687347662135 0.13467152426707893 0.81192858510893717 0.61452619811596787 -0.37787265326149971 1.0000000180025095e-35 -0.15978667916195272 -0.041680520700734837 -0.1731696660004253 0.95872338381860744 -0.432828682809347 -0.97757181905767598
decision_type=2 2 2 2 2 2 2 2 2 2 2 2 2 2 2 2 2 2 2 2 2 2 2 2 2 2 2 2 2 2 2 2 2
left_child=4 8 13 6 5 7 -4 22 9 -2 -11 20 -8 30 15 16 -7 18 -17 -12 -10 -22 -1 24 27 26 -25 -23 -26 -9 -3 -32 -19
right_child=1 2 3 -5 -6 14 12 29 11 10 19 -13 -14 -15 -16 17 -18 32 -20 -21 21 23 -24 25 28 -27 -28 -29 -30 -31 31 -33 -34
leaf_value=-0.0058258520228624761 -0.016288046873104606 -0.0017979026162130336 0.034506153410378999 -0.010749437510005205 0.021729814295713197 0.027288822568288816 -0.0032348518706148154 -0.0042485822749414167 -0.023029510240084625 -0.0087802650350361552 0.0055965735430897959 0.0069373412541573962 0.019599189892374715 0.0099630185724801125 0.021065446060114044 -0.0068737001027737755 -0.00091403008758183862 -0.00049754976392039961 0.025715304764692953 0.029315833980573039 0.0022488739705154104 -0.0072321636796245535 0.011557051677851895 -0.0081608795807699488 -0.0095603559709058223 -0.016162682770612401 0.014189974876746517 -0.023300995240958276 0.0068931210861979198 -0.02213813773690167 -0.0036530507671168745 -0.021158160928671871 -0.014352721673453396
leaf_weight=6.3496388792991656 8.548369765281679 9.8332796394825035 7.7642208635807064 6.8980199694633475 10.770271718502043 9.5377240777015633 7.9222627282142666 5.7929473519325247 10.774968743324278 6.0120418369770077 8.7193322479724866 10.106912285089491 9.4537678956985456 7.4409132897853842 9.670714467763899 8.1749741137027723 5.9280507862567893 6.9958538711071006 5.9303503930568651 6.5169407129287711 10.950844734907148 10.000098764896387 7.900888055562973 5.7467740476131457 6.3216091096401215 5.6655210256576529 5.8547636270523071 21.067912966012962 5.7234690189361555 8.4853540360927564 5.677234739065173 6.5728070437908128 9.2472014725208407
leaf_count=22 30 34 26 24 36 32 27 20 38 21 30 35 32 25 32 28 20 24 20 22 38 35 27 20 22 20 20 75 20 30 20 23 32
internal_value=1.55944e-06 -0.00296584 0.00423836 0.0121534 0.00576763 0.00330589 0.0189142 -0.00649796 -0.00665677 0.0018082 0.00994618 -0.00944124 0.00944083 -0.00432959 0.00849042 0.00512551 0.0169999 -0.00125306 0.0075981 0.0178186 -0.0116174 -0.00937239 0.00361358 -0.0115805 -0.0143458 -0.00376139 0.00299384 -0.0188843 -0.00140163 -0.0163542 -0.00972724 -0.0147654 -0.00927003
internal_weight=278.356 183.572 61.5625 32.0383 94.784 84.0137 25.1403 28.5288 122.01 29.7967 21.2483 92.2129 17.376 29.5242 55.4849 45.8142 15.4658 30.3484 14.1053 15.2363 82.106 71.331 14.2505 60.3801 43.1131 17.2671 11.6015 31.068 12.0451 14.2783 22.0833 12.25 16.2431
internal_count=960 637 211 109 323 287 85 99 426 103 73 323 59 102 188 156 52 104 48 52 288 250 49 212 152 60 40 110 42 50 77 43 56
is_linear=0
shrinkage=0.03


Tree=14
num_leaves=33
num_cat=0
split_feature=11 23 56 29 45 19 47 45 38 35 23 54 54 52 25 1 25 19 50 37 47 30 24 47 26 19 39 19 29 37 57 36
split_gain=26.2268 8.16432 5.52467 4.35708 5.19142 6.68608 4.80698 3.30825 2.79294 4.60363 2.75616 2.85308 4.16909 3.8482 3.63005 2.833 2.73691 2.63148 2.05472 1.83171 2.04385 1.97227 1.77909 1.63741 1.6297 1.45658 1.05352 3.50116 1.03479 0.879098 0.740914 0.359005
threshold=0.29864899082764068 1.0000000180025095e-35 0.83127736275507946 0.44374764513810622 -0.8985797846814767 0.32247803281045923 0.41447920020719864 -0.8985797846814767 -0.36323820428634435 -1.0513647653649771 -1.6107099174185253 0.39629390046322455 -0.10299250933880223 -1.0000000180025095e-35 -0.58493882816750631 -0.47704829916618868 1.0000000180025095e-35 0.088833571302510281 0.93054679521713213 0.82492362286740029 -0.47361252761431766 -0.43101252586922523 -0.46946745708014886 -0.66065503683833826 1.0113734801801233 1.1402336480882806 0.45518900709380128 -0.72892204397531091 -0.52712590613899113 1.2852530618796953 1.0000000180025095e-35 -0.74794955615580594
decision_type=2 2 2 2 2 2 2 2 2 2 2 2 2 2 2 2 2 2 2 2 2 2 2 2 2 2 2 2 2 2 2 2
left_child=1 2 3 4 22 6 28 -3 9 -5 -2 12 13 23 -13 -15 -7 -4 19 20 -9 29 -1 30 -20 26 27 -22 -6 -21 -12 -28
right_child=10 7 17 8 5 16 -8 18 -10 -11 11 14 -14 15 -16 -17 -18 -19 24 21 25 -23 -24 -25 -26 -27 31 -29 -30 -31 -32 -33
leaf_value=-0.011155302429924583 -0.0017463245668664002 0.0049689919677005237 -0.023172331042898658 -0.011655336175826236 0.017783392683004377 0.012853780901937084 0.0024525236491307551 0.00019350118679734319 -0.019068956384121757 0.015061641751883164 0.030416813652067422 -0.0094253755472956963 0.034438141922481957 -0.011815504504163936 0.016975672641607709 0.013303773805405809 -0.010810357108295102 -0.00097008181735364052 0.0087872495483231356 -0.0019452217536053548 0.0030392670683363513 0.0078132675068999461 0.007247910387122432 0.0057725755305150159 -0.010265373072537725 -0.0041400794167334859 -0.011888632355466527 -0.019195506535809051 0.043342134371740407 -0.016567238109976672 0.011476978303220108 -0.024914666412654444
leaf_weight=10.166722774505617 6.9801981449127188 10.350348502397535 9.0212897360324877 10.495420128107074 7.0146569013595572 6.6225948035717002 6.5161490440368643 6.1379168927669516 7.0960295498371115 9.6852363348007202 11.690544039011 7.2743017673492423 13.666153430938719 6.6847471594810486 8.4087090790271741 6.4536557495594042 8.0941503643989545 10.193954288959501 6.7824942469596845 8.465555161237722 8.3147831857204455 6.1707236170768729 6.2510448098182669 7.3540249466896084 6.3518847525119781 9.3834662437438947 9.0552178621292025 17.885463237762451 8.1096679866313952 8.1342604458332044 6.7990165948867789 26.698680371046073
leaf_count=33 22 33 30 34 22 21 21 20 23 31 36 23 42 21 26 20 26 33 22 28 27 20 20 23 21 31 30 59 25 27 21 89
internal_value=0 -0.00518498 0.00117002 0.00472149 0.00969702 0.0158562 0.0259106 -0.0102843 -0.00470033 0.00104505 0.0151237 0.0169334 0.0202587 0.0140477 0.00462701 0.000212231 0 -0.0126065 -0.0117757 -0.013219 -0.0154467 -0.00490574 -0.00379327 0.0204645 -0.000124514 -0.0168511 -0.0185383 -0.0121401 0.0345231 -0.010221 0.0251362 -0.0223882
internal_weight=298.309 222.998 99.2669 80.0517 52.775 36.3572 21.6405 123.731 27.2767 20.1807 75.3114 68.3312 52.6481 38.982 15.683 13.1384 14.7167 19.2152 113.38 100.246 77.4755 22.7705 16.4178 25.8436 13.1344 71.3376 61.9541 26.2002 15.1243 16.5998 18.4896 35.7539
internal_count=960 726 319 256 168 115 68 407 88 65 234 212 163 121 49 41 47 63 374 331 256 75 53 80 43 236 205 86 47 55 57 119
is_linear=0
shrinkage=0.03


Tree=15
num_leaves=32
num_cat=0
split_feature=0 3 5 45 47 47 40 45 55 36 38 58 55 55 37 51 50 40 27 23 45 53 12 26 18 47 43 12 45 38 42
split_gain=28.8003 10.9536 5.2613 9.63122 3.69541 3.25622 5.02628 4.49788 4.36361 3.48188 3.2397 4.459 2.85781 4.41998 2.83286 2.96339 2.46356 2.22877 2.13385 2.05579 1.8763 3.06857 2.3188 1.98243 1.5388 1.42326 1.14268 0.905858 0.372079 0.173942 0.10787
threshold=0.035826858850885546 -0.39865645237896291 -0.23333020837065691 0.35523817732777269 0.081621818645882957 -1.1100132483276115 0.27366044754856733 -0.9565934860508658 -0.040982414703277341 -0.94135770065314939 -0.72017918589776531 -0.82789643287573755 1.2599604396006148 0.52299314045370482 -0.79365408204679833 -0.66675726417601577 -0.36954405202092022 -0.9683827187223788 -0.74401799978891792 -0.34443372069682665 1.9572201575985537 -1.011315565910073 -0.87177732218801218 -0.1497387650899959 0.73782714350439871 -1.2714606848258663 0.30819936613535498 -0.38257505437481937 0.43714695753593763 0.7075847405479182 0.95872338381860744
decision_type=2 2 2 2 2 2 2 2 2 2 2 2 2 2 2 2 2 2 2 2 2 2 2 2 2 2 2 2 2 2 2
left_child=1 14 3 5 -4 -3 7 8 -7 17 -2 -12 13 26 -1 -16 -11 -9 -6 -18 21 -17 -23 -24 25 29 -8 -5 30 -13 -25
right_child=10 2 4 27 18 6 12 9 -10 16 11 24 -14 -15 15 20 19 -19 -20 -21 -22 22 23 28 -26 -27 -28 -29 -30 -31 -32
leaf_value=-0.0018326528650309507 0.0023435446817661417 -0.017692614501629435 -0.022045234846575636 0.010047313062747355 0.0098527977692186557 0.017900216087206416 -0.0034784840728142555 -0.0054158690009221914 -0.0086553059020296544 0 0.00045657990446762166 -0.0070430220074125987 -0.0041372165220764628 0.024526915783067659 -0.0014727881176226857 0.0044172073252355159 -0.004438050880712972 0.014102849890165263 -0.00896064275868097 -0.021997887022549775 0.0052806787670979464 0.005096117361383037 0.0082749391728627296 0.025317232452699494 -0.0045672392721728353 -0.026414611174724063 0.010418404697068865 0.028191527298546307 0.03660722048070237 -0.016668269684283674 0.011744825512762992
leaf_weight=8.9081229269504529 7.7260514497756949 7.3028202950954428 12.456330955028536 7.8236857354640987 7.4012057483196285 13.444108426570894 10.380083769559862 10.342510730028154 7.3829602003097525 10.731423556804655 10.686703234910963 8.3648482561111432 9.6485516726970655 15.284073352813719 7.815214902162551 11.924957603216169 11.045190304517744 7.7867960631847373 12.136824399232863 19.419873893260959 13.049710810184477 7.4542307853698651 7.4574573636054913 11.977716654539128 7.3368900120258322 31.418873488903049 7.800868332386016 10.866507202386854 12.349170655012129 19.217337936162949 7.4564766883850089
leaf_count=24 21 20 34 21 20 36 28 28 20 29 29 23 26 41 21 32 30 21 33 53 35 20 20 32 20 87 21 29 33 53 20
internal_value=0 0.0047896 0.000504516 0.00292098 -0.0102156 -1.4711e-05 0.00118463 -0.00320027 0.0082688 -0.00742989 -0.0151131 -0.0169518 0.00930464 0.013363 0.0133546 0.0151332 -0.01215 0.00309908 -0.00135435 -0.0163262 0.017019 0.0193354 0.0227647 0.0256625 -0.0197928 -0.0214267 0.00251896 0.0222043 0.0290052 -0.0144694 0.0216111
internal_weight=354.398 269.647 181.254 149.259 31.9944 130.569 123.266 80.1529 20.8271 59.3258 84.7507 77.0247 43.1136 33.465 88.3931 79.4849 41.1965 18.1293 19.538 30.4651 71.6697 58.62 46.6951 39.2408 66.3379 59.0011 18.181 18.6902 31.7834 27.5822 19.4342
internal_count=960 727 490 403 87 353 333 217 56 161 233 212 116 90 237 213 112 49 53 83 192 157 125 105 183 163 49 50 85 76 52
is_linear=0
shrinkage=0.03


Tree=16
num_leaves=34
num_cat=0
split_feature=41 34 12 47 47 40 36 61 62 12 20 44 41 57 28 24 16 35 36 54 19 20 19 39 35 54 24 40 54 43 34 35 60
split_gain=5.15694 5.3194 4.26424 4.23458 4.86509 3.70239 6.07425 4.62339 4.50763 3.4703 3.12053 2.80754 2.75839 2.72472 2.7271 2.70389 4.13918 3.84697 5.67811 3.40878 2.24582 2.60945 2.67447 2.0249 1.7468 1.6267 1.51235 1.48195 1.09781 1.027 0.764638 0.522768 0.0474403
threshold=-0.54714928890769376 0.64221839785247115 -0.95055425810715122 0.95078213026737035 0.6512959489581327 -1.3409956686036624 -0.94135770065314939 641.50000000000011 1.0000000180025095e-35 0.74046890312593217 1.3174759647809342 0.33773268680017926 -0.72984533677373375 -0.53620295222152559 0.35346966335738939 -0.46946745708014886 0.52240799768283541 0.94120188683973882 -0.16772512266377598 0.2258882675230022 1.3738781095962296 -0.91120584348284839 -1.313033197745183 -0.1604977258749081 -0.6331717642849749 -0.98303907112314848 1.0789364325108326 -0.47156545221400042 1.1699682477636004 -1.3937885975291711 -0.93498113316987463 0.94120188683973882 240.00000000000003
decision_type=2 2 2 2 2 2 2 2 2 2 2 2 2 2 2 2 2 2 2 2 2 2 2 2 2 2 2 2 2 2 2 2 2
left_child=5 2 23 4 9 -1 -7 8 20 13 15 28 25 -3 -15 17 26 18 24 -18 21 -8 -23 -2 -4 -10 29 -24 -5 -17 -9 -31 -30
right_child=1 3 10 11 -6 6 7 30 12 -11 -12 -13 -14 14 -16 16 19 -19 -20 -21 -22 22 27 -25 -26 -27 -28 -29 32 31 -32 -33 -34
leaf_value=-0.01234888466904367 0.017527864601735429 -0.0017917347730332148 0.0021346558736712916 0 0.031200111237893638 0.028819124032642227 0.0047729270696619868 0.027571370026511777 0.013653881355730396 -0.013080766534917467 0.0088265195729385106 0.0083962817310653109 0.026895520920767715 0.029195837252756925 0.0021218247725687022 -0.0047759914834684808 0.015184371426447291 -0.020984721922583348 0.018592928259662866 -0.01180146787822705 0.0102893310595586 0.0041639465598509442 -0.0022522375212147405 -0.002083786629205598 -0.01634271910414211 -0.0052200853485132722 -0.0021460674595931086 -0.020916647960601512 -0.0079017627808231315 -0.023291964601554246 0.0081263366256115622 -0.0099514435246995762 -0.020484471015948802
leaf_weight=7.7868478596210471 7.2373235523700705 9.7202803194522875 6.8952733576297751 5.7066572010517183 6.7117080092430106 9.2350693047046644 10.822672367095938 6.1540841460227966 5.9240670800209054 6.2375668287277213 6.9707471132278434 7.8952423930168143 6.2979487776756278 7.0008672475814837 6.7964262366294861 6.0106403529643933 6.4010745882987958 6.4992730319499961 10.344407945871351 7.4777848422527313 6.5628380477428427 6.3360905945301011 6.3937611877918235 8.7311280965805036 8.7316851615905779 7.383739948272706 6.4777481257915488 15.86670413613321 5.6899476647376996 31.362857460975654 6.2295338213443738 8.4254105389118177 5.9136821925640106
leaf_count=27 24 33 24 20 22 31 37 20 20 22 24 27 21 23 23 21 22 23 35 26 22 22 22 30 31 25 23 55 20 113 21 30 21
internal_value=2.04343e-06 -0.00291259 -0.00654547 0.00413877 0.0105535 0.00564429 0.00750022 0.00440339 0.000955419 0.00443052 -0.00875234 -0.00498873 0.0125427 0.00982069 0.0177674 -0.0101683 -0.0136158 -0.00267681 0.00258195 0.000521613 -0.00409894 -0.00693042 -0.0115762 0.00720311 -0.00836649 0.00330862 -0.0173905 -0.0162889 -0.0115953 -0.0192834 0.0201566 -0.0210765 -0.0163831
internal_weight=278.231 183.238 121.565 61.6724 36.4668 94.9934 87.2065 77.9714 65.5878 29.7551 105.597 25.2055 19.6058 23.5176 13.7973 98.6262 66.1555 32.4706 25.9714 13.8789 45.9821 39.4192 28.5966 15.9685 15.627 13.3078 52.2767 22.2605 17.3103 45.7989 12.3836 39.7883 11.6036
internal_count=960 637 426 211 123 323 296 265 224 101 372 88 66 79 46 348 235 113 90 48 158 136 99 54 55 45 187 77 61 164 41 143 41
is_linear=0
shrinkage=0.03


Tree=17
num_leaves=30
num_cat=0
split_feature=11 23 56 41 47 45 15 29 29 45 40 25 58 32 54 1 32 54 26 52 0 45 52 29 47 30 40 37 10
split_gain=24.7489 7.86778 5.30559 4.36118 3.80067 4.81338 5.311 5.43861 3.81052 3.17176 3.25604 4.93029 2.681 2.96706 3.41434 2.43779 2.22353 2.17873 1.91592 1.67764 1.99363 1.64533 1.51285 2.17456 1.28168 0.903934 0.884878 0.673441 0.32872
threshold=0.29864899082764068 1.0000000180025095e-35 0.83127736275507946 0.73172304615458617 0.47939055473514619 -0.9565934860508658 -0.10070746421966752 0.44374764513810622 -0.52712590613899113 -0.8985797846814767 -0.84417840209528405 -0.38258647325442136 -0.82789643287573755 0.49758783074060953 0.39629390046322455 -0.071881364116238744 -0.55166207714549276 -0.72168513079967866 -0.99418403437735503 1.0000000180025095e-35 0.45230419033844166 -1.2104810585479175 1.6085710005050802 -0.52712590613899113 -1.71011493899598 0.70539268569392721 -1.2478424311333416 -0.37787265326149971 0.31785836928253552
decision_type=2 2 2 2 2 2 2 2 2 2 2 2 2 2 2 2 2 2 2 2 2 2 2 2 2 2 2 2 2
left_child=1 2 3 4 5 21 -7 8 -8 -3 11 26 -2 14 15 19 -12 -9 -4 27 -21 -1 23 25 -17 -18 -11 -14 -25
right_child=12 9 18 -5 -6 6 7 17 -10 10 16 -13 13 -15 -16 24 22 -19 -20 20 -22 -23 -24 28 -26 -27 -28 -29 -30
leaf_value=0.0040437355026402746 0 0.0048105887368784395 0.00069013263093590301 0.024214715860956575 -0.012727434013744052 -0.0068569942588374523 0.010184265844829891 0.011585661640520739 0.039116689361106571 -0.017029212081675165 0 0.015351104772341024 0.016863699447335755 0.033561726821071204 -0.0014897678529170516 0.012842291420308283 -0.0018426258508995627 -0.010440084469413772 -0.018332815117575414 -0.00094064537948909731 0.02025377947843934 -0.013325518937295555 -0.0038094409512037988 -0.023129229309609523 -0.0039891595055392016 -0.014363638737142165 -0.0024222706368042142 0.034739574662441243 -0.010638860069081119
leaf_weight=6.1527286767959621 10.364033907651899 10.383344978094099 6.0592271983623531 7.6640734970569602 11.378209620714186 10.546613126993178 10.204122573137278 6.8958756923675537 9.1241105496883446 8.6642070710659045 8.366476356983183 8.2980379760265333 12.205953776836386 8.0503396987915021 10.177739053964613 6.5094166994094849 11.847972869873042 6.2220127880573255 13.014551043510435 6.701346278190611 6.5152638256549835 11.952210098505018 10.525271773338316 37.045501619577415 6.4438810646534019 11.090490162372587 8.5677845180034655 8.8812271058559435 8.2090577185153943
leaf_count=20 33 33 20 24 37 34 32 22 28 29 27 27 37 24 32 20 39 20 43 21 20 39 35 125 20 37 28 27 27
internal_value=0 -0.00506352 0.00116805 0.00463639 0.00203592 0.00512025 0.0105372 0.0164211 0.0259637 -0.0100918 -0.0115636 -0.0017412 0.0146223 0.0168201 0.0135772 0.0168912 -0.0142971 0.000728786 -0.0123884 0.0210145 0.0100991 -0.00725899 -0.0158327 -0.0174804 0.004509 -0.00865196 -0.0108625 0.0264651 -0.0214058
internal_weight=298.061 222.212 99.2137 80.14 72.4759 61.0977 42.9927 32.4461 19.3282 122.998 112.615 25.53 75.8492 65.4852 57.4348 47.2571 87.0848 13.1179 19.0738 34.3038 13.2166 18.1049 78.7183 68.193 12.9533 22.9385 17.232 21.0872 45.2546
internal_count=960 726 319 256 232 195 136 102 60 407 374 84 234 201 177 145 290 42 63 105 41 59 263 228 40 76 57 64 152
is_linear=0
shrinkage=0.03


Tree=18
num_leaves=33
num_cat=0
split_feature=6 3 14 45 47 40 21 45 55 58 42 32 44 16 16 12 50 47 46 33 16 52 35 27 27 45 29 18 46 47 28 41
split_gain=27.2977 10.4308 5.0354 6.80837 3.20403 4.5898 6.25942 4.12555 4.20369 3.00978 2.77624 4.66218 3.73625 2.70404 5.17781 2.67784 2.43758 3.70217 2.70742 3.09084 2.27444 2.22291 2.13255 1.98048 1.89799 1.882 1.65904 1.35895 1.23858 0.812707 2.32795 0.498562
threshold=0.24628445540403923 -0.39865645237896291 -0.087142147051687727 0.35523817732777269 -1.1100132483276115 0.27366044754856733 -0.60689233230086281 -0.9565934860508658 -0.040982414703277341 -0.82789643287573755 1.163061836762 -0.55166207714549276 0.33773268680017926 -0.44232770207416333 -0.81542961502137301 -0.38257505437481937 -0.36954405202092022 0.21418009306052269 -0.29185229042032657 0.37664020527887104 0.47475349411092876 0.40449446211531248 0.54760847405856039 0.81192858510893717 -0.74401799978891792 0.29407967751074526 1.0000000180025095e-35 0.73874182297308078 -0.0066749446301069045 -1.121386946261586 0.69622812479485641 0.14709569298325817
decision_type=2 2 2 2 2 2 2 2 2 2 2 2 2 2 2 2 2 2 2 2 2 2 2 2 2 2 2 2 2 2 2 2
left_child=1 10 20 4 -4 7 -7 8 -6 -2 11 -1 -12 14 25 -5 17 -9 19 -18 -3 22 -8 -24 -11 -13 -22 29 -27 30 -26 -15
right_child=9 2 3 15 5 6 21 16 -10 24 12 13 -14 31 -16 -17 18 -19 -20 -21 26 -23 23 -25 27 28 -28 -29 -30 -31 -32 -33
leaf_value=0 -0.00036867981583270327 -0.018921122289630946 -0.017418566255107976 0.0050864430838918201 0.017512313983620808 -0.01316570193953474 -0.0010442157406098042 -0.011721329257926835 -0.0085459817231004643 -0.0025998634449808742 0.01296710057761875 0.031319810991013136 -0.010483966827596732 0.01582390456449204 -0.0061613768692191572 0.027542974686124915 -0.023447949146612419 0.012994345155218736 4.9678593157904414e-05 -0.0017615194908668942 -0.010802898082085189 0.027854650932902895 0.025264864214104839 0.0039540024805027312 -0.0054101230642241063 0.0010813105895446226 0.0065700243519424793 -0.0044288122836183934 0.018252113014468337 -0.025476825744052183 -0.022956682316824736 0.034177808745788567
leaf_weight=13.018032431602476 12.162075757980345 13.538542181253435 7.2782200574874869 10.408469051122667 13.458583354949953 7.7611451148986808 10.380813777446749 8.4896098375320452 7.3757044672965995 8.7588241398334485 13.075731158256533 8.2336757779121381 8.9094872176647169 8.2295647263526934 8.1851951181888598 10.870122790336607 17.168633043766025 10.391816675662993 12.514535844326018 9.9602011740207654 8.4187093973159808 7.8565872311592093 7.8453911840915707 9.2913964390754682 15.230656802654261 7.470184028148652 8.1223594546318036 7.3261247277259818 8.9715729951858521 25.447538673877723 15.469251930713652 12.348549872636793
leaf_count=35 33 37 20 28 36 21 28 23 20 24 35 22 24 22 22 29 47 28 34 27 23 21 21 25 42 20 22 20 24 71 43 33
internal_value=-9.23614e-07 0.00465218 0.000466944 0.00275158 4.93207e-05 0.00133376 0.00907506 -0.00289009 0.00806418 -0.0147554 0.0130062 0.0160386 0.00314548 0.0198636 0.0131549 0.01788 -0.00699373 0.00154233 -0.0111131 -0.0162049 -0.0104016 0.0144545 0.00917971 0.0152805 -0.0170396 0.0197775 -0.00210252 -0.0188338 0.0115277 -0.0204451 -0.0150955 0.0286833
internal_weight=353.967 269.573 181.131 151.051 129.773 122.494 43.1353 79.3591 20.8343 84.3945 88.442 66.4568 21.9852 53.4387 32.8606 21.2786 58.5248 18.8814 39.6434 27.1288 30.0796 35.3742 27.5176 17.1368 72.2324 24.6754 16.5411 63.4736 16.4418 56.1474 30.6999 20.5781
internal_count=960 727 490 408 351 331 116 215 56 233 237 178 59 143 88 57 159 51 108 74 82 95 74 46 200 66 45 176 44 156 85 55
is_linear=0
shrinkage=0.03


Tree=19
num_leaves=33
num_cat=0
split_feature=41 34 23 54 12 54 33 44 37 20 25 61 24 16 35 36 54 12 50 61 36 27 35 3 23 46 24 12 42 60 20 55
split_gain=4.97391 5.15128 4.71839 5.76374 4.08673 3.63409 4.70932 5.099 3.2305 3.01934 2.74687 2.65988 2.63786 4.01844 3.76745 5.43645 3.2927 2.63579 3.8374 3.86869 1.8296 2.15225 1.71236 1.58187 1.54126 1.52539 1.49259 1.34389 1.7825 0.664553 0.482842 0.0535167
threshold=-0.54714928890769376 0.64221839785247115 0.92184247602487235 1.956076242921539 -0.95055425810715122 0.058321051683928572 0.17352244665004071 0.77525650484213127 -0.37787265326149971 1.3174759647809342 -0.90870259602844228 395.50000000000006 -0.46946745708014886 0.52240799768283541 0.94120188683973882 -0.16772512266377598 0.2258882675230022 -0.94185508749841496 -0.36954405202092022 662.50000000000011 -0.43634754557675276 0.81192858510893717 -0.6331717642849749 0.097787740024263894 -0.97757181905767598 -0.38373682080881455 1.0789364325108326 -0.14925370423753739 0.95872338381860744 372.50000000000006 -0.91120584348284839 -0.24599841055309205
decision_type=2 2 2 2 2 2 2 2 2 2 2 2 2 2 2 2 2 2 2 2 2 2 2 2 2 2 2 2 2 2 2 2
left_child=5 4 11 8 23 6 7 25 -4 12 -10 27 14 26 15 22 -15 -8 24 20 -20 -22 -6 -2 -19 -1 29 28 -3 30 -14 -31
right_child=1 2 3 -5 9 -7 17 -9 10 -11 -12 -13 13 16 -16 -17 -18 18 19 -21 21 -23 -24 -25 -26 -27 -28 -29 -30 31 -32 -33
leaf_value=-0.002368565806672409 -0.00075451464286324264 0.0073285098078380469 0.033033928428298172 -0.010477791208379945 0.0021588831636981131 0.020801767684620141 -0.0064398004041618679 0.014281756447249863 -0.0031675442253860835 0.0086260283389055035 0.018947962600502771 0.0094406626003987436 -0.0087419972540224485 0.014799771585694827 -0.020831256344412359 0.018136015887184619 -0.011700835878098621 0.0094871459948816343 0.0082074172312915118 0.021313921241873545 -0.015129060953228021 0.0055284146095607167 -0.016160804331977356 0.016633051644158865 0.032762181195227738 -0.019476890545797994 -0.0020502886416768895 -0.018620381514289432 -0.011953955420276033 -0.012776808926753208 -0.023756736020205234 -0.0040641021360777099
leaf_weight=8.9097654521465355 9.3372935354709643 6.4406967759132421 7.9337626695632961 6.8168100118637076 6.8892838656902304 10.940096974372862 7.933479815721511 6.5252251029014579 7.8993008732795742 7.003404200077056 9.5614161193370801 7.5222577154636374 6.1226411461830059 6.452937960624693 6.4346344470977774 10.430064737796782 7.4452201426029205 7.5184564590454102 9.6337337493896449 7.7183159887790671 10.033971935510637 5.9278849065303811 8.6517147123813647 6.7063994705677024 6.9999896287918073 13.020133048295973 6.455384522676467 7.8879017531871805 7.6650249660015106 6.150568813085556 27.202780127525337 5.8599891960620862
leaf_count=31 32 22 26 24 24 36 27 22 27 24 32 25 22 22 23 35 26 25 33 25 35 20 31 22 23 46 23 28 27 22 99 21
internal_value=8.20762e-06 -0.00286026 0.00406971 0.0118154 -0.00644688 0.00554141 0.00315982 -0.00643793 0.0182734 -0.00862095 0.0091673 -0.00435245 -0.0100239 -0.0134464 -0.00262118 0.00256326 0.00045688 0.0082023 0.0108744 0.00460804 -0.0011092 -0.00729783 -0.00821245 0.00697234 0.0231007 -0.0133788 -0.0171978 -0.00962692 -0.00290694 -0.0190918 -0.0216658 -0.00989312
internal_weight=278.031 182.869 61.7272 32.2113 121.142 95.1611 84.221 28.4551 25.3945 105.099 17.4607 29.5159 98.0952 65.6895 32.4057 25.9711 13.8982 55.7658 47.8324 33.3139 25.5956 15.9619 15.541 16.0437 14.5184 21.9299 51.7914 21.9936 14.1057 45.336 33.3254 12.0106
internal_count=960 637 211 109 426 323 287 99 85 372 59 102 348 235 113 90 48 188 161 113 88 55 55 54 48 77 187 77 49 164 121 43
is_linear=0
shrinkage=0.03


Tree=20
num_leaves=35
num_cat=0
split_feature=2 23 56 29 45 47 12 45 20 58 32 38 36 41 12 47 50 49 30 37 47 30 39 29 26 16 28 46 13 41 33 39 39 13
split_gain=22.9926 7.9262 5.22812 4.28174 4.92976 5.12746 8.19642 3.0686 2.7432 3.03526 2.96612 2.70512 3.57361 2.50784 3.41674 2.22479 2.0395 1.88048 1.75682 1.67845 1.97276 1.94174 1.6766 1.63016 1.52589 1.40002 1.12155 2.25992 0.716263 0.493473 1.1184 0.4351 1.41559 0.167189
threshold=-0.42311282781707776 1.0000000180025095e-35 0.83127736275507946 0.44374764513810622 -0.8985797846814767 0.41447920020719864 -0.31428142734547931 -0.8985797846814767 1.3174759647809342 -0.82789643287573755 0.49758783074060953 -0.36323820428634435 -0.74794955615580594 -1.0221590133593976 -0.34022387243740332 -0.97092593863042309 0.93054679521713213 -0.3771303800063171 0.44711877397502892 0.82492362286740029 -0.47361252761431766 -0.43101252586922523 0.091594479750075175 -0.52712590613899113 1.0113734801801233 0.68123060086981291 -0.21779443903838902 0.38608080005111117 -1.2467614873657957 0.14709569298325817 -0.23271307060762006 0.45518900709380128 1.0000000180025095e-35 -1.4686268448822259
decision_type=2 2 2 2 2 2 2 2 2 2 2 2 2 2 2 2 2 2 2 2 2 2 2 2 2 2 2 2 2 2 2 2 2 2
left_child=8 2 3 4 18 6 -6 -3 9 -1 13 12 -5 28 15 -15 19 -4 -2 20 -9 22 -21 -8 -18 33 27 29 -11 -22 -31 32 -28 -16
right_child=1 7 17 11 5 -7 23 16 -10 10 -12 -13 -14 14 25 -17 24 -19 -20 21 26 -23 -24 -25 -26 -27 31 -29 -30 30 -32 -33 -34 -35
leaf_value=0 -0.010943725373591626 0.0046878600137391802 0.00076366463508762274 -0.011839151210379496 -0.00083263360065301555 -0.0016104418427666661 0.017202421402331101 0.00033052190286341832 -0.0024825007193519269 0.033879580261046698 0.036167244143828166 -0.018829414902382765 0.011807574853189338 -0.012540089917416961 0.011678585905157498 0.0094212701187437551 0.0087666007300398474 -0.01809985269112957 0.0073822852356737294 -0.021185585586666947 -0.02229644628066833 0.007739541907749955 -0.001681685244262078 0.042767801226158066 -0.0097607244639141937 0.005953325013622046 -0.021508625869145592 0.003560423754819843 0.012997406202688095 -0.015473866498870496 -0.00041617765672576448 -0.024108894439005761 -0.0016418724932773176 0.027502630923364964
leaf_weight=9.4286562800407392 10.091320991516115 10.407063484191893 6.0489335656166103 8.8788123726844823 8.8531791567802411 10.480126053094862 8.374713212251665 6.1117957234382621 7.0982587337493888 6.6340648233890533 7.1636412143707267 7.0197291672229758 11.298229247331619 7.0207724869251251 6.6434581279754568 6.4638884961604983 6.7793435752391797 12.883478641510008 6.2295514047145835 5.9485020339489045 7.684892117977145 6.1754437685012809 10.745703756809233 9.3348732590675372 6.2358045279979706 10.526394695043562 6.2701596021652204 6.336272418498992 7.1740612089633924 12.436628073453905 7.8792827725410453 22.332597315311432 7.2178018689155579 7.5627922713756721
leaf_count=30 33 33 20 29 28 34 26 20 22 20 21 23 36 22 20 20 22 43 20 20 26 20 36 28 21 32 21 21 22 42 26 76 24 23
internal_value=0 -0.00488137 0.00135448 0.00476924 0.00965206 0.0155499 0.0222584 -0.00994705 0.014107 0.0159251 0.0183853 -0.00460616 0.00102596 0.0148798 0.00997375 -0.00172318 -0.0114018 -0.0121657 -0.00357954 -0.0128473 -0.0150181 -0.00488271 -0.0101348 0.0332778 0 0.0163137 -0.0164178 -0.0112299 0.0257588 -0.014791 -0.0103391 -0.0205789 -0.012506 0.0223067
internal_weight=297.77 222.054 99.4929 80.5605 53.3638 37.0429 26.5628 122.561 75.716 68.6177 59.1891 27.1968 20.177 52.0254 38.2173 13.4847 112.154 18.9324 16.3209 99.1391 76.2694 22.8696 16.6942 17.7096 13.0151 24.7326 70.1576 34.3371 13.8081 28.0008 20.3159 35.8206 13.488 14.2063
internal_count=960 728 320 257 169 116 82 408 232 210 180 88 65 159 117 42 375 63 53 332 256 76 56 54 43 75 236 115 42 94 68 121 45 43
is_linear=0
shrinkage=0.03


Tree=21
num_leaves=29
num_cat=0
split_feature=6 6 5 45 47 47 44 34 32 56 58 61 33 32 32 29 58 32 45 55 46 27 54 18 47 28 26 19
split_gain=25.9473 9.66429 4.38444 8.91506 3.98878 3.01809 4.09518 3.51499 3.40746 3.29762 2.89019 2.85987 2.77099 2.75706 5.03708 2.65195 2.52566 3.01399 4.62385 2.31645 2.17389 1.84022 1.37136 1.30496 0.801584 2.27049 0.30271 0.234711
threshold=0.24628445540403923 -0.4606692999700383 -0.23333020837065691 0.35523817732777269 0.081621818645882957 -1.1100132483276115 0.77525650484213127 0.64221839785247115 0.29450720340781555 0.83127736275507946 -0.82789643287573755 306.50000000000006 -0.84206634649411083 -0.55166207714549276 0.29450720340781555 -0.25743880856201978 1.0000000180025095e-35 2.1222328494029621 -0.13140963102944322 -0.76247091016520807 -0.23961928111480804 -0.74401799978891792 0.093574622689064607 0.73874182297308078 -1.121386946261586 0.69622812479485641 0.37803952821460368 0.67294472507238268
decision_type=2 2 2 2 2 2 2 2 2 2 2 2 2 2 2 2 2 2 2 2 2 2 2 2 2 2 2 2
left_child=1 13 3 5 -4 -3 7 8 9 11 -2 -7 -9 -1 26 -10 17 18 -16 -6 -20 -12 -8 24 25 -23 -15 -5
right_child=10 2 4 27 19 6 22 12 15 -11 21 -13 -14 14 16 -17 -18 -19 20 -21 -22 23 -24 -25 -26 -27 -28 -29
leaf_value=0 -0.00032250467127000875 -0.017130495314800695 -0.021523106451775364 0.026143351674404854 0.011058085891604253 -0.0098567293132471017 0.0042851206716130585 -0.00063008952066492775 -0.0010374001257482633 0.013115703779997276 -0.0024571145519065893 0.0034056800179263981 -0.023353285342034503 0.016846336503527619 0.024493540869082342 0.020105347016720392 -0.0035404835533780609 0.027761404934930067 -0.011065085555118774 -0.0081526064960509084 0.0068507078533199539 -0.0051887112655786766 0.022559507061857186 -0.0043088284029960513 -0.025022459312493046 -0.022529209082824398 0.031028244085458696 0.011984568299890381
leaf_weight=13.015519380569456 12.155976504087446 7.2504801750183097 12.38135653734207 10.117644488811495 7.7726169526576987 35.074640482664108 9.2486774921417254 10.346714675426485 7.7860815823078182 9.6619759202003461 8.7442663311958295 22.524600446224213 8.7726323902606946 13.459535598754885 7.8539583981037131 11.900552570819853 10.811202526092528 7.4713073670864096 8.9282397925853729 12.856560796499254 13.066322505474094 15.19275346398353 7.8093437254428855 7.3163161873817435 25.261636763811119 15.367672801017759 12.736321836709974 8.5815846323966962
leaf_count=35 33 20 34 27 21 95 25 28 21 26 24 61 24 36 21 32 29 20 24 35 35 42 21 20 71 43 34 23
internal_value=-2.83434e-06 0.00452825 0.000531531 0.00276844 -0.00907769 -5.83152e-05 0.00109295 -0.00111432 0.00144153 -0.00174937 -0.0144243 -0.00461404 -0.0122877 0.0126431 0.0148328 0.0119787 0.0084419 0.0120703 0.00681091 -0.000384379 -0.000408594 -0.0166719 0.0141218 -0.0184451 -0.0200319 -0.0147418 0.0252652 0.0213151
internal_weight=353.466 269.428 182.085 149.075 33.0105 130.376 123.125 106.067 86.9479 67.2612 84.0386 57.5992 19.1193 87.3424 74.3269 19.6866 48.131 37.3198 29.8485 20.6292 21.9946 71.8826 17.058 63.1384 55.8221 30.5604 26.1959 18.6992
internal_count=960 727 493 403 90 353 333 287 235 182 233 156 52 234 199 53 129 100 80 56 59 200 46 176 156 85 70 50
is_linear=0
shrinkage=0.03


Tree=22
num_leaves=33
num_cat=0
split_feature=41 34 23 54 47 54 33 44 37 46 25 61 46 46 18 58 16 47 34 42 24 36 40 24 46 34 44 16 42 27 49 49
split_gain=4.76462 4.99637 4.51461 5.50213 3.61114 7.2787 4.06439 4.64586 3.09215 3.06171 2.6117 2.55067 2.48829 3.34835 3.26864 2.6874 2.46439 3.38111 4.33961 2.89974 3.86962 3.62706 3.8259 2.22892 2.00937 1.9609 1.72392 1.28952 0.844966 0.799049 0.689945 1.78916
threshold=-0.54714928890769376 0.64221839785247115 0.92184247602487235 1.956076242921539 0.62004024714685901 0.058321051683928572 0.17352244665004071 0.77525650484213127 -0.37787265326149971 1.8022374759610826 -0.90870259602844228 395.50000000000006 1.6254691240923747 0.68712218974346795 0.36178185281942993 -0.82789643287573755 0.51217338984405614 -0.041680520700734837 -0.32538867639436692 0.95872338381860744 -0.46946745708014886 -0.55454141165846249 1.0000000180025095e-35 -0.46946745708014886 -0.38373682080881455 0.35193627557841961 1.0000000180025095e-35 0.74556787746119446 0.95872338381860744 -0.432828682809347 -0.21397347833616634 0.11234032500413522
decision_type=2 2 2 2 2 2 2 2 2 2 2 2 2 2 2 2 2 2 2 2 2 2 2 2 2 2 2 2 2 2 2 2
left_child=4 9 11 8 5 6 7 24 -4 16 -10 28 13 14 -8 -16 19 18 -18 20 21 -2 -23 26 -1 30 -17 -20 -3 -30 -22 -32
right_child=1 2 3 -5 -6 -7 12 -9 10 -11 -12 -13 -14 -15 15 23 17 -19 27 -21 25 22 -24 -25 -26 -27 -28 -29 29 -31 31 -33
leaf_value=0.00017722328312667638 -0.017566025497885329 -0.0017224235997423986 0.032171519861597296 -0.010304366098744196 -0.011203787860231625 0.031381618909403344 0.022952638971351837 0.013932749539115948 -0.0031259501623937809 0.011905473824164112 0.01839051186656724 0.0092049094101618618 -0.0067469308190172585 0.024355283582388695 0.015023098460449988 0.013257812927630787 0.012504119256116247 0.015407768035605719 -0.0028559872922955618 0.0060929643613172567 -0.022001396990653854 0.021947781163275309 -0.0049585276972378819 -0.015925119126626894 -0.01918455346550494 -0.0033535271246772328 -0.0066303968512646388 -0.02210535990413235 -0.0033241706928125773 -0.020853687355901391 0.00079987649097603959 -0.018725684351529631
leaf_weight=6.3647418320179048 6.9445233345031765 9.8001082837581688 8.0344216823577899 6.7673622369766226 8.9685448408126813 8.6682529151439649 6.3056432902812949 6.5722212195396414 7.8877698481082943 6.2347655892372122 9.6564580798149091 7.5586901605129233 6.5409090518951407 11.817147225141523 7.0885799229145006 5.9700806140899623 6.1554468572139784 7.7083022296428672 6.6160449981689462 7.7169296145439139 29.35840997099876 6.4998354911804226 10.086507469415663 7.9047589898109551 12.635536104440687 10.81954166293144 6.5145965814590454 8.0365790128707868 5.6101488173007992 6.4412783384323076 6.2451903820037868 8.2703931331634504
leaf_count=22 25 34 26 24 31 28 21 22 27 21 32 25 22 39 24 20 21 26 23 27 107 22 35 27 45 39 22 28 20 23 22 30
internal_value=1.28566e-05 -0.00280132 0.00401628 0.0115634 0.00541957 0.00737551 0.00407858 -0.00536788 0.0178208 -0.00634535 0.00891752 -0.00424841 0.00884393 0.0113513 0.00579056 0.00066092 -0.00753241 0 -0.00619795 -0.0100302 -0.0117808 -0.00120691 0.00619952 -0.00474544 -0.0128676 -0.0160695 0.00285291 -0.0148576 -0.00945136 -0.0144074 -0.0188586 -0.0106622
internal_weight=277.8 182.449 61.7562 32.346 95.351 86.3825 77.7142 25.5725 25.5786 120.692 17.5442 29.4102 52.1417 45.6008 33.7837 27.478 114.458 28.5164 20.8081 85.9413 78.2244 23.5309 16.5863 20.3894 19.0003 54.6935 12.4847 14.6526 21.8515 12.0514 43.874 14.5156
internal_count=960 637 211 109 323 292 264 89 85 426 59 102 175 153 114 93 405 98 72 307 280 82 57 69 67 198 42 51 77 43 159 52
is_linear=0
shrinkage=0.03


Tree=23
num_leaves=33
num_cat=0
split_feature=2 23 38 41 54 59 4 61 40 25 47 23 25 54 40 54 54 46 30 30 38 49 1 23 24 55 40 36 40 54 47 43
split_gain=21.7817 7.49462 4.69277 4.04211 4.6744 3.25372 3.11632 2.906 2.5139 4.51257 3.01561 2.44208 2.801 3.5995 3.14655 2.75977 4.43955 3.27238 2.403 2.66571 2.3888 2.1061 2.2519 1.34085 1.22379 1.19755 1.07346 4.59028 2.37562 0.719909 0.567201 0.544417
threshold=-0.39648738628492797 1.0000000180025095e-35 -0.97977262706970769 1.0000000180025095e-35 -1.0713555936511467 0.28601514550453028 -0.36084684838313302 386.50000000000006 -0.84417840209528405 -0.38258647325442136 -0.43267083225449315 -1.6107099174185253 -0.58493882816750631 0.4262127310731374 1.3914992971924189 -0.75823515869976699 -1.1243942079007503 0.86347459536184179 -0.22439339649410667 0.44711877397502892 0.3181945787900044 0.11234032500413522 -0.23326141451748952 -0.97757181905767598 1.0000000180025095e-35 0.13467152426707893 -0.25703072349447326 1.0000000180025095e-35 0.1019662451522895 -0.54963249217721299 0.37082421704061541 -0.6800517095408215
decision_type=2 2 2 2 2 2 2 2 2 2 2 2 2 2 2 2 2 2 2 2 2 2 2 2 2 2 2 2 2 2 2 2
left_child=11 2 23 4 18 7 -6 -5 9 24 -10 -1 13 -13 15 16 -14 20 -4 -20 -17 26 -23 -2 -3 29 -12 28 -28 -8 -25 -26
right_child=1 8 3 5 6 -7 25 -9 10 -11 21 12 14 -15 -16 17 -18 -19 19 -21 -22 22 -24 30 31 -27 27 -29 -30 -31 -32 -33
leaf_value=-0.0022385123830823838 0 0.00034023713310877879 0.022220133912445723 0.029609864646313874 0.0073179520478791477 0 0.00041363686304695996 0.0027268727233382621 0.0023088194050402606 0.0151328231640602 -0.022161631040616098 0.01444986269889304 0.016912996370346125 -0.010065214629670648 0.034893319140208365 0.038160749278523948 -0.012607383510028585 0.0030866287209777854 -0.010784257473045867 0.013129907856974292 0.013042545653820119 0.0032487474019737427 -0.015777795235501622 -0.005964512329055871 -0.0050152468622804858 -0.020848062215836634 0.0084496617251808934 -0.022136601461560872 -0.010884703971540401 -0.011719389137052271 -0.022170297418864292 -0.021004270228328993
leaf_weight=7.0580061674118033 6.4045598804950741 6.1038070917129579 7.4955079257488277 10.796667009592062 7.856890112161639 9.641524523496626 7.0842473208904293 6.3385568261146537 10.488310009241102 8.325533062219618 24.932705104351044 11.553529024124147 8.2925975918769819 7.5679561197757712 8.7543891668319684 8.3061575293541043 7.0294336676597551 8.8428452014923078 6.4467536509037 7.2637685537338257 10.582766473293303 12.03309151530266 7.8610537052154532 6.1136805117130262 5.9354465603828457 9.4481151700019819 9.3879036009311694 19.290624886751175 10.372005611658095 6.9864286780357352 6.9572604298591614 5.8878030776977495
leaf_count=22 21 20 24 33 25 31 23 20 34 27 85 35 25 24 26 25 22 27 21 23 32 39 27 20 20 31 31 66 35 23 23 20
internal_value=0 -0.00485354 0.00121685 0.00453304 -0.000266813 0.0136849 -0.00759463 0.0210074 -0.00983058 -0.00126802 -0.012093 0.0134589 0.0151177 0.00442988 0.0187143 0.0142258 0.00309643 0.0196952 0.0100964 0.00153628 0.0263771 -0.013973 -0.00456813 -0.0113677 -0.00977394 -0.0129563 -0.016634 -0.0122676 -0.00146869 -0.00577399 -0.0163965 -0.0148962
internal_weight=297.44 219.452 98.834 79.3585 52.5817 26.7767 31.3757 17.1352 120.618 26.2526 94.3657 77.9877 70.9297 19.1215 51.8082 43.0538 15.322 27.7318 21.206 13.7105 18.8889 83.8774 19.8941 19.4755 17.9271 23.5188 63.9832 39.0505 19.7599 14.0707 13.0709 11.8232
internal_count=960 722 318 254 170 84 102 53 404 87 317 238 216 59 157 131 47 84 68 44 57 283 66 64 60 77 217 132 66 46 43 40
is_linear=0
shrinkage=0.03


Tree=24
num_leaves=31
num_cat=0
split_feature=0 3 5 45 47 38 58 47 35 55 45 43 33 43 49 43 37 20 32 55 50 24 45 45 32 18 47 54 55 38
split_gain=24.5806 9.49567 4.70224 8.57414 3.40634 3.04436 4.00014 2.88971 3.6384 4.4602 3.67109 3.30268 5.0733 4.72024 4.28174 2.67685 2.66991 2.94397 3.68597 3.07801 2.45495 2.14968 2.10809 1.6964 1.58198 1.39429 1.42448 0.403803 0.194679 0.178597
threshold=0.035826858850885546 -0.39865645237896291 -0.23333020837065691 0.35523817732777269 0.081621818645882957 -0.72017918589776531 -0.82789643287573755 -1.1100132483276115 0.54760847405856039 1.2599604396006148 -1.090319462883367 -1.0094687347662135 0.17352244665004071 -0.35063468431542927 -0.21397347833616634 0.30819936613535498 -0.79365408204679833 1.0388907387479613 0.49758783074060953 -0.4006452115148727 -0.36954405202092022 1.6982979883472249 -0.66652127090711388 0.39470836777066493 -0.55166207714549276 0.73782714350439871 -1.2714606848258663 -0.029903368870497164 -0.43455487688236977 0.7075847405479182
decision_type=2 2 2 2 2 2 2 2 2 2 2 2 2 2 2 2 2 2 2 2 2 2 2 2 2 2 2 2 2 2
left_child=1 16 3 7 -4 -2 -7 -3 10 15 -9 22 14 -14 -13 -10 -1 18 24 -19 -20 -22 -12 -6 -18 26 29 -17 -5 -8
right_child=5 2 4 28 23 6 25 8 9 -11 11 12 13 -15 -16 27 17 19 20 -21 21 -23 -24 -25 -26 -27 -28 -29 -30 -31
leaf_value=-0.0023019290643743005 0.0027883239019822533 -0.016823920293921241 -0.021187914100276029 0.012313099532099333 0.0083971487082112259 0.00055318573735617198 -0.0062351018649096715 0.013089731587304991 0.0011877131271650189 -0.0068582836535556859 -0.00023580709094657513 0 0.021420794191316539 -0.0050933637974401452 -0.021425576252532802 0.011825988625553712 0.010882256746937543 -0.0096276286813684574 0.01857030443145349 0.013955951201724255 -0.0065084794973927747 0.012392962800228507 -0.020193765529726192 -0.0082758089260205267 0.029027555285483946 -0.0041161089838472531 -0.025147305050518123 0.028727571040457145 0.025994175881244065 -0.015485551755146378
leaf_weight=8.9172959327697736 7.6916829347610465 7.2187242507934561 12.330205231904985 9.3451064527034777 7.7295674085617092 10.674068987369536 8.2818979918956739 10.792711108922957 8.5153226554393786 9.6440868377685529 7.7475668191909817 23.207713752984997 12.649200141429903 9.194389194250105 11.368976712226869 7.4337432384490958 10.067434370517729 8.1985708773136157 11.969154179096224 8.5894783735275251 11.175109624862673 7.8360025584697715 14.335761427879332 11.772056132555006 21.714439392089847 7.3009150922298423 30.790962129831318 8.2025054395198804 9.3504645526409131 18.912776231765747
leaf_count=24 21 20 34 25 21 29 23 29 23 26 21 63 34 25 31 20 27 22 32 23 30 21 39 32 58 20 87 22 25 53
internal_value=-4.90308e-06 0.00439891 0.000398846 0.00268489 -0.00976149 -0.0140805 -0.015887 -8.71911e-05 0.00103691 0.00923189 -0.00209981 -0.00446934 -0.000407446 0.0103933 -0.00754548 0.0159162 0.0123658 0.0140962 0.0170407 0.00226563 0.00872318 0.00132636 -0.0139066 -0.00125395 0.0242095 -0.0186168 -0.0201918 0.0227809 0.0208752 -0.0133507
internal_weight=352.958 269.306 180.838 149.006 31.8318 83.6523 75.9606 130.311 123.092 33.7957 89.2963 78.5036 56.4203 21.8436 34.5767 24.1516 88.4675 79.5502 62.7621 16.788 30.9803 19.0111 22.0833 19.5016 31.7819 65.2866 57.9856 15.6362 18.6956 27.1947
internal_count=960 727 490 403 87 233 212 353 333 91 242 213 153 59 94 65 237 213 168 45 83 51 60 53 85 183 163 42 50 76
is_linear=0
shrinkage=0.03


Tree=25
num_leaves=33
num_cat=0
split_feature=48 48 41 34 13 54 24 32 56 43 46 56 47 25 41 29 25 49 20 16 20 44 46 24 38 1 47 6 27 9 47 39
split_gain=4.63385 5.38057 4.71959 5.19783 4.66754 4.32797 4.20914 4.0417 5.73453 5.30146 4.98154 3.20301 4.98776 4.27052 3.16211 3.16031 3.36774 3.92509 6.84515 3.14341 2.43139 2.39306 2.12159 1.74126 1.5695 1.19248 2.04671 0.815838 0.741887 0.697153 0.233632 0.168006
threshold=0.96097926097686159 0.83817442697026479 -0.54714928890769376 0.28420378038114086 1.6746051233755408 0.058321051683928572 -0.46946745708014886 -0.17934759370203732 -0.76637282392134953 0.30819936613535498 -0.2520395740969123 -0.76637282392134953 -0.37526240372444614 -0.58493882816750631 0.97531777664263963 0.44374764513810622 1.3036831510212874 1.0000000180025095e-35 1.0388907387479613 0.52240799768283541 -0.91120584348284839 1.0000000180025095e-35 0.54037866594648254 -0.15978667916195272 0.38309293908298997 -0.3603052839823046 0.061141633126204527 -0.29812433703859514 1.0000000180025095e-35 -0.49893946144508444 -0.30399749719747454 -0.25853358361795703
decision_type=2 2 2 2 2 2 2 2 2 2 2 2 2 2 2 2 2 2 2 2 2 2 2 2 2 2 2 2 2 2 2 2
left_child=1 2 5 7 27 15 -5 8 31 10 -10 24 -13 -14 -15 16 17 18 22 23 -17 -6 30 -9 -8 -22 -27 -2 -12 -18 -1 -4
right_child=4 -3 3 6 21 -7 11 19 9 -11 28 12 13 14 -16 20 29 -19 -20 -21 25 -23 -24 -25 -26 26 -28 -29 -30 -31 -32 -33
leaf_value=-0.0085065351602032005 -0.019850612634057671 0.024959531811713731 -0.0076255163514528674 -0.014827711333331472 -0.0059928490816348913 0.023162376229108505 -0.0099115786541707773 -0.0039458559557726605 0.015513405855744821 0.020349707304660545 -0.0047921747061612204 -0.009210778480415887 0.030926357283231603 -0.0059872734707308115 0.019838279549177402 0.0096376482433000472 0.027594294578271426 0.017121771509294843 0.019114372904086529 0.002249585213137166 -0.020502625203541402 0.015088499785836569 0.00022147801352633662 -0.023112167936410008 0.0073070050141077862 0.0051907740793745369 -0.016004340916303084 -0.0055417072942602705 -0.021041562487753136 0.008424563157303451 -0.02182655249304712 -0.021324125747130239
leaf_weight=7.3539594411849905 18.646422326564792 7.1503194868564597 5.6236786842346191 7.3513966500759116 9.3570003807544726 10.267889678478239 9.9883345961570758 7.0688795447349575 6.3490482568740871 11.713757812976835 7.3837893605232257 6.091408669948577 11.832960307598112 7.9117749333381671 6.2082237005233765 5.908983618021014 6.1435817778110504 11.347008377313612 8.1903937757015211 6.8630925416946402 5.7092301845550582 7.0842423141002646 9.4974971115589124 21.845110684633255 6.4264330565929404 7.8828338086605036 5.6164388656616211 7.7842214703559867 6.0954567193984985 6.1763275563716871 7.4743501842022031 7.2219222784042341
leaf_count=25 67 24 20 26 33 33 35 25 22 39 26 21 39 28 21 20 20 38 27 24 20 24 32 80 22 27 20 28 21 21 26 26
internal_value=1.85979e-05 0.00171088 0.000795448 -0.0027118 -0.00885494 0.0060278 0.00418403 -0.00757481 -0.00126484 0.00551626 -0.00378031 0.00754687 0.0129078 0.0185374 0.00579815 0.00341091 0.00735082 0.00300749 -0.00227933 -0.0148765 -0.00509412 0.00325836 -0.0104066 -0.0190494 -0.00278815 -0.0102855 -0.00394617 -0.0163752 -0.0139121 0.0203756 -0.0169764 -0.0171697
internal_weight=277.566 234.694 227.544 135.975 42.8719 91.5685 55.8105 80.1647 44.3877 31.5421 19.8283 48.4591 32.0444 25.953 14.12 81.3006 56.1831 43.8632 32.5162 35.7771 25.1175 16.4412 24.3258 28.914 16.4148 19.2085 13.4993 26.4306 13.4792 12.3199 14.8283 12.8456
internal_count=960 808 784 475 152 309 192 283 154 108 69 166 109 88 49 276 189 148 110 129 87 57 83 105 57 67 47 95 47 41 51 46
is_linear=0
shrinkage=0.03


Tree=26
num_leaves=34
num_cat=0
split_feature=11 32 47 3 39 40 40 47 20 55 21 34 40 55 35 58 32 54 1 31 40 43 25 27 29 52 0 20 46 47 12 52 43
split_gain=20.9388 5.81342 6.09099 3.38914 3.66515 5.58174 5.02752 5.57024 3.36223 3.28738 4.53503 2.63545 2.22467 2.53093 5.86202 2.19499 2.66128 3.11664 2.26883 2.06776 2.0474 3.45896 1.92133 2.3924 1.86305 1.6452 1.89069 1.62699 1.32341 1.16551 0.794789 0.0988101 1.58959
threshold=0.29864899082764068 -0.55166207714549276 0.32555746399778701 -0.39865645237896291 -0.25853358361795703 -0.47156545221400042 0.77047771405694576 0.013665237507191322 1.0388907387479613 -0.35910734518044757 0.61452619811596787 -0.86724863797259599 -0.84417840209528405 -0.50510863164462516 -1.0513647653649771 -0.82789643287573755 0.49758783074060953 0.39629390046322455 -0.071881364116238744 0.672277106677862 1.0000000180025095e-35 0.30819936613535498 0.38635247541530177 0.11175262190490216 0.44374764513810622 1.0000000180025095e-35 0.45230419033844166 -0.63262061744987552 1.0000000180025095e-35 -1.71011493899598 -0.14651815708512769 1.0000000180025095e-35 1.0000000180025095e-35
decision_type=2 2 2 2 2 2 2 2 2 2 2 2 2 2 2 2 2 2 2 2 2 2 2 2 2 2 2 2 2 2 2 2 2
left_child=1 8 3 -3 11 -6 7 -7 9 24 22 -5 13 14 27 -2 17 18 25 -8 31 -22 23 -11 -1 30 -27 -4 -13 -20 -17 32 -14
right_child=15 2 12 4 5 6 19 -9 -10 10 -12 28 20 -15 -16 16 -18 -19 29 -21 21 -23 -24 -25 -26 26 -28 -29 -30 -31 -32 -33 -34
leaf_value=0 0 -0.018591741652915068 -0.020877535796198391 0.0065756869473465309 0.027227443741083091 -0.020101235463267007 0.025170217032674823 0.0086724766864927916 0.017128897143040483 0.015919380651779648 -0.014163314396724384 -0.019369555950675743 -0.021789809979278478 -0.019079917544050144 0.020901222368718438 0.01333442464229288 0.030793521077272394 -0.0020468338274363808 0.011525197720392658 0.00061438126736814889 0.0059946975767371348 -0.017192241603020863 0.023100127490917558 -0.0063824420235282968 -0.018147805106927841 -0.001710001704923953 0.018650112735027206 -0.0015337769643657137 -0.002501283548941859 -0.0044035473057927703 0.030677096825515057 -0.023869998230204029 -0.00025482388953460342
leaf_weight=8.299729913473131 10.361186027526854 7.51496797800064 5.8443301916122516 7.2109939157962826 7.6842437088489524 12.386946707963945 6.3814217746257764 9.2225944995880109 11.064742237329481 6.6822712123394066 6.1917819976806632 10.977198004722597 7.0172869563102704 7.6829780936241141 6.5371830463409415 9.7247665524482656 8.3112899363040906 10.289115220308302 6.6590327620506287 6.0540401637554169 8.4157091677188891 12.373646408319471 7.8886808454990378 7.4788648188114166 9.4614513814449293 6.8175786435604078 6.6776141226291656 10.57372260093689 8.4287869632244092 6.5044540166854912 11.873672783374786 22.726524353027344 5.8001298904418945
leaf_count=27 33 26 20 23 24 41 20 30 35 21 20 36 24 26 21 29 24 32 20 20 28 43 25 24 31 21 20 35 27 20 35 79 20
internal_value=0 -0.00473649 -0.00761745 -0.00126559 0.000911954 0.00645231 0.000643264 -0.00779563 0.00336596 -0.000254385 0.00588026 -0.00744147 -0.0129747 -0.00575867 -0.000157961 0.0132777 0.0152289 0.0122054 0.0153349 0.014999 -0.0165444 -0.00776502 0.0123071 0.00427489 -0.0100187 0.0192446 0.00882218 -0.00992574 -0.0130351 0.00359986 0.0245013 -0.020995 -0.0135115
internal_weight=297.119 219.9 162.833 75.8612 68.3462 41.7292 34.045 21.6095 57.0675 46.0028 28.2416 26.617 86.9715 30.6382 22.9552 77.2187 66.8575 58.5462 48.2571 12.4355 56.3333 20.7894 22.0498 14.1611 17.7612 35.0936 13.4952 16.4181 19.406 13.1635 21.5984 35.5439 12.8174
internal_count=960 726 543 247 221 135 111 71 183 148 90 86 296 102 76 234 201 177 145 40 194 71 70 45 58 105 41 55 63 40 64 123 44
is_linear=0
shrinkage=0.03


Tree=27
num_leaves=34
num_cat=0
split_feature=0 3 14 34 46 21 58 52 47 38 58 28 43 42 32 44 16 16 47 42 55 37 55 16 23 43 43 18 47 44 25 41 47
split_gain=23.3036 8.93492 4.54704 4.21196 4.04226 3.57438 3.51847 3.65423 3.26584 2.93182 3.82178 2.69274 2.63991 2.60715 4.1863 3.46132 2.55205 4.85528 2.46943 2.46216 2.37481 2.8688 2.34422 2.15972 1.69985 1.43485 1.41226 1.3429 1.416 1.18354 0.95265 0.556101 0.316137
threshold=0.035826858850885546 -0.39865645237896291 -0.087142147051687727 -1.2059111139589891 -0.91845774696793614 -0.60689233230086281 1.0000000180025095e-35 1.0000000180025095e-35 -0.37526240372444614 -0.72017918589776531 -0.82789643287573755 -1.0000000180025095e-35 -0.35063468431542927 1.163061836762 -0.55166207714549276 0.33773268680017926 -0.44232770207416333 -0.81542961502137301 -0.33666519217120966 0.1413695720450375 -1.1522207338960382 0.45369020430909779 -0.067470814540261867 0.47475349411092876 0.92184247602487235 -0.35063468431542927 -0.35063468431542927 0.73782714350439871 -1.2714606848258663 1.2127803228840832 1.0000000180025095e-35 0.14709569298325817 -1.5506263521123531
decision_type=2 2 2 2 2 2 2 2 2 2 2 2 2 2 2 2 2 2 2 2 2 2 2 2 2 2 2 2 2 2 2 2 2
left_child=1 13 23 25 20 -6 11 18 -9 -2 -11 22 -10 14 -1 -15 17 24 -8 -13 -5 30 -7 -3 -16 -4 -25 28 29 32 -22 -18 -12
right_child=9 2 3 4 5 6 7 8 12 10 27 19 -14 15 16 -17 31 -19 -20 -21 21 -23 -24 26 -26 -27 -28 -29 -30 -31 -32 -33 -34
leaf_value=0 0.0027821557043635251 -0.018300958706312116 -0.0007936209350401552 -0.015364669961905246 -0.0071812296202648862 0.012314802382925842 -0.01728781828357711 0.025298805972647893 0.014872968767194905 0.00051783624743713039 -0.00034033486819215583 -0.0034728827150390866 -0.0065061203855352519 0.011982795762915617 0.024919369869532845 -0.010585639446721815 0.014583862992985364 -0.0065371987290392458 0.0029330122087845136 0.015756044152251392 0.00043249110085418331 0.014065904880856586 0.034330015880264249 0.0067293450473973381 0.0067460854056565862 -0.019203819807926382 -0.0093764508483816875 -0.0039768877622929997 -0.024710443459299132 -0.019787509344577205 -0.012942547329894232 0.032500485789944078 -0.0096949152568323611
leaf_weight=13.018775671720503 7.6906534731388083 13.429009377956392 7.7814540565013877 10.301365643739699 11.811468780040739 15.175657421350477 8.4158404767513293 7.4294997453689602 7.4368402957916322 10.67512410879135 7.5163391828536987 10.352089375257497 10.671497553586955 13.098807007074358 14.592583805322645 8.9056037664413434 8.2261185944080371 8.1786769330501574 10.344448715448378 10.443043947219847 8.0994289517402667 8.1671646237373334 8.6015805602073652 7.3683668971061751 10.096520185470579 8.0084175467491132 9.1135881841182673 7.2886985540390006 30.539194375276569 12.085466742515562 7.7062731087207785 12.341097265481947 7.453773766756056
leaf_count=35 21 37 21 28 32 41 23 20 20 29 21 28 29 35 39 24 22 22 28 28 22 22 23 20 27 22 25 20 87 34 21 33 21
internal_value=-7.38059e-06 0.00427495 0.0003906 0.00256299 0.00433963 0.00736448 0.0094512 0.00312132 0.0103423 -0.0137521 -0.0155342 0.0153055 0.00243407 0.0120024 0.0149356 0.002501 0.0185613 0.0121037 -0.00645022 0.00632489 -0.00431449 0.000823483 0.0220809 -0.00996641 0.0185286 -0.011334 -0.00188186 -0.0182177 -0.0197716 -0.0129816 -0.00629856 0.0270848 -0.00582113
internal_weight=352.364 269.115 180.657 150.746 134.956 100.682 88.8705 44.2981 25.5378 83.2493 75.5586 44.5724 18.1083 88.4582 66.4538 22.0044 53.435 32.8678 18.7603 20.7951 34.2742 23.9729 23.7772 29.911 24.6891 15.7899 16.482 64.8835 57.5948 27.0556 15.8057 20.5672 14.9701
internal_count=960 727 490 408 365 272 240 120 69 233 212 120 49 237 178 59 143 88 51 56 93 65 64 82 66 43 45 183 163 76 43 55 42
is_linear=0
shrinkage=0.03


Tree=28
num_leaves=29
num_cat=0
split_feature=18 50 31 61 53 12 21 12 30 51 23 33 42 45 30 40 0 61 61 28 16 30 30 40 56 56 46 12
split_gain=3.14567 3.73145 3.26554 4.32722 3.31173 4.58775 3.36124 4.44285 3.60008 3.17079 4.32105 3.60651 4.69538 3.68333 4.71841 3.12839 2.65255 2.62887 2.41951 2.38049 2.15929 2.08141 2.40346 1.97105 1.79172 1.12373 0.671849 0.414845
threshold=0.7145888080983166 -0.20703269611616371 -0.96288877432229791 641.50000000000011 -1.011315565910073 -0.15145821525292377 -1.8283108627176934 -0.96975621124290456 1.0000000180025095e-35 -0.23309400292332258 0.92184247602487235 0.17352244665004071 0.1413695720450375 -0.062610742662991895 1.0000000180025095e-35 -0.25703072349447326 -0.90577406451228459 295.50000000000006 436.50000000000006 1.0000000180025095e-35 0.58669301268207086 -0.77537774149442262 0.70539268569392721 -0.71997408546818931 -1.0000000180025095e-35 1.0000000180025095e-35 -0.41959304917974677 0.19393801187884888
decision_type=2 2 2 2 2 2 2 2 2 2 2 2 2 2 2 2 2 2 2 2 2 2 2 2 2 2 2 2
left_child=2 -2 3 17 5 23 8 15 -6 10 27 16 13 14 -13 -8 -11 21 20 -20 -18 -1 24 -4 -23 -14 -25 -9
right_child=1 -3 4 -5 6 -7 7 9 -10 11 -12 12 25 -15 -16 -17 18 -19 19 -21 -22 22 -24 26 -26 -27 -28 -29
leaf_value=-0.0058540658963352884 0.023758249417693236 -0.0026741847732815473 0.0011605446750813553 0.023965622962681017 -0.0042055435236147088 -0.0081443243553392195 0.021842209091505679 -0.021564906601770267 0.020413558831846788 0.008698055926035269 0.0014317231999796838 -0.016891308706800189 -0.017560419433467391 0.022430413392646013 0.015316224237742189 -0.0021786716769324069 -0.016095091628805673 -0.010479884816275455 -0.012023757341634574 0.010840935345804653 0 0.02477419486128201 -0.0030389061180904403 0.029242287321601675 0.0021190370856638704 0 0.0093582204678176444 -0.0071806601792569966
leaf_weight=7.7670034468173972 9.0578223466873187 7.6524046957492819 7.1661129891872433 8.3680508434772474 9.8205237388610858 10.65413063764572 7.1075163483619717 24.956968322396282 8.5971832573413831 6.1348667442798606 11.138978809118269 6.3619598150253296 6.9463274180889112 11.132012948393822 7.0402444899082184 9.8097681105136854 39.28949174284935 10.222288638353346 5.6536136269569379 7.9969643652439117 10.019257992506025 8.9125726521015149 6.5454719960689536 5.9645584821701076 5.8223497569561067 5.6451106369495392 6.0304837822914115 5.5192877054214469
leaf_count=27 30 26 25 27 35 38 24 89 29 21 38 23 25 37 24 33 140 35 20 27 34 30 22 20 20 20 21 20
internal_value=2.36004e-05 0.0121009 -0.000792679 0.00615466 -0.00240672 0.0065726 -0.00394232 -0.00533249 0.00765703 -0.00703054 -0.0139823 -0.00409448 0.00324942 0.0108068 0 0.00854452 -0.00811069 0.00147002 -0.0100059 0.00072226 -0.0130276 0.00617992 0.0109318 0.0150432 0.0172147 -0.0106331 0.0218416 -0.0196066
internal_weight=277.333 16.7102 260.623 47.6377 212.985 29.8153 183.17 164.752 18.4177 147.835 41.6152 106.22 37.1257 24.5342 13.4022 16.9173 69.0942 39.2697 62.9593 13.6506 49.3087 29.0474 21.2804 19.1612 14.7349 12.5914 11.995 30.4763
internal_count=960 56 904 161 743 104 639 575 64 518 147 371 129 84 47 57 242 134 221 47 174 99 72 66 50 45 41 109
is_linear=0
shrinkage=0.03


Tree=29
num_leaves=34
num_cat=0
split_feature=11 23 42 32 45 14 56 42 45 55 43 55 23 54 54 52 25 25 52 55 54 54 54 1 46 30 28 2 56 42 38 45 55
split_gain=19.7969 6.70047 5.8576 4.31568 2.82987 3.36798 5.15446 5.25442 2.82935 2.46555 2.40061 3.87545 2.30575 2.46063 3.79119 3.52776 3.00899 2.54902 1.7983 2.26131 1.6103 2.34108 1.65759 1.52142 3.97793 1.24276 1.65004 0.703383 0.433148 1.04399 0.409478 0.349069 0.20507
threshold=0.29864899082764068 1.0000000180025095e-35 0.5500464779318226 -0.31473467859056659 -0.9565934860508658 -0.056567927232831987 0.83127736275507946 -1.084661145615317 -0.8985797846814767 -0.27857944750532421 -0.35063468431542927 0.24072124306907824 -1.6107099174185253 0.39629390046322455 -0.10299250933880223 1.0000000180025095e-35 -0.58493882816750631 1.0000000180025095e-35 1.6085710005050802 -0.02820247179044932 0.60260763865290146 0.44190792586921562 -0.029903368870497164 -0.3603052839823046 1.3948966001771599 -0.9475603493070216 1.0009023127392715 0.13192522258388928 -1.0000000180025095e-35 1.3674002897053925 -0.26589066384686622 -1.1470140415332266 0.20363740670943431
decision_type=2 2 2 2 2 2 2 2 2 2 2 2 2 2 2 2 2 2 2 2 2 2 2 2 2 2 2 2 2 2 2 2 2
left_child=1 2 3 4 31 6 7 -6 -3 -4 -5 -12 -2 14 15 23 -15 -17 20 -20 21 22 -10 -14 -25 -22 28 32 -27 -30 -9 -1 -24
right_child=12 8 9 10 5 -7 -8 30 18 -11 11 -13 13 16 -16 17 -18 -19 19 -21 25 -23 27 24 -26 26 -28 -29 29 -31 -32 -33 -34
leaf_value=-0.0018285989246176655 -0.0023357521480189105 0.0046616968325540846 0.0022644279609118426 -0.018277514678977144 -0.0028332042057153204 -0.008547363269576903 -0.0089214810881428595 0.032487207171351846 -0.0011745833691087101 0.026370585962905795 0.014018024151237476 -0.015194130491382895 0.025325793670753511 -0.0094957356495326863 0.03059994483213339 -0.012426284640317227 0.014337424336536342 0.011132904324078626 0.0097672931565699582 -0.012687847922056003 -0.0031297647028489576 0.0040087281308316056 -0.023142735168652746 -0.0062392945826884099 0.0227651311860513 -0.02474018797741771 -0.0017166980849858072 -0.0040907163728479742 -0.01830854597680023 -0.0021038629750267262 0.014928978860527253 -0.013519504064378247 -0.0087992625130308786
leaf_weight=6.0799519717693329 7.0699063241481772 10.399842888116835 7.4913935959339168 16.391273170709614 7.2956900596618608 8.6051018834114057 7.4596587419509879 8.7922754287719709 11.4864005446434 8.8090668618679029 6.3527600765228254 6.9706570506095886 12.701162815093991 7.274081319570544 14.278825014829634 6.7926622331142408 8.7462358474731428 6.6963649392127991 7.4537038207054138 5.8362473249435407 7.8774250447750083 10.874586939811705 9.4581252932548541 6.9503049254417455 7.1112550795078278 18.422354102134697 6.1590311527252188 5.7498598396778098 14.086511850357065 6.3595689535140982 8.7934558689594358 6.0336397886276227 5.8739481866359702
leaf_count=20 22 33 24 55 23 28 25 27 38 27 20 23 38 23 42 21 26 20 25 20 27 36 32 21 21 64 21 20 49 22 27 20 20
internal_value=0 -0.00463048 0.00109058 -0.00216591 0.00287943 0.00670997 0.0111458 0.0175547 -0.009357 0.0167533 -0.0110727 -0.000851631 0.012861 0.0144841 0.0174905 0.0117641 0.00328694 -0.000386792 -0.0107857 0 -0.0121931 -0.00724899 -0.0111951 0.0177962 0.00882382 -0.015831 -0.0177515 -0.0159483 -0.0199855 -0.0140299 0.0258852 -0.00894046 -0.0192779
internal_weight=296.733 219.113 99.0749 82.7745 53.0598 40.9462 32.3411 24.8814 120.038 16.3005 29.7147 13.3234 77.6208 70.5509 54.5306 40.2517 16.0203 13.489 109.638 13.29 96.3478 43.4429 32.5683 26.7627 14.0616 52.9049 45.0275 21.0819 38.8684 20.4461 17.5857 12.1136 15.3321
internal_count=960 726 319 268 170 130 102 77 407 51 98 43 234 212 163 121 49 41 374 45 329 146 110 80 42 183 156 72 135 71 54 40 52
is_linear=0
shrinkage=0.03


Tree=30
num_leaves=34
num_cat=0
split_feature=6 6 54 60 13 39 36 46 39 40 38 58 60 42 24 54 34 25 46 56 19 34 46 18 48 60 25 18 48 55 44 24 48
split_gain=22.0782 8.35228 4.1577 3.79867 3.16759 3.15919 3.05379 4.21658 5.02619 5.66166 2.84607 3.72199 2.75123 2.60984 3.05165 2.53155 3.08319 2.51239 2.45481 2.41225 2.25733 2.19465 2.06866 1.86392 1.7969 1.77377 1.56026 1.32404 1.38907 1.16005 1.15584 0.466384 0.306072
threshold=0.24628445540403923 -0.75277452807563494 -0.77677954649073933 359.50000000000006 -0.10909166567171956 -0.25853358361795703 -0.55454141165846249 0.56777235779598245 0.59577889100004211 0.39786476417566202 -0.72017918589776531 -0.82789643287573755 539.00000000000011 1.163061836762 1.3886172104290289 1.4549095312854918 1.0000000180025095e-35 -0.58493882816750631 -0.041033664390744927 -0.76637282392134953 -0.37845535171338751 -0.39312117159164567 -1.010573221029843 -1.4952926319387518 -0.29697737102689087 715.50000000000011 -0.58493882816750631 0.73782714350439871 -1.369990244175767 -0.8250836170371334 1.2127803228840832 0.45957487667443997 -1.6670418852556852
decision_type=2 2 2 2 2 2 2 2 2 2 2 2 2 2 2 2 2 2 2 2 2 2 2 2 2 2 2 2 2 2 2 2 2
left_child=1 13 4 5 -3 26 17 8 19 -10 -2 -12 20 15 -15 16 21 -7 22 -8 -5 -1 -6 -18 -24 -14 -4 28 30 -19 32 -28 -13
right_child=10 2 3 12 18 6 7 -9 9 -11 11 27 25 14 -16 -17 23 29 -20 -21 -22 -23 24 -25 -26 -27 31 -29 -30 -31 -32 -33 -34
leaf_value=0.017769110438340379 0.0028449558238205041 0.0084905049803817023 -0.0010003091704485919 0.025410005302686979 -0.016336731587078952 -0.0054077993572727839 -0.0036126260958975727 0.011851982614558351 -0.012271911561184212 0.018590310683482617 0.00063129660970092066 -0.00023976226625718931 -0.0081255336427419628 -0.0078993640867223193 0.014159569549747744 0.00060536361060968091 0.011143040964375432 0.0021076514058894964 -0.020769115536407982 -0.02549935794478158 0.0063977532667671456 -0.0029851039962345825 -0.0090631546831277197 0.032205871747829753 0.0075485332771710678 0.010233011858579735 0.016720368640041759 -0.0037543267006764319 -0.024306041979240748 0.018646205683265374 -0.019424494924171715 0.0051431237836480608 -0.0094312627417936293
leaf_weight=7.4485178887844086 7.6845336854457846 8.8878236114978773 9.5661818683147448 12.687259912490845 7.7285849153995505 11.060013294219972 7.7211999893188468 7.3891049623489371 11.011228293180467 7.8186993896961203 10.664805322885512 7.5056479275226593 8.1096484363079053 9.6788993775844592 9.7105906605720502 8.2052807807922346 8.9750798344612104 8.1504600644111651 11.902569800615309 16.51186573505402 13.331422954797745 7.8319278657436353 8.4943801164627075 16.452369362115864 12.543602108955387 7.7472728788852683 12.189528375864031 7.2692047357559195 30.291124016046528 8.9125542938709241 12.009413510560988 8.8828806579112989 7.421764522790907
leaf_count=20 21 24 26 34 21 30 21 20 30 21 29 21 22 26 26 22 24 22 33 45 36 21 23 44 34 21 33 20 87 24 34 24 21
internal_value=-9.94664e-06 0.00415247 0.00100264 0.00350076 -0.0063752 0.000453853 -0.00268469 -0.00707478 -0.0107467 0.000673924 -0.0134273 -0.0151924 0.0110184 0.0130991 0.00308437 0.0167401 0.0197131 0.00494792 -0.00995269 -0.019376 0.0167663 0.00745811 -0.0044715 0.0260291 0.000418315 0.000607477 0.00843922 -0.0178546 -0.0194019 0.0118782 -0.0126848 0.012772 -0.00561882
internal_weight=351.795 268.949 200.646 151.089 49.557 109.214 78.5751 50.4521 43.063 18.8299 82.8465 75.162 41.8756 68.3027 19.3895 48.9132 40.7079 28.123 40.6691 24.2331 26.0187 15.2804 28.7666 25.4274 21.038 15.8569 30.6386 64.4972 57.2279 17.063 26.9368 21.0724 14.9274
internal_count=960 727 544 409 135 296 213 137 117 51 233 212 113 183 52 131 109 76 111 66 70 41 78 68 57 43 83 183 163 46 76 57 42
is_linear=0
shrinkage=0.03


Tree=31
num_leaves=34
num_cat=0
split_feature=48 48 13 41 26 54 32 56 43 46 54 41 52 29 20 47 54 49 46 26 20 44 47 16 55 54 32 2 10 47 19 60 2
split_gain=4.34343 5.12147 4.48539 4.3891 6.23059 4.07691 3.97763 3.67303 4.72466 4.5675 3.18827 3.18754 3.07432 2.96707 3.16685 3.72236 3.85581 3.68972 4.2196 2.84902 2.34884 2.27301 1.96011 1.58634 1.40379 1.2712 1.27033 1.26392 1.17786 1.97949 1.05647 0.959034 0.775803
threshold=0.96097926097686159 0.83817442697026479 1.6746051233755408 -0.54714928890769376 0.80026216285828311 0.058321051683928572 -0.17934759370203732 -0.76637282392134953 0.30819936613535498 -0.2520395740969123 0.5663401582277916 0.97531777664263963 0.40449446211531248 0.44374764513810622 -0.35403539141690282 -1.320644742406677 -0.76781753000755903 -0.21397347833616634 0.54037866594648254 0.16692821089276361 -0.91120584348284839 1.0000000180025095e-35 -0.44445948443837596 0.52240799768283541 0.35527160321029788 -0.25708022382911944 -0.72089593325615453 -0.49479670886517307 0.44559221567427404 0.061141633126204527 -1.4298554284991576 344.00000000000006 1.0000000180025095e-35
decision_type=2 2 2 2 2 2 2 2 2 2 2 2 2 2 2 2 2 2 2 2 2 2 2 2 2 2 2 2 2 2 2 2 2
left_child=1 3 32 5 6 13 7 25 9 -9 -6 23 -12 14 17 -16 22 18 -1 -13 -15 -4 -17 30 -14 -5 -11 -10 29 -22 -8 -32 -2
right_child=2 -3 21 4 10 -7 11 8 27 26 12 19 24 20 15 16 -18 -19 -20 -21 28 -23 -24 -25 -26 -27 -28 -29 -30 -31 31 -33 -34
leaf_value=-0.018606758836156458 -0.0054377425556285533 0.024234642877203033 -0.0058297265621136182 -0.02050065579662232 -0.0078335540712714292 0.022330929407991848 -0.0029378970023110512 0.015317611420527006 0.027721531895589364 -0.00026767730688867774 0.027419602337094402 -0.012827582163783312 0.012898814131077192 0.0094257337426073805 -0.0054893816103385833 0.037788954042707629 0 0.015760322881645208 0.0071691522238215523 0.011213216368337385 0.0050947432360190156 0.014697384937391136 0.012620213276288256 -0.00087462016374468263 -0.0053000394827709876 -0.0024163398206705289 -0.019127471899266706 0.0071961202104878861 -0.020343030335537571 -0.015795446314872827 -0.023096665193248815 -0.0081982986048047598 -0.019506445515846363
leaf_weight=11.005481958389288 7.7429979145526913 7.2371906340122214 9.3015234768390673 6.0933713763952246 5.6537582874298122 10.399074852466581 5.5180447995662645 6.3728465735912314 6.1302888393402091 5.7917516231536839 8.8623729944229144 6.2862032502889624 6.0060544610023481 5.9328339993953731 6.0182482600212088 7.1946984827518525 6.6866999864578274 7.5618720054626456 8.9725086987018567 8.7419636547565442 7.8954409658908862 7.1388960778713217 9.0253159999847394 7.1438787281513205 5.9634934663772583 8.9971574097871763 8.4433993995189702 8.0885832458734495 5.6465125083923331 5.5491188168525696 22.23022140562535 9.1517574042081815 18.277662351727486
leaf_count=38 28 24 33 22 20 33 20 22 20 20 29 23 20 20 20 23 23 25 30 30 27 24 30 25 20 32 30 27 20 20 82 33 67
internal_value=3.65675e-05 0.0016698 -0.00859974 0.000771192 -0.00262334 0.00580193 -0.00583483 0.00031 0.00575258 -0.00323642 0.00998208 -0.0110055 0.0152873 0.0032548 0.00705445 0.0137288 0.0190509 -9.60559e-05 -0.00705874 0.00054254 -0.00500674 0.00323288 0.0263767 -0.0149656 0.0038058 -0.0112735 -0.0125924 0.018228 -0.0101432 -0.00384599 -0.0173967 -0.0195066 -0.0160626
internal_weight=277.061 234.6 42.4611 227.363 135.475 91.8878 108.989 49.9174 34.8269 20.608 26.4857 59.0721 20.8319 81.4887 56.4648 28.925 22.9067 27.5399 19.978 15.0282 25.0239 16.4404 16.22 44.0439 11.9695 15.0905 14.2352 14.2189 19.0911 13.4446 36.9 31.382 26.0207
internal_count=960 808 152 784 475 309 386 173 119 72 89 213 69 276 189 96 76 93 68 53 87 57 53 160 40 54 50 47 67 47 135 115 95
is_linear=0
shrinkage=0.03


Tree=32
num_leaves=32
num_cat=0
split_feature=11 23 42 4 1 29 45 31 58 55 45 40 25 55 23 23 45 60 41 46 46 49 30 24 46 40 50 19 46 46 34
split_gain=18.6858 6.45298 5.60669 3.80742 3.75746 2.91779 3.77356 5.03718 3.28857 3.1931 2.73215 3.1102 4.41641 2.33905 2.17632 2.33192 3.103 2.34389 3.55796 1.7896 2.37881 1.83881 1.72453 1.66401 1.60408 1.49253 2.02705 1.42179 1.3803 1.23064 1.13646
threshold=0.29864899082764068 1.0000000180025095e-35 0.5500464779318226 0.077763310605840325 -0.23326141451748952 0.44374764513810622 -0.8985797846814767 -0.55409730407225799 -1.0000000180025095e-35 -0.35910734518044757 -0.8985797846814767 -0.84417840209528405 -0.38258647325442136 -0.27857944750532421 -1.6107099174185253 0.92184247602487235 0.51621246667261367 283.50000000000006 -0.54714928890769376 -0.15077206981921246 0.049133128071881423 0.11234032500413522 0.44711877397502892 -0.15978667916195272 -0.095237122826446932 1.1430906639382299 -0.36954405202092022 -0.26163312095941305 -0.8956676103224136 0.98885461880525238 0.14873878998658355
decision_type=2 2 2 2 2 2 2 2 2 2 2 2 2 2 2 2 2 2 2 2 2 2 2 2 2 2 2 2 2 2 2
left_child=1 2 3 4 5 6 22 9 -9 -8 -3 12 27 -4 -2 16 17 18 -16 21 -21 -13 -1 -22 28 26 -19 -12 -7 -28 -25
right_child=14 10 13 -5 -6 24 7 8 -10 -11 11 19 -14 -15 15 -17 -18 25 -20 20 23 -23 -24 30 -26 -27 29 -29 -30 -31 -32
leaf_value=-0.015597465143875307 -0.0023114538080527373 0.0045668921985846525 0.0022083502251013564 -0.019676889702810427 0.019390997015016766 -0.0018371370886002558 0.002161660778826778 -0.018002693201318039 0.0092533228877095079 0.030733918440751865 0.00094417343433559849 -0.021187236832110986 0.015050082588738979 0.025669856052481232 -0.008350204411707321 -0.0016353531960078755 0 0.00060567629660637019 0.019354046670599739 0.0045639329167642276 6.7728171188681543e-05 -0.0047110735159268495 0.002612499094250128 -0.0040245807274868484 0.00098648632499920221 0.032102597665528511 0.025953138102092148 -0.015826541270766891 -0.021128307852927929 0.0079041603009712986 -0.019573699851887186
leaf_weight=9.8790667057037336 7.0627108216285697 10.417638540267943 7.4993799030780819 8.3217190802097303 6.6999179422855368 6.0728389620780989 6.5353727340698216 6.3450492024421692 6.4634734094142967 8.5410328507423401 5.9883392453193709 32.735801458358765 8.3259854614734632 8.8912085890769941 6.5191940069198608 6.776554971933364 9.9009519815444929 6.6293652057647661 7.0979827642440778 8.902497321367262 7.2745954990386954 9.8880241215229017 6.4790937900543204 8.0811933875083941 6.8495968580245963 11.966006487607954 13.961750984191903 10.663646012544632 10.4260493516922 8.1068243384361249 17.084858596324921
leaf_count=33 22 33 24 28 21 20 21 21 20 26 20 115 27 27 20 21 30 20 21 30 24 34 21 27 22 35 41 37 35 24 60
internal_value=-2.25659e-06 -0.00452963 0.00107949 -0.00211764 0.000120583 -0.00208224 0.00235636 0.00899872 -0.00430117 0.0200267 -0.00918734 -0.010601 -0.00096519 0.0163558 0.0124399 0.0140084 0.0157511 0.0184987 0.0061813 -0.01333 -0.00812882 -0.0177911 -0.00843532 -0.0118366 -0.010369 0.0221144 0.0163633 -0.00988532 -0.0151059 0.0205025 -0.0153129
internal_weight=296.388 218.366 99.0038 82.6132 74.2915 67.5916 44.2431 27.8849 12.8085 15.0764 119.363 108.945 24.978 16.3906 78.0213 70.9586 64.1821 54.2811 13.6172 83.967 41.3431 42.6238 16.3582 32.4406 23.3485 40.6639 28.6979 16.652 16.4989 22.0686 25.1661
internal_count=960 726 319 268 240 219 142 88 41 47 407 374 84 51 234 212 191 161 41 290 141 149 54 111 77 120 85 57 55 65 87
is_linear=0
shrinkage=0.03


Tree=33
num_leaves=35
num_cat=0
split_feature=0 3 17 45 38 58 47 40 21 45 55 43 43 37 20 32 52 12 16 33 54 52 35 45 27 39 29 32 47 47 45 45 47 38
split_gain=20.9098 8.17533 4.28491 5.78201 2.74159 3.61451 2.72438 4.19169 5.67205 3.83447 3.90975 2.8878 2.80486 2.55368 2.84583 3.48997 3.04009 2.3725 2.07435 2.05209 1.94094 1.93863 1.93017 1.8429 1.7774 1.73732 1.52477 1.37728 1.01368 1.63247 0.899201 0.307044 0.0867584 0.199572
threshold=0.035826858850885546 -0.39865645237896291 -0.087142147051687727 0.35523817732777269 -0.72017918589776531 -0.82789643287573755 -1.1100132483276115 0.27366044754856733 -0.60689233230086281 -0.9565934860508658 -0.040982414703277341 -0.35063468431542927 -1.0094687347662135 -0.79365408204679833 1.0388907387479613 0.49758783074060953 0.40449446211531248 -0.38257505437481937 0.47475349411092876 0.17352244665004071 1.1005522109062624 0.40449446211531248 0.54760847405856039 -0.26688276009193251 0.81192858510893717 0.84787109662502502 1.0000000180025095e-35 -0.55166207714549276 -0.45555544031933021 -1.2714606848258663 -0.36641137269517593 1.5970716873389386 -1.3947244624050248 1.2267716228918031
decision_type=2 2 2 2 2 2 2 2 2 2 2 2 2 2 2 2 2 2 2 2 2 2 2 2 2 2 2 2 2 2 2 2 2 2
left_child=1 13 18 6 -2 -6 -4 9 -9 10 -8 12 30 -1 15 27 -16 -5 -3 -14 25 22 -10 -13 -24 -17 -20 -15 29 32 -11 -22 33 -7
right_child=4 2 3 17 5 28 7 8 21 11 -12 23 19 14 16 20 -18 -19 26 -21 31 -23 24 -25 -26 -27 -28 -29 -30 -31 -32 -33 -34 -35
leaf_value=-0.0028514362144809618 0.0028391235444025142 -0.017952304943463605 -0.016303003956480877 0.0043864665983422511 0.00072252251202700052 -0.019955309355563174 0.016738537793628615 -0.012690484324013417 -0.0010430061303240915 -0.0015791495473572756 -0.0083925270631316287 -0.021864693598965857 -0.0041009598445257119 0.010407571909829976 -0.011144466445732906 0.010045792686156801 0.012419207441623066 0.025478592055296866 -0.010239610506348125 0.014480207920112863 0.0070958639389388815 0.026192296809087367 0.023931536718172639 -0.0027579805598652676 0.0037036778268488839 -0.0080906638349266397 0.0064531584638257951 0.027523634777079104 -0.0078063387266922857 -0.025838381457354894 -0.015540516774011939 0.020112914873650051 -0.0060115488646098085 -0.0091684819139837906
leaf_weight=8.9178236126899701 7.6842768490314475 13.361641675233843 7.1546543240547171 10.415127962827684 10.656247079372404 7.4744455218315151 13.464288651943209 7.7169397771358481 10.345782279968263 9.1710225939750671 7.3540564477443686 13.035415560007097 8.057519733905794 10.075825870037077 7.4523793160915401 7.4606649577617707 9.3212275207042676 10.825240403413771 8.3446931242942828 10.410361528396605 7.463070333003996 7.8500710725784293 7.8544718325138119 8.4613940119743329 9.2834765017032606 8.577253043651579 8.1067492365837079 21.638875633478168 12.988138645887373 23.573350667953498 9.165420800447464 7.4753662943840027 7.4121420383453325 12.641951411962507
leaf_count=24 21 37 20 28 29 21 36 21 28 25 20 36 22 27 20 20 25 29 23 28 20 21 21 23 25 23 22 58 37 68 25 20 21 36
internal_value=-1.42551e-05 0.00403089 0.000310796 0.00242093 -0.0131111 -0.0148531 0 0.00110731 0.00851574 -0.0029328 0.00762478 -0.00689976 -0.00144443 0.0114245 0.0131239 0.0160139 0.00156628 0.0163716 -0.0097599 0.00637371 0.00796293 0.0136383 0.00867556 -0.0152754 0.0144761 0.000141711 -0.00182782 0.0229821 -0.0174917 -0.0195464 -0.00950762 0.0152157 -0.012895 -0.0145606
internal_weight=351.191 268.761 180.378 150.565 82.4306 74.7463 129.325 122.17 43.0507 79.1195 20.8183 58.3011 36.8043 88.3825 79.4647 62.6911 16.7736 21.2404 29.8131 18.4679 30.9764 35.3338 27.4837 21.4968 17.1379 16.0379 16.4514 31.7147 64.09 51.1019 18.3364 14.9384 27.5285 20.1164
internal_count=960 727 490 408 233 212 351 331 116 215 56 159 100 237 213 168 45 57 82 50 83 95 74 59 46 43 45 85 183 146 50 40 78 57
is_linear=0
shrinkage=0.03


Tree=34
num_leaves=34
num_cat=0
split_feature=48 48 13 41 34 24 32 56 43 16 19 56 47 25 61 60 32 19 41 40 50 30 52 45 24 20 38 49 45 1 17 45 60
split_gain=4.16886 4.88743 4.34328 4.19384 4.89048 3.95656 3.79169 5.38417 4.76046 3.05126 3.05047 2.99916 4.6371 3.76048 2.9364 3.81946 3.3324 4.2846 2.88986 2.58933 2.52969 2.41429 2.20967 2.03465 1.71988 1.54112 1.53696 1.18553 0.764971 0.576591 0.463009 0.394155 0.23431
threshold=0.96097926097686159 0.83817442697026479 1.6746051233755408 -0.54714928890769376 0.28420378038114086 -0.46946745708014886 -0.17934759370203732 -0.76637282392134953 0.30819936613535498 0.52240799768283541 -0.72892204397531091 -0.76637282392134953 -0.37526240372444614 -0.58493882816750631 548.00000000000011 684.00000000000011 -1.4171723698257339 -0.72892204397531091 0.97531777664263963 0.27366044754856733 -0.36954405202092022 0.70539268569392721 0.40449446211531248 0.11353022687795665 -0.15978667916195272 0.76030551271498847 0.38309293908298997 -0.21397347833616634 0.22449568398548647 -0.27789844973485711 0.18834883025145036 1.7565313139380234 295.50000000000006
decision_type=2 2 2 2 2 2 2 2 2 2 2 2 2 2 2 2 2 2 2 2 2 2 2 2 2 2 2 2 2 2 2 2 2
left_child=1 3 28 14 6 -6 7 32 10 24 -9 26 -13 -14 15 16 29 25 -15 20 -19 -21 -4 -22 -8 -18 -7 -16 -2 -1 -12 -30 -5
right_child=2 -3 22 4 5 11 9 8 -10 -11 30 12 13 18 27 -17 17 19 -20 21 23 -23 -24 -25 -26 -27 -28 -29 31 -31 -32 -33 -34
leaf_value=-0.017554009635125559 -0.0034177937321668208 0.023577569603409197 0.013301280786299285 -0.021146883094523363 -0.014481328931662681 -0.0097793796849153011 -0.00367302291579172 0.011375490454790806 0.019158615962306225 0.0023621898759821763 -0.0038200769347902981 -0.0089487064274838962 0.029343072964159042 -0.0056391969974756255 0.007420494162205373 0.022905150067311909 -0.016477060112474993 0.024188370369124745 0.019027005913102635 -0.0086706186729103175 0.015000901421192279 0.012353030487104235 -0.0067974882159483807 -0.0063352316241806553 -0.022767605604214734 0.0016468958748333757 0.0072854302409909623 0.026418335378627329 -0.021488970966863051 -0.0032796684742147351 -0.01716562087395896 -0.0068343248060080877 -0.0069815150085853752
leaf_weight=6.7629210352897644 5.5992205291986492 7.3173816204071036 8.2057462036609667 7.1278166919946653 7.2213094234466544 9.9196166992187518 7.0015044510364559 6.3897148370742824 11.947326213121412 6.8358621001243582 7.0390558838844317 6.0230069160461417 12.0949170589447 7.8061738312244433 9.5730090141296369 6.3018017113208762 8.5958694219589216 11.744062989950175 6.2963296175003052 10.586908996105196 6.3297198414802605 6.7843379080295554 8.2584633082151395 6.5532204061746597 21.294141218066216 5.886180877685546 6.417790859937667 6.2612597644329062 14.707748696208002 6.7088719308376294 6.2771884500980377 5.4468077123165122 5.4792170226573944
leaf_count=24 20 24 28 26 26 35 25 22 39 24 25 21 39 28 31 21 30 38 21 36 21 22 29 23 80 20 22 20 55 23 22 20 20
internal_value=4.11576e-05 0.0016381 -0.00844646 0.000755484 -0.00257004 0.00410566 -0.00732359 -0.00122192 0.0052864 -0.0144822 -0.00360138 0.0073408 0.0124986 0.0178637 0.0056639 0.00296921 0.000646112 0.00396921 0.00575943 0.00883534 0.0148041 0 0.00315994 0.00420177 -0.018667 -0.00927203 -0.00269054 0.0169149 -0.0158521 -0.011887 -0.011617 -0.0185534 -0.0168127
internal_weight=276.795 234.577 42.218 227.259 135.171 55.7791 79.3918 44.2603 31.6533 35.1315 19.706 48.5578 32.2204 26.1974 92.0882 76.2539 69.9521 56.4803 14.1025 41.9983 24.627 17.3712 16.4642 12.8829 28.2956 14.4821 16.3374 15.8343 25.7538 13.4718 13.3162 20.1546 12.607
internal_count=960 808 152 784 475 192 283 154 108 129 69 166 109 88 309 258 237 190 49 140 82 58 57 44 105 50 57 51 95 47 47 75 46
is_linear=0
shrinkage=0.03


Tree=35
num_leaves=36
num_cat=0
split_feature=2 23 56 41 4 14 29 45 45 45 40 19 19 46 46 27 46 56 44 32 27 44 49 55 26 46 26 46 30 33 30 45 20 45 45
split_gain=17.3954 6.37937 4.54742 3.71379 3.15743 4.32748 3.36801 3.3448 4.30767 2.6757 3.27929 3.68455 2.55842 2.13488 2.99464 5.40879 2.8917 2.55181 4.12383 2.06422 2.00497 1.99406 1.81666 2.58325 1.80166 1.59647 1.42721 1.38363 1.76998 1.38007 1.28026 1.01064 0.871207 0.55629 0.482961
threshold=-0.39648738628492797 1.0000000180025095e-35 0.83127736275507946 0.73172304615458617 0.077763310605840325 -0.061262080658521158 0.44374764513810622 -0.9565934860508658 -0.51098588932869016 -0.8985797846814767 -0.84417840209528405 -0.72892204397531091 0.088833571302510281 -0.0066749446301069045 0.52696276218421934 0.5007392681293662 -0.4636109575696124 -0.76637282392134953 0.77525650484213127 -0.55166207714549276 -0.432828682809347 0.55649459582115524 0.11234032500413522 0.54447099958701528 0.16692821089276361 0.066084710689916185 -0.28168333841614568 -0.13873351901161468 1.0000000180025095e-35 1.0000000180025095e-35 0.39546399163124918 -0.58118381268857056 -0.63262061744987552 0.56843168955975842 -0.091723655664403284
decision_type=2 2 2 2 2 2 2 2 2 2 2 2 2 2 2 2 2 2 2 2 2 2 2 2 2 2 2 2 2 2 2 2 2 2 2
left_child=13 2 3 4 5 25 7 30 -9 -3 11 -11 -4 16 24 21 -1 -17 -19 -12 -21 -16 27 -24 -15 -2 -18 34 -29 -13 -7 -8 -10 -30 -22
right_child=1 9 12 -5 -6 6 31 8 32 10 19 29 -14 14 15 17 26 18 -20 20 22 -23 23 -25 -26 -27 -28 28 33 -31 -32 -33 -34 -35 -36
leaf_value=0.016972955573096579 0.0047909219037013369 0.0044766690607810329 -0.022294186150515559 0.022160927155448432 -0.015106113010719549 -0.014223195183475951 -0.0016218482522470546 0.027858174074573916 -0.0054725531762270987 0.016117742612624036 0.00014850526367501528 -0.013826267045425807 -0.00019754088436331997 0.033354441246240846 -0.011624049538593941 0.029830266585074275 0.0042091310864348511 0.022631690633508849 -0.0055910961770401536 -0.022481984831405885 -0.023468217866479322 0.0073366576058288132 0.011589844915745627 -0.01302887303720749 0.0094146228237840714 0.027148789573755053 -0.013175931445862576 0.0048768706309159134 -0.0039655565392844308 0.0018834067919910613 0.0026026744374767672 -0.017087034660982346 0.0081298890225325205 -0.018125132127258439 -0.0075386521896164431
leaf_weight=6.9615032672882107 6.6746844053268415 10.435380280017851 8.5629008710384387 7.8748185336589804 7.1218284368515006 6.5401679277419991 8.2493118047714251 7.9703717529773668 6.9829407334327653 6.6551476120948818 8.2718387544155103 11.157942652702333 9.9813895523548108 9.8641067147254962 9.5317203402519244 9.4010221064090747 6.6082470715045938 7.7303023040294629 7.9453617930412292 23.342033058404922 12.867975711822512 7.4082394540309897 6.2608841359615308 6.0575435757637024 7.0121455788612357 7.0194520056247711 7.1001103222370121 6.1132076978683569 6.832307428121565 6.8198926448822013 6.4799614548683167 8.4686734080314618 6.727328568696989 7.3108200132846832 5.5977905094623486
leaf_count=21 21 33 30 24 24 22 27 24 22 21 27 39 33 29 29 27 20 23 24 83 46 22 21 21 21 21 22 21 23 23 21 28 21 26 20
internal_value=-1.43325e-06 -0.00443568 0.00113739 0.00431967 0.00188204 0.00412854 0 0.00526794 0.0122642 -0.00911189 -0.0105322 -0.000608418 -0.0116049 0.0118427 0.0147298 0.00961451 0.00290624 0.0181086 0.00873838 -0.0133549 -0.0149089 -0.00308442 -0.0107884 -0.000182281 0.0253143 0.018195 -0.00481221 -0.0138807 -0.00715244 -0.00787266 -0.00603215 -0.0105471 0.000950931 -0.0127046 -0.0198689
internal_weight=295.939 216.377 98.6538 80.1095 72.2347 65.1129 51.4188 34.7008 21.6806 117.723 107.287 24.633 18.5443 79.5628 58.8929 42.0166 20.6699 25.0767 15.6757 82.6544 74.3826 16.94 51.0405 12.3184 16.8763 13.6941 13.7084 38.7221 20.2563 17.9778 13.0201 16.718 13.7103 14.1431 18.4658
internal_count=960 722 318 255 231 207 165 110 67 404 371 83 63 238 175 125 63 74 47 288 261 51 178 42 50 42 42 136 70 62 43 55 43 49 66
is_linear=0
shrinkage=0.03


Tree=36
num_leaves=30
num_cat=0
split_feature=0 3 5 45 47 38 58 47 44 34 32 20 44 33 37 20 32 52 50 24 27 37 32 26 47 47 21 55 47
split_gain=19.867 7.78912 4.09656 7.59031 3.20996 2.67025 3.50774 2.56997 3.73538 3.232 2.94508 2.82747 3.09329 2.56859 2.45245 2.76211 3.34422 2.91781 2.30549 2.00873 1.92393 1.62792 1.30251 1.1483 0.982901 1.62336 0.987684 0.224456 0.0114327
threshold=0.035826858850885546 -0.39865645237896291 -0.23333020837065691 0.35523817732777269 0.081621818645882957 -0.72017918589776531 -0.82789643287573755 -1.1100132483276115 0.77525650484213127 0.64221839785247115 0.29450720340781555 1.0388907387479613 -0.31855304026274861 -0.84206634649411083 -0.79365408204679833 1.0388907387479613 0.49758783074060953 0.40449446211531248 -0.36954405202092022 1.6982979883472249 -0.74401799978891792 -0.2392788436664002 -0.55166207714549276 1.0000000180025095e-35 -0.45555544031933021 -1.2714606848258663 0.61452619811596787 -0.43455487688236977 -1.8396126496125982
decision_type=2 2 2 2 2 2 2 2 2 2 2 2 2 2 2 2 2 2 2 2 2 2 2 2 2 2 2 2 2
left_child=1 14 3 7 -4 -2 -7 -3 9 10 11 12 -9 -11 -1 16 22 -17 -18 -20 -6 -12 -16 -10 25 26 28 -5 -8
right_child=5 2 4 27 20 6 24 8 23 13 21 -13 -14 -15 15 17 18 -19 19 -21 -22 -23 -24 -25 -26 -27 -28 -29 -30
leaf_value=-0.0028398148420290142 0.0029051189568098093 -0.016059292008975126 -0.020396415759722949 0.011291188413738246 0.0096203356801563677 0.00078030364418218772 -0.0087066056353651104 0.0081742665000984621 0.0025693665182856739 -0.00071476990016476583 0.00011599823209651795 -0.014674137751896072 -0.0055484681406565897 -0.02269819058337268 0.010204916841531329 -0.011015923686044985 0.017293749536517581 0.012074322631912389 -0.0068790183618231745 0.011415989914996231 -0.0082877962186586607 0.017834852356294489 0.026920492498956651 0.019553449122656864 -0.0076148513217475676 -0.025473332726511477 -0.0025394747267535821 0.024558866008760456 -0.019000430354667551
leaf_weight=8.913608253002165 7.677057832479476 7.1238574981689444 12.178099513053896 9.3248808383941668 7.3890001773834255 10.649021655321119 7.3227837681770316 26.963942915201184 7.377349108457568 10.319417834281923 8.5153407454490679 11.037594139575956 29.011706262826923 8.6917241215705854 10.079650074243544 7.4483124911785152 11.96299469470978 9.3191783726215345 11.168790280818941 7.8398581743240348 12.026939690113066 11.176710486412047 21.588003069162372 9.6548229753971082 12.947272539138792 23.373336821794517 8.4412198662757891 9.3244721293449384 11.63206204771995
leaf_count=24 21 20 34 25 20 29 21 73 20 28 23 30 79 24 27 20 32 25 30 21 33 30 58 26 37 68 24 25 33
internal_value=-1.92494e-05 0.00392049 0.000285128 0.00242206 -0.00923361 -0.0128205 -0.0145483 -0.000188024 0.00086755 -0.00124172 0.0012091 -0.00176024 0.000998312 -0.0119828 0.0111389 0.0128057 0.0156536 0.0014266 0.00776987 0.000657034 -0.000984577 0.0110064 0.022483 0.0133241 -0.0171612 -0.0191926 -0.0125822 0.0195571 -0.0162471
internal_weight=350.479 268.436 180.116 148.522 31.594 82.0428 74.3657 129.872 122.749 105.716 86.7053 67.0132 55.9756 19.0111 88.3204 79.4068 62.6393 16.7675 30.9716 19.0086 19.4159 19.6921 31.6677 17.0322 63.7167 50.7694 27.3961 18.6494 18.9548
internal_count=960 727 490 403 87 233 212 353 333 287 235 182 152 52 237 213 168 45 83 51 53 53 85 46 183 146 78 50 54
is_linear=0
shrinkage=0.03


Tree=37
num_leaves=35
num_cat=0
split_feature=48 26 41 56 13 41 32 33 33 18 44 54 47 12 50 26 12 61 23 44 31 29 33 50 41 39 39 28 54 45 28 54 45 39
split_gain=3.99047 4.72661 4.9598 4.67725 4.22817 4.20543 5.34691 3.86809 3.70354 3.51895 3.377 3.71637 3.33571 3.29124 3.87553 2.98372 2.84362 2.80851 2.76361 2.45059 2.70415 2.11024 1.95239 3.06785 2.30516 1.57259 1.09121 0.858669 0.769266 0.763925 0.368915 0.132557 0.130274 0.061764
threshold=0.96097926097686159 1.4335961148238028 -0.54714928890769376 -0.76637282392134953 1.6746051233755408 0.97531777664263963 -0.17934759370203732 0.17352244665004071 -0.84206634649411083 0.43326812022678551 0.99401841386310708 -0.082057636910198281 -0.064048833118810738 -0.94185508749841496 -0.36954405202092022 0.16692821089276361 -0.36337738159157046 548.00000000000011 -0.97757181905767598 -0.75607685830470028 -0.22479306414861475 -0.25743880856201978 0.49270749592391677 -1.0000000180025095e-35 -1.3144726899450616 0.45518900709380128 0.45518900709380128 -0.52246862698280394 0.072232064816145997 -0.16026089881821559 0.69622812479485641 1.4288972996712632 -0.45014550343704091 -0.43550740473852634
decision_type=2 2 2 2 2 2 2 2 2 2 2 2 2 2 2 2 2 2 2 2 2 2 2 2 2 2 2 2 2 2 2 2 2 2
left_child=1 2 7 16 28 6 19 10 -6 26 11 27 -11 -9 18 -7 -4 22 -15 -5 21 -21 -16 24 -24 30 33 -1 -2 -17 -18 -30 -29 -8
right_child=4 -3 3 5 8 15 9 13 -10 12 -12 -13 -14 14 17 29 25 -19 -20 20 -22 -23 23 -25 -26 -27 -28 32 31 -31 -32 -33 -34 -35
leaf_value=-0.0025925143724346961 -0.0032370702432140204 0.019461182133559084 0.003803991644804466 -0.0071852388601154 0.017565778019777465 -0.0025333299111787132 -0.010471252044609325 -0.0062307476565036535 -0.0086343120192586796 -0.010680418051174912 0.0144889091713589 0.0095489017475261211 0.01681668502884516 0.0084895903922979424 0.013952133642599177 0.028244581032529931 -0.023316731115573825 0.020551069613363716 0.03620409281549173 0.010293317869123802 0.020439130841278425 -0.010119076028797799 0.001620678729388362 0.011754868503133842 -0.021506031553503547 -0.0040557498678786101 -0.0038423306761911115 -0.0081024008614813039 -0.021091247020736257 0.008378835811872775 -0.0086508028886900807 -0.0085987550091167278 -0.021519489305113739 -0.022955517077275989
leaf_weight=6.5502120107412365 5.5668824315071133 11.14919465780258 7.3154169619083396 8.4690797626972181 7.2963210344314602 6.6361947357654598 7.0385574400424966 7.7369889318943015 9.1737693399190885 6.8270213603973389 7.0746833086013785 7.379785135388377 5.9960611462593061 7.6605799794197074 6.5488967895507839 6.0632013976573953 14.902345001697546 8.3310199677944166 8.281003922224043 8.8236487507820112 11.044549584388733 6.5664692819118509 5.8919881284236899 6.2432777583599117 7.1144413799047461 9.7799374014139158 7.0145717412233344 5.722786724567416 13.746804833412172 6.0635230839252445 6.2014801353216162 6.1774480491876593 7.7146855741739229 12.376909434795383
leaf_count=23 20 36 25 30 25 24 26 26 32 24 23 24 20 25 22 20 56 26 26 29 37 23 20 21 25 35 25 20 52 20 23 23 28 46
internal_value=4.5869e-05 0.00160523 0.000563418 -0.00314474 -0.00828585 0.000468505 -0.00272474 0.00586395 0.00313596 -0.0101969 -0.00191022 -0.00688995 0.00217291 0.0105281 0.01334 0.0126527 -0.0117707 0.00685037 0.0251056 0.00558758 0.0100606 0.00110357 0.00132014 -0.00338613 -0.0115316 -0.0156505 -0.0162075 -0.0134816 -0.0156521 0.0207675 -0.0201326 -0.0183713 -0.0175945 -0.0197921
internal_weight=276.48 234.519 223.369 131.119 41.9612 92.9198 74.1569 92.2503 16.4701 39.2531 34.4422 27.3675 12.8231 57.8082 50.0712 18.7629 38.1992 34.1296 15.9416 34.9037 26.4347 15.3901 25.7986 19.2497 13.0064 30.8838 26.43 19.9877 25.4911 12.1267 21.1038 19.9243 13.4375 19.4155
internal_count=960 808 772 463 152 324 260 309 57 141 118 95 44 191 165 64 139 114 51 119 89 52 88 66 45 114 97 71 95 40 79 75 48 72
is_linear=0
shrinkage=0.03


Tree=38
num_leaves=34
num_cat=0
split_feature=11 54 47 0 3 39 39 37 24 29 20 37 47 37 58 32 54 1 19 45 28 52 0 45 20 55 45 37 5 45 42 41 42
split_gain=16.6968 5.14322 4.54104 3.0916 2.9564 3.48928 6.16248 3.02518 2.69151 4.07793 2.33478 2.12888 3.531 1.91619 1.82874 2.5514 2.73534 2.09005 1.77807 1.82304 1.74366 1.48745 1.75664 1.47281 1.46589 1.10472 0.966803 0.915265 0.879639 0.818494 0.62844 0.597992 0.271873
threshold=0.29864899082764068 -0.77677954649073933 0.32555746399778701 -0.14977716931204688 -0.39865645237896291 -0.25853358361795703 0.45518900709380128 0.24579948991644843 -0.15978667916195272 -0.25743880856201978 -0.63262061744987552 1.077362347487046 0.030213638049463431 0.60960824010358483 -0.82789643287573755 0.49758783074060953 0.39629390046322455 -0.071881364116238744 0.67294472507238268 1.1865030532472496 0.35346966335738939 1.0000000180025095e-35 0.45230419033844166 -0.35507159171379682 0.2031350606490428 1.368013700705961 -0.68412237801888909 -0.37787265326149971 -0.32603447780535982 2.0360752690243511 1.571738742648785 0.73172304615458617 1.0000000180025095e-35
decision_type=2 2 2 2 2 2 2 2 2 2 2 2 2 2 2 2 2 2 2 2 2 2 2 2 2 2 2 2 2 2 2 2 2
left_child=1 11 3 4 -3 13 7 26 9 -4 -11 12 20 24 -2 16 17 21 30 -20 23 27 -23 -1 -6 -19 -7 -16 -5 -21 32 -8 -10
right_child=14 2 8 28 5 6 31 -9 18 10 -12 -13 -14 -15 15 -17 -18 25 19 29 -22 22 -24 -25 -26 -27 -28 -29 -30 -31 -32 -33 -34
leaf_value=-0.010054009662432854 0 -0.013609369355787682 -0.016966200876909775 -0.0028478710801764806 -0.007163063234823676 0.012783494666219737 0 0.0031193485352990144 -0.010034517812172973 -0.004566395956323935 0.017073866373494152 -0.0064992052361432899 0.021336534654479024 -0.017554347914848202 0.013201609329622974 0.028343914564536592 -0.0026410975369802834 -0.005184209170698225 0.0024583384445024362 -0.02070667242399098 0.012262177912003064 -0.0024637124164304182 0.016918796574369899 0.00634180825775348 0.0089480143312407213 0.010219357578583974 0.034829010096745605 0.030049093223703697 -0.019439616818987517 -0.0040083481301687266 -0.0062772450532196534 -0.012694326798353065 -0.0221166074322846
leaf_weight=11.192382991313934 10.43538987636566 8.7543107569217664 8.9499255418777484 6.3521801829338065 9.1229252219200188 7.2648195624351448 6.4015636742115003 9.0618529319763166 8.1328454315662366 7.0641578435897827 7.8129672408103925 10.529053807258604 10.516246557235716 6.0217150747776023 12.822073608636847 8.5142543613910657 10.392806500196455 6.6179972887039238 9.7797271013259905 6.1649650335311872 7.3639062345027915 6.9178786873817426 6.8376484215259552 6.3280081748962447 8.1837309002876264 6.7952082455158234 7.0500019788742136 9.3825410306453723 8.0274843871593458 7.0905104279518127 6.662008821964263 5.7965973615646362 27.081581473350525
leaf_count=37 33 31 31 21 29 23 21 29 28 24 25 35 33 20 37 24 32 20 34 22 23 21 20 20 26 20 22 27 27 25 24 20 96
internal_value=0 -0.0043225 -0.0067225 -0.00149977 0.00118983 0.00377199 0.00958391 0.0182814 -0.0113791 -0.00226613 0.00695489 0.00440508 0.00794325 -0.00489284 0.0116837 0.0134354 0.0105717 0.0134667 -0.0145072 -0.00674216 0.00116453 0.0171491 0.00749392 -0.0037836 0.000242333 0.00245999 0.0262939 0.0220246 -0.0134494 -0.0134967 -0.0182593 -0.00682262 -0.0200136
internal_weight=295.421 216.705 170.776 82.0372 67.6575 58.9032 35.5748 23.3767 88.7387 23.8271 14.8771 45.9296 35.4005 23.3284 78.7158 68.2804 59.7662 49.3733 64.9116 23.0352 24.8843 35.9601 13.7555 17.5204 17.3067 13.4132 14.3148 22.2046 14.3797 13.2555 41.8764 12.1982 35.2144
internal_count=960 726 578 269 221 190 115 74 309 80 49 148 113 75 234 201 177 145 229 81 80 105 41 57 55 40 45 64 48 47 148 41 124
is_linear=0
shrinkage=0.03


Tree=39
num_leaves=34
num_cat=0
split_feature=11 0 34 45 46 61 37 38 47 30 38 45 45 46 47 42 18 54 30 37 43 45 28 46 54 54 54 44 42 13 47 14 42
split_gain=18.859 7.84107 4.38304 4.56324 4.2395 4.76194 4.09636 4.42617 3.3242 4.05382 2.94238 2.90475 2.55947 3.03547 2.44789 2.44377 2.42645 2.55104 2.33126 2.30891 2.18936 2.08564 1.86128 2.21132 1.65349 1.83418 2.26701 1.40749 1.09291 0.885829 0.641635 0.155635 0.0599632
threshold=0.483211587638185 -0.57530835583194129 -1.2059111139589891 -1.1470140415332266 -0.91845774696793614 323.00000000000006 -0.2392788436664002 1.0000000180025095e-35 0.150389424368915 1.0000000180025095e-35 -0.3956873844328373 -0.14138032277462573 0.28583162224036313 -0.23961928111480804 -0.3076520425939136 1.0000000180025095e-35 0.4047771619427919 -0.34623320327745472 -0.22439339649410667 -1.0015447964394477 -1.0094687347662135 -0.92630958828968313 -0.21779443903838902 -1.0578320501569076 0.49430120602692335 -0.30590680020082212 -0.5938625310485196 0.33773268680017926 0.75438493087521497 -1.1948465979489324 0.081621818645882957 1.570028152588818 0.1413695720450375
decision_type=2 2 2 2 2 2 2 2 2 2 2 2 2 2 2 2 2 2 2 2 2 2 2 2 2 2 2 2 2 2 2 2 2
left_child=1 12 21 -4 22 6 7 -6 9 15 -2 14 18 -14 -9 -7 20 -18 -1 -11 -8 -3 32 -24 25 26 29 28 -15 31 -22 -12 -5
right_child=10 2 3 4 5 8 16 11 -10 19 24 -13 13 27 -16 -17 17 -19 -20 -21 30 -23 23 -25 -26 -27 -28 -29 -30 -31 -32 -33 -34
leaf_value=0.027236272771535303 0.002217350498146831 0 0.021381876120754952 -0.019377617174298964 -0.014079960049099562 -0.00044830928144163278 0.0026547413849953337 -0.014091802129756156 -0.017406683331353989 0.0031844007770012689 -0.00458562476662841 0.01537925519912417 -0.0051424983875061362 0.0082502892474298727 0.008175053354670999 0.018661254733814893 0.014884381139407874 -0.0052027032887833388 0.0076177212437216662 -0.016438520198721936 0.0088825018033463106 -0.018306440448854964 0.0089527112516058788 -0.011818345662050422 -0.0032390910295567515 -0.02707504225165264 0 0.0017079783789016509 0.025175655660059405 -0.025904889286762944 0.023983853077257967 -0.013845997190298451 -0.0086068254121764824
leaf_weight=14.533039569854738 7.955655336380004 8.1036662757396716 8.9112055003643018 8.0168337523937279 12.696059197187422 11.314550369977953 9.2308634817600232 7.2277991473674756 11.375214427709578 7.2972783148288753 6.9941053092479732 13.980935007333755 11.910079598426817 11.935815125703817 7.3703301250934619 9.9559595584869367 8.1128585636615771 12.110676676034926 12.265868157148359 12.727440804243086 7.3777504563331631 13.667184710502623 8.1081833541393262 7.2955651879310599 9.5188532471656782 16.297480016946793 8.325461298227312 10.045908331871031 7.4788726568222037 8.264140844345091 19.728240251541138 11.507284700870512 8.1230913400650007
leaf_count=39 22 22 24 22 35 31 25 20 31 20 20 38 32 32 20 27 22 33 33 35 20 38 22 20 27 47 24 27 20 24 53 33 22
internal_value=-2.46192e-05 0.00342084 0.000526749 0.00203668 0.000890059 0.00302973 0.00693084 -0.000146573 -0.00409709 0 -0.0139377 0.00623724 0.0121603 0.00684984 -0.00276274 0.00887278 0.0120693 0.00305057 0.0193486 -0.00928533 0.0166102 -0.0117372 -0.0088116 -0.000705745 -0.0161465 -0.0182643 -0.0130662 0.0119061 0.0163951 -0.0171229 0.0207646 -0.0112517 -0.0154897
internal_weight=349.764 280.901 212.732 190.961 182.05 150.506 97.8355 41.2751 52.6704 41.2952 68.863 28.5791 68.1696 41.3707 14.5981 21.2705 56.5604 20.2235 26.7989 20.0247 36.3369 21.7709 31.5437 15.4037 60.9073 51.3885 35.091 29.4606 19.4147 26.7655 27.106 18.5014 16.1399
internal_count=960 763 580 520 496 410 266 113 144 113 197 78 183 111 40 58 153 55 72 55 98 60 86 42 175 148 101 79 52 77 73 53 44
is_linear=0
shrinkage=0.03


Tree=40
num_leaves=35
num_cat=0
split_feature=41 34 39 39 47 55 50 39 24 56 40 36 61 61 15 18 56 26 54 56 55 40 55 40 60 45 50 19 28 31 24 34 15 54
split_gain=3.68479 4.32171 3.62248 4.82472 3.82487 4.48106 4.04371 3.75494 3.41884 4.23717 3.13618 5.39411 3.71532 3.13358 3.00011 2.99032 2.97719 2.77972 2.71238 2.48651 2.14606 2.37812 2.00896 1.88112 1.75703 1.74588 1.52551 1.42566 1.36804 1.36236 1.32736 1.02738 0.804009 0.207122
threshold=-0.54714928890769376 0.28420378038114086 -0.1604977258749081 0.091594479750075175 0.88471894627413372 -0.22635750674811092 0.11799001569334938 0.72182499381253351 -0.46946745708014886 -0.76637282392134953 -1.3409956686036624 -0.94135770065314939 641.50000000000011 354.50000000000006 1.6746051233755408 0.36787504805346499 0.83127736275507946 0.58915084553644326 -0.10299250933880223 0.83127736275507946 -0.13076721041611447 -0.25703072349447326 0.54447099958701528 -1.0000000180025095e-35 469.00000000000006 -0.68412237801888909 -0.20703269611616371 0.55612249431840821 -0.52246862698280394 -0.96288877432229791 -0.77914823499834507 1.2249328803433448 0.40840565232848386 -0.51907750958957311
decision_type=2 2 2 2 2 2 2 2 2 2 2 2 2 2 2 2 2 2 2 2 2 2 2 2 2 2 2 2 2 2 2 2 2 2
left_child=10 8 -3 -4 5 7 17 -5 9 -2 -1 -12 13 20 32 24 26 -7 -17 -16 23 -22 -23 28 -10 -24 33 -20 -13 -14 -15 -19 -6 -11
right_child=1 2 3 4 14 6 -8 -9 15 16 11 12 29 30 19 18 -18 31 27 -21 21 22 25 -25 -26 -27 -28 -29 -30 -31 -32 -33 -34 -35
leaf_value=-0.011942718500786981 -0.017574591008777223 0.017254448206599843 -0.021240109317536598 0.0010580455888239617 -0.0019979582448714783 -0.015271544241987147 0.020227919493814014 0.032929198149091045 -0.020211641598799915 0.02313730382519805 0.026156372089147346 0.011671021497341316 0.025535237190739527 -0.00021428273301270456 0.016724309963697753 0.010925117325399261 -0.0094082517908136362 0.011084498386158931 -0.017768281639066907 -0.0062404210309737708 0.022034320018564056 0.013892284900719535 0.0057630500680743201 -0.016164552960414722 -0.0012807327178859188 -0.01229207000872134 0 2.4800319156444155e-05 -0.0053280993223520662 0.0041451366237546753 -0.018746091682396316 -0.0036218422163171926 -0.017978575294080579 0.008475334263176806
leaf_weight=7.6149500161409369 7.2592453658580771 10.687113106250761 7.344046637415885 5.9509963691234535 5.3108371347189012 10.644651815295228 6.0788686275482169 7.844893291592598 27.474071383476257 6.1973130106925991 9.600223630666731 6.2563052177429208 6.8344022333621979 6.7985305190086365 6.1103774011135084 7.257201328873637 6.2708780765533438 7.0329367816448194 7.3249900043010694 7.8618049621582031 7.4989852607250134 8.6827581524849098 8.4662459790706581 5.6409111320972363 6.2708161026239386 7.5867625176906648 6.550974220037463 6.2669176161289215 7.6164357513189325 6.1130298376083356 7.5557288229465467 6.6340950727462769 11.455529049038885 6.0539489686489096
leaf_count=27 27 37 27 20 20 39 20 25 105 20 31 21 21 23 21 25 22 23 27 27 24 29 28 20 23 26 23 21 27 20 26 22 43 20
internal_value=5.45036e-05 -0.00245449 0.00198318 -0.000202439 0.00215755 0.0077608 0.000845394 0.0210255 -0.00722099 0.000354068 0.00476994 0.00644692 0.00353631 0.000421174 -0.00569731 -0.0117037 0.00646966 -0.00466241 -0.00218974 0.00406256 0.00398153 0.00864062 0.00332381 -0.00349672 -0.0170682 -0.00274934 0.0123646 -0.00997967 0.0023386 0.0173303 -0.0111981 0.00389812 -0.0138248 0.0180432
internal_weight=276.148 179.883 92.9562 82.269 74.925 44.1864 30.3906 13.7959 86.9264 32.3324 96.2653 88.6503 79.0501 66.1027 30.7385 54.594 25.0731 24.3117 20.8491 13.9722 51.7484 32.2348 24.7358 19.5137 33.7449 16.053 18.8022 13.5919 13.8727 12.9474 14.3543 13.667 16.7664 12.2513
internal_count=960 637 324 287 260 149 104 45 313 112 323 296 265 224 111 201 85 84 73 48 175 107 83 68 128 54 63 48 48 41 49 45 63 40
is_linear=0
shrinkage=0.03


Tree=41
num_leaves=31
num_cat=0
split_feature=11 23 42 32 38 27 60 30 40 25 47 23 54 54 52 25 1 54 49 1 39 1 46 40 36 40 29 46 55 34
split_gain=15.8221 5.71311 5.23227 4.16078 2.92272 4.00261 3.53389 2.17326 2.13477 4.15635 2.51719 1.98718 2.17199 3.59287 3.18744 2.67473 2.40171 1.93319 1.86221 2.0405 1.58627 1.56781 3.64854 1.34448 4.03881 2.21327 1.24386 1.03984 0.876439 0.248757
threshold=0.29864899082764068 1.0000000180025095e-35 0.75438493087521497 -0.31473467859056659 -0.97977262706970769 -1.0000000180025095e-35 354.50000000000006 0.44711877397502892 -0.84417840209528405 -0.38258647325442136 -0.43267083225449315 -1.6107099174185253 0.39629390046322455 -0.10299250933880223 1.0000000180025095e-35 -0.58493882816750631 -0.47704829916618868 -0.5938625310485196 0.11234032500413522 -0.23326141451748952 -0.43550740473852634 -0.3603052839823046 1.3948966001771599 -0.25703072349447326 1.0000000180025095e-35 0.1019662451522895 0.44374764513810622 -0.15571257578371611 0.77101516954162441 0.28420378038114086
decision_type=2 2 2 2 2 2 2 2 2 2 2 2 2 2 2 2 2 2 2 2 2 2 2 2 2 2 2 2 2 2
left_child=1 2 3 4 -1 6 -6 -7 9 26 -10 -2 13 14 21 -14 -16 20 23 -20 -5 -13 -23 -12 25 -25 -3 -19 -9 -26
right_child=11 8 -4 17 5 7 -8 28 10 -11 18 12 15 -15 16 -17 -18 27 19 -21 -22 22 -24 24 29 -27 -28 -29 -30 -31
leaf_value=-0.0092965470003046977 -0.0026430215856415532 -0.016381576404706718 0.020012345695208409 -0.0094320356697813468 0.025187770155346189 -0.010189722017183196 0 0.013556552704234509 0.002294897030503883 0.014889210579445172 -0.021179807366324237 0.023233389410187842 -0.0095925815607764541 0.028121586124391383 -0.012807930695738632 0.012784769825069722 0.0098949883993558734 -0.021171186534885023 0.0036767159382584129 -0.014701156220096948 0.0086250943246052869 -0.007017054591720375 0.020440945687976456 0.0092011362623434182 -0.0087744897953826867 -0.0097557917289729026 -0.00028300791011975267 -0.0049010737268130105 -0.00044546866936995109 -0.023087290268576605
leaf_weight=10.796100109815596 7.1049939692020407 8.5382699817419105 10.108510822057722 7.6987825632095337 12.788422226905821 11.231406390666967 7.4378951489925376 6.3819689750671369 10.45074489712715 8.3401916325092298 23.527564749121666 13.012369692325588 7.2810376882553127 14.640300273895262 6.8558681607246399 8.9244586825370771 6.8137568533420545 11.01455783843994 11.877522051334383 7.4621464610099784 6.7657359540462476 7.0509689152240789 7.3219500184059143 9.2092423141002673 5.8517748862504986 9.9276041686534864 9.0564708113670331 8.1127534210681933 6.4382986724376678 12.942292779684065
leaf_count=36 22 30 31 26 39 37 24 20 34 27 85 38 23 42 21 26 20 38 39 27 22 21 21 31 20 35 31 26 20 48
internal_value=-1.63575e-06 -0.00422801 0.0010333 -0.00136082 0.00362059 0.0071026 0.0164573 -0.00103373 -0.00867034 -0.000762443 -0.0108046 0.0113399 0.0128292 0.0156068 0.010169 0.00243097 -0.00123647 -0.00950453 -0.0125828 -0.00367417 -0.000593221 0.0158384 0.00720261 -0.0151365 -0.0105727 -0.000336686 -0.00908262 -0.0154194 0.00679569 -0.0199044
internal_weight=294.964 215.958 98.7744 88.6659 55.0741 44.278 20.2263 24.0517 117.184 25.9349 91.2489 79.0057 71.9007 55.6952 41.0549 16.2055 13.6696 33.5918 80.7981 19.3397 14.4645 27.3853 14.3729 61.4585 37.9309 19.1368 17.5947 19.1273 12.8203 18.7941
internal_count=960 726 319 288 176 140 63 77 407 88 319 234 212 163 121 49 41 112 285 66 48 80 42 219 134 66 61 64 40 68
is_linear=0
shrinkage=0.03


Tree=42
num_leaves=28
num_cat=0
split_feature=11 3 14 38 21 39 45 55 45 42 42 32 26 44 52 20 55 35 16 40 29 42 36 42 33 47 32
split_gain=17.9413 7.60819 3.54375 2.86609 2.78037 3.30099 3.96754 4.58303 5.98245 2.52397 2.31621 3.6796 4.11842 3.08711 2.20823 3.13477 2.1588 3.42336 2.01113 1.77793 1.4345 1.41704 1.07655 1.61934 0.920099 0.843112 2.12549
threshold=0.483211587638185 -0.39865645237896291 -0.087142147051687727 -0.3956873844328373 -1.8283108627176934 -1.4489689990692673 -1.1384294613887176 -0.86929758831937354 0.017084890487210295 1.0000000180025095e-35 1.163061836762 -0.55166207714549276 1.4335961148238028 0.33773268680017926 -0.79958207627445477 0.48172028668201561 1.2599604396006148 0.54760847405856039 0.47475349411092876 -1.2478424311333416 1.0000000180025095e-35 -0.26730733384174737 0.21909116633091094 -0.93140730590777288 0.17352244665004071 -1.5053521373630685 -0.31473467859056659
decision_type=2 2 2 2 2 2 2 2 2 2 2 2 2 2 2 2 2 2 2 2 2 2 2 2 2 2 2
left_child=1 10 18 -2 9 -6 -7 8 24 -4 11 -1 19 -12 15 -9 17 -16 -3 -13 -20 -21 -5 -24 -8 -25 -27
right_child=3 2 4 22 5 6 7 14 -10 -11 13 12 -14 -15 16 -17 -18 -19 20 21 -22 -23 23 25 -26 26 -28
leaf_value=-0.00052474991306010325 0.0022884646294304071 -0.017413104386661271 0.0015693897924840717 -0.022578543895162562 -0.011513589897145989 0.022632259906620825 -0.022668753170418766 -0.017053023811475252 0.010554321260522892 -0.0210834470436468 0.010662443537785504 0.0065288987755209964 -0.0018951391896394291 -0.010671440887108108 0.0050156977496587617 0.0079574095722464537 -0.0050027142893810947 0.019271599878614969 -0.0097500307428022171 0.0081506712303064562 0.0064790335022255324 0.026597644551003885 -0.021001924185937906 0 -0.0060307741337263842 -0.020600161051158219 -0.0010599069416233409
leaf_weight=13.015537619590758 7.9464960992336264 13.243254184722902 7.7047080099582654 18.517093449831009 11.250214219093321 8.5683977007865888 10.899876803159719 7.2002783715724927 9.2655826508998853 7.206866055727005 13.086235553026201 9.6579909920692426 8.1975046992301923 8.8935762941837293 55.00631320476532 7.7019312679767609 9.1378555893897992 21.488526195287704 8.2818127274513262 7.4326429963111798 8.091738432645796 27.869100779294975 12.381552994251249 9.3953595757484418 7.3769512474536887 8.6585865616798401 11.606896758079532
leaf_count=35 22 37 21 54 31 23 30 20 25 20 35 26 22 24 150 21 25 58 23 20 22 75 36 27 20 25 33
internal_value=-2.96774e-05 0.00332709 -4.77683e-06 -0.0136402 0.00172255 0.00302654 0.00437909 0.00286379 -0.0076096 -0.00993963 0.0105454 0.0133113 0.0167302 0.00164441 0.00586156 -0.00421544 0.00772645 0.00939093 -0.00931823 0.0202069 -0.00152336 0.0233673 -0.0158319 -0.0120471 -0.0172234 -0.00728544 -0.0105286
internal_weight=349.083 280.577 192.424 68.506 162.808 147.896 136.646 128.077 27.5424 14.9116 88.1526 66.1728 53.1572 21.9798 100.535 14.9022 85.6327 76.4948 29.6168 44.9597 16.3736 35.3017 60.5595 42.0424 18.2768 29.6608 20.2655
internal_count=960 763 526 197 444 403 372 349 75 41 237 178 143 59 274 41 233 208 82 121 45 95 175 121 50 85 58
is_linear=0
shrinkage=0.03


Tree=43
num_leaves=26
num_cat=0
split_feature=48 48 15 33 34 26 51 18 19 18 5 29 37 19 46 40 55 40 37 52 50 50 19 2 29
split_gain=3.68635 4.58016 4.04856 3.5551 2.99248 3.29607 3.31374 3.91316 3.49212 3.77641 4.71783 3.41277 3.31381 4.06545 3.31185 2.81503 5.34921 3.79415 2.28512 2.18596 1.63809 1.68018 1.09817 0.75939 0.632137
threshold=0.96097926097686159 0.83817442697026479 1.6746051233755408 -0.84206634649411083 -1.6800385803399398 1.4335961148238028 -0.23309400292332258 0.70086494175066516 0.55612249431840821 -0.37335912348391642 -0.59796700148048842 -1.1743749403237225 -0.67815924071754863 1.0234114173343061 -0.066374644670966418 0.27366044754856733 0.2484858219501086 -0.61647048827894391 -0.67815924071754863 -0.79958207627445477 0.76803543931237572 -0.69456676383043325 -0.96256650548325973 1.0000000180025095e-35 0.44374764513810622
decision_type=2 2 2 2 2 2 2 2 2 2 2 2 2 2 2 2 2 2 2 2 2 2 2 2 2
left_child=1 4 23 -4 19 6 7 14 11 -10 -11 -8 -12 -14 18 16 17 -13 -6 -1 21 -17 -20 -2 -16
right_child=2 -3 3 -5 5 -7 8 -9 9 10 12 15 13 -15 24 20 -18 -19 22 -21 -22 -23 -24 -25 -26
leaf_value=0.024330610577554142 -0.0048449856025876824 0.022678472034791695 0.017204754467571956 -0.008456787919702724 0.0094407825949825337 0.015242670566812409 0.012417262575746782 0.012616104019723238 -0.0096119034346917806 0.028212456182307444 -0.0090543877269424061 -0.01302063741864936 0.02536423321052985 0 -0.02123336257377275 0 0.019148886571940232 0.0033925507388415997 0 0 0.0027245436436712533 -0.017156706132444809 -0.016880503665410867 -0.018765029499244208 -0.0064740472798668616
leaf_weight=6.552113801240921 7.5601992309093502 7.4134245812892905 7.3453068733215359 9.1103860437870008 8.312699571251871 10.275644510984419 11.391431435942648 6.015352025628089 8.0070212930440885 9.6906829178333229 9.1398293673992139 21.600245520472519 8.6939194202423185 13.89352050423622 17.360574260354046 6.6148264110088375 9.3935168683528882 26.154962673783309 6.7747746706008911 6.2839679121971113 5.683979243040084 22.142547234892845 6.3122807443141919 17.476493656635284 6.5827151536941519
leaf_count=21 28 24 25 32 28 33 39 20 28 31 31 78 29 47 62 23 31 92 24 21 20 80 23 67 23
internal_value=6.59499e-05 0.00155997 -0.0079907 0.00314394 0.000699211 -0.000160732 -0.00107245 -0.00756204 0.00112783 0.00758498 0.0112691 -0.00197819 0.00487338 0.0109711 -0.0106853 -0.0040043 2.79573e-05 -0.00407996 -0.0015603 0.0139737 -0.0105839 -0.0134173 -0.0092116 -0.0152992 -0.0180323
internal_weight=275.782 234.29 41.4924 16.4557 226.877 214.041 203.765 51.3584 152.406 49.425 41.418 102.982 31.7273 22.5874 45.343 91.5901 57.1487 47.7552 21.3998 12.8361 34.4414 28.7574 13.0871 25.0367 23.9433
internal_count=960 808 152 57 784 742 709 180 529 166 138 363 107 76 160 324 201 170 75 42 123 103 47 95 85
is_linear=0
shrinkage=0.03


Tree=44
num_leaves=33
num_cat=0
split_feature=11 23 56 41 47 45 13 29 29 27 19 45 40 19 32 23 54 54 54 12 54 39 39 27 49 55 19 18 46 19 57 59
split_gain=14.9196 5.52409 4.274 3.47615 3.0499 3.68464 4.41685 4.03477 3.31705 2.84348 2.46456 2.41119 2.92395 3.49913 1.90708 1.89684 2.04171 3.33588 3.09868 3.09586 1.86363 1.71485 1.68132 1.52699 1.76264 2.4847 1.48518 1.45333 1.35931 1.98226 0.546937 0.178085
threshold=0.29864899082764068 1.0000000180025095e-35 0.83127736275507946 0.73172304615458617 0.47939055473514619 -0.9565934860508658 -0.10070746421966752 0.44374764513810622 -0.52712590613899113 0.5007392681293662 0.088833571302510281 -0.8985797846814767 -0.84417840209528405 -0.72892204397531091 -0.55166207714549276 -1.6107099174185253 0.39629390046322455 -0.10299250933880223 -1.1371594422084874 -0.44392297579998791 -0.72168513079967866 0.091594479750075175 -0.33629886927127811 -0.432828682809347 0.11234032500413522 0.54447099958701528 1.0234114173343061 -0.70516288127653837 -0.13873351901161468 0.32247803281045923 -0.53620295222152559 0.79542987590220937
decision_type=2 2 2 2 2 2 2 2 2 2 2 2 2 2 2 2 2 2 2 2 2 2 2 2 2 2 2 2 2 2 2 2
left_child=1 2 3 4 5 9 -7 8 -8 30 -4 -3 13 -13 -14 -2 17 18 -17 -20 -9 -18 -21 31 26 -26 28 -15 -25 -30 -1 -16
right_child=15 11 10 -5 -6 6 7 20 -10 -11 -12 12 14 27 23 16 21 -19 19 22 -22 -23 -24 24 25 -27 -28 -29 29 -31 -32 -33
leaf_value=-0.020802635099652557 -0.0026650356895136069 0.004346733182209836 -0.022002864655722501 0.021282935058758109 -0.011735091002048276 -0.0067897231659630585 0.0080872398138767173 0.010562273431558241 0.034154210640121786 0.0084062678528566831 -0.00020550487117099435 0.015724031157443714 0.00037953057821906642 0.0010550141481418061 -0.023815259599667012 0.023279229574303964 -0.0081089614719554916 0.027115680651032554 -0.0079926502338605373 0.01698740444567003 -0.009866684683062581 0.0099594718180963659 0 -0.022080523145493983 0.011568049159906895 -0.012681421876071439 0 -0.014755930636160441 0.0023490515897766281 -0.017655892297347892 -0.00482589451903454 -0.01053230828162219
leaf_weight=5.8186623752117166 7.10578629374504 10.444620102643965 8.3945302069187182 7.9620444774627677 10.949327200651167 10.474299043416975 10.542468458414072 7.0006243884563446 9.6461297571659141 5.9721330404281607 9.9709186851978284 6.6920641660690334 8.215974807739256 8.278457254171375 15.877891078591349 10.120029985904688 6.4736289083957699 14.786185026168821 10.259356886148451 13.011634737253187 6.0486750304698926 9.7464818060398084 7.8070050776004889 16.476774424314495 6.2520570456981641 5.9546820670366287 6.8323336541652671 9.6499414592981303 7.6700889468193107 7.1216775923967361 5.8870205879211435 7.0461383312940589
leaf_count=20 22 33 30 24 37 34 32 22 28 19 33 21 27 29 58 29 20 42 31 38 20 29 23 61 21 21 24 34 26 26 20 26
internal_value=-6.35949e-06 -0.00412934 0.00104044 0.00411097 0.00174573 0.00446807 0.00911438 0.0143757 0.0223195 -0.00652231 -0.0113798 -0.0085157 -0.00988101 -0.000512973 -0.01258 0.0109746 0.0124253 0.0151075 0.00985603 0.00443022 0.000639586 0.00233357 0.0109467 -0.0140927 -0.0103711 0 -0.0134452 -0.00762859 -0.0161014 -0.00765309 -0.0146828 -0.0208757
internal_weight=294.49 215.18 98.6668 80.3014 72.3393 61.39 43.7122 33.2379 20.1886 17.6778 18.3654 116.513 106.068 24.6205 81.4476 79.3101 72.2043 55.9842 41.198 31.078 13.0493 16.2201 20.8186 73.2316 50.3076 12.2067 38.1009 17.9284 31.2685 14.7918 11.7057 22.924
internal_count=960 726 319 256 232 195 136 102 60 59 63 407 374 84 290 234 212 163 121 92 42 49 61 263 179 42 137 63 113 52 40 84
is_linear=0
shrinkage=0.03


Tree=45
num_leaves=33
num_cat=0
split_feature=11 3 5 34 45 46 61 47 45 38 55 35 49 34 37 20 32 52 15 37 27 54 27 44 39 54 54 47 54 32 37 45
split_gain=17.0035 7.21384 3.42456 3.82678 3.6546 4.6955 3.45181 3.09179 2.89865 2.77808 2.35952 2.78805 2.31931 2.79688 2.2936 2.66566 3.21825 2.77761 2.14423 2.63865 2.06415 1.87283 1.81683 1.71883 1.64156 1.55558 1.81792 2.20859 2.47945 1.18976 1.13609 0.328657
threshold=0.483211587638185 -0.39865645237896291 -0.23333020837065691 -1.2059111139589891 -1.1470140415332266 -0.91845774696793614 386.50000000000006 0.081621818645882957 -0.20624343315999941 -0.3956873844328373 -1.1522207338960382 -0.2536352591031244 -0.3771303800063171 -0.18992368599980966 -0.79365408204679833 1.0388907387479613 0.49758783074060953 0.40449446211531248 -0.1731696660004253 0.24579948991644843 -0.74401799978891792 1.1005522109062624 -0.74401799978891792 -0.31855304026274861 0.84787109662502502 0.49430120602692335 -0.30590680020082212 -1.2714606848258663 -0.93675365687670942 -0.55166207714549276 -0.79365408204679833 1.5970716873389386
decision_type=2 2 2 2 2 2 2 2 2 2 2 2 2 2 2 2 2 2 2 2 2 2 2 2 2 2 2 2 2 2 2 2
left_child=1 14 3 23 -5 10 8 -4 18 -2 -6 -12 -8 -14 -1 16 29 -17 -7 -20 -10 24 -9 -3 -18 26 27 28 -11 -16 -22 -23
right_child=9 2 7 4 5 6 12 22 20 25 11 -13 13 -15 15 17 21 -19 19 -21 30 31 -24 -25 -26 -27 -28 -29 -30 -31 -32 -33
leaf_value=-0.0032145894121633888 0.0023288267151019598 0 -0.019885149492779416 0.020604058342346604 -0.019063072716167691 -0.010729400824966897 -0.014927176890252325 0.00950223640157314 0.00082663696847113158 -0.01242815583687145 0.0082788205854128494 -0.012161942442511826 0.013779013610728587 -0.0072537106418444986 0.0096396162190464721 -0.011340225223733484 0.0090868602734889836 0.011230024170505178 -0.00035228969994520671 0.016950738908454627 0.028157412314715424 0.0062380638469974126 -0.0079293405014094036 -0.018191651196155924 -0.0085691862290445953 -0.002980670927305923 -0.026366267162871482 -0.020604623226744185 0.0080162289369171084 0.025643457858796414 0.01210182090672484 0.018942713988300094
leaf_weight=8.9023014307022077 7.9408952593803397 7.3585993349552181 12.064800441265108 8.915563225746153 9.830390930175783 7.2243821322917894 9.046427398920061 7.3760525882244137 8.8689214885234815 12.403042614459988 10.710893958806993 10.173676282167433 8.8463942110538518 10.92972773313522 10.082490295171736 7.4380396604537991 7.4387725591659608 9.2910634577274305 20.504844039678581 10.750544279813765 8.1514245271682757 7.44635161757469 11.965966612100599 9.9806590378284437 8.5682140886783582 9.478675425052641 16.011951804161072 15.267797559499742 7.0211431086063394 21.414209067821506 19.49793928861618 7.4645196795463562
leaf_count=24 22 20 34 24 27 20 25 20 24 36 29 28 24 30 27 20 20 25 56 29 22 20 33 28 23 27 47 45 20 58 53 20
internal_value=-4.27564e-05 0.00322094 -2.43972e-05 0.00173421 0.00340419 0.00200564 0.0050865 -0.00887877 0.00845433 -0.0133351 -0.00797377 -0.00155834 -0.00346366 0.00218092 0.010254 0.011875 0.014673 0.000758376 0.0023586 0.00591975 0.0143732 0.00698903 -0.000788498 -0.0109343 0 -0.0155056 -0.0175791 -0.012433 -0.0047066 0.0213734 0.0182465 0.0141138
internal_weight=348.367 280.243 192.197 160.79 143.451 134.536 103.821 31.4068 74.9981 68.1235 30.715 20.8846 28.8225 19.7761 88.046 79.1437 62.4146 16.7291 38.4798 31.2554 36.5183 30.9179 19.342 17.3393 16.007 60.1826 50.7039 34.692 19.4242 31.4967 27.6494 14.9109
internal_count=960 763 526 439 391 367 283 87 204 197 84 57 79 54 237 213 168 45 105 85 99 83 53 48 43 175 148 101 56 85 75 40
is_linear=0
shrinkage=0.03


Tree=46
num_leaves=32
num_cat=0
split_feature=48 48 15 41 26 54 33 44 33 12 54 52 56 40 53 36 40 41 30 29 46 25 33 20 49 39 46 39 19 53 26
split_gain=3.541 4.39132 3.93286 3.68967 5.26998 3.59919 4.00935 4.52514 3.4126 3.16259 2.79669 2.78704 2.28377 2.54011 2.61272 2.31247 4.26083 2.90234 2.29089 2.26284 3.08649 3.21566 2.69527 2.16464 4.07649 1.18833 1.15199 1.06905 0.995414 0.772643 0.454664
threshold=0.96097926097686159 0.83817442697026479 1.6746051233755408 -0.54714928890769376 0.80026216285828311 0.058321051683928572 0.17352244665004071 0.77525650484213127 -0.84206634649411083 -0.94741921640100812 0.5663401582277916 0.40449446211531248 -0.76637282392134953 -0.34736113558690573 0.79102900699896839 -0.16772512266377598 0.39786476417566202 0.43940936956892207 -0.22439339649410667 0.44374764513810622 1.6254691240923747 1.6814075468590459 0.73935048854463958 1.0388907387479613 -0.21397347833616634 0.45518900709380128 -0.38373682080881455 -0.1604977258749081 -0.14481089020543861 -1.011315565910073 0.16692821089276361
decision_type=2 2 2 2 2 2 2 2 2 2 2 2 2 2 2 2 2 2 2 2 2 2 2 2 2 2 2 2 2 2 2
left_child=1 3 29 5 9 6 7 26 -4 27 -6 -12 25 18 15 17 -17 -15 -14 20 21 23 -21 24 -8 -11 -1 -5 -13 -2 -31
right_child=2 -3 8 4 10 -7 19 -9 -10 12 11 28 13 14 -16 16 -18 -19 -20 22 -22 -23 -24 -25 -26 -27 -28 -29 -30 30 -32
leaf_value=-0.0026302835294467865 -0.0028762946167469636 0.022151825040635648 0.016807688930066119 0.01554840426016442 -0.0076980049437961866 0.02062638752699035 -0.0089871450275805526 0.012704171393466289 -0.0083133887303703108 -0.018223618423822786 0.025253116393234642 -0.0046445663080837965 -0.019084848389429684 -0.019996074558409176 -0.014712509732478894 0.022324133039652222 -0.001117314965648903 0.0058734780266551509 0.00040106962565322936 0.011443869199662893 -0.0062745607138730026 0.03143385869144396 -0.011675630855988172 0.021472296317841349 0.016695336089142317 -0.0029887695491025508 -0.01874302386941426 -0.00047684571204699937 0.010553432026520496 -0.0058257197045273853 -0.020903795874490944
leaf_weight=7.7559216618537965 5.574502661824229 7.4743090569972983 7.4015055894851711 6.1574195772409439 5.6025044918060329 10.657483994960783 10.695734620094298 6.7246736884117118 9.0627034455537778 19.897102802991871 9.1445703506469744 5.8410231322050121 13.527890831232073 5.8655613064765877 7.4330415874719611 9.9281385391950661 16.439865499734879 6.7041520029306412 7.484443560242652 6.2656786739826194 6.2931056618690482 7.0302609503269187 9.2344208657741529 6.9716735780239096 8.6187987923622185 8.0266782194375974 12.279308915138243 5.8209741711616498 6.2904340326785997 5.1117663681507137 14.093370139598845
leaf_count=27 21 24 25 20 20 33 36 22 32 76 29 20 51 22 27 33 58 23 27 21 21 22 32 22 28 29 45 20 20 19 55
internal_value=8.37887e-05 0.00154553 -0.00783798 0.000698669 -0.00244154 0.00528208 0.00287747 -0.00630306 0.00310628 -0.00545553 0.00902983 0.013915 -0.00732439 -0.0040452 0 0.00321441 0.00822014 -0.00661672 -0.0123133 0.00749019 0.0112013 0.0148027 -0.00179186 0.00868194 0.00256224 -0.0144239 -0.0134018 0.00812928 0.00308991 -0.0151002 -0.0178931
internal_weight=275.409 234.165 41.2438 226.691 134.164 92.5271 81.8696 26.7599 16.4642 107.285 26.8785 21.276 95.3069 67.3831 46.3708 38.9377 26.368 12.5697 21.0123 55.1097 39.6096 33.3165 15.5001 26.2862 19.3145 27.9238 20.0352 11.9784 12.1315 24.7796 19.2051
internal_count=960 808 152 784 475 309 276 94 57 386 89 69 346 241 163 136 91 45 78 182 129 108 53 86 64 105 72 40 40 95 74
is_linear=0
shrinkage=0.03


Tree=47
num_leaves=31
num_cat=0
split_feature=47 30 33 26 42 7 45 32 29 24 25 26 38 57 50 38 47 59 19 48 57 47 57 44 2 46 55 55 44 32
split_gain=14.1695 4.82063 5.2673 4.40779 5.8302 3.81456 3.64852 3.32076 3.53265 3.31692 2.88565 2.83948 2.70871 2.8566 2.63499 2.91605 2.61872 2.55325 2.24754 2.27196 1.97879 1.93584 1.77133 2.21681 1.39487 1.34359 1.22967 0.878441 0.193204 0.161648
threshold=-0.37526240372444614 0.44711877397502892 -0.086016911597909348 0.16692821089276361 0.75438493087521497 1.0000000180025095e-35 -0.80577276297187106 -0.31473467859056659 1.0909966793228378 -0.77914823499834507 -0.58493882816750631 -0.1497387650899959 1.3565683434777742 -0.53620295222152559 0.93054679521713213 0.25329621849701883 -0.23872658474992067 0.28601514550453028 1.1402336480882806 0.24394540711106813 -1.0000000180025095e-35 -0.073907604459184789 -0.53620295222152559 -1.0000000180025095e-35 -0.43949771491378514 0.32156335037580336 1.2265786750385101 1.7433182246052692 -0.75607685830470028 -0.17934759370203732
decision_type=2 2 2 2 2 2 2 2 2 2 2 2 2 2 2 2 2 2 2 2 2 2 2 2 2 2 2 2 2 2
left_child=1 2 11 4 5 7 -5 8 16 -4 26 -1 13 -12 15 18 -2 21 19 -8 -15 -9 -18 -24 -11 28 -3 -14 -21 -7
right_child=3 10 9 6 -6 29 14 17 -10 24 12 -13 27 20 -16 -17 22 -19 -20 25 -22 -23 23 -25 -26 -27 -28 -29 -30 -31
leaf_value=1.8064497719462723e-05 -0.0055125783368756799 0.010641382921584288 0.0081371042746160166 0.0091960925698113243 0.020475768160405725 -0.021475170059481154 9.3417442480578968e-05 -0.01009232251767388 -0.0099144886034444168 -0.002847766141802606 -0.0025322601814665013 0.024472802184633578 0.036094958489238535 0.02686279036140855 0.0020727443162833091 -0.023108141499745227 0.0033012712410481 -0.016440121078202627 0.002545146049474535 -0.010839528407231375 0.0035817867804834166 0.0085266958114114579 0.028142873686415378 0.0041284164415250077 -0.018824430251648754 -0.00097815661108769086 -0.005588400266020168 0.014307246150833579 -0.020880331830938448 -0.0077011313025421215
leaf_weight=7.8141289353370693 6.9443820118904034 6.6946612298488599 9.7436226606369036 7.3236006200313559 9.3524143695831281 6.865867406129837 10.275427624583243 7.4508208036422774 9.3753757178783399 11.07423120737076 8.0934420228004438 9.4774320125579816 8.772799879312517 8.4666504859924299 10.81702661514282 19.176613435149193 11.677923709154124 13.693561732769011 10.820704966783522 12.45310771465301 6.6810713708400753 9.9247087836265564 9.4767235517501796 6.8782291412353702 10.633145093917845 6.1104673147201529 6.8062857985496521 7.2317029237747184 18.224765270948417 5.6234687566757184
leaf_count=24 22 20 30 23 29 24 34 24 31 33 25 28 25 25 37 69 37 47 38 44 20 32 29 22 36 22 21 21 68 20
internal_value=-7.59085e-06 0.00896548 0.00191271 -0.00480287 -0.000226542 -0.00280262 -0.00934023 -5.289e-05 0.00507354 -0.00524165 0.0151392 0.0146245 0.0191545 0.0110238 -0.0110806 -0.0130076 0.00949794 -0.00745196 -0.00906114 -0.0118493 0.0182028 5.72406e-05 0.0135107 0.0195747 -0.0116432 -0.0152148 0.00231877 0.0286625 -0.0176862 -0.0171929
internal_weight=293.954 101.489 48.7426 192.465 97.2635 87.9111 95.2017 75.4217 44.3526 31.451 52.7466 17.2916 39.2457 23.2412 87.8781 77.0611 34.9773 31.0691 57.8845 47.0638 15.1477 17.3755 28.0329 16.355 21.7074 36.7883 13.5009 16.0045 30.6779 12.4893
internal_count=960 308 151 652 317 288 335 244 141 99 157 52 116 70 312 275 110 103 206 168 45 56 88 51 69 134 41 46 112 44
is_linear=0
shrinkage=0.03


end of trees

feature_importances:
Column_45=89
Column_47=84
Column_54=71
Column_55=59
Column_32=58
Column_46=55
Column_40=52
Column_12=37
Column_23=37
Column_19=35
Column_34=35
Column_41=33
Column_42=33
Column_37=32
Column_20=31
Column_27=31
Column_38=31
Column_56=31
Column_39=30
Column_43=30
Column_24=29
Column_29=29
Column_33=28
Column_44=28
Column_52=28
Column_25=25
Column_26=25
Column_30=25
Column_61=24
Column_50=23
Column_58=23
Column_0=22
Column_16=22
Column_36=21
Column_18=20
Column_28=18
Column_48=17
Column_60=17
Column_3=16
Column_35=16
Column_49=16
Column_1=15
Column_11=14
Column_14=14
Column_13=11
Column_21=11
Column_5=10
Column_2=9
Column_6=9
Column_31=9
Column_57=8
Column_4=6
Column_15=6
Column_53=6
Column_51=5
Column_59=4
Column_7=3
Column_9=3
Column_10=2
Column_17=2
Column_22=2
Column_62=2
Column_8=1

parameters:
[boosting: gbdt]
[objective: multiclass]
[metric: multi_logloss]
[tree_learner: serial]
[device_type: cpu]
[data_sample_strategy: bagging]
[data: ]
[valid: ]
[num_iterations: 1800]
[learning_rate: 0.03]
[num_leaves: 96]
[num_threads: 2]
[seed: 42]
[deterministic: 0]
[force_col_wise: 1]
[force_row_wise: 0]
[histogram_pool_size: -1]
[max_depth: 10]
[min_data_in_leaf: 20]
[min_sum_hessian_in_leaf: 0.001]
[bagging_fraction: 0.85]
[pos_bagging_fraction: 1]
[neg_bagging_fraction: 1]
[bagging_freq: 0]
[bagging_seed: 400]
[bagging_by_query: 0]
[feature_fraction: 0.8]
[feature_fraction_bynode: 1]
[feature_fraction_seed: 30056]
[extra_trees: 0]
[extra_seed: 12879]
[early_stopping_round: 0]
[early_stopping_min_delta: 0]
[first_metric_only: 0]
[max_delta_step: 0]
[lambda_l1: 0.2]
[lambda_l2: 1.5]
[linear_lambda: 0]
[min_gain_to_split: 0]
[drop_rate: 0.1]
[max_drop: 50]
[skip_drop: 0.5]
[xgboost_dart_mode: 0]
[uniform_drop: 0]
[drop_seed: 17869]
[top_rate: 0.2]
[other_rate: 0.1]
[min_data_per_group: 100]
[max_cat_threshold: 32]
[cat_l2: 10]
[cat_smooth: 10]
[max_cat_to_onehot: 4]
[top_k: 20]
[monotone_constraints: ]
[monotone_constraints_method: basic]
[monotone_penalty: 0]
[feature_contri: ]
[forcedsplits_filename: ]
[refit_decay_rate: 0.9]
[cegb_tradeoff: 1]
[cegb_penalty_split: 0]
[cegb_penalty_feature_lazy: ]
[cegb_penalty_feature_coupled: ]
[path_smooth: 0]
[interaction_constraints: ]
[verbosity: -1]
[saved_feature_importance_type: 0]
[use_quantized_grad: 0]
[num_grad_quant_bins: 4]
[quant_train_renew_leaf: 0]
[stochastic_rounding: 1]
[linear_tree: 0]
[max_bin: 255]
[max_bin_by_feature: ]
[min_data_in_bin: 3]
[bin_construct_sample_cnt: 200000]
[data_random_seed: 175]
[is_enable_sparse: 1]
[enable_bundle: 1]
[use_missing: 1]
[zero_as_missing: 0]
[feature_pre_filter: 1]
[pre_partition: 0]
[two_round: 0]
[header: 0]
[label_column: ]
[weight_column: ]
[group_column: ]
[ignore_column: ]
[categorical_feature: ]
[forcedbins_filename: ]
[precise_float_parser: 0]
[parser_config_file: ]
[objective_seed: 16083]
[num_class: 3]
[is_unbalance: 0]
[scale_pos_weight: 1]
[sigmoid: 1]
[boost_from_average: 1]
[reg_sqrt: 0]
[alpha: 0.9]
[fair_c: 1]
[poisson_max_delta_step: 0.7]
[tweedie_variance_power: 1.5]
[lambdarank_truncation_level: 30]
[lambdarank_norm: 1]
[label_gain: ]
[lambdarank_position_bias_regularization: 0]
[eval_at: ]
[multi_error_top_k: 1]
[auc_mu_weights: ]
[num_machines: 1]
[local_listen_port: 12400]
[time_out: 120]
[machine_list_filename: ]
[machines: ]
[gpu_platform_id: -1]
[gpu_device_id: -1]
[gpu_device_id_list: ]
[gpu_use_dp: 0]
[num_gpu: 1]

end of parameters

pandas_categorical:null
