tree
version=v4
num_class=1
num_tree_per_iteration=1
label_index=0
max_feature_idx=62
objective=binary sigmoid:1
feature_names=Column_0 Column_1 Column_2 Column_3 Column_4 Column_5 Column_6 Column_7 Column_8 Column_9 Column_10 Column_11 Column_12 Column_13 Column_14 Column_15 Column_16 Column_17 Column_18 Column_19 Column_20 Column_21 Column_22 Column_23 Column_24 Column_25 Column_26 Column_27 Column_28 Column_29 Column_30 Column_31 Column_32 Column_33 Column_34 Column_35 Column_36 Column_37 Column_38 Column_39 Column_40 Column_41 Column_42 Column_43 Column_44 Column_45 Column_46 Column_47 Column_48 Column_49 Column_50 Column_51 Column_52 Column_53 Column_54 Column_55 Column_56 Column_57 Column_58 Column_59 Column_60 Column_61 Column_62
feature_infos=[-1.4736029791844318:8.443555318538996] [-1.5439311334156995:8.0053629773086534] [-1.6273989209954038:6.5368421651453055] [-1.4431567086472703:8.8932060663503876] [-1.5238900181065762:7.763244953190175] [-1.6076854965097223:6.4820825092345586] [-2.3234339300637914:5.279822270205516] [-1.8101236919830075:6.7624032209812013] [-2.7861390331457949:4.0936918740184129] [-3.2733671226702934:3.2806555174567791] [-5.7581864958151332:2.0976047811990055] [-2.5003005711126494:4.3900792274085445] [-1.7398855913317226:2.1405866826595807] [-3.2481967629678388:3.3440987671889171] [-2.4420474924608877:4.4754770836237192] [-3.2481967629678388:3.3440987671889171] [-5.9398507215476046:2.0618177017294146] [-2.4420474924608877:4.4754770836237192] [-5.9469351312508119:0.8388773206444613] [-1.7192552096096454:1.7181710760040205] [-1.4330872805684876:1.4350746433206281] [-2.1832393332320876:1.1468246139105194] [-1.5403735399809779:0.64919318207215648] [-2.1157837956791985:2.6809704661081288] [-2.367477311167399:3.5137207144757019] [-2.425078577225062:3.4115700690840964] [-3.1626876190422819:3.2650684269194481] [-2.1560199469694248:2.5489363978156772] [-2.3699935775181284:4.8695203792241619] [-2.3103099134657312:4.4912220991953902] [-4.0596772348736216:3.7777394911829107] [-2.760005201867302:3.4547856792284817] [-2.6491181206700869:4.1076093169332761] [-2.9131245948886204:4.4552456160284724] [-3.5614096625158815:3.178347794845787] [-2.8031093222346937:2.9407336429779565] [-3.082818252414131:4.478246222803036] [-2.6014325340808857:4.4870665351598911] [-4.58187086513359:3.9603264371667355] [-2.8230403816448728:4.2938872624653524] [-3.4498813507403621:3.0273042731384221] [-2.4503046043097028:2.2641691320949451] [-4.3385485732659479:3.0857594667506181] [-1.8180931788279961:2.9545984588859198] [-3.4846531373816041:3.06326984474777] [-3.2214585212969662:3.2352083605318169] [-3.3745422497440405:3.5099574523731665] [-3.7956452161158092:3.1594620294812898] [-3.5860181500466481:2.5906292595403135] [-1.1616856504629745:4.84127722184658] [-1.1746813293721035:5.0190929527717145] [-6.46990514480835:8.3877075781007999] [-5.8802097962534496:4.3055776606925686] [-5.4456110604405934:4.1784222263727537] [-2.5573034239799752:3.240628413842825] [-2.6057870877575655:2.7886737360839318] [-1.1911088258417866:3.1912096809008497] [-1.1468295112328395:4.0060482926626584] [-1.2348815407528717:3.1040702039385253] [-2.828091053050116:2.9014572199606197] [2:815] [2:815] [0:2]
tree_sizes=4278 4582 4205 5426 4344 4616 3410 4884 4474 5319 4568 5227 4894 4277 4875 4164 4387 4582 4057 4575 4483 3727 3516 4705 4347 3015 4814 3806 4681 4588 2997 3442 4621 4771 3099 3450 3214 4091 4467 4331

Tree=0
num_leaves=40
num_cat=0
split_feature=19 42 47 40 32 32 36 41 24 61 50 40 45 12 9 29 62 28 28 46 37 4 39 12 54 40 19 61 39 2 32 12 14 45 45 53 45 45 18
split_gain=8.736 6.41551 8.49037 8.10852 11.5689 6.08458 5.80321 5.54512 5.41056 5.34058 13.796 5.52107 6.97511 6.92434 6.66812 5.39071 7.07624 5.01532 4.57255 5.32499 4.55798 4.51357 4.33856 8.41005 7.93925 3.99901 3.91303 3.79576 3.69743 3.14482 2.60811 2.5041 2.20424 2.16069 2.48545 1.96234 1.88309 1.26079 0.279931
threshold=1.5403731646791761 -0.50265608592405486 0.715935004924526 -0.59229945785266291 -0.8392804141691862 -1.3219038025694261 -0.12927744178242526 -1.0359624833883081 0.63438418108793371 138.00000000000003 -0.42715684704440116 0.63377414063419624 1.8975955642107467 -0.23208755397555078 0.29349479214514773 -1.1021430427956633 1.5000000000000002 -1.0000000180025095e-35 -1.1030786350882276 -1.0224974262724529 -0.12045785984661384 -0.68804787068986839 1.0000000180025095e-35 0.016736205867222371 -0.10171170589143444 0.29672601993462117 0.11798987408041745 572.00000000000011 0.8216892300358184 -0.29744251054122034 -0.35665702576894598 -0.33307031633899847 0.72236105738580447 -0.17925929688590944 -0.72202776304359073 -0.33284337682100273 -0.87758903147828249 0.089443266695038895 0.58120685037977082
decision_type=2 2 2 2 2 2 2 2 2 2 2 2 2 2 2 2 2 2 2 2 2 2 2 2 2 2 2 2 2 2 2 2 2 2 2 2 2 2 2
left_child=1 2 3 35 25 -3 7 -6 31 10 20 12 13 14 17 16 -13 -11 19 -15 -7 -17 24 -24 -20 29 -12 -23 32 -5 -4 -2 -29 34 38 -1 -27 -21 -8
right_child=8 5 30 4 6 9 33 -9 -10 11 26 15 -14 18 -16 21 -18 -19 22 37 -22 27 23 -25 -26 36 -28 28 -30 -31 -32 -33 -34 -35 -36 -37 -38 -39 -40
leaf_value=0.10737692019956394 0.088699176814185945 0.119558969765891 0.067450104301715136 0.11295852553377125 0.080167857586133165 0.085097403554205489 0.12487441525490862 0.11406425509107355 0.1007198259557515 0.11458980573448099 0.082795786076489852 0.12259040493663374 0.071731878390881382 0.10214389314960401 0.12916927903275377 0.10186404094697547 0.079452523628366287 0.077681334831911836 0.10192114998097437 0.062069422086831583 0.11844513213870209 0.095516016594947628 0.094385090171126187 0.11725224557421711 0.073077223000842975 0.065664505508448864 0.04418746838231332 0.056417020422164024 0.091165644624210493 0.084075850221276116 0.094582642485947999 0.059256955512830202 0.084623093445887254 0.13396712395020621 0.094582642485947999 0.13257081808061857 0.088345439162557576 0.08551244976921453 0.10534315254866133
leaf_weight=7.9821348190307644 4.988834261894227 5.9866011142730704 5.4877176880836487 5.4877176880836487 7.9821348190307617 5.9866011142730713 5.2382759749889338 6.4854845404624921 4.9888342618942252 4.9888342618942261 5.7371594011783582 5.7371594011783582 7.7326931059360495 6.9843679666519192 10.476551949977873 5.7371594011783591 4.9888342618942261 5.2382759749889392 18.957570195198059 5.7371594011783582 5.7371594011783618 5.986601114273074 36.41849011182785 21.950870752334595 13.220410794019697 6.7349262535572043 6.4854845404624939 12.222643941640859 6.7349262535572043 4.9888342618942279 6.2360428273677808 9.7282268106937408 5.4877176880836478 6.9843679666519192 5.7371594011783609 9.4787850975990278 8.7304599583148939 6.4854845404624939 4.9888342618942261
leaf_count=32 20 24 22 22 32 24 21 26 20 20 23 23 31 28 42 23 20 21 76 23 23 24 146 88 53 27 26 49 27 20 25 39 22 28 23 38 35 26 20
internal_value=0.0945826 0.0958607 0.102409 0.105933 0.100503 0.0930353 0.110968 0.0953897 0.0759558 0.0920747 0.0791758 0.0938861 0.0968827 0.0986618 0.113956 0.0851341 0.102641 0.09543 0.0955004 0.0828194 0.101818 0.079669 0.0984034 0.103237 0.0898187 0.0855556 0.0586032 0.0751513 0.0701672 0.0991105 0.0800395 0.0674001 0.0633845 0.119892 0.110537 0.123293 0.0764311 0.0717202 0.118454
internal_weight=327.268 307.562 92.5429 80.8191 63.3582 215.019 37.4163 14.4676 19.7059 209.032 23.9464 185.086 138.191 130.458 20.7037 46.895 10.726 10.2271 109.754 19.207 11.7238 36.169 90.5473 58.3694 32.178 25.9419 12.2226 30.4319 24.4453 10.4766 11.7238 14.7171 17.7104 22.9486 15.9643 17.4609 15.4654 12.2226 10.2271
internal_count=1312 1233 371 324 254 862 150 58 79 838 96 742 554 523 83 188 43 41 440 77 47 145 363 234 129 104 49 122 98 42 47 59 71 92 64 70 62 49 41
is_linear=0
shrinkage=1


Tree=1
num_leaves=42
num_cat=0
split_feature=19 60 33 60 40 35 61 29 41 57 12 33 58 28 43 27 24 42 47 54 56 55 61 36 43 46 46 29 49 12 60 43 61 43 55 12 46 54 12 40 46
split_gain=8.27935 8.31479 7.13597 7.83479 7.31133 6.36702 7.94756 6.23925 7.54024 6.07432 5.95522 5.7872 7.42882 5.6907 8.0269 5.52527 5.17455 6.69836 5.85215 5.3106 5.24509 4.99471 4.67488 4.27394 3.8593 3.80338 4.67406 3.73383 3.10385 2.86959 5.68324 2.98645 2.85929 2.65537 3.11356 2.51009 2.41461 1.39427 0.962687 0.948405 0.466942
threshold=1.5403731646791761 600.50000000000011 1.0000000180025095e-35 788.50000000000011 0.63377414063419624 -0.64916821027994931 151.00000000000003 0.3745053546899747 -0.7216642342946652 -0.63154173084328957 1.0410905824137617 1.4841285954973864 1.0000000180025095e-35 -1.465054332925342 -1.3408240150566042 0.4709140122022572 -0.71339036645527709 -0.50265608592405486 -0.27237200672566775 0.39951017214287804 1.0000504275295319 -1.0000000180025095e-35 198.00000000000003 -0.601843971483498 -1.1021894331709083 0.20914991670678776 -0.42867589387985122 -0.6994207525723074 -0.43719013139113166 -1.3696450486369403 474.50000000000006 0.56825264002896192 593.50000000000011 0.1307559065718529 0.87229238970301681 1.3982808671731746 0.49726155845047815 -0.60155536910978524 -0.019657362320455524 0.13295816876327926 -0.034101669748769027
decision_type=2 2 2 2 2 2 2 2 2 2 2 2 2 2 2 2 2 2 2 2 2 2 2 2 2 2 2 2 2 2 2 2 2 2 2 2 2 2 2 2 2
left_child=2 -2 3 4 13 11 39 9 -9 15 25 12 24 -1 28 40 18 -18 -16 22 -21 -10 -19 -11 -4 26 -6 -3 -15 -25 31 -31 -14 -27 -35 -32 -17 -26 -20 -7 -8
right_child=1 27 5 -5 10 6 7 8 21 23 -12 -13 32 14 16 36 17 19 38 20 -22 -23 -24 29 37 33 -28 -29 -30 30 35 -33 -34 34 -36 -37 -38 -39 -40 -41 -42
leaf_value=-0.021491050598014053 -0.04061715816046961 -0.018114904899788377 0.010211376111423661 -0.028672251962758844 -0.0010677032282851555 -0.026509338151218521 -0.022727715927159015 -0.028087178853746873 0.018789400491302902 -0.0055176866657693719 0.012905758189048461 0.036124134867166841 0.039629884462052165 0.0010199065240173632 -0.0016576868704648302 0.024390909892402932 0.027552426487995132 -0.031116894353590694 0.036820838949179251 0.012247546830295258 -0.012109864616558169 -0.013381194545967574 -0.0023730810361013849 0.00061330891140524133 -0.0013569535925363773 -0.020206664791904673 -0.037148578730013121 0.011417709309346344 -0.025820371104054676 0.019653650232333775 0.041880389469684934 -0.0075155766925929946 0.0093660674330140851 0.016997732211183756 -0.0097563066080890888 0.010618518722239586 -0.0013725088693040859 -0.024330308354682785 0.0123863357901817 -0.0069812733920019418 -0.0056996929245182407
leaf_weight=6.7356770187616339 7.2396690249443081 5.4914760887622842 8.7299006283283216 8.4834141433238965 4.9902810752391806 6.2373489290475828 5.4884850084781647 8.229355528950693 8.7263823598623258 5.4889017790555945 5.9857011437416068 8.7214279770851117 5.4845926165580732 5.4851190745830527 6.9834678471088436 4.9856423288583738 7.7273304164409629 5.4898291230201748 8.9745818227529526 33.914815723896027 8.7289105057716352 5.9872201532125464 21.950134128332138 5.981606543064113 4.9872551113367045 6.4859168827533749 10.732376515865324 6.9878202229738209 8.4809954911470395 5.7357094585895592 12.464903458952906 5.7377249300479889 7.9768541306257248 5.2384161204099637 7.7331189215183258 4.9868707209825507 5.4871810525655746 4.9888176023960167 5.2367372661828968 6.7351132780313492 4.9899908304214495
leaf_count=27 29 22 35 34 20 25 22 33 35 22 24 35 22 22 28 20 31 22 36 136 35 24 88 24 20 26 43 28 34 23 50 23 32 21 31 20 22 20 21 27 20
internal_value=0 -0.0181309 0.00124128 -0.00285301 -0.00120222 0.00628008 0.0019485 0.00544402 -0.0074177 0.0104118 -0.0118983 0.0160085 0.00900999 0.00252822 0.00427557 -0.00237058 0.00736298 0.00351727 0.0200515 0.000261555 0.00688374 0.0053017 -0.00964586 0.0170322 -0.00307911 -0.0166373 -0.0271355 -0.00169812 -0.0158145 0.0208241 0.0245701 0.00630615 0.0248345 -0.00653286 0.00127538 0.0348113 0.0119104 -0.0150468 0.030241 -0.0185596 -0.0168488
internal_weight=327.227 19.719 307.508 169.357 160.873 138.151 97.2624 84.29 22.943 61.347 41.1658 40.8888 32.1674 119.708 112.972 20.9513 99.0058 77.811 21.1948 70.0837 42.6437 14.7136 27.44 40.3957 18.706 35.1801 15.7227 12.4793 13.9661 34.9068 28.9252 11.4734 13.4614 19.4575 12.9715 17.4518 10.4728 9.97607 14.2113 12.9725 10.4785
internal_count=1312 79 1233 679 645 554 390 338 92 246 165 164 129 480 453 84 397 312 85 281 171 59 110 162 75 141 63 50 56 140 116 46 54 78 52 70 42 40 57 52 42
is_linear=0
shrinkage=0.03


Tree=2
num_leaves=39
num_cat=0
split_feature=19 60 42 47 40 32 38 16 36 30 37 28 40 38 55 30 59 20 38 45 37 61 42 12 26 37 29 43 44 12 30 43 32 45 45 53 36 45
split_gain=7.8676 7.88968 5.87217 8.00909 7.51167 10.8866 6.6541 5.71948 5.51785 4.71286 7.58074 4.78264 5.02488 7.53224 4.54991 4.18707 5.9387 4.1579 4.04761 3.81635 7.81011 7.93031 6.79629 5.62099 3.80829 3.73115 3.56892 3.17453 2.73721 3.35359 2.65555 2.55064 2.41194 2.13379 2.37062 1.84582 1.65703 0.798657
threshold=1.5403731646791761 600.50000000000011 -0.50265608592405486 0.715935004924526 -0.59229945785266291 -0.8392804141691862 -1.8361645893941994 -2.4256120741905787 -0.12927744178242526 0.21527734297539566 -1.5381576736947691 -1.465054332925342 0.63377414063419624 -0.081963357671811315 -0.19987317339590463 -0.37846634839252347 0.89611532440686215 -1.0000000180025095e-35 -0.53958107029504299 0.39809618384023615 -0.59302446446266532 377.00000000000006 0.4047593411890808 0.13374158835977806 -0.93769514159399125 -0.12045785984661384 -0.34144538348488018 0.56825264002896192 1.0000000180025095e-35 -0.042884293983733286 0.24496452754379175 0.1307559065718529 -0.35665702576894598 -0.17925929688590944 -0.72202776304359073 -0.33284337682100273 0.77647507347796474 -0.16205082716715954
decision_type=2 2 2 2 2 2 2 2 2 2 2 2 2 2 2 2 2 2 2 2 2 2 2 2 2 2 2 2 2 2 2 2 2 2 2 2 2 2
left_child=2 -2 3 4 35 24 -4 -8 18 11 -11 -9 13 15 -15 16 -13 -17 -7 20 23 -22 -23 37 30 -16 -3 -14 -21 36 -6 -26 -5 34 -10 -1 -30 -12
right_child=1 26 6 32 5 8 7 9 33 10 19 12 27 14 25 17 -18 -19 -20 28 21 22 -24 -25 31 -27 -28 -29 29 -31 -32 -33 -34 -35 -36 -37 -38 -39
leaf_value=0.012217521704862698 -0.039571744693661204 -0.016715314616039666 0.025781026406127752 -0.026343109012017536 -0.029160114094941621 0.01970853977152353 -0.025650764455823281 -0.016129108095638996 0.023078838886742566 0.020638457978709935 -0.039794754136268325 0.0014221860695342449 0.0027133832374245772 0.034286442788840653 0.019494304688469397 0.022708943708600614 -0.024884396000767587 -0.0018751653046952292 -0.010151117703124253 -0.013717280528295928 -0.033026049496687686 0.016949652062577224 -0.012817315977095995 0 0.015681165246079196 -0.0066630436950568068 0.012035038338672784 -0.023477064880782779 0.00634451216693112 0.020090144031327709 -0.0012264056535628328 -0.008449682641479786 0 0.038460200289403591 0 0.036637840712999623 -0.01492170027524637 -0.014744245193361073
leaf_weight=7.9711380749940899 7.2474916875362423 5.9934301525354394 6.2317990809679022 5.494158074259758 7.7333046346902865 4.9841413944959632 7.736390382051467 9.7337549030780774 10.207444429397579 6.7326932400465003 12.229050368070606 35.15119090676307 6.7369692623615247 10.467665985226633 9.7223781645298022 11.71176613867283 8.2297921776771528 10.476738557219511 9.4756397753953916 7.2317200303077724 4.9924784302711513 14.210485905408861 10.727811291813849 5.7319106906652442 5.7376635521650297 7.2343945652246466 6.4857578128576252 7.2382641583681107 4.989632055163387 7.4785739928483936 5.4879778474569321 6.9862053245306015 6.2329856306314451 6.9674305766820934 5.7339837700128564 9.4452342689037305 4.9895858466625214 4.9914273768663415
leaf_count=32 29 24 25 22 31 20 31 39 41 27 49 141 27 42 39 47 33 42 38 29 20 57 43 23 23 29 26 29 20 30 22 28 25 28 23 38 20 20
internal_value=0 -0.0176806 0.00120063 0.00746978 0.0108989 0.00567005 -0.00150097 -0.0025221 0.015836 -0.00141889 -0.00678074 0.0024406 0.00438536 0.00696844 0.0197378 0.00121623 -0.00409962 0.0114641 0.000650256 -0.00958275 -0.0140241 -0.00333626 0.00391703 -0.0266565 -0.0088185 0.00837496 -0.00165576 -0.0114246 0 0.00657876 -0.0192792 0.00251614 -0.014242 0.0245462 0.0153362 0.0276334 -0.00432626 -0.0346175
internal_weight=327.16 19.7267 307.434 92.4573 80.7302 63.3138 214.976 208.745 37.3686 201.008 84.3054 116.703 106.969 92.9939 27.4244 65.5695 43.381 22.1885 14.4598 77.5727 52.8832 29.9308 24.9383 22.9524 25.9452 16.9568 12.4792 13.9752 24.6895 17.4578 13.2213 12.7239 11.7271 22.9089 15.9414 17.4164 9.97922 17.2205
internal_count=1312 79 1233 371 324 254 862 837 150 806 338 468 429 373 110 263 174 89 58 311 212 120 100 92 104 68 50 56 99 70 53 51 47 92 64 70 40 69
is_linear=0
shrinkage=0.03


Tree=3
num_leaves=50
num_cat=0
split_feature=33 45 40 45 35 61 57 27 33 58 16 54 44 33 47 29 30 56 30 41 37 30 57 45 57 44 43 45 56 46 48 45 23 43 35 58 41 61 16 28 36 35 10 33 40 27 54 61 49
split_gain=7.39858 7.77629 8.32116 6.58802 5.93908 6.80778 6.26914 9.11719 6.10056 7.88001 7.82336 7.98219 5.27831 7.84753 5.21503 4.85365 5.982 4.36515 7.07882 4.12284 9.67548 7.21364 4.44841 3.96044 3.83683 3.79816 3.71474 3.69635 3.68781 8.97486 7.09996 3.68149 3.33151 3.14294 2.97784 2.83851 2.81113 2.74319 2.60159 2.84356 2.43818 2.35479 2.0698 1.95749 1.94594 1.62501 1.61642 1.42572 1.02735
threshold=1.0000000180025095e-35 1.5431853120473129 0.63377414063419624 1.0507996886691882 -0.64916821027994931 151.00000000000003 1.0000000180025095e-35 -0.74453304353389405 1.4841285954973864 1.0000000180025095e-35 -0.13372029619122147 -0.78905756163405283 0.27433968569266642 0.73144561696284482 1.8950490067026193 -1.1021430427956633 -1.3284562545811938 1.0000000180025095e-35 0.21527734297539583 0.18194323184955905 -0.12045785984661384 0.57152355779614727 -0.63154173084328957 -0.079539553774353539 -0.63154173084328957 -0.27132056281811467 0.1307559065718529 -0.28707489740443021 -0.75287697516752283 0.64482593794251442 0.10360993008364265 -0.29880717938497442 1.0000000180025095e-35 1.0000000180025095e-35 1.1970670285384026 1.0000000180025095e-35 1.0000000180025095e-35 593.50000000000011 0.27382112124022528 0.34482415626023039 -1.0000000180025095e-35 0.098117481622716635 -0.85759510151868346 -0.65507565928499534 0.51444654510701748 -1.6855243124909143 -0.70740022132510783 588.00000000000011 -1.0000000180025095e-35
decision_type=2 2 2 2 2 2 2 2 2 2 2 2 2 2 2 2 2 2 2 2 2 2 2 2 2 2 2 2 2 2 2 2 2 2 2 2 2 2 2 2 2 2 2 2 2 2 2 2 2
left_child=1 2 3 15 8 23 7 -7 9 10 -2 -12 17 24 42 26 45 41 -19 22 21 47 36 -6 48 27 -1 -22 29 -4 34 33 -33 -24 35 -30 -18 -11 39 -8 -27 -9 -3 -5 -26 -17 -40 -21 -14
right_child=4 14 28 43 5 6 38 12 -10 37 11 -13 13 -15 -16 16 19 18 -20 20 25 -23 31 -25 44 40 -28 -29 30 -31 -32 32 -34 -35 -36 -37 -38 -39 46 -41 -42 -43 -44 -45 -46 -47 -48 -49 -50
leaf_value=-0.031967487831540867 0.020717798484819621 0.0029296444011366767 -0.022178381316686317 0.0063742364984630357 -0.031662956697232951 -0.031261926897632984 0.016446706299284467 0.010014576771860094 0.035015966179263905 0.038548031537895905 0.0057904884890106088 -0.036233657785545437 -0.015061519296722985 -0.025856467279639819 -0.04306562375834231 -0.0032963752271774264 0.03598089601413422 -0.024057447482356852 0.019067377166724117 0.010777708928796956 -0.0033500815660285417 -0.010572440820801169 0.02566635371466372 0 0.028395726971436313 0.01517536806708626 0 -0.031568033514297031 0.0013321663617620577 0.023138280647120958 0.0055424621954433071 -0.021537155964661017 0.0060810850032643306 -0.0002450101574012615 -0.037816451253222444 -0.024145975521365312 0.0062477907202227213 0.0089418961723933457 0.034471981930838537 -0.0074274534410472401 -0.010728452614272051 0.038044726046973724 -0.018562960399466925 0.02970325690057218 0.0015396811293422071 -0.028441003574579859 0.0088363138822573368 0.039295861232117882 0.0017122382719740111
leaf_weight=5.7390851974487287 5.9807079434394828 6.2351026833057412 6.2406480163335782 7.9765778481960297 6.7418117970228195 6.4871584177017203 8.2169506847858447 8.7219415307045001 8.6919503659009916 5.4659440070390684 6.7292829155921909 6.9896925091743514 4.9877449721097937 9.481108605861662 5.4958457350730887 5.2392721027135849 7.2225022464990598 4.9903867542743665 5.7258720397949219 4.9859307259321124 8.2294321656227059 4.9865068793296805 7.2228333204984665 6.2375139296054822 4.9755389541387594 4.985142394900322 6.2328211665153503 9.4818192571401614 5.9875370711088234 6.4819197505712509 7.7358148992061606 5.9832252115011215 6.732149064540863 7.2276689112186432 10.23910517990589 7.4901065528392792 6.2290844619274139 7.9669762998819351 6.7189548164606094 6.724733054637908 4.9846649765968447 4.9813213199377051 6.9894843995571145 7.4693600535392743 4.9852961003780365 4.9922131448984128 5.9824474006891233 5.479161411523819 4.98848681151867
leaf_count=23 24 25 25 32 27 26 33 35 35 22 27 28 20 38 22 21 29 20 23 20 33 20 29 25 20 20 25 38 24 26 31 24 27 29 41 30 25 32 27 27 20 20 28 30 20 20 24 22 20
internal_value=-6.9521e-07 -0.00397677 -0.00177558 0.00226344 0.00507816 0.00101081 0.0041398 -0.00125814 0.0143817 0.00751312 -0.00438578 -0.0166871 0.00299813 -0.00532616 -0.0215727 -0.000452752 0.00187537 0.0129858 -0.00101207 0.00466772 -0.00167697 0.0162567 0.0113675 -0.0180136 0.00528325 -0.0122143 -0.0173482 -0.0200543 -0.0127165 0.000493079 -0.0180211 0.00365026 -0.0073939 0.0135259 -0.0258174 -0.0134267 0.0246217 0.0240526 0.0155839 0.00563951 0.00199166 0.0233469 -0.00875603 0.0196404 0.0174388 -0.0181444 0.0250286 0.0292648 -0.00702369
internal_weight=327.067 184.295 165.575 121.399 142.772 100.947 87.9679 60.3249 41.8246 33.1326 19.6997 13.719 53.8377 29.4182 18.7204 105.954 93.9816 24.4195 10.7163 83.7501 43.1327 15.4516 40.6175 12.9793 19.9371 27.6811 11.9719 17.7113 44.1751 12.7226 31.4526 27.1659 12.7154 14.4505 23.7167 13.4776 13.4516 13.4329 27.6431 14.9417 9.96981 13.7033 13.2246 15.4459 9.96084 10.2315 12.7014 10.4651 9.97623
internal_count=1312 739 664 487 573 405 353 242 168 133 79 55 216 118 75 425 377 98 43 336 173 62 163 52 80 111 48 71 177 51 126 109 51 58 95 54 54 54 111 60 40 55 53 62 40 41 51 42 40
is_linear=0
shrinkage=0.03


Tree=4
num_leaves=40
num_cat=0
split_feature=19 60 33 60 40 45 28 55 53 12 45 27 47 45 62 29 39 47 45 18 47 30 47 42 43 33 47 57 44 30 39 29 45 60 23 45 47 54 45
split_gain=7.18989 7.38778 6.30694 7.26958 6.37272 5.7335 5.9359 5.72722 6.51008 5.57955 6.58193 5.47858 5.29004 6.53522 5.46245 6.53363 5.82323 11.1468 7.1485 4.80361 4.76885 4.74958 6.33312 5.91025 5.84627 5.45964 5.31975 4.80827 4.42772 4.00878 3.4965 3.35122 3.21676 2.75711 2.10212 1.77139 1.38008 0.485076 0.439217
threshold=1.5403731646791761 600.50000000000011 1.0000000180025095e-35 788.50000000000011 0.63377414063419624 1.8975955642107467 -1.465054332925342 -1.0040105556982333 1.4716628644565002 0.14584768360893849 -0.012167070441372522 -1.0581967998529007 -1.7208293322289119 -1.0716200788774954 1.0000000180025095e-35 0.3745053546899747 0.088430018218401171 0.64310426252534891 -0.46112358808495829 0.65836470750277121 -1.047643966609294 0.21527734297539566 0.4958829275690661 0.4047593411890808 -1.3408240150566042 -0.89276502092748233 -0.27237200672566775 -0.63154173084328957 0.27433968569266642 -0.67533819407648288 -0.45269175306931847 -0.6994207525723074 0.68702429806118026 600.50000000000011 -0.3569738996905118 -0.73805259770081066 0.095446996676800303 0.39951017214287804 0.7551112910457638
decision_type=2 2 2 2 2 2 2 2 2 2 2 2 2 2 2 2 2 2 2 2 2 2 2 2 2 2 2 2 2 2 2 2 2 2 2 2 2 2 2
left_child=2 -2 3 4 5 6 -1 33 11 10 30 -9 -13 20 15 19 18 -18 -16 -15 -14 24 23 26 37 29 -23 -27 -12 -26 -6 -3 -24 -4 -22 -32 -35 -8 -30
right_child=1 31 7 -5 9 -7 21 8 -10 -11 28 12 13 14 16 -17 17 -19 -20 -21 34 22 32 -25 25 27 -28 -29 38 -31 35 -33 -34 36 -36 -37 -38 -39 -40
leaf_value=-0.020534763568236299 -0.03808005593295162 -0.016987079811422022 0.0046144427930046592 -0.027556066157759147 -0.0045182504987139899 -0.024436075984133606 -0.01504710617655719 -0.025254022819416258 0.028297781235947068 0.010358653916680375 -0.020413553439077241 -0.018376003134761936 -0.0018265926003197541 0.026588294102242362 -0.00033274640993495309 -0.011067889866598549 0.021892186624750329 -0.024097031006285838 -0.032239113290742416 -0.0010134216466943652 0.037514615400344759 -0.0016935199178098736 -0.030138132548758519 -0.010969950491402957 0.0063633017418681876 0.021029559501255006 0.031544717944541042 0.00048270680530248904 0.015547331440417117 0.039726541520593683 -0.013401265941756052 0.010990712629102136 0 0.010047261452416422 0.0089523093870984682 -0.044318708753359755 0.034775006143949551 -0.00084359235883793159 0.001523781769599099
leaf_weight=6.7418017834424964 7.2477055639028576 5.4974197298288354 9.4581942856311816 8.4926391243934614 5.4921147227287284 5.2462143152952185 4.9882128685712797 5.2396045476198188 6.9733003228902808 7.4812157154083243 5.2445512712001792 8.2307646423578245 5.9758147448301342 15.668905347585683 13.949934050440786 8.4683283865451795 12.205290779471399 5.7344312071800223 10.726506516337396 7.7076301276683798 8.2030038386583328 6.980816349387168 7.236977204680441 9.7286305725574476 6.2298095077276221 14.677468568086615 8.2091337293386477 29.89522342383863 4.9868499487638456 9.4527666121721179 4.9957244247198087 6.9815219193696949 5.2313411980867386 5.711343213915824 5.4712091684341404 7.99517917633057 8.2116035372018796 4.989750400185585 4.9864354878664017
leaf_count=27 29 22 38 34 22 21 20 21 28 30 21 33 24 63 56 34 49 23 43 31 33 28 29 39 25 59 33 120 20 38 20 28 21 23 22 32 33 20 20
internal_value=0 -0.0169014 0.00114865 -0.00269863 -0.00110618 0.00237676 0.00395899 0.00589153 0.00295334 -0.0110905 -0.016261 0.000888997 0.00263069 0.00479011 0.000516451 0.0097416 -0.00633786 0.00615803 -0.0154839 0.017734 0.0195157 0.00580956 -0.00263891 0.00593264 0.0103517 0.0138881 0.0171306 0.00784325 -0.000893844 0.0285349 -0.0275963 -0.00140553 -0.0189966 0.019 0.0284966 -0.0354612 0.0269842 -0.00950548 0.0101747
internal_weight=326.945 19.7266 307.219 169.283 160.79 119.608 114.362 137.936 114.555 41.1821 33.7009 107.581 102.342 94.1111 74.461 31.8449 42.6162 17.9397 24.6764 23.3765 19.65 107.62 37.3869 24.9186 70.2332 60.2553 15.19 44.5727 15.2178 15.6826 18.483 12.4789 12.4683 23.3811 13.6742 12.9909 13.9229 9.97796 9.97329
internal_count=1312 79 1233 679 645 480 459 554 460 165 135 432 411 378 299 128 171 72 99 94 79 432 150 100 282 242 61 179 61 63 74 50 50 94 55 52 56 40 40
is_linear=0
shrinkage=0.03


Tree=5
num_leaves=42
num_cat=0
split_feature=19 33 45 40 12 35 35 53 33 58 16 54 24 29 16 31 37 55 45 56 34 40 31 12 45 55 24 23 37 18 14 44 55 45 12 45 45 36 20 45 54
split_gain=6.8352 6.00094 6.12318 6.38986 6.12292 6.80395 5.48351 6.90284 5.23636 6.67467 6.91345 5.74404 4.85968 4.80207 4.65467 6.43565 8.91033 8.79169 7.00986 6.72679 5.19334 8.64074 4.61291 4.53265 7.04095 4.61987 3.96509 5.05631 4.15806 4.10017 3.86173 3.31595 3.26975 3.22787 2.41699 2.37109 1.07642 1.03796 0.646201 0.473741 0.24373
threshold=1.5403731646791761 1.0000000180025095e-35 1.5431853120473129 0.63377414063419624 1.5938652076794835 1.0000000180025095e-35 -0.64916821027994931 1.4716628644565002 1.4841285954973864 1.0000000180025095e-35 -0.13372029619122147 -0.78905756163405283 0.63438418108793371 -1.1021430427956633 0.92473725179232502 -0.45535358346094873 -0.82930776677069129 -0.3127327852648108 -0.5158549704537333 1.0000000180025095e-35 -0.66174657039516294 0.29672601993462117 1.0000000180025095e-35 0.14584768360893849 -0.012167070441372522 0.56673384319869358 -0.71339036645527709 -1.103135673746318 -0.35674116215463963 0.45687293645512517 0.18268677910297668 0.51685535169745822 -0.45326615326667902 1.0894969189761727 -0.33307031633899847 0.2657339336731111 -0.71216472190481361 -0.12927744178242526 0.52247766753772773 -0.46761688706338522 -1.1638560876834556
decision_type=2 2 2 2 2 2 2 2 2 2 2 2 2 2 2 2 2 2 2 2 2 2 2 2 2 2 2 2 2 2 2 2 2 2 2 2 2 2 2 2 2
left_child=1 2 3 4 13 -6 8 14 9 10 -3 -12 34 -1 15 16 40 -18 22 35 21 -19 -17 24 25 -5 27 -15 29 38 33 -26 -4 -30 -2 -20 -27 -29 -28 -11 -8
right_child=12 6 32 23 5 -7 7 -9 -10 39 11 -13 -14 26 -16 18 17 20 19 -21 -22 -23 -24 -25 31 36 28 37 30 -31 -32 -33 -34 -35 -36 -37 -38 -39 -40 -41 -42
leaf_value=-0.013129345240693414 -0.0043283364261839296 0.019999962842579759 -0.031685944204947948 -0.0051799603673479541 -0.030382459342615294 0.0088830043604991894 -0.014980283189077138 0.027641334770404299 0.033967510977183403 0.0092128799157345301 0.0036725727595145231 -0.033155412885397847 0.0067605269398976651 -0.001628416700121364 0.023818552677627693 0.039805005423946306 -0.026259733922955535 0.03015902976605379 -0.0014921321344483749 -0.023228692434764827 -0.012886940864713762 -0.0050375613564071402 0.0046188032202695954 0.0082132230551794031 -0.015797997514354942 -0.017910903333165376 0.032808858062356186 0.035115693127709527 -0.0065368933202180736 -0.0022895108596390624 0.020809049305856135 0.01115101682252065 -0.00032998516087442308 0.01504084684106465 -0.03254804206702696 0.021898613224531776 -0.047331617266247288 0.011868073287565423 0.010531484768753277 0.028194645984865242 -0.037906943328031947
leaf_weight=9.7318495362997037 4.9934316128492364 5.9687431007623664 7.9907854795455933 7.2423244267702129 8.2341087609529477 5.4736934751272193 4.9846587777137756 6.9605520516633979 8.6551610529422742 4.962730035185813 6.4710178226232502 6.2444685250520751 4.9870891869068137 6.9784385561943081 4.9746322631835929 5.96231661736965 8.7273380905389732 11.183209612965582 7.4765253961086291 7.9832398891448966 8.2163204550743192 11.224408507347105 7.7181638479232788 7.7274017184972754 5.2450751513242713 5.7451363354921323 6.2175803780555672 8.4546276181936264 41.610599443316467 6.4702387750148764 5.2248602360486975 8.9714257419109327 4.9928406029939634 5.7263565808534613 9.7367456704378128 5.4724387675523758 6.2473978400230408 5.9634618759155247 4.9793848395347595 8.4317166507244092 6.2352964729070646
leaf_count=39 20 24 32 29 33 22 20 28 35 20 26 25 20 28 20 24 35 45 30 32 33 45 31 31 21 23 25 34 167 26 21 36 20 23 39 22 25 24 20 34 25
internal_value=-6.60161e-06 0.00110771 -0.00264479 -0.000866413 0.00273737 -0.0149791 0.00573619 0.00171336 0.014784 0.00814324 -0.00327594 -0.0155814 -0.0164952 0.00537522 -0.000642503 -0.00252766 -0.00928979 -0.0019918 0.00716158 -0.00361046 0.00564064 0.0130675 0.022767 -0.0108193 -0.0155513 -0.0267062 0.0075849 0.0185327 0.00384801 0.0158184 -0.000391791 0.000267767 -0.0213253 -0.00342198 -0.0246356 0.00922506 -0.0372401 0.0279016 0.025789 0.0232007 -0.0311608
internal_weight=326.798 307.081 169.228 156.244 115.065 13.7078 137.853 97.1191 40.7338 32.0787 18.6842 12.7155 19.7173 101.357 90.1585 85.1839 50.5712 39.3513 34.6127 20.9322 30.6239 22.4076 13.6805 41.1788 33.4514 19.2349 91.6255 21.3965 70.229 17.6672 52.5618 14.2165 12.9836 47.337 14.7302 12.949 11.9925 14.4181 11.197 13.3944 11.22
internal_count=1312 1233 679 627 462 55 554 390 164 129 75 51 79 407 362 342 203 158 139 84 123 90 55 165 134 77 368 86 282 71 211 57 52 190 59 52 48 58 45 54 45
is_linear=0
shrinkage=0.03


Tree=6
num_leaves=31
num_cat=0
split_feature=19 60 38 45 28 40 56 48 12 36 58 48 0 52 12 54 26 57 30 27 42 12 45 29 53 34 60 18 19 25
split_gain=6.48915 7.01521 5.41759 5.99284 5.15084 5.81152 5.85858 6.17699 4.80718 4.63369 4.4316 4.42439 11.2053 8.28146 5.93547 4.8932 4.30051 3.92033 3.70082 9.71661 3.40631 3.34432 4.83623 3.1699 2.81347 3.66517 2.77327 2.47009 1.91635 1.67396
threshold=1.5403731646791761 600.50000000000011 -2.0649734457058151 1.8975955642107467 -1.465054332925342 0.63377414063419624 -0.75287697516752283 -0.36833871718424438 -1.2336758988986429 1.0000000180025095e-35 1.0000000180025095e-35 -0.978464667175447 0.63977765115800922 -0.78731606778043994 -0.032825447051276747 0.39951017214287804 0.2984117903217261 -0.63154173084328957 0.57152355779614727 1.0000000180025095e-35 0.17790548441079687 -1.4430185796183055 0.88420204630303501 -0.34144538348488018 1.0000000180025095e-35 -0.66174657039516294 642.00000000000011 0.50714734606821277 0.11798987408041745 0.31085047573235586
decision_type=2 2 2 2 2 2 2 2 2 2 2 2 2 2 2 2 2 2 2 2 2 2 2 2 2 2 2 2 2 2
left_child=2 -2 -1 4 20 8 7 17 9 21 -11 12 -10 24 16 -16 -15 -7 19 -8 -4 -6 -23 -3 25 -13 28 -28 -20 -21
right_child=1 23 3 -5 5 6 18 -9 11 10 -12 13 -14 14 15 -17 -18 -19 26 29 -22 22 -24 -25 -26 -27 27 -29 -30 -31
leaf_value=0.026800567309151181 -0.036717625346461905 -0.01527949215776553 -0.0014910901736177435 -0.022673239554764409 0.0054424767452397761 0 0.0081680267993380507 -0.012182227529146172 -0.031945837600866986 -0.019594459014039209 0.012946821040187514 0.025279744658693277 0.01756588475260417 0.0024241929249464128 -0.0015948691551750142 0.010662044537244864 -0.030397877933089641 0.030905250871918151 -0.024451842987158814 -0.039223589160314543 -0.030620909000043932 0.041655064810253668 0.0056139156989149439 0.011830823801980611 0.03482831459443135 -0.0021846801842688229 0.015181536684422495 -0.0062530843225549115 -0.0011896954172683613 -0.011519506840989039
leaf_weight=5.7098077833652487 7.2348358929157284 5.9962675124406823 8.4654711633920652 8.2419297695159894 9.6905718594789487 6.2339408397674569 6.9832270890474346 7.7277768403291693 8.7289365231990796 4.9807990044355375 7.4605150073766708 6.4445717334747323 5.4709970057010642 5.2183618396520597 72.664054229855537 46.55460050702095 7.2336533218622208 7.9573918282985696 5.234906882047655 9.9888856112956983 5.7444225996732703 9.4180985391140002 6.2101175636053076 6.480901658535001 7.1925379335880271 8.4604535698890686 8.4657953530550021 7.7198346257209769 7.4743016213178635 5.240090698003768
leaf_count=23 29 24 34 33 39 25 28 31 35 20 30 26 22 21 292 187 29 32 21 40 23 38 25 26 29 34 34 31 30 21
internal_value=-3.78731e-08 -0.0160683 0.00108564 0.000447964 0.00123099 0.00218078 -0.004981 0.00749326 0.00476956 0.014264 -0.000357037 0.0024924 -0.0126319 0.00403626 0.00104288 0.00321473 -0.017431 0.0187301 -0.0105062 -0.0193566 -0.0154482 0.0212904 0.0294297 -0.00101011 0.0204183 0.0105502 -0.00288582 0.00495564 -0.0127634 -0.0319373
internal_weight=326.628 19.712 306.916 301.206 292.964 278.754 73.0262 21.9191 205.728 37.7601 12.4413 167.968 14.1999 153.768 131.671 119.219 12.452 14.1913 51.107 22.2122 14.2099 25.3188 15.6282 12.4772 22.0976 14.905 28.8948 16.1856 12.7092 15.229
internal_count=1312 79 1233 1210 1177 1120 293 88 827 152 50 675 57 618 529 479 50 57 205 89 57 102 63 50 89 60 116 65 51 61
is_linear=0
shrinkage=0.03


Tree=7
num_leaves=45
num_cat=0
split_feature=33 45 40 45 55 47 61 60 12 45 49 47 60 61 38 14 41 61 45 35 18 45 45 59 52 2 20 46 0 33 23 60 46 19 30 49 2 60 40 47 33 31 26 45
split_gain=6.24408 6.50975 6.90303 6.098 5.30206 4.88936 4.87134 6.51319 4.67938 5.55 4.72 4.53835 4.43485 4.40254 5.42989 6.45706 7.00521 5.28348 4.31093 4.2252 3.95116 3.89764 7.44658 4.45355 4.93606 4.14546 4.33643 3.89539 3.65645 3.50955 4.75475 3.50819 3.39953 2.86604 4.64341 2.71442 2.49617 2.42885 2.35508 1.99451 1.85772 1.72287 1.57609 1.00535
threshold=1.0000000180025095e-35 1.5431853120473129 0.63377414063419624 1.0507996886691882 -1.5286322898803191 1.8950490067026193 151.00000000000003 430.00000000000006 1.0410905824137617 0.33258061151062213 -1.0000000180025095e-35 -1.174669201243872 318.00000000000006 138.00000000000003 -1.3022772580004289 -0.50617530912873521 0.18194323184955905 588.00000000000011 -0.079539553774353539 0.58165528226561847 0.61996474130916857 -1.0515309886577779 -0.90387577866701585 1.0000000180025095e-35 1.0000000180025095e-35 -0.80098092027965395 0.78321966061855652 -0.55154241480992305 -0.235668046847921 0.90688300293706092 -1.0000000180025095e-35 598.00000000000011 0.3311142055946803 -0.7117337121021915 0.24496452754379175 -0.23019141165631943 0.51360027155656207 502.00000000000006 1.0000000180025095e-35 1.1795489195929616 -0.65507565928499534 -0.79198808952030375 -0.19603098244456071 -0.8051774113060689
decision_type=2 2 2 2 2 2 2 2 2 2 2 2 2 2 2 2 2 2 2 2 2 2 2 2 2 2 2 2 2 2 2 2 2 2 2 2 2 2 2 2 2 2 2 2
left_child=1 2 3 13 -2 39 18 11 9 19 -11 -8 20 28 -15 17 33 -16 -6 -4 29 35 -23 24 41 -25 32 31 -1 30 -13 -18 -27 34 -17 -9 -19 -35 -29 -3 -5 -24 -28 -21
right_child=4 5 8 40 6 -7 7 21 -10 10 -12 12 -14 14 15 16 27 36 -20 43 -22 22 23 25 -26 26 42 38 -30 -31 -32 -33 -34 37 -36 -37 -38 -39 -40 -41 -42 -43 -44 -45
leaf_value=-0.028725605990305731 0.028638431571985687 -0.016593385016218275 -0.0030922340453959992 0.0059122302737720841 -0.023272762684267843 -0.040507030752184203 -0.025986980238547303 0.0054825965627269988 0.010131984394433814 -0.012906257382591777 0.019975532526971457 -0.026071334083611421 -0.021713024567858241 -0.019187234890774795 0.032334904951134211 0.028150540581583158 0.015089958314069655 0.015744481459905868 0.0043241454995666014 -0.012276988519643577 0.019927189803950963 -0.023895402466907908 -0.0041994204247194442 -0.017964843335622364 0.033575516545176209 -0.011425084548097377 0.030670997297590423 -0.029671918713240437 0.0013866889841670298 0.013427597814530682 0.0079379570354819445 -0.011189129672022262 0.012184052505562728 -0.015013901918918868 -0.0039727495805300618 0.033809907887741839 -0.0093348364806259878 0.0072088689710992516 -0.003945822690301538 0.004521242726647925 0.028586074582450428 0.015583244159950712 0.0063355114494686796 -0.036750976526651269
leaf_weight=6.9856702238321304 6.4352765083312979 7.4887313544750231 7.4900796711444881 7.9624352902173996 9.4626705050468463 5.4895384162664405 5.7298851758241645 6.2052826434373847 6.2272622585296622 8.4749620705842954 4.9819888174533835 6.9751678556203851 5.216832995414733 8.478284075856207 9.9348619133233971 10.192383870482436 6.4701041728258142 5.2174242287874204 8.2042054086923581 4.9935479164123562 9.1895914971828443 4.9874780923128119 6.7086686193943024 5.4861389696598009 10.666122749447821 11.447347223758706 5.7064592242240906 8.9754517972469312 5.4804001897573453 6.2071292251348487 5.2260742932558104 9.2233054637908936 7.9555054903030387 4.9829336553812196 5.2279834300279608 8.4094822257757169 5.9811897873878479 12.443169325590132 6.2222333848476401 5.7393207401037216 7.4388545602560026 5.9556731283664721 6.2224901616573316 11.980788141489027
leaf_count=28 26 30 30 32 38 22 23 25 25 34 20 28 21 34 40 41 26 21 33 20 37 20 27 22 43 46 23 36 22 25 21 37 32 20 21 34 24 50 25 23 30 24 25 48
internal_value=-5.44799e-06 -0.0036602 -0.00164038 0.00203881 0.0046664 -0.0197624 0.003188 0.0054376 -0.0116086 -0.0155807 0 -0.0044648 9.00879e-05 -0.000570978 0.00169534 0.00414789 -0.000634827 0.0179235 -0.0108087 -0.0236844 0.00532457 0.0102915 0.0067067 0.00986121 0.0197417 0.00291592 0.00740858 -0.0107132 -0.0163307 -0.00261596 -0.0117922 0 -0.00127821 0.00872284 0.0175184 0.0237846 0.00235669 0 -0.0207991 -0.00749744 0.0187838 0.00534525 0.0205493 -0.0314573
internal_weight=326.48 184.083 165.365 121.217 142.397 18.7176 135.962 118.295 44.1486 37.9214 13.457 38.5447 32.8148 105.815 93.3493 84.871 63.7376 21.1335 17.6669 24.4644 27.598 79.7506 65.1359 60.1484 23.3305 36.8179 31.3318 30.8911 12.4661 18.4084 12.2012 15.6934 19.4029 32.8465 15.4204 14.6148 11.1986 17.4261 15.1977 13.2281 15.4013 12.6643 11.9289 16.9743
internal_count=1312 739 664 487 573 75 547 476 177 152 54 155 132 425 375 341 256 85 71 98 111 321 262 242 94 148 126 124 50 74 49 63 78 132 62 59 45 70 61 53 62 51 48 68
is_linear=0
shrinkage=0.03


Tree=8
num_leaves=41
num_cat=0
split_feature=19 61 38 47 43 40 24 12 39 47 54 12 27 42 43 56 47 52 23 45 38 34 34 24 7 36 47 26 20 23 52 40 45 42 54 12 42 59 27 36
split_gain=6.03396 5.37709 5.0834 6.48338 7.62715 7.17619 6.96778 5.87872 9.34336 9.6862 9.25525 10.8806 8.77346 6.40526 5.80155 4.8236 5.13683 4.53191 5.95958 5.76235 5.39551 4.84756 5.23316 4.53116 4.41983 4.64972 4.30296 4.74406 4.41007 4.22389 4.09935 3.88166 3.27464 3.86444 2.76706 2.32453 2.28645 1.19437 0.99562 0.745297
threshold=1.5403731646791761 138.00000000000003 -2.0649734457058151 0.65706862914288577 0.56825264002896192 0.63377414063419624 1.124484016558192 -0.15951193603452271 0.21782870265676876 -0.016699638618524092 -0.10171170589143444 0.19563172878446169 -0.74453304353389405 0.4047593411890808 1.0000000180025095e-35 -0.75287697516752283 -0.39760263540665503 -0.78731606778043994 -0.3569738996905118 0.85627077246268057 -1.1497380204593517 0.23390226114791596 1.3758545213653417 0.63438418108793371 -0.063713943219854255 0.99306806625762301 0.88522290337832155 -0.19603098244456071 0.52247766753772773 -1.103135673746318 1.0000000180025095e-35 1.0000000180025095e-35 -1.0716200788774954 0.17790548441079687 0.54813504584719508 -0.33307031633899847 0.17790548441079687 0.32316049710578848 0.82378573806113986 1.0000000180025095e-35
decision_type=2 2 2 2 2 2 2 2 2 2 2 2 2 2 2 2 2 2 2 2 2 2 2 2 2 2 2 2 2 2 2 2 2 2 2 2 2 2 2 2
left_child=1 26 -3 5 17 6 7 29 10 -10 12 -12 -9 -11 -8 16 36 -5 -19 20 -20 -21 -23 35 30 -26 27 28 -1 -4 38 -22 -32 -34 -29 -2 -7 39 -17 -31
right_child=23 2 3 4 -6 15 14 8 9 13 11 -13 -14 -15 -16 24 -18 18 19 21 31 22 -24 -25 25 -27 -28 34 -30 37 32 -33 33 -35 -36 -37 -38 -39 -40 -41
leaf_value=0.011879632346662483 -0.0036848077114753717 0.028375924045882357 0.0022577630718004105 0.014267713041152404 0.022865309569353631 0.02839871002731513 -0.028302348784046139 -0.0099381062804214763 -0.011087330026179782 0.045839291915249873 0.0016165709600161344 -0.045037148590787772 0.014824657230818366 0.0079999453158792078 0.0077660708422672481 -0.037649566952800723 -0.011496796095504016 -0.03590054259896705 -0.01931860300786109 0.0051993005001871742 0.019609547933132937 -0.03382116156941678 0 0.006865979334225468 -0.0079357916787954775 0.024460357076205044 0.01033827296607164 -0.034982549179216602 -0.019189921394052102 0.042181327865585552 0.012323685980151823 -0.0083216870975411396 -0.024242168241862233 0.0043164739319965532 -0.0046656001277335431 -0.031140665540387209 0.0026412567561759455 0.011136086540288335 -0.013377201491743457 0.016023148576741843
leaf_weight=7.9375012367963809 4.9894365221261987 5.193683683872222 7.4417642802000072 4.9623438417911521 5.7142449617385855 7.1992649435997027 6.731308773159979 17.148758441209793 4.9751813709735897 10.90985329449177 10.447635456919672 5.9852138161659232 39.956495985388756 7.716878116130828 6.4719064831733704 5.489293694496153 6.4774865359067908 6.9878285229206076 5.7373843193054226 5.4732340425252941 12.422118186950685 13.213251054286959 5.231670454144477 4.9808457195758811 8.7233345955610258 4.9772741049528113 6.2194186300039283 9.2273101806640607 5.7387434542179108 8.3868623673915881 5.2199712097644797 5.2260790020227423 8.4774978905916232 6.2324429154396048 4.9843276143074027 9.7128421068191528 6.2185745686292648 5.2073970139026633 6.7261563092470169 5.2162574827671042
leaf_count=32 20 21 30 20 23 29 27 69 20 44 42 24 161 31 26 22 26 28 23 22 50 53 21 20 35 20 25 37 23 34 21 21 34 25 20 39 25 21 27 21
internal_value=-6.19588e-06 0.00104042 0.00247838 0.00179734 -0.00631509 0.00445889 0.00836183 0.0106154 0.00691654 0.0227393 0.00140524 -0.017387 0.00722196 0.0322255 -0.0112258 -0.00356695 0.00821297 -0.00972297 -0.0123479 -0.00774927 0.00262071 -0.0176807 -0.0246513 -0.0155119 -0.00890393 0.00469101 -0.00990003 -0.014915 -0.00137036 0.0229725 -0.0148273 0.0110211 -0.00530494 -0.0124923 -0.0261922 -0.0233972 0.0183294 0.0301002 -0.0276467 0.0351356
internal_weight=326.289 306.606 272.499 267.305 64.9682 202.337 136.596 123.392 97.14 23.6019 73.5381 16.4328 57.1053 18.6267 13.2032 65.7413 19.8953 59.2539 54.2916 47.3037 23.3856 23.9182 18.4449 19.6831 45.846 13.7006 34.1073 27.8879 13.6762 26.2523 32.1454 17.6482 19.9299 14.7099 14.2116 14.7023 13.4178 18.8105 12.2155 13.6031
internal_count=1312 1233 1096 1075 261 814 550 497 391 95 296 66 230 75 53 264 80 238 218 190 94 96 74 79 184 55 137 112 55 106 129 71 80 59 57 59 54 76 49 55
is_linear=0
shrinkage=0.03


Tree=9
num_leaves=49
num_cat=0
split_feature=33 45 40 45 55 29 37 33 47 61 29 37 42 39 31 37 32 28 60 20 19 42 43 51 29 34 50 44 36 49 26 19 61 20 50 57 18 61 48 47 41 40 40 45 28 19 14 45
split_gain=5.77901 5.96786 6.36155 5.85122 5.04939 4.94134 6.65847 4.85371 4.62951 4.49312 4.09775 4.00988 7.97933 7.70823 5.70899 5.83103 4.7076 4.23177 3.82098 4.03862 3.758 3.74075 3.42469 3.41151 3.38442 4.16584 5.14066 3.79137 3.12614 3.35141 3.03942 2.98249 2.90675 3.41424 4.15894 2.78382 2.67281 2.30352 2.1005 1.89248 1.76159 1.70478 1.58392 1.4281 1.27603 1.04539 0.515993 0.442899
threshold=1.0000000180025095e-35 1.5431853120473129 0.63377414063419624 1.0507996886691882 -1.0040105556982333 0.3745053546899747 -0.82930776677069129 0.29568178728495181 1.8950490067026193 531.00000000000011 -1.1021430427956633 -0.12045785984661384 0.4047593411890808 -0.59091307508302926 0.42137584440792059 0.73606911101998018 0.12596636263129407 0.70679985409734514 600.50000000000011 0.52247766753772773 -0.7117337121021915 -0.50265608592405486 0.1307559065718529 1.0000000180025095e-35 1.0000000180025095e-35 -0.26990020659506625 -0.42715684704440116 -0.27132056281811467 0.77647507347796474 -0.43719013139113166 0.66924386989644169 0.35505375584687721 672.00000000000011 1.0439616536993854 -0.64073527056660173 1.0000000180025095e-35 0.68315639195242828 466.50000000000006 -0.5662641447636555 1.1795489195929616 0.18194323184955905 -0.33829217848486753 -1.1003140165882537 0.37136098704906312 1.0000000180025095e-35 -0.35613788945250197 -0.032595081453183149 -0.58162034740296775
decision_type=2 2 2 2 2 2 2 2 2 2 2 2 2 2 2 2 2 2 2 2 2 2 2 2 2 2 2 2 2 2 2 2 2 2 2 2 2 2 2 2 2 2 2 2 2 2 2 2
left_child=1 2 3 10 18 6 7 -6 39 -9 22 13 14 -12 15 20 -14 37 19 -2 -13 -11 -1 24 25 36 -27 -26 29 -7 -16 -18 33 34 38 44 45 -15 -4 -3 -39 -5 -20 47 -31 -8 -17 -36
right_child=4 8 32 41 5 28 23 9 -10 21 11 12 16 17 30 46 31 -19 42 -21 -22 -23 -24 -25 27 26 -28 -29 -30 35 -32 -33 -34 -35 43 -37 -38 40 -40 -41 -42 -43 -44 -45 -46 -47 -48 -49
leaf_value=-0.030170069046388547 -0.015162460350089644 -0.015931869692242834 -0.014588086155807607 0.0069846035221255024 0.01494662422954501 -0.015212694992238256 0.016651683420388915 -0.032389366903454897 -0.039156233053046136 0.0084483865928598988 -0.016628666845173699 0.024726159956331276 0.0041518846189770075 0.0074727038776618076 0.037058888796252937 -0.024812077171061798 -0.032253869976105048 -0.0022660475202883178 0.036273190670425719 0.018313624073620052 -0.0021778194563859565 -0.019549096633376797 0 -0.0057362632898542128 0.01588984317465706 0.024387715780726814 -0.009333882022027673 -0.013646752537079513 -0.023407717177200679 -0.012539533784268359 0.0036139261902321824 -0.0037248614041853383 0.0057309105124272817 0.003670380986181606 -0.015502366302772751 0.019972280572517612 0.0054729211907001965 0.011373782643921405 0.0085638881906839083 0.004611320120751195 0.040827181758605877 0.029069438238476589 0.011441063620291111 -0.010122919451938182 0.005937382305469115 0.038905262607812158 -0.0065006921925485845 -0.038721390133683753
leaf_weight=5.7369823157787305 4.9673487693071383 7.4851859509944934 5.2349088937044144 8.9240239858627302 5.7081519812345531 9.4517721086740512 8.4252029955387098 5.9834541231393841 5.4724085479974738 8.9277220815420169 6.4724608957767478 6.1998290419578543 6.4736855626106289 7.6934195160865846 4.9578807950019819 5.2380189001560211 11.233626231551172 6.9599010646343222 6.6580798625946045 4.9567828476428986 10.447720363736158 5.7208096683025316 6.2276010662317276 7.950582116842269 5.9507125318050385 5.2050277739763251 8.7119369804859179 6.7209763973951322 7.2204327583312979 5.2113198190927523 5.2282889187335968 5.7218572795391074 6.4760526269674292 6.7283132821321479 5.4879330098629007 5.9553382396697989 6.1980665028095236 5.213200628757475 5.736157953739168 5.7387310266494751 6.9290132224559784 6.4464133828878394 7.4195539653301221 6.7257693260908118 4.9730243235826492 9.8773605972528475 4.9692552834749204 7.7242480814456949
leaf_count=23 20 30 21 36 23 38 34 24 22 36 26 25 26 31 20 21 45 28 27 20 42 23 25 32 24 21 35 27 29 21 21 23 26 27 22 24 25 21 23 23 28 26 30 27 20 40 20 31
internal_value=-7.73219e-06 -0.00352599 -0.00158905 0.00194389 0.00448958 0.00179603 0.00562299 -0.0065269 -0.0189531 -0.0133493 -0.000611331 0.00152993 -0.00299721 0.00970562 0.00552051 -0.00179411 -0.0162261 0.016823 0.0166324 0.00124177 0.00872665 -0.00291438 -0.0161345 0.0111701 0.0140037 0.0182938 0.00403473 1.41848e-05 -0.00779774 -0.00211985 0.0230732 -0.0240367 -0.0111621 -0.0143304 -0.0184225 0.00584909 0.0254625 0.0234906 -0.002428 -0.00704776 0.0312623 0.0183638 0.0259326 -0.026158 -0.00339976 0.0310016 -0.0183851 -0.0320486
internal_weight=326.077 183.883 165.187 121.073 142.194 118.192 85.38 26.3401 18.6963 20.632 105.703 93.7382 60.4702 33.268 37.041 26.8548 23.4292 26.7955 24.0018 9.92413 16.6475 14.6485 11.9646 59.0399 51.0893 38.4176 13.917 12.6717 32.8119 25.5915 10.1862 16.9555 44.1134 37.6373 30.909 16.1397 24.5006 19.8356 10.9711 13.2239 12.1422 15.3704 14.0776 19.938 10.1843 18.3026 10.2073 13.2122
internal_count=1312 739 664 487 573 476 344 106 75 83 425 377 243 134 149 108 94 108 97 40 67 59 48 238 206 155 56 51 132 103 41 68 177 151 124 65 99 80 44 53 49 62 57 80 41 74 41 53
is_linear=0
shrinkage=0.03


Tree=10
num_leaves=42
num_cat=0
split_feature=19 60 61 50 31 2 38 47 43 40 12 47 14 42 39 42 60 12 56 47 1 36 47 45 31 44 32 12 45 41 19 29 36 20 46 29 38 16 46 38 30
split_gain=5.57451 6.54045 5.06588 5.39627 6.92287 4.90674 4.8107 6.12714 7.21459 6.57187 6.04091 6.63215 7.90864 6.74991 8.00383 11.7594 4.83252 4.83158 4.59402 4.8947 4.19314 4.41502 3.83559 3.75245 3.64933 3.91154 3.46499 4.67801 8.39853 3.43092 2.96919 2.94295 2.91564 2.71499 1.95341 5.1048 1.26733 1.13307 1.05184 0.967344 0.600815
threshold=1.5403731646791761 600.50000000000011 138.00000000000003 -0.42715684704440116 -0.79198808952030375 -0.29744251054122034 -2.0649734457058151 0.65706862914288577 0.56825264002896192 0.63377414063419624 -0.15951193603452271 -0.7822353460042738 0.87591963722241861 -0.50265608592405486 0.21782870265676876 0.4047593411890808 655.50000000000011 1.3982808671731746 -0.75287697516752283 -0.39760263540665503 -0.095621526622505823 0.99306806625762301 0.75704572282675731 0.85627077246268057 0.24381039066232671 -0.54415068707350522 -0.59796871996906598 0.14584768360893849 -0.99840427317850766 0.18194323184955905 -0.11907400768604226 -0.6994207525723074 -0.83812723633403452 -0.520490304785587 0.66345741029743299 -0.34144538348488018 -0.31077221398342741 -0.025244096613390148 -0.38481266498536021 0.45192397372195875 -1.0000000180025095e-35
decision_type=2 2 2 2 2 2 2 2 2 2 2 2 2 2 2 2 2 2 2 2 2 2 2 2 2 2 2 2 2 2 2 2 2 2 2 2 2 2 2 2 2
left_child=2 -2 3 5 -5 -1 -4 9 16 10 34 12 39 33 17 -16 22 -15 19 29 26 -22 -9 24 -24 -26 -20 28 -28 -11 -6 -3 -25 38 37 -36 -34 -8 -13 -12 -35
right_child=1 31 6 4 30 -7 7 8 -10 18 11 13 -14 14 15 -17 -18 -19 20 -21 21 -23 23 32 25 -27 27 -29 -30 -31 -32 -33 36 40 35 -37 -38 -39 -40 -41 -42
leaf_value=-0.016439782560543154 -0.03490318707872387 -0.015180996649720863 0.027634169503406306 0.0064036720275267309 -0.0083041037313224524 0.016027285562639125 0.040673999305752946 -0.023275177482438295 0.022248599760188243 0.029384173063014933 -0.03058951271409301 0.01479499615697877 0.01235182735692481 0.0013276065424006824 0.03510832488305643 -0.0032685680755363926 -0.027464171314290079 -0.020690547130094841 -0.028780805929132475 -0.011102058602266119 -0.0076310577133127276 0.023948527319994067 -0.0083698150667261169 0.0044109211488065981 0 0.02971101990835618 0.015321193438992957 0.015335123542229786 -0.026136788985809314 0 -0.040625162481080467 0.01108213391318315 -0.026506809173169631 0.016925782093042362 0.029928251910793419 -0.0023596075950905108 -0.0050700926001414912 0.014245434521048587 -0.0020536453531424946 -0.0084093188396142989 0.038356752157549981
leaf_weight=5.2257940620183936 7.1948213130235699 5.4880178570747384 5.1722435206174842 5.6920840591192237 5.4770504534244528 9.4514313340187055 5.1629562079906464 7.2217507213354102 5.7004499137401572 7.6811485886573809 7.4776325374841708 5.1871838867664337 7.4398221075534812 26.095807015895844 12.11709898710251 14.187252402305601 9.7137010693550092 11.703133553266523 9.2250979542732221 6.4733111560344687 8.7214236706495267 4.9669640958309165 7.9615267664194134 6.4568998962640789 8.4571144878864253 6.6807191222906122 4.9607341140508661 4.9812265485525122 12.961745709180835 5.7225426584482193 8.2320842295885104 6.9754127711057636 6.7215968668460855 8.6575204282999021 5.9054417312145224 9.6540935188531858 5.979084134101865 6.4422315061092394 4.96772748231888 5.2211824953556061 6.1478032469749442
leaf_count=21 29 22 21 23 22 38 21 29 23 31 30 21 30 105 49 57 39 47 37 26 35 20 32 26 34 27 20 20 52 23 33 28 27 35 24 39 24 26 20 21 25
internal_value=-4.78644e-06 -0.0149179 0.00100119 -0.00962096 -0.0194845 0.00364408 0.00239878 0.00173582 -0.00615379 0.00432575 0.00806518 0.00470144 -0.0102002 0.00825032 0.00280862 0.0151343 -0.00947017 -0.00586641 -0.00335398 0.00814155 -0.00856792 0.00466633 -0.00511571 -0.00118363 0.00662451 0.0149148 -0.0143414 -0.0068681 -0.0140557 0.0180198 -0.0301993 -0.000441111 -0.0106862 0.0210476 0.0204245 0.0110972 -0.0184391 0.0297706 0.00683441 -0.0237444 0.0289028
internal_weight=325.863 19.6583 306.205 34.0784 19.4012 14.6772 272.126 266.954 64.8928 202.061 136.367 109.202 20.1386 89.0635 64.1033 26.3044 59.1924 37.7989 65.6942 19.877 45.8172 13.6884 49.4787 42.2569 23.0994 15.1378 32.1288 22.9037 17.9225 13.4037 13.7091 12.4634 19.1576 24.9602 27.1647 15.5595 12.7007 11.6052 10.1549 12.6988 14.8053
internal_count=1312 79 1233 137 78 59 1096 1075 261 814 550 440 81 359 258 106 238 152 264 80 184 55 199 170 93 61 129 92 72 54 55 50 77 101 110 63 51 47 41 51 60
is_linear=0
shrinkage=0.03


Tree=11
num_leaves=48
num_cat=0
split_feature=33 55 48 28 30 44 12 56 37 20 53 55 41 38 1 37 46 53 33 44 27 19 33 39 48 0 46 44 52 23 1 55 37 14 2 39 19 35 62 49 55 20 19 48 48 32 58
split_gain=5.41328 4.7794 4.50587 4.52943 6.77594 4.88307 6.30662 6.13707 7.67891 4.76032 5.66489 4.50482 5.66844 4.14947 6.38907 5.33004 5.23248 6.95959 6.16662 3.66099 5.03868 4.45622 3.83986 4.26752 3.40192 3.31883 3.00831 2.93257 5.36045 4.43039 5.44961 4.42005 5.83362 5.10985 3.45199 3.02606 2.77948 2.71185 2.35527 2.33051 1.68433 1.66055 1.4412 1.3468 0.50258 0.411428 0.0205221
threshold=1.0000000180025095e-35 -1.5286322898803191 1.8096352272795999 -1.465054332925342 0.21527734297539566 0.71895174003478457 0.13374158835977806 -0.75287697516752283 -0.35674116215463963 0.78321966061855652 1.0000000180025095e-35 0.60387577871873688 -1.0359624833883081 -0.84465954537719756 0.66832200223544247 1.2972419540015416 -0.049259222124824469 -0.93434545724683693 -0.41738629764250862 -0.69572297832649999 -1.0581967998529007 -1.3043934165183406 0.29568178728495181 -0.59091307508302926 0.029930410048357118 -0.14675559314419348 -0.60430710244078634 0.27433968569266642 0.41101186833085629 -0.3569738996905118 -0.28660740883699304 0.36299216906910603 -0.12045785984661384 0.19694569960890093 -0.80098092027965395 -0.17036735065833422 -1.5414572982848005 -0.64916821027994931 1.0000000180025095e-35 -0.23019141165631943 -0.13109264288315217 0.52247766753772773 0.23652181496364733 -0.36833871718424438 0.19946356649901817 0.12596636263129407 1.0000000180025095e-35
decision_type=2 2 2 2 2 2 2 2 2 2 2 2 2 2 2 2 2 2 2 2 2 2 2 2 2 2 2 2 2 2 2 2 2 2 2 2 2 2 2 2 2 2 2 2 2 2 2
left_child=2 -2 3 -1 11 9 7 -7 43 10 -6 12 -5 14 15 45 17 -15 38 20 -3 36 23 -23 -11 44 -25 31 29 30 -29 32 41 -34 -32 -30 -21 46 -18 -19 -20 -24 -39 -9 -12 -14 -22
right_child=1 19 -4 4 5 6 -8 8 -10 24 25 -13 13 16 -16 -17 18 39 40 21 37 22 27 26 -26 -27 -28 28 35 -31 34 -33 33 -35 -36 -37 -38 42 -40 -41 -42 -43 -44 -45 -46 -47 -48
leaf_value=-0.022150111025561872 0.027203896884832091 -0.0099374546797526952 -0.022893880570948218 -0.020134015797876773 -0.034233487485166712 0.019751031242950825 0.02524376920383015 -0.035286273621735059 0.012353502271543514 -0.01511615896522967 -0.022384014869352313 -0.016216704472257596 -0.010754834318414288 -0.0056854121905052062 0.019933935252878857 0.011135598630774802 -0.022276901585375517 0.037076677574428438 0.0040880183110714773 0 0.016239294418201735 -0.0055877124473226744 -0.026487971143981118 0.00046748594191033165 0.010903587261587057 0.010718076716104828 0.029819357906768457 0.01879777677063026 0.022760477045335844 -0.029978022799987493 0.0011137568188339638 0.023164883723959466 -0.0042401208901561224 0.026889522520372026 -0.027134086246869183 -0.0039569388897110341 -0.028031443176277177 0.014786789437967613 0.00068987562460743506 0.015220502241085372 0.028318471311235095 -0.0017403808899808962 -0.0043909241151880302 -0.01075433198630032 -0.0051365775329749288 -0.029417523037812886 0.035544429097271381
leaf_weight=8.2269966304302198 6.3797986656427375 5.9594585597515133 8.6741776615381223 5.2270429432392111 13.443159118294718 4.9641570746898713 6.2082173675298682 6.4741748720407548 5.721053615212436 6.4687082320451728 4.9779722541570646 7.2105887979269019 6.2255112379789335 6.4590599983930508 6.7059945315122595 4.9774847924709311 6.4778753370046633 12.095753222703928 6.4517318159341812 5.7171995639801025 6.9273460954427755 6.4562892913818386 5.4707603007555026 4.9486806988716134 8.9376796185970289 4.9758179485797873 10.148089200258251 4.9508977085351935 5.6873321533203125 8.4576332271099108 6.4417895227670652 7.9000918716192237 9.1715103089809435 7.1427457630634299 6.7276825755834615 6.6964045763015729 5.9865690767765027 5.7078391462564433 6.9512625932693481 13.884094804525381 4.9632886797189837 4.9613032788038254 5.200366884469986 6.4630318433046332 4.9771520793437958 5.4894713908433914 4.919478565454483
leaf_count=33 26 24 35 21 54 20 25 26 23 26 20 29 25 26 27 20 26 49 26 23 28 26 22 20 36 20 41 20 23 34 26 32 37 29 27 27 24 23 28 56 20 20 21 26 20 22 20
internal_value=0 0.00436045 -0.00340331 -0.00221659 -0.00100861 -0.0077568 0.00141866 -0.00573738 -0.0137815 -0.0139811 -0.0209687 0.00430085 0.00634034 0.00846471 -0.00188731 -0.0119043 0.0127355 0.0204187 0.00188449 0.00295585 0.0121817 0.000287206 0.00256994 0.0132692 -3.83352e-05 -0.00662562 0.0214712 -0.000685441 -0.00628986 -0.0137351 -0.00413565 0.00545051 -0.000521683 0.0101689 -0.0142067 0.00901446 -0.0160023 0.0184783 -0.011112 0.0270831 0.0171535 -0.0169197 0.00573491 -0.0258371 -0.0160865 -0.0223004 0.0277992
internal_weight=325.591 141.959 183.631 174.957 166.73 73.6111 29.8306 23.6224 18.6583 43.7805 28.3741 93.1192 85.9086 80.6815 23.3985 16.6925 57.2831 32.4389 24.8442 135.579 28.7145 106.865 95.1612 21.5531 15.4064 14.9309 15.0968 73.6082 38.9617 26.578 18.1204 34.6464 26.7463 16.3143 13.1695 12.3837 11.7038 22.755 13.4291 25.9798 11.415 10.4321 10.9082 12.9372 9.95512 11.715 11.8468
internal_count=1312 573 739 704 671 296 120 95 75 176 114 375 346 325 94 67 231 131 100 547 116 431 384 87 62 60 61 297 157 107 73 140 108 66 53 50 47 92 54 105 46 42 44 52 40 47 48
is_linear=0
shrinkage=0.03


Tree=12
num_leaves=45
num_cat=0
split_feature=19 33 45 40 12 53 40 40 24 45 42 37 20 33 39 37 30 18 30 20 59 36 40 12 45 44 45 20 39 44 40 19 39 45 44 53 34 23 12 31 19 0 54 30
split_gain=5.17942 4.5871 4.60335 4.83191 5.29517 4.39549 5.76056 4.38898 4.18935 4.17464 5.32548 7.45889 5.75591 5.47997 7.38656 4.61835 4.50499 4.16422 4.11297 4.09093 3.91983 6.99939 4.38831 3.8833 6.09321 3.59988 7.29833 4.63484 4.06019 3.53987 3.37384 3.19926 3.00604 3.35374 2.85258 2.70419 2.6847 2.3468 2.25948 2.15368 2.06237 1.88058 1.84042 1.63903
threshold=1.5403731646791761 1.0000000180025095e-35 1.5431853120473129 0.63377414063419624 1.5938652076794835 1.4716628644565002 -0.59229945785266291 -0.5076303647300644 0.63438418108793371 1.0894969189761727 0.4047593411890808 -0.12045785984661384 1.0000000180025095e-35 -1.1601655527752799 0.088430018218401171 0.73606911101998018 0.21527734297539583 0.7517516514724919 0.24496452754379175 1.0439616536993854 -0.82274915749635869 0.77647507347796474 -0.21128853880096968 0.14584768360893849 -0.012167070441372522 0.51685535169745822 -0.45549383524380577 -0.520490304785587 -0.68796208841180495 -0.27132056281811467 0.80474057867021209 -0.7117337121021915 -0.45269175306931847 -0.78153829598170932 0.51685535169745822 -0.93434545724683693 -1.0000000180025095e-35 -1.3163247520479771 -0.33307031633899847 -0.58482839348377758 -1.0000000180025095e-35 -1.0222012911501237 0.2313211723416054 -0.49721508666610731
decision_type=2 2 2 2 2 2 2 2 2 2 2 2 2 2 2 2 2 2 2 2 2 2 2 2 2 2 2 2 2 2 2 2 2 2 2 2 2 2 2 2 2 2 2 2
left_child=1 2 3 4 9 6 31 -6 38 10 12 16 15 -13 -15 18 -12 20 -1 40 21 37 29 24 32 27 30 28 -24 -22 -27 -3 -5 -34 -26 -33 -29 -8 -2 -37 -14 -4 -21 -41
right_child=8 5 41 23 7 -7 17 -9 -10 -11 11 13 19 14 -16 -17 -18 -19 -20 42 22 -23 25 -25 34 26 -28 36 -30 -31 -32 35 33 -35 -36 39 -38 -39 -40 43 -42 -43 -44 -45
leaf_value=0.013897702354208553 -0.0028614010032889537 -0.0021587198004133501 -0.02899205184974284 -0.0030291156697322126 -0.029502597623001829 0.026223828990826755 0.0050145919578685506 0.001747702221476727 0.007037328201656633 0.022300479184155158 0.023325169285849753 0.0073513008336757151 0.035951184879340445 0.0021917597086256635 -0.038183589387925217 -0.023352121333197112 -0.0054768813562147585 -0.020950688391752546 -0.011266703346850298 -0.0083668431029597628 -0.027104961882166757 -0.011694906588917576 -0.021880380185438773 0.0081223412036319619 -0.014093119125949561 0.022671101932507813 -0.024650140144433987 0.023273002022005211 0.010146916547745284 0 -0.006929083574733496 0.0020440100513688404 -0.0070297350346614626 -0.04141626381716703 0.010888799246592418 0.032671317092509158 -0.00067215193156307544 0.03422464680881699 -0.029630414892016281 -0.00015570876664511844 0.009329943069940656 -0.0046391589675642024 0.013924410133227419 0.02053366037790743
leaf_weight=15.071093112230306 4.9801739007234582 8.6500001102685911 6.2028941661119461 5.4798872768878928 6.4759313613176346 6.9084411561489096 4.942795842885972 7.2075121551752073 4.9711507707834235 9.6157910972833616 7.9031985998153713 5.2119058370590237 9.4004800170660001 5.4789399206638363 10.730391502380369 4.9887012243270865 8.7113696336746198 6.7189601212739936 7.4481539577245703 5.2251306027173978 8.2101614624261838 5.712136670947074 5.4805199503898621 7.7152561098337165 5.2414554953575125 5.695437431335451 9.4693701863288862 14.349621266126631 5.6961921751499158 7.4315027594566336 5.2205590605735779 8.6318900138139707 4.9860457032918921 8.6920992881059664 8.9475748687982541 10.267028450965883 4.9776090681552949 7.6234447062015542 9.6628186702728271 5.6946369558572769 6.1994661986827877 6.7237176746129972 4.9499554336071014 5.434762969613077
leaf_count=61 20 35 25 22 26 28 20 29 20 39 32 21 38 22 43 20 35 27 30 21 33 23 22 31 21 23 38 58 23 30 21 35 20 35 36 42 20 31 39 23 25 27 20 22
internal_value=0 0.000973848 -0.00230836 -0.000758324 0.00237741 0.00503448 0.00357881 -0.0141004 -0.0143866 0.00484361 0.00261009 -0.00574057 0.00867465 -0.0170306 -0.0251678 -0.000759827 0.0086894 -0.000507 0.00514104 0.0184515 0.00137908 0.0131563 -0.00198706 -0.00942744 -0.0138348 0.00227073 -0.00702914 0.00871133 -0.00581517 -0.0151761 0.00890474 0.0130548 -0.0242451 -0.0312103 0.000812887 0.0175217 0.0172137 0.0249217 -0.0220096 0.0229608 0.0274691 -0.0185403 0.00235919 0.0107112
internal_weight=325.336 305.722 168.607 155.68 114.618 137.115 130.207 13.6834 19.6141 100.935 91.3188 38.0358 53.283 21.4212 16.2093 27.5079 16.6146 91.5283 22.5192 25.775 84.8094 18.2784 66.531 41.0623 33.3471 50.8893 20.3854 30.5039 11.1767 15.6417 10.916 38.6783 19.158 13.6781 14.189 30.0283 19.3272 12.5662 14.643 21.3964 15.5999 12.9266 10.1751 11.1294
internal_count=1312 1233 679 627 462 554 526 55 79 407 368 153 215 86 65 111 67 369 91 104 342 74 268 165 134 205 82 123 45 63 44 157 77 55 57 122 78 51 59 87 63 52 41 45
is_linear=0
shrinkage=0.03


Tree=13
num_leaves=39
num_cat=0
split_feature=19 60 61 50 31 11 38 47 43 40 24 19 47 42 39 60 37 55 20 23 27 24 29 49 45 27 55 56 35 27 19 29 28 45 23 46 20 54
split_gain=4.91336 6.19205 4.82486 4.96771 6.39775 4.55191 4.51846 5.61819 6.77535 5.82365 6.91849 5.24527 11.9226 6.88439 8.96279 4.40806 4.60631 5.2109 5.04462 4.98538 3.88046 3.82194 4.04525 8.32596 4.76659 4.982 3.44432 3.31052 3.17523 3.12113 2.82071 2.75999 2.68346 2.43836 2.9515 2.20555 1.7599 0.188681
threshold=1.5403731646791761 600.50000000000011 138.00000000000003 -0.42715684704440116 -0.79198808952030375 -1.0000000180025095e-35 -2.0649734457058151 0.65706862914288577 0.56825264002896192 0.51444654510701748 1.124484016558192 0.35505375584687721 -0.81643901992023316 -0.50265608592405486 0.21782870265676876 655.50000000000011 0.73606911101998018 -0.15692229295991519 0.52247766753772773 1.0000000180025095e-35 -0.74453304353389405 -1.0809652430579708 -1.1021430427956633 1.0000000180025095e-35 -1.0716200788774954 1.0000000180025095e-35 1.3596812972415344 1.0000504275295319 0.098117481622716635 -1.0581967998529007 -0.11907400768604226 -0.6994207525723074 0.34482415626023039 -0.79266650689589391 -1.103135673746318 0.68744335664097667 0.52247766753772773 -0.24456246921075983
decision_type=2 2 2 2 2 2 2 2 2 2 2 2 2 2 2 2 2 2 2 2 2 2 2 2 2 2 2 2 2 2 2 2 2 2 2 2 2 2
left_child=2 -2 3 5 -5 -1 -4 9 15 10 11 12 36 20 -15 16 17 19 -18 -9 -14 35 23 -23 37 -26 -27 33 -12 -21 -6 -3 -19 -13 -35 -11 -8 -24
right_child=1 31 6 4 30 -7 7 8 -10 21 28 27 13 14 -16 -17 18 32 -20 29 -22 22 24 -25 25 26 -28 -29 -30 -31 -32 -33 -34 34 -36 -37 -38 -39
leaf_value=0.015285206038363159 -0.03353095815517091 -0.014350642878664483 0.026834246714159474 0.0060211150308542962 -0.0078974623764396252 -0.01600369293962561 -0.028229251142638336 -0.01201378307313097 0.021657394769066935 -0.027402047289526697 -0.02507402508813868 0.0066838971123884035 0.0038511859419132644 -0.0062807885986323865 0.02120055830979584 -0.026322122783697464 -0.029954517613812279 0.00031360212553031093 0.0010977629195839992 -0.00030373158922127248 0.033498341038458924 -0.0086671097177536439 0.0052644093229267533 0.034478632197414073 0.011547619479784011 -0.018680238034334204 0.0010048591063673373 0.0011770496176911694 0.003494044254616714 0.026618864843006965 -0.039370089332400486 0.011120685673346063 -0.026080140011191386 0.0057346355136441238 0.035024804360008571 -0.00038410710465352425 -0.0039539682226839195 0.018663507531116612
leaf_weight=9.422743156552313 7.1463193446397808 5.4745972305536279 5.1370888948440543 5.6723379492759696 5.4709329009056082 5.2209733873605719 6.9738740622997266 5.2187782526016226 5.6824202686548224 6.218121871352194 6.2296364754438383 7.6697649955749538 6.6557289510965374 27.571093499660492 15.305364444851874 9.6929717510938627 9.4533593356609362 5.9481103867292422 7.4503148496150962 4.9617900550365404 13.484435006976126 6.4597107023000699 4.9422910660505295 6.9246164709329605 8.209477558732031 23.873813450336456 10.65000408887863 7.8989738821983329 5.225374698638916 10.874193266034128 8.2128089517354983 6.9712610840797398 5.4842205047607422 5.1805113554000881 16.407420217990875 4.9788001477718353 5.7127524018287659 4.9489559084176999
leaf_count=38 29 22 21 23 22 21 28 21 23 25 25 31 27 111 62 39 38 24 30 20 55 26 20 28 33 96 43 32 21 44 33 28 22 21 67 20 23 20
internal_value=-7.85527e-08 -0.0140243 0.000944135 -0.00943288 -0.0189039 0.00330754 0.00231069 0.00166753 -0.00589222 0.00415227 0.00814593 0.0104512 0.0056128 0.0110523 0.00377889 -0.00911148 -0.00493969 0.0016151 -0.0169682 0.0104061 0.0249242 -0.00223469 0.000564342 0.0144771 -0.00316647 -0.00763358 -0.0126522 0.0195533 -0.0126835 0.0185409 -0.0292054 0 -0.0134402 0.0240201 0.0290851 -0.0173255 -0.0192949 0.01407
internal_weight=325.016 19.5922 305.424 33.9998 19.3561 14.6437 271.424 266.287 64.7662 201.521 124.315 112.86 75.7032 63.0166 42.8765 59.0837 49.3908 32.4871 16.9037 21.0548 20.1402 77.2058 66.0089 13.3843 52.6245 42.7333 34.5238 37.1567 11.455 15.836 13.6837 12.4459 11.4323 29.2577 21.5879 11.1969 12.6866 9.89125
internal_count=1312 79 1233 137 78 59 1096 1075 261 814 503 457 306 255 173 238 199 131 68 85 82 311 266 54 212 172 139 151 46 64 55 50 46 119 88 45 51 40
is_linear=0
shrinkage=0.03


Tree=14
num_leaves=45
num_cat=0
split_feature=33 60 60 61 38 44 54 45 30 16 30 54 60 23 45 16 28 54 29 25 61 18 20 57 45 36 30 27 45 45 37 29 36 28 27 61 54 31 47 36 33 36 53 33
split_gain=4.81096 5.54675 4.50617 5.27819 5.25776 4.76187 4.47577 6.16426 6.1485 6.44432 7.04041 5.34631 4.9815 4.92578 4.91369 7.70267 6.98882 5.79783 4.36574 4.87205 4.13918 4.03227 3.7746 5.38127 3.44418 3.38581 2.81106 2.6968 2.62715 7.42452 3.38093 4.15854 3.3964 4.15181 2.73542 2.9319 2.46045 2.28636 2.14302 1.63903 1.54766 1.31798 2.56551 0.0531217
threshold=1.0000000180025095e-35 788.50000000000011 430.00000000000006 151.00000000000003 -0.53958107029504299 0.27433968569266642 1.9531152116421127 1.5646568764237381 0.21527734297539566 0.3370534419636298 -0.67533819407648288 0.84993958470002318 407.00000000000006 1.0000000180025095e-35 0.39809618384023615 0.52632034447189258 1.4307512497715742 -0.22427262666949027 -0.34144538348488018 -0.78352114545061113 572.00000000000011 0.41544139128831775 1.0439616536993854 1.0000000180025095e-35 -0.079539553774353539 -0.601843971483498 -0.85346130148685873 -0.43086928721488743 -1.0515309886577779 -0.90387577866701585 -0.35674116215463963 0.3745053546899747 -0.601843971483498 0.34482415626023039 0.82378573806113986 642.00000000000011 -0.27120087413025901 0.24381039066232671 -0.61619789646333556 -0.601843971483498 -0.17969693600002182 0.99306806625762301 0.87016078403066577 -0.89276502092748233
decision_type=2 2 2 2 2 2 2 2 2 2 2 2 2 2 2 2 2 2 2 2 2 2 2 2 2 2 2 2 2 2 2 2 2 2 2 2 2 2 2 2 2 2 2 2
left_child=1 6 5 4 -4 22 7 8 9 10 12 -9 -1 36 15 16 41 -16 19 -19 26 -7 23 27 -6 -11 -14 -2 38 -30 34 39 -33 -34 35 -31 -12 -27 -5 -32 43 42 -10 -15
right_child=2 -3 3 28 24 21 -8 11 14 25 13 -13 20 40 17 -17 -18 18 -20 -21 -22 -23 -24 -25 -26 37 -28 -29 29 30 31 32 33 -35 -36 -37 -38 -39 -40 -41 -42 -43 -44 -45
leaf_value=0.017789199397761087 -0.0066973702251843315 -0.02507460806123275 0.014348977285808405 0.0095809082190743723 -0.02942455048228515 -0.02849792163554879 0.019676715444581678 0.00033170002465958968 -0.035685286996522882 -0.023354614038964657 0.012374735826086964 -0.034750619327113229 0.0105883643034117 0.036959799601264914 0.026092002668588632 0.0090310785418899007 0.0059179027151499914 -0.032832878568634004 0.01433805333887429 0.0030163455242428047 -0.023249874079011818 0.00028817501716118252 0.020959058356271126 -0.025373179362899137 0 -0.009681803037455675 -0.014295776706201063 0.018689077194942796 -0.022922366046102059 -0.020452728443956833 0.0091489308657518517 0.019852649571140909 -0.015719772345835929 0.014279387770963761 0.013069308397908123 0.0045070714629984431 -0.011631290322949926 0.013884501941374578 0.035675115891625947 0.032425889616041259 0.0071416010976820396 -0.0073495944377500663 -0.0097973465560799947 0.019813658330127156
leaf_weight=6.9205370247364 5.4402321428060549 8.4461286664009076 5.9039771109819439 9.1033346652984601 6.7251781523227701 8.6827454417943937 6.685971960425376 5.9557200223207465 16.414463639259345 8.2001260817050952 6.676409512758255 8.1707261800765973 9.4266766160726565 6.8809656351804724 5.6715060919523266 9.4214799255132657 6.6930005252361289 5.4761612117290532 4.9575642645359013 5.6906987130641937 8.9626524895429593 6.9217886328697196 6.6328761130571356 5.2170816659927359 6.2050334215164158 7.2051955461502057 4.97537538409233 6.669948965311054 4.9793908894062033 5.965659677982333 6.3954564779996899 8.0866848677396757 8.1845630556345004 5.693055421113967 9.1403595805168134 8.1639019101858121 5.6850160360336357 4.9411791861057281 5.3628534376621237 12.042533606290815 5.916650637984282 4.9593893736600867 6.9602983295917502 11.872337996959685
leaf_count=28 22 34 24 37 27 35 27 24 66 33 27 33 38 28 23 38 27 22 20 23 36 28 27 21 25 29 20 27 20 24 26 33 33 23 37 33 23 20 22 49 24 20 28 48
internal_value=-2.25142e-06 -0.00321947 0.00410996 0.00743651 -0.00632732 -0.00427445 -0.00192448 -0.00298586 -0.00111072 0.00403264 0.00852926 -0.0209639 -0.00202407 0.0170586 -0.00794421 -0.0135483 -0.0199074 0.00336325 -0.00583105 -0.0158964 -0.00885312 -0.0164728 0.00393679 -0.00341134 -0.0166942 -0.010134 0.00107691 0.00736269 0.0106831 0.00777687 0.010742 0.0158502 0.00600037 -0.00283052 0.00120812 -0.00659886 0.000837569 0 0.0220731 0.0259486 0.0244433 -0.0261997 -0.0292735 0.0286725
internal_weight=324.683 183.166 141.517 101.952 18.8342 39.5647 174.72 168.034 153.908 87.6631 67.3166 14.1264 30.2852 37.0314 66.2446 44.4486 35.0272 21.7959 16.1244 11.1669 23.3647 15.6045 23.9601 17.3273 12.9302 20.3465 14.4021 12.1102 83.1178 68.6516 63.6722 40.4023 21.9643 13.8776 23.2699 14.1296 12.3614 12.1464 14.4662 18.438 24.67 28.3342 23.3748 18.7533
internal_count=1312 739 573 413 76 160 705 678 621 354 272 57 122 150 267 179 141 88 65 45 94 63 97 70 52 82 58 49 337 278 258 164 89 56 94 57 50 49 59 75 100 114 94 76
is_linear=0
shrinkage=0.03


Tree=15
num_leaves=38
num_cat=0
split_feature=19 61 50 31 38 47 43 40 24 12 55 30 34 43 42 5 56 47 24 1 36 52 23 45 52 0 34 34 45 52 45 19 45 42 57 12 27
split_gain=4.57762 4.49694 4.67015 6.04397 4.30317 5.2602 6.41823 5.45718 5.78125 5.16616 5.77325 5.94415 5.49938 5.15079 4.87771 4.25802 4.2017 4.44674 3.93403 3.86254 3.98884 3.81076 5.49 4.49263 5.13806 5.8936 4.09431 4.8033 3.70012 3.6703 2.82416 2.67859 2.60923 3.45364 2.37155 2.14086 0.843701
threshold=1.5403731646791761 138.00000000000003 -0.42715684704440116 -0.79198808952030375 -2.0649734457058151 0.65706862914288577 0.56825264002896192 0.63377414063419624 1.124484016558192 1.4503643382570661 -1.2354443429440056 -0.67533819407648288 1.0000000180025095e-35 1.0000000180025095e-35 -0.50265608592405486 -0.27211058990099662 -0.75287697516752283 -0.39760263540665503 0.63438418108793371 -0.095621526622505823 0.99306806625762301 -0.78731606778043994 -0.3569738996905118 0.85627077246268057 1.0101758363865045 -0.57832296458305466 0.23390226114791596 1.3758545213653417 -1.2531165568995311 1.0000000180025095e-35 0.17003763847547468 -0.11907400768604226 -1.0716200788774954 0.17790548441079687 -0.63154173084328957 -0.33307031633899847 0.82378573806113986
decision_type=2 2 2 2 2 2 2 2 2 2 2 2 2 2 2 2 2 2 2 2 2 2 2 2 2 2 2 2 2 2 2 2 2 2 2 2 2
left_child=1 2 15 -4 -3 7 21 8 9 10 -6 12 -12 -10 -11 -1 17 34 35 29 -21 -7 -23 24 25 -24 -25 -28 -13 36 -16 -5 -31 -34 -9 -2 -18
right_child=18 4 3 31 5 6 -8 16 13 14 11 28 -14 -15 30 -17 19 -19 -20 20 -22 22 23 26 -26 -27 27 -29 -30 32 -32 -33 33 -35 -36 -37 -38
leaf_value=-0.015423799914576489 -0.0024334004481414524 0.026217291378639491 0.005905989264386075 -0.0075733950709716124 0.034116788500382397 0.013169719195608352 0.021130325390034493 0.0013625123369058216 -0.026496445292800461 0.011374352405771676 -0.015577497188820852 -0.0021960227683638866 0.016897372934825305 0.0074755457349311464 -0.025689759389693333 0.014840747402437177 -0.034982696881384633 -0.010351218207858474 0.0071429462326783625 -0.0069918315245842341 0.023061233047141572 -0.033836313843364371 0.012485429251396479 0.0052538253328731285 0.023470951842217064 -0.020001488325394265 -0.030930674087963052 0.001223829360409317 0.016161375279592893 0.011183927234845559 0.0012449228608158631 -0.038247465055776024 -0.022165373061980007 0.0047619310201112057 0.027347630122360182 -0.02841183126057285 -0.012372751429291531
leaf_weight=5.2209815084934226 4.9701101630926141 5.1114646792411795 5.6640963554382315 5.4666406065225592 8.8490787744522077 4.9290086328983298 5.6647339016199103 5.9600436240434655 6.7283046096563321 9.5634917318820971 12.851312950253488 10.615361452102659 5.4268799573183051 6.4529174417257309 7.2161333262920362 9.4075697660446149 5.4575613588094694 6.4463122040033332 4.9605837613344184 8.6995832026004773 4.943773239850997 6.9805186837911597 7.4089731276035353 5.4577342271804836 5.9340364933013907 9.9367038905620575 13.132445573806764 5.2083281427621833 63.009417787194252 5.1800016015768042 4.960373654961586 8.1901605874300021 8.4466522485017794 6.2193211615085593 7.3791788816452035 9.6024034917354584 6.7140987515449524
leaf_count=21 20 21 23 22 36 20 23 24 27 39 52 43 22 26 29 38 22 26 20 35 20 28 30 22 24 40 53 21 256 21 20 33 34 25 30 39 27
internal_value=0 0.000916119 -0.00910764 -0.0183025 0.00223765 0.00160946 -0.00571029 0.00401695 0.00743527 0.00950455 0.0123471 0.00967254 -0.00508193 -0.0103921 -0.00335769 0.00323733 -0.00298756 0.00802117 -0.0135518 -0.00798841 0.00470752 -0.00884713 -0.011264 -0.00685208 0.00229886 -0.00591747 -0.0156463 -0.022095 0.0134437 -0.013546 -0.0153455 -0.0283295 -0.00454436 -0.010993 0.017453 -0.0209789 -0.0256754
internal_weight=324.366 304.833 33.9494 19.3209 270.884 265.772 64.6525 201.12 135.673 122.492 100.752 91.903 18.2782 13.1812 21.74 14.6286 65.4465 19.7855 19.5331 45.661 13.6434 58.9877 54.0587 47.0782 23.2797 17.3457 23.7985 18.3408 73.6248 32.0176 12.1765 13.6568 19.846 14.666 13.3392 14.5725 12.1717
internal_count=1312 1233 137 78 1096 1075 261 814 550 497 409 373 74 53 88 59 264 80 79 184 55 238 218 190 94 70 96 74 299 129 49 55 80 59 54 59 49
is_linear=0
shrinkage=0.03


Tree=16
num_leaves=40
num_cat=0
split_feature=33 60 55 54 45 55 12 57 45 12 54 28 43 45 61 33 39 47 45 44 47 37 16 59 43 47 30 53 36 60 53 20 34 47 60 26 35 60 38
split_gain=4.46622 5.22644 4.38179 4.1968 5.03197 5.89556 6.06307 5.54202 6.93832 4.99177 4.44543 4.15614 4.54251 4.08392 6.52862 5.27591 5.04072 7.8423 7.50431 8.64841 7.74983 5.42321 4.28637 4.11882 6.56376 4.05521 4.03409 4.21126 3.99529 3.95128 3.88041 3.45472 3.3674 3.28457 3.10112 3.45317 2.75976 1.08332 0.143508
threshold=1.0000000180025095e-35 788.50000000000011 -1.5286322898803191 1.9996146671562762 1.5646568764237381 0.55003137890986598 0.098315138897123774 1.0000000180025095e-35 0.28401394315629991 1.5938652076794835 0.84993958470002318 -1.465054332925342 -1.3408240150566042 0.43488669647434264 121.00000000000001 1.2464392338548995 0.088430018218401171 0.64310426252534891 -1.0716200788774954 -0.69572297832649999 -0.64588056230319879 -0.35674116215463963 0.31346279127259741 0.32316049710578848 0.78037226837180285 -0.48621279134617607 0.21527734297539566 1.0000000180025095e-35 -0.601843971483498 552.00000000000011 -0.93434545724683693 0.52247766753772773 0.43542324824510864 -0.030189344040229181 628.50000000000011 -0.44325236882770425 -0.44403096152235483 183.50000000000003 0.833272067574652
decision_type=2 2 2 2 2 2 2 2 2 2 2 2 2 2 2 2 2 2 2 2 2 2 2 2 2 2 2 2 2 2 2 2 2 2 2 2 2 2 2
left_child=1 3 -2 4 5 9 7 8 29 11 -6 -1 -13 14 -4 23 18 22 20 33 21 -16 -18 24 36 -8 30 -28 -21 -7 -14 -25 -11 -20 37 -36 -15 -30 -31
right_child=2 -3 13 -5 10 6 25 -9 -10 32 -12 12 26 15 16 -17 17 -19 19 28 -22 -23 -24 31 -26 -27 27 -29 34 38 -32 -33 -34 -35 35 -37 -38 -39 -40
leaf_value=-0.014625027322311804 0.025931906958136908 -0.024337526150201839 -0.028468280205866309 0.020977722220017009 0.00047062481119220081 0.00059026092200937282 -0.0096682603990533716 -0.032945483106810912 0.011779683675553801 -0.028912139047028166 -0.031279037028342262 -0.010920608206149842 -0.001803161306898559 0.0081474497712710932 0.014149313689849955 0.033815277430707953 0.035535851309428476 -0.014608273041012382 0.025895545391094989 -0.033876998163768934 0.031764217669562785 -0.017049186871142177 0.0017781715953507288 -0.022311906402188428 -0.011474462396926059 0.022338764619527492 -0.010485202580354269 0.018233169771156507 -0.0064150798907467409 -0.0335180864294004 0.016949171834010741 0.007063209694881961 0.0018721446016159759 -0.0027055238452538401 0.0092560072449089752 -0.015084176178923138 0.040615912894761019 -0.027619321879902722 -0.013489850728533476
leaf_weight=7.2086290866136542 6.3100860863924018 8.4272379428148252 5.4644152820110312 5.4269291758537284 5.9500261992216101 6.2176689654588762 4.9686885476112366 10.162080720067022 9.6349161416292173 5.4808274358510953 8.3832064270973188 9.6788155138492566 11.395628035068503 6.1623528897762316 8.589681491255762 6.0950578451156607 9.584094703197481 4.9694393575191489 5.8756526112556458 7.4281942546367601 8.5098191052675229 8.419281870126726 5.6713756918907157 5.7133113443851453 4.9429192543029776 6.4415538012981397 14.352982103824617 4.9263909906148902 5.6808227896690422 6.1983646452426893 47.803730085492141 5.6917386949062347 4.9595329612493515 5.9268024712800962 10.628813192248343 7.6830407530069378 4.9034858644008672 6.9458847492933273 5.1980535686016083
leaf_count=29 26 34 22 22 24 25 20 41 39 22 34 39 46 25 35 25 39 20 24 30 35 34 23 23 20 26 58 20 23 25 194 23 20 24 43 31 20 28 21
internal_value=0 -0.00310212 0.00396726 -0.00184301 -0.00278934 -0.00108785 -0.00957881 -0.0153396 -0.00718873 0.00285328 -0.0189242 0.00511957 0.00701867 0.00262184 -0.000366298 0.0114618 0.00158687 0.0143673 -0.00196334 -0.00869273 0.0107925 -0.00109966 0.0246269 0.00478792 0.0141976 0.00843234 0.00946947 -0.00207168 -0.0155531 -0.0179886 0.0132852 -0.00807017 -0.0153879 0.0123964 -0.00960552 -0.00102233 0.0261433 -0.0201983 -0.0274797
internal_weight=324.012 182.815 141.196 174.388 168.961 154.628 48.8213 37.4111 27.249 105.807 14.3332 95.3662 88.1575 134.886 101.377 33.5089 95.9129 20.2249 75.688 50.1692 25.5188 17.009 15.2555 27.4138 16.0088 11.4102 78.4787 19.2794 38.3668 17.6141 59.1994 11.4051 10.4404 11.8025 30.9386 18.3119 11.0658 12.6267 11.3964
internal_count=1312 739 573 705 683 625 197 151 110 428 58 386 357 547 411 136 389 82 307 203 104 69 62 111 65 46 318 78 155 71 240 46 42 48 125 74 45 51 46
is_linear=0
shrinkage=0.03


Tree=17
num_leaves=42
num_cat=0
split_feature=33 60 45 20 18 31 31 33 61 43 11 54 45 40 61 54 43 45 28 29 45 54 0 56 46 48 56 55 30 55 45 45 33 55 29 47 46 45 52 18 20
split_gain=4.26727 4.95996 4.20456 4.50365 5.43751 7.22118 4.96393 4.13967 4.06436 4.83499 5.01024 4.01309 4.76899 5.73174 4.47442 4.24517 3.67804 6.14688 5.67108 7.5683 4.64479 4.0766 3.5341 3.2432 6.62717 4.93891 3.14195 3.7652 2.78246 2.78129 2.73863 2.24445 2.13071 1.78733 1.74574 1.673 1.51304 1.21579 1.21241 0.451736 0.198357
threshold=1.0000000180025095e-35 788.50000000000011 0.35820671153526956 -0.520490304785587 0.53790919302286111 -0.45535358346094873 -0.9991477855568297 1.2464392338548995 174.00000000000003 0.56825264002896192 0.71308133912093075 1.9996146671562762 1.5646568764237381 0.63377414063419624 138.00000000000003 0.84993958470002318 -1.1021894331709083 -0.57522598554663074 -1.1030786350882276 -0.34144538348488018 -0.47008720524083658 -0.24456246921075983 -0.235668046847921 -0.75287697516752283 0.64482593794251442 0.10360993008364265 1.0000000180025095e-35 -0.81795474621991859 1.0000000180025095e-35 0.802893342417765 -0.71216472190481361 0.88420204630303501 0.73144561696284482 -0.13109264288315217 -0.34144538348488018 1.2185396699335211 0.070283076570864647 0.72064394579793944 0.41101186833085629 0.57093699215753946 -1.0419742909472445
decision_type=2 2 2 2 2 2 2 2 2 2 2 2 2 2 2 2 2 2 2 2 2 2 2 2 2 2 2 2 2 2 2 2 2 2 2 2 2 2 2 2 2
left_child=1 11 3 4 5 29 -6 26 -5 10 32 12 13 14 22 -14 20 21 -19 -20 -16 -18 -1 24 -15 28 31 -28 -25 40 -11 -4 38 -34 -23 36 -22 -29 -10 -30 -2
right_child=2 -3 7 8 6 -7 -8 -9 9 30 -12 -13 15 23 16 -17 17 18 19 -21 35 34 -24 25 -26 -27 27 37 39 -31 -32 -33 33 -35 -36 -37 -38 -39 -40 -41 -42
leaf_value=-0.024996995305195325 -0.016330023237928093 -0.023742314623237615 0.023190382371590084 -0.013154130075880186 0.027004052364889935 0.0064492387071055941 -0.0056971501688249365 0.03025387318465007 0.032789886196401039 0.0074355268858877534 -0.0048870425906658811 0.020515905088600649 0.00045934417686922975 -0.017278070119833004 0.016179321664257756 -0.030560919562767144 0.010570812494174041 -0.0085711512430379031 0.0016834147131374647 0.02614638580012758 -0.025745653970494643 -0.0013600453953618423 0.0036490090202676278 -0.0023750099617760186 0.023030456537083153 0.005110646698109878 0.012791981527665523 -0.00082645175942464184 -0.034038417280265958 -0.0035971944438394948 -0.015834782748411009 0 -0.00056878707490911132 0.020297796683197974 -0.023980009205327411 0.00099420869193034148 -0.0034083893823906464 -0.022245130420009553 0.009027081804347685 -0.014956098362625618 -0.037654597699222483
leaf_weight=7.4345081001520157 5.9193879365921029 8.4171047657728177 9.8318224102258664 7.1846555322408667 5.3576161563396445 9.1167184263467806 9.1413660496473295 7.5366309583187094 11.495748043060308 7.1407708525657654 8.1234725266695005 5.4165394455194464 5.9500987827777854 5.9505367130041105 5.1960550099611309 8.3584059029817563 7.1511678397655514 8.1825602501630694 19.468506246805184 28.77935439348223 7.4479536861181277 5.9641568362712869 5.6876228600740415 5.9453257173299852 5.6879167705774307 6.9556339085102072 6.8594775050878516 4.9352190643548983 9.3992590010166186 5.4305057972669593 7.9291152507066709 5.4025179892778388 7.3903504759073257 4.8502539098262769 7.199734762310972 4.947863668203353 5.6732152998447418 4.9875146001577377 4.9242978394031516 7.4429679811000815 7.4419291615486154
leaf_count=30 24 34 40 29 22 37 37 31 47 29 33 22 24 24 21 34 29 33 79 117 30 24 23 24 23 28 28 20 38 22 32 22 30 20 29 20 23 20 20 30 30
internal_value=-8.14292e-06 -0.00304262 0.00387139 0.000523247 -0.00673612 -0.0142926 0.00741034 0.0119797 0.00587447 0.00891913 0.0146518 -0.00181441 -0.00274045 -0.00108261 0.0023859 -0.0184622 0.00463607 0.0078047 0.0128431 0.0167443 -0.00541375 -0.0058364 -0.0130698 -0.0104568 0.00234503 -0.0155302 0.00633749 -0.00233559 -0.0220042 -0.0243839 -0.00477126 0.0156033 0.0203564 0.008576 -0.0153282 -0.012694 -0.0178385 -0.0136249 0.0273505 -0.0278453 -0.0312128
internal_weight=323.656 182.656 140.999 101.446 42.4075 27.9085 14.499 39.5532 59.0387 51.854 36.7841 174.239 168.823 154.514 113.133 14.3085 100.011 76.7455 56.4304 48.2479 23.2651 20.3151 13.1221 41.3816 11.6385 29.7432 32.0166 16.7822 22.7876 18.7918 15.0699 15.2343 28.6607 12.2406 13.1639 18.069 13.1212 9.92273 16.42 16.8422 13.3613
internal_count=1312 739 573 412 172 113 59 161 240 211 150 705 683 625 458 58 405 311 229 196 94 82 53 167 47 120 130 68 92 76 61 62 117 50 53 73 53 40 67 68 54
is_linear=0
shrinkage=0.03


Tree=18
num_leaves=37
num_cat=0
split_feature=19 60 61 50 31 5 13 18 58 47 47 42 14 20 42 39 42 46 44 28 44 50 23 32 41 8 42 30 46 40 29 19 42 16 55 47
split_gain=4.27546 5.7041 4.05984 4.31234 5.61521 4.06389 3.70611 7.65788 5.57893 4.75292 5.73764 5.34585 5.22241 4.65545 4.404 6.7203 5.98263 4.37318 4.03378 3.82282 4.74592 4.47958 3.63297 3.62147 3.55488 4.54384 5.6465 4.25343 4.26417 2.82854 2.57886 2.49907 2.49477 1.72227 0.671624 0.0672418
threshold=1.5403731646791761 600.50000000000011 138.00000000000003 -0.42715684704440116 -0.79198808952030375 -0.27211058990099662 -0.49689776597574015 0.71336327625071028 -0.80098636628373188 -0.81643901992023316 0.65706862914288577 -0.50265608592405486 -0.61212440096305232 0.52247766753772773 -0.75013302059127385 0.21782870265676876 -1.0000000180025095e-35 0.49726155845047815 -0.27132056281811467 1.0000000180025095e-35 -0.54415068707350522 -0.42715684704440116 1.0000000180025095e-35 -0.8392804141691862 -1.3895480136186567 -1.1543284765361823 -0.75013302059127385 0.45277481952256332 -0.23117214372633546 -0.59229945785266291 -0.6994207525723074 -0.11907400768604226 1.0000000180025095e-35 0.32924890241759125 -0.32086707658779079 0.023153038020371396
decision_type=2 2 2 2 2 2 2 2 2 2 2 2 2 2 2 2 2 2 2 2 2 2 2 2 2 2 2 2 2 2 2 2 2 2 2 2
left_child=2 -2 3 5 -5 -1 8 9 -4 23 11 13 18 29 -12 16 -16 22 -13 21 -21 -14 -17 -8 -10 26 -26 34 -29 -11 -3 -6 -25 -28 -27 -15
right_child=1 30 6 4 31 -7 7 -9 24 10 14 12 19 35 15 17 -18 -19 -20 20 -22 -23 -24 32 25 27 33 28 -30 -31 -32 -33 -34 -35 -36 -37
leaf_value=-0.015050179052260903 -0.031961055426959005 -0.013648926566919833 -0.011270709481550874 0.0057915055226294525 -0.0071738484914461659 0.014538111032214873 -0.025100849526210851 -0.027001672450344991 -0.0072271813881088533 0.018963878915437465 -0.025235492566421557 0 -0.0071590362588975854 0.018236001576348703 -0.006645716732221931 -0.021214040780545767 0.029522051890671412 -0.027974268363845541 0.029257420715051743 0.015352617837193451 -0.012563087184668292 0.014266116455568413 0.0014436687864533445 0.011907316747967907 0.022677344647494185 0.015335786474337604 0.0010291525455724756 0.027194689250695445 -0.004054064346521574 -0.0052979633896092062 0.011014481485210585 -0.03682804782011416 -0.012084899135223034 -0.020493626140796011 0.039818462324361752 0.036225721051014757
leaf_weight=5.2110096067190161 7.068771660327914 5.4497740268707284 9.1731364727020246 5.6459868848323813 5.4600830227136603 9.3845573067665082 8.4393887966871279 7.4046904593706122 5.9089736938476554 5.5772788226604453 6.2136164009571067 6.8731852620840064 12.629288569092745 9.4988970309495908 5.6845899671316156 6.2022515982389441 8.854493692517277 5.9352147430181494 9.0700042098760587 5.1754628568887702 28.960072830319405 21.45216773450375 33.97326734662056 5.9100591540336591 6.1055302321910885 5.374367639422414 5.4337089061737007 4.923780530691146 8.6462310999631864 9.355323478579523 6.9593437761068317 8.144180506467821 6.6910821944475174 5.1951958984136581 9.0685950219631266 6.2601725310087195
leaf_count=21 29 22 37 23 22 38 34 30 24 23 25 28 51 39 23 25 36 24 37 21 117 87 138 24 25 22 22 20 35 38 28 33 27 21 37 26
internal_value=-1.64436e-05 -0.0131352 0.000865301 -0.00867095 -0.0175285 0.00318342 0.00212416 0.000199946 0.00861524 0.00141373 0.00302924 0.00708111 0.00295943 0.0175323 -0.00384557 -0.00100145 0.0157078 -0.00672493 0.0176233 -0.000687071 -0.00769419 0.00619104 -0.00254788 -0.0115455 0.0125519 0.0154432 0.00232528 0.0225599 0.00846444 0.00430252 0 -0.0272179 -0.00033717 -0.0102295 0.0333846 0.0282572
internal_weight=323.314 19.4779 303.836 33.8458 19.2503 14.5956 269.99 210.161 59.8295 202.756 181.715 114.852 84.1602 30.6917 66.8634 60.6498 14.5391 46.1107 15.9432 68.217 34.1355 34.0815 40.1755 21.0405 50.6564 44.7474 16.7344 28.013 13.57 14.9326 12.4091 13.6043 12.6011 10.6289 14.443 15.7591
internal_count=1312 79 1233 137 78 59 1096 853 243 823 738 467 341 126 271 246 59 187 65 276 138 138 163 85 206 182 68 114 55 61 50 55 51 43 59 65
is_linear=0
shrinkage=0.03


Tree=19
num_leaves=42
num_cat=0
split_feature=19 60 61 50 31 11 34 19 12 60 44 47 41 47 28 46 52 34 54 47 52 27 41 55 16 16 55 55 14 61 12 53 56 19 60 41 61 28 19 37 59
split_gain=4.07756 5.45308 3.86883 4.09603 5.36173 3.87013 3.56819 7.85207 7.57095 7.24115 6.13156 6.56879 5.69493 4.63649 9.80066 4.47483 4.32568 4.31175 5.11407 4.37835 3.9998 4.51639 3.83979 4.95326 3.96307 3.44362 4.64165 7.05671 3.23074 2.92901 2.89209 2.6073 2.46041 2.37999 2.23874 2.21876 2.17592 1.99507 1.61537 1.57371 1.54421
threshold=1.5403731646791761 600.50000000000011 138.00000000000003 -0.42715684704440116 -0.79198808952030375 -1.0000000180025095e-35 0.43542324824510864 0.82918151937979678 0.018228394997448345 628.50000000000011 0.71895174003478457 0.74098736130521925 1.1641252602671941 -0.81643901992023316 0.34482415626023039 0.12371414955820569 1.0101758363865045 1.062377430325264 0.21418443554851233 0.4958829275690661 0.41101186833085629 -1.0581967998529007 -1.3895480136186567 -0.22650667741163794 -0.077686894882264185 0.69078479554962058 -0.7542481257358663 -1.2740929589410743 -0.81855786191237889 600.50000000000011 1.6874617182840674 -0.33284337682100273 1.0000000180025095e-35 -0.11907400768604226 174.00000000000003 0.84982701117355097 305.00000000000006 -0.37912723941399867 0.82918151937979678 -0.59302446446266532 0.32316049710578848
decision_type=2 2 2 2 2 2 2 2 2 2 2 2 2 2 2 2 2 2 2 2 2 2 2 2 2 2 2 2 2 2 2 2 2 2 2 2 2 2 2 2 2
left_child=2 -2 3 5 -5 -1 7 9 16 10 11 15 30 14 39 20 17 18 -8 -19 21 -4 -9 -24 -25 26 27 -15 -28 -29 40 -20 -26 -6 -12 -18 -30 -3 -21 -11 -10
right_child=1 37 6 4 33 -7 8 22 12 13 34 -13 -14 25 -16 -17 35 19 31 38 -22 -23 23 24 32 -27 28 29 36 -31 -32 -33 -34 -35 -36 -37 -38 -39 -40 -41 -42
leaf_value=0.014177077405163413 -0.031301020107263683 -0.011237123128780932 -0.0086413268526885235 0.0056563211238170354 -0.0070055830568237724 -0.014699163690842109 0 -0.0046424899311570313 0.031437087574682152 -0.034888112656974002 -0.0043838669358065669 -0.025094306161861028 -0.014682773844922031 0.023376860928269232 0.015798886533931016 -0.014913600219017357 0.016596665615389996 0.013612939456821812 -0.0072266017153687079 -0.0018342424447312052 -0.0088292761755321483 0.019804069198558594 0.032406116986211667 0.027233714268187093 0.010085697676082181 -0.0095096660076179652 -0.0010154271792872076 0.00029349409969346712 0.0036371837699400327 -0.028489184747279558 -0.00027771935992103579 -0.03516898113956321 -0.013539617408682258 -0.036004911682134891 -0.03251927510671275 -0.0051294760212440265 0.024727342261078328 0.010366652815852475 -0.023837301479136822 -0.007595873839532365 0.0077056679692869895
leaf_weight=9.3732093125581724 7.0334563553333309 5.9710511118173608 5.1893701106309882 5.643385872244834 5.4595267772674552 5.2112006843090048 8.4117268770933169 5.677653804421424 8.8530427813530022 4.9765746742486954 4.9551274180412275 7.2027312219142905 4.945301190018653 5.36858907341957 8.8709648400545102 7.9089497178792945 6.6335242688655836 8.1361494064331072 5.6730133444070843 7.415178716182707 7.8948320150375357 21.135047644376758 14.761692136526106 4.9127415418624869 6.6021716147661227 5.4131605923175803 6.1269133239984503 5.4254006296396238 6.6066556572914115 4.9536413103342056 5.4259157925844184 13.37960337102413 6.1853801310062408 8.1151839047670382 7.9279847741127014 7.127408042550087 29.610109120607376 6.4295696169137928 4.9142053574323654 5.1934034079313296 5.9174541383981696
leaf_count=38 29 24 21 23 22 21 34 23 36 20 20 29 20 22 36 32 27 33 23 30 32 86 61 20 27 22 25 22 27 20 22 54 25 33 32 29 121 26 20 21 24
internal_value=-1.72098e-05 -0.012843 0.00084342 -0.00847087 -0.0171128 0.00307759 0.00207319 0.00445192 -0.00285982 0.00115529 -0.00643639 -0.00124332 0.0105124 0.00696125 -0.00549868 0.00341958 -0.00852471 -0.0127336 -0.0202092 -0.00173333 0.00827317 0.0138174 0.0162958 0.0201779 0.00793226 0.0108302 0.0130179 -0.000536906 0.0180416 -0.0148014 0.0175468 -0.0282756 -0.00114373 -0.0265975 -0.0237007 0.00555243 0.0213368 0 -0.0126723 -0.0242329 0.0238853
internal_weight=322.968 19.4341 303.534 33.8025 19.2181 14.5844 269.732 182.899 86.8325 144.759 62.214 49.3309 25.1417 82.5454 19.0409 42.1282 61.6908 47.9299 27.4643 20.4655 34.2192 26.3244 38.1396 32.462 17.7003 63.5045 58.0913 15.7476 42.3437 10.379 20.1964 19.0526 12.7876 13.5747 12.8831 13.7609 36.2168 12.4006 12.3294 10.17 14.7705
internal_count=1312 79 1233 137 78 59 1096 744 352 588 252 200 102 336 77 171 250 194 111 83 139 107 156 133 72 259 237 64 173 42 82 77 52 55 52 56 148 50 50 41 60
is_linear=0
shrinkage=0.03


Tree=20
num_leaves=41
num_cat=0
split_feature=33 60 55 45 47 39 45 32 33 23 60 38 36 56 59 43 20 27 45 31 12 28 12 37 38 45 30 45 43 18 39 55 31 14 55 16 55 46 43 58
split_gain=3.86239 4.64342 4.06165 3.7248 5.35482 9.81673 6.10152 7.32594 4.66417 4.58345 4.45733 5.30609 4.77734 6.71077 3.73257 6.21502 3.25492 3.24229 4.40148 4.29074 7.18516 5.61031 6.78831 4.87358 5.21931 4.37036 3.55244 4.33233 5.05133 3.62455 3.89457 3.59314 3.45105 3.77255 3.12809 2.62869 2.57123 1.58198 1.53759 0.367191
threshold=1.0000000180025095e-35 788.50000000000011 -1.5286322898803191 0.43488669647434264 0.64310426252534891 0.088430018218401171 -1.0716200788774954 -0.8392804141691862 1.2464392338548995 -0.3569738996905118 677.00000000000011 -0.69212030783612022 -0.36556070663296164 -0.75287697516752283 0.32316049710578848 0.78037226837180285 0.52247766753772773 1.137449494380147 1.676095143394255 1.0000000180025095e-35 -0.37818919138566071 -1.465054332925342 -1.3627682949995525 -0.59302446446266532 -0.1582329764423499 -0.606138759687192 0.21527734297539566 -0.4502331789829857 -1.1021894331709083 0.60166536893759204 1.1236194937253434 -0.35337204022779528 1.0000000180025095e-35 -0.033792592348080415 -0.45326615326667902 0.31346279127259741 0.27752098176394591 0.41039341989787809 -0.38628568751382125 1.0000000180025095e-35
decision_type=2 2 2 2 2 2 2 2 2 2 2 2 2 2 2 2 2 2 2 2 2 2 2 2 2 2 2 2 2 2 2 2 2 2 2 2 2 2 2 2
left_child=1 17 -2 4 5 6 7 -4 14 39 11 -8 -13 -14 15 38 -16 18 19 20 -1 -21 -23 -22 25 -25 27 31 -29 30 -28 -24 -19 -34 -20 -7 -26 -35 -5 -9
right_child=2 -3 3 8 -6 35 10 9 -10 -11 -12 12 13 -15 16 -17 -18 32 34 21 23 22 26 24 36 -27 29 28 -30 -31 -32 -33 33 37 -36 -37 -38 -39 -40 -41
leaf_value=0.016779205252509685 0.0248874525405107 -0.022985602274010242 -0.012985537327509076 0.0075343209714789777 -0.022725390411245241 0.030473784053993737 0.008081721974516046 0.036229215126735381 0.03202465069310937 -0.0016223769009942439 0.014266770888622949 -0.034113770564646893 0.0075917044435657843 -0.02075281227127887 -0.021532193528045925 -0.011389392105943329 0.0069876173105808551 0.0051631779601754857 -0.026977243453616646 -0.019047924023791345 -0.027505105349573157 -0.017199750538423299 0.01344705001566319 0.0041656901875157379 -0.0030177985819007853 -0.025038368084277472 -0.012874826630998428 -0.00017697269345429313 0.026443153740031679 0.018166981291529771 0.013891604209804372 -0.014338784876363645 0.00035314811811989777 -0.036890636991454381 0.0013768789105072596 0.0035149891270182484 0.022812048188508589 -0.0099126996899017005 0.034389790315630407 0.014852193180816459
leaf_weight=8.8054056316614133 6.2472546845674506 8.3908665776252729 8.3716189861297625 4.9021853953599912 7.4406882375478736 9.9904059171676618 8.3035806119441968 5.8103977888822573 5.995226874947547 6.109632968902587 5.1262932270765296 9.427931383252135 11.314630508422846 16.808591961860671 5.7025448679923993 4.9326907247304908 5.6753496080636978 6.9242652058601406 7.3124036341905594 6.1899163424968711 10.390344530344008 7.4049196988344184 7.6426544785499573 6.4066578000783911 5.427720859646799 10.405290529131891 14.79546163976193 7.6679551154374996 27.144048273563399 6.9362434893846503 5.4268332272768012 6.2012924700975329 6.1722083091735884 6.1739167422056163 4.9444544613361341 5.906511738896369 5.685510978102684 5.660126581788063 6.0881452113390004 6.3074821680784225
leaf_count=36 26 34 34 20 30 41 34 24 25 25 21 38 46 68 23 20 23 28 30 25 42 30 31 26 22 42 60 31 111 28 22 25 25 25 20 24 23 23 25 26
internal_value=-3.87688e-05 -0.00292998 0.00365879 0.0023623 -0.000492235 0.00154529 -0.00290114 0.00833742 0.0108348 0.0186776 -0.00894985 -0.0120417 -0.0167847 -0.00933963 0.00454772 0.0135411 -0.00768355 -0.00173854 0 0.00159461 -0.00555874 0.00546013 0.00765885 -0.0112817 -0.00394705 -0.0141521 0.010451 0.0151992 0.0206493 0.00138474 -0.00495235 0.000424568 -0.0114211 -0.0180128 -0.0162 0.0219688 0.0108624 -0.027004 0.0252348 0.0284044
internal_weight=322.57 182.108 140.461 134.214 100.918 93.4771 77.5802 26.5991 33.2961 18.2275 50.981 45.8547 37.5512 28.1232 27.3009 15.923 11.3779 173.718 148.787 136.53 47.1209 89.4093 83.2194 38.3155 27.9252 16.8119 75.8145 48.656 34.812 27.1585 20.2223 13.8439 24.9305 18.0063 12.2569 15.8969 11.1132 11.834 10.9903 12.1179
internal_count=1312 739 573 547 411 381 316 109 136 75 207 186 152 114 111 65 46 705 604 554 191 363 338 155 113 68 308 198 142 110 82 56 101 73 50 65 45 48 45 50
is_linear=0
shrinkage=0.03


Tree=21
num_leaves=34
num_cat=0
split_feature=19 61 50 31 2 13 18 58 47 36 47 26 44 43 36 46 34 36 16 18 55 27 18 43 18 50 19 44 19 55 28 46 56
split_gain=3.82517 3.68363 3.82105 4.987 3.65268 3.42342 7.21044 5.10374 4.2752 6.37828 5.16927 5.7488 4.89208 4.59949 4.16793 4.5111 6.78253 3.97241 4.89561 5.87748 3.54397 6.5275 3.00972 2.90201 2.58006 3.35938 3.76926 2.50931 2.33659 1.90876 1.50627 1.19803 0.515756
threshold=1.5403731646791761 138.00000000000003 -0.42715684704440116 -0.79198808952030375 -0.29744251054122034 -0.49689776597574015 0.71336327625071028 -0.80098636628373188 -0.81643901992023316 0.57957235276918428 0.65706862914288577 1.163686642662729 0.27433968569266642 0.56825264002896192 1.0000000180025095e-35 -1.0925257439438811 1.3758545213653417 0.77647507347796474 0.021248971333738941 0.72503376020653842 -1.2164860175499503 -1.0581967998529007 0.5239329744304656 -0.74423756034236499 0.53790919302286111 -1.0000000180025095e-35 0.35505375584687721 0.27433968569266642 -0.11907400768604226 -0.035135790498793985 1.0687755519344597 1.47447633374855 -0.75287697516752283
decision_type=2 2 2 2 2 2 2 2 2 2 2 2 2 2 2 2 2 2 2 2 2 2 2 2 2 2 2 2 2 2 2 2 2
left_child=1 2 4 -4 -1 7 8 -3 9 32 11 20 -13 14 15 23 -17 24 -19 -20 -10 -22 -23 -12 -9 -26 -27 -2 -5 -16 -11 -29 -7
right_child=27 5 3 28 -6 6 -8 17 10 30 13 12 -14 -15 29 16 -18 18 19 -21 21 22 -24 -25 25 26 -28 31 -30 -31 -32 -33 -34
leaf_value=-0.014393394373335781 0 -0.010756705646242431 0.005317733301022835 -0.0065560563627969576 0.01367957491513668 -0.01137711253057706 -0.026275501743537693 0.0016266136937415172 0.025735413854806089 0.015841967253890039 0.020632237513661091 -0.024253105433208785 0.009164435929241677 0.019521247581539183 -0.005640502746330529 -0.014051227189874255 0.018827630733945701 0.022054195261823138 -0.029582708208034776 0.0075343234093515517 -0.017065296369965059 0.012362487508470568 -0.0014014941866848172 -0.0034422605772624804 0.033969738292437435 -0.0055610128150621564 0.023090005074664386 -0.029468842749460791 -0.035145672214278736 -0.032653697820615377 -0.004561166176734876 -0.005880292033772795 -0.032564757809409102
leaf_weight=5.2040445208549491 8.6291657090187091 9.1665543317794782 5.6275430470705023 5.4529217183589926 9.3463031202554685 5.4572823196649551 7.3847502619028083 7.825498327612876 9.4561689198017103 4.9227420389652234 8.8300221115350706 7.9205494970083219 5.3825995326042175 5.3947560787200919 5.6664168536663055 29.21540854871273 5.4202090352773658 4.9159539639949825 5.4529144465923292 7.1395546644926071 7.6476219147443762 67.281866505742073 16.734241336584091 6.6831076443195334 11.39467717707157 6.4185270220041293 7.2829288393259048 5.8277488648891431 8.0731085091829318 5.4705722630023939 4.9168619066476822 4.9158673733472824 5.687020346522333
leaf_count=21 35 37 23 22 38 22 30 32 39 20 36 32 22 22 23 119 22 20 22 29 31 275 68 27 47 26 30 24 33 22 20 20 23
internal_value=-3.48061e-05 0.000799085 -0.0083018 -0.0166622 0.00285843 0.00200095 0.0001482 0.00825135 0.00132973 -0.010973 0.00286651 0.0067218 -0.0107681 -0.00366348 -0.00621753 -0.00213626 -0.00817194 0.0120328 4.76558e-05 -0.00955069 0.00920498 0.00704837 0.00957433 0.0105191 0.0179527 0.022439 0.0100492 -0.0124758 -0.0258243 -0.0216853 0.00586268 -0.0212084 -0.0252444
internal_weight=322.146 302.773 33.7039 19.1536 14.5503 269.069 209.472 59.5966 202.087 20.9839 181.104 114.423 13.3031 66.6805 61.2857 50.1487 34.6356 50.4301 17.5084 12.5925 101.12 91.6637 84.0161 15.5131 32.9216 25.0961 13.7015 19.3728 13.526 11.137 9.8396 10.7436 11.1443
internal_count=1312 1233 137 78 59 1096 853 243 823 85 738 467 54 271 249 204 141 206 71 51 413 374 343 63 135 103 56 79 55 45 40 44 45
is_linear=0
shrinkage=0.03


Tree=22
num_leaves=32
num_cat=0
split_feature=19 60 38 15 18 15 18 47 40 27 42 45 34 44 46 25 45 18 47 30 46 37 54 45 60 54 29 58 41 30 26
split_gain=3.6471 5.08675 3.80842 3.86342 5.49933 4.63173 5.41278 4.56165 4.17821 4.17417 6.36826 7.8839 4.14625 4.05887 6.67811 3.82672 3.75473 3.42444 7.72461 4.78809 6.18567 5.32588 3.64675 3.26904 3.68956 2.72133 2.45475 2.14935 3.61655 0.281868 0.0821123
threshold=1.5403731646791761 600.50000000000011 -2.0649734457058151 -0.49689776597574015 0.71336327625071028 -0.72603189744822816 0.7517516514724919 -0.9493485367044926 1.3127551374058033 -1.0581967998529007 -0.99760995525849261 -0.49043849441665838 -0.26990020659506625 -0.54415068707350522 -0.30812696601874695 1.4052220969153233 -0.57522598554663074 0.5239329744304656 -0.27237200672566775 0.21527734297539566 0.31067205342334642 -0.12045785984661384 0.35795439044133442 -0.47008720524083658 407.00000000000006 0.19227972881528174 -0.34144538348488018 0.93459433159282679 -1.0359624833883081 0.57152355779614727 -0.81408444840241911
decision_type=2 2 2 2 2 2 2 2 2 2 2 2 2 2 2 2 2 2 2 2 2 2 2 2 2 2 2 2 2 2 2
left_child=2 -2 -1 5 7 6 12 8 30 13 11 -11 15 23 -15 27 -7 19 -19 21 -21 -12 -20 -9 -25 -14 -3 28 -4 -30 -5
right_child=1 26 3 4 -6 16 -8 9 -10 10 17 -13 25 14 -16 -17 -18 18 22 20 -22 -23 -24 24 -26 -27 -28 -29 29 -31 -32
leaf_value=0.0226195011056614 -0.030135242643271967 -0.012353177443116977 -0.00810118702237775 -0.032595024012409053 -0.023542076301543639 0.0024528585291899133 -0.016815937881375316 0.0025867127077031774 0.00071537030885583598 0.038978128068888701 0.017347255346256012 -0.00052585366653899019 -0.017481791249599556 0.019268672552940347 -0.018175935968504895 -0.0050740480505043649 0.032317804670780298 -0.03042517025063492 0.021872468099244209 -0.010874079758224567 0.011925224651965846 0.0012447827761116858 -0.0081046296405880205 0 -0.031911118493429987 0.0077922737496271778 0.011624299700300765 0.031842670952966487 0.0087420474012872007 0.025888066957933848 -0.012835098232139883
leaf_weight=5.5180086493492118 6.9595365673303631 5.9378016740083703 5.1785255819559088 4.9423432499170303 8.3628712445497495 7.3828574270009986 9.5749455541372281 5.1883174031972894 8.6019100993871671 7.7193049788475063 27.633844509720802 8.3154607862234098 7.3885953426361102 8.5410558581352216 5.9294603168964377 7.0862169712781897 8.2821527123451215 8.1601263880729693 4.8759378641843778 37.130840554833412 13.231688693165777 53.796348839998245 6.9118393510580063 4.9108761250972757 10.581534653902052 5.182600125670433 6.4501601755619022 6.7836410105228415 5.3962153643369692 4.8764338940382004 4.9633869081735629
leaf_count=23 29 24 21 20 34 30 39 21 35 32 113 34 30 35 24 29 34 33 20 151 54 219 28 20 43 21 26 28 22 20 20
internal_value=-4.72483e-05 -0.0122027 0.000766977 0.000229122 -0.00160599 0.00649604 0.00181077 -0.000597792 -0.0142805 0.000716401 0.00272567 0.0198571 0.00664052 -0.00842913 0.00328358 0.0127012 0.0200365 0.000699551 -0.01038 0.00251948 -0.00459669 0.00699654 0.00491299 -0.016563 -0.0229914 -0.00691597 0 0.0185816 0.0101029 0.0196524 -0.0262102
internal_weight=321.795 19.3475 302.447 296.929 229.797 67.1322 51.4672 221.434 18.5076 202.927 167.775 16.0348 41.8922 35.1512 14.4705 29.321 15.665 151.741 19.9479 131.793 50.3625 81.4302 11.7878 20.6807 15.4924 12.5712 12.388 22.2348 15.4512 10.2726 9.90573
internal_count=1312 79 1233 1210 936 274 210 902 75 827 684 66 171 143 59 120 64 618 81 537 205 332 48 84 63 51 50 91 63 42 40
is_linear=0
shrinkage=0.03


Tree=23
num_leaves=43
num_cat=0
split_feature=33 60 60 51 47 58 61 40 9 62 54 40 59 46 12 46 23 60 23 29 40 59 24 54 39 12 47 50 47 30 38 49 37 12 24 20 54 36 61 26 54 23
split_gain=3.51856 4.3899 3.99436 4.08683 4.74124 3.83644 4.44062 4.1158 6.021 3.73817 3.69552 4.02458 6.58669 5.54034 4.95981 4.74217 5.42953 4.62694 4.1575 4.06794 3.71541 8.30074 4.62065 5.72307 3.84875 3.55766 4.20934 3.33033 3.14962 3.09636 4.16494 3.02762 3.02365 2.45598 2.16891 2.06119 1.88889 1.6157 1.29431 1.25325 0.370735 0.0836568
threshold=1.0000000180025095e-35 788.50000000000011 430.00000000000006 -0.24577008521127319 -0.48025629089532013 1.0000000180025095e-35 174.00000000000003 -0.5076303647300644 -1.3970934978791592 1.5000000000000002 1.9996146671562762 0.51444654510701748 0.89611532440686215 -0.46308908755289324 0.10149280705724199 0.20914991670678776 0.9221605701194423 131.50000000000003 1.0000000180025095e-35 -1.1021430427956633 0.13295816876327926 -0.82274915749635869 -0.71339036645527709 0.39951017214287804 -0.59091307508302926 -0.33721780803888568 -1.174669201243872 -0.64073527056660173 -0.32456271605423664 -0.49721508666610731 0.45192397372195875 -0.43719013139113166 0.73606911101998018 1.1650682322820236 -0.34581548985258337 0.52247766753772773 -0.19297209477008401 -0.36556070663296164 593.50000000000011 -0.6904737552108472 0.10532154382435718 0.28259333521446522
decision_type=2 2 2 2 2 2 2 2 2 2 2 2 2 2 2 2 2 2 2 2 2 2 2 2 2 2 2 2 2 2 2 2 2 2 2 2 2 2 2 2 2 2
left_child=1 10 25 4 -4 6 39 38 -9 29 11 12 17 -13 15 41 18 37 -17 -19 22 -22 24 -24 -21 -2 -27 -10 31 -8 -31 -28 35 -30 -29 -14 -11 -1 -7 -5 -23 -15
right_child=2 -3 3 5 -6 7 9 8 27 36 -12 13 32 14 -16 16 -18 19 -20 20 21 40 23 -25 -26 26 28 34 33 30 -32 -33 -34 -35 -36 -37 -38 -39 -40 -41 -42 -43
leaf_value=0.0064144027940782593 0.01192319435261458 -0.022335437563602574 -0.023770973493482592 -0.00073842709561873293 0.0090018165013098228 0.03923509947963217 -0.012515737650944431 0.026921704290142998 -0.017973428975951854 0.031747419378742397 0.019825354137061095 0.010561879489761011 0.0030412867890445439 -0.039701487034248105 0.0080536555909568371 -0.012077307022405516 -0.030038784523984358 -0.015696204504869016 0.015561464196645046 -0.0052121896384963329 -0.012774182030580663 0.013026349581449709 -0.017288039724567342 0.0038751429333669491 0.023476263894915743 -0.03110245521420343 0.022565689279067824 0.019224840134141667 -0.021105489032121307 0.020602026975208992 -0.0069607404910442738 -0.004639270266534587 -0.031123208522191716 0.0021439668142057885 -0.0024585461246263316 -0.017286128908855416 0.0042580597145607749 0.031608426219745821 0.014269403014331767 -0.022464618878109462 0.035209570353193803 -0.017110817626291425
leaf_weight=6.1315786093473434 7.778261497616767 8.3636827766895276 6.6513961404561996 4.9225053638219833 6.2499517649412137 5.9570289403200132 8.3790422976016945 8.5053471177816373 5.8914134204387691 5.5741923600435257 5.3856346756219855 8.6707332134246808 9.0244244784116763 6.6140024513006193 6.4104340374469748 9.3569358289241844 6.1635770350694647 9.5946674197912198 7.4126310646533957 5.4410586655139914 5.1832617074251202 4.8945268839597684 18.00025640428067 26.231361135840416 10.003634840250006 4.8716528117656734 4.8902180641889572 5.3502586036920556 8.8369179219007439 9.253847450017938 7.6232141703367224 7.1148898303508794 5.4126627743244162 5.6334338635206231 8.8212999850511551 6.1821872591972342 4.9198223054409009 5.1207637637853605 7.7155980169773102 4.9420320540666562 6.591381311416626 5.3936004340648651
leaf_count=25 32 34 27 20 26 25 34 35 24 23 22 35 37 27 26 38 25 39 30 22 21 20 73 107 41 20 20 22 36 38 31 29 22 23 36 25 20 21 32 20 27 22
internal_value=-4.52591e-05 -0.00280858 0.00349115 0.0066477 -0.00819388 0.00899525 0.00265026 0.015384 0.00787645 0.00768659 -0.00164775 -0.00254175 0.000462589 -0.00954151 -0.0141191 -0.0185157 -0.00911195 0.0038212 8.59923e-05 0.00122255 0.00368736 0.0155658 0 -0.00489067 0.0134487 -0.00443532 -0.0090362 -0.00123032 -0.00331144 0.000837313 0.00827372 0.00727376 -0.0142831 -0.0123273 0.00640139 -0.00567365 0.0215043 0.0207196 0.0283457 -0.0136794 0.0288152 -0.0330253
internal_weight=321.465 181.583 139.882 100.757 12.9013 87.8556 45.6147 42.2409 28.5683 35.7501 173.219 167.834 117.812 50.0219 41.3512 34.9407 22.9331 97.1925 16.7696 85.9401 76.3455 16.6692 59.6763 44.2316 15.4447 39.1254 31.3471 20.063 26.4755 25.2561 16.8771 12.0051 20.6193 14.4704 14.1716 15.2066 10.494 11.2523 13.6726 9.86454 11.4859 12.0076
internal_count=1312 739 573 413 53 360 186 174 117 146 705 683 480 203 168 142 93 396 68 350 311 68 243 180 63 160 128 82 108 103 69 49 84 59 58 62 43 46 57 40 47 49
is_linear=0
shrinkage=0.03


Tree=24
num_leaves=40
num_cat=0
split_feature=33 60 55 29 37 33 61 60 54 45 55 54 54 28 30 55 39 41 48 23 26 45 18 54 55 20 54 36 49 41 51 46 46 37 30 55 32 46 47
split_gain=3.34764 4.17757 3.85553 4.4495 4.64367 4.07767 4.01225 3.56443 3.54253 4.61014 4.6964 4.53945 4.27214 4.53308 4.18931 5.18612 4.31645 3.95888 5.87677 4.79753 3.59165 3.58315 3.37414 3.24381 4.20437 3.06639 2.85695 2.78639 2.85528 2.72873 2.84572 2.67952 2.60473 2.56362 2.24087 2.2113 2.18848 1.47036 1.43537
threshold=1.0000000180025095e-35 788.50000000000011 -1.0040105556982333 0.3745053546899747 -0.82930776677069129 0.29568178728495181 612.00000000000011 600.50000000000011 1.9531152116421127 1.5646568764237381 0.55003137890986598 0.84993958470002318 -0.4581746797633689 -1.465054332925342 0.21527734297539566 -0.94495113239679618 1.3824168626020787 -0.7216642342946652 -0.53224862588792554 0.6023769526669539 0.91646525627958508 -0.49043849441665838 0.52948341050954073 0.26498018239801596 0.24047897343556404 0.52247766753772773 -1.5829362735564081 0.77647507347796474 -0.43719013139113166 1.1641252602671941 1.0000000180025095e-35 -0.99452462965397814 0.98497517544343027 -1.3609451969637496 1.2840159874376502 -0.49296224124975091 0.36727805683141412 0.035305961548255473 0.095446996676800303
decision_type=2 2 2 2 2 2 2 2 2 2 2 2 2 2 2 2 2 2 2 2 2 2 2 2 2 2 2 2 2 2 2 2 2 2 2 2 2 2 2
left_child=1 8 7 4 5 -4 -7 25 9 10 12 -11 21 -14 15 20 -17 -12 -19 22 -15 -1 -20 -16 -25 -2 -6 28 -5 30 31 -28 -23 -8 37 -30 -21 -33 -9
right_child=2 -3 3 27 26 6 33 38 -10 11 17 -13 13 14 23 16 -18 18 19 36 -22 32 -24 24 -26 -27 29 -29 35 -31 -32 34 -34 -35 -36 -37 -38 -39 -40
leaf_value=0.0069931894739746125 -0.014684679803918518 -0.021804890139605387 0.014246899631496092 -0.014753468163928149 -0.007699121244217207 -0.027711784501284902 0.010122765730646143 0.0070927005716260932 0.017692167031786495 0.0011819957699581354 0.0084793807686283015 -0.031111684484206703 -0.016227563914038453 0.0069881167089263507 0.0091338024911498533 0.019875134592764323 -0.0053338526507978297 -0.026993636069379712 -0.00317316956831522 0 -0.020201333883473435 -0.029689727945623044 0.024625664404900702 0.0019499540733195285 -0.031190157210007625 0.014764116679888776 -0.0020173961389158873 -0.022955020848212868 -0.0048461830595961045 -0.0066187102138060309 -0.0041257486073234687 0.03136837374637981 -0.00058004649576994774 -0.013756934681431458 0 0.015607278322983467 -0.024744878187818974 0.014530851600734954 0.030730552637526973
leaf_weight=5.8985924422740963 4.8977359533309954 8.3469187468290311 5.6324653923511532 9.3219455331563967 6.3315070271491996 7.1509861946105984 7.0653748661279714 5.551232933998107 6.6107201129198065 5.9030138403177244 8.5785346925258619 7.9951468855142593 6.4149431735277167 10.068591699004164 7.8481940478086498 39.362542331218727 6.1181119084358206 14.26593993604183 8.1084673702716845 4.9271654784679395 5.4494318068027487 6.6583177596330625 5.1687839478254309 6.3821743875741941 4.9456395655870438 4.831549271941185 5.0841397643089286 7.1342799067497245 8.5424730926752073 5.1866907328367224 5.6499494910240164 12.170916274189951 4.9318942278623581 6.1048104763030953 4.9031029194593421 7.3417674899101248 7.4093635380268097 18.616134852170944 8.1665527671575529
leaf_count=24 20 34 23 38 26 29 29 23 27 24 35 33 26 41 32 161 25 58 33 20 22 27 21 26 20 20 21 29 35 21 23 50 20 25 20 30 30 77 34
internal_value=-4.14493e-05 -0.00273843 0.00341023 0.00104357 0.00472386 -0.00546494 -0.0118072 0.014134 -0.0016049 -0.00255828 -0.000928118 -0.0182268 0.00262396 0.0054177 0.00748927 0.0112958 0.0162943 -0.00852708 -0.0125051 -0.00316731 -0.00314638 -0.0102276 0.00864396 -0.00426998 -0.0140063 0 0.00941132 -0.00811257 -0.00263358 0.0117815 0.0141053 0.0168302 -0.0192471 -0.000812096 0.0196495 0.00479332 -0.0158719 0.0225211 0.0232012
internal_weight=321.076 181.392 139.684 116.237 83.8961 25.9536 20.3212 23.4471 173.046 166.435 152.537 13.8982 104.078 86.5896 80.1747 60.9987 45.4807 48.4583 39.8797 25.6138 15.518 17.4888 13.2773 19.176 11.3278 9.72929 57.9424 32.3405 25.2062 51.6109 46.4242 40.7743 11.5902 13.1702 35.6902 15.8842 12.3365 30.7871 13.7178
internal_count=1312 739 573 476 344 106 83 97 705 678 621 57 424 353 327 249 186 197 162 104 63 71 54 78 46 40 238 132 103 212 191 168 47 54 147 65 50 127 57
is_linear=0
shrinkage=0.03


Tree=25
num_leaves=27
num_cat=0
split_feature=19 38 24 28 19 20 61 38 37 18 20 51 27 56 47 2 36 39 36 13 19 54 12 27 47 32
split_gain=3.33757 3.62939 3.62315 3.60815 3.41725 3.82371 3.76801 5.85061 3.27508 5.33714 4.61753 4.2279 7.24365 6.33807 3.80147 3.56382 3.8531 3.43149 3.0178 2.88563 2.79765 2.01863 1.99258 1.63415 1.62021 0.89492
threshold=1.5403731646791761 -2.0649734457058151 0.63438418108793371 -1.465054332925342 1.3033092829127162 0.52247766753772773 130.50000000000003 -0.53958107029504299 1.0609586516935157 0.4869063897182942 -0.520490304785587 1.0000000180025095e-35 0.82378573806113986 -0.75287697516752283 -0.84688402901854165 -0.83941896682457251 0.77647507347796474 -1.3349555106036437 0.57957235276918428 -0.49689776597574015 -0.11907400768604226 0.074858918033686342 -0.33307031633899847 -1.0000000180025095e-35 0.37540195677989519 0.12596636263129407
decision_type=2 2 2 2 2 2 2 2 2 2 2 2 2 2 2 2 2 2 2 2 2 2 2 2 2 2
left_child=1 -1 22 21 6 -6 7 -5 11 10 25 14 13 -13 15 16 -8 -16 -17 -19 -9 -3 -2 -15 -12 -10
right_child=2 3 -4 4 5 -7 8 20 9 -11 24 12 -14 23 17 18 -18 19 -20 -21 -22 -23 -24 -25 -26 -27
leaf_value=0.022114222140385612 -0.0013297531886982015 -0.0028276708578034129 0.0079936204711254528 0.0083013054306677464 0.026415490046228896 -0.0003623574863276394 0.016557137212366818 -0.0039134660513429438 -0.036078275486758522 0.016588850123785377 0.0098638674927685362 0.0038018697804252134 0.015629766380601522 -0.012033231385855235 0.026937039637466544 -0.020385173504770916 -0.011184888741598032 0.01543418809190112 0.00037034288168349402 0.0033507549644360237 -0.031624061970693298 -0.026214589468957848 -0.026165102562182158 -0.038631930201104413 -0.0097645634983146382 -0.011519343355409781
leaf_weight=5.4803835153579703 4.9118909835815439 8.5477492660284025 4.919230952858924 7.8467318266630199 8.2288227081298846 8.5428229719400388 10.43784421682358 6.3914553523063686 5.4401967972517067 4.8532972782850257 5.340629428625105 7.8187966793775621 7.1197252422571173 6.5954941958189046 5.7124139666557303 12.556565910577776 5.6822278052568427 20.270372182130814 10.333841517567633 121.44119100272655 8.5355728417634911 5.3682766854763022 9.4236379861831665 6.6462461650371498 6.8644974529743195 5.3916735202074051
leaf_count=23 20 35 20 32 34 35 43 26 22 20 22 32 29 27 24 51 23 83 42 496 35 22 39 27 28 22
internal_value=-5.45868e-05 0.000724363 -0.0117097 0.000198603 0.000985851 0.0135375 9.81562e-05 -0.0111502 0.00124114 -0.0081178 -0.0142633 0.00253305 -0.0079503 -0.0166969 0.00420038 -0.00392093 0.00631803 0.00640753 -0.0113226 0.00526462 -0.021565 -0.0139115 -0.0189665 -0.028363 -0.00059836 -0.0272285
internal_weight=320.702 301.447 19.2548 295.966 282.05 16.7716 265.279 22.7738 242.505 27.8903 23.037 214.615 28.1803 21.0605 186.434 39.0105 16.1201 147.424 22.8904 141.712 14.927 13.916 14.3355 13.2417 12.2051 10.8319
internal_count=1312 1233 79 1210 1153 69 1084 93 991 114 94 877 115 86 762 159 66 603 93 579 61 57 59 54 50 44
is_linear=0
shrinkage=0.03


Tree=26
num_leaves=44
num_cat=0
split_feature=61 61 16 29 14 47 55 38 19 18 35 56 52 52 38 20 27 37 36 40 59 42 29 21 42 19 14 39 42 59 20 55 59 45 33 37 48 46 44 42 26 55 44
split_gain=3.2083 4.25914 6.85093 4.84183 4.99293 5.15527 4.89907 5.29368 3.83819 3.72091 3.46954 5.7419 3.29294 3.10643 5.65063 4.47638 5.14258 3.63569 5.02982 3.95642 4.88867 4.08849 4.35498 4.45768 3.48925 3.40418 3.73716 3.6647 7.86139 2.80153 2.57765 2.4619 2.09031 3.04379 2.0239 1.81313 1.80395 1.50688 1.37836 1.33343 1.29754 0.950699 0.723038
threshold=138.00000000000003 572.00000000000011 0.030200770920008307 -0.34144538348488018 0.015217911748903331 0.19841394690149036 0.84088267906549719 -0.23450259521288866 1.5403731646791761 0.08327398718473257 -0.64916821027994931 -0.75287697516752283 1.0000000180025095e-35 -0.78731606778043994 0.29938473618088191 0.52247766753772773 -0.74453304353389405 0.58839204707746406 -0.601843971483498 0.42372965961851905 0.32316049710578848 -0.99760995525849261 -1.1021430427956633 -0.79571268858933475 -0.50265608592405486 0.9477134602630265 -1.4323477539343077 1.0000000180025095e-35 0.17790548441079687 0.89611532440686215 -1.0000000180025095e-35 0.97856027144141 1.0000000180025095e-35 0.22652509028695117 -0.41738629764250862 0.73606911101998018 -0.34890972867465686 0.3311142055946803 0.27433968569266642 -0.2551791512568361 -0.19603098244456071 -0.88493838331911412 -0.69572297832649999
decision_type=2 2 2 2 2 2 2 2 2 2 2 2 2 2 2 2 2 2 2 2 2 2 2 2 2 2 2 2 2 2 2 2 2 2 2 2 2 2 2 2 2 2 2
left_child=10 2 35 6 5 -5 7 -4 13 -10 12 -12 -1 14 15 16 -3 18 24 20 32 -21 -23 -24 -15 27 -27 42 -29 -22 34 -16 33 -20 -26 40 -17 38 -13 -34 -2 -30 -19
right_child=1 8 3 4 -6 -7 -8 -9 9 -11 11 37 -14 17 31 36 -18 25 19 21 29 22 23 -25 30 26 -28 28 41 -31 -32 -33 39 -35 -36 -37 -38 -39 -40 -41 -42 -43 -44
leaf_value=0.020696675416441285 0.0093455643990826408 -0.014041686525348171 0.0030858568824031827 0.03312967489503673 -0.0076220032120051335 0.0011904256679204797 0.0073682601995170814 -0.032174254158728093 -0.031322972881761814 -0.00031141236827843082 0.0090901313369090696 -0.037412632163082438 -0.0091352011738508147 0.0082004514202175926 -0.019350928268851257 0.010065967444718367 0.019766806518897204 -0.01202010254042766 0.016080564319254021 0.019029659972157012 -0.016123033735224761 0.012068845442691132 0.0063829004389795276 -0.01575060611389419 0.0062583657385915951 -0.010979143152694291 0.020975128920071154 0.016079195501633309 -0.006887738134269644 0.0087265180191165859 -0.025731325104119872 0.0057075686338287201 0.0068061636250507226 -0.0073122041932384011 -0.01621218327031641 0.0041699623508703893 0.039382425540749035 -0.0079738565104108278 -0.010056753301648225 0.030546568998643515 0.032394401204684176 -0.02974925649462587 -0.034901378394495718
leaf_weight=4.8365343213081342 5.806868344545367 6.5893190205097181 5.3102784007787696 8.4867625236511284 9.0134482979774457 9.3152531087398511 8.8262269943952543 8.6280138343572634 5.7068213820457441 7.5721573978662491 5.9114905595779446 6.6096953898668307 5.4109147191047668 5.7937290072441128 6.389497756958006 5.3394836485385895 6.5320861339569127 5.6505860686302185 12.431414827704431 5.8537374883890143 7.1695857942104322 9.0957477092742902 10.065805807709689 27.060693010687832 6.1594063490629223 5.281689777970314 4.8180247098207456 7.5696034133434322 4.9074556082487115 6.0833287537097931 10.286072731018061 4.9070479720830917 4.8302078396081933 6.3041725456714621 5.1518151611089733 6.0947334468364707 5.7619441300630552 7.3735457062721244 4.8440690338611603 9.788440123200413 9.9410161674022657 4.9554229676723454 5.9311168193817156
leaf_count=20 24 27 22 35 37 38 36 35 24 31 24 27 22 24 26 22 27 23 51 24 29 37 41 110 25 22 20 31 20 25 42 20 20 26 21 25 24 30 20 40 41 20 24
internal_value=-6.11939e-05 0.000985958 0.00726005 0.00079953 0.00930938 0.018119 -0.00893318 -0.0193574 -0.00111627 -0.0158715 -0.00845738 -0.0143524 0.00527881 0 0.00783156 0.0157844 0.0026797 -0.00177515 0.000687374 0.00390341 0.0101287 -0.00168373 -0.00494835 -0.00957956 -0.0102926 -0.00959247 0.00448841 -0.0146703 -0.00477196 -0.00458241 -0.0157238 -0.00860392 0.0160918 0.00795427 -0.00420765 0.0206738 0.0286348 -0.0221358 -0.0288106 0.024438 0.0257951 -0.021313 -0.0268548
internal_weight=320.395 285.409 71.4226 49.58 26.8155 17.802 22.7645 13.9383 213.986 13.279 34.9862 24.7388 10.2474 200.707 35.5194 24.2228 13.1214 165.188 126.074 98.6831 46.6071 52.076 46.2222 37.1265 27.391 39.1139 10.0997 29.0142 17.4325 13.2529 21.5973 11.2965 33.3542 18.7356 11.3112 21.8426 11.1014 18.8273 11.4538 14.6186 15.7479 9.86288 11.5817
internal_count=1312 1169 293 203 110 73 93 57 876 55 143 101 42 821 146 100 54 675 515 403 191 212 188 151 112 160 42 118 71 54 88 46 137 77 46 90 46 77 47 60 65 40 47
is_linear=0
shrinkage=0.03


Tree=27
num_leaves=35
num_cat=0
split_feature=61 61 16 19 28 30 46 12 60 60 60 55 25 38 30 28 59 23 52 28 50 38 0 13 60 12 2 61 46 37 25 55 56 14
split_gain=3.0602 4.05621 6.52834 3.67535 4.02179 4.02793 5.25615 4.57881 3.63727 3.5358 3.80263 4.61708 3.43642 3.73724 7.86931 6.77764 3.28981 3.92307 6.14271 3.50124 3.22638 4.59371 3.84 3.18773 3.81647 3.73666 3.0676 1.94488 1.91151 1.72697 1.72062 2.94964 1.59078 1.12035
threshold=138.00000000000003 572.00000000000011 0.030200770920008307 1.5403731646791761 1.7323976646358366 -0.25971761011893973 0.74633920680385735 -1.3222651799972402 600.50000000000011 720.50000000000011 678.50000000000011 -0.17637631426433031 0.67564101612667837 1.1383505426568068 1.0000000180025095e-35 -0.74110293725111309 0.89611532440686215 -0.3569738996905118 -0.78731606778043994 -0.74110293725111309 -0.42715684704440116 -0.69212030783612022 -0.14675559314419348 -0.49689776597574015 154.50000000000003 -0.01813103401743325 -0.29744251054122034 207.00000000000003 0.3201500730708613 0.73606911101998018 0.67564101612667837 -0.43858797690291063 1.0000000180025095e-35 -0.54354529347356495
decision_type=2 2 2 2 2 2 2 2 2 2 2 2 2 2 2 2 2 2 2 2 2 2 2 2 2 2 2 2 2 2 2 2 2 2
left_child=20 2 29 4 5 6 7 28 -5 10 11 30 13 14 15 -4 17 18 -9 -19 26 -22 -23 25 -25 -13 -1 -17 -3 33 31 -7 -14 -2
right_child=1 3 12 8 -6 9 -8 16 -10 -11 -12 23 32 -15 -16 27 -18 19 -20 -21 21 22 -24 24 -26 -27 -28 -29 -30 -31 -32 -33 -34 -35
leaf_value=-0.013811501525049986 0.030811725358656328 0.0020398416060400013 -0.015545907361740149 -0.028630482627136213 -0.018471964157985209 0.0052988317197062065 -0.026216358935610307 0.0075707961629995699 0.00044558334275020348 0.02068823197786273 -0.014883972853746475 0.02280268439604529 0.022646280667790376 0.016602441683754892 -0.024657706709196328 0.02867006873604639 -0.020850993602085238 -0.0053716949421803309 -0.024320837937267241 0.015572710553488835 0.0050335274040319219 -0.034429366029521381 -0.0011693076859006426 0.012215773539934055 -0.0070590982783072052 0 0.01185706420337118 0.0037329365565615075 0.026363352179611884 0.0040709194799896289 0.00062266768864687599 0.032340785269147097 0 0.008297899678181073
leaf_weight=5.174148127436637 10.605122610926628 7.0088536292314512 7.8890901654958698 6.8362409323453885 8.6048672795295698 7.9941053539514586 7.3829655647277823 7.9622526168823269 6.4079939424991608 9.4833035022020322 8.5811292976140958 9.5039342343807238 6.4490874707698804 5.3893267810344687 12.763745248317717 5.5828508138656652 8.594734922051428 11.995036050677296 11.565189540386195 13.658263087272651 5.8786063641309729 9.2296724766492826 5.1026107370853451 9.9838040024042183 44.343701228499413 15.207023844122878 9.5567782521247846 6.6044028401374817 4.8202360272407532 6.0922561287879935 5.7668139636516562 8.0498009473085403 4.8520493656396866 5.088023468852044
leaf_count=21 44 29 32 29 35 33 30 33 26 39 35 39 27 22 52 23 35 49 47 56 24 38 21 41 181 62 39 27 20 25 24 33 20 21
internal_value=-5.61834e-05 0.000966658 0.00709444 -0.00108514 0 0.000942223 -0.00451002 -0.00144642 -0.0155415 0.00435306 0.00262275 0.0043673 0.000784516 -0.00347285 -0.0075234 0.00404875 -0.00530146 -0.00163998 -0.0114193 0.00580276 -0.0082618 -0.0156602 -0.0241997 0.000810905 -0.00317642 0.00948614 0.00202828 0.0174848 0.014253 0.0202081 0.0161162 0.0208138 0.0143744 0.0252221
internal_weight=320.008 285.066 71.316 213.75 200.506 191.901 72.9875 65.6046 13.2442 118.914 109.43 100.849 49.5306 38.2294 32.8401 20.0763 53.7755 45.1807 19.5274 25.6533 34.9418 20.2109 14.3323 79.0385 54.3275 24.711 14.7309 12.1873 11.8291 21.7854 21.8107 16.0439 11.3011 15.6931
internal_count=1312 1169 293 876 821 786 299 269 55 487 448 413 203 156 134 82 220 185 80 105 143 83 59 323 222 101 60 50 49 90 90 66 47 65
is_linear=0
shrinkage=0.03


Tree=28
num_leaves=43
num_cat=0
split_feature=33 45 39 45 23 32 20 44 36 44 54 45 55 12 12 57 45 31 55 44 23 42 33 54 24 31 37 42 61 9 30 53 32 50 55 39 1 30 55 33 54 50
split_gain=3.02401 3.76061 3.89027 3.84712 6.5656 6.43455 5.94971 4.39341 4.92836 4.06951 3.64362 5.60123 4.35613 5.79652 5.69372 5.84502 5.44412 3.36363 3.28127 3.25219 2.89227 2.84073 2.80208 2.78371 4.36108 3.87861 3.40154 4.65118 3.89553 3.69308 3.63377 2.64557 2.43248 1.91591 1.61036 1.5948 1.40229 1.06998 0.884078 0.409249 0.149941 0.090698
threshold=1.0000000180025095e-35 0.35820671153526956 0.56905370327519578 -1.0716200788774954 0.6023769526669539 -0.8392804141691862 1.0439616536993854 -0.69572297832649999 -0.12927744178242526 0.51685535169745822 1.9531152116421127 1.5646568764237381 0.55003137890986598 1.5938652076794835 0.098315138897123774 1.0000000180025095e-35 0.28401394315629991 0.6236031667292915 -0.45326615326667902 0.51685535169745822 -0.3569738996905118 0.17790548441079687 0.73144561696284482 -0.67622012931213038 -0.71339036645527709 -0.79198808952030375 -0.12045785984661384 0.4047593411890808 430.00000000000006 -1.0000000180025095e-35 0.21527734297539566 -0.33284337682100273 -0.35665702576894598 -0.64073527056660173 -0.49296224124975091 0.21782870265676876 -0.47759329105148024 -0.85346130148685873 0.16450794681726669 0.73144561696284482 0.67316481384861271 -0.21357842352220058
decision_type=2 2 2 2 2 2 2 2 2 2 2 2 2 2 2 2 2 2 2 2 2 2 2 2 2 2 2 2 2 2 2 2 2 2 2 2 2 2 2 2 2 2
left_child=10 3 19 5 6 -2 7 37 -9 -8 11 12 13 23 15 16 33 -13 -15 36 -7 -16 32 25 34 -1 30 29 -29 -28 31 -26 -10 -14 -25 -35 -3 -5 -6 -21 -18 -38
right_child=1 2 -4 4 38 20 9 8 22 -11 -12 17 14 18 21 -17 40 -19 -20 39 -22 -23 -24 24 26 -27 27 28 -30 -31 -32 -33 -34 35 -36 -37 41 -39 -40 -41 -42 -43
leaf_value=0.0069409066953201532 -0.010740098641244148 0.0042445160405386109 -0.006773511022971873 -0.0064116240136151787 0.02426233094800951 0.026916673581678204 0.019482717911253857 -0.032266780442057635 0.013601974414313951 -0.0096819889443879124 0.015855158246423331 -0.00061025718847053628 0 -0.029314602937818023 -0.0049271092175910206 -0.031984777458961611 0.01425598208127969 -0.030069543507534796 0 -0.0042159001462076899 0.0022062903262689924 0.021806241120542521 -0.018716769694389134 0.030791661897498282 0.030410071371263152 -0.023595427793690386 0.014453602645849833 0.0027015804966494016 -0.02328255065784867 -0.0084211128870812502 -0.0038618563508678 0.0061954910260012515 -0.010712710907631378 -0.0069015853624173895 0.0081048933229759621 -0.031506343364522689 0.01588142219240481 0.0091982869240999007 0.0042763284353695696 0.0063302556439823856 0.0032541188088889726 0.03214457959633981
leaf_weight=6.1245275288820267 8.5424039661884326 4.8174380064010647 7.5800375640392295 5.6037382632493973 5.3675760924816114 11.930416792631151 9.3189945220947248 12.480085402727118 6.1015235185623098 5.6545416563749304 7.5696237236261359 5.8625123351812354 5.1445347815752038 6.3985783606767654 5.9077558666467649 10.761420592665671 4.8643945157527906 9.3446004092693311 5.4058972299098951 5.1234726309776288 7.4910989701747885 5.4329874515533447 9.8499903678894025 6.2949214130640021 7.5049503594636944 5.8693776428699476 15.380150929093356 7.5952986925840404 11.377921685576437 8.5950817614793902 9.1088744848966581 10.672677084803576 5.6165572106838386 6.1284352689981496 8.2705845832824689 6.1066256165504456 8.8697753399610573 7.0393283665180189 5.1194938272237778 4.8372058868408203 4.9109558910131454 7.6800021380186072
leaf_count=25 35 20 31 23 22 50 39 51 25 23 31 24 21 26 24 44 20 39 22 21 31 22 40 26 31 24 63 31 46 35 37 44 23 25 34 25 37 29 21 20 20 32
internal_value=-4.38444e-05 0.00324383 0.0109701 6.4535e-05 -0.00354268 0.00928195 -0.00740691 -0.0126448 -0.0180704 0.00822612 -0.00261302 -0.00358447 -0.00177672 0.00154747 -0.00905302 -0.0145673 -0.00614239 -0.0201462 -0.0169767 0.0155594 0.0185139 0.00846396 -0.00803175 0.0040922 0.00606258 -0.00851959 0.00267645 -0.00248135 -0.0131518 0.00600454 0.0107094 0.0180538 0.00160069 -0.0158691 0.0202426 -0.0217185 0.0218036 0.00190911 0.0167623 0.000540303 0.0104292 0.025805
internal_weight=319.656 139.024 38.9079 100.116 72.1518 27.9639 61.6648 46.6912 34.0482 14.9735 180.633 173.063 157.856 108.599 49.2571 37.9164 27.1549 15.2071 11.8045 31.3279 19.4215 11.3407 21.5681 96.7944 84.8005 11.9939 70.235 42.9485 18.9732 23.9752 27.2865 18.1776 11.7181 17.3796 14.5655 12.2351 21.3672 12.6431 10.4871 9.96068 9.77535 16.5498
internal_count=1312 573 161 412 296 116 253 191 139 62 739 708 645 444 201 155 111 63 48 130 81 46 88 396 347 49 287 175 77 98 112 75 48 71 60 50 89 52 43 41 40 69
is_linear=0
shrinkage=0.03


Tree=29
num_leaves=42
num_cat=0
split_feature=61 61 2 54 45 56 37 18 54 1 56 12 18 35 56 52 36 38 27 12 55 48 43 54 58 39 39 18 55 53 45 32 41 12 39 30 26 54 46 44 42
split_gain=2.92125 3.78778 5.74073 5.7557 7.53132 5.51302 3.5938 3.33615 6.62338 5.02713 3.91377 3.76212 3.65507 3.1327 5.34377 3.15186 2.9244 2.90804 4.87034 4.91215 4.61404 6.08401 5.09048 6.46339 5.00194 4.58634 4.42472 4.38366 3.39434 3.11358 3.06743 3.00867 2.52068 2.06903 1.83262 1.61705 1.5589 1.47771 1.42116 1.34317 0.331032
threshold=138.00000000000003 572.00000000000011 -0.22056641745138308 -0.19297209477008401 0.20819343273941585 1.0000000180025095e-35 0.73606911101998018 0.6317136853660551 -0.7411930482021466 -0.28660740883699304 1.0000000180025095e-35 -1.346493055331951 0.71336327625071028 -0.64916821027994931 -0.75287697516752283 1.0000000180025095e-35 0.57957235276918428 -1.8361645893941994 -1.0581967998529007 0.024452856478968044 0.802893342417765 0.6870033652526889 0.1307559065718529 -0.65378487931122553 -0.80098636628373188 0.21782870265676876 1.0000000180025095e-35 -0.2215540190810332 -1.2591898613628218 1.4716628644565002 0.33258061151062213 1.0912131394317746 -0.7216642342946652 0.032842423988028023 -0.45269175306931847 0.21527734297539583 -0.19603098244456071 -0.62459471818548984 0.3311142055946803 0.27433968569266642 0.73472858741203939
decision_type=2 2 2 2 2 2 2 2 2 2 2 2 2 2 2 2 2 2 2 2 2 2 2 2 2 2 2 2 2 2 2 2 2 2 2 2 2 2 2 2 2
left_child=13 2 3 5 16 37 36 17 12 10 33 -11 -9 15 -15 -1 -5 -3 28 20 21 22 23 -20 -24 -23 34 -28 30 32 -19 -27 -22 -10 -21 -14 -4 -2 39 -16 -34
right_child=1 7 6 4 -6 -7 -8 8 9 11 -12 -13 35 14 38 -17 -18 18 19 26 29 25 24 -25 -26 31 27 -29 -30 -31 -32 -33 40 -35 -36 -37 -38 -39 -40 -41 -42
leaf_value=0.020129220053142688 0.0085763492619615241 0.015120705608074748 0.0073598861559499885 -0.03035556617755145 0.010953259548738343 -0.0093353532394294288 0 0.036483851718853266 0.014085732792911042 -0.0048741280794736353 -0.023419320737129004 0.025663319996459162 -0.0045071395263463643 0.0089081198172359724 -0.036179248011765093 -0.0090833867783427728 -0.0009993912786628598 0.009899121621488394 -0.0052706534231616985 0.0042921050974258947 -0.0015896053957371278 0.0095242682382199028 0.011054692221358497 0.02061136331732874 -0.018600488561323486 -0.028052197059690767 0.0014073261021394579 0.031700049031513071 -0.028880166220690281 0.0020723672056415332 -0.016513348473646713 -0.00095142277368850654 -0.029318038304548984 -0.0088360755623178994 -0.015757992047875896 0.016831329138676902 0.030805187514308885 0.029657734650607708 -0.0075103781404563625 -0.0094067973648807902 -0.01077403676736342
leaf_weight=4.8132021874189359 8.8903934359550512 5.9719649255275717 5.5180192291736665 9.8606005460023898 8.7219113856554014 7.0986451357603064 6.824588641524314 6.2351417988538733 4.8563533127307874 5.378689780831337 9.5996171534061414 6.5447514355182665 4.8086310029029828 5.8947072923183468 6.5565474331378955 5.4028512239456177 4.9142513573169699 5.588922470808031 12.351569369435309 8.7340227812528592 6.1006848961114946 4.8806529045105007 6.823100462555888 22.374067902565002 11.735822364687918 11.899725914001467 8.5639550685882586 8.5004888623952848 9.5394716262817365 6.820630580186843 7.2898102998733521 5.8847218155860892 11.471571341156961 6.389282301068306 5.1851052641868618 4.8369781970977783 12.055481299757956 7.2287337481975564 7.3533581495285025 4.8140856474637985 4.9109238386154166
leaf_count=20 37 25 23 40 36 29 28 26 20 22 39 27 20 24 27 22 20 23 51 36 25 20 28 92 48 49 35 35 39 28 30 24 47 26 21 20 50 30 30 20 20
internal_value=-3.70494e-05 0.000962726 0.00689301 0.000464801 -0.00957342 0.0108309 0.0182295 -0.001021 0.00572766 -0.00196081 -0.010746 0.0124355 0.0207375 -0.00806709 -0.0136873 0.00498278 -0.0219521 -0.00308514 -0.00394309 -0.00168226 -0.00480988 -0.000739317 0.00472554 0.0114027 -0.00738741 -0.0133311 0.00848924 0.0181626 -0.0164643 -0.0146154 -0.00479702 -0.0201674 -0.0197411 0.00108458 -0.00359413 0.00648021 0.0249158 0.020091 -0.0212306 -0.0277279 -0.0254647
internal_weight=319.224 284.389 71.1126 46.7145 23.4968 23.2178 24.3981 213.277 48.6494 32.7687 20.8453 11.9234 15.8808 34.8348 24.6187 10.2161 14.7749 164.627 158.655 136.237 105.253 75.9497 53.2846 34.7256 18.5589 22.6651 30.9836 17.0644 22.4182 29.3038 12.8787 17.7844 22.4832 11.2456 13.9191 9.64561 17.5735 16.1191 18.724 11.3706 16.3825
internal_count=1312 1169 293 192 96 96 101 876 200 134 85 49 66 143 101 42 60 676 651 559 432 312 219 143 76 93 127 70 92 120 53 73 92 46 57 40 73 67 77 47 67
is_linear=0
shrinkage=0.03


Tree=30
num_leaves=27
num_cat=0
split_feature=19 60 38 28 19 42 61 38 37 18 51 27 56 35 50 54 57 28 19 60 34 42 46 27 28 37
split_gain=2.90975 4.3445 3.30205 3.35312 3.11204 4.09347 3.18439 5.12846 2.94109 4.85439 3.87208 6.75154 5.79192 3.44823 5.15452 4.68908 3.5309 5.52071 2.5806 2.45665 3.36278 2.07631 1.76963 1.49454 1.36033 1.33127
threshold=1.5403731646791761 600.50000000000011 -2.0649734457058151 -1.465054332925342 1.3033092829127162 0.4047593411890808 130.50000000000003 -0.53958107029504299 1.0609586516935157 0.4869063897182942 1.0000000180025095e-35 0.82378573806113986 -0.75287697516752283 -0.44403096152235483 -0.85431369408880242 -1.5829362735564081 -0.63154173084328957 -1.1030786350882276 -0.11907400768604226 333.00000000000006 0.23390226114791596 0.17790548441079687 1.208597948648668 -1.0000000180025095e-35 1.0000000180025095e-35 0.28647449412831955
decision_type=2 2 2 2 2 2 2 2 2 2 2 2 2 2 2 2 2 2 2 2 2 2 2 2 2 2
left_child=2 -2 -1 21 6 24 7 -5 10 19 13 12 -12 16 -15 -16 25 -18 -9 -10 -21 -4 -3 -14 -6 -8
right_child=1 22 3 4 5 -7 8 18 9 -11 11 -13 23 14 15 -17 17 -19 -20 20 -22 -23 -24 -25 -26 -27
leaf_value=0.021181418958196054 -0.027801555057361458 -0.009630572096945126 -0.0020187230543787351 0.0079083358935054388 0.0074489432046018758 -0.006071937788890658 0.034933616210049881 -0.0032448536108683444 0.0020233485899334362 0.015886528361819831 0.0034689958759621469 0.015111985803236515 -0.011557597269871451 -0.024071454424483048 -0.019561722235162716 0.0042387300704984513 -0.016525036863142387 0.011808949013124667 -0.029811539870531936 -0.029905639836931532 -0.002565257678623319 -0.025515444738447603 0.010764579405096852 -0.037219426072050581 0.032268847553163754 0.010727296556004429
leaf_weight=5.4227529168128958 6.7601362764835384 6.3902632445096952 8.2365637868642789 7.8137637376785305 5.4941685199737567 5.6291421800851813 5.246885269880293 6.3636191487312326 5.8163197487592759 4.8131044507026663 7.7849533408880296 7.0903072506189337 6.5437112897634542 5.1650424748659125 6.3510869294404975 130.68284223973751 6.6071818470954886 24.166683837771419 8.4214761704206431 9.3134858459234255 7.7925416827201834 5.5693367123603812 5.9291817396879196 6.602361977100367 5.5208742767572403 7.2623241245746613
leaf_count=23 29 26 34 32 23 23 22 26 24 20 32 29 27 21 26 536 27 100 35 38 32 23 24 27 23 30
internal_value=-3.39491e-05 -0.0109653 0.000693159 0.000189842 0.000951075 0.012972 0.000101074 -0.0102758 0.00115537 -0.00773462 0.00238405 -0.00767259 -0.0161527 0.00398479 0.00163028 0.00289248 0.0112724 0.0050544 -0.0200976 -0.0136112 -0.0189843 -0.013461 0 -0.0273473 0.022745 0.023962
internal_weight=318.79 19.0796 299.711 294.288 280.482 16.6442 263.838 22.5989 241.239 27.7355 213.503 28.0213 20.931 185.482 142.199 137.034 43.2831 30.7739 14.7851 22.9223 17.106 13.8059 12.3194 13.1461 11.015 12.5092
internal_count=1312 79 1233 1210 1153 69 1084 93 991 114 877 115 86 762 583 562 179 127 61 94 70 57 50 54 46 52
is_linear=0
shrinkage=0.03


Tree=31
num_leaves=31
num_cat=0
split_feature=19 60 38 28 19 26 56 40 51 61 47 30 27 16 60 25 60 37 25 38 18 47 43 29 34 54 54 27 38 46
split_gain=2.76997 4.16817 3.16402 3.19778 2.97915 3.81012 3.09015 3.99163 4.69971 5.84493 5.57028 3.76289 5.98445 3.69004 5.46505 3.5459 3.79023 3.09582 3.03264 2.87663 2.55905 2.69933 2.62064 2.29729 2.05385 1.85231 1.46071 1.41013 1.11702 0.18441
threshold=1.5403731646791761 600.50000000000011 -2.0649734457058151 -1.465054332925342 1.3033092829127162 0.2984117903217261 -0.75287697516752283 0.63377414063419624 1.0000000180025095e-35 139.50000000000003 1.4731140773689615 0.57152355779614727 1.0000000180025095e-35 0.70345559561914561 642.00000000000011 1.7700126373096456 683.50000000000011 0.58839204707746406 -1.1483116858449336 -0.69212030783612022 0.67240947609403912 -0.67841782246077043 -0.74423756034236499 -0.34144538348488018 -1.0000000180025095e-35 0.074858918033686342 0.84993958470002318 1.0000000180025095e-35 0.16591290333243916 -0.1074614271949746
decision_type=2 2 2 2 2 2 2 2 2 2 2 2 2 2 2 2 2 2 2 2 2 2 2 2 2 2 2 2 2 2
left_child=2 -2 -1 25 6 -6 15 8 9 19 17 12 -9 14 -13 16 18 -11 -5 -8 22 -22 -20 -3 -16 -4 -12 -10 -21 -14
right_child=1 23 3 4 5 -7 7 11 27 10 26 13 29 -15 24 -17 -18 -19 20 28 21 -23 -24 -25 -26 -27 -28 -29 -30 -31
leaf_value=0.020756966323911653 -0.027279398492811326 -0.011771789453161754 -0.0025239841395406069 -0.0083026668795957506 0.024354341219850709 -0.0024904224794446788 0.0045351280344722742 0.005670259319371795 -0.003891204318701397 0.011302961540881997 -0.00036572153149670781 -0.01276471694800971 -0.015117204779808324 -0.021134671826527968 0.00090119748897205052 -0.013938585795117083 -0.014023654264987121 -0.00063816444115753659 0.00036350577320189452 -0.027565937079432914 -0.016041820220707891 0.0096834681975469152 0.017290903680602175 0.011473125749370032 0.025453706326403574 -0.025008508340157609 -0.023501764873241668 -0.022245685411180958 -0.0052737801948403058 -0.03474209871414783
leaf_weight=5.3986708521842948 6.7122843116521862 5.8917558938264856 8.4899940341711027 6.8380985260009757 9.1044609397649783 7.5067956000566474 4.8629902303218868 5.4245970696210888 9.4584070742130297 65.588702991604805 4.8641461879014951 8.7703032046556526 6.12298408150673 5.3645180016756049 5.84939877688885 6.6118895560502997 5.6390730291604987 26.046729534864426 11.260212048888205 6.8300657421350461 4.8803328424692154 7.0451298207044584 40.031093865633011 6.4254694133996937 6.8829018473625139 5.300179883837699 5.0821340978145599 7.5566906332969657 4.8226252496242523 7.8055261969566319
leaf_count=23 29 24 35 28 38 31 20 22 39 271 20 36 25 22 24 27 23 107 46 28 20 29 165 26 28 22 21 31 20 32
internal_value=-4.24959e-05 -0.0107217 0.000666292 0.00017364 0.000917816 0.0126901 8.58443e-05 -0.00207824 0.000508559 0.00272238 0.0054879 -0.00954407 -0.0191467 -0.00176887 0.00386485 0.00487711 0.00683731 0.00788875 0.00885914 -0.012995 0.0109576 -0.00101342 0.0138043 0 0.0158793 -0.0131638 -0.0142421 -0.0135086 -0.0204498 -0.0288124
internal_weight=318.468 19.0295 299.439 294.04 280.25 16.6113 263.639 181.333 135.112 118.097 101.582 46.2202 19.3531 26.8671 21.5026 82.3058 75.6939 91.6354 70.0549 16.5157 63.2168 11.9255 51.2913 12.3172 12.7323 13.7902 9.94628 17.0151 11.6527 13.9285
internal_count=1312 79 1233 1210 1153 69 1084 746 557 487 419 189 79 110 88 338 311 378 288 68 260 49 211 50 52 57 41 70 48 57
is_linear=0
shrinkage=0.03


Tree=32
num_leaves=42
num_cat=0
split_feature=33 60 60 18 51 48 58 61 45 46 46 61 60 12 45 40 27 44 39 45 31 12 12 19 45 39 33 61 25 57 31 55 34 42 50 45 39 44 24 56 39
split_gain=2.75046 3.81525 3.54811 3.80918 3.79761 3.84512 3.78732 4.69886 4.02171 5.4605 3.68699 3.37734 3.30919 5.12031 4.28247 3.39491 2.74936 3.94296 4.1014 3.18919 3.88047 6.26829 4.81486 3.1298 3.77208 3.59026 3.06972 3.30885 2.94558 3.6502 2.87092 2.74918 2.64975 2.6025 2.48324 2.16547 1.47249 1.05908 0.968602 0.873822 0.0578619
threshold=1.0000000180025095e-35 788.50000000000011 430.00000000000006 0.74872657974150891 -0.24577008521127319 -0.47586790495375569 1.0000000180025095e-35 174.00000000000003 -0.65443106365463255 -0.23117214372633546 0.62911972117663251 677.00000000000011 333.00000000000006 -0.27647685912214953 -0.86945683757331771 0.42372965961851905 1.137449494380147 0.51685535169745822 0.34722738709513662 1.676095143394255 1.0000000180025095e-35 -0.37818919138566071 -1.3627682949995525 -1.067329534751881 -0.37745491053576841 -0.17036735065833422 -0.17969693600002182 211.50000000000003 -1.1483116858449336 -0.63154173084328957 0.42137584440792059 -0.45326615326667902 -0.3482694793550854 1.0000000180025095e-35 -0.64073527056660173 0.51951676487716825 -0.3459798509675478 -0.54415068707350522 0.63438418108793371 1.0000000180025095e-35 -0.59091307508302926
decision_type=2 2 2 2 2 2 2 2 2 2 2 2 2 2 2 2 2 2 2 2 2 2 2 2 2 2 2 2 2 2 2 2 2 2 2 2 2 2 2 2 2
left_child=1 16 12 4 5 -4 7 40 -9 -10 36 34 13 -2 15 -15 19 -18 -19 20 21 -1 -22 24 -23 37 27 38 35 -30 -28 -21 -16 -27 -8 -29 -11 -25 -24 -36 -6
right_child=2 -3 3 -5 6 -7 11 8 9 10 -12 -13 -14 14 32 -17 17 18 -20 31 22 23 26 25 -26 33 30 28 29 -31 -32 -33 -34 -35 39 -37 -38 -39 -40 -41 -42
leaf_value=0.015685033740655791 0.020231198504545109 -0.020818724823770847 -0.02136001762779554 -0.015930350006135512 -0.0054921078214303504 0.0084630075748053195 0.0056746913903780111 0.023721552287649227 -0.017485602784825797 0.0054803348733778855 -0.0054645585349338043 -0.00060105392970179541 -0.024290373731955972 0.020486745043595937 -0.026867380368886844 -0.00790906809833785 -0.025139598862242939 0.013950803099571127 -0.013919146226668139 -0.024104654300491187 -0.015176920886137668 0.01645198006718605 0.011693079712837614 -0.0086703827032550956 -0.012923540481828638 0.011364958666264233 -0.016307309620759467 -0.013962596770448399 0.023631934900360013 0.0038951782062628328 0.0076722365501659855 0.0024500268585365315 -0.0012001008409398884 -0.015149966063152477 0.032225328253472019 0.007565202993964344 0.030843773319368328 -0.031108262652006519 0.034171929381652907 0.013744891578464456 -0.017006978214387784
leaf_weight=8.6722871065139753 6.7140189260244361 8.2655437439680082 6.3649423569440842 5.1103644967079154 4.8815224021673203 6.1465518176555616 9.1572150439023989 9.7800301313400215 7.4102468192577318 5.0621654391288731 6.3573370873928061 7.4856941401958457 4.869487613439559 5.7658396512269956 8.1952286213636381 6.3185309916734695 8.5764203518629092 7.3519067764282253 8.7066612988710386 7.0851047933101654 7.8148312568664542 6.1051218956708908 7.540369510650633 5.1365921199321702 6.5909615308046323 5.0900224447250384 7.3053291440010053 8.0847498774528415 11.906303226947772 27.511831805109995 7.5041895657777786 4.8723966181278211 6.8300911337137249 5.1407437175512314 12.773805245757103 5.8342378139495841 5.2980801165104063 9.8120575100183505 4.8412225693464279 8.8941542059183121 4.9020237922668439
leaf_count=36 28 34 26 21 20 26 38 41 30 21 26 31 20 24 34 26 35 30 36 30 32 25 31 21 27 21 30 33 49 113 31 20 28 21 54 24 22 40 20 37 20
internal_value=-6.78602e-05 -0.00252454 0.00307461 0.00607064 0.00755302 -0.00694305 0.0099216 0.00350855 0.00888173 0.00159605 0.0111269 0.0166769 -0.00442871 -0.000489382 -0.00662245 0.00596392 -0.00143519 -0.0104034 -0.000716277 0.000118842 0.00153206 -0.00530813 0.00523137 -0.0106817 0.00102531 -0.0165353 0.00752634 0.010293 0.00651894 0.0106511 -0.00420055 -0.0137714 -0.0167308 -0.00168034 0.0208915 -0.00469181 0.0212172 -0.0252568 0.0236573 0.0262796 -0.0132872
internal_weight=318.066 179.749 138.317 99.6241 94.5138 12.5115 82.0023 43.6914 33.9079 24.1278 16.7176 38.3109 38.6932 33.8237 27.1097 12.0844 171.483 24.635 16.0586 146.848 134.891 46.5478 88.3431 37.8755 12.6961 25.1794 80.5282 65.7187 53.3371 39.4181 14.8095 11.9575 15.0253 10.2308 30.8252 13.919 10.3602 14.9486 12.3816 21.668 9.78355
internal_count=1312 739 573 413 392 52 340 180 140 99 69 160 160 140 112 50 705 101 66 604 554 191 363 155 52 103 331 270 219 162 61 50 62 42 129 57 43 61 51 91 40
is_linear=0
shrinkage=0.03


Tree=33
num_leaves=44
num_cat=0
split_feature=33 54 45 55 12 57 45 12 47 54 45 39 45 23 32 20 24 43 36 47 36 41 42 54 20 43 19 1 24 20 58 45 45 23 52 38 57 40 40 12 47 27 58
split_gain=2.60441 3.48258 4.84161 4.00252 5.26357 5.47027 5.08288 4.52422 3.45721 3.44716 3.42753 3.72111 3.56864 6.05197 5.97137 5.55995 3.66159 4.77848 5.11181 3.23058 3.18754 3.12485 3.48258 4.63461 4.21078 3.59556 5.52858 4.39303 3.23679 2.99851 3.00202 2.8431 2.76904 2.68165 2.3446 2.33461 1.78575 1.61691 1.40987 1.38254 0.885748 0.801829 0.469812
threshold=1.0000000180025095e-35 1.9531152116421127 1.5431853120473129 0.55003137890986598 0.098315138897123774 1.0000000180025095e-35 0.39809618384023615 1.5938652076794835 0.65253676443911224 0.84993958470002318 0.35820671153526956 0.56905370327519578 -1.0716200788774954 0.6023769526669539 -0.8392804141691862 1.0439616536993854 -1.0809652430579708 -1.1021894331709083 -0.12927744178242526 -0.48621279134617607 0.77647507347796474 -1.0359624833883081 0.17790548441079687 -0.67622012931213038 1.0000000180025095e-35 -0.38628568751382125 -1.0000000180025095e-35 0.25451925743738674 0.38933426335280424 1.0439616536993854 -0.80098636628373188 1.0000000180025095e-35 -0.54688814517781104 -0.3569738996905118 1.0000000180025095e-35 0.45192397372195875 -0.63154173084328957 0.13295816876327926 0.63377414063419624 -0.10664470026853072 -0.43350976653466938 0.19645822542312619 1.0000000180025095e-35
decision_type=2 2 2 2 2 2 2 2 2 2 2 2 2 2 2 2 2 2 2 2 2 2 2 2 2 2 2 2 2 2 2 2 2 2 2 2 2 2 2 2 2 2 2
left_child=1 2 3 7 5 6 38 21 -9 -4 12 29 14 15 -2 16 -14 -18 -19 -6 37 -1 23 -23 32 27 31 36 -28 30 -12 -27 -25 42 40 -32 -24 -20 -5 -26 -17 -15 -16
right_child=10 -3 9 4 19 -7 -8 8 -10 -11 11 -13 13 41 33 34 17 18 20 -21 -22 22 25 24 39 26 28 -29 -30 -31 35 -33 -34 -35 -36 -37 -38 -39 -40 -41 -42 -43 -44
leaf_value=-0.01367661058201803 -0.010446374358242879 0.015609512534995131 -0.0020172260302954892 -0.0036239933544045784 -0.0080104917933346564 -0.030872039335587804 0.010768760852708408 -0.027564595970869594 0.0028238840734174753 -0.030033828708178768 0.0018142650936995455 -0.0069556909266671853 0.004633450032924342 0.023193723801203128 0.033722645238633893 0.0035258940448709237 0.0040566669326663023 -0.036208291478567217 -0.0086944566280496849 0.020664211193253283 -0.023668575809825815 -0.0099176193221302538 0 -0.011570134137812445 0.0071153975057081653 0.00099680461820725449 -0.021269757794243786 0.012451000317671065 0.006913792312593192 -0.0020132022347246941 0.0322845883000158 0.030417668344123863 0.012119578299327052 0.0020585436921384116 -0.0062388784253213196 0.00466102684537928 -0.020918342368795449 0.011184378947639306 -0.022018450718865164 0.030834721673247356 0.023945698787189058 0.0040181617153455017 0.012858628772200035
leaf_weight=6.8591995090246192 8.4896201640367526 7.5486792623996726 7.7363334894180324 8.0412701368331962 4.92636738717556 10.68985642492771 9.2570175528526288 6.3950453847646695 4.8677859008312225 8.490826487541197 7.2591746896505418 7.5397482961416236 8.2143483161926252 5.3286107331514341 5.6341580748558062 4.7866568863391867 7.4892593026161114 11.499055773019785 6.8387224823236625 6.360996335744856 7.3341987729072562 6.1285040378570548 5.6417525261640593 5.1182408332824734 4.7726560682058343 5.146737337112425 5.3443596512079292 5.5246822237968436 6.3109152913093567 6.5381497740745536 12.456674411892893 7.7217755913734436 11.610093489289282 7.4517939239740363 5.3182323127984992 4.8163056671619406 12.547423392534252 5.094132736325264 9.7005314379930478 12.800084680318832 4.7581437528133383 5.0773650407791138 6.1630930155515671
leaf_count=28 35 31 32 33 20 44 38 26 20 36 30 31 34 22 24 20 31 47 28 26 30 25 23 21 20 21 22 23 26 27 53 32 48 31 22 20 51 21 40 53 20 21 26
internal_value=-7.06602e-05 -0.00246272 -0.00341859 -0.00166855 -0.008652 -0.0139755 -0.00580221 0.0015543 -0.0151723 -0.0183162 0.00298955 0.0103928 0 -0.0035329 0.0088647 -0.00725028 -0.0123211 -0.01615 -0.0212147 0.00820833 -0.0100083 0.00379233 0.00541529 0.0117394 0.0160299 0 0.00774505 -0.00815043 -0.00650498 0.0149134 0.0195112 0.0204009 0.00418661 0.0178103 0.00791318 0.0258897 -0.0151844 0 -0.0149256 0.0257735 0.0161181 0.0160264 0.0259542
internal_weight=317.629 179.541 171.992 155.765 48.976 37.6887 26.9988 106.789 11.2628 16.2272 138.087 38.6101 99.4774 71.7387 27.7387 61.3328 46.4697 38.2554 30.7661 11.2874 19.2671 95.5264 88.6672 40.4296 34.3011 48.2376 24.5238 23.7139 11.6553 31.0703 24.5322 12.8685 16.7283 19.249 14.863 17.273 18.1892 11.9329 17.7418 17.5727 9.5448 10.406 11.7973
internal_count=1312 739 708 640 201 155 111 439 46 68 573 161 412 296 116 253 191 157 126 46 79 393 365 167 142 198 101 97 48 130 103 53 69 81 62 73 74 49 73 73 40 43 50
is_linear=0
shrinkage=0.03


Tree=34
num_leaves=28
num_cat=0
split_feature=19 60 38 13 18 13 18 12 47 39 40 2 45 35 16 30 42 18 47 30 17 57 53 45 16 41 39
split_gain=2.57586 3.90399 3.00549 3.05247 5.2008 4.27039 4.59201 4.41348 3.64492 4.09135 3.90659 3.61741 3.68122 3.5272 3.87687 3.04663 4.16739 4.2413 4.61386 4.04098 3.59715 3.32298 3.28399 2.1469 1.70279 1.3929 1.22013
threshold=1.5403731646791761 600.50000000000011 -2.0649734457058151 -0.49689776597574015 0.71336327625071028 -0.72603189744822816 0.7517516514724919 0.024452856478968044 -0.9493485367044926 -1.4643541950420114 1.3127551374058033 -0.86440369707876952 0.22652509028695117 1.1970670285384026 0.32664061127881788 -0.67533819407648288 -0.99760995525849261 0.33807193359510207 -0.26154308477179838 0.21527734297539566 -1.4869375661164979 -0.63154173084328957 1.0000000180025095e-35 -0.4502331789829857 -0.25448959311572344 -0.40736598520102207 0.21782870265676876
decision_type=2 2 2 2 2 2 2 2 2 2 2 2 2 2 2 2 2 2 2 2 2 2 2 2 2 2 2
left_child=2 -2 -1 5 8 6 11 -7 10 -10 -5 13 -13 14 24 20 23 19 -19 -18 -11 26 -23 -17 -4 -3 -22
right_child=1 25 3 4 -6 7 -8 -9 9 15 -12 12 -14 -15 -16 16 17 18 -20 -21 21 22 -24 -25 -26 -27 -28
leaf_value=0.020259827661720877 -0.026518355082596687 -0.010415063109895087 -0.0028423416282785064 -0.024438957650817592 -0.02293663210190873 0.035825308303323943 -0.015971507056563253 0.003551272732543576 0.022925190664707301 -0.021777087178081172 0.0016363731362747358 0.029877831513349662 0 0.014327470543427347 0.0058867431175778475 0.03168572753497953 0.008892139440331721 -0.026687432223450311 -0.00030428413278563854 -0.0030019049093142716 0.00037859611825825012 -0.00181738531247978 -0.023337068510372184 0.0039532763174982668 -0.028555066909682365 0.0079357079926931657 0.018552923791994552
leaf_weight=5.3571775108575812 6.6307919621467617 4.9120953083038339 4.8385467678308451 9.779168441891672 8.2640185058116895 6.1666602343320838 9.4771920591592771 9.2758368998765928 5.6728355735540381 9.0510547906160337 8.481162101030348 7.4346117675304431 5.9876822233200073 8.2443471699953061 9.1599642038345319 4.7261548340320587 54.533858552575111 8.0479851663112658 17.261773139238358 45.435870289802551 7.5343067646026594 29.019897162914276 7.0926727950572959 6.0077091455459577 5.5889209061861091 7.361731514334676 5.7819913327693939
leaf_count=23 29 20 20 40 34 26 39 38 24 38 35 31 25 34 38 20 226 33 71 187 31 119 29 25 23 30 24
internal_value=-6.31283e-05 -0.0103934 0.00062044 0.000139399 -0.00149994 0.00575269 0.00123255 0.0188242 -0.000510709 0.000669422 -0.0128195 0.00574682 0.0176767 -0.000411724 -0.00747784 -0.00011959 0.00231108 0.000621897 -0.00994116 0.00346275 -0.00578932 -0.00218877 -0.0069656 0.0190422 -0.0189848 0 0.0097543
internal_weight=317.126 18.9046 298.221 292.864 226.69 66.1738 50.7313 15.4425 218.426 200.166 18.2603 41.2541 13.4223 27.8318 19.5874 194.493 136.013 125.279 25.3098 99.9697 58.4799 49.4289 36.1126 10.7339 10.4275 12.2738 13.3163
internal_count=1312 79 1233 1210 936 274 210 64 902 827 75 171 56 115 81 803 562 517 104 413 241 203 148 45 43 50 55
is_linear=0
shrinkage=0.03


Tree=35
num_leaves=31
num_cat=0
split_feature=19 60 13 48 39 14 24 40 59 19 60 41 13 45 24 52 32 20 32 45 45 5 26 48 60 30 29 26 34 26
split_gain=2.46165 3.7443 2.56149 4.19985 4.33871 4.64765 6.4927 4.31422 4.02147 3.78494 4.81209 3.57754 3.51109 2.97637 2.85092 2.73438 2.5887 4.16179 3.45067 3.72684 3.72372 2.45557 2.40573 2.30334 2.26647 2.1633 2.11184 1.83971 0.957869 0.347159
threshold=1.5403731646791761 600.50000000000011 -0.49689776597574015 -0.96825099025777217 -1.4643541950420114 -0.030737767884816095 -0.34581548985258337 1.3127551374058033 1.0000000180025095e-35 0.35505375584687721 642.00000000000011 -1.3895480136186567 -0.72603189744822816 -1.1102590581506748 -0.34581548985258337 -1.3864800358360878 -0.35665702576894598 1.0000000180025095e-35 0.12596636263129407 -0.20006852318276319 1.0000000180025095e-35 -0.82542019406746858 -0.93769514159399125 -0.65708996199356606 593.50000000000011 -0.37846634839252347 -0.34144538348488018 0.42202248351329824 -0.56378497944513872 -0.44325236882770425
decision_type=2 2 2 2 2 2 2 2 2 2 2 2 2 2 2 2 2 2 2 2 2 2 2 2 2 2 2 2 2 2
left_child=2 -2 8 7 -5 13 -7 29 11 14 -11 -1 21 -6 -10 -15 17 25 19 -18 -20 24 -19 -23 -13 -17 -3 -8 -12 -4
right_child=1 26 3 4 5 6 27 -9 9 10 28 12 -14 15 -16 16 18 22 20 -21 -22 23 -24 -25 -26 -27 -28 -29 -30 -31
leaf_value=-0.0096148686845815307 -0.026032803728701166 -0.011336711264853219 -0.032081021726747254 0.021908089702809823 0.018002861488837996 0.0080892444263742196 -0.030068035460732574 0.0015946298912085247 -0.02565112123389381 0.025667273709550041 0.0026708153457180505 0.00085068985099799274 0.033450072321976283 0.018100936634254668 0.00022174387927598725 -0.024410295820022868 0.023305837701649412 -0.0097986902034962794 -0.0081114389584688289 0.0018834681714757495 0.004043139215369986 -0.014986209610278424 0.010206790049857788 0.010509266427469511 0.023985670911443088 -0.0052241882646875066 0.010986858601991162 -0.0085616541730780538 -0.013428715707130699 -0.011333172546869131
leaf_weight=4.6155542582273474 6.5805726200342205 5.8659312278032312 5.5678640753030777 6.5986772626638404 7.6459794193506232 8.9537554681301135 9.4975357353687304 8.4813469946384412 6.6070259213447571 5.8094646632671347 5.0810831040143958 6.7257142066955575 6.6402065008878699 6.0115349143743506 6.3698148429393786 10.262426778674127 10.81544901430607 6.7668377161026028 38.059872984886169 20.437257811427116 51.245565444231033 4.8801251947879791 13.685438022017477 4.7580639123916644 9.9257766455411911 13.406516209244726 6.4029970318078968 9.2648929506540281 4.8970168828964225 4.9161324948072451
leaf_count=19 29 24 23 28 32 37 39 35 27 24 21 28 28 25 26 42 45 28 157 85 212 20 57 20 42 55 26 38 20 20
internal_value=-6.07441e-05 -0.010174 0.000606835 -0.000866824 0.00035242 -0.000462316 -0.0115784 -0.0138548 0.00574805 -0.00247558 0.00690017 0.0120551 0.0155533 0.00131409 -0.0138296 0.000381365 -0.000386921 -0.00651031 0.00185739 0.010208 -0.0011192 0.00925546 0.00309719 -0.00214094 0.0158143 -0.0147403 0 -0.0211643 -0.00543007 -0.0254889
internal_weight=316.776 18.8495 297.927 231.617 212.652 206.053 27.7162 18.9653 66.3098 28.7644 15.7876 37.5454 32.9299 178.337 12.9768 170.691 164.679 44.1212 120.558 31.2527 89.3054 26.2897 20.4523 9.63819 16.6515 23.6689 12.2689 18.7624 9.9781 10.484
internal_count=1312 79 1233 958 880 852 114 78 275 118 65 157 138 738 53 706 681 182 499 130 369 110 85 40 70 97 50 77 41 43
is_linear=0
shrinkage=0.03


Tree=36
num_leaves=29
num_cat=0
split_feature=61 38 28 45 14 50 59 27 30 13 14 60 32 46 52 26 61 46 55 45 61 57 46 27 20 28 47 34
split_gain=2.6129 3.07799 2.8573 3.96867 4.0843 4.57145 4.43217 5.41932 6.65793 8.79158 4.80182 4.62102 4.22765 3.84809 3.86366 3.36265 3.35235 3.10329 2.86988 2.62912 3.02188 2.65353 2.60847 2.46456 1.89796 1.64445 1.68928 0.0550577
threshold=86.500000000000014 -2.0649734457058151 -1.1030786350882276 1.8583678042195075 -0.61212440096305232 0.21357842352220063 -1.395703984797432 1.0000000180025095e-35 -0.49721508666610731 -0.049552984427921172 0.45775051002297101 727.50000000000011 -0.59796871996906598 -1.0224974262724529 0.41101186833085629 0.29841179032172643 672.00000000000011 0.45140931083734903 -0.45326615326667902 -0.45549383524380577 513.50000000000011 -0.63154173084328957 0.49000421568407487 0.19645822542312619 -0.78123229786641579 -0.37912723941399867 -0.69153961721798107 0.59216179376514733
decision_type=2 2 2 2 2 2 2 2 2 2 2 2 2 2 2 2 2 2 2 2 2 2 2 2 2 2 2 2
left_child=-1 -2 13 4 12 6 23 8 10 -10 -8 16 -4 -3 22 25 -9 19 -5 20 -14 -21 24 -6 -15 -7 -27 -23
right_child=1 2 3 18 5 15 7 11 9 -11 -12 -13 17 14 -16 -17 -18 -19 -20 21 -22 27 -24 -25 -26 26 -28 -29
leaf_value=-0.016341168542852853 0.020301477896703841 0.0089875589805017767 -0.0074459353170192909 -0.02899599860966506 -0.00095068572579662912 0.0023894819696204054 -0.010763020129981236 -0.010420307374888802 -0.0060144416193930583 0.028857842969246806 0.018582249405651733 0.015362886178510293 0.017893942986132238 -0.007319012450488065 0.0039184776099116629 -0.005218327023136053 0.0055003108339468079 -0.0044852378687010854 0 0.0048575176231621742 -0.01085402540765782 0.017101541385459929 -0.0018091801643693472 0.021396321647493135 -0.033857295422067647 0.0050836881244703805 0.028721287948586052 0.036851063960378683
leaf_weight=7.1466460376977912 5.3254830837249747 8.0419707447290403 8.7371664494276029 5.1383578479290009 6.4630270004272452 6.7704996913671556 24.091873988509182 94.900262057781219 9.5728822499513644 15.097351089119909 4.7026154845952979 6.2997556030750266 5.2155079394578916 5.3453622013330486 7.8760321885347357 7.5408768504858008 12.111764416098593 5.5338967293500891 5.3189468532800657 6.2452961951494226 4.842342883348465 6.5198092609643972 6.4718129336833945 9.3936616033315641 8.9526055753231066 5.5362915694713619 9.5427991449832863 7.7158143669366837
leaf_count=30 23 33 36 22 27 28 99 391 40 63 20 26 22 22 33 31 50 23 22 26 20 27 27 39 37 23 40 32
internal_value=-5.87328e-05 0.000375227 -5.21975e-05 0.00101929 0.00181674 2.52253e-05 -0.00173859 -0.00324255 0.00447886 0.0155278 -0.00508962 -0.00694898 0.0098886 -0.00774912 -0.0128602 0.010732 -0.00851197 0.0143765 -0.0158354 0.0180317 0.00392175 0.0239474 -0.0193276 0.0126472 -0.0259526 0.0164755 0.0216498 0.0306797
internal_weight=316.451 309.304 303.979 267.291 256.833 212.024 182.633 166.777 53.4647 24.6702 28.7945 113.312 44.8098 36.6878 28.6458 29.3905 107.012 36.0727 10.4573 30.5388 10.0579 20.4809 20.7698 15.8567 14.298 21.8496 15.0791 14.2356
internal_count=1312 1282 1259 1107 1063 877 755 689 222 103 119 467 186 152 119 122 441 150 44 127 42 85 86 66 59 91 63 59
is_linear=0
shrinkage=0.03


Tree=37
num_leaves=37
num_cat=0
split_feature=61 38 28 12 45 14 42 59 32 40 16 32 41 20 30 29 47 44 44 44 32 41 23 46 31 61 25 11 38 33 30 62 54 30 47 60
split_gain=2.49193 2.94251 2.72712 4.30324 3.8008 3.87399 4.44491 5.19656 5.16382 6.60749 4.6512 4.0318 3.99543 3.76081 3.23537 4.93572 6.33413 4.44029 7.05876 6.67094 3.50609 3.21461 5.45247 3.15033 3.04511 3.82854 2.83216 2.70534 2.39022 2.19021 2.08333 1.93511 1.52785 1.70213 1.15626 1.10288
threshold=86.500000000000014 -2.0649734457058151 -1.1030786350882276 1.2789374103172115 1.8583678042195075 -0.61212440096305232 -0.50265608592405486 -1.395703984797432 -0.8392804141691862 0.29672601993462117 0.51309524238274473 -0.59796871996906598 1.1641252602671941 0.52247766753772773 0.21527734297539566 0.3745053546899747 0.21871899675303061 0.71895174003478457 -0.69572297832649999 1.7294336817214162 1.0912131394317746 -1.0359624833883081 1.0000000180025095e-35 -1.0224974262724529 0.24381039066232671 593.50000000000011 -1.0000000180025095e-35 0.13869371819852347 0.45192397372195875 -0.41738629764250862 1.0000000180025095e-35 1.0000000180025095e-35 -0.67622012931213038 0.24496452754379175 1.4924310857968177 572.00000000000011
decision_type=2 2 2 2 2 2 2 2 2 2 2 2 2 2 2 2 2 2 2 2 2 2 2 2 2 2 2 2 2 2 2 2 2 2 2 2
left_child=-1 -2 3 23 5 11 8 35 9 10 27 -4 24 21 15 16 -9 18 -16 -19 -17 28 -23 -3 25 -13 29 -7 -10 -25 -15 -28 33 -11 -6 -8
right_child=1 2 4 -5 34 6 7 14 13 32 -12 12 -14 30 17 20 -18 19 -20 -21 -22 22 -24 26 -26 -27 31 -29 -30 -31 -32 -33 -34 -35 -36 -37
leaf_value=-0.015951706337281248 0.019900063133471237 0.013718271807500366 -0.007253535171360335 -0.02612598499992615 -0.0028725059850959055 0.0030641489845692179 0.0013496651837075495 -0.0013343153529947877 -0.018082307007539222 -0.032615526982293898 -0.011382607637978057 0.024652356800242105 -0.001963907442502143 0.0081526538987680575 0.014012254362051358 -0.015149561068582331 0.026283171175682116 0.0074981496538088291 -0.020812900727279489 -0.023297031213136369 0.0067551418389645516 0.029431011094580392 -0.0060135206422467363 -0.010084066946522863 0.029400155588008091 -0.0049706114452735279 -0.0025797736107287723 0.033395275486496206 0.0066053947409418006 0.012625536337143327 0.031311622521674957 -0.029442771773842358 -0.00029394298204505573 -0.0066660255506158115 -0.024182100794920905 0.021294547235624732
leaf_weight=7.1382474899291983 5.3005556911230078 7.0493773519992855 8.7396016269922239 7.2279227823019019 5.3396914452314359 5.7149421721696871 4.8063291907310468 19.890962496399883 6.0624565631151217 5.1269864737987536 4.8283599019050589 5.1666383445262936 9.4465974867343885 8.3071426749229449 4.8668638020753781 19.757082983851436 10.004899621009825 22.79984271526337 33.492701455950744 7.0518628358840934 8.0485875606536847 6.9876732230186445 6.0239067822694778 5.5164872407913226 13.375742211937903 8.0088503956794721 5.2745811045169795 5.2245321422815323 5.0472410619258881 6.7250074744224566 9.9059839397668821 4.8608437329530716 4.8662066608667365 6.0642979741096497 5.0852927267551422 6.9884237200021744
leaf_count=30 23 29 36 30 22 24 20 82 25 21 20 22 39 35 20 81 42 94 137 29 33 30 25 23 56 33 22 22 21 28 42 20 20 25 22 29
internal_value=-4.18347e-05 0.000381685 -3.54683e-05 -0.00755907 0.00101138 0.00179183 4.60141e-05 -0.00310713 0.00592593 -0.00299459 0.0101137 0.00966017 0.0140524 0.0126419 -0.00497442 0.000174143 0.00853115 -0.00932582 -0.0158829 -0.000351788 -0.0085831 0.00410035 0.0136826 -0.00175853 0.019765 0.00756933 -0.00744097 0.0203124 -0.00693907 0.00197143 0.0224771 -0.0181135 -0.0159725 -0.0214767 -0.0155047 0.0146876
internal_weight=316.123 308.984 303.684 36.6542 267.03 256.605 211.867 137.708 74.1597 31.8253 15.7678 44.7374 35.9978 42.3344 125.913 57.7015 29.8959 68.2113 38.3596 29.8517 27.8057 24.1213 13.0116 29.4263 26.5512 13.1755 22.3769 10.9395 11.1097 12.2415 18.2131 10.1354 16.0575 11.1913 10.425 11.7948
internal_count=1312 1282 1259 152 1107 1063 877 567 310 132 66 186 150 178 518 238 124 280 157 123 114 101 55 122 111 55 93 46 46 51 77 42 66 46 44 49
is_linear=0
shrinkage=0.03


Tree=38
num_leaves=41
num_cat=0
split_feature=33 55 29 36 18 54 45 27 54 54 12 54 42 47 12 54 32 12 45 43 20 27 45 29 16 36 49 47 47 55 45 45 47 25 19 39 40 54 38 47
split_gain=2.39203 3.35959 4.08259 3.97805 3.7822 3.24121 4.32816 3.68475 4.19263 3.25917 3.13491 2.9582 2.84531 4.32593 2.80372 2.75499 3.38812 3.14029 3.24435 3.93975 3.07074 2.73894 3.75432 2.72785 2.39745 2.35281 2.27169 2.20738 3.69606 2.01523 1.94885 2.77935 3.81948 1.98218 1.64042 1.01021 0.972049 0.915732 0.685838 0.331676
threshold=1.0000000180025095e-35 -1.0040105556982333 0.3745053546899747 -0.601843971483498 0.7517516514724919 1.9531152116421127 1.5431853120473129 1.137449494380147 -0.25508197904518531 0.84993958470002318 -0.021629170311202237 -0.4581746797633689 -0.99760995525849261 -1.3269971256028257 -0.38700538631533249 -0.27848683529324553 -0.35665702576894598 -1.3627682949995525 -0.46112358808495829 -0.74423756034236499 -1.0419742909472445 0.4709140122022572 -0.49043849441665838 -0.34144538348488018 0.38353018564034963 0.77647507347796474 -0.43719013139113166 -0.20716684356869536 0.5192553759181131 -0.49296224124975091 0.43488669647434264 -0.31874416869042543 -0.04563130485737029 0.31085047573235586 -0.59320177121896156 -0.59091307508302926 -0.084284899117071849 -0.54855637881933894 0.45192397372195875 0.50650814877199823
decision_type=2 2 2 2 2 2 2 2 2 2 2 2 2 2 2 2 2 2 2 2 2 2 2 2 2 2 2 2 2 2 2 2 2 2 2 2 2 2 2 2
left_child=5 24 3 14 12 6 7 11 -9 -8 -10 21 13 -5 -3 36 27 -18 20 -20 -19 22 -1 -16 34 26 -4 -17 -29 -28 31 32 33 -14 -2 -24 -13 -33 -32 -36
right_child=1 2 25 4 -6 -7 9 8 10 -11 -12 15 30 -15 23 16 17 18 19 -21 -22 -23 35 -25 -26 -27 29 28 -30 -31 38 37 -34 -35 39 -37 -38 -39 -40 -41
leaf_value=0.0034333575377343112 0.0022439151692059014 0.0093624219553330567 -0.013818408574485928 -0.00075640751788145079 -0.014396845818019153 0.015119979901783133 -0.0016127766193887679 0.0063286380666779289 -0.029583421206849772 -0.028908854806732678 -0.0020140688731435045 0.0037279078282887387 0 0.030636620499204639 -0.024530569241469128 -0.020418196003191464 -0.013070849978564641 -0.021342514774119341 -0.0031093486960438355 0.015361768920951769 0.0027934405768080648 0.0085091059196872234 -0.032642937931353241 0.0014354502326158437 -0.0022038387219750176 -0.02191742501638266 -0.005475244891426913 0.017022545301002369 -0.012216714747881635 0.014182783883096182 0.023670789605428733 -0.018346305937898492 -0.013543649591687792 0.019867127919681812 0.029433432682790642 -0.01029488020979847 0.023924031135283422 0 0.0051553187043895787 0.010154003831319475
leaf_weight=6.3135402351617875 5.291518568992621 4.6671538352966335 9.2205564677715355 5.2804198861122122 4.8590253740549079 7.5197835862636557 7.6893581300973919 6.5637193173170116 9.8624084889888799 8.3591790050268155 6.5925696194171879 5.3049871027469635 7.6908828765153876 10.315890073776243 7.7827468663454065 8.0205018818378466 7.2829874604940406 4.8631952702999142 13.30211068689823 34.437097266316414 16.534583956003189 4.8519688993692389 5.3704767227172887 5.0522080063819859 5.9372606277465811 7.0257313400506964 8.3991699665784854 4.7176120579242697 8.8045165538787824 7.2040778696536973 4.6968668401241285 4.8344225138425827 4.8421814590692511 12.03156368434429 6.992578372359274 6.8009932786226219 5.2843213528394681 4.7535580098629051 5.5465980172157288 4.7591637372970581
leaf_count=26 22 20 38 22 20 31 32 27 41 36 27 22 32 44 32 33 30 20 55 143 68 20 22 21 25 29 35 20 36 30 20 20 20 50 30 28 22 20 23 20
internal_value=-3.74185e-05 0.00290453 0.000677941 0.00424783 0.00769782 -0.00233741 -0.00326493 -0.00160618 -0.0122929 -0.0174281 -0.0199631 0.000331262 0.00989247 0.0205232 -0.00781841 0.00248102 0.000737605 0.00377058 0.00586951 0.0101552 -0.00346881 -0.00897267 -0.0141558 -0.0148103 0.013005 -0.0081487 -0.00299703 -0.0093062 -0.000935138 0.00369799 0.00547849 0.00158275 0.00701542 0.0129462 0.0183765 -0.0230941 0.0160205 -0.0108609 0.0160951 0.0241116
internal_weight=315.659 137.184 114.203 82.3535 64.8514 178.476 170.956 154.908 23.0187 16.0485 16.455 131.889 59.9924 15.5963 17.5021 108.552 97.9626 76.42 69.137 47.7392 21.3978 23.337 18.485 12.835 22.9805 31.8495 24.8238 21.5426 13.5221 15.6032 44.3961 34.1526 24.5646 19.7224 17.0433 12.1715 10.5893 9.58798 10.2435 11.7517
internal_count=1312 573 476 344 271 739 708 640 95 68 68 545 251 66 73 449 405 316 286 198 88 96 76 53 97 132 103 89 56 65 185 142 102 82 72 50 44 40 43 50
is_linear=0
shrinkage=0.03


Tree=39
num_leaves=40
num_cat=0
split_feature=61 61 16 33 36 45 47 16 18 18 13 19 38 12 54 18 41 26 45 50 54 33 37 54 38 27 37 12 16 40 33 20 60 41 60 16 19 13 19
split_gain=2.38988 3.09863 5.37605 5.26822 3.32226 4.1312 3.85271 3.61647 3.0219 5.7727 7.13442 4.26583 3.84278 4.77804 3.51309 4.44271 2.99902 2.95527 3.06986 2.96507 2.75618 2.75393 3.64314 2.72604 2.65589 4.06848 4.45403 4.14528 5.68214 3.40072 4.84864 4.83616 2.98049 3.29237 2.84939 2.14014 1.59651 1.03705 0.680605
threshold=138.00000000000003 572.00000000000011 0.23482589142977708 0.90688300293706092 0.57957235276918428 0.20819343273941585 1.0000000180025095e-35 0.28218552509598266 0.6317136853660551 0.71336327625071028 -0.49689776597574015 1.5403731646791761 1.1383505426568068 0.10631075945135078 -0.70740022132510783 0.69044132546881276 1.1641252602671941 -0.19603098244456071 -0.53587913375848473 -1.0000000180025095e-35 -0.14390886259250449 0.29568178728495181 0.73606911101998018 0.62026771782206203 -1.8361645893941994 -1.0581967998529007 0.58839204707746406 0.024452856478968044 0.23482589142977708 0.51444654510701748 1.0000000180025095e-35 0.78321966061855652 532.50000000000011 0.18194323184955905 407.00000000000006 -0.28527407699662544 -0.47466983033573179 -0.7104146045148314 0.23652181496364733
decision_type=2 2 2 2 2 2 2 2 2 2 2 2 2 2 2 2 2 2 2 2 2 2 2 2 2 2 2 2 2 2 2 2 2 2 2 2 2 2 2
left_child=16 2 21 4 5 20 -7 -6 11 14 12 24 13 37 -10 -16 17 18 -1 -19 -4 22 -2 -22 -3 34 27 29 35 31 -31 -27 36 -34 -26 -29 -28 -11 -36
right_child=1 8 3 -5 7 6 -8 -9 9 10 -12 -13 -14 -15 15 -17 -18 19 -20 -21 23 -23 -24 -25 25 26 32 28 -30 30 -32 -33 33 -35 38 -37 -38 -39 -40
leaf_value=-0.016645692667251116 0.030689417028900549 0.016242409058994035 -0.0019016775439341649 0.024565131051440172 0.024279278166000947 -0.012234013492022211 0.01893302636753132 -0.0069548394434375592 0.034717136263268757 0.010211110257222707 -0.029754741585264484 -0.021923941162006445 -0.014452548874873246 -0.0083849199489407725 -0.0085497822507929408 0.024666992654855283 0.01125327843770804 -0.0020305106212005161 0.0086882968210557354 -0.030404933177320185 -0.037470934639749473 0 0 -0.0050957351307907772 0 -0.0020769400021179167 -0.0055499013396267116 0.0091341424092265897 0.028858674940226099 -0.016705875681630969 0.0057151875408045895 0.017966248598407158 0.012217280217446903 -0.014701408426134209 -0.027965685136022919 -0.013376028147754862 -0.030667749429809297 0.03163742324587742 -0.0077471295590120061
leaf_weight=5.5597413480281821 12.737775400280958 5.5876792371273032 7.7511029988527325 5.2997282147407523 5.3171537816524488 5.0808177441358549 6.186541885137558 5.1004754453897476 6.0885220170021084 8.3547437191009575 5.3142336308956137 8.536587327718733 5.5843589156866065 6.3620604127645484 6.6239921152591688 4.9955265671014786 5.0140799134969702 6.0684460401535043 9.4120233952999133 8.3375663906335795 6.1392646282911318 6.8522998541593543 4.8593840152025214 4.8485484421253204 8.7444397360086459 32.279820591211319 5.3176859021186829 7.475816398859024 9.7899158596992475 20.367386862635612 12.887726098299025 14.322119086980818 6.7377451211214048 6.565296396613121 7.9344182908534986 5.0798103958368319 6.2792544364929217 4.6894108951091793 4.7492552548646927
leaf_count=23 54 24 32 23 22 21 26 21 26 35 22 37 23 26 27 21 21 25 39 35 25 29 20 20 36 133 22 31 41 84 53 60 28 27 33 21 26 20 20
internal_value=-4.2864e-05 0.000865282 0.00626581 0 -0.00390144 -0.00898785 0.0046227 0.00953296 -0.000936924 0.00552579 -0.00234621 -0.00291422 0.00461051 0.0110265 0.0184412 0.00646112 -0.00735211 -0.0111143 -0.0010143 -0.0201483 -0.0172042 0.0171725 0.0230324 -0.0259934 -0.00162154 -0.00248924 -0.000338494 0.00241852 0.0134108 -0.000774116 -0.0079725 0.00432634 -0.0113765 -0.000805806 -0.0141281 -1.80311e-06 -0.021563 0.0207949 -0.022438
internal_weight=315.233 280.841 70.1731 45.7236 40.4239 30.0063 11.2674 10.4176 210.668 48.0128 30.3048 162.655 24.9906 19.4062 17.708 11.6195 34.3919 29.3778 14.9718 14.406 18.7389 24.4495 17.5972 10.9878 154.118 148.531 127.103 102.203 22.3455 79.8571 33.2551 46.6019 24.9 13.303 21.4281 12.5556 11.5969 13.0442 12.6837
internal_count=1312 1169 293 190 167 124 47 43 876 200 126 676 104 81 74 48 143 122 62 60 77 103 74 45 639 615 526 423 93 330 137 193 103 55 89 52 48 55 53
is_linear=0
shrinkage=0.03


end of trees

feature_importances:
Column_45=115
Column_47=67
Column_12=59
Column_60=59
Column_54=58
Column_19=56
Column_61=54
Column_55=52
Column_33=45
Column_40=44
Column_30=41
Column_46=40
Column_38=39
Column_42=37
Column_18=35
Column_20=35
Column_36=35
Column_37=35
Column_39=35
Column_27=33
Column_28=32
Column_44=32
Column_29=31
Column_43=30
Column_16=25
Column_23=24
Column_56=24
Column_32=23
Column_41=23
Column_31=22
Column_24=20
Column_34=19
Column_50=19
Column_26=18
Column_52=18
Column_57=17
Column_14=16
Column_53=16
Column_59=16
Column_48=15
Column_58=15
Column_35=14
Column_13=11
Column_2=10
Column_25=10
Column_49=10
Column_0=7
Column_1=7
Column_51=7
Column_62=5
Column_11=4
Column_5=3
Column_9=3
Column_15=2
Column_4=1
Column_7=1
Column_8=1
Column_10=1
Column_17=1
Column_21=1

parameters:
[boosting: gbdt]
[objective: binary]
[metric: binary_logloss]
[tree_learner: serial]
[device_type: cpu]
[data_sample_strategy: bagging]
[data: ]
[valid: ]
[num_iterations: 1400]
[learning_rate: 0.03]
[num_leaves: 96]
[num_threads: 2]
[seed: 42]
[deterministic: 0]
[force_col_wise: 1]
[force_row_wise: 0]
[histogram_pool_size: -1]
[max_depth: 10]
[min_data_in_leaf: 20]
[min_sum_hessian_in_leaf: 0.001]
[bagging_fraction: 0.85]
[pos_bagging_fraction: 1]
[neg_bagging_fraction: 1]
[bagging_freq: 0]
[bagging_seed: 400]
[bagging_by_query: 0]
[feature_fraction: 0.8]
[feature_fraction_bynode: 1]
[feature_fraction_seed: 30056]
[extra_trees: 0]
[extra_seed: 12879]
[early_stopping_round: 0]
[early_stopping_min_delta: 0]
[first_metric_only: 0]
[max_delta_step: 0]
[lambda_l1: 0.2]
[lambda_l2: 1.5]
[linear_lambda: 0]
[min_gain_to_split: 0]
[drop_rate: 0.1]
[max_drop: 50]
[skip_drop: 0.5]
[xgboost_dart_mode: 0]
[uniform_drop: 0]
[drop_seed: 17869]
[top_rate: 0.2]
[other_rate: 0.1]
[min_data_per_group: 100]
[max_cat_threshold: 32]
[cat_l2: 10]
[cat_smooth: 10]
[max_cat_to_onehot: 4]
[top_k: 20]
[monotone_constraints: ]
[monotone_constraints_method: basic]
[monotone_penalty: 0]
[feature_contri: ]
[forcedsplits_filename: ]
[refit_decay_rate: 0.9]
[cegb_tradeoff: 1]
[cegb_penalty_split: 0]
[cegb_penalty_feature_lazy: ]
[cegb_penalty_feature_coupled: ]
[path_smooth: 0]
[interaction_constraints: ]
[verbosity: -1]
[saved_feature_importance_type: 0]
[use_quantized_grad: 0]
[num_grad_quant_bins: 4]
[quant_train_renew_leaf: 0]
[stochastic_rounding: 1]
[linear_tree: 0]
[max_bin: 255]
[max_bin_by_feature: ]
[min_data_in_bin: 3]
[bin_construct_sample_cnt: 200000]
[data_random_seed: 175]
[is_enable_sparse: 1]
[enable_bundle: 1]
[use_missing: 1]
[zero_as_missing: 0]
[feature_pre_filter: 1]
[pre_partition: 0]
[two_round: 0]
[header: 0]
[label_column: ]
[weight_column: ]
[group_column: ]
[ignore_column: ]
[categorical_feature: ]
[forcedbins_filename: ]
[precise_float_parser: 0]
[parser_config_file: ]
[objective_seed: 16083]
[num_class: 1]
[is_unbalance: 0]
[scale_pos_weight: 1]
[sigmoid: 1]
[boost_from_average: 1]
[reg_sqrt: 0]
[alpha: 0.9]
[fair_c: 1]
[poisson_max_delta_step: 0.7]
[tweedie_variance_power: 1.5]
[lambdarank_truncation_level: 30]
[lambdarank_norm: 1]
[label_gain: ]
[lambdarank_position_bias_regularization: 0]
[eval_at: ]
[multi_error_top_k: 1]
[auc_mu_weights: ]
[num_machines: 1]
[local_listen_port: 12400]
[time_out: 120]
[machine_list_filename: ]
[machines: ]
[gpu_platform_id: -1]
[gpu_device_id: -1]
[gpu_device_id_list: ]
[gpu_use_dp: 0]
[num_gpu: 1]

end of parameters

pandas_categorical:null
