tree
version=v4
num_class=3
num_tree_per_iteration=3
label_index=0
max_feature_idx=42
objective=multiclass num_class:3
feature_names=Column_0 Column_1 Column_2 Column_3 Column_4 Column_5 Column_6 Column_7 Column_8 Column_9 Column_10 Column_11 Column_12 Column_13 Column_14 Column_15 Column_16 Column_17 Column_18 Column_19 Column_20 Column_21 Column_22 Column_23 Column_24 Column_25 Column_26 Column_27 Column_28 Column_29 Column_30 Column_31 Column_32 Column_33 Column_34 Column_35 Column_36 Column_37 Column_38 Column_39 Column_40 Column_41 Column_42
feature_infos=[-1.7792057328371518:3.3858996060652626] [-1.2555422663848299:7.6651693501549207] [-1.2367247771174745:4.8580690694808641] [-1.7792057328371518:3.3858996060652626] [-1.2555422663848299:7.6651693501549207] [-1.2367247771174745:4.8580690694808641] [-2.2732444145339286:2.6925964355263399] [-1.4083822133422523:6.6089897246857339] [-1.7909941515415426:3.39717678477257] [-2.1128205946500223:2.8479581867720936] [-5.7119737473177397:1.5601681186699281] [-2.3568552301137631:2.4416104001415917] [-1.3711975765381683:1.7161767428739738] [-2.1481955267855746:3.0542412946127868] [-2.3068795712720465:2.3407875537347222] [-1.3827892871666689:1.5910406858364039] [-1.4549542541806344:1.4190927056620977] [-2.1158631832167347:1.1400124909572924] [-1.4506370414707306:0.68935231309559497] [-2.1613932738612718:2.6213591978441473] [-1.7900544478727869:3.7754375829366134] [-2.3581537286591407:3.4989488766143757] [-2.3385016562024155:4.1100938199921249] [-1.8282821125453175:3.1478046537470172] [-2.3245412563445256:3.7566192771335842] [-2.1970121219981973:2.8093708198317411] [-2.8057342801885099:2.9261520604541107] [-2.4382940643512261:3.087349217611612] [-1.8902579730061073:4.6622923630781123] [-2.5565916205537644:3.6394455094246805] [-2.5227913991377546:4.8239173948863865] [-2.2438021130145929:3.2193682491078932] [-2.5476166852507336:2.772820370134776] [-2.3562060206976825:2.9197164325198433] [-2.488072863430776:2.7144379462809796] [-2.2500462999677975:3.1081099758288406] [-2.3420372439028734:3.8072084382239475] [-1.2469412185820705:3.0833896669607226] [-0.99092845574586719:3.7896317969740592] [-1.1404002584380935:3.8124329807638455] [10:814] [10:814] [0:1]
tree_sizes=1460 1388 1262 1518 1516 1413 1398 1499 1594 1470 1514 1507 1512 1506 1514 1508 1502 1290 1616 1612 1370 1516 1628 1407 1484 1493 1391 1520 1603 1393 1379 1510 1284 1514 1605 1501 1381 1623 1512 1620 1730 1505 1505 1495 1392 1400 1500 1363 1627 1735 1499 1511 1708 1476 1513 1623 1505 1510 1625 1477 1404 1634 1408 1414 1602 1403 1629 1635 1413 1403 1600 1409 1397 1606 1517 1515 1618 1409 1513 1517 1394 1495 1624 1406 1506 1525 1523 1404 1612 1525 1563 1627 1519 1409 1629 1419 1401 1516 1604 1499 1530 1296 1380 1637 1527 1578 1505 1419 1493 1616 1526 1516 1611 1630 1516 1640 1520 1513 1531 1504 1417 1630 1510 1402 1636 1405 1498 1628 1310 1511 1512 1491 1407 1506 1492 1635 1510 1527 1509 1507 1366 1392 1421 1416 1387 1528 1634

Tree=0
num_leaves=13
num_cat=0
split_feature=34 0 36 22 29 30 39 9 32 25 33 15
split_gain=5.50765 4.40164 7.64567 4.31246 3.1311 3.41959 2.40718 2.76987 2.58055 1.8171 1.71645 1.0187
threshold=-0.14694299906048594 0.95582237097279854 -0.31925905899273477 -0.35431843275794156 -1.0000000180025095e-35 -0.35376308852110377 -0.64511693451789942 1.2331482335513464 -0.92192758499404992 0.97369707449409704 0.51114313865966887 -0.51542221170743918
decision_type=2 2 2 2 2 2 2 2 2 2 2 2
left_child=6 2 -2 -3 11 -6 -1 8 -8 10 -10 -4
right_child=1 3 4 -5 5 -7 7 -9 9 -11 -12 -13
leaf_value=-1.4771949926086199 -1.4352972705012736 -1.421325354650318 -1.4786641624759811 -1.4562169571082357 -1.4671296542001402 -1.439871793253608 -1.4433476229039663 -1.4763493361989461 -1.4666701246999299 -1.4747908311914815 -1.4467034780836316 -1.460864443444486
leaf_weight=12.044699639081953 8.8327797353267652 5.620859831571579 10.438739687204356 6.9591597914695722 7.762139767408371 5.8885198235511798 7.2268197834491721 7.2268197834491721 5.8885198235511833 5.8885198235511771 6.423839807510376 5.3531998395919826
leaf_count=45 33 21 39 26 29 22 27 27 22 22 24 20
internal_value=-1.4589 -1.45223 -1.45772 -1.43786 -1.46508 -1.45505 -1.46644 -1.46167 -1.45699 -1.46287 -1.45649 -1.47367
internal_weight=95.5546 50.8554 38.2754 12.58 29.4426 13.6507 44.6992 32.6545 25.4277 18.2009 12.3124 15.7919
internal_count=357 190 143 47 110 51 167 122 95 68 46 59
is_linear=0
shrinkage=1


Tree=1
num_leaves=12
num_cat=0
split_feature=12 19 39 21 22 21 33 29 5 39 34
split_gain=6.40156 6.5566 5.22354 3.76875 3.31301 2.76737 2.18409 2.16673 2.01088 1.75364 0.99171
threshold=0.35100532740841389 0.22998296199143767 1.0000000180025095e-35 -0.60102294707708559 -1.2223985930148988 0.96087108099585217 -0.40640859233468368 -0.53614473034340193 -0.56905764214739929 -0.64511693451789942 -0.32036002605087782
decision_type=2 2 2 2 2 2 2 2 2 2 2
left_child=2 4 3 -1 -2 9 -6 -3 -4 -5 -8
right_child=1 7 8 5 6 -7 10 -9 -10 -11 -12
leaf_value=-0.78944149099436889 -0.80513024010698031 -0.81674970754881249 -0.80513024010698031 -0.80476863755838524 -0.77496407276004331 -0.79533499391510543 -0.78613946861734507 -0.80008009644729505 -0.82531919030421186 -0.82164439617756024 -0.8009038023935614
leaf_weight=12.242073297500609 7.4194383621215811 10.758185625076296 7.4194383621215847 12.613045215606686 13.354989051818849 9.2742979526519758 8.5323541164398211 14.467904806137083 16.32276439666748 10.758185625076297 9.2742979526519758
leaf_count=33 20 29 20 34 36 25 23 39 44 29 25
internal_value=-0.802562 -0.795803 -0.808856 -0.802581 -0.788199 -0.808044 -0.784051 -0.807362 -0.819775 -0.81346 -0.792792
internal_weight=132.437 63.8072 68.6298 44.8876 38.5811 32.6455 31.1616 25.2261 23.7422 23.3712 17.8067
internal_count=357 172 185 121 104 88 84 68 64 63 48
is_linear=0
shrinkage=1


Tree=2
num_leaves=11
num_cat=0
split_feature=2 25 30 38 25 19 25 26 29 22
split_gain=9.12547 5.30122 4.82502 3.00693 2.70077 2.66731 2.08329 2.08326 0.843841 0.584124
threshold=0.57977742808043942 0.63993821170543452 0.089371727626383998 -0.51287243047387443 1.0000000180025095e-35 0.22998296199143767 0.97369707449409704 0.8418297547658854 -0.53614473034340193 -1.2223985930148988
decision_type=2 2 2 2 2 2 2 2 2 2
left_child=1 2 7 -3 5 -4 8 9 -2 -1
right_child=6 3 4 -5 -6 -7 -8 -9 -10 -11
leaf_value=-1.1478509014841238 -1.1129790514094036 -1.1448525401950973 -1.1436292763200404 -1.1224773902663745 -1.1510982531170337 -1.1219998501121908 -1.1400189295837455 -1.1431037950988474 -1.131447753309337 -1.1609904557740975
leaf_weight=7.1727986931800833 8.4769439101219213 8.4769439101219195 9.1290165185928398 10.433161735534666 10.107125431299208 8.4769439101219159 7.4988349974155417 11.085234344005583 7.8248713016510019 27.713085860013962
leaf_count=22 26 26 28 32 31 26 23 34 24 85
internal_value=-1.14154 -1.14584 -1.1495 -1.13231 -1.13984 -1.13281 -1.12554 -1.15533 -1.11991 -1.15883
internal_weight=116.395 92.5943 73.6842 18.9101 27.7131 17.606 23.8007 45.9711 16.3018 34.8859
internal_count=357 284 226 58 85 54 73 141 50 107
is_linear=0
shrinkage=1


Tree=3
num_leaves=13
num_cat=0
split_feature=34 0 36 22 29 30 1 12 34 16 15 31
split_gain=5.36575 4.19536 7.32286 4.06949 3.03346 3.29547 2.12148 1.10965 1.97283 1.02743 0.995007 0.690934
threshold=-0.14694299906048594 0.95582237097279854 -0.31925905899273477 -0.35431843275794156 -1.0000000180025095e-35 -0.35376308852110377 1.0000000180025095e-35 0.38681128104550827 -0.6671940800316617 0.50462321843941038 -0.51542221170743918 -0.99182557169485641
decision_type=2 2 2 2 2 2 2 2 2 2 2 2
left_child=6 2 -2 -3 10 -6 7 8 -1 -9 -4 -8
right_child=1 3 4 -5 5 -7 11 9 -10 -11 -12 -13
leaf_value=0.014400462959070362 0.022976152434381912 0.036399747938668889 -0.019569781448325597 0.0026142488617546351 -0.008143293123844611 0.018570871593423965 -0.0054852898433934323 -0.013948954294929745 -0.0070355351698243107 0.00090697477519447562 -0.0019297129353598656 -0.019804316917065839
leaf_weight=6.723271369934082 8.9386360049247724 5.7330372333526611 10.30272969603538 6.9726128578186017 7.7330488264560699 5.9479242861270922 7.9987266361713436 7.2008921802043897 5.6082287728786486 6.4082953631877899 5.3454078435897854 10.633618026971815
leaf_count=25 33 21 39 26 29 22 30 27 21 24 20 40
internal_value=0 0.00655971 0.00117634 0.0205151 -0.00606763 0.00376307 -0.00747049 -0.00144993 0.00451207 -0.00716092 -0.0145897 -0.014822
internal_weight=95.5464 50.9734 38.2677 12.7057 29.3291 13.681 44.573 25.9407 12.3315 13.6092 15.6481 18.6323
internal_count=357 190 143 47 110 51 167 97 46 51 59 70
is_linear=0
shrinkage=0.03


Tree=4
num_leaves=13
num_cat=0
split_feature=12 19 39 38 21 22 21 35 33 37 2 39
split_gain=6.15021 6.23904 5.03658 4.20533 3.64068 3.17274 2.69698 2.63571 2.08217 3.61804 1.9448 1.67951
threshold=0.35100532740841389 0.22998296199143767 1.0000000180025095e-35 1.0000000180025095e-35 -0.60102294707708559 -1.2223985930148988 0.96087108099585217 0.29834509949645738 -0.40640859233468368 1.0000000180025095e-35 -0.56905764214739929 -0.64511693451789942
decision_type=2 2 2 2 2 2 2 2 2 2 2 2
left_child=2 5 4 7 -1 -2 11 -3 -7 -10 -4 -6
right_child=1 3 10 -5 6 8 -8 -9 9 -11 -12 -13
leaf_value=0.012884784566578754 -0.0025338532954901107 0.016206674571450096 -0.0025019352479123684 -0.019331157279794273 -0.0022223393652213053 0.026938868996540011 0.0071430769148967919 -0.0060998534754775173 0.022125963619325506 -0.0029682605728265365 -0.022376081000581378 -0.018772878356220934
leaf_weight=12.257014542818068 7.4176643192768088 7.42171382904053 7.4161899685859707 9.2628749608993513 12.613862037658688 13.396130651235582 9.2784378826618177 8.5206097364425641 8.5446054339408892 9.2834354043006879 16.28004977107048 10.735081434249881
leaf_count=33 20 20 20 25 34 36 25 23 23 25 44 29
internal_value=0 0.00661599 -0.00617805 -0.00466545 -1.73788e-05 0.0140235 -0.00539339 0.00444133 0.018076 0.00953219 -0.0169135 -0.0107471
internal_weight=132.428 63.847 68.5806 25.2052 44.8844 38.6418 32.6274 15.9423 31.2242 17.828 23.6962 23.3489
internal_count=357 172 185 68 121 104 88 43 84 48 64 63
is_linear=0
shrinkage=0.03


Tree=5
num_leaves=12
num_cat=0
split_feature=30 19 29 16 22 19 39 32 20 12 34
split_gain=8.67054 4.15344 5.25935 3.50697 4.22439 3.10654 2.93482 2.77254 1.94323 1.91613 1.64509
threshold=0.089371727626383998 1.0000000180025095e-35 -0.53614473034340193 0.50462321843941038 1.0000000180025095e-35 0.54883312677179907 -0.64511693451789942 0.26039176064717451 -0.64421785329438075 0.50300098400143411 -0.84061110702205333
decision_type=2 2 2 2 2 2 2 2 2 2 2
left_child=3 9 6 7 8 -4 -3 10 -5 -2 -1
right_child=1 2 5 4 -6 -7 -8 -9 -10 -11 -12
leaf_value=-0.0044067410836831225 0.0051392932523006279 0.0060791842920405919 0.013015375206639384 -0.00051021675253216925 -0.017005631562715489 -0.010657834108196635 0.029871929974421708 -0.0012621489092253346 0.016696386548798889 -0.015477387417004867 -0.024642147264318248
leaf_weight=6.5150850117206565 6.5398928225040418 8.8460406959056854 7.8639479875564602 11.697378396987919 7.4640143215656272 9.1518188118934614 14.785143166780472 12.037624567747114 9.1047365367412567 6.4833884835243225 15.882788658142092
leaf_count=20 20 27 24 36 23 28 45 37 28 20 49
internal_value=0 0.00872702 0.013375 -0.00748996 0.000197827 0.000126918 0.0220986 -0.0137122 0.00736824 -0.00524968 -0.0196532
internal_weight=116.372 53.6702 40.647 62.7016 28.2661 17.0158 23.6312 34.4355 20.8021 13.0233 22.3979
internal_count=357 164 124 193 87 52 72 106 64 40 69
is_linear=0
shrinkage=0.03


Tree=6
num_leaves=12
num_cat=0
split_feature=41 2 2 13 36 30 30 30 26 34 29
split_gain=5.58113 6.11622 4.22949 4.21629 1.42946 2.44749 2.38718 2.13712 5.13874 1.39019 0.289504
threshold=178.50000000000003 0.13963931675938418 -0.40120836240631913 -0.97865654654328471 -0.15743680419992356 1.0000000180025095e-35 -0.40040885864189196 1.0000000180025095e-35 -0.72141197450028394 -1.0000000180025095e-35 -0.53614473034340193
decision_type=2 2 2 2 2 2 2 2 2 2 2
left_child=4 2 3 -2 7 6 -6 -1 -9 -5 -7
right_child=1 -3 -4 9 5 10 -8 8 -10 -11 -12
leaf_value=-0.0098027474068146971 0.019554957999212686 -0.015783419809632722 0.031926466763591024 0.0050446931976932848 -0.0087819968464717905 -0.020030713496450882 0.013614402646644546 -0.012130566101755141 0.020282531029686336 -0.013120334722813718 -0.0076141447164641178
leaf_weight=10.471934407949449 10.356454312801363 5.8481020629405966 7.8472947180271175 5.3509050011634844 9.8333433270454389 11.311369121074675 5.3755207955837241 6.0934371054172507 8.9051279127597791 6.6519528925418818 7.4653655290603664
leaf_count=39 38 22 29 20 37 43 20 23 33 25 28
internal_value=0 0.00910418 0.0146305 0.00668321 -0.00559806 -0.00949139 0 0 0.00684482 -0.00491715 -0.0163184
internal_weight=95.5108 36.0547 30.2066 22.3593 59.4561 33.9856 15.2089 25.4705 14.9986 12.0029 18.7767
internal_count=357 134 112 83 223 128 57 95 56 45 71
is_linear=0
shrinkage=0.03


Tree=7
num_leaves=13
num_cat=0
split_feature=12 19 39 38 32 22 35 33 37 2 12 34
split_gain=5.84709 5.96438 4.85435 4.04624 3.49137 3.05246 2.51819 1.99417 3.45128 1.86943 1.84393 1.60208
threshold=0.35100532740841389 0.22998296199143767 1.0000000180025095e-35 1.0000000180025095e-35 0.55597159705748056 -1.2223985930148988 0.39807971566982242 -0.40640859233468368 1.0000000180025095e-35 -0.56905764214739929 -0.90588694299355577 -0.58048556653646555
decision_type=2 2 2 2 2 2 2 2 2 2 2 2
left_child=2 5 4 6 10 -2 -3 -7 -9 -4 11 -1
right_child=1 3 9 -5 -6 7 -8 8 -10 -11 -12 -13
leaf_value=0.01928591692333249 -0.0025413954553644867 0.014954372379536006 -0.0024405866486977906 -0.018997016505427129 -0.012649186539450654 0.026316542304123173 -0.0068078222291753209 0.021569817655211342 -0.0029161524560093479 -0.021953574908239619 -0.0038447028036984973 0.0021444241241824927
leaf_weight=8.5368454754352552 7.4175227880477896 8.1773226559162158 7.4131052196025875 9.2390544116497022 12.5948648750782 13.42850297689438 7.7718915045261374 8.566948354244234 9.2798818647861463 16.226364493370056 11.4935240149498 12.244188487529753
leaf_count=23 20 22 20 25 34 36 21 23 25 44 31 33
internal_value=0 0.00644677 -0.0060294 -0.00458678 0 0.0136818 0.0043324 0.0176527 0.00928868 -0.0165839 0.00512477 0.0102797
internal_weight=132.39 63.8811 68.5089 25.1883 44.8694 38.6929 15.9492 31.2753 17.8468 23.6395 32.2746 20.781
internal_count=357 172 185 68 121 104 43 84 48 64 87 56
is_linear=0
shrinkage=0.03


Tree=8
num_leaves=14
num_cat=0
split_feature=41 30 25 4 40 24 30 25 18 26 30 12 0
split_gain=10.5231 6.07651 4.06593 3.68358 3.84182 2.46059 2.47783 2.19713 1.66615 1.80771 0.8138 0.771508 0.408384
threshold=178.50000000000003 1.0000000180025095e-35 0.63993821170543452 -0.60507371101214025 535.50000000000011 0.4988547056274541 -0.40040885864189196 0.97369707449409704 1.0000000180025095e-35 0.8418297547658854 -0.97181954262154713 -0.88840530452066346 1.0000000180025095e-35
decision_type=2 2 2 2 2 2 2 2 2 2 2 2 2
left_child=1 5 8 -3 7 6 10 11 -2 12 -1 -5 -10
right_child=2 3 -4 4 -6 -7 -8 -9 9 -11 -12 -13 -14
leaf_value=-0.0042152310275098267 -0.025259892519919992 -0.0011942056818796422 0.0065755274034630063 0.017352626668149403 0 0.011141904864582866 0.0034751763857322252 0.0070682625344937813 -0.0061105982454795222 0.0015906895392292055 -0.020798061852202246 0.038727698315629194 -0.019262327534675227
leaf_weight=6.483718395233157 11.299178451299666 9.8147516846656782 7.8674034476280204 8.8905655145645195 7.9037003815174094 6.8428913652896872 9.735100269317627 6.9058996438980094 7.1344329416751924 7.4851392507553092 8.066677063703537 8.2613551914691943 9.6609262526035291
leaf_count=20 35 30 24 27 24 21 30 21 22 23 25 25 30
internal_value=0 0.0069231 -0.0114616 0.014228 0.0189843 -0.00289999 -0.00750723 0.0246403 -0.0157164 -0.00983125 -0.014867 0.0302563 -0.0149626
internal_weight=116.352 72.9047 43.4471 41.7763 31.9615 31.1284 24.2855 24.0578 35.5797 24.2805 14.5504 17.1519 16.7954
internal_count=357 223 134 127 97 96 75 73 110 75 45 52 52
is_linear=0
shrinkage=0.03


Tree=9
num_leaves=13
num_cat=0
split_feature=41 2 14 13 25 29 30 36 29 13 16 16
split_gain=5.29808 5.86956 4.62816 4.8928 1.40139 2.37075 2.93412 2.38675 2.38005 1.53803 0.856477 0.627472
threshold=178.50000000000003 0.13963931675938418 0.26282068853669738 -0.97865654654328471 0.97369707449409704 -0.53614473034340193 -0.35376308852110377 -0.15743680419992356 1.0000000180025095e-35 -0.35935228402145475 0.50462321843941038 0.50462321843941038
decision_type=2 2 2 2 2 2 2 2 2 2 2 2
left_child=4 2 -2 -4 5 7 9 -1 -8 -7 -5 -6
right_child=1 -3 3 10 11 6 8 -9 -10 -11 -12 -13
leaf_value=0.0036331655920640118 0.030646252060458692 -0.015650252247694809 0.018945443460575979 0 -0.0201166596074677 0.0017617981058995517 0 -0.018018680233160885 0.022833271185709186 -0.016454886555383276 -0.015016811408128205 -0.0041508856259094345
leaf_weight=5.6594915390014675 9.0801088213920611 5.8011217713356009 10.481674283742906 5.5840968489646894 6.3038032054901105 7.2325142323970795 9.077300012111662 11.98964864015579 6.5165637433528909 6.3720797300338745 5.3238818645477295 6.0744327008724213
leaf_count=21 33 22 38 21 24 27 34 46 24 24 20 23
internal_value=0 0.00882576 0.0141891 0.00539024 -0.00548379 -0.00274224 0.00236081 -0.0110216 0.0109175 -0.00716002 -0.00786731 -0.0140095
internal_weight=95.4967 36.2709 30.4698 21.3897 59.2258 46.8476 29.1985 17.6491 15.5939 13.6046 10.908 12.3782
internal_count=357 134 112 79 223 176 109 67 58 51 41 47
is_linear=0
shrinkage=0.03


Tree=10
num_leaves=13
num_cat=0
split_feature=12 19 38 22 14 25 21 35 23 33 37 4
split_gain=5.60633 5.70951 3.90132 2.9379 2.83117 2.74125 2.46473 2.40436 2.16108 1.8905 3.29177 0.743483
threshold=0.35100532740841389 0.22998296199143767 1.0000000180025095e-35 -1.2223985930148988 1.1173916955920777 1.3074559372827597 0.96087108099585217 0.29834509949645738 0.32802215284802749 -0.40640859233468368 1.0000000180025095e-35 0.41709116171637339
decision_type=2 2 2 2 2 2 2 2 2 2 2 2
left_child=4 3 7 -2 5 6 8 -3 11 -5 -11 -1
right_child=1 2 -4 9 -6 -7 -8 -9 -10 10 -12 -13
leaf_value=-0.024861843065985378 -0.0025201403698790091 0.01546921659299064 -0.018666049665359816 0.025714304728256147 0.0053946713410900002 0.0048124317351991965 0.0026644683232275776 -0.0058165909239350135 -0.0043280367375022333 0.021085051347942672 -0.0028136732959421111 -0.0096058619424806806
leaf_weight=15.136304885149004 7.4163988530635825 7.4489867091178921 9.2134855389595014 13.454251736402513 14.088157057762144 9.247219651937483 7.4232578277587882 8.5023896396160108 13.689477205276487 8.5834785699844378 9.2739273309707624 8.8594682216644269
leaf_count=41 20 20 25 36 38 25 20 23 37 23 25 24
internal_value=0 0.00631016 -0.00448997 0.0133828 -0.00590863 -0.00901189 -0.0120383 0.00425491 -0.0150787 0.0172754 0.00910744 -0.0203611
internal_weight=132.337 63.8929 25.1649 38.7281 68.4439 54.3557 45.1085 15.9514 37.6853 31.3117 17.8574 23.9958
internal_count=357 172 68 104 185 147 122 43 102 84 48 65
is_linear=0
shrinkage=0.03


Tree=11
num_leaves=13
num_cat=0
split_feature=41 19 29 19 25 40 33 23 17 26 33 33
split_gain=10.0545 4.59517 4.1786 4.85192 3.93254 3.36442 3.03694 2.9891 1.63413 1.76006 1.25709 0.616981
threshold=178.50000000000003 1.0000000180025095e-35 -0.53614473034340193 0.54883312677179907 0.63993821170543452 209.00000000000003 0.7405310714082568 1.0000000180025095e-35 0.32604357241378573 0.8418297547658854 -0.17702065958609567 0.51114313865966887
decision_type=2 2 2 2 2 2 2 2 2 2 2 2
left_child=1 5 6 -4 8 7 -3 -1 -2 10 -10 -7
right_child=4 2 3 -5 -6 11 -8 -9 9 -11 -12 -13
leaf_value=-0.0052235342872671668 -0.024966227610208926 0.031123325961717147 0.018901862026934831 -0.008401158489554382 0.0064513081583806959 -0.017065932432612708 0.0055555853645615043 0.018006709465893861 -0.021497920858189433 0.0016132753819148974 -0.00342384070244767 -0.0031569983343220894
leaf_weight=8.0858122706413322 11.162220150232313 12.36854472756386 8.5574708878994006 12.355403393507002 7.8848248124122611 7.6928039491176587 8.0136442184448224 8.7969579398632032 9.2534825503826159 7.4804944694042197 7.4262623488903072 7.2210656404495239
leaf_count=25 35 37 26 38 24 24 24 27 29 23 23 22
internal_value=0 0.00674497 0.0131836 0.00302074 -0.0112473 -0.00165403 0.022415 0.00703607 -0.0154628 -0.00963559 -0.0147274 -0.0116009
internal_weight=116.299 73.0917 41.2951 20.9129 43.2073 31.7966 20.3822 16.8828 35.3225 24.1602 16.6797 14.9139
internal_count=357 223 125 64 134 98 61 52 110 75 52 46
is_linear=0
shrinkage=0.03


Tree=12
num_leaves=13
num_cat=0
split_feature=34 41 16 39 1 40 27 35 16 12 34 26
split_gain=5.08178 4.71668 5.7834 2.29078 2.45327 1.93752 1.33303 1.74809 0.99933 1.11863 0.98239 0.824479
threshold=-0.14694299906048594 178.50000000000003 0.50462321843941038 -0.64511693451789942 1.0000000180025095e-35 572.00000000000011 -0.63183376063260566 -0.093715115805735508 -0.8017617633072861 -0.75122173314434004 -1.0140281340124448 0.7115596106603711
decision_type=2 2 2 2 2 2 2 2 2 2 2 2
left_child=3 5 11 -1 6 8 -5 -8 -2 -10 -6 -3
right_child=1 2 -4 4 10 -7 7 -9 9 -11 -12 -13
leaf_value=-0.017927062029699545 -0.014330968209587151 0.033344964777315599 -0.0015075469651405352 0.014349005582433058 -0.001105837213926207 0.011032972815001874 -0.01192331553505533 0.0082434148516761212 0.0077427469856000963 -0.0079927810225393636 -0.017815458865504622 0.011437892749242132
leaf_weight=11.771975561976431 7.5990277230739656 8.5866065621376055 10.034316152334211 5.9720136225223532 6.3482818603515625 5.8637339472770682 5.9102774262428257 6.4497397840023085 5.6711865365505254 7.6771210730075783 7.8428068757057172 5.7415941655635825
leaf_count=45 29 31 37 22 24 22 22 24 21 29 30 21
internal_value=0 0.00635608 0.0155351 -0.00730775 -0.00266676 -0.00215393 0.00425543 -0.00121371 -0.00660319 -0.000796457 -0.0115432 0.0268613
internal_weight=95.4687 51.1736 24.3625 44.2951 32.5231 26.8111 18.332 12.36 20.9473 13.3483 14.1911 14.3282
internal_count=357 190 89 167 122 101 68 46 79 50 54 52
is_linear=0
shrinkage=0.03


Tree=13
num_leaves=13
num_cat=0
split_feature=12 19 39 38 21 21 35 40 37 36 39 16
split_gain=5.35999 5.43926 4.67515 3.74946 3.4941 2.47563 2.29335 1.77725 1.67 2.6982 1.60835 0.335425
threshold=0.35100532740841389 0.22998296199143767 1.0000000180025095e-35 1.0000000180025095e-35 -0.60102294707708559 0.96087108099585217 0.39807971566982242 231.00000000000003 1.0000000180025095e-35 1.0000000180025095e-35 -0.64511693451789942 1.0000000180025095e-35
decision_type=2 2 2 2 2 2 2 2 2 2 2 2
left_child=2 8 4 6 -1 10 -3 11 -2 -10 -6 -4
right_child=1 3 7 -5 5 -7 -8 -9 9 -11 -12 -13
leaf_value=0.012781405003058525 0.020234025837003004 0.014301030014125159 -0.0016971701684992313 -0.018303268387628049 -0.0019610227371684727 0.0068493517058866062 -0.0064556839928956479 -0.026319680461239926 -0.0039155013352284778 0.015646453606997297 -0.018149342734587178 -0.011997303161398626
leaf_weight=12.259917378425596 16.43110379576683 8.2007167637348193 7.3696360588073748 9.182441443204878 12.590663522481915 9.2908279895782453 7.7502759695053092 8.8034845888614637 10.404369920492174 11.918945670127867 10.679704755544666 7.379899650812149
leaf_count=33 44 22 20 25 34 25 21 24 28 32 29 20
internal_value=0 0.00617325 -0.0057772 -0.00437458 0 -0.00513122 0.00418391 -0.0161566 0.013071 0.00660476 -0.0102819 -0.0078518
internal_weight=132.262 63.8879 68.3741 25.1334 44.8211 32.5612 15.951 23.553 38.7544 22.3233 23.2704 14.7495
internal_count=357 172 185 68 121 88 43 64 104 60 63 40
is_linear=0
shrinkage=0.03


Tree=14
num_leaves=13
num_cat=0
split_feature=2 25 29 38 16 36 22 27 25 36 35 31
split_gain=7.62289 4.64217 3.84722 2.82863 2.66209 2.36213 2.01969 3.60369 1.90784 1.13647 0.387898 0.370829
threshold=0.57977742808043942 0.63993821170543452 -0.53614473034340193 -0.51287243047387443 1.0000000180025095e-35 -0.15743680419992356 0.38975027603373608 -0.84435850224656106 0.97369707449409704 -0.15743680419992356 0.16765836106239287 0.37396701883576516
decision_type=2 2 2 2 2 2 2 2 2 2 2 2
left_child=1 2 5 -3 10 -1 7 -6 9 -2 -4 -9
right_child=8 3 4 -5 6 -7 -8 11 -10 -11 -12 -13
leaf_value=-0.0083794460265908047 0.0069124181485428933 -0.0035423143463263695 -0.02160623168302225 0.018036917151236481 -0.015541291848869631 0.010764920109896506 -0.016659196696025301 0.001994343926950888 0.00079580954079154574 0.026110266346507018 -0.007858375990570864 0.013485457353410588
leaf_weight=8.0825757980346697 6.9204307496547743 8.5148710608482379 17.812766700983051 10.593269020318983 6.697406262159352 12.806025087833403 7.3744058012962332 6.4530811905860901 7.6076044142246237 9.8024924099445343 6.4590313732624045 7.1138049066066742
leaf_count=25 21 26 56 32 21 39 23 20 23 29 20 22
internal_value=0 -0.00398986 -0.00747426 0.00857183 -0.0117774 0.00302415 -0.00470908 0.000212458 0.0144234 0.0197178 -0.0188509 0.00916064
internal_weight=116.238 91.9072 72.7991 19.1081 51.9105 20.8886 27.6387 20.2643 24.3305 16.7229 24.2718 13.5669
internal_count=357 284 226 58 162 64 86 63 73 50 76 42
is_linear=0
shrinkage=0.03


Tree=15
num_leaves=13
num_cat=0
split_feature=34 41 16 39 9 32 40 25 33 16 12 35
split_gain=4.92399 4.49925 5.48305 2.21373 2.51267 2.40201 1.86398 1.6746 1.6376 0.971273 1.08375 0.710925
threshold=-0.14694299906048594 178.50000000000003 0.50462321843941038 -0.64511693451789942 1.2331482335513464 -0.92192758499404992 572.00000000000011 0.97369707449409704 0.51114313865966887 -0.8017617633072861 -0.75122173314434004 -0.35508859267386444
decision_type=2 2 2 2 2 2 2 2 2 2 2 2
left_child=3 6 11 -1 5 -5 9 8 -7 -2 -11 -3
right_child=1 2 -4 4 -6 7 -8 -9 -10 10 -12 -13
leaf_value=-0.017726282282176899 -0.014144210997603292 0.032805148384673508 -0.0014712086028756627 0.014785248044512353 -0.016897881721169936 -0.0078391852006332169 0.010791313832190536 -0.015544333382865866 0.011605943510350535 0.0076096090017266993 -0.0078800677292880025 0.012103801669418091
leaf_weight=11.626241505146025 7.5211100876331392 8.1476466655731183 10.021312713623045 7.3491624891757956 6.9749602675437918 5.9009743332862907 5.899908870458602 5.7651855647563925 6.5136462599039078 5.6917193531990087 7.6397506892681069 6.3670423030853298
leaf_count=45 29 29 37 27 27 22 22 22 24 21 29 23
internal_value=0 0.00624617 0.0151622 -0.00721004 -0.00265604 0.00173491 -0.00208964 -0.00396062 0.0020833 -0.00648212 -0.000761602 0.0260832
internal_weight=95.4187 51.2885 24.536 44.1302 32.5039 25.529 26.7525 18.1798 12.4146 20.8526 13.3315 14.5147
internal_count=357 190 89 167 122 95 101 68 46 79 50 52
is_linear=0
shrinkage=0.03


Tree=16
num_leaves=13
num_cat=0
split_feature=12 19 39 32 22 2 12 28 34 40 37 31
split_gain=5.15152 5.21872 4.51216 3.33615 2.80753 1.75459 1.70603 1.64411 1.49575 1.44162 1.02329 0.305007
threshold=0.35100532740841389 0.22998296199143767 1.0000000180025095e-35 0.55597159705748056 -1.2223985930148988 -0.56905764214739929 -0.90588694299355577 1.0000000180025095e-35 -0.58048556653646555 455.50000000000006 0.91822422418932637 -0.3089292764295456
decision_type=2 2 2 2 2 2 2 2 2 2 2 2
left_child=2 4 3 6 -2 -4 8 -3 -1 -9 11 -6
right_child=1 7 5 -5 10 -7 -8 9 -10 -11 -12 -13
leaf_value=0.018781733844974606 -0.0027006864026813443 0.0043708106515888221 -0.0021994844282620662 -0.012260798797647262 0.010932809162494327 -0.021114818628565381 -0.0035057030603545211 -0.01854906918217188 0.0021758502360535001 -1.8833946096355444e-05 0.0051365408273047926 0.023821035361361171
leaf_weight=8.5552084445953351 7.4236245155334464 9.9985950291156787 7.4003075361251858 12.554598003625868 9.3399764001369494 16.096467643976212 11.462712943553926 7.35880598425865 12.236021935939787 7.7467025518417358 8.1863722801208514 13.832839488983153
leaf_count=23 20 27 20 34 25 44 31 20 33 21 22 37
internal_value=0 0.00604359 -0.00567499 0 0.0127948 -0.0158869 0.00513417 -0.00429402 0.0100821 -0.0102675 0.0166014 0.01985
internal_weight=132.192 63.8869 68.3053 44.8085 38.7828 23.4968 32.2539 25.1041 20.7912 15.1055 31.3592 23.1728
internal_count=357 172 185 121 104 64 87 68 56 41 84 62
is_linear=0
shrinkage=0.03


Tree=17
num_leaves=11
num_cat=0
split_feature=41 30 32 16 1 40 33 22 10 16
split_gain=9.23991 5.42066 4.85453 4.03811 3.40337 3.45592 3.02138 3.00553 1.33601 0.636204
threshold=178.50000000000003 -0.23714866321913333 0.26039176064717451 0.50462321843941038 -0.60507371101214025 535.50000000000011 0.51114313865966887 1.0000000180025095e-35 1.0000000180025095e-35 1.0000000180025095e-35
decision_type=2 2 2 2 2 2 2 2 2 2
left_child=1 2 9 8 -3 6 -6 -5 -2 -1
right_child=3 4 -4 7 5 -7 -8 -9 -10 -11
leaf_value=-0.01996180054324545 -0.0044303910401650159 -0.00069365834751964619 0.012987123537318353 0.011230400371258904 0.032015588371107961 0.00053451525885129104 0.0095795846743508186 -0.011107810132740242 -0.022799534067511413 -0.0059440475320518271
leaf_weight=7.3517448604106965 6.5113949775695827 12.732784509658812 7.8630782961845389 9.062990069389345 13.090818434953691 9.6218315958976728 13.060981869697569 9.6259000897407514 17.5545794069767 9.682121127843855
leaf_count=23 20 39 24 28 39 29 39 30 56 30
internal_value=0 0.00642334 -0.00460524 -0.0108663 0.0121723 0.0167563 0.0221549 0 -0.0186157 -0.0134437
internal_weight=116.158 73.4034 24.8969 42.7549 48.5064 35.7736 26.1518 18.6889 24.066 17.0339
internal_count=357 223 77 134 146 107 78 58 76 53
is_linear=0
shrinkage=0.03


Tree=18
num_leaves=14
num_cat=0
split_feature=25 2 23 2 12 19 39 29 25 36 12 14 16
split_gain=4.67322 4.96339 3.55205 4.5205 2.63627 1.88235 1.59482 1.68489 1.95637 1.33745 0.683789 0.525154 0.473484
threshold=0.30617934891677195 0.13963931675938418 0.65976127060084999 -0.83015652174463539 -0.72582576494083006 1.0000000180025095e-35 -0.64511693451789942 -0.53614473034340193 0.97369707449409704 -0.15743680419992356 1.0007037253342208 0.2266005345880166 -1.0000000180025095e-35
decision_type=2 2 2 2 2 2 2 2 2 2 2 2 2
left_child=1 2 4 -4 12 10 -2 -8 -9 -3 -6 -5 -1
right_child=6 9 3 11 5 -7 7 8 -10 -11 -12 -13 -14
leaf_value=0.032041685780308062 -0.017426246819687415 0.00025018409111784496 0.017429670681871862 -0.0021519708494095505 -0.0076259066346110894 0.017952206602980074 -0.013992448742154297 0.011543359174294509 -0.0077585566655753698 -0.01745690923995569 0.005515591963087348 -0.016578954565693808 0.012338371132167483
leaf_weight=6.7392945885658264 11.110519856214522 5.4226963520050049 6.0960245728492763 5.379451245069502 5.7345223277807253 6.0231597423553458 7.3320948034524926 8.1190241426229459 7.6008641719818124 7.655432000756262 5.2682243585586548 6.5575218200683594 6.3311814963817614
leaf_count=24 43 20 22 20 21 22 28 30 29 30 20 25 23
internal_value=0 0.0049397 0.00942687 -0.000818792 0.0155031 0.00632726 -0.00866205 -0.00338695 0.00199922 -0.010433 -0.000946914 -0.0114899 0.0251622
internal_weight=95.37 61.2075 48.1294 18.033 30.0964 17.0259 34.1625 23.052 15.7199 13.0781 11.0027 11.937 13.0705
internal_count=357 227 177 67 110 63 130 87 59 50 41 45 47
is_linear=0
shrinkage=0.03


Tree=19
num_leaves=14
num_cat=0
split_feature=12 39 20 21 21 12 37 40 35 39 21 1 16
split_gain=4.91245 4.36593 3.92092 3.38643 2.4014 2.26264 2.1415 1.70984 1.58404 1.54214 1.42727 1.1429 0.324528
threshold=0.35100532740841389 1.0000000180025095e-35 0.33792779920139565 -0.60102294707708559 0.96087108099585217 1.0455048252921038 1.0000000180025095e-35 231.00000000000003 -0.2725495999786659 -0.64511693451789942 -0.21054944005885132 -0.60507371101214025 1.0000000180025095e-35
decision_type=2 2 2 2 2 2 2 2 2 2 2 2 2
left_child=1 3 5 -1 9 8 -7 12 11 -5 -4 -2 -3
right_child=2 7 10 4 -6 6 -8 -9 -10 -11 -12 -13 -14
leaf_value=0.012608114726238098 -0.00026015189587636482 -0.0014739344690598191 -0.012925744969079871 -0.0019466401900015103 0.0067637465624690585 0.010702577910586313 -0.0096181562992343397 -0.02560214722722139 0.022522575208648109 -0.01783106027868742 0.0025528988498305255 0.014236189148468565 -0.011547009461033009
leaf_weight=12.266078889369963 8.2018159329891223 7.354292571544649 9.1957233548164385 12.583235889673229 9.2910528779029828 8.1929115056991559 7.4221462905406943 8.7278241813182813 13.784830272197725 10.645478636026386 8.8988172113895398 8.1965053975582105 7.3486601114273071
leaf_count=33 22 20 25 34 25 22 20 24 37 29 24 22 20
internal_value=0 -0.00554401 0.00590268 0 -0.00502631 0.0105225 0.000696728 -0.0156064 0.0151428 -0.010109 -0.00539452 0.00723628 -0.00748174
internal_weight=132.109 68.2166 63.8927 44.7858 32.5198 45.7982 15.6151 23.4308 30.1832 23.2287 18.0945 16.3983 14.703
internal_count=357 185 172 121 88 123 42 64 81 63 49 44 40
is_linear=0
shrinkage=0.03


Tree=20
num_leaves=12
num_cat=0
split_feature=41 30 16 24 19 19 1 22 10 27 29
split_gain=8.83646 5.13903 3.89303 3.89007 3.29222 5.04179 4.1256 2.91464 1.27747 1.09061 0.421687
threshold=178.50000000000003 -0.23714866321913333 0.50462321843941038 1.0000000180025095e-35 -0.40771736756928484 1.1865334563325218 -0.60507371101214025 -0.35431843275794156 1.0000000180025095e-35 0.8558394306650815 0.81081986313017296
decision_type=2 2 2 2 2 2 2 2 2 2 2
left_child=1 3 8 10 -3 6 -6 -4 -2 -8 -1
right_child=2 4 7 -5 5 -7 9 -9 -10 -11 -12
leaf_value=-0.017974631300000498 -0.0044216538406633621 -0.0024052187658001392 0.013272081046571464 0.0093477148501491785 0.0020159455515023632 0 0.035812728178395911 -0.0091877258745796057 -0.022482250764268207 0.013633899177466588 -0.0048797816819334087
leaf_weight=8.5802657604217547 6.5085917413234737 10.386990129947661 7.1349448859691647 9.5029303729534131 7.2547616064548484 12.05755978822708 12.200382798910146 11.556410193443297 17.31958669424057 6.8262676000595084 6.7503256499767295
leaf_count=27 20 32 22 29 22 36 36 36 56 20 21
internal_value=0 0.00625563 -0.0106742 -0.00450364 0.0118294 0.0157818 0.0228144 0 -0.01834 0.0297256 -0.013514
internal_weight=116.079 73.5595 42.5195 24.8335 48.726 38.339 26.2814 18.6914 23.8282 19.0267 15.3306
internal_count=357 223 134 77 146 114 78 58 76 56 48
is_linear=0
shrinkage=0.03


Tree=21
num_leaves=13
num_cat=0
split_feature=34 41 16 1 35 31 14 9 35 26 26 31
split_gain=4.69516 4.09596 5.07796 1.90975 2.04865 2.57783 1.59838 2.66585 1.58175 0.852565 0.728883 0.704346
threshold=-0.14694299906048594 178.50000000000003 0.50462321843941038 1.0000000180025095e-35 0.16765836106239287 -0.99182557169485641 -0.32918716723186664 -0.22846797019615564 -1.0000000180025095e-35 -0.20033139807822745 0.7115596106603711 -0.99182557169485641
decision_type=2 2 2 2 2 2 2 2 2 2 2 2
left_child=3 6 10 4 5 -1 -2 8 -8 -7 -3 -5
right_child=1 2 -4 11 -6 9 7 -9 -10 -11 -12 -13
leaf_value=0.0062102365676653627 -0.010965113343742023 0.030829861651133012 -0.001517839579287061 -0.0048856211907271812 0.012439120308043941 -0.020442249385160555 0.0050784097300366994 0.01718908946913868 -0.015074835420278213 -0.0028367680621310472 0.010548816569016474 -0.019252210333088549
leaf_weight=7.8481562435627028 9.608776271343233 8.938437759876253 10.030144780874251 7.8078254461288479 5.5928929150104514 6.7973458915948903 5.3394362777471569 6.1837602257728568 5.4651094973087302 5.6020832508802378 5.8694046139717093 10.223776385188101
leaf_count=29 37 31 37 30 21 26 20 23 21 21 21 40
internal_value=0 0.00608399 0.0145058 -0.00706741 -0.00137085 -0.00605626 -0.00192179 0.00334333 -0.00522282 -0.0140843 0.0248687 -0.0141915
internal_weight=95.3071 51.4351 24.838 43.8721 25.8405 20.2476 26.5971 16.9883 10.8045 12.3994 14.8078 18.0316
internal_count=357 190 89 167 97 76 101 64 41 47 52 70
is_linear=0
shrinkage=0.03


Tree=22
num_leaves=14
num_cat=0
split_feature=12 19 38 22 25 26 26 30 12 35 33 37 22
split_gain=4.69378 4.84603 3.55795 2.68788 2.51719 2.98983 2.31991 4.11651 2.64237 2.17363 1.80038 2.99342 0.181044
threshold=0.35100532740841389 0.22998296199143767 1.0000000180025095e-35 -1.2223985930148988 1.3074559372827597 -0.98195226271131186 0.19047903423831467 1.0000000180025095e-35 -1.061863990111416 0.39807971566982242 -0.40640859233468368 1.0000000180025095e-35 -1.0000000180025095e-35
decision_type=2 2 2 2 2 2 2 2 2 2 2 2 2
left_child=4 3 9 -2 5 -1 7 -7 -8 -3 -5 -12 -10
right_child=1 2 -4 10 -6 6 8 -9 12 -11 11 -13 -14
leaf_value=-0.023134054256005371 -0.0028536666654762617 0.013960024270376296 -0.017814760587518217 0.024155149894811708 0.0074105914979724994 0.012936631593434066 0.0032487228336740095 -0.010180386172061129 -0.021163217026085854 -0.0062472264804615488 0.019563198199191029 -0.0031529065127391212 -0.0092323573080365703
leaf_weight=8.4350131750106794 7.4293083548545829 8.2072775661945361 9.1349731683731061 13.489843398332598 9.9715245664119703 12.940379798412325 7.3877467811107627 11.718068599700926 8.8500671684741992 7.7331693768501273 8.6166399121284503 9.2870548069477064 8.8199653029441851
leaf_count=23 20 22 25 36 27 35 20 32 24 21 23 25 24
internal_value=0 0.00576279 -0.0042004 0.0122636 -0.00542963 -0.00786298 -0.00455324 0.00176787 -0.0107481 0.00411871 0.0159905 0.00813779 -0.0167093
internal_weight=132.021 63.8983 25.0754 38.8228 68.1228 58.1512 49.7162 24.6584 25.0578 15.9404 31.3935 17.9037 17.67
internal_count=357 172 68 104 185 158 135 67 68 43 84 48 48
is_linear=0
shrinkage=0.03


Tree=23
num_leaves=12
num_cat=0
split_feature=2 29 20 33 29 34 16 35 24 33 35
split_gain=6.65068 2.99354 4.88112 4.09158 3.69413 2.20385 1.77099 2.33753 1.66847 1.50763 0.522413
threshold=0.57977742808043942 -0.53614473034340193 -0.31683596912912204 0.7405310714082568 1.3496057005196029 -0.84061110702205333 -1.0000000180025095e-35 -0.61646206954199301 1.0000000180025095e-35 0.51114313865966887 0.16765836106239287
decision_type=2 2 2 2 2 2 2 2 2 2 2
left_child=1 2 -1 4 6 -5 10 -8 -4 -2 -3
right_child=9 3 8 5 -6 -7 7 -9 -10 -11 -12
leaf_value=-0.0095235666077704492 0.020890955635211497 -0.02370376686343597 0.025557952254981194 -0.004529833412978833 0.0056336787437145696 0.01736170361555402 0.0042411936198614632 -0.014224027089977618 0.0034283970452371575 0.004907779529343171 -0.0085666741641512775
leaf_weight=10.245939850807192 11.495170325040819 15.505109608173369 6.7134768664836866 6.5224477648735046 9.0314710140228254 6.9432266354560834 8.6390867233276385 14.067716360092165 6.9016010165214539 13.168165445327757 6.7452929913997641
leaf_count=32 34 50 20 20 28 21 27 44 21 39 21
internal_value=0 -0.00376784 0.00500218 -0.00699846 -0.0106837 0.00696584 -0.0141669 -0.00712336 0.0161907 0.0133572 -0.0201984
internal_weight=115.979 91.3154 23.861 67.4544 53.9887 13.4657 44.9572 22.7068 13.6151 24.6633 22.2504
internal_count=357 284 73 211 170 41 142 71 41 73 71
is_linear=0
shrinkage=0.03


Tree=24
num_leaves=13
num_cat=0
split_feature=34 41 16 39 9 32 40 25 33 20 20 26
split_gain=4.53934 3.9024 4.82226 2.08938 2.37158 2.21888 1.78319 1.56797 1.55142 0.966451 1.47209 0.675257
threshold=-0.14694299906048594 178.50000000000003 0.50462321843941038 -0.64511693451789942 1.2331482335513464 -0.92192758499404992 572.00000000000011 0.97369707449409704 0.51114313865966887 0.33792779920139565 -0.31683596912912204 0.7115596106603711
decision_type=2 2 2 2 2 2 2 2 2 2 2 2
left_child=3 6 11 -1 5 -5 9 8 -7 10 -2 -3
right_child=1 2 -4 4 -6 7 -8 -9 -10 -11 -12 -13
leaf_value=-0.017330311885087154 0 0.029885930670010573 -0.0014940137750623214 0.014105357250775476 -0.016559866888160694 -0.0077406109053353217 0.01069569754644494 -0.015190640359900334 0.011163683705360212 0.00082410631177886706 -0.019898787056099591 0.010282864708737443
leaf_weight=11.332679972052572 5.7575748711824444 9.0730093121528643 10.020900458097456 7.4607772529125205 6.8171846419572821 5.8730687052011543 5.909112572669982 5.6400799602270117 6.5831663906574249 8.6916507184505445 6.1841164231300381 5.9078191816806784
leaf_count=45 22 31 37 27 27 22 22 22 24 33 24 21
internal_value=0 0.00596934 0.014148 -0.00696856 -0.00255749 0.00166679 -0.00186527 -0.00384238 0.0019465 -0.00621472 -0.0113045 0.0241588
internal_weight=95.2511 51.5442 25.0017 43.707 32.3743 25.5571 26.5425 18.0963 12.4562 20.6333 11.9417 14.9808
internal_count=357 190 89 167 122 95 101 68 46 79 46 52
is_linear=0
shrinkage=0.03


Tree=25
num_leaves=13
num_cat=0
split_feature=12 19 39 38 21 21 35 13 36 5 5 39
split_gain=4.50979 4.65223 4.22612 3.4242 3.26049 2.32914 2.07817 1.65508 3.39083 1.86894 1.64658 1.48321
threshold=0.35100532740841389 0.22998296199143767 1.0000000180025095e-35 1.0000000180025095e-35 -0.60102294707708559 0.96087108099585217 0.39807971566982242 -0.62542759730746611 0.2899541355213775 -0.10280964286662085 -0.56905764214739929 -0.64511693451789942
decision_type=2 2 2 2 2 2 2 2 2 2 2 2
left_child=2 7 4 6 -1 11 -3 -2 9 -9 -4 -6
right_child=1 3 10 -5 5 -7 -8 8 -10 -11 -12 -13
leaf_value=0.012480879982357909 0 0.013643949089497853 -0.0020034673042858215 -0.017509012078332269 -0.001840343814314708 0.00677655554391787 -0.0061101919552501898 0.013822834220494185 0.029159006076360051 -0.0032158366481177549 -0.020351740635146897 -0.017434462137399232
leaf_weight=12.268258094787596 8.5848377943038923 8.215643912553789 7.3884781599044826 9.1025519669055921 12.568704009056088 9.2857154011726362 7.7231139242649069 12.697117626667024 9.3538178205490095 8.186452120542528 15.946800619363783 10.600228220224384
leaf_count=33 23 22 20 25 34 25 21 34 25 22 44 29
internal_value=0 0.00564398 -0.00533083 -0.00412321 4.49507e-05 -0.00482297 0.00402579 0.0120119 0.0151739 0.00710764 -0.0152557 -0.00984446
internal_weight=131.922 63.8635 68.0582 25.0413 44.7229 32.4546 15.9388 38.8222 30.2374 20.8836 23.3353 23.1689
internal_count=357 172 185 68 121 88 43 104 81 56 64 63
is_linear=0
shrinkage=0.03


Tree=26
num_leaves=12
num_cat=0
split_feature=41 30 32 16 1 36 36 27 40 10 29
split_gain=8.26176 4.7149 4.56182 3.72087 2.89702 3.24265 2.64717 1.66996 1.62536 1.19186 0.863094
threshold=178.50000000000003 -0.23714866321913333 0.26039176064717451 0.50462321843941038 -0.60507371101214025 -0.15743680419992356 0.2899541355213775 0.64331468905112621 455.50000000000006 1.0000000180025095e-35 0.81081986313017296
decision_type=2 2 2 2 2 2 2 2 2 2 2
left_child=1 2 10 9 -3 7 -5 -6 -7 -2 -1
right_child=3 4 -4 6 5 8 -8 -9 -10 -11 -12
leaf_value=-0.018596929510642374 -0.0044317017786034392 -0.00056093477273597744 0.012634407536711847 0.0084428586517223941 0.014683379574544367 0.030525680556858156 -0.012913249571005096 -0.0024888931830034846 0.0085879742327467385 -0.022034449520647207 -0.0032525804853044248
leaf_weight=9.4163883030414635 6.5070756375789669 12.683212637901304 7.9039653539657584 11.38445493578911 7.37653920054436 11.756122678518297 7.2796496450901023 10.057249039411543 7.1361694335937491 16.969995856285095 7.3864581286907187
leaf_count=30 20 39 24 35 22 34 23 30 21 56 23
internal_value=0 0.0060271 -0.00431574 -0.0103813 0.0113333 0.0155023 0 0.00504774 0.0237746 -0.0179549 -0.0129988
internal_weight=115.857 73.7161 24.7068 42.1412 49.0093 36.3261 18.6641 17.4338 18.8923 23.4771 16.8028
internal_count=357 223 77 134 146 107 58 52 55 76 53
is_linear=0
shrinkage=0.03


Tree=27
num_leaves=13
num_cat=0
split_feature=34 41 16 39 9 32 40 29 21 28 40 35
split_gain=4.41033 3.67298 4.55286 2.01344 2.30967 2.12559 1.69751 0.953577 0.922212 1.33762 0.668036 0.643739
threshold=-0.14694299906048594 178.50000000000003 0.50462321843941038 -0.64511693451789942 1.2331482335513464 -0.92192758499404992 572.00000000000011 1.0000000180025095e-35 1.0000000180025095e-35 1.0000000180025095e-35 209.00000000000003 -0.35508859267386444
decision_type=2 2 2 2 2 2 2 2 2 2 2 2
left_child=3 6 11 -1 5 -5 7 10 9 -7 -2 -3
right_child=1 2 -4 4 -6 8 -8 -9 -10 -11 -12 -13
leaf_value=-0.017137457622099464 -0.0020845620971188146 0.029500921580150028 -0.0014675090630282008 0.013705076968360033 -0.01644224102940511 -0.0079124958599482518 0.010437500873686894 0.00015820250776619004 -0.012092815931811008 0.0099271599318203844 -0.018559728625576557 0.01068674945621151
leaf_weight=11.191056892275808 5.4460329264402443 8.5881384909152967 10.010531634092329 7.5273610949516288 6.7615541666746131 5.9097257554531151 5.9479208439588538 10.07422152161598 6.0693828463554373 6.0957624316215515 4.9791654944419861 6.5804203152656582
leaf_count=45 21 29 37 27 27 22 22 38 23 23 20 23
internal_value=0 0.00587107 0.0137588 -0.00688873 -0.00256551 0.00158513 -0.0017591 -0.00604106 -0.00381919 0.000797818 -0.0118011 0.0233951
internal_weight=95.1813 51.6264 25.1791 43.5548 32.3638 25.6022 26.4473 20.4994 18.0749 12.0055 10.4252 15.1686
internal_count=357 190 89 167 122 95 101 79 68 45 41 52
is_linear=0
shrinkage=0.03


Tree=28
num_leaves=14
num_cat=0
split_feature=28 35 25 36 35 27 28 29 26 27 27 36 32
split_gain=3.72956 3.87047 2.55457 3.9367 3.43757 1.87757 1.81694 3.51531 1.80839 1.53954 1.38211 1.14671 0.645975
threshold=1.0000000180025095e-35 -0.093715115805735508 1.3074559372827597 0.2899541355213775 0.55971857636458633 -0.22196461609140625 -0.72770871982987473 0.54142694443545769 0.32074917834382866 0.43078994743717086 1.0000000180025095e-35 -1.0000000180025095e-35 -0.33076791217343771
decision_type=2 2 2 2 2 2 2 2 2 2 2 2 2
left_child=1 6 3 5 -5 -2 7 11 -8 -7 -3 -1 -11
right_child=2 10 -4 4 -6 9 8 -9 -10 12 -12 -13 -14
leaf_value=0.019582147623497977 0 0.025016843715531246 0.0091999481573573228 0.013974000857928555 -0.009966825400248765 -0.024362006282528281 0.0010895827003646328 -0.0079812832534670759 -0.015697092260959108 -0.014827360280887578 0.0066765169703865875 0.003160242306984419 -0.0024729962292313339
leaf_weight=9.3074497282505071 8.1418555080890638 7.8180505633354214 8.1378924846649152 10.722262352705004 8.0360335409641248 12.098706454038622 11.823328763246538 10.009129047393797 8.5106365382671338 7.6242894828319541 10.720687240362166 8.555503249168396 10.282542645931246
leaf_count=25 22 21 22 29 22 33 32 27 23 21 29 23 28
internal_value=0 0.00491806 -0.00506325 -0.0073896 0.00344303 -0.0127964 0.000179702 0.00515977 -0.00625727 -0.0161152 0.016004 0.0128808 -0.00878182
internal_weight=131.788 66.7448 65.0436 56.9057 18.7583 38.1474 48.206 27.8721 20.334 30.0055 18.5387 17.863 17.9068
internal_count=357 180 177 155 51 104 130 75 55 82 50 48 49
is_linear=0
shrinkage=0.03


Tree=29
num_leaves=12
num_cat=0
split_feature=41 30 32 16 22 1 33 36 10 29 35
split_gain=7.87983 4.48041 4.43141 3.59541 2.77267 2.74219 3.1909 1.95519 1.14479 0.835635 0.594908
threshold=178.50000000000003 -0.23714866321913333 0.26039176064717451 0.50462321843941038 -0.35431843275794156 -0.60507371101214025 0.7405310714082568 -0.15743680419992356 1.0000000180025095e-35 0.81081986313017296 0.82109205323271472
decision_type=2 2 2 2 2 2 2 2 2 2 2
left_child=1 2 9 8 -5 -3 7 -7 -2 -1 -8
right_child=3 5 -4 4 -6 6 10 -9 -10 -11 -12
leaf_value=-0.018382597979255923 -0.0043964023709911447 -0.00055382518718476831 0.012419871587852772 0.012922079572744834 -0.0089816465803285155 0.0073084535886412949 0.0082899463331800351 0.028316221208610673 -0.02173631688532383 -0.0032281606206149105 -0.0027171693952309965
leaf_weight=9.3376384377479607 6.4985156655311611 12.675791472196577 7.9307211935520163 7.1735324561595943 11.479989171028135 8.3424113988876325 7.1745112836360914 14.214907348155977 16.731470197439194 7.3812206089496604 6.7831718921661377
leaf_count=30 20 39 24 22 36 25 21 41 56 23 20
internal_value=0 0.00586283 -0.00423585 -0.0101871 0 0.0110172 0.0150552 0.0217364 -0.017689 -0.012838 0.00280795
internal_weight=115.724 73.8404 24.6496 41.8835 18.6535 49.1908 36.515 22.5573 23.23 16.7189 13.9577
internal_count=357 223 77 134 58 146 107 66 76 53 41
is_linear=0
shrinkage=0.03


Tree=30
num_leaves=12
num_cat=0
split_feature=13 16 36 22 2 41 29 28 36 26 12
split_gain=4.12436 4.23599 3.33898 3.90449 3.1065 2.35292 2.22091 1.35712 1.07651 1.06682 0.34609
threshold=1.0000000180025095e-35 0.50462321843941038 -1.12837033295679 0.88579608189485459 -0.48699799427398238 178.50000000000003 -0.53614473034340193 1.0000000180025095e-35 0.81349672455694311 0.06020889013280064 0.55516840422416702
decision_type=2 2 2 2 2 2 2 2 2 2 2
left_child=1 5 -2 -4 8 7 -5 -1 10 -7 -3
right_child=2 4 3 6 -6 9 -8 -9 -10 -11 -12
leaf_value=-0.0048765609620874794 0.0067892932069938535 -0.020068278121986985 -0.019386516506565067 -0.010440609522550619 0.011848280718782769 0.0077012169708230759 0.012801995323294549 0.012399086813401697 0 0.026722850388023904 -0.005223827289828834
leaf_weight=7.7919850647449511 10.419013902544974 6.2639184296131187 19.78568704426289 5.4703141301870346 6.4627776741981497 7.227682217955592 6.2536035776138288 5.5943687707185745 5.6360438019037238 9.1199102401733381 5.0962387472391129
leaf_count=30 39 24 77 22 24 25 23 21 21 31 20
internal_value=0 0.00549251 -0.00689053 -0.0116987 -0.00373643 0.0127957 0.00154926 0.00246204 -0.0104672 0.0200031 -0.0152616
internal_weight=95.1215 53.1929 41.9286 31.5096 23.459 29.7339 11.7239 13.3864 16.9962 16.3476 11.3602
internal_count=357 196 161 122 89 107 45 51 65 56 44
is_linear=0
shrinkage=0.03


Tree=31
num_leaves=13
num_cat=0
split_feature=12 19 39 38 32 35 23 31 2 37 36 36
split_gain=4.29403 4.3812 4.05199 3.28533 3.11133 1.97235 1.64249 3.01911 1.58457 1.49248 2.48248 0.0295926
threshold=0.35100532740841389 0.22998296199143767 1.0000000180025095e-35 1.0000000180025095e-35 0.55597159705748056 0.39807971566982242 0.32802215284802749 -0.3089292764295456 -0.56905764214739929 1.0000000180025095e-35 1.0000000180025095e-35 1.0000000180025095e-35
decision_type=2 2 2 2 2 2 2 2 2 2 2 2
left_child=2 9 4 5 6 -3 7 -1 -4 11 -11 -2
right_child=1 3 8 -5 -6 -7 -8 -9 -10 10 -12 -13
leaf_value=0.0097045374008262412 0.023171075247924295 0.013361139807962835 -0.001934385242004577 -0.017124616929943163 -0.011709794086409214 -0.0058870408416617616 0.013880740259131925 -0.011476466923819912 -0.019962742744916225 -0.0043864794027486595 0.01433743022279832 0.011148943969248168
leaf_weight=11.851784139871596 7.4845343530178097 8.2167902886867541 7.3825601041317013 9.0566408336162549 12.481283217668532 7.7030183374881736 10.756425380706785 9.5831328630447405 15.851806461811064 10.408259779214861 11.946018397808073 8.9753566086292249
leaf_count=32 20 22 20 25 34 21 29 26 44 28 32 24
internal_value=0 0.00551974 -0.00519809 -0.00397068 6.03819e-05 0.00399826 0.00512019 0 -0.0149416 0.011696 0.00564033 0.0184283
internal_weight=131.698 63.7906 67.907 24.9764 44.6726 15.9198 32.1913 21.4349 23.2344 38.8142 22.3543 16.4599
internal_count=357 172 185 68 121 43 87 58 64 104 60 44
is_linear=0
shrinkage=0.03


Tree=32
num_leaves=11
num_cat=0
split_feature=41 30 16 19 19 1 22 23 10 30
split_gain=7.52684 4.23538 3.493 2.88228 4.6599 3.43259 2.70291 2.03466 1.11398 1.07533
threshold=178.50000000000003 -0.23714866321913333 0.50462321843941038 -0.40771736756928484 1.1865334563325218 -0.60507371101214025 1.0000000180025095e-35 1.0000000180025095e-35 1.0000000180025095e-35 0.66078241160603957
decision_type=2 2 2 2 2 2 2 2 2 2
left_child=1 7 8 -3 5 -5 -4 -1 -2 -7
right_child=2 3 6 4 -6 9 -8 -9 -10 -11
leaf_value=-0.0121918977290526 -0.0043207178782596134 -0.002568845432005373 0.010579865517774546 0.0019180577674687892 -0.00061342323394143034 0.03664282812008391 -0.010625799402099097 0.0039986338309138851 -0.021477499374998512 0.016234896823694493
leaf_weight=12.333814412355425 6.4849129021167782 10.407123178243635 9.1559489667415637 7.2575451731681815 12.178645253181456 8.3367311954498344 9.4811846911907178 12.243496417999266 16.52070614695549 11.199077546596525
leaf_count=39 20 32 28 22 36 24 30 38 56 32
internal_value=0 0.0057083 -0.0100013 0.0107005 0.0143561 0.0210442 0 -0.00413023 -0.0174466 0.0272209
internal_weight=115.599 73.9564 41.6428 49.3791 38.972 26.7934 18.6371 24.5773 23.0056 19.5358
internal_count=357 223 134 146 114 78 58 77 76 56
is_linear=0
shrinkage=0.03


Tree=33
num_leaves=13
num_cat=0
split_feature=34 41 16 19 21 16 23 14 33 32 3 35
split_gain=4.15943 3.27765 4.0375 1.86876 1.66873 1.62165 1.50883 1.80546 1.02198 0.845956 0.798214 0.581768
threshold=-0.14694299906048594 178.50000000000003 0.50462321843941038 -1.0454176971300073 1.0000000180025095e-35 0.7659002147887497 0.65976127060084999 -0.32918716723186664 0.51114313865966887 0.26039176064717451 -0.60705083120431613 -0.35508859267386444
decision_type=2 2 2 2 2 2 2 2 2 2 2 2
left_child=3 6 11 -1 5 8 7 -2 -5 -9 -10 -3
right_child=1 2 -4 4 -6 -7 -8 9 10 -11 -12 -13
leaf_value=0.0072306998241223235 -0.0071837105007481932 0.027676041685285327 -0.0013546490180824401 -0.017192411155408652 -0.019153583160681262 0.0055024807865618752 -0.01149234927562433 0.017408801280788807 -0.0090197824446960461 0.00032712915937305084 0.004654974161915436 0.0099918567359346851
leaf_weight=5.8070793300867072 7.4029046446085021 8.839325398206709 9.9696461558341962 7.3655473887920442 9.9560132175683957 8.1234794706106168 7.9688838571310034 5.4367140084505081 6.6008271723985672 5.4744421690702438 5.4055565893650037 6.6868529915809658
leaf_count=22 29 29 37 29 39 31 31 20 26 21 20 23
internal_value=0 0.0056811 0.0130545 -0.00672449 -0.00923749 -0.00463486 -0.00157414 0.002982 -0.00926329 0.0103972 -0.00258563 0.0219634
internal_weight=95.0373 51.7788 25.4958 43.2585 37.4514 27.4954 26.2829 18.3141 19.3719 10.9112 12.0064 15.5262
internal_count=357 190 89 167 145 106 101 70 75 41 46 52
is_linear=0
shrinkage=0.03


Tree=34
num_leaves=14
num_cat=0
split_feature=12 19 39 38 21 21 35 13 36 2 40 39 16
split_gain=4.10065 4.18422 3.90074 3.18105 3.07059 2.23482 1.90606 1.58072 3.20393 1.78011 1.54739 1.41076 0.301226
threshold=0.35100532740841389 0.22998296199143767 1.0000000180025095e-35 1.0000000180025095e-35 -0.60102294707708559 0.96087108099585217 0.39807971566982242 -0.62542759730746611 0.2899541355213775 -0.10280964286662085 231.00000000000003 -0.64511693451789942 1.0000000180025095e-35
decision_type=2 2 2 2 2 2 2 2 2 2 2 2 2
left_child=2 7 4 6 -1 11 -3 -2 9 -9 12 -6 -4
right_child=1 3 10 -5 5 -7 -8 8 -10 -11 -12 -13 -14
leaf_value=0.012130300698010472 0 0.013146303886388178 -0.0011819705109590824 -0.016858988851273661 -0.0017803912724469061 0.0066878672627617404 -0.0057744685479725064 0.013254581843815458 0.02810197790990776 -0.0033555996974777044 -0.024283926154406336 -0.017025647300906364 -0.010846330246521284
leaf_weight=12.276249855756758 8.5854071080684644 8.2196669876575488 7.3229870796203631 9.0243861973285657 12.549214541912075 9.2797938883304578 7.6941159665584555 12.700601220130922 9.3516238033771497 8.181484669446947 8.538507014513014 10.543172746896747 7.2882748544216156
leaf_count=33 23 22 20 25 34 25 21 34 25 22 24 29 20
internal_value=0 0.00539415 -0.00508491 -0.0038862 6.82141e-05 -0.00466348 0.00394438 0.0114276 0.0145173 0.00668999 -0.0146664 -0.00959874 -0.00693608
internal_weight=131.555 63.7573 67.7982 24.9382 44.6484 32.3722 15.9138 38.8191 30.2337 20.8821 23.1498 23.0924 14.6113
internal_count=357 172 185 68 121 88 43 104 81 56 64 63 40
is_linear=0
shrinkage=0.03


Tree=35
num_leaves=13
num_cat=0
split_feature=41 30 32 25 19 19 1 17 26 33 27 29
split_gain=7.18927 4.04334 4.26601 3.36055 2.7286 4.44402 3.25324 1.74638 1.65586 1.22006 1.1595 0.820249
threshold=178.50000000000003 -0.23714866321913333 0.26039176064717451 0.63993821170543452 -0.40771736756928484 1.1865334563325218 -0.60507371101214025 0.32604357241378573 0.8418297547658854 -0.17702065958609567 0.8558394306650815 0.81081986313017296
decision_type=2 2 2 2 2 2 2 2 2 2 2 2
left_child=1 2 11 7 -3 6 -6 -2 9 -9 -8 -1
right_child=3 4 -4 -5 5 -7 10 8 -10 -11 -12 -13
leaf_value=-0.018094874987508683 -0.023783343520851905 -0.0024953662532942031 0.01221723773725549 0.00640649779820434 0.0018299282082590779 -0.00064960634639820477 0.03228205132573847 -0.01998521006437801 0.0028636395611560104 -0.0021815762326595346 0.011417544400568604 -0.0030714175297807283
leaf_weight=9.2309370636940056 10.489897340536116 10.388744145631788 7.9534563124179831 7.8642795681953421 7.2663279771804801 12.181302249431608 12.650761276483541 8.6197198331356031 7.2557155787944785 7.1648920178413418 7.0365427434444419 7.3504854738712302
leaf_count=30 35 32 24 24 22 36 36 29 23 23 20 23
internal_value=0 0.00555736 -0.00406621 -0.00982042 0.010422 0.0139642 0.0204657 -0.013909 -0.00798989 -0.0131416 0.0264442 -0.0125741
internal_weight=115.453 74.0586 24.5349 41.3945 49.5237 39.1349 26.9536 33.5302 23.0403 15.7846 19.6873 16.5814
internal_count=357 223 77 134 146 114 78 110 75 52 56 53
is_linear=0
shrinkage=0.03


Tree=36
num_leaves=12
num_cat=0
split_feature=25 2 23 34 12 34 39 29 25 34 29
split_gain=4.0905 4.20518 3.16424 5.03203 2.40062 2.39848 1.51023 1.55488 1.74213 1.06166 1.03058
threshold=0.30617934891677195 0.13963931675938418 0.65976127060084999 1.2403932168626495 -0.72582576494083006 1.0000000180025095e-35 -0.64511693451789942 -0.53614473034340193 0.97369707449409704 -0.060234485565289951 -0.26675181164868705
decision_type=2 2 2 2 2 2 2 2 2 2 2
left_child=1 2 4 -4 9 -6 -2 -8 -9 -1 -3
right_child=6 10 3 -5 5 -7 7 8 -10 -11 -12
leaf_value=0.0082215843530638408 -0.016896882283742864 -0.016508786052434318 -0.013136742479807837 0.016766799054257889 0.015923874501131807 -0.0046223200237055402 -0.013458214493672394 0.010937182325659227 -0.0073060993762334575 0.030241841349598182 0
leaf_weight=5.5143993645906448 10.695335030555723 6.9018362909555435 11.189777567982675 6.8923724740743628 8.4789148718118685 8.786514073610304 7.0994766354560861 8.221128121018408 7.4314080923795709 7.9352035224437731 5.79017725586891
leaf_count=20 43 28 42 25 31 32 28 30 29 27 22
internal_value=0 0.00459328 0.00863614 -0.00102078 0.0142903 0.00561434 -0.00820459 -0.00307874 0.00204448 0.0233456 -0.00979752
internal_weight=94.9365 61.4892 48.7972 18.0822 30.715 17.2654 33.4473 22.752 15.6525 13.4496 12.692
internal_count=357 227 177 67 110 63 130 87 59 47 50
is_linear=0
shrinkage=0.03


Tree=37
num_leaves=14
num_cat=0
split_feature=28 35 41 39 15 15 33 32 25 27 28 36 10
split_gain=3.30794 3.75713 2.69307 2.45526 3.00609 1.8776 3.05522 1.79998 1.47879 1.27665 1.25754 0.580821 0.397214
threshold=1.0000000180025095e-35 -0.093715115805735508 518.00000000000011 -0.64511693451789942 -0.26760304729051648 -0.76324137612436194 1.0000000180025095e-35 -0.33076791217343771 0.30617934891677195 1.0000000180025095e-35 0.54052682908965188 0.59773371816652798 -0.54945041702374953
decision_type=2 2 2 2 2 2 2 2 2 2 2 2 2
left_child=1 5 3 8 10 6 -1 -7 -2 -3 -5 -9 -6
right_child=2 9 -4 4 12 7 -8 11 -10 -11 -12 -13 -14
leaf_value=-0.0030556947424415291 -0.0051299468173092071 0.024250008404601672 0.0095179568749061694 -0.0092870859189906878 -0.01071642280052921 0.005114768280607143 0.020440274588090335 -0.013384025029743323 0.010330171428582424 0.006528161569166053 0.0051876521239375677 -0.002072203774341501 -0.025447848295167264
leaf_weight=9.6623401045799273 12.115733265876772 7.8107860386371639 8.5306707322597486 9.8771265149116534 8.6746270060539263 10.359030693769457 7.4635815620422354 11.775955110788347 7.7916110157966605 10.706769615411757 8.4354216754436475 8.8879711329936963 9.3023058176040632
leaf_count=26 33 21 23 27 24 28 20 32 21 29 23 24 26
internal_value=0 0.00463613 -0.00477811 -0.00724327 -0.0117506 0 0.00768334 -0.00426024 0.000940609 0.0155601 -0.00242871 -0.00925882 -0.0200201
internal_weight=131.394 66.6664 64.7275 56.1968 36.2895 48.1489 17.1259 31.023 19.9073 18.5176 18.3125 20.6639 17.9769
internal_count=357 180 177 154 100 130 46 84 54 50 50 56 50
is_linear=0
shrinkage=0.03


Tree=38
num_leaves=13
num_cat=0
split_feature=29 19 25 39 32 0 16 22 27 15 13 33
split_gain=5.44173 4.19193 3.88814 2.82833 2.59255 2.40297 2.07178 2.02003 3.11902 0.670088 0.306078 0.0460891
threshold=-0.53614473034340193 1.0000000180025095e-35 0.63993821170543452 -0.64511693451789942 -0.33076791217343771 -0.95012055851148747 1.0000000180025095e-35 0.38975027603373608 -0.84435850224656106 0.97149277479409724 -0.41807094351884327 0.7405310714082568
decision_type=2 2 2 2 2 2 2 2 2 2 2 2
left_child=1 -1 5 -3 -4 -2 9 8 -8 -7 -10 -5
right_child=2 3 4 11 -6 6 7 -9 10 -11 -12 -13
leaf_value=-0.0055738473401232263 0.0066142869493378727 0.0017671954539061983 -0.0043975913117312625 0.026991496875465648 0.01527134788173337 -0.021070778896317914 -0.014584549540774839 -0.016433754346212269 0.0019101674630668901 -0.0065650046248197352 0.012527136798985695 0.012440470981808668
leaf_weight=10.802403926849363 6.771906614303588 9.9766545891761798 9.8766462504863757 9.3781334757804888 11.1283643245697 15.516422152519228 6.4475558996200588 7.4823882281780234 6.4397620558738735 7.3314006030559531 7.206506520509719 6.9219705760478965
leaf_count=34 20 30 30 27 33 53 21 24 20 23 22 20
internal_value=0 0.00923038 -0.00449536 0.0155048 0.00607964 -0.00853733 -0.01082 -0.00458423 0.000385404 -0.0173538 0.00859841 0.0227184
internal_weight=115.28 37.0792 78.201 26.2768 21.005 57.1959 50.424 27.5762 20.0938 22.8478 13.6463 16.3001
internal_count=357 111 246 77 63 183 163 87 63 76 42 47
is_linear=0
shrinkage=0.03


Tree=39
num_leaves=14
num_cat=0
split_feature=25 2 23 13 12 19 39 29 25 36 12 14 16
split_gain=3.90995 4.02754 3.02981 4.11759 2.24748 1.63478 1.47284 1.49951 1.67666 1.25666 0.732909 0.532703 0.289189
threshold=0.30617934891677195 0.13963931675938418 0.65976127060084999 -1.059782037494738 -0.72582576494083006 1.0000000180025095e-35 -0.64511693451789942 -0.53614473034340193 0.97369707449409704 -0.15743680419992356 1.0007037253342208 0.2266005345880166 -1.0000000180025095e-35
decision_type=2 2 2 2 2 2 2 2 2 2 2 2 2
left_child=1 2 4 -4 12 10 -2 -8 -9 -3 -6 -5 -1
right_child=6 9 3 11 5 -7 7 8 -10 -11 -12 -13 -14
leaf_value=0.028386453654515087 -0.016699249898141578 0.00058473114810649149 0.016091335563710667 -0.0019866824682164027 -0.0080640650030600006 0.016137655122493971 -0.013258679743177878 0.010697158284743997 -0.0071956066593856895 -0.01671220666359078 0.0054988910599035792 -0.01647535081716613 0.011350437902061618
leaf_weight=7.1458516716957092 10.560311645269392 5.3564542979001999 6.260739520192149 5.3306133300065976 5.8069397062063235 6.2528968304395667 7.0200982987880716 8.2663716524839383 7.3962213397026071 7.2553629428148252 5.2553609013557434 6.4947295486927032 6.4660674631595629
leaf_count=24 43 20 22 20 21 22 28 30 29 30 20 25 23
internal_value=0 0.00447465 0.00840918 -0.00104184 0.0139137 0.00549221 -0.00805643 -0.00299828 0.00200778 -0.00965944 -0.00125587 -0.0113533 0.0226208
internal_weight=94.868 61.625 49.0132 18.0861 30.9271 17.3152 33.243 22.6827 15.6626 12.6118 11.0623 11.8253 13.6119
internal_count=357 227 177 67 110 63 130 87 59 50 41 45 47
is_linear=0
shrinkage=0.03


Tree=40
num_leaves=15
num_cat=0
split_feature=28 35 41 39 15 15 33 35 28 29 34 24 33 0
split_gain=3.17095 3.63602 2.58365 2.34054 2.90706 1.79871 2.95096 1.46883 1.20606 1.05968 1.05147 0.837453 0.583423 0.393539
threshold=1.0000000180025095e-35 -0.093715115805735508 518.00000000000011 -0.64511693451789942 -0.26760304729051648 -0.76324137612436194 1.0000000180025095e-35 -1.5312692385804432 0.54052682908965188 1.0000000180025095e-35 0.5467251089010815 -0.36988251344084722 -0.17702065958609567 -0.37833767966620185
decision_type=2 2 2 2 2 2 2 2 2 2 2 2 2 2
left_child=1 5 3 9 8 6 -1 -7 -5 -2 11 -9 -3 -6
right_child=2 12 -4 4 13 7 -8 10 -10 -11 -12 -13 -14 -15
leaf_value=-0.0030456346795939386 -0.0047564954529161945 0.020797186212403927 0.0093113034451845385 -0.0090780695104277741 -0.010663214352052867 0.0062086682294612856 0.020036244071694888 -0.0035847340818029594 0.0050990406051613672 0.0081344324150586442 0.00049992998431359502 -0.01877396464939337 0.0070269215102687441 -0.025243418117469867
leaf_weight=9.6577798426151293 11.026408821344377 9.3068539798259753 8.5362989008426648 9.8568941652774829 8.9220181405544299 7.3802759349346188 7.4679108858108512 8.4908844530582446 8.4380562901496869 8.8816448152065259 7.7770870327949515 7.3519825935363761 9.2131168842315656 8.9668443799018842
leaf_count=26 30 25 23 27 25 20 20 23 23 24 21 20 25 25
internal_value=0 0.00454179 -0.00467966 -0.0071001 -0.0115109 0 0.00750043 -0.00419163 -0.00234525 0.000881303 -0.00785684 -0.0119935 0.0152864 -0.0196686
internal_weight=131.274 66.6459 64.6282 56.0919 36.1838 48.1259 17.1257 31.0002 18.295 19.9081 23.62 15.8429 18.52 17.8889
internal_count=357 180 177 154 100 130 46 84 50 54 64 43 50 50
is_linear=0
shrinkage=0.03


Tree=41
num_leaves=13
num_cat=0
split_feature=41 30 32 25 19 19 1 17 26 33 27 29
split_gain=6.66166 3.68858 4.06041 3.18179 2.49949 4.20891 2.98463 1.73694 1.5899 1.19367 1.12059 0.784027
threshold=178.50000000000003 -0.23714866321913333 0.26039176064717451 0.63993821170543452 -0.40771736756928484 1.1865334563325218 -0.60507371101214025 0.32604357241378573 0.8418297547658854 -0.17702065958609567 0.8558394306650815 0.81081986313017296
decision_type=2 2 2 2 2 2 2 2 2 2 2 2
left_child=1 2 11 7 -3 6 -6 -2 9 -9 -8 -1
right_child=3 4 -4 -5 5 -7 10 8 -10 -11 -12 -13
leaf_value=-0.017737983249327696 -0.02346739028424057 -0.0024257451511747702 0.011903875936186293 0.0062048247258867529 0.0017140813358265557 -0.00087089038827282202 0.030939646839413502 -0.019604897741459307 0.0029375114836475143 -0.0019557749316682234 0.01075656442986706 -0.0029786845635434095
leaf_weight=9.0899716615676933 10.293289363384245 10.364310234785078 7.9900553226470938 7.8867886066436759 7.2714054286479941 12.213141888380049 12.806395620107656 8.4516375660896284 7.2357559800148001 7.1129003167152431 7.091724067926406 7.3275607526302329
leaf_count=30 35 32 24 24 22 36 36 29 23 23 20 23
internal_value=0 0.00531619 -0.00390507 -0.00952908 0.00993941 0.0133099 0.0196057 -0.0135586 -0.00766593 -0.0127719 0.025285 -0.0122862
internal_weight=115.135 74.1546 24.4076 40.9804 49.747 39.3827 27.1695 33.0936 22.8003 15.5645 19.8981 16.4175
internal_count=357 223 77 134 146 114 78 110 75 52 56 53
is_linear=0
shrinkage=0.03


Tree=42
num_leaves=13
num_cat=0
split_feature=34 21 35 0 34 19 21 16 30 33 40 40
split_gain=3.84498 3.0616 4.6702 4.57848 5.23179 1.79215 1.65562 1.59073 1.4196 1.0354 0.921011 0.875836
threshold=-0.14694299906048594 -0.21054944005885132 -0.2725495999786659 0.95582237097279854 0.72014213589147358 -1.0454176971300073 1.0000000180025095e-35 0.7659002147887497 -0.35376308852110377 0.51114313865966887 426.00000000000006 354.50000000000006
decision_type=2 2 2 2 2 2 2 2 2 2 2 2
left_child=5 2 -2 4 8 -1 7 9 -3 -7 -4 -11
right_child=1 3 10 -5 -6 6 -8 -9 -10 11 -12 -13
leaf_value=0.0071296799997424276 0.015358827521112018 0.0016777550797725167 -0.018437247990092963 0.026961591922324484 -0.013197739122167292 -0.017032326894955017 -0.018937165669700901 0.0056300643723235155 0.022285439249603415 -0.0090662491273667493 -0.001113707007845507 0.005355428129372476
leaf_weight=5.8171594887971869 6.3341495692729977 6.0570553094148654 8.5619128793477994 9.5566349774599058 9.1011310219764692 7.2763021886348787 9.7803222537040693 8.0814086794853193 7.1576840728521383 6.6113120317459089 5.160443663597106 5.2783493548631668
leaf_count=22 22 22 33 32 35 29 39 31 26 26 20 20
internal_value=0 0.0054503 -0.00336828 0.0110814 0.00275901 -0.00649959 -0.00899074 -0.00440997 0.0143814 -0.0090351 -0.0130684 -0.00233301
internal_weight=94.7739 51.929 20.0565 31.8725 22.3159 42.8449 37.0277 27.2474 13.2147 19.166 13.7224 11.8897
internal_count=357 190 75 115 83 167 145 106 48 75 53 46
is_linear=0
shrinkage=0.03


Tree=43
num_leaves=13
num_cat=0
split_feature=12 19 39 21 22 21 33 37 33 2 23 34
split_gain=3.63517 3.93863 3.70481 2.93473 2.4543 2.08942 1.75823 2.65976 1.5585 1.4692 1.39561 0.791969
threshold=0.35100532740841389 0.22998296199143767 1.0000000180025095e-35 -0.60102294707708559 -1.2223985930148988 0.96087108099585217 -0.40640859233468368 1.0000000180025095e-35 1.0000000180025095e-35 -0.56905764214739929 0.32802215284802749 0.63343362239627743
decision_type=2 2 2 2 2 2 2 2 2 2 2 2
left_child=2 4 3 -1 -2 10 -6 -8 11 -4 -5 -3
right_child=1 8 9 5 6 -7 7 -9 -10 -11 -12 -13
leaf_value=0.012003345703527667 -0.0033872227493239588 -0.015626246271641494 -0.0016761122618930413 -0.014404093053981987 0.022517860511767074 0.006534569125871274 0.017758004789703529 -0.0036111916753188713 0.0050049509956157758 -0.019066061503104081 0 -0.00145303195677697
leaf_weight=12.269251674413679 7.4366466403007498 7.647895663976672 7.3638353347778347 14.578686237335207 13.452741622924806 9.2758530080318433 8.598174452781679 9.2876725494861585 9.1680670678615552 15.599105745553969 8.3940501213073713 8.0568313300609571
leaf_count=33 20 21 20 40 36 25 23 25 25 44 23 22
internal_value=0 0.00508626 -0.0047954 0.000219025 0.0109447 -0.00442087 0.0145278 0.00693119 -0.00392224 -0.0141794 -0.00921898 -0.00946447
internal_weight=131.129 63.648 67.4808 44.5178 38.7752 32.2486 31.3386 17.8858 24.8728 22.9629 22.9727 15.7047
internal_count=357 172 185 121 104 88 84 48 68 64 63 43
is_linear=0
shrinkage=0.03


Tree=44
num_leaves=12
num_cat=0
split_feature=41 30 32 16 22 36 1 9 35 10 29
split_gain=6.38985 3.49393 3.9053 3.29095 2.59304 2.47264 2.90118 1.99177 1.64768 1.03908 0.756577
threshold=178.50000000000003 -0.23714866321913333 0.26039176064717451 0.50462321843941038 -0.35431843275794156 -0.31925905899273477 -0.32630147299527323 0.48413808593410074 1.3438390069689723 1.0000000180025095e-35 0.81081986313017296
decision_type=2 2 2 2 2 2 2 2 2 2 2
left_child=1 2 10 9 -5 7 -7 -3 -8 -2 -1
right_child=3 5 -4 4 -6 6 8 -9 -10 -11 -12
leaf_value=-0.017477741483648127 -0.0040481878406116939 -0.0076448404344554516 0.011637457797577676 0.01277085106494219 -0.0084745980512459951 0.0022119002224973349 0.028732093488649732 0.010121304370810765 0.0071733240889584344 -0.020752161450606817 -0.0029229496248732133
leaf_weight=8.9906909465789848 6.4261087179183987 9.9769899249076861 8.0236258506774885 7.175658285617831 11.293009996414183 11.835982382297518 11.342677861452104 9.6136983036994916 7.1024764180183402 15.871934920549391 7.3145812749862662
leaf_count=30 20 30 24 22 36 36 32 28 20 56 23
internal_value=0 0.00518702 -0.00380533 -0.00937408 0 0.00967356 0.014858 0.000888798 0.0218953 -0.0167489 -0.0120817
internal_weight=114.967 74.2007 24.3289 40.7667 18.4687 49.8718 30.2811 19.5907 18.4452 22.298 16.3053
internal_count=357 223 77 134 58 146 88 58 52 76 53
is_linear=0
shrinkage=0.03


Tree=45
num_leaves=12
num_cat=0
split_feature=34 21 35 0 34 39 9 32 30 40 35
split_gain=3.74911 2.94391 4.52139 4.31635 5.02634 1.86079 2.12879 1.94757 1.34913 0.910887 0.888016
threshold=-0.14694299906048594 -0.21054944005885132 -0.2725495999786659 0.95582237097279854 0.72014213589147358 -0.64511693451789942 1.2331482335513464 -0.92192758499404992 -0.35376308852110377 426.00000000000006 -0.093715115805735508
decision_type=2 2 2 2 2 2 2 2 2 2 2
left_child=5 2 -2 4 8 -1 7 -7 -3 -4 -9
right_child=1 3 9 -5 -6 6 -8 10 -10 -11 -12
leaf_value=-0.016508939666054288 0.015043463343951664 0.0016402497130848703 -0.018284296019063534 0.026195882608581418 -0.013000422390805184 0.013150044363137731 -0.015891563078391947 -0.0098524796949871398 0.021724961281949628 -0.0010359386583327472 0.00233418526435055
leaf_weight=10.708789899945257 6.3728924840688732 6.0614471584558505 8.4700885117053968 9.6717800199985486 9.0081579089164716 7.613048017024993 6.4963464736938468 8.7033847868442553 7.2334650009870565 5.1439581066370001 9.193632438778879
leaf_count=45 22 22 33 32 35 27 27 33 26 20 35
internal_value=0 0.00537651 -0.00329238 0.0108792 0.00275285 -0.00643126 -0.00229225 0.00163899 0.0140681 -0.0129137 -0.00358652
internal_weight=94.677 51.9618 19.9869 31.9749 22.3031 42.7152 32.0064 25.5101 13.2949 13.614 17.897
internal_count=357 190 75 115 83 167 122 95 48 53 68
is_linear=0
shrinkage=0.03


Tree=46
num_leaves=13
num_cat=0
split_feature=39 22 29 21 15 35 29 16 37 1 20 25
split_gain=3.03443 2.81574 3.19554 2.18443 2.4971 2.03664 1.95504 1.36528 1.26606 1.17841 1.44015 0.0487401
threshold=1.3360163611628761 0.88579608189485493 -0.53614473034340193 -0.60102294707708559 -0.51542221170743918 0.29834509949645738 1.0000000180025095e-35 0.50462321843941038 -1.0000000180025095e-35 0.41709116171637339 -0.31683596912912204 1.0000000180025095e-35
decision_type=2 2 2 2 2 2 2 2 2 2 2 2
left_child=1 3 -3 7 5 8 -6 -1 -5 10 11 -8
right_child=-2 2 -4 4 6 -7 9 -9 -10 -11 -12 -13
leaf_value=0.003440083034253227 -0.013318092870332539 -0.019039877277616211 0.0033552487900359498 0.019225130024235496 -0.011787940690454768 -0.0041320311854803164 0 0.019594032517159018 0.004232303934700323 -0.0083340909419796494 0.012758048132176486 -0.0028084118339444385
leaf_weight=11.402427375316622 12.299148529767988 10.127381414175035 9.8260625898838025 10.446085631847385 14.438042432069777 8.4317985177040082 7.3502059280872345 9.6582513153552991 13.019763439893723 7.3206026256084433 9.2296041250228917 7.4003721475601196
leaf_count=31 34 28 27 28 40 23 20 26 35 20 25 20
internal_value=0 0.00153583 -0.00826824 0.00367189 0.00117383 0.00748791 -0.00320046 0.0119243 0.0119009 0.000935673 0.00432503 -0.00127296
internal_weight=130.95 118.651 19.9534 98.6972 77.6365 31.8976 45.7388 21.0607 23.4658 31.3008 23.9802 14.7506
internal_count=357 323 55 268 211 86 125 57 63 85 65 40
is_linear=0
shrinkage=0.03


Tree=47
num_leaves=12
num_cat=0
split_feature=8 25 30 15 25 25 26 25 37 22 32
split_gain=4.68873 3.29338 3.05159 2.53212 2.39518 1.9461 1.91072 1.51739 1.41803 0.498555 0.443472
threshold=0.79354605638638098 0.63993821170543452 0.089371727626383998 0.97149277479409724 1.0000000180025095e-35 -0.69509723944921564 0.8418297547658854 0.97369707449409704 0.91822422418932637 0.761784630429575 -0.33076791217343771
decision_type=2 2 2 2 2 2 2 2 2 2 2
left_child=1 2 6 -3 5 -4 8 9 10 -2 -1
right_child=7 3 4 -5 -6 -7 -8 -9 -10 -11 -12
leaf_value=-0.01023001765424685 0.021306001315797258 -0.0013795238292599202 -0.00094458037575212818 0.019112653207599219 -0.0094874418846389082 0.017493439586810322 0 0 -0.0017543746763526399 0.0076117555992226676 -0.022682168725231485
leaf_weight=11.378191113471987 8.2715942859649711 11.819993257522585 9.6800691187381762 7.5893328487873069 9.9229421466588956 8.0169244110584277 10.504736751317976 7.7987418770790091 7.3202564120292655 9.2001225352287275 13.270156785845758
leaf_count=38 24 36 30 22 31 24 34 23 25 26 44
internal_value=0 -0.00327907 -0.00633788 0.00714256 0.00122077 0.00780973 -0.0112636 0.0110036 -0.0147672 0.0155832 -0.01808
internal_weight=114.773 89.5026 70.0933 19.4093 27.6199 17.697 42.4733 25.2705 31.9686 17.4717 24.6483
internal_count=357 284 226 58 85 54 141 73 107 50 82
is_linear=0
shrinkage=0.03


Tree=48
num_leaves=14
num_cat=0
split_feature=25 2 23 13 12 12 36 21 21 30 14 12 16
split_gain=3.66199 3.7387 2.74702 3.69679 2.05183 1.38307 1.21192 0.75192 2.05793 2.36896 0.559109 0.395971 0.218927
threshold=0.30617934891677195 0.13963931675938418 0.65976127060084999 -1.059782037494738 -0.72582576494083006 0.99862315082927244 -0.15743680419992356 1.0000000180025095e-35 -0.21054944005885132 1.0000000180025095e-35 0.2266005345880166 -0.82267880918904102 -1.0000000180025095e-35
decision_type=2 2 2 2 2 2 2 2 2 2 2 2 2
left_child=1 2 4 -4 12 -6 -3 8 9 -2 -5 -9 -1
right_child=7 6 3 10 5 -7 -8 11 -10 -11 -12 -13 -14
leaf_value=0.026817177763458672 0.0045166610369690016 0.00060985885671919939 0.015011624258722054 -0.0015053215880702873 -0.0031317809435836047 0.012383202464986478 -0.016425245412571871 -0.019240937237636119 0.0090163963871080308 -0.018218643675789771 -0.016163967821437898 -0.005188190029523379 0.010914273658592074
leaf_weight=7.319247305393219 5.4021491557359687 5.3486568927764893 6.3980690687894848 5.2358168214559537 8.0476048439741152 9.3559296727180463 7.0961679369211179 5.6833705455064774 6.2823639363050487 8.9976359605789167 6.3574342578649521 6.5339358448982221 6.5232975780963915
leaf_count=24 20 20 22 20 29 34 30 23 24 37 25 26 23
internal_value=0 0.00432091 0.00808126 -0.000953452 0.013272 0.00521226 -0.00939542 -0.00784331 -0.00351225 -0.00969057 -0.0109329 -0.013552 0.0215138
internal_weight=94.5817 61.6822 49.2374 17.9913 31.2461 17.4035 12.4448 32.8995 20.6821 14.3998 11.5933 12.2173 13.8425
internal_count=357 227 177 67 110 63 50 130 81 57 45 49 47
is_linear=0
shrinkage=0.03


Tree=49
num_leaves=15
num_cat=0
split_feature=12 19 39 32 22 33 37 4 27 33 40 2 34 16
split_gain=3.37675 3.70279 3.52629 2.83122 2.36071 1.70849 2.52758 1.54063 2.59525 1.52646 1.44111 1.21171 0.752185 0.305532
threshold=0.35100532740841389 0.22998296199143767 1.0000000180025095e-35 0.55597159705748056 -1.2223985930148988 -0.40640859233468368 1.0000000180025095e-35 1.0000000180025095e-35 -0.22196461609140625 1.0000000180025095e-35 231.00000000000003 0.69167694790782619 0.63343362239627743 1.0000000180025095e-35
decision_type=2 2 2 2 2 2 2 2 2 2 2 2 2 2
left_child=2 4 3 7 -2 -6 -7 8 -1 12 13 -9 -3 -4
right_child=1 9 10 -5 5 6 -8 11 -10 -11 -12 -13 -14 -15
leaf_value=0.0088368549800306936 -0.0034398823790412563 -0.01535671335535888 -0.0007327502599597047 -0.011024244695764976 0.02198641885481032 0.017218665330963147 -0.0036112438696468195 0.019261138071991948 -0.012820679539263691 0.0050008149328184155 -0.023194685717694306 0.0016739297791307024 -0.0014802814193822561 -0.010279370009699078
leaf_weight=9.2851450443267805 7.4335495829582205 7.6146403849124935 7.2779437601566332 12.356205910444258 13.42652264237404 8.5807163417339343 9.2829455733299238 7.4059716761112195 7.6739650666713741 9.1566896736621839 8.3289567530155164 7.7245355844497681 8.0498660504817945 7.2243053317070007
leaf_count=25 20 21 20 34 36 23 25 20 21 25 24 21 22 20
internal_value=0 0.00490848 -0.00462619 0.000259359 0.0105929 0.0141145 0.0066432 0.00508105 -0.000883558 -0.00383019 -0.0138132 0.011604 -0.00932782 -0.00638113
internal_weight=130.822 63.5449 67.277 44.4458 38.7237 31.2902 17.8637 32.0896 16.9591 24.8212 22.8312 15.1305 15.6645 14.5022
internal_count=357 172 185 121 104 84 48 87 46 68 64 41 43 40
is_linear=0
shrinkage=0.03


Tree=50
num_leaves=13
num_cat=0
split_feature=41 30 32 16 20 19 22 28 25 12 10 29
split_gain=6.0036 3.21879 3.31705 3.21366 2.71019 4.01656 2.54134 2.11793 1.34516 1.3027 0.971623 0.713582
threshold=178.50000000000003 -0.40040885864189196 0.26039176064717451 0.50462321843941038 -0.31683596912912204 1.1865334563325218 -0.35431843275794156 0.54052682908965188 0.30617934891677195 -0.75122173314434004 1.0000000180025095e-35 0.81081986313017296
decision_type=2 2 2 2 2 2 2 2 2 2 2 2
left_child=1 2 11 10 8 7 -5 -6 -3 -9 -2 -1
right_child=3 4 -4 6 5 -7 -8 9 -10 -11 -12 -13
leaf_value=-0.020862043422799157 -0.0041182709769454588 -0.011446316270671138 0.0097906616382597896 0.012734258646418665 0.025699841545060224 -0.0019699093194485953 -0.0083185584063441061 0.015663485977379772 0.005590378526891383 -0.0006877388560761901 -0.020441908902771887 -0.0043356616099621686
leaf_weight=5.8259900808334368 6.4278905093669918 6.3820042908191663 6.982812136411666 7.17137083411217 15.266570448875429 11.57915014028549 11.232173770666121 7.3943777084350586 7.0436581969261169 7.1132416129112226 15.582140877842901 6.6304763555526733
leaf_count=20 20 20 21 22 44 34 36 21 21 21 56 21
internal_value=0 0.00500586 -0.00501611 -0.00914574 0.00870785 0.0124267 0 0.0180434 -0.00244261 0.00795829 -0.0164968 -0.0139065
internal_weight=114.632 74.2183 19.4393 40.4136 54.779 41.3533 18.4035 29.7742 13.4257 14.5076 22.01 12.4565
internal_count=357 223 62 134 161 120 58 86 41 42 76 41
is_linear=0
shrinkage=0.03


Tree=51
num_leaves=13
num_cat=0
split_feature=34 21 35 0 34 1 35 27 30 40 34 32
split_gain=3.57114 2.81015 4.30474 3.93627 4.79108 1.7074 1.91702 2.25877 1.28195 0.917829 0.522898 0.356186
threshold=-0.14694299906048594 -0.21054944005885132 -0.2725495999786659 0.95582237097279854 0.72014213589147358 1.0000000180025095e-35 0.16765836106239287 -0.63183376063260566 -0.35376308852110377 426.00000000000006 -1.0140281340124448 -0.62634774858374376
decision_type=2 2 2 2 2 2 2 2 2 2 2 2
left_child=5 2 -2 4 8 6 7 -1 -3 -4 -7 -9
right_child=1 3 9 -5 -6 10 -8 11 -10 -11 -12 -13
leaf_value=0.0056575550127222788 0.014508440512158487 0.0015804474067342598 -0.018142618216918243 0.025086879099077791 -0.01275345008423617 -0.0050388859578435787 0.012401246906816482 -0.0051605674919399996 0.021146413414722801 -0.00084409828275810528 -0.018142726901081038 -0.018986119689644781
leaf_weight=7.9939211010932967 6.4382399171590832 6.066236808896063 8.3758589625358564 9.8360277414321882 8.890821620821951 7.9823335111141231 5.5748495757579795 6.3698626905679738 7.3070754855871236 5.1010334044694892 9.0949982404708845 5.4360047876834834
leaf_count=30 22 22 33 32 35 32 21 24 26 20 38 22
internal_value=0 0.00524128 -0.00324884 0.0105971 0.00276371 -0.00629901 -0.000924717 -0.00556759 0.013729 -0.012736 -0.0132421 -0.0134002
internal_weight=94.4673 52.0153 19.9151 32.1002 22.2641 42.452 25.3746 19.7998 13.3733 13.4769 17.0773 11.8059
internal_count=357 190 75 115 83 167 97 76 48 53 70 46
is_linear=0
shrinkage=0.03


Tree=52
num_leaves=15
num_cat=0
split_feature=12 19 38 22 2 32 37 16 35 22 33 37 12 34
split_gain=3.22388 3.54617 2.94759 2.27366 2.06346 1.95166 3.07866 1.82274 1.69101 1.66941 1.63875 2.44555 0.711684 0.360735
threshold=0.35100532740841389 0.22998296199143767 1.0000000180025095e-35 -1.2223985930148988 -0.79285668180217306 0.55597159705748056 -0.81390813002779105 -0.8017617633072861 0.39807971566982242 0.14172737310317693 -0.40640859233468368 1.0000000180025095e-35 -0.93961571829525103 0.63343362239627743
decision_type=2 2 2 2 2 2 2 2 2 2 2 2 2 2
left_child=4 3 8 -2 13 6 12 -8 -3 -9 -5 -12 -6 -1
right_child=1 2 -4 10 5 -7 7 9 -10 -11 11 -13 -14 -15
leaf_value=0.0087896435686446815 -0.0033948704254108506 0.012450011233191264 -0.016304878200312182 0.021546084849276309 0.011082753139952188 -0.018508790563840173 0.00070239330424184227 -0.024424708198447661 -0.005385041434578121 -0.0046844469891236841 0.016911075579877345 -0.0035772222126143156 -0.00031261829078891424 0
leaf_weight=7.395840257406233 7.429819554090499 8.2042275965213793 8.9405033290386182 13.404849141836168 8.4166578352451342 10.053231090307234 8.2583449184894544 8.203448712825784 7.649305433034896 9.4099228084087354 8.5708724856376666 9.2806653976440412 7.7260549664497331 7.689620703458786
leaf_count=20 20 22 25 36 23 28 23 23 21 26 23 25 21 21
internal_value=0 0.00479972 -0.00375305 0.010366 -0.00452307 -0.00735655 -0.00400412 -0.0102754 0.00377723 -0.0153877 0.0138259 0.0064979 0.00572586 0.00467582
internal_weight=130.633 63.4802 24.794 38.6862 67.1531 52.0677 42.0144 25.8717 15.8535 17.6134 31.2564 17.8515 16.1427 15.0855
internal_count=357 172 68 104 185 144 116 72 43 49 84 48 44 41
is_linear=0
shrinkage=0.03


Tree=53
num_leaves=13
num_cat=0
split_feature=41 16 30 32 22 15 13 22 30 35 10 29
split_gain=5.76296 3.11554 3.06283 3.69476 2.45786 2.0906 3.11675 2.13457 1.71619 1.6018 0.951923 0.72838
threshold=178.50000000000003 0.50462321843941038 -0.23714866321913333 0.26039176064717451 -0.35431843275794156 0.97149277479409724 0.35399098357082909 0.761784630429575 0.49752221618328091 1.0824655301008437 1.0000000180025095e-35 0.81081986313017296
decision_type=2 2 2 2 2 2 2 2 2 2 2 2
left_child=2 10 3 11 -3 6 8 -8 -4 -7 -2 -1
right_child=1 4 5 -5 -6 9 7 -9 -10 -11 -12 -13
leaf_value=-0.017072896671731213 -0.0040355952107262675 0.012482268915648376 0.0029697702017267525 0.011375943072163887 -0.0082153684767230437 0.024816346065088979 0.019608152690547789 0 -0.015835160650843293 0.0046633580152677968 -0.020227793268236739 -0.0027434324059410495
leaf_weight=8.8128956854343468 6.4139069020748165 7.1976313591003445 7.8662127554416639 8.0475004911422712 11.196569502353666 9.545662999153139 10.835725843906404 7.6314153075218192 6.4949091672897339 7.7324093580245963 15.384997263550757 7.2705401778221121
leaf_count=30 20 22 24 24 36 27 31 22 20 22 56 23
internal_value=0 -0.00899967 0.00488829 -0.00357071 0 0.00906373 0.00403688 0.0118877 -0.00584985 0.0172098 -0.0162876 -0.0117231
internal_weight=114.43 40.1931 74.2373 24.1309 18.3942 50.1063 32.8283 18.4671 14.3611 17.2781 21.7989 16.0834
internal_count=357 134 223 77 58 146 97 53 44 49 76 53
is_linear=0
shrinkage=0.03


Tree=54
num_leaves=13
num_cat=0
split_feature=25 2 23 34 12 34 39 12 29 24 36 34
split_gain=3.47216 3.52507 2.58283 4.6951 1.93204 2.29073 1.42728 1.42432 1.64798 2.55319 1.17055 0.847819
threshold=0.30617934891677195 0.13963931675938418 0.65976127060084999 1.2403932168626495 -0.72582576494083006 1.0000000180025095e-35 -0.64511693451789942 0.99862315082927244 -0.53614473034340193 1.0000000180025095e-35 -0.15743680419992356 -0.060234485565289951
decision_type=2 2 2 2 2 2 2 2 2 2 2 2
left_child=1 2 4 -4 11 -6 -2 8 -8 -10 -3 -1
right_child=6 10 3 -5 5 -7 7 -9 9 -11 -12 -13
leaf_value=0.0072766560890179226 -0.016298392094626159 0.00059373300448815989 -0.012850840593057839 0.01605040133656703 0.015032338641308275 -0.0049323017564693681 -0.010203986194044735 -0.014502566584352557 0.018852128406743898 -0.0061574072296762565 -0.016186896149022034 0.026805760539868509
leaf_weight=5.643267109990119 10.241871893405913 5.3473573923110962 10.976126834750177 6.9720865637063971 8.6164155751466769 8.8493283390998823 5.38311539590359 5.2325895726680747 6.5128248035907763 5.2592941969633102 6.9659406095743162 8.3486968576908129
leaf_count=20 43 20 42 25 31 32 22 21 24 20 30 27
internal_value=0 0.00420265 0.00783131 -0.000943445 0.0128349 0.00501047 -0.00767102 -0.00269744 0.00145824 0.00779371 -0.009192 0.0207837
internal_weight=94.3489 61.7192 49.4059 17.9482 31.4577 17.4657 32.6297 22.3878 17.1552 11.7721 12.3133 13.992
internal_count=357 227 177 67 110 63 130 87 66 44 50 47
is_linear=0
shrinkage=0.03


Tree=55
num_leaves=14
num_cat=0
split_feature=12 19 38 25 26 32 41 30 35 13 33 19 27
split_gain=3.06695 3.42718 2.84623 2.24472 2.86993 2.54914 2.22571 2.98145 1.62258 1.43516 1.87939 1.62398 0.933252
threshold=0.35100532740841389 0.22998296199143767 1.0000000180025095e-35 1.3074559372827597 -0.98195226271131186 0.55597159705748056 426.00000000000006 -1.0000000180025095e-35 0.39807971566982242 -0.62542759730746611 -0.17702065958609567 -0.72656753234964599 -0.22196461609140625
decision_type=2 2 2 2 2 2 2 2 2 2 2 2 2
left_child=3 9 8 4 -1 6 7 -6 -3 -2 -11 -12 -7
right_child=1 2 -4 -5 5 12 -8 -9 -10 10 11 -13 -14
leaf_value=-0.02181437650235377 -4.6711071430911018e-05 0.012168605016329128 -0.016083117806173244 0.0077120502688611718 0.014658808154432702 -0.02040592875658712 -0.011194676673412597 -0.0044706244414331169 -0.0053017081732922135 0.020204843558863549 0.013251595970457695 -0.0046886627023810324 -0.0035522586626046608
leaf_weight=8.2371581196784955 8.5585335195064527 8.2024576663970965 8.9105314612388593 9.8853497803211194 13.326759666204447 7.2095884084701538 8.4035052955150586 12.780125796794897 7.6402894258499137 15.211688995361328 7.4434251487255096 7.4246312081813812 7.1898410916328412
leaf_count=23 23 22 25 27 36 20 23 36 21 41 20 20 20
internal_value=0 0.0046852 -0.0037263 -0.00441494 -0.00675859 -0.00353028 0.000850727 0.00534293 0.0036676 0.0101613 0.01312 0.00431756 -0.0134971
internal_weight=130.424 63.3916 24.7533 67.0323 57.147 48.9098 34.5104 26.1069 15.8427 38.6383 30.0797 14.8681 14.3994
internal_count=357 172 68 185 158 135 95 72 43 104 81 40 40
is_linear=0
shrinkage=0.03


Tree=56
num_leaves=13
num_cat=0
split_feature=41 16 30 32 20 19 28 33 26 12 31 12
split_gain=5.53176 3.01977 2.93701 3.10421 2.52671 3.8254 1.99382 1.96239 1.60915 1.19494 0.936537 0.00843811
threshold=178.50000000000003 0.50462321843941038 -0.40040885864189196 0.26039176064717451 -0.31683596912912204 1.1865334563325218 0.54052682908965188 -0.17702065958609567 -0.46087168628925551 -0.75122173314434004 -0.53656137485131572 0.35100532740841389
decision_type=2 2 2 2 2 2 2 2 2 2 2 2
left_child=2 10 3 11 8 6 -6 -3 -4 -8 -2 -1
right_child=1 7 4 -5 5 -7 9 -9 -10 -11 -12 -13
leaf_value=-0.0067741958342867892 -0.0043859143644481603 -0.0083365233970465625 0.0066607789858424242 0.0093925765333526135 0.02472486391997333 -0.00213916089789873 0.01491552786206294 0.009874060350820224 -0.011996309366999566 -0.00069935995097957036 -0.02024473314117288 -0.017009347342450062
leaf_weight=6.2417269647121447 6.8526209890842464 9.8714733719825762 6.7552318871021271 7.0251789987087241 15.393859684467317 11.601710259914396 7.4441367983818054 8.5091598629951459 6.6487134993076307 7.0981682538986188 14.727069556713102 6.0343262553215027
leaf_count=20 23 32 20 21 44 34 21 26 21 21 53 21
internal_value=0 -0.00885459 0.00477631 -0.00483262 0.00829698 0.0118748 0.0173396 0 -0.00246701 0.00756707 -0.0160811 -0.0135451
internal_weight=114.203 39.9603 74.2431 19.3012 54.9418 41.5379 29.9362 18.3806 13.4039 14.5423 21.5797 12.2761
internal_count=357 134 223 62 161 120 86 58 41 42 76 41
is_linear=0
shrinkage=0.03


Tree=57
num_leaves=13
num_cat=0
split_feature=25 2 19 30 38 25 36 39 12 33 36 16
split_gain=3.35456 3.39573 2.54304 3.03199 2.07552 2.17356 1.93255 1.39354 1.38596 1.42543 1.14498 0.581499
threshold=0.30617934891677195 0.13963931675938418 -1.0454176971300073 -0.40040885864189196 1.0000000180025095e-35 -0.36133837666055324 0.48985221497132064 -0.64511693451789942 0.99862315082927244 0.96991900415684495 -0.15743680419992356 0.50462321843941038
decision_type=2 2 2 2 2 2 2 2 2 2 2 2
left_child=1 2 -1 6 5 11 -4 -2 9 -9 -3 -5
right_child=7 10 3 4 -6 -7 -8 8 -10 -11 -12 -13
leaf_value=0.021067691530116572 -0.016134989739872221 0.00058559676410339229 -0.017051152854170432 -0.01095308095011935 0.021497691790932184 0.013391617208123839 0.003628344200879546 0.0086846102393450982 -0.01435007891173885 -0.0072873664803104398 -0.016032891281914832 0.001146725210436887
leaf_weight=8.9732393324375135 10.126849308609961 5.3482399135828018 6.683862358331675 5.4648211896419507 7.7121764421463004 8.9699910581111997 6.487223818898201 9.7501031756401115 5.1802788376808158 7.4049488306045523 6.8860946893691999 5.228870615363121
leaf_count=30 43 20 25 21 26 32 23 37 21 29 30 20
internal_value=0 0.00413126 0.0076786 0.00392696 0.00954709 0.00338505 -0.00712721 -0.00755701 -0.00264538 0.0014371 -0.00906073 -0.00513135
internal_weight=94.2167 61.7545 49.5202 40.5469 27.3759 19.6637 13.1711 32.4622 22.3353 17.1551 12.2343 10.6937
internal_count=357 227 177 147 99 73 48 130 87 66 50 41
is_linear=0
shrinkage=0.03


Tree=58
num_leaves=14
num_cat=0
split_feature=28 35 25 19 23 9 32 22 2 27 27 13 23
split_gain=2.58225 3.41738 2.35669 2.05088 1.97119 1.68205 1.48634 1.80716 1.33359 1.12791 0.607828 0.147174 0.0459976
threshold=1.0000000180025095e-35 -0.093715115805735508 1.3074559372827597 1.0000000180025095e-35 0.32802215284802749 -0.13083886748674123 0.55597159705748056 -1.2223985930148988 -0.53175780220493707 1.0000000180025095e-35 0.43078994743717086 0.90129309046471429 -0.33545608265761701
decision_type=2 2 2 2 2 2 2 2 2 2 2 2 2
left_child=1 6 3 5 10 -2 7 -1 -9 -3 -5 -12 -10
right_child=2 9 -4 4 -6 -7 -8 8 12 -11 11 -13 -14
leaf_value=-0.0082142305054951851 -0.0065706983777307285 0.022766216966096816 0.0094562804887121828 -0.02230114536591955 -0.00091638476140743917 0.010233176351846255 -0.0085435672268918839 0.013312264114898133 -0.0011731747882041364 0.0060275560459674285 -0.012766821078764194 -0.0038152509832075849 0.0018180130426386633
leaf_weight=8.1039349436759931 9.4603455662727374 7.7515229284763363 8.0837415754795057 8.8746157586574572 14.145469248294829 8.8000239729881269 12.478724062442778 12.587627261877058 7.3710075616836512 10.653564929962156 7.0848411321639997 7.4959383308887482 7.3311002850532585
leaf_count=22 26 21 22 25 39 24 34 34 20 29 20 21 20
internal_value=0 0.00411268 -0.00424195 -0.00652429 -0.010425 0.00138585 -0.000103926 0.00293538 0.00671024 0.014563 -0.0155192 -0.00932311 0
internal_weight=130.222 66.2775 63.945 55.8612 37.6009 18.2604 47.8724 35.3937 27.2897 18.4051 23.4554 14.5808 14.7021
internal_count=357 180 177 155 105 50 130 96 74 50 66 41 40
is_linear=0
shrinkage=0.03


Tree=59
num_leaves=13
num_cat=0
split_feature=41 25 29 20 12 15 15 33 17 12 26 33
split_gain=5.32765 2.8215 2.40046 3.5471 2.87857 3.27298 2.48916 1.81189 1.79091 1.60722 1.50953 1.15403
threshold=178.50000000000003 0.63993821170543452 -0.53614473034340193 -0.31683596912912204 0.42761251194305555 -0.26760304729051648 1.2193119392110201 0.51114313865966887 0.32604357241378573 1.0058535838393416 0.8418297547658854 -0.17702065958609567
decision_type=2 2 2 2 2 2 2 2 2 2 2 2
left_child=2 8 3 -1 5 -4 -7 -5 -2 -6 11 -10
right_child=1 -3 4 7 9 6 -8 -9 10 -11 -12 -13
leaf_value=-0.0049263675274645834 -0.022814108140523079 0.0060089879678736271 0.021961277184882083 0.024041855270179591 -0.017170951786023004 -0.0092811663698717899 0.010739788175134928 0.0040024914253940719 -0.018711182890880449 0 0.0035911840611227712 -0.0012788187531483696
leaf_weight=7.5795261263847378 9.8236763179302233 7.8751716911792746 7.1639596819877651 12.803287893533708 8.0212012231349963 10.777269363403322 8.7536149621009809 7.7653248608112326 8.0127296298742312 11.364658772945402 7.1047886013984671 6.9442817866802207
leaf_count=23 35 24 21 36 26 33 26 22 29 36 23 23
internal_value=0 -0.0087225 0.00467583 0.0113408 0.000249308 0.00661277 0 0.0175345 -0.0126472 -0.00807166 -0.00670118 -0.0118365
internal_weight=113.989 39.7606 74.2288 28.1481 46.0807 26.6948 19.5309 20.5686 31.8855 19.3859 22.0618 14.957
internal_count=357 134 223 81 142 80 59 58 110 62 75 52
is_linear=0
shrinkage=0.03


Tree=60
num_leaves=12
num_cat=0
split_feature=34 21 0 34 23 1 30 25 15 16 31
split_gain=3.30754 2.61148 3.56283 4.59903 1.67 1.65576 1.17257 1.07497 1.04006 0.72695 0.726494
threshold=-0.14694299906048594 -0.21054944005885132 0.95582237097279854 0.72014213589147358 0.32802215284802749 1.0000000180025095e-35 -0.35376308852110377 0.97369707449409704 -0.26760304729051648 0.50462321843941038 -0.99182557169485641
decision_type=2 2 2 2 2 2 2 2 2 2 2
left_child=5 4 3 6 -2 7 -3 8 9 -1 -7
right_child=1 2 -4 -5 -6 10 -8 -9 -10 -11 -12
leaf_value=-0.0088085464702636635 0.0047446505102695657 0.0016026484806620025 0.023817365506103357 -0.012630491905521957 -0.011374487961687642 -0.0037365857763873643 0.020388096160303102 -0.010879486891997851 0.011089216075931023 0.0038202750243412505 -0.018226603999153979
leaf_weight=6.3221030980348623 10.004465743899347 6.0515191555023176 10.014303535223005 8.8116683363914472 9.7811538577079755 7.4226994067430523 7.3975550979375875 5.7551579773426047 6.5607311576604852 6.5980957448482513 9.397170349955557
leaf_count=24 37 22 32 35 38 30 26 24 24 25 40
internal_value=0 0.00503677 0.0101704 0.00266259 -0.00318209 -0.00609488 0.0133458 -0.000804516 0.00245093 -0.00221664 -0.0129891
internal_weight=94.1166 52.0607 32.275 22.2607 19.7856 42.056 13.4491 25.2361 19.4809 12.9202 16.8199
internal_count=357 190 115 83 75 167 48 97 73 49 70
is_linear=0
shrinkage=0.03


Tree=61
num_leaves=14
num_cat=0
split_feature=12 39 19 21 22 21 33 37 33 2 39 36 31
split_gain=2.87514 3.3303 3.1981 2.73356 2.11054 1.92142 1.52585 2.30714 1.47605 1.38256 1.2608 0.528204 0.0355666
threshold=0.35100532740841389 1.0000000180025095e-35 0.22998296199143767 -0.60102294707708559 -1.2223985930148988 0.96087108099585217 -0.40640859233468368 1.0000000180025095e-35 1.0000000180025095e-35 -0.56905764214739929 -0.64511693451789942 0.093813538767862276 -0.76419347327308607
decision_type=2 2 2 2 2 2 2 2 2 2 2 2 2
left_child=1 3 4 -1 -2 10 -6 -8 11 -3 -5 -4 -11
right_child=2 9 8 5 6 -7 7 -9 -10 12 -12 -13 -14
leaf_value=0.011827300306573063 -0.0033933983350260531 -0.0012134360768167409 -0.014433794696284329 -0.0013148784218430774 0.020647345636936876 0.0064466949665313942 0.016263431860503347 -0.0036395648127870548 0.0050825459933699539 -0.022557803773887667 -0.015777453282034892 -0.0022503174098250818 -0.010362417247626836
leaf_weight=12.239329189062117 7.4212258458137503 7.3202756047248867 7.2266428768634823 12.449484080076214 13.332985281944277 9.2441360950469953 8.5383454859256762 9.2751983404159528 9.1195587217807752 7.3233246505260476 10.315752834081653 8.3169980049133283 7.9422214031219456
leaf_count=33 20 20 20 34 36 25 23 25 25 21 29 23 23
internal_value=0 -0.00428163 0.00454116 0.000459007 0.00983408 -0.00404365 0.0131807 0.00611182 -0.00359572 -0.0132685 -0.00868586 -0.00903856 -0.0180656
internal_weight=130.065 66.8345 63.231 44.2487 38.5678 32.0094 31.1465 17.8135 24.6632 22.5858 22.7652 15.5436 15.2655
internal_count=357 185 172 121 104 88 84 48 68 64 63 43 44
is_linear=0
shrinkage=0.03


Tree=62
num_leaves=12
num_cat=0
split_feature=41 16 30 22 20 19 23 28 26 12 10
split_gain=5.14762 2.93405 2.72418 2.3437 2.28896 3.71773 1.89453 1.85912 1.51928 1.14701 0.919076
threshold=178.50000000000003 0.50462321843941038 -0.40040885864189196 1.0000000180025095e-35 -0.31683596912912204 1.1865334563325218 1.0000000180025095e-35 0.54052682908965188 -0.46087168628925551 -0.75122173314434004 1.0000000180025095e-35
decision_type=2 2 2 2 2 2 2 2 2 2 2
left_child=2 10 6 -3 8 7 -1 -6 -4 -9 -2
right_child=1 3 4 -5 5 -7 -8 9 -10 -11 -12
leaf_value=-0.013234117976015295 -0.0037786244598396195 0.010248518386973238 0.0065192345782403901 -0.0096418496369043653 0.023838342718520398 -0.0024116284152858663 0.0041790241691722465 0.014472989479568418 -0.011644044522629848 -0.00079240940951013164 -0.019740527915019051
leaf_weight=9.7446308135986346 6.3641736209392574 9.1471913754940051 6.7672843039035797 9.160290062427519 15.506022065877916 11.634417027235029 9.444734573364256 7.4699157476425171 6.5707285106182081 7.0990593135356885 14.906157135963438
leaf_count=32 20 28 20 30 44 34 30 21 21 21 56
internal_value=0 -0.00859951 0.00458923 1.6813e-05 0.00796938 0.011357 -0.004692 0.0167349 -0.00229677 0.00728158 -0.0157917
internal_weight=113.815 39.5778 74.2368 18.3075 55.0474 41.7094 19.1894 30.075 13.338 14.569 21.2703
internal_count=357 134 223 58 161 120 62 86 41 42 76
is_linear=0
shrinkage=0.03


Tree=63
num_leaves=12
num_cat=0
split_feature=34 36 21 0 34 30 39 37 32 12 30
split_gain=3.21554 2.62852 3.25994 4.43327 3.06068 1.85531 1.72332 2.07593 2.15246 2.85858 0.721051
threshold=-0.14694299906048594 -0.64290356857835673 -0.21054944005885132 0.95582237097279854 0.72014213589147358 0.17100182533776351 -0.64511693451789942 -0.81390813002779105 -0.92192758499404992 -0.84424583843765311 -1.0000000180025095e-35
decision_type=2 2 2 2 2 2 2 2 2 2 2
left_child=6 -2 5 4 -4 -3 -1 -8 -9 -10 -11
right_child=1 2 3 -5 -6 -7 7 8 9 10 -12
leaf_value=-0.015932283605926831 0.021709813676930974 0.0023412738032318257 0.009705311601381628 0.023430542350386576 -0.012468888138440902 -0.015893287199864603 -0.015915060790600444 0.014015967723966061 0.0098140085065038102 -0.0023503197533847062 -0.019093490979762828
leaf_weight=10.254952326416968 5.8798688650131217 7.8434184789657619 10.853986039757734 9.4772332161664945 8.7338768243789655 9.2886416018009168 6.1030652970075634 7.4291638135910061 6.9053021818399491 5.4784300178289458 5.7374721765518091
leaf_count=45 20 28 39 30 35 38 24 27 26 21 24
internal_value=0 0.00496707 0.00209457 0.0081628 -8.08892e-05 -0.00770669 -0.0060181 -0.00204965 0.00173936 -0.00367462 -0.0126291
internal_weight=93.9854 52.077 46.1972 29.0651 19.5879 17.1321 41.9084 31.6534 25.5504 18.1212 11.2159
internal_count=357 190 170 104 74 66 167 122 98 71 45
is_linear=0
shrinkage=0.03


Tree=64
num_leaves=14
num_cat=0
split_feature=39 28 29 25 35 27 15 32 35 15 26 1 13
split_gain=2.79073 3.54936 2.67755 2.81039 2.45372 2.09747 1.9868 1.88536 1.39115 1.13698 0.890108 0.863785 0.64479
threshold=1.3360163611628761 1.0000000180025095e-35 -0.53614473034340193 1.0000000180025095e-35 -0.093715115805735508 1.0000000180025095e-35 -0.76324137612436194 -0.33076791217343771 1.2131522685349083 0.97149277479409724 0.19047903423831467 -0.32630147299527323 0.18962748894087569
decision_type=2 2 2 2 2 2 2 2 2 2 2 2 2
left_child=1 4 8 5 6 -4 10 -8 -3 -5 -1 -9 -6
right_child=-2 2 3 9 12 -7 7 11 -10 -11 -12 -13 -14
leaf_value=0.016826517323333148 -0.012843805928598613 -0.020007378473850049 -0.01569580477404826 0.013775769752658517 0.02089824308341412 0.0026935474127155719 0.0072821034785824886 -0.014660151786489327 -0.0024881607465900906 0 0.0016703935437488958 -0.00095769047125267 0.0061426198325630378
leaf_weight=7.7976434230804426 12.145524770021437 9.4975059032440203 10.172220617532732 11.690984040498735 9.5847104787826556 9.0906132459640485 9.5736498236656171 8.0166657269000989 8.65777540206909 8.6406760811805707 7.7403547465801239 9.5484870672226005 7.6844258010387412
leaf_count=21 34 27 28 32 26 25 26 22 24 24 21 26 21
internal_value=0 0.00147874 -0.00371701 0.000610135 0.00655034 -0.0071608 0.00231852 -0.00242529 -0.0127856 0.00823354 0.0104403 -0.00818754 0.0156676
internal_weight=129.841 117.696 57.7498 39.5945 59.9459 19.2628 42.6768 27.1388 18.1553 20.3317 15.538 17.5652 17.2691
internal_count=357 323 160 109 163 53 116 74 51 56 42 48 47
is_linear=0
shrinkage=0.03


Tree=65
num_leaves=12
num_cat=0
split_feature=41 16 30 32 36 36 1 35 3 10 29
split_gain=4.9415 2.85702 2.6038 3.40466 2.22129 2.21199 2.43384 1.65827 1.64448 0.891279 0.733096
threshold=178.50000000000003 0.50462321843941038 -0.23714866321913333 0.26039176064717451 0.2899541355213775 -0.31925905899273477 -0.32630147299527323 1.3438390069689723 -0.60705083120431613 1.0000000180025095e-35 0.81081986313017296
decision_type=2 2 2 2 2 2 2 2 2 2 2
left_child=2 9 3 10 -3 8 -7 -8 -4 -2 -1
right_child=1 4 5 -5 -6 6 7 -9 -10 -11 -12
leaf_value=-0.016693418618710057 -0.0037495128749846216 0.008148668186841599 0.0084399965206908428 0.010895278539885015 -0.011656654807949949 0.0016200552978297882 0.026223197077993015 0.0055092248224243509 -0.0077047560441592805 -0.019537067956761422 -0.0023729702076820971
leaf_weight=8.6262755095958727 6.3553321361541775 11.358588218688967 9.7904704511165637 8.0915931761264783 6.9293321669101706 11.905168771743776 11.522861659526827 7.2267661094665518 9.8856121301650983 14.70825409889221 7.1879464983940116
leaf_count=30 20 35 28 24 23 36 32 20 30 56 23
internal_value=0 -0.00845973 0.00448539 -0.0033518 2.64077e-05 0.00831288 0.0131643 0.0195351 7.40537e-05 -0.0156055 -0.0113004
internal_weight=113.588 39.3515 74.2367 23.9058 18.2879 50.3309 30.6548 18.7496 19.6761 21.0636 15.8142
internal_count=357 134 223 77 58 146 88 52 58 76 53
is_linear=0
shrinkage=0.03


Tree=66
num_leaves=14
num_cat=0
split_feature=25 2 23 34 12 34 28 19 32 31 37 12 16
split_gain=3.09605 3.17235 2.37001 4.38571 1.78665 2.25267 1.09147 0.825405 1.27019 1.18748 0.727217 0.536202 0.218222
threshold=0.30617934891677195 0.13963931675938418 0.65976127060084999 1.2403932168626495 -0.72582576494083006 1.0000000180025095e-35 0.54052682908965188 1.1865334563325218 -0.33076791217343771 -0.99182557169485641 1.0000000180025095e-35 0.42761251194305555 -1.0000000180025095e-35
decision_type=2 2 2 2 2 2 2 2 2 2 2 2 2
left_child=1 2 4 10 12 -6 -3 8 9 -2 -4 -10 -1
right_child=7 6 3 -5 5 -7 -8 -9 11 -11 -12 -13 -14
leaf_value=0.024658088022859626 0.0056777967100293909 -0.018003952820874424 -0.002273111931286442 0.015196886291408309 0.01454192801260544 -0.0051967931865287741 -7.2021219071475757e-05 0.0024354766789299073 -0.018879294240336311 -0.010718170539545036 -0.019299204505608795 -0.0032416779579257757 0.0098436648018836535
leaf_weight=7.5342293977737427 7.0737645030021667 4.8314672410488111 5.3431368470191973 7.0750377923250189 8.6842932552099246 8.8911678194999677 7.2662606090307236 4.9845695793628684 9.8019263893365842 5.7077586054801959 5.4999761283397675 4.5046478807926169 6.6613208055496234
leaf_count=24 27 21 20 25 31 32 29 20 40 24 22 19 23
internal_value=0 0.00395413 0.00736225 -0.00104723 0.0121187 0.00461842 -0.00887081 -0.00731602 -0.00935394 -0.00158064 -0.0126912 -0.01511 0.0196937
internal_weight=93.8596 61.7869 49.6892 17.9182 31.771 17.5755 12.0977 32.0727 27.0881 12.7815 10.8431 14.3066 14.1956
internal_count=357 227 177 67 110 63 50 130 110 51 42 59 47
is_linear=0
shrinkage=0.03


Tree=67
num_leaves=14
num_cat=0
split_feature=39 28 29 25 35 12 27 39 31 11 31 35 13
split_gain=2.69666 3.39362 2.57488 2.71098 2.35451 2.85082 2.03193 1.92483 1.91703 1.75435 1.44635 1.33925 0.617905
threshold=1.3360163611628761 1.0000000180025095e-35 -0.53614473034340193 1.0000000180025095e-35 -0.093715115805735508 1.0000000180025095e-35 1.0000000180025095e-35 1.0000000180025095e-35 1.0000000180025095e-35 0.44183655758774837 0.14633492041399493 1.2131522685349083 0.18962748894087569
decision_type=2 2 2 2 2 2 2 2 2 2 2 2 2
left_child=1 4 11 6 5 10 -4 9 -5 -7 -1 -3 -6
right_child=-2 2 3 8 12 7 -8 -9 -10 -11 -12 -13 -14
leaf_value=0.0016658341122876767 -0.012635788303101459 -0.019652696660174915 -0.015439718933818316 0.0002758949912797292 0.020483306896940823 -0.0066192692453707755 0.0026623966867088517 0.018735353375288626 0.018921136303162053 0.011256394513821546 -0.014332269618063533 -0.0024252825689615111 0.0060057048549994113
leaf_weight=8.3939753472805041 12.110321730375288 9.4378475844860095 10.147601813077928 13.013673454523088 9.5775716006755847 8.8619606196880358 9.0889707207679731 8.8949875831604022 7.3171479403972617 7.7611023485660544 8.7351964414119703 8.6490954756736738 7.6832770705223075
leaf_count=23 34 27 28 36 26 24 25 24 20 21 24 24 21
internal_value=0 0.00146037 -0.00362411 0.000613408 0.00642028 0.00226968 -0.00702352 0.00852807 0.00810023 0.00163648 -0.0066676 -0.0125376 0.0153542
internal_weight=129.673 117.562 57.6543 39.5674 59.9081 42.6472 19.2366 25.5181 20.3308 16.6231 17.1292 18.0869 17.2608
internal_count=357 323 160 109 163 116 53 69 56 45 47 51 47
is_linear=0
shrinkage=0.03


Tree=68
num_leaves=12
num_cat=0
split_feature=41 16 30 24 36 20 19 28 25 40 31
split_gain=4.76011 2.77376 2.50028 4.03969 2.15586 2.12883 3.54693 1.81869 1.15908 1.03506 0.921486
threshold=178.50000000000003 0.50462321843941038 -0.40040885864189196 1.0000000180025095e-35 0.2899541355213775 -0.31683596912912204 1.1865334563325218 0.54052682908965188 0.30617934891677195 207.00000000000003 -0.53656137485131572
decision_type=2 2 2 2 2 2 2 2 2 2 2
left_child=2 10 3 -1 -3 8 7 -7 -4 -9 -2
right_child=1 4 5 -5 -6 6 -8 9 -10 -11 -12
leaf_value=-0.01615718156920214 -0.0038804118530954765 0.0079913927709630884 -0.01078538116905532 0.0095365513513729072 -0.011533876515627166 0.02310122320675561 -0.002548593386927167 0.014024831525617582 0.0050777216394997503 -0.00042496525115323392 -0.019626098278537521
leaf_weight=10.551844999194147 6.7171805948019054 11.385873824357988 6.2295372784137708 8.5210173279046995 6.8992361128330222 15.581716328859331 11.64232701063156 7.0602277517318708 7.0791924893856049 7.5519303679466248 14.147576510906218
leaf_count=36 23 35 20 26 23 44 34 20 21 22 53
internal_value=-4.5675e-06 -0.00833672 0.00438948 -0.00452819 5.07082e-06 0.00761798 0.010876 0.0161172 -0.00228266 0.00684011 -0.0154255
internal_weight=113.368 39.1499 74.2178 19.0729 18.2851 55.1449 41.8362 30.1939 13.3087 14.6122 20.8648
internal_count=357 134 223 62 58 161 120 86 41 42 76
is_linear=0
shrinkage=0.03


Tree=69
num_leaves=12
num_cat=0
split_feature=34 36 21 0 34 30 39 9 32 25 33
split_gain=3.03916 2.51692 3.12331 4.0789 2.97821 1.78242 1.68721 1.90987 1.67895 1.3238 1.36821
threshold=-0.14694299906048594 -0.64290356857835673 -0.21054944005885132 0.95582237097279854 0.72014213589147358 0.17100182533776351 -0.64511693451789942 1.2331482335513464 -0.92192758499404992 0.97369707449409704 0.51114313865966887
decision_type=2 2 2 2 2 2 2 2 2 2 2
left_child=6 -2 5 4 -4 -3 -1 8 -8 10 -10
right_child=1 2 3 -5 -6 -7 7 -9 9 -11 -12
leaf_value=-0.015758963062584029 0.021119259425258007 0.0021662203479142772 0.0095856091938883916 0.022433582660027662 -0.012328112993079525 -0.015732871892924723 0.012257528288522142 -0.015199575502047039 -0.0072734091450671534 -0.014090155808575281 0.010516889120421341
leaf_weight=10.120802134275435 5.9372714906930915 7.8710554838180569 10.864933326840406 9.6062068641185743 8.6608648449182493 9.1712809503078443 7.7442054599523571 6.1563904434442511 5.7307326793670708 5.237490475177764 6.6557243764400482
leaf_count=45 20 28 39 30 35 38 27 27 22 22 24
internal_value=0 0.00481039 0.00198897 0.00791372 -3.51412e-05 -0.00763605 -0.00588583 -0.00196261 0.00169567 -0.00322902 0.00195736
internal_weight=93.757 52.1116 46.1743 29.132 19.5258 17.0423 41.6453 31.5245 25.3682 17.6239 12.3865
internal_count=357 190 170 104 74 66 167 122 95 68 46
is_linear=0
shrinkage=0.03


Tree=70
num_leaves=14
num_cat=0
split_feature=39 28 29 35 12 30 39 11 17 31 35 28 13
split_gain=2.62375 3.2625 2.48813 2.26843 2.72399 2.23579 1.85977 1.68721 1.41892 1.39603 1.29496 0.788282 0.597061
threshold=1.3360163611628761 1.0000000180025095e-35 -0.53614473034340193 -0.093715115805735508 1.0000000180025095e-35 0.252631923049143 1.0000000180025095e-35 0.44183655758774837 0.32604357241378573 0.14633492041399493 1.2131522685349083 1.1746446035494149 0.18962748894087569
decision_type=2 2 2 2 2 2 2 2 2 2 2 2 2
left_child=1 3 10 4 9 8 7 -6 -4 -1 -3 -7 -5
right_child=-2 2 5 12 6 11 -8 -9 -10 -11 -12 -13 -14
leaf_value=0.0016641770759433881 -0.012464499666096892 -0.019340793150317739 0.0033479772227658481 0.020138077684119904 -0.0065131311712243985 0.012651700611636845 0.018394391274764079 0.011018408447498211 -0.011461576544552828 -0.014054701316981244 -0.0023659010760574239 0 0.0058831748493576542
leaf_weight=8.392131060361864 12.08380603790283 9.3819844126701373 7.9613007307052621 9.5696436166763323 8.8555592000484484 10.981704115867617 8.8859566152095812 7.7609274983406058 13.044939339160919 8.7053498327732068 8.6387490928173047 7.5473059117794028 7.6771631538867942
leaf_count=23 34 27 22 26 24 30 24 21 36 24 24 21 21
internal_value=0 0.00145275 -0.00353635 0.00631783 0.00223733 0.000624124 0.00835617 0.00157832 -0.00573315 -0.00650469 -0.0123179 0.00802051 0.0150912
internal_weight=129.487 117.403 57.556 59.8467 42.5999 39.5353 25.5024 16.6165 21.0062 17.0975 18.0207 18.529 17.2468
internal_count=357 323 160 163 116 109 69 45 58 47 51 51 47
is_linear=0
shrinkage=0.03


Tree=71
num_leaves=12
num_cat=0
split_feature=41 16 30 22 20 19 23 28 26 12 31
split_gain=4.59818 2.70038 2.37454 2.25275 2.02523 3.39854 1.79455 1.74923 1.42416 1.09163 0.907013
threshold=178.50000000000003 0.50462321843941038 -0.40040885864189196 -0.35431843275794156 -0.31683596912912204 1.1865334563325218 1.0000000180025095e-35 0.54052682908965188 -0.46087168628925551 -0.75122173314434004 -0.53656137485131572
decision_type=2 2 2 2 2 2 2 2 2 2 2
left_child=2 10 6 -3 8 7 -1 -6 -4 -9 -2
right_child=1 3 4 -5 5 -7 -8 9 -10 -11 -12
leaf_value=-0.012816217879045374 -0.0038036494569213121 0.011970328935930247 0.0062639363161866354 -0.0078685100443378706 0.022560887673041846 -0.002530211767856914 0.004196734128517763 0.013665176435393046 -0.011347096004393611 -0.0011532303082937762 -0.019457239659722916
leaf_weight=9.5880718380212802 6.6962621212005642 7.2296760976314571 6.7850474417209625 11.0434612929821 15.643807530403139 11.632538855075834 9.4052375853061658 7.5088638067245483 6.4967910647392255 7.1327838003635389 13.996007338166235
leaf_count=32 23 22 20 36 44 34 30 21 21 21 53
internal_value=-1.19229e-05 -0.00822645 0.00430051 0 0.00744024 0.0106109 -0.00440831 0.0157283 -0.00222187 0.00663824 -0.0152614
internal_weight=113.159 38.9654 74.1931 18.2731 55.1998 41.918 18.9933 30.2855 13.2818 14.6416 20.6923
internal_count=357 134 223 58 161 120 62 86 41 42 76
is_linear=0
shrinkage=0.03


Tree=72
num_leaves=12
num_cat=0
split_feature=34 36 21 3 34 30 39 37 32 12 15
split_gain=2.91896 2.41577 3.01773 3.84281 2.87711 1.73115 1.6586 2.04295 1.97992 2.73787 0.741649
threshold=-0.14694299906048594 -0.64290356857835673 -0.21054944005885132 0.95582237097279854 0.72014213589147358 0.17100182533776351 -0.64511693451789942 -0.81390813002779105 -0.92192758499404992 -0.84424583843765311 -0.76324137612436194
decision_type=2 2 2 2 2 2 2 2 2 2 2
left_child=6 -2 5 4 -4 -3 -1 -8 -9 -10 -11
right_child=1 2 3 -5 -6 -7 7 8 9 10 -12
leaf_value=-0.015624683864030282 0.020619866798646976 0.0020697705943300273 0.009405926823090105 0.021751877169308584 -0.012163853854252666 -0.015589622809045281 -0.015747034279899583 0.013541568971719292 0.0097295690141217962 -0.0020789721429490308 -0.018972108501069399
leaf_weight=10.02267576754093 5.9892967641353598 7.8888967186212566 10.903464749455457 9.6965755969285947 8.5841358602046949 9.0838118344545347 6.0231449455022839 7.4970922023057964 6.911007493734366 5.479754894971852 5.5276051163673303
leaf_count=45 20 28 39 30 35 38 24 27 26 22 23
internal_value=0 0.00470517 0.00193017 0.0077418 0 -0.00755519 -0.00578834 -0.0019016 0.00185139 -0.00339904 -0.0122999
internal_weight=93.6075 52.1462 46.1569 29.1842 19.4876 16.9727 41.4613 31.4386 25.4155 17.9184 11.0074
internal_count=357 190 170 104 74 66 167 122 98 71 45
is_linear=0
shrinkage=0.03


Tree=73
num_leaves=14
num_cat=0
split_feature=39 28 29 25 35 12 39 30 11 19 35 26 14
split_gain=2.53423 3.15891 2.41597 2.6102 2.18934 2.61165 1.80227 1.78188 1.63916 1.41925 1.24743 0.777809 0.556027
threshold=1.3360163611628761 1.0000000180025095e-35 -0.53614473034340193 1.0000000180025095e-35 -0.093715115805735508 1.0000000180025095e-35 1.0000000180025095e-35 0.41589211847190133 0.44183655758774837 0.22998296199143767 1.2131522685349083 0.32074917834382866 -0.21078099357256316
decision_type=2 2 2 2 2 2 2 2 2 2 2 2 2
left_child=1 4 10 7 5 11 8 -4 -7 -5 -3 -1 -6
right_child=-2 2 3 9 12 6 -8 -9 -10 -11 -12 -13 -14
leaf_value=0 -0.012257252015433758 -0.019068319635244767 -0.014803680182245085 0.00025269237619510897 0.0058486496900518742 -0.006442504569960668 0.018093231828722366 0.0021459763953480615 0.010840768803479756 0.016179273089141914 -0.0023572496295613228 -0.012389836632338514 0.019758409393900025
leaf_weight=9.1218565702438372 12.047242075204847 9.3273492753505725 10.06465256214142 11.646453171968462 7.6690363883972195 8.8497769832611102 8.8746009171009081 9.1305422484874708 7.7576774060726157 8.6685866415500623 8.6325361728668195 7.9425003528594962 9.5612576007843
leaf_count=25 34 27 28 32 21 24 24 25 21 24 24 22 26
internal_value=0 0.00143774 -0.00347445 0.000620719 0.00622775 0.00221213 0.00820515 -0.00688017 0.00152875 0.00796892 -0.0121452 -0.00635386 0.0148518
internal_weight=129.294 117.247 57.4701 39.5102 59.7767 42.5464 25.4821 19.1952 16.6075 20.315 17.9599 17.0644 17.2303
internal_count=357 323 160 109 163 116 69 53 45 56 51 47 47
is_linear=0
shrinkage=0.03


Tree=74
num_leaves=13
num_cat=0
split_feature=41 16 30 32 36 36 12 29 0 1 29 26
split_gain=4.40245 2.63223 2.25822 3.201 2.04588 2.04238 2.26363 2.17757 1.51389 0.863911 0.728123 0.617265
threshold=178.50000000000003 0.50462321843941038 -0.23714866321913333 0.26039176064717451 0.2899541355213775 -0.31925905899273477 0.53678355632574504 -0.80553764903811709 -0.60705083120431613 1.0000000180025095e-35 0.81081986313017296 -1.0000000180025095e-35
decision_type=2 2 2 2 2 2 2 2 2 2 2 2
left_child=2 9 3 10 -3 8 11 -8 -4 -2 -1 -7
right_child=1 4 5 -5 -6 6 7 -9 -10 -11 -12 -13
leaf_value=-0.016352837938611905 -0.019028456458352407 0.0077650909940538042 0.0078550406000066769 0.010606007202713196 -0.011290884785257822 0.026930040721676811 0.014344540877255877 -0.0058005996711202341 -0.0076440578045827478 -0.003447719637533648 -0.0021001951533243693 0.0094052329856456045
leaf_weight=8.4653773456811923 14.206729754805567 11.415429800748827 9.8412865996360797 8.1146459579467756 6.8346843719482413 7.5376065969467163 7.4729993641376522 8.6861162781715375 9.8419058918952924 6.2948209047317496 7.1271328628063193 7.0972378551960009
leaf_count=30 56 35 28 24 23 21 21 26 30 20 23 20
internal_value=-2.11063e-05 -0.00808825 0.00419044 -0.00313831 9.29244e-06 0.00773913 0.0123822 0.00360312 0 -0.0150784 -0.0109452 0.0204676
internal_weight=112.936 38.7517 74.1843 23.7072 18.2501 50.4772 30.794 16.1591 19.6832 20.5016 15.5925 14.6348
internal_count=357 134 223 77 58 146 88 47 58 76 53 41
is_linear=0
shrinkage=0.03


Tree=75
num_leaves=13
num_cat=0
split_feature=25 5 19 30 34 34 39 29 25 21 28 11
split_gain=2.81087 2.95881 2.09698 2.91492 2.41796 2.50475 1.36985 1.33158 1.48298 1.21944 1.05348 0.359807
threshold=0.30617934891677195 0.13963931675938418 -1.0454176971300073 -0.40040885864189196 0.63343362239627743 -0.14694299906048594 -0.64511693451789942 -0.53614473034340193 0.97369707449409704 1.0000000180025095e-35 0.54052682908965188 0.74274569030440207
decision_type=2 2 2 2 2 2 2 2 2 2 2 2
left_child=1 2 -1 9 5 -5 -2 -8 -9 -4 -3 -6
right_child=6 10 3 4 11 -7 7 8 -10 -11 -12 -13
leaf_value=0.019009501844509804 -0.015682894155825331 -0.017785811294316407 -0.01446082733805837 0.0012236582235828552 -0.006379226989182485 0.025148699069463442 -0.012233116306635925 0.010537355565860109 -0.0064298043227822453 0.0020128727508243144 -7.0179207407107717e-05 0.0030573751044897313
leaf_weight=9.2319175750017148 9.746211767196657 4.7279794514179212 7.3089433163404411 7.3576608151197425 5.4957389682531339 9.2139354050159543 6.5681692808866545 8.2506968826055473 7.0800602883100519 5.8579452633857727 7.2538741230964661 5.3718038648366928
leaf_count=30 43 21 27 28 22 31 28 30 29 21 29 18
internal_value=0 0.00373837 0.00701425 0.00356454 0.00907638 0.0158414 -0.00704458 -0.00218473 0.00247039 -0.0072663 -0.00870682 -0.00142451
internal_weight=93.4649 61.8198 49.8379 40.606 27.4391 16.5716 31.6451 21.8989 15.3308 13.1669 11.9819 10.8675
internal_count=357 227 177 147 99 59 130 87 59 48 50 40
is_linear=0
shrinkage=0.03


Tree=76
num_leaves=14
num_cat=0
split_feature=39 30 28 36 34 20 36 2 23 36 36 19 12
split_gain=2.44822 3.07155 3.11009 2.7299 3.49667 2.69151 2.30303 1.3121 1.3102 1.30962 1.11113 0.737952 0.355392
threshold=1.3360163611628761 -0.40040885864189196 -0.72770871982987473 0.48985221497132064 -1.1874451610028367 -0.31683596912912204 -0.31925905899273477 -0.65484727401506249 0.32802215284802749 0.59773371816652798 -0.80472582337116783 0.22998296199143767 -1.0000000180025095e-35
decision_type=2 2 2 2 2 2 2 2 2 2 2 2 2
left_child=1 5 -3 4 -4 6 -1 -5 10 -8 -6 -10 -12
right_child=-2 2 3 7 8 -7 9 -9 11 -11 12 -13 -14
leaf_value=-0.010441851578140284 -0.01205766383568282 0.014549999955589761 0.010243202350964497 -0.0031235011781348618 -0.0030859021704543804 0.018941892760939816 0.014921776385840314 0.011760909023636579 0.0033965664163903724 -0.0003420286226781196 -0.022624523135714027 -0.0084914206496802484 -0.010531053073396583
leaf_weight=7.3514792323112514 12.010463237762449 7.6600883901119223 7.1857879459857932 7.607083439826968 8.6471179723739571 12.55436649918556 9.237254351377489 10.823299854993818 7.6693788766860944 8.045234262943266 10.146079629659651 7.5529620349407196 12.60585269331933
leaf_count=20 34 21 20 21 24 34 25 30 21 22 29 21 35
internal_value=0 0.0014201 -0.00184699 -0.00392771 -0.00734276 0.00839386 0.00200996 0.00554366 -0.0104128 0.00803696 -0.0138408 -0.00237575 -0.0172372
internal_weight=129.096 117.086 79.8977 72.2376 53.8072 37.1883 24.634 18.4304 46.6214 17.2825 31.3991 15.2223 22.7519
internal_count=357 323 222 201 150 101 67 51 130 47 88 42 64
is_linear=0
shrinkage=0.03


Tree=77
num_leaves=12
num_cat=0
split_feature=41 16 30 24 22 40 19 19 34 39 31
split_gain=4.24442 2.56067 2.16858 3.83178 2.15976 1.73657 2.90199 3.7497 1.47484 0.976854 0.895782
threshold=178.50000000000003 0.50462321843941038 -0.40040885864189196 1.0000000180025095e-35 -0.35431843275794156 308.50000000000006 1.0000000180025095e-35 1.1865334563325218 -0.6671940800316617 -0.64511693451789942 -0.53656137485131572
decision_type=2 2 2 2 2 2 2 2 2 2 2
left_child=2 10 3 -1 -3 8 -7 -8 -4 -10 -2
right_child=1 4 5 -5 -6 6 7 -9 9 -11 -12
leaf_value=-0.015728742277795568 -0.0035513481884490009 0.011703941238514213 0.00017490450813464556 0.0093830280563967691 -0.0077254787057733643 -0.012007847940178467 0.016482787554910856 -0.0073393609330507535 0.0070252493251093482 0.023762448883024617 -0.019125468786358801
leaf_weight=10.354522824287416 6.6289349198341396 7.251030862331393 7.161027371883395 8.5222419351339322 10.983392953872679 8.0241247117519396 13.957284182310106 8.1359561383724195 8.8489766716957128 9.1491887569427455 13.682712212204931
leaf_count=36 23 22 21 26 36 25 39 24 26 26 53
internal_value=-2.3806e-05 -0.00797241 0.00410485 -0.00424099 0 0.00709735 0.00182473 0.00754697 0.0127262 0.0170147 -0.0149115
internal_weight=112.699 38.5461 74.1533 18.8768 18.2344 55.2766 30.1174 22.0932 25.1592 17.9982 20.3116
internal_count=357 134 223 62 58 161 88 63 73 52 76
is_linear=0
shrinkage=0.03


Tree=78
num_leaves=13
num_cat=0
split_feature=34 21 0 31 26 15 30 39 37 32 21 28
split_gain=2.72292 2.21152 2.63418 4.05845 2.25542 2.02998 1.9464 1.60162 2.00283 1.88504 1.5096 1.38614
threshold=-0.14694299906048594 -0.21054944005885132 0.95582237097279854 0.14633492041399493 0.7115596106603711 -0.51542221170743918 0.41589211847190133 -0.64511693451789942 -0.81390813002779105 -0.92192758499404992 -1.0000000180025095e-35 1.0000000180025095e-35
decision_type=2 2 2 2 2 2 2 2 2 2 2 2
left_child=7 4 3 -3 6 -5 -2 -1 -9 -10 11 -11
right_child=1 2 -4 5 -6 -7 -8 8 9 10 -12 -13
leaf_value=-0.015388656610678333 0.014870170276251451 0.018541057990512345 0.020659916028120565 -0.016537069053364249 -0.014538321175131028 0.0038056632507476574 -0.0067078153957744911 -0.015597220630822278 0.01324652350440811 -0.0071012386473659215 -0.014698017489629702 0.010788483304334668
leaf_weight=9.8418367952108365 6.2946103960275668 7.6588904410600689 10.449675902724264 7.1272509992122641 7.6804990619420996 7.38181447982788 5.5870612263679504 5.9630136191844967 7.5401449799537685 5.6581317335367256 5.3956042379140809 6.7604796141386032
leaf_count=45 22 26 32 30 30 27 23 24 27 22 22 27
internal_value=0 0.00452174 0.00919837 0.0025751 -0.00309088 -0.00642562 0.00466074 -0.00563191 -0.00181968 0.00188741 -0.00326523 0.00231966
internal_weight=93.339 52.1798 32.6176 22.168 19.5622 14.5091 11.8817 41.1592 31.3174 25.3544 17.8142 12.4186
internal_count=357 190 115 83 75 57 45 167 122 98 71 49
is_linear=0
shrinkage=0.03


Tree=79
num_leaves=13
num_cat=0
split_feature=39 28 29 25 27 31 22 30 28 28 33 22
split_gain=2.36661 2.93637 2.28392 2.4862 1.91107 1.84493 1.815 2.49509 2.33974 2.16755 1.25801 1.17905
threshold=1.3360163611628761 1.0000000180025095e-35 -0.53614473034340193 1.0000000180025095e-35 1.0000000180025095e-35 1.0000000180025095e-35 -1.2223985930148988 -0.40040885864189196 -0.9843754380635884 -0.72770871982987473 -0.17702065958609567 0.88579608189485493
decision_type=2 2 2 2 2 2 2 2 2 2 2 2
left_child=1 6 11 4 -4 -5 -1 8 -8 -9 -11 -3
right_child=-2 2 3 5 -6 -7 7 9 -10 10 -12 -13
leaf_value=-0.0043847815231750501 -0.011866983180400848 -0.0026193630128349466 -0.014899988007448692 0.00012786237473256851 0.0026752680349289635 0.01841277048453584 0.0036110865496943854 0.014291447647355982 0.024455266414316088 0.0043783316812535502 -0.0095542002365104749 -0.018920487152483959
leaf_weight=10.634966433048247 11.974635004997252 9.05744916200638 10.075950324535372 12.982097566127779 9.0640857815742475 7.3151756823062888 9.9783015251159686 7.6574530005455008 11.375659883022303 9.1241411268711108 10.870351731777196 8.7913002967834455
leaf_count=29 34 26 28 36 25 20 27 21 31 25 30 25
internal_value=0 0.00140079 -0.00334138 0.000633744 -0.00669668 0.00780664 0.00602409 0.0084649 0.015854 0.00203075 -0.00305533 -0.0118028
internal_weight=128.902 116.927 57.2861 39.4373 19.14 20.2973 59.6409 49.0059 21.354 27.6519 19.9945 17.8487
internal_count=357 323 160 109 53 56 163 134 58 76 55 51
is_linear=0
shrinkage=0.03


Tree=80
num_leaves=12
num_cat=0
split_feature=41 16 22 30 24 20 40 24 26 28 31
split_gain=4.0763 2.4998 2.0876 2.03117 3.72148 1.85408 1.93644 1.99127 1.32795 0.932783 0.881914
threshold=178.50000000000003 0.50462321843941038 -0.35431843275794156 -0.40040885864189196 1.0000000180025095e-35 -0.31683596912912204 518.00000000000011 0.4988547056274541 -0.46087168628925551 0.54052682908965188 -0.53656137485131572
decision_type=2 2 2 2 2 2 2 2 2 2 2
left_child=3 10 -3 4 -1 8 7 9 -5 -7 -2
right_child=1 2 -4 5 -6 6 -8 -9 -10 -11 -12
leaf_value=-0.015493562525373601 -0.0034661618948716578 0.011508131964144018 -0.0075934805470513657 0.0058310217423551344 0.0092959942846002775 0.024689401431312298 -0.0002072686196026203 0 -0.011171996823858046 0.0094239968243809823 -0.018946138391575121
leaf_weight=10.246319755911829 6.6090895831584957 7.2717431783676174 10.937390863895414 6.8177030086517334 8.5334455519914609 10.76404675841332 11.308376789093016 7.9955368041992179 6.4477439820766431 11.99779227375984 13.526556164026259
leaf_count=36 23 22 36 20 26 30 33 23 21 34 53
internal_value=-2.16026e-05 -0.0078379 2.5536e-05 0.00401843 -0.00407902 0.00690746 0.00993557 0.013687 -0.00232241 0.0179704 -0.0147351
internal_weight=112.456 38.3448 18.2091 74.111 18.7798 55.3312 42.0658 30.7574 13.2654 22.7618 20.1356
internal_count=357 134 58 223 62 161 120 87 41 64 76
is_linear=0
shrinkage=0.03


Tree=81
num_leaves=13
num_cat=0
split_feature=34 36 21 3 14 39 37 32 12 26 12 15
split_gain=2.61776 2.26307 2.79029 3.39237 2.69052 1.56164 1.95554 1.81924 2.64644 1.51206 1.20345 0.734313
threshold=-0.14694299906048594 -0.64290356857835673 -0.21054944005885132 0.95582237097279854 0.26282068853669738 -0.64511693451789942 -0.81390813002779105 -0.92192758499404992 -0.84424583843765311 0.7115596106603711 0.75178571887437229 -0.76324137612436194
decision_type=2 2 2 2 2 2 2 2 2 2 2 2
left_child=5 -2 9 4 10 -1 -7 -8 -9 -3 -4 -10
right_child=1 2 3 -5 -6 6 7 8 11 -11 -12 -13
leaf_value=-0.015236991959408768 0.019719958075233458 0 0.016520521420632713 0.020307481069941548 -0.012184435005038319 -0.015459793824557727 0.012987779081053927 0.0096380396526608032 -0.0019169459109141501 -0.016891740056935108 -0.0010202403802915384 -0.018756134902812468
leaf_weight=9.7310244441032392 6.0728673785924903 10.003679767251016 6.039335981011396 9.8729652315378171 8.1991158276796323 5.910370051860812 7.5816589444875744 6.9208669215440812 5.43593749403954 6.8289416730403891 5.1808027327060699 5.4179335981607339
leaf_count=45 20 39 21 30 32 24 27 26 22 27 21 23
internal_value=0 0.00442103 0.00172311 0.00729131 -2.10576e-05 -0.00554448 -0.00178538 0.00186405 -0.00321088 -0.00744319 0.00878432 -0.012065
internal_weight=93.1955 52.1977 46.1248 29.2922 19.4193 40.9978 31.2668 25.3564 17.7747 16.8326 11.2201 10.8539
internal_count=357 190 170 104 74 167 122 98 71 66 42 45
is_linear=0
shrinkage=0.03


Tree=82
num_leaves=14
num_cat=0
split_feature=12 19 29 25 26 32 41 30 22 28 26 27 26
split_gain=2.38528 2.83202 2.35768 1.99654 2.70269 2.3862 2.19001 2.35641 1.57616 1.35416 1.84589 0.759387 0.348004
threshold=0.35100532740841389 0.54883312677179907 -0.53614473034340193 1.3074559372827597 -0.98195226271131186 0.55597159705748056 426.00000000000006 -1.0000000180025095e-35 -1.2223985930148988 -0.5163361283432869 0.4510193224493429 -0.22196461609140625 0.06020889013280064
decision_type=2 2 2 2 2 2 2 2 2 2 2 2 2
left_child=3 8 -3 4 -1 6 7 -6 -2 12 -11 -7 -10
right_child=1 2 -4 -5 5 11 -8 -9 9 10 -12 -13 -14
leaf_value=-0.020865017136773939 -0.0036222740926681271 -0.01678197641276535 0.004236401563572155 0.0075656059967510519 0.013968396444070748 -0.019090480723514314 -0.010740756110403671 -0.0031461383225731472 0.0078492845116538441 0.011316166340412161 -0.0048084881979671692 -0.003496168125562612 0.02152279022007985
leaf_weight=8.0477382540702802 7.3864969611167899 7.7040310502052334 8.3681142628192884 9.8037839531898481 13.24595952033996 7.0456524193286896 8.3155414462089521 12.46736946702004 7.350717484951022 13.922576546669008 9.1520228981971723 7.1035132110118848 8.7713012993335706
leaf_count=23 20 22 23 27 36 20 23 36 20 38 25 20 24
internal_value=5.31107e-06 0.00419291 -0.00606964 -0.00388431 -0.00612943 -0.00299151 0.00125554 0.00573374 0.00793738 0.0103164 0.0047734 -0.0127304 0.0168277
internal_weight=128.685 62.6553 16.0721 66.0296 56.2258 48.178 34.0289 25.7133 46.5831 39.1966 23.0746 14.1492 16.122
internal_count=357 172 45 185 158 135 95 72 127 107 63 40 44
is_linear=0
shrinkage=0.03


Tree=83
num_leaves=12
num_cat=0
split_feature=41 16 15 36 30 33 26 29 13 15 31
split_gain=3.92913 2.43626 2.02563 1.94004 1.80922 2.26967 1.83094 1.23354 1.11912 1.01604 0.859371
threshold=178.50000000000003 0.50462321843941038 -1.0110605405412845 0.2899541355213775 -0.23714866321913333 0.7405310714082568 0.32074917834382866 -0.80553764903811709 0.21359424234842217 -0.26760304729051648 -0.53656137485131572
decision_type=2 2 2 2 2 2 2 2 2 2 2
left_child=2 10 -1 -3 6 8 9 -7 -6 -4 -2
right_child=1 3 4 -5 5 7 -8 -9 -10 -11 -12
leaf_value=-0.0065731928369029326 -0.0034286472135780168 0.0075625856598852664 0.0012574462801099001 -0.0110379183164092 0.006454124166581224 -0.0074827714870626593 0.010086834767605815 0.0081763871772984366 0.020634631781043206 -0.01362048773880809 -0.018765724527809613
leaf_weight=11.937915146350859 6.5965885370969799 11.427418291568758 5.8660887181758889 6.7627188563346854 12.788834989070894 7.6733290553092957 6.9576231390237799 7.4233200252056104 13.724062412977217 7.6957125365734109 13.364342555403708
leaf_count=37 23 35 20 23 38 22 22 21 38 25 53
internal_value=-2.16551e-05 -0.00772083 0.00393924 2.85164e-05 0.00616082 0.00966569 -0.000848205 0 0.0147205 -0.00730242 -0.0145707
internal_weight=112.218 38.1511 74.0669 18.1901 62.129 41.6095 20.5194 15.0966 26.5129 13.5618 19.9609
internal_count=357 134 223 58 186 119 67 43 76 45 76
is_linear=0
shrinkage=0.03


Tree=84
num_leaves=13
num_cat=0
split_feature=19 41 2 13 28 14 21 27 30 32 21 40
split_gain=2.57766 2.1839 2.04763 2.67724 1.97044 2.27407 1.95189 1.18399 1.7681 1.15242 1.07198 0.716015
threshold=-1.0454176971300073 426.00000000000006 -0.53175780220493707 0.18962748894087569 -0.30496353685669925 -0.32918716723186664 1.0000000180025095e-35 0.8558394306650815 0.49752221618328091 1.0000000180025095e-35 0.96087108099585217 518.00000000000011
decision_type=2 2 2 2 2 2 2 2 2 2 2 2
left_child=10 4 -3 -4 11 7 9 8 -6 -7 -1 -2
right_child=1 2 3 -5 5 6 -8 -9 -10 -11 -12 -13
leaf_value=0.016990528935517665 -0.016430450790081343 -0.0039727035681232301 0.024493400942803913 -0.0017751864802267021 -0.011047551652228435 0.0015770075534274027 -0.0059680062942954514 -0.015090979475357305 0.010278189197630211 0.020678975311785433 6.0590136568556629e-05 -0.0016123159681696345
leaf_weight=8.5468196570873243 13.237556815147402 9.4536093622446078 6.4708869755268079 5.175361305475235 5.7325796037912387 6.1838038116693514 6.3480499982833853 9.1427884399890882 5.2246525287628174 6.0532151460647583 6.1696455478668204 5.2903048992156974
leaf_count=30 54 34 21 20 24 24 24 40 21 22 22 21
internal_value=0 -0.00219446 0.00565794 0.0134931 -0.00526315 -0.001093 0.00604792 -0.00793495 -0.000384118 0.0126891 0.010925 -0.0129366
internal_weight=93.0293 78.3128 21.0999 11.6462 57.213 38.6851 18.5851 20.1 10.9572 12.237 14.7165 18.5279
internal_count=357 305 75 41 230 155 70 85 45 46 52 75
is_linear=0
shrinkage=0.03


Tree=85
num_leaves=13
num_cat=0
split_feature=21 22 12 15 36 37 19 9 40 1 36 12
split_gain=2.34077 3.93398 2.42165 2.32168 2.1107 2.95833 1.68248 2.08919 1.39749 1.18755 0.770393 0.679235
threshold=-1.3819699611135545 0.88579608189485493 0.42761251194305555 -0.26760304729051648 0.48985221497132064 -0.81390813002779105 1.0000000180025095e-35 -0.52201487143141623 178.50000000000003 -0.60507371101214025 -0.15743680419992356 1.0058535838393416
decision_type=2 2 2 2 2 2 2 2 2 2 2 2
left_child=-1 2 3 -2 5 -5 7 -4 -3 -8 -7 -9
right_child=1 8 6 4 -6 10 9 11 -10 -11 -12 -13
leaf_value=0.013352006320236746 -0.013707439445154256 -0.023334390011487322 -0.0025088196591026611 0.0069402247062918922 0.0099651018417138085 -0.0041840854990987022 0.0051809823649572985 0.019573159608980466 -0.0042247932366501276 -0.0090917047166303583 -0.017711543001581502 0.0062528921407677407
leaf_weight=9.4148237407207471 12.583858966827391 7.0832011699676505 7.3743494153022793 11.982941150665278 12.627995938062666 10.944490700960154 10.201673150062563 12.141257822513582 8.7038437128066999 7.836601346731185 8.0204186141491061 9.5430984497070295
leaf_count=26 35 20 20 33 35 31 28 33 25 22 23 26
internal_value=3.76981e-06 -0.00115514 0.00099419 -0.00311105 0.00017019 -0.00391753 0.00595778 0.0102684 -0.0144266 -0.000934548 -0.011077 0.0147536
internal_weight=128.459 119.044 103.257 56.1597 43.5758 30.9479 47.097 29.0587 15.787 18.0383 18.9649 21.6844
internal_count=357 331 286 157 122 87 129 79 45 50 54 59
is_linear=0
shrinkage=0.03


Tree=86
num_leaves=13
num_cat=0
split_feature=41 16 22 15 39 12 12 40 12 31 36 11
split_gain=3.79314 2.36488 2.005 1.94251 1.28719 2.91478 2.56837 2.15313 0.853453 0.835026 0.609559 0.198233
threshold=178.50000000000003 0.50462321843941038 -0.35431843275794156 -1.0110605405412845 1.0000000180025095e-35 0.42761251194305555 0.97197584774038781 308.50000000000006 -0.88840530452066346 -0.53656137485131572 -0.31925905899273477 -0.40343195130519921
decision_type=2 2 2 2 2 2 2 2 2 2 2 2
left_child=3 9 -3 -1 6 11 7 8 -5 -2 -9 -6
right_child=1 2 -4 4 5 -7 -8 10 -10 -11 -12 -13
leaf_value=-0.0064445443733798036 -0.003397877391069734 0.011240559339275161 -0.007482609509208882 -0.00057898869076913266 0.010106276813592999 -0.0023504303956996654 0.017212366254534889 -0.015872914852033612 0.010766222796765403 -0.018579242837773048 -0.0017461281571023611 0.02449020059148635
leaf_weight=11.897187471389769 6.5852169841527965 7.2927610576152828 10.886918872594832 10.92589962482452 7.2662979662418374 7.6470431685447684 7.0397160947322837 6.4784892499446869 9.3324408233165776 13.195608451962469 6.4805921912193281 6.9625532925128946
leaf_count=37 23 22 36 33 20 24 21 20 28 53 20 20
internal_value=-2.2108e-05 -0.00761158 7.5751e-06 0.00386399 0.00603753 0.0117362 0.0024868 -0.00106998 0.00475358 -0.0144029 -0.0101374 0.0191905
internal_weight=111.991 37.9605 18.1797 74.0302 62.133 21.8759 40.2571 33.2174 20.2583 19.7808 12.9591 14.2289
internal_count=357 134 58 223 186 64 122 101 61 76 40 40
is_linear=0
shrinkage=0.03


Tree=87
num_leaves=12
num_cat=0
split_feature=25 5 23 34 12 34 39 12 33 36 14
split_gain=2.59375 2.75426 2.07919 4.02233 1.54633 2.19315 1.30536 1.30094 1.21193 1.01162 0.272077
threshold=0.30617934891677195 0.13963931675938418 0.65976127060084999 1.2403932168626495 -0.72582576494083006 -1.0000000180025095e-35 -0.64511693451789942 0.99862315082927244 0.96991900415684495 -0.15743680419992356 0.54046602384779463
decision_type=2 2 2 2 2 2 2 2 2 2 2
left_child=1 2 4 -4 10 -6 -2 8 -8 -3 -1
right_child=6 9 3 -5 5 -7 7 -9 -10 -11 -12
leaf_value=0.023320346186523323 -0.015379022126089957 0.00042812283869092662 -0.0125161079929838 0.014221774244280809 0.013945842677050501 -0.0054965377675934377 0.008450663846998557 -0.013698551320219809 -0.0064036829555737945 -0.015313688720130642 0.0090132426848986216
leaf_weight=7.2778332531452161 9.488265275955202 5.3514381796121597 10.614762187004091 7.1469945460557929 8.7269968986511213 8.9077710211277026 9.7189427316188866 4.9444404989480963 7.0854996293783179 6.4846345186233503 7.1506759077310562
leaf_count=24 43 20 42 25 31 32 37 21 29 30 23
internal_value=0 0.00357966 0.00673036 -0.00117612 0.0111458 0.00415042 -0.00682526 -0.00208401 0.00184811 -0.00849883 0.018123
internal_weight=92.8983 61.6611 49.825 17.7618 32.0633 17.6348 31.2371 21.7489 16.8044 11.8361 14.4285
internal_count=357 227 177 67 110 63 130 87 66 50 47
is_linear=0
shrinkage=0.03


Tree=88
num_leaves=14
num_cat=0
split_feature=21 22 12 35 22 30 26 2 35 40 0 31 30
split_gain=2.23908 3.80941 2.32893 2.43027 2.29822 1.84105 2.46225 2.26761 1.39535 1.3549 1.002 1.51826 1.65879
threshold=-1.3819699611135545 0.88579608189485493 0.42761251194305555 0.29834509949645738 0.14172737310317693 0.089371727626383998 0.32074917834382866 -0.53175780220493707 0.39807971566982242 178.50000000000003 0.3173314895955624 0.14633492041399493 -0.23714866321913333
decision_type=2 2 2 2 2 2 2 2 2 2 2 2 2
left_child=-1 2 4 10 5 6 7 -2 -6 -3 11 12 -4
right_child=1 9 3 -5 8 -7 -8 -9 -10 -11 -12 -13 -14
leaf_value=0.013048185480565322 0.014996805167867925 -0.023020963718714899 -0.0024972678083586461 -0.0051628851856515608 -0.0019960165474271515 -0.017275857433990571 -0.013031885824070631 -0.0045338104364492345 0.013992091004177674 -0.0041582790012518822 0.00041007247070645156 0.021954841020946973 0.014706357041679174
leaf_weight=9.4223076999187452 7.7383378446102133 7.0428855121135703 8.8728368282318097 11.77409642934799 8.5303235054016131 10.006598860025404 11.091818928718565 10.864037245512014 7.8444893956184378 8.6903527379035932 9.2027991414070112 9.1142143309116346 8.0793220102787071
leaf_count=26 21 20 24 33 24 29 31 30 22 25 25 25 22
internal_value=0 -0.001137 0.000976869 0.00584763 -0.00305101 -0.00695113 -0.00261606 0.00380499 0.00585898 -0.014219 0.00974717 0.0126243 0.00590571
internal_weight=128.274 118.852 103.119 47.0433 56.0756 39.7008 29.6942 18.6024 16.3748 15.7332 35.2692 26.0664 16.9522
internal_count=357 331 286 129 157 111 82 51 46 45 96 71 46
is_linear=0
shrinkage=0.03


Tree=89
num_leaves=13
num_cat=0
split_feature=41 25 18 30 24 20 19 28 26 26 33 12
split_gain=3.63026 2.32634 1.89891 1.83838 3.5735 1.71614 3.18837 1.66181 1.47081 1.26546 1.12048 1.01134
threshold=178.50000000000003 0.63993821170543452 1.0000000180025095e-35 -0.40040885864189196 1.0000000180025095e-35 -0.31683596912912204 1.1865334563325218 0.54052682908965188 0.8418297547658854 -0.46087168628925551 -0.17702065958609567 -0.75122173314434004
decision_type=2 2 2 2 2 2 2 2 2 2 2 2
left_child=3 2 -2 4 -1 9 7 -7 10 -5 -4 -9
right_child=1 -3 8 5 -6 6 -8 11 -10 -11 -12 -13
leaf_value=-0.015238907388861614 -0.021910104805268404 0.0057926752577778934 -0.017528932302942297 0.0055747279047489232 0.0091091551561109756 0.020963359518424179 -0.0032157516972972661 0.01246844352744015 0.0050018327325785112 -0.011031035037200897 -0.00021674928491931334 -0.0017129208178295341
leaf_weight=10.118761271238329 9.0993484556674975 7.8256449252367011 7.3424507379531878 6.8325587809085846 8.5354756116867048 15.761708527803423 11.672211378812788 7.5414326786994934 6.8264845907688132 6.4046793878078443 6.6604971885681152 7.1686045527458173
leaf_count=36 35 24 29 20 26 44 34 21 23 21 23 21
internal_value=-2.05755e-05 -0.00747259 -0.011243 0.00377308 -0.00395165 0.0065161 0.00942602 0.0143798 -0.00515552 -0.00235764 -0.0104991 0.00566834
internal_weight=111.79 37.7544 29.9288 74.0354 18.6542 55.3812 42.144 30.4717 20.8294 13.2372 14.0029 14.71
internal_count=357 134 110 223 62 161 120 86 75 41 52 42
is_linear=0
shrinkage=0.03


Tree=90
num_leaves=14
num_cat=0
split_feature=25 2 23 34 26 12 34 28 21 21 12 37 12
split_gain=2.47849 2.64606 1.98877 3.8659 1.48754 2.0603 1.56293 1.00789 0.796378 1.86241 1.09647 0.665386 0.440032
threshold=0.30617934891677195 0.13963931675938418 0.65976127060084999 1.2403932168626495 -0.20033139807822745 -0.83920518203958305 -1.0000000180025095e-35 0.54052682908965188 1.0000000180025095e-35 -0.21054944005885132 -0.71574103508561249 1.0000000180025095e-35 -0.82267880918904102
decision_type=2 2 2 2 2 2 2 2 2 2 2 2 2
left_child=1 2 4 11 -1 -6 -7 -3 9 10 -2 -4 -10
right_child=8 7 3 -5 5 6 -8 -9 12 -11 -12 -13 -14
leaf_value=0 -0.015922241996748819 -0.017426881471404317 -0.002295602499076193 0.013832364891839173 0.023926325161379963 0.015094596930337566 -0.0029802284546438596 0 -0.01855085950234028 0.009595384988371829 0 -0.018895815033481138 -0.0041566398025612615
leaf_weight=7.8514114022254935 6.6814964115619686 4.5578395873308164 5.2988723516464251 7.1987186819314948 10.248258978128431 6.2839168161153767 7.8127827048301741 7.207372635602951 5.2678072601556778 6.1156178414821651 6.8410275578498831 5.2339067757129669 6.1549589484930021
leaf_count=28 29 21 20 25 32 22 28 29 23 24 28 22 26
internal_value=0 0.00349015 0.00656807 -0.00117132 0.0108708 0.0143484 0.00536914 -0.00838496 -0.0066982 -0.0023054 -0.00850766 -0.0123704 -0.0126418
internal_weight=92.754 61.6931 49.9279 17.7315 32.1964 24.345 14.0967 11.7652 31.0609 19.6381 13.5225 10.5328 11.4228
internal_count=357 227 177 67 110 82 50 50 130 81 57 42 49
is_linear=0
shrinkage=0.03


Tree=91
num_leaves=14
num_cat=0
split_feature=12 19 14 1 22 28 33 26 37 40 16 20 30
split_gain=2.12678 2.62401 2.00914 1.9562 1.47393 1.27237 2.25847 1.7397 1.0734 1.00427 0.927954 0.881929 0.227707
threshold=0.35100532740841389 0.54883312677179907 1.1173916955920777 1.0000000180025095e-35 -1.2223985930148988 -0.5163361283432869 -0.40640859233468368 0.4510193224493429 -0.81390813002779105 207.00000000000003 1.0000000180025095e-35 -0.31683596912912204 0.252631923049143
decision_type=2 2 2 2 2 2 2 2 2 2 2 2 2
left_child=2 4 3 11 -2 6 -6 -7 -5 -10 -3 -1 -13
right_child=1 10 -4 8 5 7 -8 -9 9 -11 -12 12 -14
leaf_value=-0.018242356101895632 -0.0035849014159772276 0.0014488812286846148 0.0058586776047656851 0.0069028598089635618 0.027299684709987934 0.010880391849094805 0.0039601726955670541 -0.004789249196678072 -0.011099182531408215 0.0021377945593202803 -0.011720677091336172 -0.00047662297191993202 -0.0089429843673848007
leaf_weight=11.350331127643587 7.3704861104488364 7.0818024873733547 13.72949370741844 9.3829866051673907 7.195918262004855 13.875110298395159 8.8416747748851758 9.1175805330276471 9.1491343677043933 8.0258584022521955 8.9224584102630597 7.0836392343044263 6.911342054605484
leaf_count=32 20 20 38 26 20 38 24 25 26 23 25 20 20
internal_value=3.52372e-07 0.00396312 -0.00368252 -0.00641239 0.00757791 0.0098886 0.0162138 0.00450898 -0.000381661 -0.0049174 -0.00592566 -0.0121337 -0.00550589
internal_weight=128.038 62.405 65.6328 51.9033 46.4008 39.0303 16.0376 22.9927 26.558 17.175 16.0043 25.3453 13.995
internal_count=357 172 185 147 127 107 44 63 75 49 45 72 40
is_linear=0
shrinkage=0.03


Tree=92
num_leaves=13
num_cat=0
split_feature=41 16 22 15 30 33 32 23 36 16 29 10
split_gain=3.50385 2.28683 1.93233 1.84092 1.65305 2.21433 1.95212 1.51932 1.80207 1.30763 1.16266 0.8514
threshold=178.50000000000003 0.50462321843941038 1.0000000180025095e-35 -1.0110605405412845 -0.23714866321913333 0.7405310714082568 0.26039176064717451 0.32802215284802749 -0.31925905899273477 -1.0000000180025095e-35 -0.80553764903811709 1.0000000180025095e-35
decision_type=2 2 2 2 2 2 2 2 2 2 2 2
left_child=3 11 -3 -1 6 7 9 8 -6 -5 -7 -2
right_child=1 2 -4 4 5 10 -8 -9 -10 -11 -12 -13
leaf_value=-0.0063494906384750135 -0.0027264243820694809 0.0093079304873863039 -0.0088348315276853238 -0.01658764446930169 0.0049429195017088434 -0.0075916810587771276 0.0098966712338783812 0.00349291540346098 0.027233869246522265 0.00056645310162597236 0.0076120320815827557 -0.018157250779423251
leaf_weight=11.847386434674261 6.1505744010210064 9.2286727428436297 8.8753563463687879 6.0261916071176538 6.8058196008205405 7.6635777950286865 7.4575960040092459 10.111900538206099 9.6376510560512596 6.9773204922676095 7.4444099068641645 13.323483988642691
leaf_count=37 20 28 30 22 20 22 22 29 27 23 21 56
internal_value=-2.21126e-05 -0.00736513 0.00011208 0.00370092 0.00581639 0.0091618 -0.000882897 0.0141483 0.0195267 -0.00786291 0 -0.0141133
internal_weight=111.55 37.5781 18.104 73.9719 62.1245 41.6634 20.4611 26.5554 16.4435 13.0035 15.108 19.4741
internal_count=357 134 58 223 186 119 67 76 47 45 43 76
is_linear=0
shrinkage=0.03


Tree=93
num_leaves=12
num_cat=0
split_feature=34 36 21 0 34 30 4 35 31 31 27
split_gain=2.45106 2.1146 2.60886 3.10957 2.61398 1.63397 1.49934 1.7399 2.30222 0.758934 0.540445
threshold=-0.14694299906048594 -0.64290356857835673 -0.21054944005885132 0.95582237097279854 0.72014213589147358 0.17100182533776351 1.0000000180025095e-35 0.16765836106239287 -1.2194576701166266 -0.99182557169485641 -0.63183376063260566
decision_type=2 2 2 2 2 2 2 2 2 2 2
left_child=6 -2 5 4 -4 -3 7 8 -1 -8 -10
right_child=1 2 3 -5 -6 -7 9 -9 10 -11 -12
leaf_value=0.0098117583180159385 0.019000241014178344 0.0020229431895342157 0.0088489933184903429 0.019400526425265831 -0.011818189934285553 -0.015258761153233743 -0.0028399841354537847 0.012300559948507274 -0.0013988541944180372 -0.017559726344884459 -0.015270800375715579
leaf_weight=5.1410324573516872 6.1261016726493827 7.8381142020225552 10.947564378380781 9.9590713828802091 8.3653252422809583 8.7818663120269758 7.1268591135740271 5.5380691140890113 5.1380721330642727 8.8375762253999692 8.8366381227970106
leaf_count=19 20 28 39 30 35 38 30 21 20 40 37
internal_value=0 0.00427463 0.00164315 0.00701516 -2.12308e-05 -0.00728467 -0.00539973 -0.00035949 -0.00494643 -0.0121404 -0.0111882
internal_weight=92.6363 52.018 45.8919 29.272 19.3129 16.62 40.6182 24.6538 19.1157 15.9644 13.9747
internal_count=357 190 170 104 74 66 167 97 76 70 57
is_linear=0
shrinkage=0.03


Tree=94
num_leaves=14
num_cat=0
split_feature=21 22 29 12 35 22 30 26 5 35 37 21 36
split_gain=2.16265 3.62899 2.52788 2.1081 2.28161 2.20975 1.77083 2.38092 2.1531 1.32896 1.14672 1.09667 0.134612
threshold=-1.3819699611135545 0.88579608189485493 -0.53614473034340193 0.42761251194305555 0.29834509949645738 0.14172737310317693 0.089371727626383998 0.32074917834382866 -0.53175780220493707 0.39807971566982242 1.0000000180025095e-35 -1.0000000180025095e-35 1.0000000180025095e-35
decision_type=2 2 2 2 2 2 2 2 2 2 2 2 2
left_child=-1 3 -3 5 10 6 7 8 -2 -7 12 -12 -5
right_child=1 2 -4 4 -6 9 -8 -9 -10 -11 11 -13 -14
leaf_value=0.012841264728167816 0.0147320705316433 -0.02533207582113773 -0.0012420289559407082 0.019014612916194752 -0.0050723302484001883 -0.0018259161993546529 -0.016887707402898352 -0.012751559611389818 -0.0043075223086994881 0.013784842248320798 0.0099075977891204189 -0.0032161150751017029 0.0076262045373237785
leaf_weight=9.408306270837782 7.734314799308776 7.1930615603923789 8.4584979116916639 8.440005421638487 11.74506703019142 8.5036898553371447 9.9237340390682203 11.03196084499359 10.826987832784658 7.835628777742385 10.231275141239164 9.187076687812807 7.3118988275527945
leaf_count=26 21 21 24 23 33 24 29 31 30 22 28 25 20
internal_value=7.87891e-06 -0.00110952 -0.0139102 0.000954474 0.00559495 -0.00288297 -0.00672358 -0.00247193 0.00383533 0.0058536 0.00938266 0.00362638 0.0151987
internal_weight=127.832 118.423 15.6516 102.772 46.9153 55.8563 39.517 29.5933 18.5613 16.3393 35.1703 19.4184 15.7519
internal_count=357 331 45 286 129 157 111 82 51 46 96 53 43
is_linear=0
shrinkage=0.03


Tree=95
num_leaves=12
num_cat=0
split_feature=41 16 36 19 41 19 35 32 10 35 23
split_gain=3.3661 2.2166 1.83435 1.74587 4.48629 2.52048 3.16717 1.23937 0.835853 0.491427 0.314351
threshold=178.50000000000003 0.50462321843941038 0.2899541355213775 1.0000000180025095e-35 144.00000000000003 1.1865334563325218 0.16765836106239287 0.26039176064717451 1.0000000180025095e-35 -0.35508859267386444 1.0000000180025095e-35
decision_type=2 2 2 2 2 2 2 2 2 2 2
left_child=3 8 -3 4 -1 6 -5 9 -2 -6 -8
right_child=1 2 -4 5 7 -7 10 -9 -10 -11 -12
leaf_value=0.015315301982567361 -0.0026577260032234788 0.0074106943954583516 -0.010738328079840606 -0.0016623819513258145 -0.0042713628107647322 -0.0031894928678452036 0.022360219661966729 0.00069007250997119387 -0.01797850237722088 -0.017846568608686181 0.0096369453580586115
leaf_weight=8.315302252769472 6.1377439796924618 11.41412001848221 6.6682170033454886 9.5457943975925463 6.5687328875064876 12.647967308759688 11.965264976024629 7.3298385441303244 13.143477916717528 8.6360871940851194 8.9346108138561231
leaf_count=25 20 35 23 30 22 37 33 22 56 29 25
internal_value=-2.09354e-05 -0.00724528 0.000101602 0.00362145 -0.00163652 0.00744853 0.0119979 -0.00870683 -0.0139341 -0.0132512 0.0181985
internal_weight=111.307 37.3636 18.0823 73.9436 30.85 43.0936 30.4457 22.5347 19.2812 15.2048 20.8999
internal_count=357 134 58 223 98 125 88 73 76 51 58
is_linear=0
shrinkage=0.03


Tree=96
num_leaves=12
num_cat=0
split_feature=25 21 0 31 12 30 2 1 36 36 29
split_gain=2.35684 2.06199 3.0376 2.41063 2.50188 2.38914 3.73805 2.00482 1.89857 0.714541 0.568033
threshold=0.97369707449409704 -0.21054944005885132 0.95582237097279854 0.14633492041399493 0.2855338343220038 0.17100182533776351 -0.53175780220493707 -1.0000000180025095e-35 -0.15743680419992356 -0.31925905899273477 0.54142694443545769
decision_type=2 2 2 2 2 2 2 2 2 2 2
left_child=1 5 3 7 -5 6 -1 10 -7 -2 -3
right_child=9 2 -4 4 -6 8 -8 -9 -10 -11 -12
leaf_value=-0.010259326866583891 -0.0034490548745673691 0.0051373550489620277 0.01879169208633168 0.0061076169545554006 -0.017249462181698885 0.0011779389385394819 0.01622438213128876 -0.0043573664244280063 -0.017056488255005969 -0.018381419738543049 0.021260277184894108
leaf_weight=6.9123582392931011 8.8407452553510648 6.1221168190240842 11.354643598198889 5.6999510824680319 8.1044593304395658 7.2293799966573742 9.4826733469963056 6.0802183598280015 11.524793803691862 5.2723644077777854 5.832219198346138
leaf_count=26 39 23 35 20 35 27 33 24 52 24 19
internal_value=0 0.00210267 0.0064411 0.00120926 -0.00755973 -0.00311037 0.00479921 0.00829365 -0.0101646 -0.0106418 0.0149426
internal_weight=92.4559 78.3428 43.1936 31.839 13.8044 35.1492 16.395 18.0346 18.7542 14.1131 11.9543
internal_count=357 294 156 121 55 138 59 66 79 63 42
is_linear=0
shrinkage=0.03


Tree=97
num_leaves=13
num_cat=0
split_feature=39 30 40 20 36 32 33 36 20 24 36 10
split_gain=2.25004 2.53218 2.6481 2.41523 2.22383 1.52773 1.96741 2.52612 2.71471 2.17763 1.24622 0.805596
threshold=1.3360163611628761 -0.40040885864189196 165.50000000000003 -0.31683596912912204 -0.31925905899273477 0.85155143346778661 0.96991900415684495 0.2899541355213775 -0.64421785329438075 -1.0000000180025095e-35 0.59773371816652798 0.31992333556132946
decision_type=2 2 2 2 2 2 2 2 2 2 2 2
left_child=1 3 -3 4 -1 6 7 8 -4 11 -6 -10
right_child=-2 2 5 -5 10 -7 -8 -9 9 -11 -12 -13
leaf_value=-0.010576404499548824 -0.011610779237059273 -0.015249949337510732 0.010179059804469988 0.017753587567899465 0.014390740706232252 -0.0078505335399492084 0.014362493658330951 0.011465098876972514 -0.018857143834398724 0.0034578705514638915 -0.00052988949839902525 -0.0042342893673241637
leaf_weight=7.3075964748859432 11.850805073976515 9.5617890954017621 7.6680335700511852 12.46046859025955 9.1577486991882342 13.78079119324684 9.2635491788387281 11.483516454696653 11.046895235776896 8.1903523206710975 7.9651047289371482 7.8487704396247855
leaf_count=20 34 27 21 34 25 39 26 32 32 23 22 22
internal_value=1.14687e-05 0.00138606 -0.00160012 0.00773759 0.00166618 0.000482218 0.00280862 0 -0.00395415 -0.00848933 0.00764423 -0.0138355
internal_weight=127.585 115.735 78.8437 36.8909 24.4304 69.2819 55.5011 46.2376 34.7541 27.086 17.1229 18.8957
internal_count=357 323 222 101 67 195 156 130 98 77 47 54
is_linear=0
shrinkage=0.03


Tree=98
num_leaves=14
num_cat=0
split_feature=27 41 19 19 41 35 25 17 26 27 32 33 35
split_gain=3.23923 2.11359 2.43899 2.23391 4.34903 2.27632 2.18786 1.90186 1.41231 1.40798 1.20055 1.11089 0.484032
threshold=1.6705176068519103 178.50000000000003 1.1865334563325218 1.0000000180025095e-35 144.00000000000003 0.16765836106239287 0.63993821170543452 0.32604357241378573 0.8418297547658854 0.64331468905112621 0.26039176064717451 -0.17702065958609567 -0.35508859267386444
decision_type=2 2 2 2 2 2 2 2 2 2 2 2 2
left_child=1 2 3 4 -1 -5 7 -3 11 -7 12 -9 -6
right_child=-2 6 -4 5 10 9 -8 8 -10 -11 -12 -13 -14
leaf_value=0.015044327814618822 0.01800319145632821 -0.021618255560949845 -0.012661341014166537 -0.0016400883302455536 -0.0041783638684601658 0.023537889663462146 0.0057163970135929911 -0.017164986597008818 0.0051745441332851925 0.005619983524329351 0.00063378971431657968 0 -0.017664051818099984
leaf_weight=8.3401443660259265 6.766510695219039 8.8532270938158053 7.716992884874343 9.5339207053184527 6.5463504344224939 8.8610400855541247 7.8050966858863822 7.1402944177389163 6.780834048986434 10.226605355739592 7.3345604836940756 6.5730770826339722 8.5713274031877518
leaf_count=25 19 35 23 30 22 25 24 29 23 28 22 23 29
internal_value=-2.8542e-05 -0.00149396 0.00161882 0.00383821 -0.00160668 0.00968355 -0.00711821 -0.0108381 -0.00475169 0.0153383 -0.00859718 -0.0100806 -0.0130897
internal_weight=111.05 104.283 67.1309 59.4139 30.7924 28.6216 37.1525 29.3474 20.4942 19.0876 22.4522 13.7134 15.1177
internal_count=357 338 204 181 98 83 134 110 75 53 73 52 51
is_linear=0
shrinkage=0.03


Tree=99
num_leaves=13
num_cat=0
split_feature=19 34 34 28 16 41 37 12 28 21 35 32
split_gain=2.30164 2.23002 2.97452 2.8346 2.51859 2.15641 1.66743 1.51342 1.91988 1.03145 0.556562 0.232341
threshold=-1.0454176971300073 -0.14694299906048594 1.0000000180025095e-35 0.32915423760306389 -1.0000000180025095e-35 491.00000000000006 -0.81390813002779105 -0.84108008382855759 0.11778164611647612 0.96087108099585217 0.16765836106239287 0.55597159705748056
decision_type=2 2 2 2 2 2 2 2 2 2 2 2
left_child=9 6 -3 5 -5 11 -2 10 -9 -1 -8 -4
right_child=1 2 3 4 -6 -7 7 8 -10 -11 -12 -13
leaf_value=0.016196535812947322 -0.017814272301186033 0.018552526815023469 -0.018287792635019947 -0.0055443080124647067 0.016825038481136187 0.0040249191446843375 -0.0009933572852377265 0.00019388320306532348 -0.019389559054309821 0 0.011128222492129624 -0.0051900602384978272
leaf_weight=8.6093740463256818 9.1184843331575376 6.8332927525043479 8.6408865749835986 6.237414002418519 9.3851937055587733 6.9469377994537345 4.9739184379577637 8.8831883072853071 6.5138045400381097 6.1626680344343177 5.0666121244430542 4.9120449572801581
leaf_count=30 41 23 36 24 33 24 19 35 29 22 21 20
internal_value=0 -0.00209809 0.00234196 -0.00118253 0.00784023 -0.0083971 -0.00765165 -0.00299683 -0.00872173 0.0102921 0.00525485 -0.0149295
internal_weight=92.2838 77.5118 42.9558 36.1225 15.6226 20.4999 34.556 25.4375 15.397 14.772 10.0405 13.5529
internal_count=357 305 160 137 57 80 145 104 64 52 40 56
is_linear=0
shrinkage=0.03


Tree=100
num_leaves=13
num_cat=0
split_feature=39 30 28 36 25 20 36 19 2 36 24 0
split_gain=2.17636 2.43733 2.61927 2.34251 2.99063 2.33682 2.12561 1.52231 1.22018 1.20572 0.778239 0.564047
threshold=1.3360163611628761 -0.40040885864189196 -0.72770871982987473 0.48985221497132064 1.3074559372827597 -0.31683596912912204 -0.31925905899273477 1.0000000180025095e-35 -0.65484727401506249 0.59773371816652798 1.0000000180025095e-35 -0.18774338671777316
decision_type=2 2 2 2 2 2 2 2 2 2 2 2
left_child=1 5 -3 4 7 6 -1 11 -5 -8 -9 -4
right_child=-2 2 3 8 -6 -7 9 10 -10 -11 -12 -13
leaf_value=-0.010348094484543767 -0.011429681326397212 0.013559806577961393 0.0036602900144129934 -0.0030752188604732849 0.0093863476355951561 0.017461800906755403 0.014114172845446173 -0.017076477224443522 0.011319762846613485 -0.00055531168852964168 -0.004626110348780829 -0.0064184656479572902
leaf_weight=7.2953173518180874 11.818437814712523 7.5511697530746451 7.312024503946307 7.5386690199375179 7.2956652641296378 12.441724330186842 9.150879919528963 19.572966367006305 10.716357350349424 7.956167370080947 9.5069221854209882 9.2072583138942701
leaf_count=20 34 21 20 21 20 34 25 57 30 22 27 26
internal_value=1.41652e-05 0.00136743 -0.00156431 -0.00349885 -0.00670434 0.00760248 0.00162389 -0.00962312 0.00528931 0.00747444 -0.0136289 -0.00169094
internal_weight=127.364 115.545 78.701 71.1499 52.8948 36.8441 24.4024 45.5992 18.255 17.107 29.0799 16.5193
internal_count=357 323 222 201 150 101 67 130 51 47 84 46
is_linear=0
shrinkage=0.03


Tree=101
num_leaves=11
num_cat=0
split_feature=5 25 38 30 25 26 37 33 33 32
split_gain=2.36213 2.08479 2.17193 1.86139 2.10728 1.59583 1.67205 1.38992 1.38697 0.623149
threshold=0.57977742808043942 0.63993821170543452 -0.51287243047387443 0.089371727626383998 1.0000000180025095e-35 0.8418297547658854 0.91822422418932637 -0.40640859233468368 0.51114313865966887 -0.33076791217343771
decision_type=2 2 2 2 2 2 2 2 2 2
left_child=1 3 -3 5 7 6 9 -5 -2 -1
right_child=8 2 -4 4 -6 -7 -8 -9 -10 -11
leaf_value=-0.0079821717138505895 0.014503033707722638 -0.0048025181922683709 0.013898446064606886 -4.0454738163225785e-05 -0.0094464197180263425 0.00059215556190743651 0 0.015669254937719316 0.00041069951689019129 -0.02131868226709854
leaf_weight=10.270554915070536 11.950519517064096 8.4579685330390948 10.947917729616163 10.092815995216371 9.581109553575514 9.9359588176012021 6.4880570769309989 7.3589602112770107 13.691991388797758 12.023379504680635
leaf_count=38 34 26 32 32 31 34 25 22 39 44
internal_value=-3.13933e-05 -0.00250227 0.00570095 -0.00508576 0.000759387 -0.00919214 -0.01263 0.00698321 0.00763793 -0.0163174
internal_weight=110.799 85.1567 19.4059 65.7508 27.0329 38.718 28.782 17.4518 25.6425 22.2939
internal_count=357 284 58 226 85 141 107 54 73 82
is_linear=0
shrinkage=0.03


Tree=102
num_leaves=12
num_cat=0
split_feature=19 40 41 2 13 22 16 0 21 40 36
split_gain=2.21816 1.93219 2.68308 1.89808 2.3572 1.46018 1.79552 1.25983 0.989875 0.728946 0.457443
threshold=-1.0454176971300073 118.00000000000001 426.00000000000006 -0.53175780220493707 0.18962748894087569 0.88579608189485459 0.50462321843941038 0.95582237097279854 0.96087108099585217 518.00000000000011 -0.80472582337116783
decision_type=2 2 2 2 2 2 2 2 2 2 2
left_child=8 -2 5 -4 -5 7 -7 9 -1 10 -3
right_child=1 2 3 4 -6 6 -8 -9 -10 -11 -12
leaf_value=0.015842311309367113 0.014218330385747087 -0.0056319191925386361 -0.0040916284531428001 0.022863006235697123 -0.0017217683989794543 -0.0080151903193331261 0.011218765559407104 0.0005420498389869427 0 -0.003422092825362611 -0.018642275549731059
leaf_weight=8.6572525501251203 4.475574165582656 6.6449189484119406 9.4056939780712145 6.6030863374471647 5.1065180599689484 7.8873890191316587 6.5931184887886047 6.9287135750055304 6.159099504351615 8.4841226637363416 15.21191275119782
leaf_count=30 17 27 34 21 20 33 26 24 22 35 68
internal_value=0 -0.00207047 -0.00341826 0.00518516 0.0127094 -0.00708851 0.000597796 -0.0101372 0.0100816 -0.0126751 -0.0155595
internal_weight=92.1574 77.341 72.8655 21.1153 11.7096 51.7502 14.4805 37.2697 14.8164 30.341 21.8568
internal_count=357 305 288 75 41 213 59 154 52 130 95
is_linear=0
shrinkage=0.03


Tree=103
num_leaves=14
num_cat=0
split_feature=39 30 28 20 36 34 36 23 2 36 36 19 12
split_gain=2.09255 2.3137 2.50745 2.24912 2.24465 3.04633 2.06159 1.2049 1.1799 1.16957 1.05205 0.59785 0.334909
threshold=1.3360163611628761 -0.40040885864189196 -0.72770871982987473 -0.31683596912912204 0.48985221497132064 -1.1874451610028367 -0.31925905899273477 0.32802215284802749 -0.65484727401506249 0.59773371816652798 -0.80472582337116783 0.22998296199143767 -1.0000000180025095e-35
decision_type=2 2 2 2 2 2 2 2 2 2 2 2 2
left_child=1 3 -3 6 5 -4 -1 10 -6 -8 -7 -9 -12
right_child=-2 2 4 -5 8 7 9 11 -10 -11 12 -13 -14
leaf_value=-0.010236020102738953 -0.011219967326355796 0.013284450220342997 0.0098906380163233318 0.017101691285719364 -0.0030313073365451533 -0.0023840470457745944 0.013866797857884312 0.0033881187718661802 0.011119068333684081 -0.0005718742037329617 -0.021348058718890988 -0.007379699979185422 -0.0096804326918076677
leaf_weight=7.2877653837204006 11.779790937900541 7.5468240082263938 7.0996731221675864 12.424006462097166 7.5338048040866878 8.5021446645259804 9.1442303359508532 7.5597526133060438 10.715902119874952 7.9559529125690451 9.8153962492942792 7.4129582047462463 12.374802410602578
leaf_count=20 34 21 20 34 21 24 25 21 30 22 29 21 35
internal_value=1.74886e-05 0.00134546 -0.00151281 0.00742239 -0.00341035 -0.00655572 0.00155447 -0.00947313 0.00518718 0.00732217 -0.0127894 -0.00176531 -0.0161196
internal_weight=127.153 115.373 78.5613 36.812 71.0144 52.7647 24.3879 45.6651 18.2497 17.1002 30.6923 14.9727 22.1902
internal_count=357 323 222 101 201 150 67 130 51 47 88 42 64
is_linear=0
shrinkage=0.03


Tree=104
num_leaves=13
num_cat=0
split_feature=41 31 19 41 19 30 30 18 32 32 9 12
split_gain=3.04069 2.08327 1.4909 4.17085 2.39479 3.0991 2.07732 1.34537 1.27395 1.16971 0.484576 0.356528
threshold=178.50000000000003 -0.76419347327308607 1.0000000180025095e-35 144.00000000000003 1.1865334563325218 -0.15551856550775381 0.66078241160603957 1.0000000180025095e-35 1.1471312698780927 0.26039176064717451 -0.65742470816276544 0.50300098400143411
decision_type=2 2 2 2 2 2 2 2 2 2 2 2
left_child=2 -2 3 -1 5 -4 -7 -3 10 11 -9 -5
right_child=1 7 4 9 -6 6 -8 8 -10 -11 -12 -13
leaf_value=0.014808335669326029 0.0035732777082861573 -0.021036820834531043 -0.0039877115295137251 -0.0055121007958765442 -0.0034027740027395901 0.027230695223631439 0.007412167737845695 -0.0020247419019534872 0.0031293949605559622 0.00074185841189337767 -0.016549548140542679 -0.017880953898217769
leaf_weight=8.3595048785209674 10.501991808414457 7.9017696678638485 7.6333733201026943 7.8908428549766558 12.630631506443022 9.0459379255771655 13.78833147883415 4.9301927238702792 7.3765619546174994 7.3056151866912833 6.1581032872200012 7.0784659683704376
leaf_count=25 34 32 25 25 37 25 38 18 26 22 24 26
internal_value=-3.12843e-05 -0.00695559 0.00342098 -0.00145075 0.00695068 0.0113888 0.0167045 -0.0113312 -0.00560882 -0.00835426 -0.0115788 -0.0128211
internal_weight=110.601 36.8686 73.7327 30.6344 43.0983 30.4676 22.8343 26.3666 18.4649 22.2749 11.0883 14.9693
internal_count=357 134 223 98 125 88 63 100 68 73 42 51
is_linear=0
shrinkage=0.03


Tree=105
num_leaves=14
num_cat=0
split_feature=25 2 26 26 26 12 34 12 28 21 21 30 12
split_gain=2.24025 2.42076 1.75312 2.04022 1.5573 1.91113 1.365 1.16737 0.956308 0.790213 1.75458 2.12619 0.439548
threshold=0.30617934891677195 0.13963931675938418 0.7115596106603711 1.4931804752934559 -0.20033139807822745 -0.83920518203958305 0.72014213589147358 1.057061877339674 0.54052682908965188 1.0000000180025095e-35 -0.21054944005885132 1.0000000180025095e-35 -0.82267880918904102
decision_type=2 2 2 2 2 2 2 2 2 2 2 2 2
left_child=1 2 4 6 -1 -6 -4 -7 -3 10 11 -2 -11
right_child=9 8 3 -5 5 7 -8 -9 -10 12 -12 -13 -14
leaf_value=0 0.0051059081414905894 -0.017112318077395952 0.0032077580058520465 0.012717604107767774 0.024678049644474814 -0.0027274172232636062 -0.013241084620819301 0.013798994778252313 0 -0.018325405332660912 0.0094381076336709484 -0.016913486494052426 -0.0039257056621341052
leaf_weight=7.8157939910888699 5.2336928993463543 4.3949929773807508 6.4984209984540966 5.9243407100439063 8.867281988263132 6.3418751358985883 8.6632206290960294 5.7525874972343445 7.1752393245697021 5.1344601511955261 6.1153564453125027 8.0337913334369642 6.048627093434332
leaf_count=28 20 21 24 21 28 23 33 20 29 23 24 37 26
internal_value=0 0.0033116 0.00624519 -0.000110477 0.0108751 0.0148935 -0.00617677 0.00534706 -0.00813781 -0.0064307 -0.00205879 -0.00818474 -0.0123955
internal_weight=91.9997 61.4338 49.8635 21.086 28.7775 20.9617 15.1616 12.0945 11.5702 30.5659 19.3828 13.2675 11.1831
internal_count=357 227 177 78 99 71 57 43 50 130 81 57 49
is_linear=0
shrinkage=0.03


Tree=106
num_leaves=13
num_cat=0
split_feature=21 22 29 39 12 35 21 39 16 37 21 35
split_gain=2.07458 3.267 2.49176 2.28004 1.96481 4.25963 2.0712 1.45027 1.611 1.37969 1.32764 1.02056
threshold=-1.3819699611135545 0.88579608189485493 -0.53614473034340193 1.3360163611628761 0.42761251194305555 0.29834509949645738 -0.60102294707708559 -0.64511693451789942 -0.8017617633072861 1.0000000180025095e-35 -1.0000000180025095e-35 -0.35508859267386444
decision_type=2 2 2 2 2 2 2 2 2 2 2 2
left_child=-1 3 -3 4 6 9 -2 11 -9 -6 -11 -8
right_child=1 2 -4 -5 5 -7 7 8 -10 10 -12 -13
leaf_value=0.012600248141397973 0.01174515042209855 -0.024728928174081351 -0.00077570794278114747 -0.011399536399824479 0.019238655221343028 -0.0085813348128163328 -0.0047868978056071531 0 -0.015737617366387627 0.012794269175485979 -0.0021051771559595519 0.0082901549623339028
leaf_weight=9.3798161149024946 7.1969916224479595 7.0651538372039786 8.3734917938709241 10.433819919824598 14.207368284463881 10.18358466029167 8.6559621691703814 11.29207700490951 12.491725295782109 9.4148359894752485 8.7736908495426196 9.4481344223022372
leaf_count=26 20 21 24 30 39 29 24 32 36 26 24 26
internal_value=1.62217e-05 -0.00108374 -0.0133107 0.000873189 0.0024956 0.0071223 -0.00149148 -0.00423146 -0.00892825 0.012397 0.00568958 0.00184381
internal_weight=126.917 117.537 15.4386 102.098 91.6644 42.5795 49.0849 41.8879 23.7838 32.3959 18.1885 18.1041
internal_count=357 331 45 286 256 118 138 118 68 89 50 50
is_linear=0
shrinkage=0.03


Tree=107
num_leaves=12
num_cat=0
split_feature=27 41 16 22 15 12 12 39 1 32 31
split_gain=2.9927 1.90333 2.17463 1.85124 1.55649 1.35501 1.87557 2.9215 2.27268 1.96852 0.843363
threshold=1.6705176068519103 178.50000000000003 0.50462321843941038 -0.35431843275794156 -1.0110605405412845 1.03467153118543 0.53678355632574504 1.0000000180025095e-35 1.0000000180025095e-35 0.26039176064717451 -0.53656137485131572
decision_type=2 2 2 2 2 2 2 2 2 2 2
left_child=1 4 10 -4 -1 6 7 8 9 -6 -3
right_child=-2 2 3 -5 5 -7 -8 -9 -10 -11 -12
leaf_value=-0.0078344021094029666 0.017255058557374501 -0.0026343341878323065 0.01119313517810853 -0.0068808077022390404 -0.0039617657977212353 0.014106308435970882 -0.0092866012501782759 0.015038366427992318 -0.011734838038833901 0.016219094433964864 -0.017848155362676778
leaf_weight=11.362559139728544 6.7945297062396994 6.3836741298437145 7.2493501305580166 10.617710977792738 7.6179517954587954 7.9760668873786917 9.7278160005807859 13.463780641555784 10.075273185968397 6.6413171589374542 12.448101341724394
leaf_count=36 19 23 22 36 25 24 32 38 30 19 53
internal_value=-3.8338e-05 -0.00146017 -0.00683694 0.000441627 0.00148837 0.00365815 0.00140436 0.00455792 -0.00154492 0.00570595 -0.0135608
internal_weight=110.358 103.564 36.6988 17.8671 66.8648 55.5022 47.5261 37.7983 24.3345 14.2593 18.8318
internal_count=357 338 134 58 204 168 144 112 74 44 76
is_linear=0
shrinkage=0.03


Tree=108
num_leaves=13
num_cat=0
split_feature=25 13 36 16 28 2 29 25 28 25 36 17
split_gain=2.18573 1.88579 3.1755 2.44662 2.02629 1.81615 1.79277 2.62973 1.18878 0.86696 0.713117 0.34998
threshold=0.97369707449409704 1.0000000180025095e-35 -0.80472582337116783 0.50462321843941038 1.3860171950360027 -0.48699799427398238 1.0000000180025095e-35 -0.36133837666055324 -0.72770871982987473 -0.69509723944921564 -0.31925905899273477 0.32604357241378573
decision_type=2 2 2 2 2 2 2 2 2 2 2 2
left_child=1 3 -3 6 11 9 7 -1 -8 -5 -2 -4
right_child=10 2 4 5 -6 -7 8 -9 -10 -11 -12 -13
leaf_value=-0.010220687045165079 -0.0031805052386041565 0.010976727521952367 -0.0039300033079377426 0 0.0046171571961818739 0.010133341222718081 0.0040505503338862719 0.014387834844073164 0.023532015408051402 -0.014047584887067907 -0.018135457931431776 -0.01738194785408554
leaf_weight=6.3083519041538239 8.7152006924152357 7.9336832165718105 4.7068468481302306 6.7311460524797448 5.4605170935392371 5.7762623727321616 5.8512516915798178 6.2103609591722506 9.7578941732645017 7.4067566096782693 5.1258003115653983 11.854853719472885
leaf_count=24 39 28 20 26 22 21 19 21 31 30 24 52
internal_value=0 0.0020264 -0.00365075 0.00569076 -0.00953943 -0.00204978 0.0111998 0.00179251 0.0175753 -0.00790561 -0.0103417 -0.014535
internal_weight=91.8389 77.9979 29.9559 48.042 22.0222 19.9142 28.1279 12.5187 15.6091 14.1379 13.841 16.5617
internal_count=357 294 122 172 94 77 95 45 50 56 63 72
is_linear=0
shrinkage=0.03


Tree=109
num_leaves=14
num_cat=0
split_feature=21 22 29 39 12 21 39 19 39 16 28 37 28
split_gain=1.98502 3.15153 2.40314 2.20253 1.87866 2.00245 1.58526 1.77354 1.37738 1.56178 1.02924 0.649539 0.411683
threshold=-1.3819699611135545 0.88579608189485493 -0.53614473034340193 1.3360163611628761 0.42761251194305555 -0.60102294707708559 1.0000000180025095e-35 -1.0000000180025095e-35 -0.64511693451789942 -0.8017617633072861 0.32915423760306389 1.0000000180025095e-35 -0.30496353685669925
decision_type=2 2 2 2 2 2 2 2 2 2 2 2 2
left_child=-1 3 -3 4 5 -2 7 11 10 -10 -7 -6 -8
right_child=1 2 -4 -5 6 8 12 -9 9 -11 -12 -13 -14
leaf_value=0.012324416867227218 0.011562457160010156 -0.024389497476152131 -0.00079254050354445656 -0.011220951508613361 0.013675266287385893 -0.0035969403944407828 0.019299016110630163 -0.0065697540097236409 0 -0.015458542921024816 0.0097304882205695355 0.0012139322984425446 0.0059014741847372397
leaf_weight=9.3781792521476728 7.1985201239585797 6.9916468858718863 8.3707727789878827 10.400678426027296 7.9895206987857845 10.857086420059199 7.9108778536319733 10.667737007141115 11.27882775664329 12.431146591901799 7.2399460077285758 8.7334850132465345 7.2018951773643476
leaf_count=26 20 21 24 30 22 30 22 30 32 36 20 24 20
internal_value=1.40199e-05 -0.00106313 -0.0131019 0.000857361 0.00245349 -0.00144606 0.00698195 0.00215486 -0.00414737 -0.00873489 0.00176538 0.00813227 0.014385
internal_weight=126.65 117.272 15.3624 101.91 91.509 49.0055 42.5035 27.3907 41.807 23.71 18.097 16.723 15.1128
internal_count=357 331 45 286 256 138 118 76 118 68 50 46 42
is_linear=0
shrinkage=0.03


Tree=110
num_leaves=13
num_cat=0
split_feature=27 41 19 16 19 41 30 30 22 32 10 35
split_gain=2.85551 1.83054 2.33872 2.11931 1.90079 3.98131 2.25627 3.46851 1.78366 1.12559 0.801955 0.504965
threshold=1.6705176068519103 178.50000000000003 1.1865334563325218 0.50462321843941038 1.0000000180025095e-35 144.00000000000003 -0.15551856550775381 0.66078241160603957 -0.35431843275794156 0.26039176064717451 1.0000000180025095e-35 -0.35508859267386444
decision_type=2 2 2 2 2 2 2 2 2 2 2 2
left_child=1 2 4 10 5 -1 -6 -8 -5 11 -3 -7
right_child=-2 3 -4 8 6 9 7 -9 -10 -11 -12 -13
leaf_value=0.014432474274303183 0.016832449385999985 -0.0023805954902099062 -0.012565678437555336 0.010984173341149945 -0.0038597406390699007 -0.0036806166678531728 0.02649353998296405 0.0019972864894780926 -0.0067589249766017295 0.00071014166415501697 -0.017466207406896212 -0.017238594811053849
leaf_weight=8.3849279880523699 6.8116515576839438 6.0669140368700054 7.6644442826509467 7.2670485377311733 7.597711160779002 6.4279817938804635 9.0613523721694964 11.934134125709532 10.571358397603033 7.294315665960311 12.596346765756605 8.4037947207689285
leaf_count=25 19 20 23 22 25 22 25 33 36 22 56 29
internal_value=-3.79961e-05 -0.00143309 0.00145556 -0.00672376 0.0036388 -0.00140571 0.00902279 0.0138979 0.000450367 -0.00819696 -0.0134018 -0.0126078
internal_weight=110.082 103.27 66.7687 36.5017 59.1042 30.511 28.5932 20.9955 17.8384 22.1261 18.6633 14.8318
internal_count=357 338 204 134 181 98 83 58 58 73 76 51
is_linear=0
shrinkage=0.03


Tree=111
num_leaves=13
num_cat=0
split_feature=25 19 19 0 25 23 2 36 36 29 36 28
split_gain=2.12499 2.08532 1.60144 2.24692 2.08162 1.99111 1.83518 1.80976 1.3797 1.30433 0.700183 0.374723
threshold=0.97369707449409704 -1.0454176971300073 0.54883312677179907 -0.18774338671777316 -0.36133837666055324 -0.66719520041043923 -0.53175780220493707 0.97531897934975398 -0.80472582337116783 1.0802127818248881 -0.31925905899273477 -0.5163361283432869
decision_type=2 2 2 2 2 2 2 2 2 2 2 2
left_child=1 9 3 8 -4 -6 7 11 -3 -1 -2 -5
right_child=10 2 4 6 5 -7 -8 -9 -10 -11 -12 -13
leaf_value=0.02087371136148674 -0.0031336540161432712 9.0922725826040487e-05 -0.0059850137942010799 -0.015373439266625469 -0.00021886508246633977 0.020722935680198926 0.011960734200043399 0.0074457039728513478 -0.016977917225752773 0.00067779098838674306 -0.018006945923075234 -0.0029641488459351897
leaf_weight=6.2187104374170286 8.6942757666110975 5.3168123513460186 6.7464474886655834 5.5465377420186988 5.933976650238038 8.4647403359413111 8.9594138413667732 6.9073464274406424 11.386986315250391 5.7825457155704498 5.0564376562833777 6.6599573493003872
leaf_count=20 39 20 28 22 23 31 31 23 50 20 24 26
internal_value=0 0.00199664 -0.000110851 -0.0033924 0.00633762 0.0125087 0.00166313 -0.00339181 -0.0116555 0.0127436 -0.0102295 -0.0101059
internal_weight=91.6742 77.9235 65.9222 44.7771 21.1452 14.3987 28.0733 19.1138 16.7038 12.0013 13.7507 12.2065
internal_count=357 294 254 172 82 54 102 71 70 40 63 48
is_linear=0
shrinkage=0.03


Tree=112
num_leaves=14
num_cat=0
split_feature=21 30 12 15 36 37 19 0 13 29 33 36 13
split_gain=1.90353 2.46429 1.58844 1.9394 2.66922 2.84205 1.88329 1.84157 1.48625 0.812076 0.744656 0.859156 0.527953
threshold=-1.3819699611135545 1.2321930955856955 0.42761251194305555 -0.26760304729051648 0.59773371816652798 -0.81390813002779105 1.0000000180025095e-35 0.3173314895955624 -0.9092904096182145 0.54142694443545769 1.0000000180025095e-35 0.2899541355213775 0.11250148212797877
decision_type=2 2 2 2 2 2 2 2 2 2 2 2 2
left_child=-1 2 3 -2 5 -5 7 9 -7 -4 11 -8 -10
right_child=1 -3 6 4 -6 8 10 -9 12 -11 -12 -13 -14
leaf_value=0.012072916830520971 -0.012955196739413 -0.015903649575900729 0.017777474146583393 0.005820438306964955 0.012159744705228803 0 -0.012244583506000078 -0.002962946676384711 -0.021572951462515144 0.0039299644076538293 0.0044609925553944184 0.00079410633629219737 -0.0065363522106743717
leaf_weight=9.3788804411888105 12.378113746643065 7.7611736655235282 13.001870572566991 13.850979238748542 10.477281540632246 7.0204396247863725 7.6875107288360613 7.3094012439250937 7.3336671590805178 8.3540882766246778 7.53976947069168 7.1048431396484375 7.179392397403717
leaf_count=26 35 23 36 39 29 20 22 20 22 23 21 20 21
internal_value=1.87023e-05 -0.00103755 0.000165601 -0.00312614 -2.02988e-05 -0.0041373 0.00402102 0.00896495 -0.0107648 0.0132365 -0.00223806 -0.00611723 -0.0158183
internal_weight=126.377 116.999 109.237 58.2399 45.8618 35.3845 50.9975 28.6654 21.5335 21.356 22.3321 14.7924 14.5131
internal_count=357 331 308 166 131 102 142 79 63 59 63 42 43
is_linear=0
shrinkage=0.03


Tree=113
num_leaves=14
num_cat=0
split_feature=27 41 19 16 19 41 30 30 31 36 32 34 14
split_gain=2.72628 1.76893 2.26606 2.03903 1.81701 3.83524 2.15956 3.34454 1.76962 1.73085 1.08858 0.166181 0.00073435
threshold=1.6705176068519103 178.50000000000003 1.1865334563325218 0.50462321843941038 1.0000000180025095e-35 144.00000000000003 -0.15551856550775381 0.66078241160603957 -0.76419347327308607 0.2899541355213775 0.26039176064717451 -0.58048556653646555 1.2808818392512122
decision_type=2 2 2 2 2 2 2 2 2 2 2 2 2
left_child=1 2 4 8 5 -1 -6 -8 -3 -5 11 -7 -10
right_child=-2 3 -4 9 6 10 7 -9 12 -11 -12 -13 -14
leaf_value=0.014139185422948687 0.016419336489904502 0.0010747900409694288 -0.012403098723431417 0.0074706281829673782 -0.0037747308961835349 -0.0052592671800733345 0.025957125575071922 0.0019086829452271523 -0.021107468553294838 -0.010266333641220503 0.00067792969894251722 -0.01587647834542465 -0.0080511143776725736
leaf_weight=8.4124109447002429 6.8275369107723227 4.8646193742752102 7.6309655159711829 11.321230575442316 7.5786348879337337 6.5888880044221887 9.0737527906894702 11.93313232064247 9.0182123929262143 6.5181332081556311 7.2948501408100119 8.1441219002008438 4.5902094841003409
leaf_count=25 19 17 23 35 25 21 25 33 39 23 22 30 20
internal_value=-4.46122e-05 -0.00141379 0.0014238 -0.00663114 0.00357358 -0.00136319 0.00883596 0.0136005 -0.0132281 0.000386042 -0.00806253 -0.0124226 -0.0183372
internal_weight=109.797 102.969 66.6568 36.3124 59.0258 30.4403 28.5855 21.0069 18.473 17.8394 22.0279 14.733 13.6084
internal_count=357 338 204 134 181 98 83 58 76 58 73 51 59
is_linear=0
shrinkage=0.03


Tree=114
num_leaves=13
num_cat=0
split_feature=34 36 21 0 14 30 39 37 0 34 0 28
split_gain=2.07727 1.93816 2.28622 2.66875 2.55629 1.52579 1.46283 1.81048 1.315 1.85706 1.31302 1.0017
threshold=-0.14694299906048594 -0.64290356857835673 -0.21054944005885132 0.95582237097279854 0.26282068853669738 0.17100182533776351 -0.64511693451789942 -0.81390813002779105 -1.0644771342805446 -0.84061110702205333 -0.18774338671777316 1.0000000180025095e-35
decision_type=2 2 2 2 2 2 2 2 2 2 2 2
left_child=6 -2 5 4 10 -3 -1 -8 -9 -10 -4 -11
right_child=1 2 3 -5 -6 -7 7 8 9 11 -12 -13
leaf_value=-0.014634696970349173 0.017956298832607215 0.0019170146655351661 -0.00047147921903823754 0.017779299552999332 -0.012101656406652754 -0.014898208182430719 -0.014856294001461901 -0.0092840282226630093 0.01706048633773033 -0.0076903423217105967 0.017907760227915834 0.0073310948854132538
leaf_weight=9.2174774408340436 6.1952259987592688 7.7817658036947277 6.1214115768671045 10.103443607687948 8.0513045936822873 8.5146281123161298 5.630370885133746 5.2027630954980877 6.7014500051736894 7.3862072676420159 4.9932639151811644 5.626433402299881
leaf_count=45 20 28 25 30 32 38 24 24 24 29 17 21
internal_value=0 0.00394607 0.00140217 0.00641549 -0.000140334 -0.00704675 -0.00502074 -0.00138334 0.00210467 0.00583703 0.00845733 -0.000695491
internal_weight=91.5257 51.761 45.5658 29.2694 19.166 16.2964 39.7647 30.5472 24.9169 19.7141 11.1147 13.0126
internal_count=357 190 170 104 74 66 167 122 98 74 42 50
is_linear=0
shrinkage=0.03


Tree=115
num_leaves=14
num_cat=0
split_feature=12 19 29 25 14 15 22 32 12 28 33 37 30
split_gain=1.61158 2.12917 2.20305 1.76528 1.73331 1.37811 1.32325 1.31103 1.20862 1.01739 2.20773 1.38884 0.0388061
threshold=0.35100532740841389 0.54883312677179907 -0.53614473034340193 1.3074559372827597 1.1173916955920777 1.0000000180025095e-35 -1.2223985930148988 0.55597159705748056 -0.93961571829525103 -0.5163361283432869 -0.40640859233468368 -1.0000000180025095e-35 0.41589211847190133
decision_type=2 2 2 2 2 2 2 2 2 2 2 2 2
left_child=3 6 -3 4 5 -1 -2 8 12 10 -8 -11 -7
right_child=1 2 -4 -5 -6 7 9 -9 -10 11 -12 -13 -14
leaf_value=-0.017551739246812036 -0.003764513148051167 -0.015960790114213492 0.0045059505999142926 0.0075982538978264557 0.0036363018656857607 0.0063034198382715886 0.025815015983806044 -0.015000227373664164 -0.0078445595769656758 0.012256366940410407 0.0028512920625895807 -0.0017405512809105567 0.0011905891368965465
leaf_weight=9.9535122811794263 7.3238795697689048 7.523964285850524 8.2351892292499524 9.656257897615431 12.88199460506439 7.1829041838645882 6.9741593897342673 6.7913529872894278 11.285694897174841 9.2517588436603528 8.7612117826938576 13.471412599086767 6.8189305663108826
leaf_count=29 20 22 23 27 36 20 20 20 33 26 24 37 20
internal_value=1.84835e-05 0.00349541 -0.00545585 -0.00320865 -0.00536682 -0.00829412 0.00677883 -0.00458723 -0.000883311 0.00900276 0.0147382 0.00411668 0.00455665
internal_weight=126.112 61.5416 15.7592 64.5706 54.9144 42.0324 45.7824 32.0789 25.2875 38.4585 15.7354 22.7232 14.0018
internal_count=357 172 45 185 158 122 127 93 73 107 44 63 40
is_linear=0
shrinkage=0.03


Tree=116
num_leaves=13
num_cat=0
split_feature=27 41 19 16 19 41 30 30 31 22 35 14
split_gain=2.60977 1.69889 2.18707 1.96881 1.73919 3.6967 2.08602 3.21314 1.73822 1.70317 1.11923 0.00411616
threshold=1.6705176068519103 178.50000000000003 1.1865334563325218 0.50462321843941038 1.0000000180025095e-35 144.00000000000003 -0.15551856550775381 0.66078241160603957 -0.76419347327308607 -0.35431843275794156 -0.093715115805735508 1.2808818392512122
decision_type=2 2 2 2 2 2 2 2 2 2 2 2
left_child=1 2 4 8 5 -1 -6 -8 -3 -5 -7 -10
right_child=-2 3 -4 9 6 10 7 -9 11 -11 -12 -13
leaf_value=0.013844445335484267 0.016044126311759485 0.0010951973842553235 -0.012225124644718057 0.010638349536629737 -0.0037450382051922547 -0.00073903075692235639 0.025425893316051728 0.0018519938947618886 -0.020942315164960638 -0.0067001689128361706 -0.014549986540374467 -0.0079138086631054851
leaf_weight=8.4366364479064959 6.8398500978946677 4.8613250702619579 7.59558081626892 7.2917541861534145 7.5716529637575176 11.718083769083025 9.0862507522106188 11.930819034576414 8.877295717597006 10.535597518086432 10.212572127580641 4.557750701904296
leaf_count=25 19 17 23 22 25 39 25 33 39 36 34 20
internal_value=-4.8205e-05 -0.00139339 0.001385 -0.0065227 0.00349752 -0.00133739 0.00864327 0.0133249 -0.0130477 0.000356449 -0.00794627 -0.0181629
internal_weight=109.515 102.675 66.5516 36.1237 58.956 30.3673 28.5887 21.0171 18.2964 17.8274 21.9307 13.435
internal_count=357 338 204 134 181 98 83 58 76 58 73 59
is_linear=0
shrinkage=0.03


Tree=117
num_leaves=13
num_cat=0
split_feature=25 5 26 26 26 12 34 39 29 24 12 28
split_gain=2.04197 2.24405 1.64094 1.84984 1.46438 1.77452 1.31433 1.2796 1.19932 1.44605 1.14058 0.879354
threshold=0.30617934891677195 0.13963931675938418 0.7115596106603711 1.4931804752934559 -0.20033139807822745 -0.83920518203958305 0.72014213589147358 -0.64511693451789942 -0.53614473034340193 1.0000000180025095e-35 1.057061877339674 0.54052682908965188
decision_type=2 2 2 2 2 2 2 2 2 2 2 2
left_child=1 2 4 6 -1 -6 -4 -2 -9 -10 -7 -3
right_child=7 11 3 -5 5 10 -8 8 9 -11 -12 -13
leaf_value=-3.8554935173682652e-06 -0.014825095107469453 -0.016736447923682986 0.0031724998729773918 0.011935525160617314 0.023733129258431202 -0.0028669053377867668 -0.013017413037969333 -0.011350591306591343 0.0098753541909397599 -0.0073748893962846031 0.013466808491771877 -6.652146385017574e-05
leaf_weight=7.7850990146398571 9.0081833302974719 4.2218572646379453 6.4739284664392498 5.9983865320682517 8.9304892569780367 6.3177816420793516 8.531929671764372 6.194381952285771 9.2738161832094139 5.6519129276275644 5.7586558908224106 7.1870169043540955
leaf_count=28 43 21 24 21 28 23 33 28 36 23 20 29
internal_value=0 0.00316902 0.00598592 -0.000168648 0.0104599 0.0143461 -0.00601559 -0.00618022 -0.00148917 0.00290098 0.00510724 -0.00792799
internal_weight=91.3334 61.2051 49.7963 21.0042 28.792 21.0069 15.0059 30.1283 21.1201 14.9257 12.0764 11.4089
internal_count=357 227 177 78 99 71 57 130 87 59 43 50
is_linear=0
shrinkage=0.03


Tree=118
num_leaves=13
num_cat=0
split_feature=39 30 40 25 20 31 22 3 19 29 14 15
split_gain=1.88695 2.0556 2.45043 2.17944 2.13642 1.90515 1.80786 1.98785 1.87614 1.7751 1.05793 1.01322
threshold=1.3360163611628761 -0.40040885864189196 165.50000000000003 1.0000000180025095e-35 -0.31683596912912204 1.0000000180025095e-35 0.88579608189485493 0.21250462847392679 -1.0000000180025095e-35 -0.26675181164868705 0.34624473172080894 -0.26760304729051648
decision_type=2 2 2 2 2 2 2 2 2 2 2 2
left_child=1 4 -3 6 10 9 7 8 -4 11 -1 -5
right_child=-2 2 3 5 -6 -7 -8 -9 -10 -11 -12 -13
leaf_value=-0.0045454217724743388 -0.010709472515314221 -0.014652650512179687 0.014778523612164324 0.013873892999038332 0.016493710909718882 0.015247224355776079 -0.01622676227703267 -0.010288686796451337 -0.0038344305160828954 -0.0090574891797440427 0.0072078007312440292 -0.00041953617981981228
leaf_weight=11.813971102237703 11.626852691173552 9.3985951244831067 8.2396604716777819 7.1832302212715096 12.331787139177321 11.147838175296782 7.5306416153907767 9.9719885587692243 8.0277347862720507 8.7645157277584129 12.371648520231245 7.4260471761226654
leaf_count=33 34 27 23 20 34 31 22 29 23 25 34 22
internal_value=2.16962e-05 0.0012907 -0.00141759 0.000593677 0.00703899 0.00584646 -0.00462618 -0.000383113 0.00570733 0.000472572 0.00130293 0.00687339
internal_weight=125.835 114.208 77.6903 68.2917 36.5174 34.5216 33.77 26.2394 16.2674 23.3738 24.1856 14.6093
internal_count=357 323 222 195 101 98 97 75 46 67 67 42
is_linear=0
shrinkage=0.03


Tree=119
num_leaves=13
num_cat=0
split_feature=29 36 22 25 32 41 15 16 15 40 36 35
split_gain=2.57385 2.16641 1.97936 1.9125 2.138 1.72568 2.72424 2.07852 2.29923 1.26445 0.80143 0.456771
threshold=-0.53614473034340193 -0.48108131378554581 0.88579608189485493 0.63993821170543452 -0.33076791217343771 290.00000000000006 -1.0110605405412845 1.0000000180025095e-35 1.0000000180025095e-35 207.00000000000003 -0.15743680419992356 0.16765836106239287
decision_type=2 2 2 2 2 2 2 2 2 2 2 2
left_child=1 -1 9 5 -5 6 -2 11 -9 -3 -7 -8
right_child=3 2 -4 4 -6 10 7 8 -10 -11 -12 -13
leaf_value=-0.0045501348384057085 -0.01782336967682378 0.01096048763073617 0.022358489688444103 -0.0055636588232520412 0.012261299468767075 -0.0030857995488451778 -0.010636627877262644 0.019972387029527246 -0.0017847295005972614 -0.0034024044380503654 -0.018087570695265627 0
leaf_weight=10.391651809215544 6.2239328771829596 10.071695715188985 7.6824224889278403 9.7705515623092669 11.242076247930525 6.626444652676585 6.8371811658144015 7.3145397752523404 7.3267206698656082 8.6270714700221998 11.587839677929876 5.5385772734880447
leaf_count=32 22 33 21 30 33 25 26 22 23 25 47 18
internal_value=-5.4239e-05 0.00620731 0.0106767 -0.00337414 0.00388799 -0.00647919 -0.00199485 0.00218688 0.00955899 0.00427625 -0.0135843 -0.00619286
internal_weight=109.241 36.7728 26.3812 72.4679 21.0126 51.4552 33.241 27.017 14.6413 18.6988 18.2143 12.3758
internal_count=357 111 79 246 63 183 111 89 45 58 72 44
is_linear=0
shrinkage=0.03


Tree=120
num_leaves=12
num_cat=0
split_feature=34 36 21 38 30 39 37 32 12 32 12
split_gain=1.99614 1.84275 2.19435 2.57501 1.47952 1.38963 1.76209 1.60877 2.36599 0.964605 0.688995
threshold=-0.14694299906048594 -0.64290356857835673 -0.21054944005885132 -0.51287243047387443 0.17100182533776351 -0.64511693451789942 -0.81390813002779105 -0.92192758499404992 -0.84424583843765311 0.55597159705748056 0.75178571887437229
decision_type=2 2 2 2 2 2 2 2 2 2 2
left_child=5 -2 4 -4 -3 -1 -7 -8 -9 -5 -10
right_child=1 2 3 9 -6 6 7 8 10 -11 -12
leaf_value=-0.014404532623024732 0.017492389277165048 0.0018619331588039807 0.017495955848321931 -0.0061780003241942993 -0.014741402917569486 -0.014744816098457297 0.012431366517941999 0.009168073982994138 -0.018274787458856825 0.0063406287300982822 -0.0017245414495863818
leaf_weight=9.0492426455020887 6.2322466522455207 7.770196512341502 10.029346570372583 10.442925259470941 8.3967278897762281 5.5800486803054836 7.5952880978584316 6.9335273802280488 5.0022739768028206 8.7643399983644468 5.3860777467489243
leaf_count=45 20 28 34 39 38 24 27 26 22 31 23
internal_value=0 0.00387009 0.00137271 0.00627967 -0.00694129 -0.00493752 -0.00139734 0.00203213 -0.00283626 -0.000130439 -0.0114989
internal_weight=91.1822 51.6358 45.4035 29.2366 16.1669 39.5465 30.4972 24.9172 17.3219 19.2073 10.3884
internal_count=357 190 170 104 66 167 122 98 71 70 45
is_linear=0
shrinkage=0.03


Tree=121
num_leaves=14
num_cat=0
split_feature=21 22 29 39 31 34 33 25 21 14 35 13 28
split_gain=1.84363 2.82664 2.27147 2.03281 1.24176 1.6241 2.35629 2.33584 1.92076 1.64317 1.22925 1.07146 0.7262
threshold=-1.3819699611135545 0.88579608189485493 -0.53614473034340193 1.3360163611628761 -0.99182557169485641 -0.40706853954607375 0.28175520591108072 1.0000000180025095e-35 1.0000000180025095e-35 0.76653049917143734 0.16765836106239287 0.16957962242743602 -0.5163361283432869
decision_type=2 2 2 2 2 2 2 2 2 2 2 2 2
left_child=-1 3 -3 4 11 12 7 8 10 -10 -7 -2 -6
right_child=1 2 -4 -5 5 6 -8 -9 9 -11 -12 -13 -14
leaf_value=0.011917953236807482 -0.012372478309185062 -0.023634183782665477 -0.00056573334450718776 -0.010845532604188602 0.017627597580594543 0.011716984365231452 -0.012146384925256645 0.016031029651272784 0.0016898262086134821 -0.015404528544370955 -0.0020182634218938039 0.0015361919223508777 0.0040706416534209812
leaf_weight=9.3252298533916456 7.140490502119067 6.8088895678520194 8.3200828433036786 10.308271050453184 8.3909046351909655 12.792507618665704 8.1630251705646497 9.7437848150730115 8.9566887617111224 8.1312370300292951 8.1954736113548261 9.6244756281375867 9.7073709964752108
leaf_count=26 20 21 24 30 23 36 23 27 25 23 24 27 28
internal_value=2.56345e-05 -0.00101675 -0.012504 0.000800485 0.00234163 0.00404937 0.00128875 0.00400351 0.000283061 -0.00670837 0.00630991 -0.00458884 0.0115303
internal_weight=125.608 116.283 15.129 101.154 90.846 74.081 55.9827 47.8197 38.0759 17.0879 20.988 16.765 18.0983
internal_count=357 331 45 286 256 209 158 135 108 48 60 47 51
is_linear=0
shrinkage=0.03


Tree=122
num_leaves=13
num_cat=0
split_feature=29 20 12 1 27 16 41 21 38 13 21 21
split_gain=2.45527 3.12297 2.26987 1.72877 1.57087 2.70942 2.45435 2.02377 1.75499 0.905824 0.706952 0.579772
threshold=-0.53614473034340193 -0.31683596912912204 -0.88840530452066346 0.88171155841115212 0.21826520582321532 0.50462321843941038 209.00000000000003 -0.21054944005885132 -0.51287243047387443 -0.21194145159630659 0.57039757397761759 1.0000000180025095e-35
decision_type=2 2 2 2 2 2 2 2 2 2 2 2
left_child=1 -1 -3 4 5 6 7 -2 -7 -9 -10 -6
right_child=3 2 -4 -5 11 8 -8 9 10 -11 -12 -13
leaf_value=-0.0058677256658660809 0.01205066031449175 0 0.018383231964040025 0.010073427483622067 -0.016969501039678186 -0.0051116483046398983 -0.018712109482061191 -0.014228708135957648 0.0032767432273750241 7.2040837818643436e-05 0.018302316244875813 -0.0035121318426285216
leaf_weight=11.769409179687498 5.7132020294666317 9.353317990899086 15.66089828312397 6.1690209209918967 9.7531781941652316 6.9358083754777935 9.9902035444974882 6.3893811851739901 7.4056606888771039 6.3932266235351562 6.5358638763427734 6.9351142495870581
leaf_count=39 19 27 45 18 32 23 44 23 23 21 20 23
internal_value=-5.63842e-05 0.00605313 0.0119029 -0.00330933 -0.00484399 -0.00186055 -0.00779594 -0.000638295 0.00594957 -0.0073997 0.011803 -0.0124578
internal_weight=109.004 36.7836 25.0142 72.2207 66.0516 49.3633 28.486 18.4958 20.8773 12.7826 13.9415 16.6883
internal_count=357 111 72 246 228 173 107 63 66 44 43 55
is_linear=0
shrinkage=0.03


Tree=123
num_leaves=12
num_cat=0
split_feature=25 19 41 2 22 37 23 29 29 36 26
split_gain=1.94914 1.89874 1.55219 1.63359 1.61538 2.19948 2.04063 2.00093 1.24764 0.692941 0.0917515
threshold=0.97369707449409704 -1.0454176971300073 426.00000000000006 -0.53175780220493707 -0.35431843275794189 -0.81390813002779105 0.65976127060084999 -0.53614473034340193 1.0802127818248881 -0.31925905899273477 -0.20033139807822761
decision_type=2 2 2 2 2 2 2 2 2 2 2
left_child=1 8 4 -4 -3 -6 7 -7 -1 -2 -9
right_child=9 2 3 -5 5 6 -8 10 -10 -11 -12
leaf_value=0.020043864463660657 -0.0028622811896465814 -0.013439199975682553 -0.0022774467953626254 0.014144754953741316 -0.012376274727094618 -0.0019432120736739727 -0.0072243835524220821 0.0079453052705326915 0.00039161199342437237 -0.017722035470552757 0.020417571745166844
leaf_weight=6.2590073794126493 8.5603991150856 9.1520179063081724 8.5177565366029757 10.225674733519552 8.5249472856521518 8.094896852970118 8.6605076938867551 6.416825175285334 5.7806448042392731 4.893407627940177 5.9308046549558853
leaf_count=20 39 38 31 34 36 36 35 24 20 24 20
internal_value=0 0.00190683 -0.000113572 0.0067697 -0.00312042 -3.83165e-05 0.00380917 0.00893132 0.01214 -0.00990383 0.015932
internal_weight=91.0169 77.5631 65.5234 18.7434 46.78 37.628 29.103 20.4425 12.0397 13.4538 12.3476
internal_count=357 294 254 65 189 151 115 80 40 63 44
is_linear=0
shrinkage=0.03


Tree=124
num_leaves=14
num_cat=0
split_feature=39 30 40 20 25 36 31 22 12 27 29 36 15
split_gain=1.77599 1.93377 2.34928 2.06258 2.04773 1.90602 1.79129 1.71853 2.48175 2.07763 1.70898 1.12842 0.9467
threshold=1.3360163611628761 -0.40040885864189196 165.50000000000003 -0.31683596912912204 1.0000000180025095e-35 -0.31925905899273477 1.0000000180025095e-35 0.88579608189485493 0.5773516741524144 -1.0000000180025095e-35 -0.26675181164868705 0.59773371816652798 -0.26760304729051648
decision_type=2 2 2 2 2 2 2 2 2 2 2 2 2
left_child=1 3 -3 5 7 -1 10 8 9 -4 12 -7 -6
right_child=-2 2 4 -5 6 11 -8 -9 -10 -11 -12 -13 -14
leaf_value=-0.010157043754458701 -0.010408290239794161 -0.014369207028775978 -0.019077070852146542 0.016142854427929069 0.013518095616424029 0.013279824316689162 0.014809042821713725 -0.015841995300847581 0.0086850584804930644 0.0020538131630653579 -0.0088939236512640425 -0.00092991129232307423 -0.00030233055812358642
leaf_weight=7.216949641704562 11.563742280006407 9.3382506072521192 6.820824682712554 12.293642342090605 7.1710983514785713 9.051098972558977 11.139169245958326 7.4509218633174887 12.31981101632118 7.0022268593311336 8.7404481470584923 7.8774853348731986 7.3905904591083527
leaf_count=20 34 27 20 34 20 25 31 22 35 20 25 22 22
internal_value=2.67508e-05 0.00126062 -0.00137133 0.0068406 0.000597907 0.00120325 0.00569331 -0.00447514 -0.000334593 -0.0088282 0.000461697 0.00680446 0.006757
internal_weight=125.376 113.813 77.3733 36.4392 68.0351 24.1455 34.4413 33.5938 26.1429 13.8231 23.3021 16.9286 14.5617
internal_count=357 323 222 101 195 67 98 97 75 40 67 47 42
is_linear=0
shrinkage=0.03


Tree=125
num_leaves=12
num_cat=0
split_feature=27 19 2 26 16 29 38 34 12 34 12
split_gain=2.34927 1.68696 2.147 2.3541 2.08653 2.1586 1.97957 1.56968 1.45653 1.11401 0.984617
threshold=1.6705176068519103 1.1865334563325218 -0.15875940278031425 -0.46087168628925596 0.50462321843941038 -0.53614473034340193 -0.51287243047387443 0.11318254142510188 0.72705401028862349 -1.0140281340124448 -1.0085092851380344
decision_type=2 2 2 2 2 2 2 2 2 2 2
left_child=1 2 4 9 5 -1 -6 -5 -8 -4 -7
right_child=-2 -3 3 7 6 10 8 -9 -10 -11 -12
leaf_value=0.0039440843495845675 0.01519345457687908 -0.012396229741497273 0.003462922240089936 -0.0080734272302243754 -0.008593467372925729 -0.0013191430160211801 0.014005600901742663 0.0070374195155966431 -0.0025671673306611252 0.020634062906824589 -0.017207058378795746
leaf_weight=7.1822906285524359 6.8519295156002036 9.5952778309583646 7.8873104751110104 11.827056989073755 8.1931029111146945 5.7753259390592602 11.059757560491564 9.8861887753009778 6.1826749444007865 8.1736314296722394 16.143370702862743
leaf_count=24 19 30 23 38 27 21 34 31 21 24 65
internal_value=-5.49066e-05 -0.00134372 0 0.00536353 -0.00378427 -0.00911552 0.00226047 -0.000924715 0.00801306 0.0135593 -0.0136296
internal_weight=108.758 101.906 92.3107 37.7742 54.5365 29.101 25.4355 21.7132 17.2424 16.0609 21.9187
internal_count=357 338 308 116 192 110 82 69 55 47 86
is_linear=0
shrinkage=0.03


Tree=126
num_leaves=13
num_cat=0
split_feature=33 19 19 29 34 25 0 34 28 21 1 27
split_gain=1.90348 2.06921 1.53981 1.87767 2.68868 1.80767 2.4836 1.91003 1.59007 1.15458 0.805704 0.294035
threshold=1.4286948696540216 -1.0454176971300073 0.54883312677179907 -0.80553764903811709 -0.060234485565289951 1.0000000180025095e-35 -0.092446240243558797 -0.84061110702205333 -0.72770871982987473 0.96087108099585217 -0.32630147299527323 -0.22196461609140625
decision_type=2 2 2 2 2 2 2 2 2 2 2 2
left_child=1 9 5 -4 -5 6 -3 -7 -8 -1 -10 -9
right_child=-2 2 3 4 -6 7 8 11 10 -11 -12 -13
leaf_value=0.017774766714956976 -0.014589236225342129 -0.010877148818373369 -0.0062251848599116756 -0.001510579380102309 0.021426663178846169 0.0042301607783690525 -0.0037172471932066737 -0.020787078707048181 0.019615188036159175 0 0.0032261044858904464 -0.007451746617409564
leaf_weight=7.9825367927551252 5.8902183771133414 9.2899775654077512 6.9902018159627941 7.5493202060461053 8.1870507597923243 4.5696619004011181 6.9894986152648935 7.1614921540021905 6.1013224571943283 5.9243045598268509 6.9264390766620672 7.2998618781566593
leaf_count=27 28 38 31 30 29 19 27 30 22 21 23 32
internal_value=0 0.00127313 -0.000792991 0.00532632 0.0109009 -0.00386413 0.000693479 -0.0107129 0.00672615 0.0112698 0.0125474 -0.0157644
internal_weight=90.8619 84.9717 71.0648 22.7266 15.7364 48.3383 29.3072 19.031 20.0173 13.9068 13.0278 14.4614
internal_count=357 329 281 90 59 191 110 81 72 48 45 62
is_linear=0
shrinkage=0.03


Tree=127
num_leaves=14
num_cat=0
split_feature=39 28 35 12 29 30 39 2 35 17 31 16 14
split_gain=1.70976 1.86986 2.01017 1.74452 1.73878 2.16066 1.61501 1.5465 1.27984 1.24879 1.07602 0.657354 0.4923
threshold=1.3360163611628761 1.0000000180025095e-35 -0.093715115805735508 1.0000000180025095e-35 -0.53614473034340193 0.252631923049143 1.0000000180025095e-35 -0.53175780220493707 1.2131522685349083 0.32604357241378573 0.14633492041399493 1.0000000180025095e-35 -0.21078099357256316
decision_type=2 2 2 2 2 2 2 2 2 2 2 2 2
left_child=1 2 3 10 8 9 7 -5 -3 -6 -1 -7 -4
right_child=-2 4 12 6 5 11 -8 -9 -10 -11 -12 -13 -14
leaf_value=0.0012735834256620748 -0.010229944289208205 -0.017313958056492555 0.0048430158419551809 0.0092549746288855747 0.0030868397108345979 0.014414129205405855 0.015588405453092119 -0.0077644641479981229 -0.0005322423355467701 -0.010964576437197112 -0.012632864168858325 0.0021431898507587549 0.017921265510494645
leaf_weight=8.1964041590690631 11.523814946413038 8.7413575351238268 7.4174399375915554 7.5666910707950619 7.7502924501895913 7.4025163352489498 8.5528634488582629 8.7053788304328901 8.2577936649322492 12.606053113937378 8.4458553493022901 10.687720209360121 9.2805958688259107
leaf_count=23 34 27 21 21 22 21 24 24 24 36 24 30 26
internal_value=2.4161e-05 0.00123613 0.00496897 0.00111912 -0.00260216 0.000859395 0.00613034 0 -0.0101903 -0.00549555 -0.00591412 0.00818993 0.0133195
internal_weight=125.135 113.611 58.1652 41.4672 55.4457 38.4466 24.8249 16.2721 16.9992 20.3563 16.6423 18.0902 16.698
internal_count=357 323 163 116 160 109 69 45 51 58 47 51 47
is_linear=0
shrinkage=0.03


Tree=128
num_leaves=11
num_cat=0
split_feature=29 20 25 25 32 41 22 1 35 36
split_gain=2.26809 2.90051 1.84045 1.7874 2.01688 1.64743 1.67669 1.11525 1.55467 0.811508
threshold=-0.53614473034340193 -0.31683596912912204 -1.0000000180025095e-35 0.63993821170543452 -0.33076791217343771 290.00000000000006 0.761784630429575 -0.60507371101214025 0.16765836106239287 -0.15743680419992356
decision_type=2 2 2 2 2 2 2 2 2 2
left_child=1 -1 -3 5 -5 6 7 -2 -9 -7
right_child=3 2 -4 4 -6 9 -8 8 -10 -11
leaf_value=-0.0056978933398711797 -0.0061010915668840331 0.018880591926021754 0.002110713482100646 -0.0053893674472317785 0.01195112429667616 -0.0027350392124236528 -0.013941370636452977 -0.00076808004147640118 0.01608933822925137 -0.017798329469504777
leaf_weight=11.703221216797827 9.0612481087446231 12.72709085047245 12.314438909292221 9.6951405256986636 11.231652453541754 6.5257990956306484 6.5322232842445365 10.90734922885895 6.4853543043136588 11.325973585247992
leaf_count=39 33 36 36 30 33 25 20 38 20 47
internal_value=-4.8463e-05 0.00581893 0.0114452 -0.00319219 0.0038268 -0.00622298 -0.00184033 0.00152086 0.00597846 -0.0132407
internal_weight=108.509 36.7448 25.0415 71.7647 20.9268 50.8379 32.9862 26.454 17.3927 17.8518
internal_count=357 111 72 246 63 183 111 91 58 72
is_linear=0
shrinkage=0.03


Tree=129
num_leaves=13
num_cat=0
split_feature=25 19 30 19 25 35 0 11 32 30 20 36
split_gain=1.85383 1.763 1.47357 1.28632 2.15679 2.47057 2.1405 1.57828 1.7426 1.37026 1.13638 0.685395
threshold=0.97369707449409704 -1.0454176971300073 -0.80855934719878853 0.54883312677179907 -0.36133837666055324 0.39807971566982242 -0.18774338671777316 0.44183655758774837 0.55597159705748056 -0.23714866321913314 -1.2989816216248984 -0.31925905899273477
decision_type=2 2 2 2 2 2 2 2 2 2 2 2
left_child=1 10 -3 6 -5 -6 9 -8 -9 -4 -1 -2
right_child=11 2 3 4 5 -7 7 8 -10 -11 -12 -13
leaf_value=0.0011734319887066707 -0.0027278714052438677 -0.010648991895600828 0.0017742182505571468 -0.0053586467856417096 0.027278354434358127 0.0017370386866882885 0.013971880881214035 -0.01092111682161526 0.008196199671959177 -0.015763378403155455 0.019972803901732998 -0.017547186806924502
leaf_weight=6.4097328931093216 8.5025798827409726 8.7832529693841916 4.8805693089962014 6.4309525191783932 5.3955740928649893 8.2741169482469541 7.6256076544523337 7.4262194782495481 6.6013254970312119 9.9007723331451309 5.6890687197446805 4.8035809248685828
leaf_count=21 39 33 19 27 17 34 26 31 22 45 19 24
internal_value=0 0.00184958 -0.000103325 0.00166455 0.00752657 0.0139145 -0.00158105 0.00416434 -0.00161546 -0.00997425 0.0116825 -0.00971865
internal_weight=90.7234 77.4172 65.3184 56.5351 20.1006 13.6697 36.4345 21.6532 14.0275 14.7813 12.0988 13.3062
internal_count=357 294 254 221 78 51 143 79 53 64 40 63
is_linear=0
shrinkage=0.03


Tree=130
num_leaves=13
num_cat=0
split_feature=21 22 39 12 35 22 38 3 37 21 33 26
split_gain=1.77871 2.66389 1.82079 1.58142 3.76202 1.86016 1.60343 1.60916 1.29078 1.21068 0.354529 0.242892
threshold=-1.3819699611135545 0.88579608189485493 1.3360163611628761 0.42761251194305555 0.29834509949645738 0.14172737310317693 -0.51287243047387443 0.95582237097279854 1.0000000180025095e-35 1.0000000180025095e-35 1.0000000180025095e-35 -0.13519632602547044
decision_type=2 2 2 2 2 2 2 2 2 2 2 2
left_child=-1 2 3 5 8 6 -2 -8 -5 -10 -3 -7
right_child=1 10 -4 4 -6 11 7 -9 9 -11 -12 -13
leaf_value=0.011731305574560751 0.0025809453484042645 -0.016593830594245882 -0.010299933271400257 0.018045297944485748 -0.0084103711529414493 0.0015766587215358359 -0.016403043993828571 0 0.011831153390860496 -0.0024496888730929545 -0.0044971070420873876 0.010853058399373682
leaf_weight=9.2918072044849378 13.115262001752845 7.9396050870418531 10.202737301588057 13.994283109903337 10.026044160127638 7.0060566663742065 12.448615610599527 8.8832251429557783 9.2475273907184619 8.6920827329158765 7.0362953245639801 7.0265261828899366
leaf_count=26 37 24 30 39 29 20 36 25 26 24 21 20
internal_value=3.29224e-05 -0.000994211 0.000769393 0.00223108 0.00641623 -0.00135503 -0.0051652 -0.0100472 0.0114192 0.00494805 -0.0122013 0.00720743
internal_weight=124.91 115.618 100.642 90.4396 41.9599 48.4797 34.4471 21.3318 31.9339 17.9396 14.9759 14.0326
internal_count=357 331 286 256 118 138 98 61 89 50 45 40
is_linear=0
shrinkage=0.03


Tree=131
num_leaves=13
num_cat=0
split_feature=27 19 2 26 16 15 38 33 25 32 11 36
split_gain=2.17758 1.62693 2.00731 2.26192 2.03838 2.68148 1.91137 1.66125 0.829649 1.46806 0.437474 0.39044
threshold=1.6705176068519103 1.1865334563325218 -0.15875940278031425 -0.46087168628925596 0.50462321843941038 1.2193119392110201 -0.51287243047387443 -0.17702065958609567 1.0000000180025095e-35 -0.33076791217343771 1.1226939850230171 -1.12837033295679
decision_type=2 2 2 2 2 2 2 2 2 2 2 2
left_child=1 2 4 11 5 10 -6 -8 9 -5 -1 -4
right_child=-2 -3 3 8 6 -7 7 -9 -10 -11 -12 -13
leaf_value=-0.017148846565859643 0.01461330479551318 -0.012198252294840525 0.0045772303963235346 -0.0066903058588274585 -0.008391690484207617 0.0039985122609587503 0 0.018553854692333192 -0.0086089932101000299 0.010632334037685202 -0.0033163770877281231 0.017174517478641176
leaf_weight=15.550796255469328 6.8577358424663535 9.5191907286643964 6.5255752801895168 6.2819115817546853 8.1345504969358462 8.6824233084917051 10.926518857479097 6.2864375710487357 7.1137310564517966 8.2573451101779938 4.6118312478065482 9.5434534847736341
leaf_count=62 19 30 19 21 27 27 36 19 23 25 21 28
internal_value=-5.67372e-05 -0.00130534 0 0.00519926 -0.0036607 -0.00896212 0.0023124 0.00795878 -0.000970742 0.00284801 -0.0147106 0.0132279
internal_weight=108.292 101.434 91.9146 37.722 54.1926 28.8451 25.3475 17.213 21.653 14.5393 20.1626 16.069
internal_count=357 338 308 116 192 110 82 55 69 46 83 47
is_linear=0
shrinkage=0.03


Tree=132
num_leaves=12
num_cat=0
split_feature=33 41 14 5 13 31 22 13 35 23 33
split_gain=1.83878 1.9609 2.99371 1.48591 1.14503 1.42575 1.75337 2.79462 1.97604 1.24096 0.765521
threshold=1.4286948696540216 426.00000000000006 0.26282068853669738 -0.86745636168709772 1.4137222278553507 -0.99182557169485641 0.51376172749901583 -0.45317802111791439 -1.0085222848441859 0.32802215284802749 -0.63579652508327167
decision_type=2 2 2 2 2 2 2 2 2 2 2
left_child=1 4 -3 -4 5 -1 7 8 -7 -8 -9
right_child=-2 2 3 -5 -6 6 9 10 -10 -11 -12
leaf_value=0.010327269667504179 -0.014417250669325758 0.019615859803670827 0.0086908868702240492 -0.0090953071994408045 -0.01335206539029956 -0.0089951839702622684 0.0134406111042049 -0.0020867472012912379 0.010874681454549352 -0.0025277111240382135 -0.017651648280796847
leaf_weight=8.2454590648412687 5.8133600801229468 10.031106993556024 6.2877961397171021 7.6230202019214612 5.1287554055452338 5.9041915237903586 7.4891144782304746 5.3191061019897417 9.6428760588169009 6.7674448639154434 12.29461167752744
leaf_count=31 28 33 20 29 25 23 29 22 34 28 55
internal_value=0 0.00125012 0.00828942 -0.000603071 -0.00155874 -4.52875e-05 -0.00223301 -0.00603432 0.00284936 0.00596079 -0.0137978
internal_weight=90.5468 84.7335 23.9419 13.9108 60.7916 55.6628 47.4173 33.1608 15.5471 14.2566 17.6137
internal_count=357 329 82 49 247 222 191 134 57 57 77
is_linear=0
shrinkage=0.03


Tree=133
num_leaves=13
num_cat=0
split_feature=21 22 29 39 12 35 21 37 39 16 21 28
split_gain=1.70748 2.57924 2.14749 1.75693 1.5057 3.62332 1.8329 1.23124 1.21887 1.45233 1.17035 1.01258
threshold=-1.3819699611135545 0.88579608189485493 -0.53614473034340193 1.3360163611628761 0.42761251194305555 0.29834509949645738 -0.60102294707708559 1.0000000180025095e-35 -0.64511693451789942 -0.8017617633072861 1.0000000180025095e-35 0.32915423760306389
decision_type=2 2 2 2 2 2 2 2 2 2 2 2
left_child=-1 3 -3 4 6 7 -2 -6 11 -10 -9 -8
right_child=1 2 -4 -5 5 -7 8 10 9 -11 -12 -13
leaf_value=0.011494707069547342 0.011169638371484616 -0.023003974329754335 -0.00044046732365641861 -0.010131654713946555 0.01769575848712842 -0.0082676985615495139 -0.003692649567639204 0.011643289284850589 0 -0.014811906915118763 -0.0024002941682419615 0.0095819749082142972
leaf_weight=9.2857615351676923 7.1395188271999279 6.6360188424587241 8.285620450973509 10.167605251073836 13.94095900654793 10.011638045310972 10.737892091274256 9.2251235842704791 11.140502601861948 12.210256308317204 8.6862002611160261 7.1827477514743796
leaf_count=26 20 21 24 30 39 29 30 26 32 36 24 20
internal_value=2.93721e-05 -0.000977836 -0.012025 0.000757262 0.0021946 0.00628381 -0.00130395 0.0112036 -0.00391808 -0.00827296 0.00486447 0.00164812
internal_weight=124.65 115.364 14.9216 100.442 90.2748 41.8639 48.4109 31.8523 41.2714 23.3508 17.9113 17.9206
internal_count=357 331 45 286 256 118 138 89 118 68 50 50
is_linear=0
shrinkage=0.03


Tree=134
num_leaves=13
num_cat=0
split_feature=29 20 12 25 32 41 15 16 15 36 35 33
split_gain=2.13277 2.71928 2.18786 1.66591 1.92598 1.59992 2.56452 1.88172 2.18648 0.798057 0.424588 0.056874
threshold=-0.53614473034340193 -0.31683596912912204 -0.88840530452066346 0.63993821170543452 -0.33076791217343771 290.00000000000006 -1.0110605405412845 1.0000000180025095e-35 1.0000000180025095e-35 -0.15743680419992356 0.16765836106239287 -0.40640859233468368
decision_type=2 2 2 2 2 2 2 2 2 2 2 2
left_child=1 -1 -3 5 -5 6 -2 10 -9 -7 -8 -4
right_child=3 2 11 4 -6 9 7 8 -10 -11 -12 -13
leaf_value=-0.0055489425928160474 -0.017308357357196238 0 0.009136396332911868 -0.0053601037244497109 0.011590223577880594 -0.0026101824933098326 -0.010110565344575157 0.019399078482110255 -0.00181427995414251 -0.01758131859561355 0 0.021091812673696288
leaf_weight=11.628597617149351 6.0539954453706732 9.3541226834058762 6.9060619175434086 9.6651053279638308 11.239008694887159 6.4888788610696819 6.6727726906538027 7.3443555235862714 7.2747622728347778 11.143839612603186 5.4899819046258926 8.7807227671146411
leaf_count=39 22 27 20 30 33 25 26 22 23 47 18 25
internal_value=-5.54048e-05 0.00563463 0.0110743 -0.00311694 0.0036512 -0.00606024 -0.00174145 0.00229663 0.00928416 -0.0130221 -0.00576014 0.0174343
internal_weight=108.042 36.6695 25.0409 71.3727 20.9041 50.4686 32.8359 26.7819 14.6191 17.6327 12.1628 15.6868
internal_count=357 111 72 246 63 183 111 89 45 72 44 45
is_linear=0
shrinkage=0.03


Tree=135
num_leaves=14
num_cat=0
split_feature=25 2 23 34 34 26 30 36 21 21 30 37 12
split_gain=1.7783 2.02399 1.65385 3.37114 1.24585 1.50797 0.892727 0.805043 0.759963 1.61267 1.96785 0.568149 0.452007
threshold=0.30617934891677195 0.13963931675938418 0.65976127060084999 1.2403932168626495 0.72014213589147358 -0.20033139807822745 -0.35376308852110377 -0.15743680419992356 1.0000000180025095e-35 -0.21054944005885132 1.0000000180025095e-35 1.0000000180025095e-35 -0.82267880918904102
decision_type=2 2 2 2 2 2 2 2 2 2 2 2 2
left_child=1 2 4 11 5 -1 -7 -3 9 10 -2 -4 -10
right_child=8 7 3 -5 -6 6 -8 -9 12 -11 -12 -13 -14
leaf_value=6.8464514403605012e-05 0.0050699450820895229 7.0035679753528506e-05 -0.0025587806162151766 0.012355085582762635 -0.00046306003684380004 0.0057429568922320899 0.022456575309823673 -0.014169845562331347 -0.017823297120989068 0.0094060960705463145 -0.016345497034995358 -0.018494663149022188 -0.0033046371116300026
leaf_weight=7.2282608598470679 5.1690497398376483 5.3497327417135239 5.2308821827173251 7.2691695541143408 7.4569147974252692 7.0498949140310314 10.508183076977732 5.8469034284353238 4.8654646426439285 6.0668609291315105 7.5994062274694443 4.944210410118103 5.7927605807781202
leaf_count=26 20 20 20 25 26 24 34 30 23 24 37 22 26
internal_value=0 0.00294189 0.0056098 -0.00148132 0.00951936 0.0126059 0.0170408 -0.00768903 -0.00584965 -0.00156122 -0.0076338 -0.0121974 -0.0118071
internal_weight=90.3777 60.8842 49.6875 17.4443 32.2433 24.7863 17.5581 11.1966 29.4935 18.8353 12.7685 10.1751 10.6582
internal_count=357 227 177 67 110 84 58 50 130 81 57 42 49
is_linear=0
shrinkage=0.03


Tree=136
num_leaves=13
num_cat=0
split_feature=21 22 29 39 12 35 15 16 38 37 21 14
split_gain=1.65808 2.48509 2.09351 1.69751 1.45249 3.45981 1.77611 2.08258 1.31553 1.18738 1.13033 0.910709
threshold=-1.3819699611135545 0.88579608189485493 -0.53614473034340193 1.3360163611628761 0.42761251194305555 0.29834509949645738 -0.26760304729051648 0.7659002147887497 -0.51287243047387443 1.0000000180025095e-35 1.0000000180025095e-35 0.54046602384779463
decision_type=2 2 2 2 2 2 2 2 2 2 2 2
left_child=-1 3 -3 4 6 9 -2 8 -8 -6 -11 -10
right_child=1 2 -4 -5 5 -7 7 -9 11 10 -12 -13
leaf_value=0.011332088477644612 -0.011587432412536201 -0.022746435282805337 -0.00041006996732430008 -0.0099754296057828675 0.017383619393956769 -0.0080555587075608025 0.0041274287274611762 0.013263528987032397 -0.014191488721141864 0.011432135528053295 -0.002372759619366142 0
leaf_weight=9.2835945487022382 10.199917405843726 6.5612240880727759 8.2795309424400312 10.13675534725189 13.888145834207537 9.9794639945030195 13.630850046873086 8.9488201141357404 7.890211880207076 9.201893478631975 8.6764922738075239 7.6804532408714294
leaf_count=26 29 21 24 30 39 29 39 25 23 26 24 22
internal_value=3.33109e-05 -0.000960836 -0.0118339 0.000740823 0.00215563 0.00617924 -0.00127942 0.00165932 -0.00217565 0.0109931 0.00475783 -0.00792279
internal_weight=124.357 115.074 14.8408 100.233 90.0962 41.746 48.3503 38.1503 29.2015 31.7665 17.8784 15.5707
internal_count=357 331 45 286 256 118 138 109 84 89 50 45
is_linear=0
shrinkage=0.03


Tree=137
num_leaves=13
num_cat=0
split_feature=29 20 12 25 32 41 15 15 15 36 1 33
split_gain=2.05662 2.58192 2.1047 1.60322 1.85389 1.54863 2.47877 1.59195 2.84198 0.789961 0.763178 0.050243
threshold=-0.53614473034340193 -0.31683596912912204 -0.88840530452066346 0.63993821170543452 -0.33076791217343771 290.00000000000006 -1.0110605405412845 -0.26760304729051648 1.2193119392110201 -0.15743680419992356 -0.60507371101214025 -0.40640859233468368
decision_type=2 2 2 2 2 2 2 2 2 2 2 2
left_child=1 -1 -3 5 -5 6 -2 10 -9 -7 -8 -4
right_child=3 2 11 4 -6 9 7 8 -10 -11 -12 -13
leaf_value=-0.0053911434124599257 -0.017101722058896464 -2.6324007656331623e-06 0.0089343855975840911 -0.0052889496698988112 0.01134132237519078 -0.0025077917375150444 0.00060276779100325816 -0.015070230953867126 0.0088609850090130265 -0.017417068504214928 0.016308198249941064 0.020631583623874981
leaf_weight=11.576485410332678 5.9909027963876715 9.3496769964694977 6.9107977300882313 9.6413789391517657 11.25627964735031 6.462628751993182 5.9399643242359161 8.0198043882846815 6.7656477987766257 11.020601809024809 6.0386642217636126 8.7833103835582751
leaf_count=39 22 27 20 30 33 25 21 28 21 47 19 25
internal_value=-5.87426e-05 0.00552936 0.0108228 -0.00307284 0.0035605 -0.00597132 -0.00171959 0.00223615 -0.00394363 -0.0128556 0.00989912 0.0170585
internal_weight=107.756 36.6203 25.0438 71.1359 20.8977 50.2382 32.755 26.7641 14.7855 17.4832 11.9786 15.6941
internal_count=357 111 72 246 63 183 111 89 49 72 40 45
is_linear=0
shrinkage=0.03


Tree=138
num_leaves=13
num_cat=0
split_feature=34 36 21 3 14 30 1 35 27 3 34 11
split_gain=1.72291 1.72364 1.99412 2.37609 2.36644 1.38889 1.34372 1.51196 1.76705 1.10845 0.605008 0.358703
threshold=-0.14694299906048594 -0.64290356857835673 -0.21054944005885132 0.95582237097279854 0.26282068853669738 0.17100182533776351 1.0000000180025095e-35 0.16765836106239287 -0.63183376063260566 -0.18774338671777316 -1.0140281340124448 0.28744335754913219
decision_type=2 2 2 2 2 2 2 2 2 2 2 2
left_child=6 -2 5 4 9 -3 7 8 -1 -4 -8 -10
right_child=1 2 3 -5 -6 -7 10 -9 11 -11 -12 -13
leaf_value=0.0054887038360925825 0.016708721770817763 0.0016618018068045839 -0.00039531718337677845 0.01650986523415679 -0.011982783056843041 -0.014515218179408056 -0.0029024453983853651 0.011889057168246443 -0.015832185600122315 0.016421010164410322 -0.016567981990228166 -0.0019803427705634758
leaf_weight=7.7557498067617443 6.2673470675945273 7.7416325211524954 6.0279878526926041 10.158147096633909 7.9180738776922217 8.1777803152799589 7.202851802110672 5.5133385956287375 6.4056484997272509 5.0890966653823906 7.7970258891582471 4.1495292484760284
leaf_count=30 20 28 25 30 32 38 32 21 28 17 38 18
internal_value=0 0.00358374 0.0011526 0.00582679 -0.000371609 -0.00683819 -0.00464883 0 -0.00431831 0.00786423 -0.0112299 -0.0118083
internal_weight=90.2042 51.3801 45.1127 29.1933 19.0352 15.9194 38.8241 23.8243 18.3109 11.1171 14.9999 10.5552
internal_count=357 190 170 104 74 66 167 97 76 42 70 46
is_linear=0
shrinkage=0.03


Tree=139
num_leaves=13
num_cat=0
split_feature=21 22 29 31 26 20 21 12 36 13 11 28
split_gain=1.59669 2.40583 2.02834 1.64941 2.44156 2.33821 2.03688 1.292 1.24852 1.16915 0.874137 1.17856
threshold=-1.3819699611135545 0.88579608189485493 -0.53614473034340193 -0.99182557169485641 0.19047903423831467 -0.64421785329438075 1.0000000180025095e-35 1.0007037253342208 0.2899541355213775 0.16957962242743602 0.44183655758774837 0.54052682908965188
decision_type=2 2 2 2 2 2 2 2 2 2 2 2
left_child=-1 3 -3 9 5 -5 7 -6 -8 -2 11 -7
right_child=1 2 -4 4 6 10 8 -9 -10 -11 -12 -13
leaf_value=0.01112429123524445 -0.014495887754281855 -0.022488064710947331 -0.00043210760622483632 0.018264491927908667 -0.0016465073272760769 -0.0071851950896632466 -0.017423554781648885 0.01235143435588348 -0.0020803095055941757 0 0.0099227653204475262 0.0065543655684590614
leaf_weight=9.2779458165168744 8.0998437106609362 6.485120400786399 8.2816464900970441 11.896693825721739 12.965269178152086 10.938320666551595 7.5881432294845608 8.2153759598731977 13.333211481571196 10.226747989654539 8.188328951597212 8.5755620896816236
leaf_count=26 23 21 24 33 37 32 22 24 38 29 23 25
internal_value=3.37849e-05 -0.000942906 -0.0116678 0.000730266 0.00262572 0.00787091 -0.00227108 0.00397615 -0.00870623 -0.0069765 0.00249304 -0.000824828
internal_weight=124.072 114.794 14.7668 100.027 81.7009 39.5989 42.102 21.1806 20.9214 18.3266 27.7022 19.5139
internal_count=357 331 45 286 234 113 121 61 60 52 80 57
is_linear=0
shrinkage=0.03


Tree=140
num_leaves=12
num_cat=0
split_feature=27 19 5 26 16 15 38 28 33 33 36
split_gain=1.97167 1.59125 1.80364 2.13807 1.97211 2.54169 1.77833 1.76543 1.54592 0.747838 0.364367
threshold=1.6705176068519103 1.1865334563325218 -0.15875940278031425 -0.46087168628925596 0.50462321843941038 1.2193119392110201 -0.51287243047387443 -0.9843754380635884 -0.17702065958609567 1.0000000180025095e-35 -1.12837033295679
decision_type=2 2 2 2 2 2 2 2 2 2 2
left_child=1 2 4 10 5 7 -6 -1 -8 -5 -4
right_child=-2 -3 3 9 6 -7 8 -9 -10 -11 -12
leaf_value=0 0.013897966811911137 -0.012072690406336581 0.0043760563470856082 0.0035973819780337488 -0.007976099801538428 0.003857939910230391 0 -0.019707594933651418 0.018072541626790669 -0.0068206375173732034 0.016577624991581941
leaf_weight=5.8131672292947778 6.8531479835510245 9.4335118532180768 6.5266464948654201 11.640395075082781 8.0152164548635501 8.6734954714775068 10.846154779195787 13.95407630503178 6.2860900759696952 9.8602758646011335 9.5523246228694898
leaf_count=25 19 30 19 38 27 27 36 58 19 31 28
internal_value=-5.77378e-05 -0.0012574 0 0.00496763 -0.00345843 -0.00872107 0.00242411 -0.0144054 0.00786222 -0.00105272 0.0127622
internal_weight=107.455 100.601 91.1678 37.5796 53.5882 28.4407 25.1475 19.7672 17.1322 21.5007 16.079
internal_count=357 338 308 116 192 110 82 83 55 69 47
is_linear=0
shrinkage=0.03


Tree=141
num_leaves=12
num_cat=0
split_feature=19 40 41 2 13 22 40 32 21 13 36
split_gain=1.71346 1.78538 2.0827 1.56609 2.25124 1.3338 1.10217 0.949935 0.887169 0.631376 0.577616
threshold=-1.0454176971300073 118.00000000000001 426.00000000000006 -0.53175780220493707 1.0000000180025095e-35 0.88579608189485459 652.00000000000011 -1.0000000180025095e-35 0.96087108099585217 -0.97865654654328471 -0.80472582337116783
decision_type=2 2 2 2 2 2 2 2 2 2 2
left_child=8 -2 5 -4 -5 6 9 -7 -1 -3 -11
right_child=1 2 3 4 -6 7 -8 -9 -10 10 -12
leaf_value=0.01428266083294957 0.0137624891874773 -0.00098462767391074976 -0.0041200991320500969 0.02237019806125317 -0.0013266366708232029 -0.0051900336904419616 0.00084367477704846918 0.0089217117613173136 0 -0.0045702852048607745 -0.017150245458594764
leaf_weight=8.6751717925071699 4.4848278015851966 5.3811738193035081 9.2229863405227679 5.8270207196474058 5.9285991340875626 7.9929634034633636 6.3113813549280158 6.166698291897772 6.114000439643859 7.5500754117965689 16.364983379840861
leaf_count=30 17 18 34 18 23 34 27 25 22 31 78
internal_value=0 -0.001858 -0.00319647 0.00435401 0.011169 -0.00653056 -0.00953808 0.000838541 0.00885491 -0.0119016 -0.0139189
internal_weight=90.0199 75.2307 70.7459 20.9786 11.7556 49.7673 35.6076 14.1597 14.7892 29.2962 23.9151
internal_count=357 305 288 75 41 213 154 59 52 127 109
is_linear=0
shrinkage=0.03


Tree=142
num_leaves=12
num_cat=0
split_feature=21 39 28 29 39 39 16 35 0 12 12
split_gain=1.52982 1.411 1.63693 2.77607 1.8548 1.51814 2.78899 1.43801 1.34061 1.21308 0.931569
threshold=-1.3819699611135545 1.3360163611628761 -0.5163361283432869 -0.53614473034340193 -0.64511693451789942 -0.64511693451789942 -0.8017617633072861 -0.87783554641012163 -1.0000000180025095e-35 -0.75122173314434004 -0.88840530452066346
decision_type=2 2 2 2 2 2 2 2 2 2 2
left_child=-1 2 4 10 -2 8 -7 -6 -5 -8 -4
right_child=1 -3 3 5 7 6 9 -9 -10 -11 -12
leaf_value=0.010888245714641805 -0.0028334915214739071 -0.010612309667011622 -0.0017091387723591654 -1.5156586586724503e-05 0.00089529798730292266 0.0078753379823973818 -0.01685663095302542 0.017250499070394748 0.015929909115576887 -0.00217546572140759 -0.016852927328213585
leaf_weight=9.274829685688017 13.172024637460707 10.640041738748549 6.9483129829168346 7.8654597699642208 9.2443325221538526 13.308171898126597 8.3372156322002375 11.591436207294466 8.1719897389411837 13.89326381683351 11.396617680788038
leaf_count=26 37 32 21 22 26 38 25 33 23 39 35
internal_value=3.04893e-05 -0.000926152 0.000145468 -0.00241587 0.00546021 0.00111616 -0.00223255 0.0108102 0.0084352 -0.00865174 -0.0119822
internal_weight=123.844 114.569 103.929 69.921 34.0078 51.5761 35.5387 20.8358 16.0374 22.2305 18.3449
internal_count=357 331 299 203 96 147 102 59 45 64 56
is_linear=0
shrinkage=0.03


Tree=143
num_leaves=12
num_cat=0
split_feature=41 16 31 22 15 12 12 36 14 31 32
split_gain=1.89406 1.77255 1.63572 1.52975 1.28201 1.09818 1.28969 2.01917 1.68059 1.44259 0.0970725
threshold=178.50000000000003 0.50462321843941038 -0.76419347327308607 1.0000000180025095e-35 -1.0110605405412845 1.03467153118543 0.53678355632574504 -0.31925905899273477 0.003634473605802453 -0.76419347327308607 1.1471312698780927
decision_type=2 2 2 2 2 2 2 2 2 2 2
left_child=4 2 -2 -3 -1 6 7 9 -9 -6 -4
right_child=1 3 10 -5 5 -7 -8 8 -10 -11 -12
leaf_value=-0.0059170779851420762 0.0014980416071012832 0.0088984060304022269 -0.02020579131108164 -0.0074777668573863974 0.0052096918208468209 0.013857031612909756 -0.0062262300527073343 0.017314132389010667 0.0010793695320929866 -0.010158302091661534 -0.0063177513598601303
leaf_weight=11.25933864712715 4.7545157372951534 9.0911219269037264 8.5382642149925214 8.3295167833566648 9.5101297199726122 8.257259935140608 10.236042350530623 12.711473405361184 11.394422903656958 9.153076469898215 3.9657766520977011
leaf_count=37 17 28 42 30 28 25 34 36 35 28 17
internal_value=-5.0551e-05 -0.00572848 -0.0121541 0.000779111 0.00264458 0.00441753 0.00249606 0.00485936 0.0103873 -0.00222473 -0.017378
internal_weight=107.201 34.6792 17.2586 17.4206 72.5217 61.2624 53.0051 42.7691 24.1059 18.6632 12.504
internal_count=357 134 76 58 223 186 161 127 71 56 59
is_linear=0
shrinkage=0.03


Tree=144
num_leaves=12
num_cat=0
split_feature=33 19 20 41 2 15 12 16 40 25 20
split_gain=1.72532 1.8643 1.66195 1.42571 1.61884 1.19108 1.49929 2.07934 1.57372 1.53255 0.409442
threshold=1.4286948696540216 -1.0454176971300073 1.3200734516971724 426.00000000000006 -0.53175780220493707 -1.0110605405412845 -0.83303813306276575 0.50462321843941038 518.00000000000011 -1.0000000180025095e-35 -1.2989816216248984
decision_type=2 2 2 2 2 2 2 2 2 2 2
left_child=1 10 3 5 -5 -3 7 9 -8 -7 -1
right_child=-2 2 -4 4 -6 6 8 -9 -10 -11 -12
leaf_value=0.003136781729089337 -0.014107838055696981 0.0043551851897995434 0.010863527601562378 -0.0040966522794178249 0.012305736351383713 0.015422092200429741 -0.019407575270862933 -0.012080355341235619 0 -0.0037482021485807804 0.015437914788729959
leaf_weight=6.8141751438379288 5.6654635071754447 7.3698189854621878 7.9729415029287329 9.2087853848934191 9.0967402756214124 5.8024131804704622 11.723665833473211 8.5886658132076246 4.5017935484647742 6.0047512948513058 7.0996437519788724
leaf_count=23 28 31 30 34 30 19 54 37 20 26 25
internal_value=0 0.00121572 -0.000761788 -0.00256413 0.00406606 -0.00549807 -0.00773172 -0.00170743 -0.0141806 0.00589826 0.0106943
internal_weight=89.8489 84.1834 70.2696 62.2966 18.3055 43.9911 36.6213 20.3958 16.2255 11.8072 13.9138
internal_count=357 329 281 251 64 187 156 82 74 45 48
is_linear=0
shrinkage=0.03


Tree=145
num_leaves=13
num_cat=0
split_feature=21 22 29 39 12 35 22 24 30 39 36 26
split_gain=1.48174 2.29746 1.95011 1.6082 1.36872 3.23435 1.75116 1.49409 1.8927 0.611935 0.916431 0.21536
threshold=-1.3819699611135545 0.88579608189485493 -0.53614473034340193 1.3360163611628761 0.42761251194305555 0.29834509949645738 0.14172737310317693 0.4988547056274541 -0.15551856550775381 -0.64511693451789942 -0.15743680419992356 -0.13519632602547044
decision_type=2 2 2 2 2 2 2 2 2 2 2 2
left_child=-1 3 -3 4 6 9 7 8 -2 -6 -11 -8
right_child=1 2 -4 -5 5 -7 11 -9 -10 10 -12 -13
leaf_value=0.010717638040204876 0.0062126733000358219 -0.022148003672527526 -0.0004238725422127718 -0.0097439630494838055 0.0025555332992690388 -0.0077735000797164245 0.0016264215781080047 -0.013659695637858694 -0.0099377307475738974 0.0044399454066208497 0.018352914755268793 0.010542937553663078
leaf_weight=9.2680343985557538 14.077664673328391 6.3800888359546652 8.2659542858600599 10.060132741928099 8.9022013843059522 9.9143303334712964 6.9699406027793884 10.393320530652998 9.6886052787304013 9.7216403782367724 12.945712447166445 7.0111682415008527
leaf_count=26 39 21 24 30 25 29 20 30 29 27 37 20
internal_value=2.82638e-05 -0.000914024 -0.0114373 0.000719433 0.00210083 0.00602082 -0.00123611 -0.00495994 -0.000332871 0.0106904 0.0132801 0.00707368
internal_weight=123.599 114.331 14.646 99.6847 89.6246 41.4839 48.1407 34.1596 23.7663 31.5696 22.6674 13.9811
internal_count=357 331 45 286 256 118 138 98 68 89 64 40
is_linear=0
shrinkage=0.03


Tree=146
num_leaves=14
num_cat=0
split_feature=29 20 12 1 24 13 29 28 12 41 20 38 33
split_gain=1.87834 2.36079 2.04779 1.52498 1.69278 3.23609 2.24619 1.30349 2.32728 0.879531 0.861948 0.70918 0.0510879
threshold=-0.53614473034340193 -0.31683596912912204 -0.88840530452066346 0.88171155841115212 -0.36988251344084722 -0.78862660385639882 1.0802127818248881 0.32915423760306389 0.42761251194305555 178.50000000000003 -0.64421785329438075 -0.51287243047387443 -0.40640859233468368
decision_type=2 2 2 2 2 2 2 2 2 2 2 2 2
left_child=1 -1 -3 4 10 9 7 8 -7 -6 -2 -12 -4
right_child=3 2 12 -5 5 6 -8 -9 -10 -11 11 -13 -14
leaf_value=-0.0051986185242271664 -0.0015527724768082359 -0.0003041592934068764 0.0085852510570428066 0.0096208257462286357 -0.0024053222562401303 0.016798915302475369 0.016986499600957952 -0.010828764579382977 -0.0059454341517747328 -0.019387053843396996 -0.021342755624557307 -0.006102065272862057 0.020003458532477592
leaf_weight=11.466983810067175 8.6198015511035937 9.3246529996395111 6.9048661291599247 6.1192682087421408 6.490639314055441 5.898894697427755 8.239571347832678 5.9596461206674567 7.2232685089111328 6.1415473818778992 6.878722056746482 8.9314946383237821 8.7529711425304431
leaf_count=39 34 27 20 18 20 18 25 20 29 27 25 30 25
internal_value=-6.09828e-05 0.00528466 0.010345 -0.00296049 -0.00443915 -0.000392605 0.00524237 -0.000405648 0.00454309 -0.0122675 -0.0104201 -0.0143545 0.0165087
internal_weight=106.952 36.4495 24.9825 70.5029 64.3836 39.9536 27.3214 19.0818 13.1222 12.6322 24.43 15.8102 15.6578
internal_count=357 111 72 246 228 139 92 67 47 47 89 55 45
is_linear=0
shrinkage=0.03


end of trees

feature_importances:
Column_12=109
Column_36=89
Column_30=87
Column_19=84
Column_25=80
Column_39=79
Column_21=78
Column_16=74
Column_29=74
Column_34=73
Column_35=72
Column_22=68
Column_41=65
Column_32=61
Column_33=60
Column_28=54
Column_26=52
Column_2=43
Column_15=40
Column_31=37
Column_37=37
Column_27=35
Column_40=35
Column_20=32
Column_13=29
Column_1=28
Column_23=27
Column_0=26
Column_14=23
Column_38=22
Column_10=15
Column_24=15
Column_9=11
Column_5=10
Column_11=9
Column_3=8
Column_17=8
Column_4=4
Column_18=3
Column_8=1

parameters:
[boosting: gbdt]
[objective: multiclass]
[metric: multi_logloss]
[tree_learner: serial]
[device_type: cpu]
[data_sample_strategy: bagging]
[data: ]
[valid: ]
[num_iterations: 800]
[learning_rate: 0.03]
[num_leaves: 96]
[num_threads: 1]
[seed: 42]
[deterministic: 0]
[force_col_wise: 1]
[force_row_wise: 0]
[histogram_pool_size: -1]
[max_depth: 10]
[min_data_in_leaf: 20]
[min_sum_hessian_in_leaf: 0.001]
[bagging_fraction: 0.85]
[pos_bagging_fraction: 1]
[neg_bagging_fraction: 1]
[bagging_freq: 0]
[bagging_seed: 400]
[bagging_by_query: 0]
[feature_fraction: 0.8]
[feature_fraction_bynode: 1]
[feature_fraction_seed: 30056]
[extra_trees: 0]
[extra_seed: 12879]
[early_stopping_round: 0]
[early_stopping_min_delta: 0]
[first_metric_only: 0]
[max_delta_step: 0]
[lambda_l1: 0.2]
[lambda_l2: 1.5]
[linear_lambda: 0]
[min_gain_to_split: 0]
[drop_rate: 0.1]
[max_drop: 50]
[skip_drop: 0.5]
[xgboost_dart_mode: 0]
[uniform_drop: 0]
[drop_seed: 17869]
[top_rate: 0.2]
[other_rate: 0.1]
[min_data_per_group: 100]
[max_cat_threshold: 32]
[cat_l2: 10]
[cat_smooth: 10]
[max_cat_to_onehot: 4]
[top_k: 20]
[monotone_constraints: ]
[monotone_constraints_method: basic]
[monotone_penalty: 0]
[feature_contri: ]
[forcedsplits_filename: ]
[refit_decay_rate: 0.9]
[cegb_tradeoff: 1]
[cegb_penalty_split: 0]
[cegb_penalty_feature_lazy: ]
[cegb_penalty_feature_coupled: ]
[path_smooth: 0]
[interaction_constraints: ]
[verbosity: -1]
[saved_feature_importance_type: 0]
[use_quantized_grad: 0]
[num_grad_quant_bins: 4]
[quant_train_renew_leaf: 0]
[stochastic_rounding: 1]
[linear_tree: 0]
[max_bin: 255]
[max_bin_by_feature: ]
[min_data_in_bin: 3]
[bin_construct_sample_cnt: 200000]
[data_random_seed: 175]
[is_enable_sparse: 1]
[enable_bundle: 1]
[use_missing: 1]
[zero_as_missing: 0]
[feature_pre_filter: 1]
[pre_partition: 0]
[two_round: 0]
[header: 0]
[label_column: ]
[weight_column: ]
[group_column: ]
[ignore_column: ]
[categorical_feature: ]
[forcedbins_filename: ]
[precise_float_parser: 0]
[parser_config_file: ]
[objective_seed: 16083]
[num_class: 3]
[is_unbalance: 0]
[scale_pos_weight: 1]
[sigmoid: 1]
[boost_from_average: 1]
[reg_sqrt: 0]
[alpha: 0.9]
[fair_c: 1]
[poisson_max_delta_step: 0.7]
[tweedie_variance_power: 1.5]
[lambdarank_truncation_level: 30]
[lambdarank_norm: 1]
[label_gain: ]
[lambdarank_position_bias_regularization: 0]
[eval_at: ]
[multi_error_top_k: 1]
[auc_mu_weights: ]
[num_machines: 1]
[local_listen_port: 12400]
[time_out: 120]
[machine_list_filename: ]
[machines: ]
[gpu_platform_id: -1]
[gpu_device_id: -1]
[gpu_device_id_list: ]
[gpu_use_dp: 0]
[num_gpu: 1]

end of parameters

pandas_categorical:null
