tree
version=v4
num_class=3
num_tree_per_iteration=3
label_index=0
max_feature_idx=42
objective=multiclass num_class:3
feature_names=Column_0 Column_1 Column_2 Column_3 Column_4 Column_5 Column_6 Column_7 Column_8 Column_9 Column_10 Column_11 Column_12 Column_13 Column_14 Column_15 Column_16 Column_17 Column_18 Column_19 Column_20 Column_21 Column_22 Column_23 Column_24 Column_25 Column_26 Column_27 Column_28 Column_29 Column_30 Column_31 Column_32 Column_33 Column_34 Column_35 Column_36 Column_37 Column_38 Column_39 Column_40 Column_41 Column_42
feature_infos=[-0.91145467043584527:5.3532488393216404] [-1.126737920892428:4.9470977438687509] [-0.98425825049102023:4.0152620100870653] [-0.90190986320499755:4.8804845403318842] [-1.1009076750784608:4.9526213905208154] [-0.98498794407788548:4.0138392851190376] [-1.3971821776605153:3.1658277142450335] [-1.3868671945160362:3.8896665663912877] [-1.6563467908619545:2.4260937832784935] [-1.9218745657787282:1.9384197566320114] [-3.0852914681539616:1.6678011988532757] [-1.4470381796133893:2.5757188971529188] [-1.1890763363211989:2.8735372267721577] [-1.9112563401187448:1.9521995801745888] [-1.4394002573639768:2.6235991737393323] [-1.7416708130761924:1.6823984166304311] [-1.5047049727447541:1.3982399982580969] [-4.4404529493024389:0.46804774330485177] [-2.710523708715761:0.36893239368631209] [-2.9136897519227252:1.6031735779688532] [-2.6437629111092225:3.046603952701513] [-2.049833599415432:5.2883015617304103] [-3.697857723105618:2.7055305463055905] [-1.9075144612501282:2.3172513220601685] [-2.273807668637116:4.02890210293066] [-2.2499180945346975:4.254378007274739] [-3.5104035369674453:3.2885050440002677] [-3.2708888874407398:1.9193234118444373] [-2.6336187983778667:3.0100981390110335] [-2.3108454509059055:4.1923579659899932] [-3.2311176962167343:3.0025758888408065] [-2.2592446430918285:2.4809471412640494] [-2.4012183320924296:3.3078524536372402] [-2.4780013592521342:3.5619776483889192] [-3.1046228468470094:2.9788035432639504] [-3.1292651955903099:2.0011810882985843] [-2.5348402272446533:2.6697869871938948] [-2.1067484852516598:2.3508828156688208] [-1.113343460934674:3.1324138865924276] [-1.4060445122553442:2.6366423454770689] [3:820] [3:820] none
tree_sizes=2692 3471 2902 2578 3628 2775 2459 3179 2651 2468 3251 2987 2727 3279 3054 2855 3057 2841 2539 3184 2991 3007 3181 3277 2873 3283 3178 2462 3423 2742 2759 3412 3186 2673 3298 3122 2885 3334 3008 2663 3205 3180 2579 3009 3334 3107 3202 3312 2660 3219 3207 2255 3195 3082 3080 3398 3112 3256 2881 3007 2882 3105 3213 3087 3426 3316 2856 3428 3313 2761 3586 3218 2890 3446 3172 2847 3399 3297 2726 3436 2910 2854 3428 3009 3011 3220 3168 2673 3294 3111 2968 3067 3012 2891 3243 2999 2685 2795 3219

Tree=0
num_leaves=25
num_cat=0
split_feature=34 27 1 36 0 2 26 14 40 28 31 34 25 37 23 23 34 27 15 1 29 35 35 30
split_gain=23.7632 9.85707 6.09486 5.67404 4.06055 5.64781 4.49741 3.79435 3.13983 2.9981 2.68281 2.30218 1.96715 1.76024 4.74207 2.72652 1.43332 1.25306 1.18831 1.76273 0.887713 0.465295 0.461175 0.257566
threshold=-0.39833667079514085 0.21908145173377594 -0.94658177829357959 -0.42257268891732019 1.2749447026276648 -0.8380405600804125 0.33634737068533976 0.39773878385382755 722.00000000000011 -0.94050371716119618 1.0419603495845868 -0.2229998199523438 -0.69454293975417991 -1.0000000180025095e-35 0.48651948262570677 0.48651948262570677 0.417360852690915 0.75599996545293202 -0.71445004416420532 -0.4524392157367379 -1.0774792856325452 1.0000000180025095e-35 0.59486586327320257 0.94323068663429754
decision_type=2 2 2 2 2 2 2 2 2 2 2 2 2 2 2 2 2 2 2 2 2 2 2 2
left_child=9 2 -2 -4 5 -5 -6 11 13 -1 -8 -3 18 15 -15 -7 -10 22 -13 -20 -11 -22 -14 -23
right_child=1 7 3 4 6 8 10 -9 16 20 -12 12 17 14 -16 -17 -18 -19 19 -21 21 23 -24 -25
leaf_value=-1.465119126879882 -1.4830567220232531 -1.4624797815914647 -1.4815559152678979 -1.4246367233748694 -1.4485348375567486 -1.4601974762940415 -1.4853005538112751 -1.4560065090128476 -1.4578128085589557 -1.4745680024988466 -1.4617159956903403 -1.4607139871008772 -1.4695242666588868 -1.4448133904516698 -1.4738852033175693 -1.4331757555411306 -1.4761186866058871 -1.4897618461206648 -1.4861788686441715 -1.465119126879882 -1.4783255999727676 -1.4904484179673254 -1.4798051942409596 -1.478005872732955
leaf_weight=5.3102266788482657 6.372272014617919 7.4343173503875724 5.575738012790679 6.9032946825027457 7.9653400182724026 7.6998286843299857 7.9653400182723981 8.2308513522148115 5.5757380127906782 7.4343173503875724 6.3722720146179199 5.3102266788482693 5.3102266788482719 9.0273853540420586 8.4963626861572248 10.885964691638945 6.6377833485603333 14.337612032890318 5.8412493467330941 5.3102266788482604 9.2928966879844648 41.419768095016479 6.6377833485603333 5.8412493467330924
leaf_count=20 24 28 21 26 30 29 30 31 21 28 24 20 20 34 32 41 25 54 22 20 35 156 25 22
internal_value=-1.47042 -1.46364 -1.45745 -1.45522 -1.45308 -1.44874 -1.46476 -1.47311 -1.45358 -1.48474 -1.47461 -1.47636 -1.4791 -1.44925 -1.45839 -1.44247 -1.46773 -1.48397 -1.4705 -1.47624 -1.48654 -1.48786 -1.4752 -1.48931
internal_weight=217.188 147.89 89.4773 83.105 77.5293 55.2264 22.303 58.4125 48.3231 69.2985 14.3376 50.1816 42.7473 36.1095 17.5237 18.5858 12.2135 26.2856 16.4617 11.1515 63.9882 56.5539 11.948 47.261
internal_count=818 557 337 313 292 208 84 220 182 261 54 189 161 136 66 70 46 99 62 42 241 213 45 178
is_linear=0
shrinkage=1


Tree=1
num_leaves=32
num_cat=0
split_feature=33 19 27 1 27 40 29 22 36 14 40 10 15 24 31 22 36 15 24 24 24 25 2 35 36 41 23 24 34 35 35
split_gain=9.3587 5.88836 6.72761 5.54461 5.73871 6.22523 4.26553 4.19135 3.6928 5.56928 3.36915 2.73809 2.47153 3.57632 2.46673 2.06779 1.97635 1.91179 1.65491 3.27157 4.51282 1.54935 1.48274 1.47047 1.30733 0.825631 0.269762 0.167267 0.843278 0.0561053 0.0389581
threshold=0.63081136526899617 0.5492388009941519 0.21908145173377594 -0.82304613765436907 0.21908145173377594 722.00000000000011 -0.6289824982604143 0.44551115710163486 -0.82812805627616803 1.3925292970798362 331.00000000000006 0.26305067216614569 0.92910318609497411 0.87754721714677208 1.0000000180025095e-35 -0.30782863929968396 0.69270457131951158 1.066065955283239 -0.62309796655984129 0.27728914366412677 0.57741818040544945 -0.41174745706681315 0.18407733346297003 0.69903736142323047 -0.72673921443645606 300.00000000000006 0.20486843040502017 -1.2233560400424863 -1.0234506607564173 1.0000000180025095e-35 0.4906943651231741
decision_type=2 2 2 2 2 2 2 2 2 2 2 2 2 2 2 2 2 2 2 2 2 2 2 2 2 2 2 2 2 2 2
left_child=1 3 -3 21 5 8 22 15 -5 18 17 -7 13 14 24 -6 -11 27 -10 29 -21 -1 -2 -24 -4 -16 -14 -8 -29 -20 -17
right_child=6 2 12 4 7 11 10 -9 9 16 -12 -13 26 -15 25 30 -18 -19 19 20 -22 -23 23 -25 -26 -27 -28 28 -30 -31 -32
leaf_value=-0.87332220353946821 -0.91304886422091547 -0.92568768983949479 -0.89708303576544857 -0.89140473015475319 -0.89887580661543198 -0.90219500120288898 -0.91649704372371099 -0.90781335487434656 -0.90374563832445787 -0.88908783608007391 -0.90323604676677827 -0.88218739810479208 -0.90781335487434656 -0.91432037192546156 -0.8971005549179405 -0.87073720639862939 -0.90595809514586401 -0.90781335487434656 -0.91918227825859211 -0.89200076946166817 -0.91827179870232767 -0.89554454777142489 -0.89100526337075436 -0.90781335487434656 -0.91232783058582412 -0.8806397359763779 -0.91812591060499227 -0.93454527550253708 -0.91649704372371099 -0.9325899268807849 -0.88856325088478627
leaf_weight=7.9499478340148926 9.0340316295623797 14.815811872482298 9.7567541599273628 9.0340316295623762 7.2272253036499086 13.009005546569826 7.9499478340148917 7.2272253036499015 7.5885865688323966 9.7567541599273699 8.3113090991973859 12.647644281387327 7.2272253036499006 10.840837955474852 9.0340316295623797 7.5885865688323957 12.286283016204832 7.2272253036499015 10.840837955474855 7.227225303649905 16.26125693321228 7.9499478340148908 8.3113090991973859 7.2272253036499015 7.5885865688324037 7.5885865688323966 7.2272253036499023 13.370366811752321 7.9499478340148952 8.3113090991973859 7.2272253036499023
leaf_count=22 25 41 27 25 20 36 22 20 21 27 23 35 20 30 25 21 34 20 30 20 45 22 23 20 21 21 20 37 22 23 20
internal_value=-0.904744 -0.901781 -0.908615 -0.898409 -0.900551 -0.903907 -0.914264 -0.889121 -0.907949 -0.910327 -0.919628 -0.89141 -0.904034 -0.900453 -0.89564 -0.882933 -0.898224 -0.923431 -0.915789 -0.91803 -0.909669 -0.882338 -0.904417 -0.898757 -0.904144 -0.887882 -0.914119 -0.926755 -0.929293 -0.926891 -0.876778
internal_weight=295.594 226.212 74.0791 152.133 136.233 106.963 69.3814 29.2703 81.3063 72.2723 44.8088 25.6566 59.2632 44.8088 33.968 22.043 22.043 36.4975 50.2292 42.6406 23.4885 15.8999 24.5726 15.5385 17.3453 16.6226 14.4545 29.2703 21.3203 19.1521 14.8158
internal_count=818 626 205 421 377 296 192 81 225 200 124 71 164 124 94 61 61 101 139 118 65 44 68 43 48 46 40 81 59 53 41
is_linear=0
shrinkage=1


Tree=2
num_leaves=27
num_cat=0
split_feature=14 35 34 26 27 28 33 19 19 41 36 33 30 25 29 26 30 22 30 29 33 2 34 12 0 28
split_gain=39.0373 14.6588 8.02351 3.7024 3.5275 5.36468 2.99039 3.28315 2.14785 2.01011 2.76753 2.50448 1.99643 1.94226 1.63509 1.6135 1.59482 1.51545 1.48291 1.33393 1.17981 1.07188 0.755911 0.587574 0.476422 0.406542
threshold=-0.78255085348508902 0.3865228669731457 -1.2369042183041701 0.33634737068533976 0.21908145173377594 1.4782321131483325 0.80845780667020373 0.5492388009941519 -1.8597549749480231 600.50000000000011 -0.42257268891732019 0.63081136526899617 0.6649407944442286 1.2850254390573883 1.2931465904772896 0.24688804725155403 0.38665090225415993 0.82218105530229424 0.44230888069217361 1.6135014386002404 0.19938429329463508 -0.65667438639802411 -0.0095462624045909005 -0.52837440383711043 2.060263661115783 -0.94050371716119618
decision_type=2 2 2 2 2 2 2 2 2 2 2 2 2 2 2 2 2 2 2 2 2 2 2 2 2 2
left_child=3 6 -3 9 -4 12 7 8 -2 10 11 -1 18 -13 20 -9 -11 -5 -6 -16 21 24 -14 -18 -10 -23
right_child=1 2 4 17 5 -7 -8 15 14 16 -12 13 22 -15 19 -17 23 -19 -20 -21 -22 25 -24 -25 -26 -27
leaf_value=-1.0084118801174959 -1.0091826340114971 -0.97676045289832325 -0.99331865768356098 -1.0112089430093127 -1.01335849540297 -0.98896137569035658 -1.0038551740698078 -1.0157320610915053 -1.0324955123313453 -0.97081906816548824 -0.97771277551260571 -0.98281554817014727 -1.0103579178277819 -1.0046824814114563 -1.0046824814114563 -0.99758818589104936 -0.99918240620882026 -0.99404103813084577 -0.99758818589104936 -1.0199682326809141 -1.0129727376829736 -1.0114476428309769 -1.0247535551702192 -0.98446743904327483 -1.0174522133481891 -1.0227838510212781
leaf_weight=11.479873985052107 11.82774895429611 8.001124292612074 12.87137386202812 8.3489992618560773 12.871373862028124 7.3053743541240683 9.3926241695880872 7.6532493233680707 35.831121832132332 12.523498892784117 7.6532493233680752 9.0447492003440875 6.957499384880065 6.957499384880065 6.9574993848800686 6.9574993848800659 7.3053743541240683 6.957499384880065 6.957499384880065 11.479873985052107 9.0447492003440839 7.3053743541240719 13.914998769760134 12.175623923540117 6.957499384880065 19.828873246908195
leaf_count=33 34 23 37 24 37 21 27 22 103 36 22 26 20 20 20 20 21 20 20 33 26 21 40 35 20 57
internal_value=-1.00642 -1.01352 -1.0024 -0.989204 -1.00642 -1.0102 -1.01929 -1.02052 -1.02229 -0.986203 -0.992594 -0.998217 -1.01464 -0.991016 -1.02375 -1.0067 -0.980298 -1.00335 -1.00731 -1.0142 -1.02572 -1.02711 -1.02081 -0.988788 -1.03064 -1.02036
internal_weight=284.562 202.115 68.8792 82.4464 60.8781 48.0067 133.236 123.843 109.233 67.1399 35.1354 27.4821 40.7014 16.0022 97.405 14.6107 32.0045 15.3065 19.8289 18.4374 78.9676 69.9229 20.8725 19.481 42.7886 27.1342
internal_count=818 581 198 237 175 138 383 356 314 193 101 79 117 46 280 42 92 44 57 53 227 201 60 56 123 78
is_linear=0
shrinkage=1


Tree=3
num_leaves=23
num_cat=0
split_feature=34 30 20 20 35 9 34 40 35 35 15 19 28 25 30 16 32 29 29 35 16 30
split_gain=22.7755 9.52329 4.37378 6.82479 6.91609 5.24879 3.64495 3.36874 4.80788 5.13145 3.23411 3.19274 2.93594 2.83694 2.60141 2.05169 1.44321 1.38401 0.879749 0.454546 0.278075 0.257633
threshold=-0.39833667079514085 1.1658626003863526 -0.96251815589241441 -0.18655903810004137 0.28235136882311723 -0.34207697458160485 0.417360852690915 754.00000000000011 -0.65519211452713744 -1.1760496052772789 0.51821487853017933 -1.8597549749480231 -0.94050371716119618 -0.41174745706681315 -0.72650866650611501 0.47457568930264438 0.57609277659454905 -0.6289824982604143 -1.0774792856325452 1.0000000180025095e-35 -0.84494475206228792 0.94323068663429754
decision_type=2 2 2 2 2 2 2 2 2 2 2 2 2 2 2 2 2 2 2 2 2 2
left_child=12 2 11 7 6 -6 -5 8 9 -4 17 -2 -1 -8 15 -13 -10 -7 -14 -20 -3 -21
right_child=1 20 3 4 5 10 13 -9 16 -11 -12 14 18 -15 -16 -17 -18 -19 19 21 -22 -23
leaf_value=0.0052780358025239374 0.00011668099221212487 -0.0062447293801659292 -0.0014197234597796552 0.036733357654968317 0.025202699092092076 0.00025185644102675869 0.022253671059613591 -0.01692857177603704 -0.014861430270576025 0.030983240461183354 0.0097466893740401992 0.04116810091978982 -0.0040009262949995995 -0.00096960561437209498 0.0063375121686350929 0.013325722180737049 0.0018288682574359903 -0.015664068119487659 -0.0077814619066693671 -0.01981910839192336 -0.018566106078214708 -0.0074282598090826468
leaf_weight=5.313893884420394 6.6555050015449551 6.8772180378437033 8.8458894193172437 10.484662264585497 6.1660463213920584 6.6261225938797006 9.1157724559307116 10.097405880689619 10.633626639842989 6.4394753575325003 10.34483817219734 8.3535187840461749 7.3943505287170401 7.4780175983905783 6.936938047409055 6.9572669565677652 6.1448977291584006 11.639930516481403 9.2468253970146161 40.888322204351425 8.706128776073454 5.8019730746746054
leaf_count=20 25 26 33 39 23 25 34 38 40 24 39 31 28 28 26 26 23 44 35 156 33 22
internal_value=0 0.00660152 0.00925496 0.00613438 0.0123848 0.00305635 0.0233663 -0.00300877 0.00175667 0.0134225 -0.00253497 0.0194312 -0.0141077 0.0122437 0.0245842 0.0311913 -0.00877213 -0.010006 -0.0159113 -0.0172356 -0.0145054 -0.018683
internal_weight=217.149 148.503 132.92 104.017 61.8554 34.7769 27.0785 42.1613 32.0639 15.2854 28.6109 28.9032 68.6454 16.5938 22.2477 15.3108 16.7785 18.2661 63.3315 55.9371 15.5833 46.6903
internal_count=818 557 498 390 232 131 101 158 120 57 108 108 261 62 83 57 63 69 241 213 59 178
is_linear=0
shrinkage=0.03


Tree=4
num_leaves=33
num_cat=0
split_feature=33 19 27 7 27 40 29 22 15 40 24 30 22 15 39 7 23 28 22 15 7 27 32 24 27 0 28 22 16 24 34 35
split_gain=8.86725 5.61794 6.45386 5.23155 5.51741 5.91494 4.13262 4.00779 3.86493 3.24116 3.13012 2.99669 4.49008 3.72964 2.74809 2.45859 2.39604 2.10137 1.94228 1.87154 1.86645 3.22605 1.73914 1.7153 1.53163 1.14987 0.986531 0.919362 0.323312 0.171424 0.811531 0.020781
threshold=0.63081136526899617 0.5492388009941519 0.21908145173377594 -0.93684862616762221 0.21908145173377594 770.50000000000011 -0.6289824982604143 0.44551115710163486 1.0000000180025095e-35 331.00000000000006 0.27728914366412677 1.5554684494524489 0.72801358075212941 0.38125210934191428 1.0000000180025095e-35 -1.0000000180025095e-35 0.48651948262570677 0.18823967031658398 -0.30782863929968396 1.066065955283239 -0.45772609084066279 -0.85475557570453664 -0.51354170132697408 0.87754721714677208 -0.31783706198538036 0.079118106748030562 -0.94050371716119618 1.2930184280531185 -1.0000000180025095e-35 -1.2233560400424863 -1.0234506607564173 0.4906943651231741
decision_type=2 2 2 2 2 2 2 2 2 2 2 2 2 2 2 2 2 2 2 2 2 2 2 2 2 2 2 2 2 2 2 2
left_child=1 3 -3 25 5 8 17 18 10 19 22 12 13 -4 20 27 -7 -2 -6 29 -10 -22 -5 -12 26 -1 -16 -14 -19 -8 -31 -20
right_child=6 2 11 4 7 16 9 -9 14 -11 23 -13 15 -15 24 -17 -18 28 31 -21 21 -23 -24 -25 -26 -27 -28 -29 -30 30 -32 -33
leaf_value=0.0088225488280539565 -0.01023200288073918 -0.020573318689435304 0.0036111540373560346 -0.0054531892189938064 0.0057788226754142882 0.026295422910792534 -0.011472546355072942 -0.0030113193057851634 -0.012602497486733815 0.0014741101347666007 0.0076409911581383798 -0.014798937693004159 0.022343540935625017 -0.019660232749942271 0.010679706041515396 -0.0003071137306237493 0.0022124434551158757 0.0010806333611237525 0.033082200969967411 -0.0028939577812197377 -0.0081306869612421447 0.014916433649292314 -0.024218302713932553 -0.0092866823333417267 0.020712205577615172 0.029024041482603281 -0.0032383531740876248 0.0058170869693415748 0.010645298800545745 -0.029331346500177099 -0.011543042280958659 0.015796446929786004
leaf_weight=7.2627706229686728 8.6587428152561206 14.740981340408323 13.38024812936783 10.111861616373064 7.2340482473373475 8.7107349336147291 7.920682191848754 7.2221213579177848 9.7561517357826215 8.3143754303455335 10.482379436492922 7.9360438287258139 11.590982586145403 9.0289870500564557 7.605433017015458 10.114530503749849 7.2444130182266226 7.5811885595321664 7.6469165682792646 7.2118884027004233 10.123279064893721 8.6789617836475426 11.166775077581404 8.2884597480297071 7.5946249961853018 8.725618511438368 7.241003781557084 7.2307792901992789 8.3141312003135646 13.271513283252718 7.9280504882335689 7.2542646527290344
leaf_count=20 24 41 37 28 20 24 22 20 27 23 29 22 32 25 21 28 20 21 21 20 28 24 31 23 21 24 20 20 23 37 22 20
internal_value=0 0.00287467 -0.00380445 0.00616432 0.0040786 0.000785106 -0.00928673 0.0152668 -0.00218971 -0.0145823 -0.00903584 0.0006714 0.00352825 -0.00615944 0.00317679 0.0111617 0.0168341 0.000397002 0.021297 -0.018328 -0.0028121 0.00252822 -0.0165106 0 0.0107475 0.0217343 0.00385019 0.0171878 0.00691495 -0.0216254 -0.0241457 0.0272472
internal_weight=295.573 226.372 74.0226 152.35 136.361 107.004 69.2006 29.3574 91.0489 44.6465 40.0495 59.2816 51.3455 22.4092 50.9995 28.9363 15.9551 24.5541 22.1352 36.3321 28.5584 18.8022 21.2786 18.7708 22.4411 15.9884 14.8464 18.8218 15.8953 29.1202 21.1996 14.9012
internal_count=818 626 205 421 377 296 192 81 252 124 111 164 142 62 141 80 44 68 61 101 79 52 59 52 62 44 41 52 44 81 59 41
is_linear=0
shrinkage=0.03


Tree=5
num_leaves=25
num_cat=0
split_feature=14 35 34 26 15 22 26 22 29 16 33 19 13 14 41 36 33 15 25 15 28 33 15 29
split_gain=37.0772 13.9353 7.53864 3.49507 3.45583 5.35848 3.69117 3.63209 3.62546 3.21634 3.66922 2.81669 2.39094 2.32503 1.92012 2.6559 2.35035 1.97489 1.84194 1.72839 0.599245 0.379499 0.631702 0.16631
threshold=-0.78255085348508902 0.3865228669731457 -1.2369042183041701 0.33634737068533976 -0.30356173659941049 0.82218105530229424 0.51526601755291124 0.72801358075212941 -0.6289824982604143 -1.3727529286082607 0.80845780667020373 0.5492388009941519 -1.5572593445859459 0.5006294485577879 600.50000000000011 -0.42257268891732019 0.63081136526899617 0.92910318609497411 1.2850254390573883 0.65517764771844422 -1.1017527725151648 -0.79036016594066327 -0.16659896741114555 1.837749832286306
decision_type=2 2 2 2 2 2 2 2 2 2 2 2 2 2 2 2 2 2 2 2 2 2 2 2
left_child=3 9 -3 14 5 6 8 -6 -4 -2 11 12 -11 20 15 16 -1 -16 -18 -5 -14 -22 -23 -15
right_child=1 2 4 19 7 -7 -8 -9 -10 10 -12 -13 13 23 17 -17 18 -19 -20 -21 21 22 -24 -25
leaf_value=-0.0019795735380102541 0.0046055957338270552 0.028586618099760538 -0.0093159959502732235 -0.0061014143343295591 0.0022162490721447034 0.020427963395979874 -0.018573511618552203 -0.020130544111599754 0.015841610404730186 -0.0032891663435049572 0.0035668589265535522 -0.0014993415602741649 -0.0025918477368608839 -0.024220869729754881 0.030293621039910758 0.027896556104875674 0.022772941176843212 0.010385691270909759 0.0015514291177165078 0.012189977976038957 -0.020161591671855588 -0.0044304701094441921 -0.016201021271226405 -0.011542248046516053
leaf_weight=11.477195322513579 7.9752789437770835 8.0970286726951581 7.6532712876796731 7.6617991924285871 12.173425644636156 12.551714003086088 7.291590452194213 11.119232714176176 10.114312887191776 12.135348021984099 9.0609452128410322 13.237409353256224 7.6317005455493918 44.850773900747299 22.805526494979858 7.7239802479743984 9.1324759423732775 9.4477131068706495 6.9777286648750296 7.6663683652877808 8.6481875777244586 13.851491034030916 7.9608245491981497 7.2621493041515341
leaf_count=33 23 23 22 22 35 36 21 32 29 35 26 38 22 130 65 22 26 27 20 22 25 40 23 21
internal_value=0 -0.00694138 0.00387363 0.0167165 0 0.0055349 -0.00243129 -0.00878197 0.0048121 -0.0125937 -0.0137834 -0.0152232 -0.0168932 -0.0185742 0.0196181 0.0133902 0.00789332 0.0253606 0.0148372 0.00296158 -0.0118094 -0.0137011 -0.00974975 -0.0229383
internal_weight=284.507 201.615 69.0006 82.8928 60.9035 37.6109 25.0592 23.2927 17.7676 132.614 124.639 115.578 102.34 90.2051 67.5646 35.3114 27.5874 32.2532 16.1102 15.3282 38.0922 30.4605 21.8123 52.1129
internal_count=818 581 198 237 175 108 72 67 51 383 360 334 296 261 193 101 79 92 46 44 110 88 63 151
is_linear=0
shrinkage=0.03


Tree=6
num_leaves=22
num_cat=0
split_feature=34 30 41 1 26 9 2 32 22 26 40 26 14 30 20 32 27 40 29 30 16
split_gain=21.817 9.14218 6.62768 5.22031 4.07448 4.26701 7.05487 3.60299 3.37725 3.07408 4.03283 4.18657 2.46608 2.61209 1.82953 1.2995 1.2943 1.45294 0.486663 0.421546 0.27154
threshold=-0.39833667079514085 1.1658626003863526 352.00000000000006 -0.94658177829357959 1.0000000180025095e-35 -1.3804932147214577 -0.83241680275692753 0.57609277659454905 -1.1553359102511671 0.24688804725155403 722.00000000000011 0.87310331128805407 -0.60625795888122802 0.16401898850210495 -0.96251815589241441 -0.099173660427240087 0.21908145173377594 491.50000000000006 -0.6289824982604143 0.94323068663429754 -0.84494475206228792
decision_type=2 2 2 2 2 2 2 2 2 2 2 2 2 2 2 2 2 2 2 2 2
left_child=12 2 3 -2 8 14 -7 15 -5 -8 11 -11 19 -14 -6 -4 17 -10 -15 -1 -3
right_child=1 20 7 4 5 6 9 -9 16 10 -12 -13 13 18 -16 -17 -18 -19 -20 -21 -22
leaf_value=-0.0197579103578591 -0.0078150454672219656 -0.0061556778236804372 -0.0024067449613105487 0.0025298941504883106 0.0068670836735822459 0.035989948281259829 -0.0075893734953206499 0.012052261805016498 0.046561257076385483 0.027305893534449514 -0.0035560746033667539 0.0025629505472317274 0.0054656633493612812 -0.0039397332630494997 -0.010778783540940752 -0.018599073312249605 0.012497138309555187 0.018308440278150734 -0.017916821357583105 -0.0076945463499828552 -0.0183862834392357
leaf_weight=36.256877303123474 9.2579061388969404 6.8526864349842063 10.599367797374729 5.9340793192386654 8.6022384762763995 9.620253771543501 7.4571968615055075 7.2358367741107932 6.7884141206741351 15.390930682420732 9.8571668863296491 11.122378915548323 10.056939095258715 6.0264427959918967 9.3296371698379499 8.7218975424766541 6.3741212487220755 7.3308927416801453 8.0480277538299543 7.5904572308063498 8.6042342185974103
leaf_count=140 35 26 40 22 32 35 28 27 25 57 37 41 38 23 35 33 24 27 31 29 33
internal_value=0 0.00642622 0.00900555 0.0123134 0.0143683 0.0101272 0.014294 -0.00406141 0.0244494 0.00836588 0.0119667 0.0178334 -0.0138963 -0.0053667 -0.00212833 -0.0108177 0.0299182 0.0354432 -0.0132732 -0.0181255 -0.014342
internal_weight=217.058 149.079 133.622 107.065 97.8073 71.3798 53.4479 26.5571 26.4275 43.8277 36.3705 26.5133 67.9787 24.1314 17.9319 19.3213 20.4934 14.1193 14.0745 43.8473 15.4569
internal_count=818 557 498 398 363 265 198 100 98 163 135 98 261 92 67 73 76 52 54 169 59
is_linear=0
shrinkage=0.03


Tree=7
num_leaves=29
num_cat=0
split_feature=33 20 27 19 22 30 2 41 29 0 30 24 1 25 40 37 12 20 30 28 2 36 28 32 34 22 36 0
split_gain=8.38527 5.40286 5.11172 5.46238 5.47041 5.24956 5.1542 4.68481 4.01069 3.2278 3.13681 3.11309 3.08746 3.95315 3.51571 4.27859 4.42685 2.93891 2.75005 2.62359 3.12109 2.05169 2.03372 1.82378 1.53444 0.718349 0.70545 0.184734
threshold=0.63081136526899617 -0.18655903810004137 0.21908145173377594 0.5492388009941519 0.25717620800130525 1.5554684494524489 1.0740369299044572 180.00000000000003 -0.6289824982604143 0.10291565094464022 -0.44821877431604623 0.57741818040544945 -0.82304613765436907 -1.2601339051289135 543.00000000000011 1.013593425392677 -0.63370499652804158 -0.96251815589241441 0.49796685913018751 -0.61800560645325897 -0.25598167709972425 0.5913157294797996 0.18823967031658398 -1.4672459224454097 0.20390729514316211 0.72801358075212941 -1.1322945817953036 -0.67050453544517274
decision_type=2 2 2 2 2 2 2 2 2 2 2 2 2 2 2 2 2 2 2 2 2 2 2 2 2 2 2 2
left_child=1 12 3 4 9 6 7 -4 22 -3 -10 18 -1 -14 15 16 -15 -16 -9 24 -21 -13 -2 -12 -18 -25 -24 -20
right_child=8 2 5 -5 -6 -7 -8 11 10 -11 23 21 13 14 17 -17 19 -19 27 20 -22 -23 26 25 -26 -27 -28 -29
leaf_value=0.020204658757336555 -0.0099910622257546253 -0.018201383039079769 -0.008546914670404155 -0.024849851976804751 0.016668769876416079 -0.016512167963309388 -0.012384438638398615 0.004550320391090339 0.0026872915741455051 0.0031556402379546485 -0.004977961807602055 -0.0076868470633304686 -0.012617391668553505 0.015291664486576866 0.004256114535287416 0.019141224973050569 -0.001014225094332414 0.024694598435269288 0.01402356238336985 0.015823372569343009 -0.0083284528605114191 0.011212750013844051 0.011976673379117789 -0.025632652645806761 -0.018858959070070139 -0.010517130889445232 0 0.029738071894301984
leaf_weight=14.207174211740492 8.6310182213783282 14.046430259943014 9.0574914515018445 12.865770339965819 8.3195873200893384 8.9920362234115583 9.7293767035007459 9.7981801927089709 7.2049181163310996 9.4287258386611921 10.053034871816633 7.595893174409869 8.3158352077007276 9.7876202762126834 13.053573936223986 10.128901124000548 7.5896731913089708 14.557291150093077 7.6011411845684043 7.2505777776241329 9.0327487587928896 10.148349642753599 8.6788307130336744 18.256486594676975 12.62014392018318 8.9570032358169538 7.2199995517730704 12.365032225847246
leaf_count=39 24 39 25 36 23 25 27 27 20 26 28 21 23 27 36 28 21 40 21 20 25 28 24 51 35 25 20 34
internal_value=0 0.00279012 -0.00153386 -0.00944067 -0.0021865 0.00317111 0.00623564 0.00977881 -0.00904816 -0.00970882 -0.0142808 0.0135497 0.00766735 0.00538224 0.00742395 0.00283942 -0.00109168 0.0159552 0.0192987 -0.00607394 0.00251596 0.00284196 0.000484053 -0.0176931 -0.012967 -0.0216758 0.00688664 0.025433
internal_weight=295.493 226.492 119.948 44.6605 31.7947 75.2875 66.2955 56.5661 69.0013 23.4752 44.4714 47.5086 106.544 92.3364 84.0205 56.4097 46.2808 27.6109 29.7644 36.4931 16.2833 17.7442 24.5298 37.2665 20.2098 27.2135 15.8988 19.9662
internal_count=818 626 332 124 88 208 183 156 192 65 124 131 294 255 232 156 128 76 82 101 45 49 68 104 56 76 44 55
is_linear=0
shrinkage=0.03


Tree=8
num_leaves=24
num_cat=0
split_feature=14 35 34 15 22 22 16 33 31 19 30 2 27 13 14 1 14 13 16 19 19 31 30
split_gain=35.1427 13.2613 7.09272 3.29116 5.1226 3.48955 3.10102 3.51609 3.09859 2.69811 2.3977 4.53544 2.86448 2.3213 2.23445 1.81799 1.67214 1.94532 0.621485 1.11357 1.082 0.553589 0.389329
threshold=-0.78255085348508902 0.3865228669731457 -1.2369042183041701 -0.30356173659941049 0.82218105530229424 0.72801358075212941 -1.3727529286082607 0.80845780667020373 1.0000000180025095e-35 0.5492388009941519 0.16401898850210495 1.1879180157050271 -0.13886422407899501 -1.5572593445859459 0.5006294485577879 2.3785858822451682 -1.0575207452722719 1.0411535915873043 0.47457568930264438 -0.65525808697693577 1.0000000180025095e-35 -1.1588429788663566 0.88757270819628364
decision_type=2 2 2 2 2 2 2 2 2 2 2 2 2 2 2 2 2 2 2 2 2 2 2
left_child=10 6 -3 4 8 -5 -2 9 -4 13 12 16 -1 -8 18 21 -12 22 20 -20 -15 -13 -18
right_child=1 2 3 5 -6 -7 7 -9 -10 -11 11 15 -14 14 -16 -17 17 -19 19 -21 -22 -23 -24
leaf_value=0.0099403413910827288 0.0045388310539993581 0.027592964111716793 0.0073665318414852677 0.0021299963546202272 0.01986763159305379 -0.01979860615080958 -0.0031553717472148674 0.0034570866492689509 -0.012499806623142535 -0.0014778799149921854 -0.0079410787363776072 0.011384369909835478 0.034036593093744162 -0.019903956824256903 -0.022535784318362107 0.0051505097623754607 0.0047142239841960866 0.017581487545973929 0.0016462710171906367 -0.012325068527179335 -0.0034218880816773247 0.028056193557938407 -0.0043535509644169338
leaf_weight=10.208655357360842 7.982795149087905 8.1818202137947065 12.592369943857195 12.18801921606064 12.632147222757338 11.038252800703047 12.108662873506544 9.075206518173216 12.463920295238493 13.232408881187437 7.0112717151641872 7.0501248538494172 12.715815514326094 13.801885575056078 51.644274979829788 7.7195915877819052 7.0134195685386675 8.4279861450195295 7.9487284123897579 9.2943057715892774 6.8932160139083853 16.176025122404099 7.0047687590122223
leaf_count=29 23 23 36 35 36 32 35 26 36 38 20 20 36 40 151 22 20 24 23 27 20 46 20
internal_value=0 -0.00678964 0.00374103 0 0.00535969 -0.00861774 -0.0123278 -0.0135027 -0.00243763 -0.0149208 0.01621 0.0123227 0.0248213 -0.016565 -0.0182299 0.0201181 0.00336166 0.00741901 -0.011582 -0.0059481 -0.0152866 0.0242359 0
internal_weight=284.406 201.078 69.0965 60.9147 37.6884 23.2263 131.981 123.999 25.0563 114.923 83.3277 60.4032 22.9245 101.691 89.5824 30.9457 29.4574 22.4462 37.9381 17.243 20.6951 23.2261 14.0182
internal_count=818 581 198 175 108 67 383 360 72 334 237 172 65 296 261 88 84 64 110 50 60 66 40
is_linear=0
shrinkage=0.03


Tree=9
num_leaves=22
num_cat=0
split_feature=34 30 41 7 26 9 2 31 22 26 40 26 28 20 7 34 29 35 16 30 28
split_gain=20.9213 8.78317 6.26246 4.95904 3.90899 4.06038 6.55781 3.88949 3.20088 2.91722 3.82268 3.93492 2.80989 1.76284 1.52027 0.99973 0.888336 0.425903 0.264488 0.263584 0.234477
threshold=-0.39833667079514085 1.1658626003863526 352.00000000000006 -1.1151417265644501 1.0000000180025095e-35 -1.3804932147214577 -0.83241680275692753 1.0419603495845868 -1.1553359102511671 0.24688804725155403 722.00000000000011 0.87310331128805407 -0.94050371716119618 -0.96251815589241441 -0.43789687178682568 0.20390729514316211 -1.0774792856325452 1.0000000180025095e-35 -0.84494475206228792 0.94323068663429754 0.34948872567055239
decision_type=2 2 2 2 2 2 2 2 2 2 2 2 2 2 2 2 2 2 2 2 2
left_child=12 2 3 -2 8 13 -7 14 -5 -8 11 -11 -1 -6 -4 -10 -14 -18 -3 -19 -16
right_child=1 18 7 4 5 6 9 -9 15 10 -12 -13 16 -15 20 -17 17 19 -20 -21 -22
leaf_value=0.0052095460742303534 -0.0077010556413486574 -0.0060758650068812384 0.00099744070778483122 0.002414860028680754 0.0066277578850502715 0.034525789386141106 -0.0074770320995506479 0.014762389445565478 0.036527304754117348 0.026322609733950356 -0.0035417603515348955 0.0024251861938833818 -0.0035945557130866402 -0.010680691634230499 -0.020390871241423747 0.016381485431914214 -0.0075858892402968043 -0.019417994417121703 -0.018212355561994902 -0.0070859481374866383 -0.0076119253094596596
leaf_weight=5.324376553297042 9.2153982818126661 6.8306320309638968 6.3864546716213271 5.9551019370555904 8.6566857695579547 9.8402696847915632 7.4223386049270621 5.9158069193363181 10.961005657911302 15.647550165653231 9.8518027961254102 11.164398342370985 7.2836336493492118 9.2887461483478528 6.6072080433368683 9.8248434364795667 9.1732616424560529 39.851733162999153 8.5048445016145688 5.7164785861968985 7.5627867579460144
leaf_count=20 35 26 24 22 32 35 28 22 40 57 37 41 28 35 25 36 35 156 33 22 29
internal_value=0 0.00625373 0.0087628 0.0119544 0.013939 0.00979641 0.0138327 -0.00396668 0.0237488 0.00809817 0.0115784 0.0172394 -0.0136979 -0.00215553 -0.010266 0.0290177 -0.0155001 -0.0168393 -0.014186 -0.0182735 -0.0153349
internal_weight=216.985 149.636 134.3 107.828 98.6127 71.8718 53.9264 26.4723 26.741 44.0861 36.6638 26.8119 67.3495 17.9454 20.5564 20.7858 62.0251 54.7415 15.3355 45.5682 14.17
internal_count=818 557 498 398 363 265 198 100 98 163 135 98 261 67 78 76 241 213 59 178 54
is_linear=0
shrinkage=0.03


Tree=10
num_leaves=30
num_cat=0
split_feature=33 20 27 19 2 29 41 24 4 25 35 36 33 33 32 36 28 25 16 16 19 28 28 24 28 16 15 36 28
split_gain=7.95289 5.11121 4.94106 5.23372 3.93324 3.90569 3.45241 3.77801 3.31728 3.76177 3.04574 2.68511 2.5559 2.96742 2.41237 6.39054 3.46377 5.00392 2.28331 2.11136 2.67453 1.95371 1.92611 1.77689 1.62011 1.29593 1.05574 0.674569 0.565289
threshold=0.63081136526899617 -0.18655903810004137 0.21908145173377594 0.5492388009941519 1.0740369299044572 -0.6289824982604143 180.00000000000003 0.57741818040544945 -0.79823122179849704 -1.2601339051289135 -0.34267762007705255 0.5913157294797996 -0.61271372453945594 -0.25742084173704111 -0.2833372341604552 1.0000000180025095e-35 -0.77925466180722758 -0.41174745706681315 0.47457568930264438 0.73847977757563088 1.0000000180025095e-35 0.18823967031658398 0.67198683637848955 -1.2233560400424863 -1.4242508832231018 -0.58104066378930141 0.65517764771844422 -1.1322945817953036 -0.45675655109929053
decision_type=2 2 2 2 2 2 2 2 2 2 2 2 2 2 2 2 2 2 2 2 2 2 2 2 2 2 2 2 2
left_child=1 8 3 19 6 21 -4 12 -1 -10 -7 -9 -8 -14 25 -16 18 -18 24 20 -3 -2 -15 -12 -17 -11 -25 -23 -27
right_child=5 2 4 -5 -6 10 7 11 9 14 23 -13 13 22 15 16 17 -19 -20 -21 -22 27 -24 26 -26 28 -28 -29 -30
leaf_value=0.020203842673088487 -0.0097183325034058844 -0.0061672619068413818 -0.0092155671230568937 -0.024434481180499141 -0.011427440038416151 0.002691020279065595 0.0020927790709268199 -0.011731422463016257 -0.012495573113035684 0.024391136805369206 -0.0048352752062383658 0.0084051758566747181 0.0355222798855531 0 -0.01869759784786211 0.0043716874685729877 0.030602358022557046 0 0.010089146109202075 -0.011545133891321663 0.014273277088315519 0.011803444001328725 0.019902332722120632 -0.025475826545669423 -0.012194784768115296 0.013154702534790719 -0.0087521458299396285 0 0.0013123010400262025
leaf_weight=14.640234023332594 8.5986037850379962 10.451541870832449 9.400004029273985 12.772911846637724 12.17978313565254 7.2040238082408896 10.535529196262354 9.3717745244503039 8.3021277487277967 7.9959432184696224 10.035189807415007 11.608792424201964 7.3017264008522007 7.2536063492298197 8.3057760298252088 7.5781016349792436 9.8373168110847491 8.7151395082473808 13.80117943882942 11.923702478408812 9.4128409922122938 8.6931102871894819 7.6479818522930145 18.841831266880039 10.857942700386046 8.35590556263924 8.227691322565077 7.212570756673812 8.3245837986469233
leaf_count=40 24 29 26 36 34 20 29 26 23 22 28 32 20 20 23 21 27 24 38 33 26 24 21 53 30 23 23 20 23
internal_value=0 0.00270978 -0.00149883 -0.00928499 0.00312214 -0.00883052 0.00622264 0.00920967 0.00744754 0.00506374 -0.0140086 -0.000505311 0.0153601 0.0208715 0.0070635 0.0034682 0.00764016 0.0174613 0.00128523 -0.00219072 0.00355984 0.000569751 0.0107348 -0.0173849 -0.00526764 0.0147522 -0.0213291 0.00683441 0.00817053
internal_weight=295.387 226.574 119.86 44.561 75.2992 68.813 63.1194 53.7194 106.714 92.074 44.3087 20.9806 32.7388 22.2033 83.7719 59.0955 50.7897 18.5525 32.2372 31.7881 19.8644 24.5043 14.9016 37.1047 18.436 24.6764 27.0695 15.9057 16.6805
internal_count=818 626 332 124 208 192 174 148 294 254 124 58 90 61 231 163 140 51 89 88 55 68 41 104 51 68 76 44 46
is_linear=0
shrinkage=0.03


Tree=11
num_leaves=27
num_cat=0
split_feature=14 35 34 26 16 33 19 30 30 34 26 32 41 22 30 33 26 16 33 25 29 5 26 12 35 26
split_gain=33.1661 12.6929 6.70908 3.17489 2.98983 3.36762 2.59209 2.34995 4.33591 4.08463 2.33868 2.14655 1.78654 1.4237 1.40476 1.29966 2.0133 1.25287 1.13014 1.06157 0.838114 1.26549 0.760804 0.538968 0.334802 0.298141
threshold=-0.78255085348508902 0.3865228669731457 -1.2369042183041701 0.33634737068533976 -1.3727529286082607 0.80845780667020373 0.5492388009941519 1.2771785572623799 0.83191472975826997 -0.27636320933928216 1.4098592518907684 0.23845955808365463 600.50000000000011 0.82218105530229424 0.38665090225415993 0.097872041065373838 -1.0950018042552312 1.2662879541216039 -0.43506728313824855 0.43663899099528752 1.837749832286306 -0.42128442357508267 0.15742872381776815 -0.52837440383711043 0.90738035772328729 -0.20040856991737457
decision_type=2 2 2 2 2 2 2 2 2 2 2 2 2 2 2 2 2 2 2 2 2 2 2 2 2 2
left_child=3 4 -3 12 -2 6 10 8 9 -4 17 -11 15 -5 -14 -1 -17 20 -13 -18 21 22 -6 -16 -10 -23
right_child=1 2 7 13 5 -7 -8 -9 24 11 -12 18 14 -15 23 16 19 -19 -20 -21 -22 25 -24 -25 -26 -27
leaf_value=0.00083597864873761227 0.0044780072393147581 0.026775209834524857 0.017625899011991929 -0.0049639716862841538 -0.014498437799048056 0.0033511015642203883 -0.0014343161341936151 0.013124657079362922 -0.0073053993779930437 -0.012144605147636057 -0.0009842923492428162 0.010912683565491058 0.032634130943592563 0.011631215836190367 0.0063562819816357927 0.0031671886529383401 0.0093530096834028142 -0.0064893795649516479 -0.0035709974452233723 0.028117214170600688 -0.0079747952819316705 -0.017457025357896117 -0.026565190523572785 0.020097185386159559 -0.02134814255562251 -0.006888322615640899
leaf_weight=8.0482391119003278 7.9894883334636679 8.2479848563671094 10.209185391664496 8.3715999722480756 16.631245344877229 9.0884278416633588 13.222268670797346 8.7583366930484754 6.9295357465744001 12.140896797180185 9.2561701238155347 7.9752124249935079 12.881585299968718 7.0269539356231681 7.3961916863918296 9.8770408034324628 8.1426922678947502 11.664238154888151 7.9649136364460045 9.5895776748657209 9.9347037672996503 6.8501823544502285 33.615415453910828 12.426878869533541 6.8997765779495239 13.07370659708978
leaf_count=23 23 23 29 24 49 26 38 25 20 35 27 23 36 20 21 28 23 34 23 27 29 20 99 35 20 38
internal_value=0 -0.00662119 0.00366811 0.0156925 -0.0120626 -0.0132231 -0.0146197 0 -0.00254718 0.00262181 -0.0162407 -0.00324744 0.0184331 0.00261422 0.0239081 0.0124877 0.01546 -0.0176746 0.00364681 0.0212141 -0.0190805 -0.0203693 -0.0232232 0.0160595 -0.0161064 -0.0117699
internal_weight=284.212 200.452 69.1258 83.7608 131.326 123.336 114.248 60.8779 52.1195 38.2902 101.026 28.081 68.3622 15.3986 32.7047 35.6575 27.6093 91.7695 15.9401 17.7323 80.1053 70.1705 50.2467 19.8231 13.8293 19.9239
internal_count=818 581 198 237 383 360 334 175 150 110 296 81 193 44 92 101 78 269 46 50 235 206 148 56 40 58
is_linear=0
shrinkage=0.03


Tree=12
num_leaves=25
num_cat=0
split_feature=34 27 41 4 1 14 13 23 28 34 10 34 1 27 33 22 30 28 35 36 41 5 5 16
split_gain=20.0066 8.45654 8.2889 4.47475 3.91979 2.81896 6.87398 3.24198 2.7684 2.46608 3.67186 2.68913 2.42415 2.28373 1.68538 1.55365 0.913938 0.783584 2.316 1.52244 0.523954 0.21574 0.287211 0.0990565
threshold=-0.39833667079514085 1.1139456412657032 352.00000000000006 -0.53659564353954514 -0.94658177829357959 1.3925292970798362 -1.1497046837178486 0.20486843040502017 -0.61800560645325897 0.417360852690915 0.66948568011721832 0.63081441023866824 0.098323848779741582 -1.0933860262463837 -0.79036016594066327 1.1046834789527888 0.94323068663429754 -0.13425844039135346 0.3865228669731457 0.48992688764008774 364.00000000000006 1.0000000180025095e-35 1.6240737368527924 0.73847977757563088
decision_type=2 2 2 2 2 2 2 2 2 2 2 2 2 2 2 2 2 2 2 2 2 2 2 2
left_child=8 2 4 -4 -2 6 -6 -7 -1 13 11 -11 -9 -8 -13 -3 20 19 -19 -15 21 -10 -23 -5
right_child=1 15 3 23 5 7 9 12 16 10 -12 14 -14 17 -16 -17 -18 18 -20 -21 -22 22 -24 -25
leaf_value=0.00045414834597636396 -0.0060903221683626732 -0.0026622707532621376 0.010696142318868753 -0.0091853888699652327 0.037695810266461412 0.017838158838899863 0 -0.01632003867847592 -0.0046875809440671172 -0.00044397002070717607 -0.0075301672148245236 0.0075561387967134873 0.0053283666680695625 0 0.030160796771957408 -0.021098718267871283 -0.0054082188115449487 0.041694971909995431 0.01190600196814781 0.021442298561665737 -0.021007857147420379 -0.01921350030933789 -0.0050064872225961477 -0.020142345650148722
leaf_weight=9.9987604171037656 8.3719591498374921 9.4714683592319506 7.5429458320140865 10.204226300120355 11.112304896116255 8.7637533843517321 5.4869643151760128 6.173768579959872 7.759842827916148 8.4028156697750109 10.56020328402519 8.3753991127014107 10.019596934318541 5.5217091143131309 6.532871842384341 8.2494596987962705 9.5694389939308149 5.5861932635307259 7.2582568526268005 6.0893412530422211 28.740693464875221 5.5630945265293104 5.0581603050231934 6.4813305288553229
leaf_count=38 32 36 28 39 39 32 20 23 30 31 39 31 37 20 24 32 37 20 27 22 114 22 20 25
internal_value=0 0.00607392 0.0087201 -0.00666755 0.0122627 0.0139276 0.0168371 0.00450657 -0.01349 0.0123306 0.00609776 0.0125952 -0.0032699 0.0185632 0.019679 -0.0125337 -0.0160008 0.0222851 0.0282851 0.0127135 -0.0177953 -0.0112643 -0.0143995 -0.0150818
internal_weight=216.895 150.205 132.484 24.2285 108.255 99.8832 74.9261 24.9571 66.69 63.8138 33.8713 23.3111 16.1934 29.9425 14.9083 17.7209 56.6912 24.4555 12.8445 11.6111 47.1218 18.3811 10.6213 16.6856
internal_count=818 557 489 92 397 365 273 92 261 234 125 86 60 109 55 68 223 89 47 42 186 72 42 64
is_linear=0
shrinkage=0.03


Tree=13
num_leaves=30
num_cat=0
split_feature=33 19 27 7 27 40 22 15 24 30 22 15 23 7 15 34 26 34 13 32 35 32 24 25 31 34 22 23 32
split_gain=7.50516 4.85062 5.69266 4.54761 5.29259 5.39084 3.67947 3.55139 3.00726 2.71233 4.21268 3.40402 2.22329 2.21312 2.10983 3.84398 4.43644 1.83408 2.85679 3.45313 1.78354 1.66643 1.63401 1.55807 1.3397 1.27023 0.903128 0.825757 0.568975
threshold=0.63081136526899617 0.5492388009941519 0.21908145173377594 -0.93684862616762221 0.21908145173377594 770.50000000000011 0.44551115710163486 1.0000000180025095e-35 0.27728914366412677 1.5554684494524489 0.72801358075212941 0.38125210934191428 0.48651948262570677 -1.0000000180025095e-35 1.066065955283239 -1.0234506607564173 -0.4687865402187314 -0.16963643056540559 -1.0608104262558966 0.57609277659454905 0.3865228669731457 -0.51354170132697408 0.87754721714677208 -0.41174745706681315 -1.062104371022359 0.41736085269091527 1.2930184280531185 0.20486843040502017 -1.4672459224454097
decision_type=2 2 2 2 2 2 2 2 2 2 2 2 2 2 2 2 2 2 2 2 2 2 2 2 2 2 2 2 2
left_child=1 3 -3 23 5 7 20 8 21 10 11 -4 -7 26 15 24 -17 -9 19 27 -6 -5 -10 -1 28 -20 -12 -19 -2
right_child=14 2 9 4 6 12 -8 17 22 -11 13 -13 -14 -15 -16 16 -18 18 25 -21 -22 -23 -24 -25 -26 -27 -28 -29 -30
leaf_value=0.028873669897406543 -0.010712920345341923 -0.019490598063008766 0.0031911610775409525 -0.0054034728245330212 0.030754017915694511 0.024810757536171225 -0.0028690590923827783 0.014188826308256439 0.0073910598276262108 -0.014195738806801335 0.021404668316565102 -0.019070053172883659 0.0017680464751898962 -0.00021227304642208158 0.0030396538337113064 0.010423307338800538 -0.015630836492024694 -0.010139344343998057 0 0.016619289917500737 0.010834622107329257 -0.023842287617476858 -0.0091333007558366645 0.0075391346384247127 -0.0032715427551937037 -0.017488266228475696 0.0052857387447264089 0.0024379399130901457 -0.02339267648396923
leaf_weight=8.1048445105552691 11.796176791191099 14.48591500520706 13.428562343120577 10.100992083549501 8.7982220351696068 8.8098506927490252 7.2054333686828604 8.7359852194786054 10.502801924943926 7.8659577667713156 11.676544189453127 8.9475547671318036 7.2759327292442313 10.099087506532671 10.431945741176603 12.566826701164247 8.5918095707893354 7.242381811141966 7.2389353215694445 12.374676525592802 13.475452721118925 11.095848292112349 8.2692896425724012 8.0713881254196149 7.4836426675319698 7.5832168757915497 7.2678624689579001 7.9796713590621948 17.7232725918293
leaf_count=22 33 41 37 28 24 24 20 24 29 22 32 25 20 28 29 35 24 20 20 34 37 31 23 22 21 21 20 22 50
internal_value=0 0.00263006 -0.00358975 0.00567627 0.00372484 0.000503557 0.0146547 -0.00233817 -0.00891057 0.000581871 0.00329417 -0.00609798 0.0157691 0.0106708 -0.00859374 -0.0108048 -0.000225987 0.00279066 0 0.00567267 0.0203992 -0.0162577 0 0.020111 -0.0164536 -0.0100079 0.0163558 -0.00356004 -0.0192822
internal_weight=295.23 226.636 73.7715 152.865 136.689 107.21 29.4791 91.1238 39.9689 59.2856 51.4196 22.3761 16.0858 29.0435 68.5937 58.1617 21.1586 51.1549 42.4189 27.5967 22.2737 21.1968 18.7721 16.1762 37.0031 14.8222 18.9444 15.2221 29.5194
internal_count=818 626 205 421 377 296 81 252 111 164 142 62 44 80 192 163 59 141 117 76 61 59 52 44 104 41 52 42 83
is_linear=0
shrinkage=0.03


Tree=14
num_leaves=28
num_cat=0
split_feature=14 33 27 41 27 26 16 26 15 22 33 16 29 23 25 41 36 33 15 25 15 34 21 22 16 36 15
split_gain=31.4822 10.9281 5.54255 4.50729 4.33725 2.98028 2.59006 2.77506 2.23044 3.97482 2.78877 2.11455 2.03582 1.98634 1.895 1.69517 2.56622 2.05687 1.81081 1.71451 1.64414 1.49326 0.942453 0.825074 1.9127 0.261086 0.0575608
threshold=-0.78255085348508902 1.151061657943961 1.1139456412657032 331.00000000000006 0.21908145173377594 0.33634737068533976 -1.3727529286082607 1.4098592518907684 0.38125210934191428 0.068841258900975297 -0.61271372453945594 0.73847977757563088 -0.6289824982604143 0.48651948262570677 0.15384350830792071 600.50000000000011 -0.42257268891732019 0.63081136526899617 0.92910318609497411 1.2850254390573883 0.65517764771844422 0.15054390575622381 0.70196708601425883 -0.96700096115083756 1.0000000180025095e-35 -0.14605766571810574 -0.9883755825407351
decision_type=2 2 2 2 2 2 2 2 2 2 2 2 2 2 2 2 2 2 2 2 2 2 2 2 2 2 2
left_child=5 2 3 6 25 15 -2 8 9 11 -11 21 -3 -4 -6 16 17 -1 -17 -19 -7 -8 -13 24 -10 -5 -12
right_child=1 12 13 4 14 20 7 -9 23 10 26 22 -14 -15 -16 18 -18 19 -20 -21 -22 -23 -24 -25 -26 -27 -28
leaf_value=-0.0023578376455780019 0.0021864951468414497 0.00062678976290073802 -0.0027183930560752329 0.0046165418882916634 -0.01692829819625034 -0.0062554354219041368 -0.0082400325906642671 -8.5363142726204691e-05 0 0.012658536401577028 -0.010906215611792591 -0.013177645431905702 0.021721807239192672 0.016829152113628419 0.0016784065466460029 0.027829496242507298 0.026156570728612105 0.020796636214189382 0.0091677290493518172 0.00070049144679315621 0.011547469416913574 -0.026375175792203023 0 -0.024194347537009813 -0.021086202861573151 0.015962933238409804 -0.003448592577790005
leaf_weight=11.539495974779127 8.6615782976150495 7.0688115358352688 7.6358155012130728 7.0147348642349243 10.664972454309465 7.6788236200809461 8.8406006991863268 12.745281696319578 6.8041224181652051 7.6123341917991665 6.9334179162979135 9.9188777208328265 11.396530866622923 8.0158011019229871 6.954924911260604 23.318506211042404 7.8655774891376522 9.3253357112407702 9.5895022153854352 7.0648716092109671 7.7297676801681519 18.577323257923126 9.89977118372917 30.156976997852325 7.1237832307815552 6.9478223919868487 6.8897210955619785
leaf_count=33 25 20 22 20 31 22 26 37 20 22 20 29 32 23 20 65 22 26 27 20 22 55 29 89 21 20 20
internal_value=0 -0.00647623 -0.0087567 -0.0103852 0 0.0152417 -0.0127618 -0.0138543 -0.0153366 -0.0113128 -0.000242445 -0.0160512 0.0146006 0.00753912 -0.00971456 0.0178867 0.0121022 0.00680894 0.0232025 0.0132547 0.00255272 -0.0214659 -0.00729554 -0.0208944 -0.0117028 0.0116514 -0.00828221
internal_weight=283.975 199.863 181.398 165.746 31.5825 84.1119 134.164 125.502 112.757 68.672 21.4355 47.2366 18.4653 15.6516 17.6199 68.7033 35.7953 27.9297 32.908 16.3902 15.4086 27.4179 19.8186 44.0849 13.9279 13.9626 13.8231
internal_count=818 581 529 484 91 237 393 368 331 201 62 139 52 45 51 193 101 79 92 46 44 81 58 130 41 40 40
is_linear=0
shrinkage=0.03


Tree=15
num_leaves=26
num_cat=0
split_feature=13 35 1 41 0 37 12 28 12 26 26 12 12 12 13 13 1 33 33 23 40 36 28 41 40
split_gain=18.9334 7.16758 6.89283 4.67244 4.66259 6.62119 4.59936 3.989 3.55313 3.14287 2.95999 2.76643 2.26681 3.14687 2.1959 1.65166 1.51171 1.19388 2.81347 1.41042 0.958693 0.654077 0.579969 1.66494 0.151242
threshold=0.49584351269940308 -0.13433462377699595 -0.82304613765436907 84.000000000000014 1.2749447026276648 1.013593425392677 -0.58823131770449677 0.83323589173245827 -0.63370499652804158 0.51526601755291124 0.33634737068533976 1.8292206356594101 1.0360909217905188 -0.51325062878569827 -1.1912961158188595 -0.68891708962276266 0.098323848779741582 0.097872041065373838 -0.25742084173704111 0.7681705348463933 639.50000000000011 -1.0309057399555919 0.18823967031658398 364.00000000000006 364.00000000000006
decision_type=2 2 2 2 2 2 2 2 2 2 2 2 2 2 2 2 2 2 2 2 2 2 2 2 2
left_child=1 2 20 9 5 8 -5 22 -4 -3 -6 17 13 -9 -10 -16 -12 18 19 -8 -1 -19 23 -2 -17
right_child=7 3 4 6 10 -7 11 12 14 -11 16 -13 -14 -15 15 24 -18 21 -20 -21 -22 -23 -24 -25 -26
leaf_value=-0.015589812148988452 -0.00093547241393677203 0.02843541801818053 0.0053969002188832644 0.014185240651521882 0.016262080157731111 -0.0071526989117210978 -0.017713973595796465 0.0053142258760505339 0.047474308197621239 -4.400386897243587e-05 -0.015013657921005234 0.0096486943535827562 0.010306479010101977 -0.01880527668755717 0.0096424152925709012 0.015470563484851603 0.0029993391519311588 -0.0065529009468642714 0.0098155797158276138 -0.0010815914494715923 0 -0.021894272618273168 -0.02234047882589172 -0.018424805664411719 0.034182184813702041
leaf_weight=5.7803627550601941 8.6919795423746127 5.6922769844531995 8.0241699516773171 8.2065085768699628 9.117797255516054 5.5254333019256583 11.311688706278803 7.2733600884676024 6.1838743090629569 5.9577973783016205 5.3207148611545554 5.3147939741611472 6.9169465303421012 9.464651957154274 9.3999277353286725 6.4327653646469214 8.9005155265331251 7.1440697312355068 6.1119844317436245 8.7423199415206891 5.5616046488285065 10.305794179439543 22.600668907165527 13.339379221200941 9.4341645240783674
leaf_count=22 33 21 29 30 33 20 43 28 21 22 20 20 27 37 34 23 33 28 23 33 21 40 90 53 34
internal_value=0 0.00601641 0.0120603 -0.0010073 0.0156498 0.0211937 -0.00468965 -0.0128991 0.0254245 0.0150712 0.00408463 -0.00830203 -0.00241784 -0.00842031 0.0298739 0.0229231 -0.00414784 -0.0108705 -0.00590284 -0.0113215 -0.00840224 -0.0169459 -0.0180648 -0.0122792 0.028933
internal_weight=216.756 148.469 79.6813 68.7872 68.3394 45.0003 57.1372 68.287 39.4749 11.6501 23.339 48.9307 23.655 16.738 31.4507 25.2669 14.2212 43.6159 26.166 20.054 11.342 17.4499 44.632 22.0314 15.8669
internal_count=818 550 290 260 247 161 217 268 141 43 86 187 92 65 112 91 53 167 99 76 43 68 176 86 57
is_linear=0
shrinkage=0.03


Tree=16
num_leaves=28
num_cat=0
split_feature=6 27 8 19 19 7 40 27 38 22 36 25 22 24 29 12 26 27 36 36 34 32 34 26 22 37 35
split_gain=6.34506 5.87287 4.45119 4.44299 3.93444 2.78817 4.05878 4.48122 3.67188 3.57396 2.74229 2.71467 2.60025 2.45952 3.4758 3.41527 2.1446 2.12053 2.52601 2.64084 1.79005 1.70106 1.25758 1.17438 1.07157 0.486409 0.104455
threshold=-0.18794761016805431 0.21908145173377594 1.305933368848742 0.5492388009941519 1.0000000180025095e-35 -0.93684862616762221 491.50000000000006 -0.31783706198538036 -0.58262379249378615 -1.1553359102511671 -0.97296925890432806 -0.41174745706681315 0.91634852985245918 0.27728914366412677 -0.85323089194647983 -0.42362837130223258 -1.0950018042552312 -0.67578273779815101 -0.82812805627616803 -1.3350722654747278 0.417360852690915 -1.2041551028265307 0.57745102085172995 -0.4687865402187314 0.72801358075212941 -1.0000000180025095e-35 0.3865228669731457
decision_type=2 2 2 2 2 2 2 2 2 2 2 2 2 2 2 2 2 2 2 2 2 2 2 2 2 2 2
left_child=1 17 4 5 -3 11 7 8 -7 -8 21 -2 -5 14 24 -15 -16 -1 19 -19 -11 -4 -17 -18 -6 26 -20
right_child=3 2 10 12 13 6 9 -9 -10 20 -12 -13 -14 15 16 22 23 18 25 -21 -22 -23 -24 -25 -26 -27 -28
leaf_value=0 0.030616134075964283 0.02060133699883826 0.0097534936988509392 -0.01378065372770461 0.022972449571034368 0.0025897861652254927 0 0.012048405184924098 -0.019201222467155499 0.0068198368922202587 -0.017683351328292705 0.006581124703175051 0.0061525402795987987 0.0086130912307897812 -0.01307738511268474 -0.020888869577923099 0.011839926836382932 -0.013441782251459216 -0.027680287421832189 0.0048572266959233798 0.025173438859611385 -0.0085266927933006966 -0.0036236670263187463 -0.0018516158689440092 0.0055113095602998471 -0.011211756878557706 -0.012638349316397623
leaf_weight=13.308478832244871 7.7750464081764248 10.210214197635649 7.1853150725364676 13.924149394035341 8.7242279350757581 11.992464303970335 14.173551023006437 12.388763785362242 12.970758318901064 10.549295395612718 14.226205140352247 11.304759681224821 7.9225627183914176 8.7080322206020373 7.4571424424648276 7.8962045311927822 8.6774217188358325 13.858302950859072 9.2688411772251147 11.469439476728438 14.27840808033943 8.1928999722003955 9.3839788734912855 10.523264199495321 7.9856021404266349 13.546100586652758 7.1409170627593985
leaf_count=37 21 28 20 39 24 33 39 34 36 29 40 31 22 24 21 22 24 39 26 32 39 23 26 29 22 38 20
internal_value=0 -0.00357018 0.000719972 0.00537031 0.00446189 0.0081754 0.00529497 -0.00163637 -0.00895256 0.0118961 -0.00887424 0.0181846 -0.00636416 0.00161542 0.00597881 -0.00537661 -0.000671165 -0.0103532 -0.012881 -0.00512333 0.0184358 0 -0.0128708 0.00445577 0.0160986 -0.0186924 -0.0230763
internal_weight=295.042 177.763 109.171 117.28 79.5661 95.433 76.3532 37.352 24.9632 39.0013 29.6044 19.0798 21.8467 69.3559 43.3677 25.9882 26.6578 68.5921 55.2836 25.3277 24.8277 15.3782 17.2802 19.2007 16.7098 29.9559 16.4098
internal_count=818 495 303 323 220 262 210 103 69 107 83 52 61 192 120 72 74 192 155 71 68 43 48 53 46 84 46
is_linear=0
shrinkage=0.03


Tree=17
num_leaves=26
num_cat=0
split_feature=14 33 30 15 24 27 28 30 2 36 27 28 4 30 0 14 25 12 4 33 32 0 25 22 19
split_gain=29.8225 10.3497 5.75183 5.24664 2.5355 2.24385 2.21637 2.16279 4.14874 5.0927 2.65528 2.10499 1.82665 1.73268 1.65163 1.57656 1.46482 2.06463 1.88748 1.66434 1.33988 1.30565 1.27077 0.714758 0.6514
threshold=-0.78255085348508902 1.151061657943961 -0.058612925249950036 -0.16659896741114555 0.87754721714677208 0.21908145173377594 1.3169830577943638 0.16401898850210495 1.1879180157050271 -1.0309057399555919 -0.13886422407899501 0.67198683637848955 -0.53659564353954514 0.55362483756820124 2.280390944934422 -1.0575207452722719 0.43663899099528752 -0.41899943369251297 -0.53659564353954514 -0.96800660734187061 0.82164420823883588 0.58779061395056165 0.15384350830792071 0.44551115710163486 1.0000000180025095e-35
decision_type=2 2 2 2 2 2 2 2 2 2 2 2 2 2 2 2 2 2 2 2 2 2 2 2 2
left_child=7 2 14 5 11 -4 13 10 15 23 -1 -5 -3 -7 16 -9 18 -18 24 -20 21 -21 -17 -10 -2
right_child=1 12 3 4 -6 6 -8 8 9 -11 -12 -13 -14 -15 -16 22 17 -19 19 20 -22 -23 -24 -25 -26
leaf_value=0.008781975795545266 -0.024884783797986226 0.00076450545992798867 0.014941486595555315 -0.020633314163674712 0.00088208778614798182 0.0036206299512182246 0.01312824207157799 -0.0083040365872513646 -0.0011220285669148169 0.029382469599646164 0.031579350225547059 -0.0006322535256417229 0.020836348680403544 -0.011252060615495961 -0.0018125096444774151 0 -0.01398126239683507 0.0059414355709097371 0.00025707392303236611 0 -0.023106936474664691 -0.014927842553774429 0.014012789564979243 0.010641802940236301 -0.011272739766939327
leaf_weight=10.338739067316057 25.412013560533524 7.0578060746192959 11.545703917741774 18.397589087486271 11.00773313641548 11.725860476493837 7.3834939897060385 7.0467654466629055 7.8288484811782855 16.483874678611755 12.989766269922255 7.1712079346179953 11.49142414331436 13.109485805034636 11.640616178512571 13.008608371019365 8.8280292153358442 6.8779625594615927 8.5074024498462624 9.6189070641994565 9.4847735762596113 9.716187506914137 9.6422113776206952 7.1126918494701385 10.273359060287474
leaf_count=29 76 20 33 54 32 34 21 20 22 46 36 21 32 38 34 37 26 20 25 28 28 29 27 20 30
internal_value=0 -0.00633097 -0.00856297 -0.00241879 -0.0106365 0.00444158 3.67113e-06 0.0147871 0.0111369 0.0185145 0.0228586 -0.0155912 0.014127 -0.00419591 -0.0133146 0.0026229 -0.0147021 -0.00515063 -0.0165312 -0.0107492 -0.014048 -0.00797263 0.00657538 0.00457301 -0.0217402
internal_weight=283.701 199.25 180.7 80.3411 36.5765 43.7645 32.2188 84.4515 61.123 31.4254 23.3285 25.5688 18.5492 24.8353 100.359 29.6976 88.7186 15.706 73.0126 37.3273 28.8199 19.3351 22.6508 14.9415 35.6854
internal_count=818 581 529 233 107 126 93 237 172 88 65 75 52 72 296 84 262 46 216 110 85 57 64 42 106
is_linear=0
shrinkage=0.03


Tree=18
num_leaves=23
num_cat=0
split_feature=34 27 20 20 14 28 20 35 29 2 1 35 2 35 29 22 11 38 29 28 22 35
split_gain=18.51 7.92391 3.49161 5.83089 5.32218 2.6591 2.52623 2.50977 3.10598 2.51179 2.38645 2.96548 3.50155 2.30159 1.61152 1.52995 1.08736 1.4389 0.898881 0.803649 0.53927 0.417417
threshold=-0.39833667079514085 1.1139456412657032 -0.96251815589241441 -0.18655903810004137 0.92555755467944012 -0.94050371716119618 -1.4798242344206627 0.28235136882311723 -0.18048571088828344 -0.47530821271563567 -0.19507329773838286 -0.65519211452713744 -0.49499136334783295 -1.0718781071272507 0.65421664338762675 1.1046834789527888 -0.59469044907467705 1.0000000180025095e-35 -1.0774792856325452 -1.1017527725151648 0.35134368255147003 1.0000000180025095e-35
decision_type=2 2 2 2 2 2 2 2 2 2 2 2 2 2 2 2 2 2 2 2 2 2
left_child=5 2 6 10 7 -1 14 9 16 -5 11 13 -13 -4 -2 -3 -9 -18 -7 -8 -10 -20
right_child=1 15 3 4 -6 18 19 8 20 -11 -12 12 -14 -15 -16 -17 17 -19 21 -21 -22 -23
leaf_value=0.0052069140950563361 -0.0042282809439908708 -0.0025393909326705657 0 0 0.029173210341339649 -0.0030344794673487848 0.031906283801039916 -0.0004377427207712249 -0.015952613890074512 0.021689038072163512 -0.015704522841042495 -0.017325117111143519 0.0072955012821926549 0.022670776854975198 0.014221561492946623 -0.020895543989981995 0.020925140110745366 4.5518285223754039e-05 -0.0071687115535977201 0.011983256355086515 -0.0014481777665798078 -0.017729467786275377
leaf_weight=5.3229879885911933 5.9882797002792367 9.4300554096698779 9.0464531481266004 6.8928552865982082 10.871017545461653 7.1309342980384818 8.7876567840576154 7.3411707431077984 6.0393480658531207 12.858325749635695 8.7275584340095502 10.609893605113028 7.5520133376121548 5.8783471584320059 8.1304100453853589 8.1124322265386564 6.8245796561241132 5.5413310378789902 9.0148139894008619 7.1772946417331704 5.2469551414251328 44.054202482104301
leaf_count=20 22 36 33 25 38 28 31 28 23 46 33 40 28 21 29 32 25 21 35 26 20 178
internal_value=0 0.00578914 0.00832347 0.00547281 0.0112576 -0.0131253 0.0172089 0.00657728 0.000880187 0.0145416 -0.00300751 0.000704053 -0.00700676 0.0102356 0.00635757 -0.0123205 0.00804653 0.0130185 -0.0149306 0.0250916 -0.0106398 -0.0162918
internal_weight=216.579 151.056 133.513 103.43 61.6156 65.5229 30.0836 50.7446 30.9934 19.7512 41.8143 33.0867 18.1619 14.9248 14.1187 17.5425 19.7071 12.3659 60.2 15.965 11.2863 53.069
internal_count=818 557 489 381 226 261 108 188 117 71 155 122 68 54 51 68 74 46 241 57 43 213
is_linear=0
shrinkage=0.03


Tree=19
num_leaves=29
num_cat=0
split_feature=33 20 29 30 30 30 4 25 14 36 25 32 36 28 25 16 33 28 31 13 32 28 30 36 16 22 36 28
split_gain=6.86295 4.50801 3.72558 2.89483 4.93351 2.89369 2.85853 3.53726 2.8285 3.19849 2.69931 2.37863 5.99894 3.27023 4.67063 2.10249 2.00722 1.86956 1.85618 2.22151 1.73397 1.58902 1.52795 1.3647 1.19886 0.726051 0.592951 0.518504
threshold=0.63081136526899617 -0.18655903810004137 -0.6289824982604143 0.49796685913018751 1.5554684494524489 -0.44821877431604623 -0.79823122179849704 -1.2601339051289135 -1.0965435175674791 0.084371520281239662 -0.97733842244154667 -0.2833372341604552 1.0000000180025095e-35 -0.77925466180722758 -0.41174745706681315 0.47457568930264438 1.0000000180025095e-35 0.18823967031658398 -0.48167272395837407 -1.0387274438587968 -1.4672459224454097 -1.4242508832231018 0.21967696694011865 0.89548225499893552 -0.58104066378930141 0.72801358075212941 -1.1322945817953036 -0.45675655109929053
decision_type=2 2 2 2 2 2 2 2 2 2 2 2 2 2 2 2 2 2 2 2 2 2 2 2 2 2 2 2
left_child=1 6 17 10 8 -4 -1 -8 -5 16 -3 24 -13 15 -15 21 -10 -2 -12 -20 -7 -14 -21 -11 -9 -22 -19 -26
right_child=2 3 5 4 -6 20 7 11 9 23 18 12 13 14 -16 -17 -18 26 19 22 25 -23 -24 -25 27 -27 -28 -29
leaf_value=0.018751767830348792 -0.0091815887861556398 0.0053791278024908169 0.0028981235844176825 -0.0090526212810057693 -0.015791741872449042 -0.004325835541070939 -0.012314939614023673 0.023536983627095678 0.027348932653056667 -0.0034974816572814972 0.0012362626915418274 -0.018416843154539665 0.0042381925806902372 0.02927043649855016 0 0.0094207065384243806 0.0052940339565663236 0.011687300166013909 6.1148432959344095e-05 -0.021200988230511773 -0.024507257796871997 -0.012168433144628231 -0.0041991640494977254 0.0092409601556426562 0.012681466076284242 -0.009639587048797145 0 0.0012896476541618333
leaf_weight=14.766043424606321 8.529225021600725 12.638309270143507 7.183092772960662 7.1308448910713187 8.8901849985122663 9.9627937078475934 8.2769457399845106 8.0462622344493884 9.8767672479152697 14.131670087575914 10.089933872222899 8.2614519000053388 7.5831139385700181 9.9264859557151812 8.7233856916427666 13.867858648300169 7.9914495646953574 8.6995287835597974 8.6711270511150307 18.855980187654502 17.879576414823536 10.843292355537413 8.6235856115818006 12.701931357383726 8.3874504566192645 8.8332401216030103 7.1645106375217429 8.318135201930998
leaf_count=40 24 35 20 20 25 28 23 22 27 39 28 23 21 27 24 38 22 24 24 53 51 30 24 35 23 25 20 23
internal_value=0 0.00251127 -0.00824187 -0.00144777 0.00304948 -0.0133375 0.00695069 0.00472757 0.00674684 0.00960911 -0.00614578 0.00666459 0.00311008 0.00714235 0.0166503 0.000978673 0.0189687 0.000930096 -0.00949144 -0.0125749 -0.0166634 -0.00530465 -0.0165661 0.00249061 0.0142748 -0.0205775 0.00703566 0.00791237
internal_weight=294.854 226.602 68.252 119.602 60.7228 43.8587 107 92.2344 51.8327 44.7018 58.8789 83.9574 59.2056 50.9441 18.6499 32.2943 17.8682 24.3933 46.2406 36.1507 36.6756 18.4264 27.4796 26.8336 24.7518 26.7128 15.864 16.7056
internal_count=818 626 192 332 168 124 294 254 143 123 164 231 163 140 51 89 49 68 129 101 104 51 77 74 68 76 44 46
is_linear=0
shrinkage=0.03


Tree=20
num_leaves=27
num_cat=0
split_feature=3 35 34 28 27 33 29 41 30 19 34 12 28 19 33 21 13 34 30 39 22 22 38 21 31 23
split_gain=27.8158 11.1366 7.32905 3.08506 4.58209 2.26503 2.72001 2.23354 2.09379 1.77042 3.21833 2.23233 3.65817 1.89233 2.84486 1.90837 1.52737 2.23088 1.40329 1.10582 0.949284 0.904275 0.812373 0.71555 0.450551 0.364441
threshold=-0.65951656245067369 0.3865228669731457 -1.2369042183041701 1.4782321131483325 0.21908145173377594 0.63081136526899617 -0.6289824982604143 364.00000000000006 0.6649407944442286 0.5492388009941519 0.25727068453010032 -0.37199374374092159 -0.77925466180722758 -0.65525808697693577 -0.79036016594066327 0.70196708601425883 0.94837535640765636 -0.59654354566091139 0.44230888069217361 1.0000000180025095e-35 0.53967863165179975 -0.96700096115083756 -1.0000000180025095e-35 -0.76565994621490951 -0.31238016023137843 0.7681705348463933
decision_type=2 2 2 2 2 2 2 2 2 2 2 2 2 2 2 2 2 2 2 2 2 2 2 2 2 2
left_child=5 7 -3 4 -4 16 -7 9 18 10 11 21 -13 14 15 -12 -1 -18 -6 -19 -8 -2 23 -10 -23 -16
right_child=1 2 3 -5 8 6 20 -9 22 -11 13 12 -14 -15 25 -17 17 19 -20 -21 -22 24 -24 -25 -26 -27
leaf_value=-0.0022920976996062218 -0.0029438296381210345 0.026544817726898012 0.011771409852226338 0.01585002476500362 -0.0064673950535894132 0.0074998572729768603 0.031907737006517028 0.001299949435400829 -0.0076319488420963887 -0.0012723880435768357 -0.010798428738124531 -0.011086993974961481 0.014250127903495944 -0.024157252319520935 -0.023815886171994937 0.0081995542897246726 0 0.0079814086265492939 0.0089229479193288098 0.022498085320733236 0.014138779322107872 -0.006443966470645518 -0.0035452058860924759 -0.02489675813095453 -0.020405821658294146 -0.010006542300766693
leaf_weight=7.3707479536533347 9.1130336523056048 9.1062595248222333 12.371861964464186 7.4465920925140372 12.754958212375643 13.610174030065535 14.174864351749422 10.721730768680571 7.1836667358875239 13.182516247034071 8.7692421972751564 8.8123389482498187 8.6189982891082746 27.916608601808548 11.363650292158132 7.196126550436019 10.998716801404951 13.52829545736313 6.9436038434505454 12.832679927349089 10.109202861785887 6.8039419353008297 6.8919064402580306 7.1837721765041351 10.003362149000166 8.4115179479122144
leaf_count=21 27 25 35 21 37 38 39 31 21 38 26 26 25 84 34 21 31 38 20 36 28 20 20 21 30 25
internal_value=0 -0.00603377 0.00352416 -0.00038502 -0.00313299 0.0144927 0.0200439 -0.0111633 -0.0080332 -0.0123267 -0.0135968 -0.00672494 0.00126056 -0.0179221 -0.0121139 -0.00192308 0.00916234 0.0115778 -0.000511856 0.0160944 0.0259963 -0.0120892 -0.0142457 -0.0181801 -0.0160726 -0.0193436
internal_weight=283.42 200.796 69.8826 60.7764 53.3298 82.6247 37.8942 130.913 40.9579 120.191 107.009 43.3517 17.4313 63.6571 35.7405 15.9654 44.7304 37.3597 19.6986 26.361 24.2841 25.9203 21.2593 14.3674 16.8073 19.7752
internal_count=818 587 200 175 154 231 105 387 119 356 318 128 51 190 106 47 126 105 57 74 67 77 62 42 50 59
is_linear=0
shrinkage=0.03


Tree=21
num_leaves=27
num_cat=0
split_feature=14 30 4 15 19 20 40 40 27 15 29 13 24 36 41 13 31 15 12 23 22 27 41 36 12 14
split_gain=17.6681 7.0978 5.85843 4.79142 4.69684 5.39519 3.14875 3.09002 2.71224 2.56639 2.51048 2.31224 2.27499 2.0801 1.62351 1.55682 1.16303 0.985881 0.778809 1.10646 0.327464 2.33056 0.280265 0.163468 0.0671326 0.00864737
threshold=-0.60625795888122802 0.16401898850210495 -0.84953231557476216 -0.30356173659941049 -0.35413386498416383 -0.96251815589241441 722.00000000000011 669.00000000000011 0.21908145173377594 0.65517764771844422 -0.6289824982604143 -1.3356339609104935 0.27728914366412677 0.48992688764008774 216.00000000000003 -0.93113908917208932 -0.65096528768536965 -0.57748727497594032 -0.57144412406265732 -1.4850378829190984 0.25717620800130525 -0.67578273779815101 364.00000000000006 -1.1322945817953036 -0.72667659161763976 -1.2764905788836243
decision_type=2 2 2 2 2 2 2 2 2 2 2 2 2 2 2 2 2 2 2 2 2 2 2 2 2 2
left_child=14 2 6 13 5 11 -2 9 20 -7 -5 -4 -12 16 -1 -13 23 -16 22 -20 21 -6 -19 -3 -24 -21
right_child=1 3 4 10 8 7 -8 -9 -10 -11 12 15 -14 -15 17 -17 -18 18 19 25 -22 -23 24 -25 -26 -27
leaf_value=0.00067747575739331037 -0.016077116586809281 -0.0091405824360319635 0.0044926716393960623 -0.0035248522957078993 0.045367064085206528 0.015422409919913839 0.0099956187491762674 -0.014149391091939162 0.0027857242007637531 -0.0066368063441444919 0.027135915068361164 0.035512111532986758 0.0018689265826231328 0.00037176124467065989 -0.0030114155495386411 0.011758287180617933 -0.021982523376201081 -0.0018189277763783246 -0.0045076566597698261 -0.0094569707531241744 0.014404037944596727 0.017057165423168003 -0.014592266995079883 -0.00033342321057572532 -0.0043126512072001995 -0.022438043250164665
leaf_weight=6.5191359370946875 9.1903068721294385 4.9436601847410202 10.242913812398912 9.8357037454843539 6.4152420461177888 9.2675476074218839 5.264229714870452 9.7194224894046766 5.8787270784378043 6.8655130267143241 5.8307989388704282 6.2032512724399558 7.1214722543954849 10.015127405524252 8.5052153319120389 8.7362156212329811 10.940139457583429 6.6612237095832851 6.4040403664112047 5.0207329243421546 7.3434534668922415 10.216136008501055 5.4244112372398385 5.0352361649274844 4.902445420622823 23.888394281268127
leaf_count=25 35 20 37 37 22 33 20 36 22 25 21 21 26 38 34 31 43 26 26 20 26 36 22 20 20 96
internal_value=0 0.00577761 0.010647 -0.00281008 0.0137803 0.00769907 -0.00615854 -0.00176243 0.0231193 0.00592871 0.00720868 0.0171902 0.0152945 -0.0103675 -0.0125703 0.0243268 -0.0154576 -0.014069 -0.0156216 -0.0184434 0.027412 0.0311579 -0.00841077 -0.00584358 -0.0113855 -0.0209586
internal_weight=216.391 149.065 95.343 53.7221 80.8884 51.0349 14.4545 25.8525 29.8536 16.1331 22.788 25.1824 12.9523 30.9342 67.3256 14.9395 20.919 60.8065 52.3012 35.3132 23.9748 16.6314 16.9881 9.9789 10.3269 28.9091
internal_count=818 549 344 205 289 183 55 94 106 58 84 89 47 121 269 52 83 244 210 142 84 58 68 40 42 116
is_linear=0
shrinkage=0.03


Tree=22
num_leaves=29
num_cat=0
split_feature=33 29 1 36 40 27 22 2 40 36 2 23 35 35 22 3 12 9 33 12 1 33 15 2 41 31 26 24
split_gain=6.48935 3.56252 3.54834 3.6571 3.057 4.35712 3.52619 2.93845 2.8061 2.71994 2.58474 2.56651 2.50528 4.19657 2.60885 2.48426 2.47692 2.07329 2.02782 2.01843 1.99554 1.90625 1.73052 1.41729 1.38916 1.08947 0.7665 0.178002
threshold=0.63081136526899617 -0.6289824982604143 -0.99805496189325038 -0.97296925890432806 519.50000000000011 0.21908145173377594 -0.30782863929968396 1.1879180157050271 331.00000000000006 0.084371520281239662 0.51306713688683736 0.48651948262570677 -1.1760496052772789 -0.4468491182270809 0.16300873345114028 1.3029930532951775 -0.42362837130223258 0.25901440300035805 -0.25742084173704111 -0.36771410576418995 -0.4678811708166391 -0.79036016594066327 1.066065955283239 0.18407733346297003 600.50000000000011 1.0419603495845868 0.15742872381776815 -1.2233560400424863
decision_type=2 2 2 2 2 2 2 2 2 2 2 2 2 2 2 2 2 2 2 2 2 2 2 2 2 2 2 2
left_child=2 23 -1 10 5 6 11 9 22 18 -4 19 15 20 -15 -6 -13 25 -7 26 -14 -8 27 -2 -25 -11 -5 -3
right_child=1 8 3 4 12 7 21 -9 -10 17 -12 16 13 14 -16 -17 -18 -19 -20 -21 -22 -23 -24 24 -26 -27 -28 -29
leaf_value=0.019995851091495435 -0.0075631421285337402 -0.010199992860077818 0.023396738658521141 0.0022672011568784108 0.0019881257254277468 0.021901086682031414 -0.0024469664678810404 -0.012393480889012785 0.0018137037083863017 0.011458203608211563 0.0029042148202953213 0.0002107462570638357 0.0003113580763241321 0.016502025483917177 -0.0009112431736714127 0.0222291172740877 -0.020917880337966585 -0.010861319175561051 0.0027450980101548484 -0.0056316885868490478 -0.019204765287405626 -0.020223341211737047 -0.0018975306792172529 0.013931338013369212 -0.0024576450176764164 -0.0014719640522219666 0.017088318238196815 -0.022247441741007231
leaf_weight=8.484335780143736 8.9340013563632983 7.7688737213611594 9.5440612435340899 7.231364965438841 11.283665835857393 11.394142597913744 8.9900416433811206 7.3770770132541648 8.277734160423277 10.572379738092428 13.696772903203962 9.4352521598339099 7.6198673546314266 13.927558422088625 14.024970293045042 11.363346308469771 7.8886738419532767 8.9927024543285352 10.20293480157852 9.0240682661533373 8.6539025306701642 19.846291720867157 7.1144557595252982 8.2848680019378644 7.1656608879566184 9.4348901212215406 7.6093000173568726 20.478353530168537
leaf_count=23 25 22 26 20 31 31 25 21 23 29 38 26 21 38 39 31 22 25 28 25 24 56 20 23 20 26 21 59
internal_value=0 -0.00802618 0.00244334 0.00160133 0.00018915 -0.00249027 -0.00748352 0.00347665 -0.0130289 0.00619591 0.0124705 -0.00154365 0.00534758 0.000924526 0.00795989 0.0131427 -0.00999189 0 0.0138771 0.00458077 -0.0104741 -0.0152742 -0.0165986 0.000931265 0.00643161 0.00540431 0.0111047 -0.0198171
internal_weight=294.622 68.0239 226.598 218.113 194.872 127.999 70.025 57.9741 43.6394 50.597 23.2408 41.1887 66.8733 44.2263 27.9525 22.647 17.3239 29 21.5971 23.8647 16.2738 28.8363 35.3617 24.3845 15.4505 20.0073 14.8407 28.2472
internal_count=818 192 626 603 539 355 195 160 124 139 64 114 184 122 77 62 48 80 59 66 45 81 101 68 43 55 41 81
is_linear=0
shrinkage=0.03


Tree=23
num_leaves=30
num_cat=0
split_feature=14 33 30 26 28 30 34 24 23 9 29 26 41 36 33 25 25 26 12 30 34 1 29 19 34 36 26 30 29
split_gain=26.6946 9.4547 5.36217 2.69999 2.62686 3.1612 3.41347 3.84095 2.09156 3.44907 1.88141 1.69645 1.6048 2.43987 1.78277 1.63887 1.54217 4.90219 1.64941 1.31375 1.21213 1.0031 1.17104 0.882022 0.879053 0.628347 0.544485 0.37795 0.249107
threshold=-0.78255085348508902 1.151061657943961 -0.058612925249950036 0.33634737068533976 1.4782321131483325 0.83191472975826997 -0.27636320933928216 0.87754721714677208 0.7681705348463933 -0.081107051566845431 -0.6289824982604143 1.4098592518907684 600.50000000000011 -0.42257268891732019 0.63081136526899617 1.2850254390573883 0.43663899099528752 -0.28986789335116026 -0.68029388977820071 0.38665090225415993 0.20390729514316211 -0.4678811708166391 1.0000000180025095e-35 1.0000000180025095e-35 0.25727068453010032 -1.2698937242920558 0.51526601755291124 0.99888866507231122 1.2931465904772896
decision_type=2 2 2 2 2 2 2 2 2 2 2 2 2 2 2 2 2 2 2 2 2 2 2 2 2 2 2 2 2
left_child=3 2 11 12 5 6 -4 8 9 -8 -3 16 13 14 -1 -16 18 -18 -2 -14 -11 23 -23 -20 -5 -21 28 -7 -24
right_child=1 10 4 24 -6 27 7 -9 -10 20 -12 -13 19 -15 15 -17 17 -19 21 25 -22 22 26 -25 -26 -27 -28 -29 -30
leaf_value=-0.0026701330596893709 -0.0045053889983254665 0.0001263280496215758 0.012945378920329495 -0.00489038564050735 0.012357587862403341 -0.021191844090256495 -0.016368844597494527 0.0087868132153848082 -0.022044742449004992 -0.0031706970054596077 0.020216602013729764 0 0.029634258606988702 0.024415730672415373 0.019063239433182159 0 -0.019372575155473054 0.010523436552249686 -0.026094341695638332 0.0047684048159983431 0.012800970160418488 -0.0009898940642685363 -0.013043845198747163 -0.0099434339768843076 0.0080680512350373018 0.018267941789406737 -0.021331263856674058 -0.0077219249359879822 -0.0027985029062225887
leaf_weight=11.584544658660887 12.283384829759596 7.1123501956462887 11.315727978944777 7.0568827986717215 8.1432382464408857 7.1261240839958182 10.760579973459235 12.328184336423872 8.1113530099391919 6.8485186100006192 11.542183786630629 8.8507963716983777 13.182605862617491 7.9894207417964962 9.4701399803161639 7.1472229659557334 8.4661760926246661 8.1790203154087049 21.623831808567047 7.5427109003067008 6.8995967507362366 7.3974741697311464 6.7130192518234271 8.169208496809004 8.4675296843051893 12.63983064889908 10.793451428413389 8.5345368981361371 6.8072840869426727
leaf_count=33 37 20 32 20 23 21 32 36 24 20 32 26 36 22 26 20 25 24 66 21 20 22 20 24 24 35 32 25 20
internal_value=0 -0.00605111 -0.00820557 0.0138966 -0.00227088 -0.00422744 -0.000659734 -0.00452145 -0.0098921 -0.00459997 0.013434 -0.0128271 0.0163898 0.0108797 0.00580368 0.0117742 -0.014035 -0.00469623 -0.0159265 0.0214694 0.00492207 -0.0179506 -0.0126289 -0.0225464 0.00191326 0.0141785 -0.0156743 -0.0155174 -0.00907953
internal_weight=283.087 198.006 179.352 85.0809 80.0679 71.9246 56.264 44.9482 32.62 24.5087 18.6545 99.2836 69.5565 36.1913 28.2019 16.6174 90.4329 16.6452 73.7877 33.3651 13.7481 61.5043 31.7112 29.793 15.5244 20.1825 24.3138 15.6607 13.5203
internal_count=818 581 529 237 233 210 164 132 96 72 52 296 193 101 79 46 270 49 221 92 40 184 94 90 44 56 72 46 40
is_linear=0
shrinkage=0.03


Tree=24
num_leaves=26
num_cat=0
split_feature=34 27 41 4 1 28 27 31 15 34 27 21 34 31 16 14 0 22 20 35 30 41 2 5 16
split_gain=17.2288 7.34836 6.95668 4.15318 3.25569 2.5661 2.54695 4.77243 4.41662 4.12916 4.03122 2.94965 2.45858 1.77778 1.7408 1.68583 3.89717 1.50847 1.30213 1.8649 0.941684 0.52288 0.200731 0.320348 0.12535
threshold=-0.39833667079514085 1.1139456412657032 352.00000000000006 -0.53659564353954514 -0.94658177829357959 -0.61800560645325897 -1.2127012515173072 1.0000000180025095e-35 0.92910318609497411 0.417360852690915 -1.0933860262463837 0.33506032795696655 0.7909045783994828 0.87266778585759119 -1.1088488403352743 1.2989291338703086 -0.3432883027417904 1.1046834789527888 -0.18655903810004137 -0.34267762007705255 0.94323068663429754 364.00000000000006 1.0000000180025095e-35 1.6240737368527924 0.73847977757563088
decision_type=2 2 2 2 2 2 2 2 2 2 2 2 2 2 2 2 2 2 2 2 2 2 2 2 2
left_child=5 2 4 -4 -2 -1 7 -6 12 14 -11 15 -9 -13 -8 16 -12 -3 19 -16 21 22 -7 -24 -5
right_child=1 17 3 24 6 20 9 8 -10 10 11 13 -14 -15 18 -17 -18 -19 -20 -21 -22 -23 23 -25 -26
leaf_value=0.00059371010656567415 -0.0056983390620991515 -0.0023357289568554903 0.010271732750062905 -0.0086724814894621801 -0.0165481502892116 -0.0043147068155000605 0.0064865788570284966 0.0052413586946151872 -0.0081687889982627673 0.02986480536579424 0.01686220704598548 -0.016543675945921495 0.032510891940963967 0.0034416714759219285 0.024986286386618158 0.022046517157613823 -0.0083247662318863287 -0.020634056437129917 0.034381123330307267 0.0016976841406702889 -0.0046448781353729523 -0.020382364067382159 -0.018683639881347691 -0.0043099666615560297 -0.019732274067796495
leaf_weight=9.9469977915287 8.2396599203348142 9.3613963574171084 7.6175443381071117 9.9751526564359683 6.0905075073242214 7.6469743549823788 6.7486624717712393 7.0562216639518756 5.9782850444316855 5.4366648793220511 9.6546888053417188 6.2456567883491498 6.1069608926773071 6.6351973116397858 7.2256603688001624 6.5496481060981742 9.3169936239719444 7.9330366998910895 13.213924363255499 6.0763199031353023 9.2919213026761991 27.347018748521805 5.3208540529012662 4.9062161147594452 6.2665752768516532
leaf_count=38 32 36 28 39 22 30 24 25 22 19 35 23 21 24 25 23 34 32 46 22 37 114 22 20 25
internal_value=0 0.00554485 0.00795709 -0.00627452 0.0111243 -0.0127929 0.0125993 0.00372056 0.0111943 0.0153021 0.00856946 0.00439493 0.0203336 -0.00654641 0.0232498 0.010196 0.00449615 -0.0120254 0.0267264 0.0160035 -0.0152931 -0.0171333 -0.0106594 -0.0137331 -0.0145854
internal_weight=216.189 151.729 134.434 23.8593 110.575 64.46 102.335 25.232 19.1415 77.1034 43.8388 38.4022 13.1632 12.8809 33.2646 25.5213 18.9717 17.2944 26.5159 13.302 54.513 45.2211 17.874 10.2271 16.2417
internal_count=818 557 489 92 397 261 365 90 68 275 158 139 46 47 117 92 69 68 93 47 223 186 72 42 64
is_linear=0
shrinkage=0.03


Tree=25
num_leaves=30
num_cat=0
split_feature=33 19 1 40 29 29 24 24 24 16 15 22 17 41 30 30 35 28 20 28 32 26 1 3 26 23 22 36 30
split_gain=6.10854 4.28559 3.71251 4.05885 3.93847 3.39638 2.84298 6.75448 5.90014 2.99627 2.88445 2.8345 7.05219 3.29933 2.88214 2.74883 2.11059 1.92209 1.89915 1.77459 1.69951 1.67059 1.45448 1.12984 1.03482 0.85835 0.72177 0.564961 0.0909145
threshold=0.63081136526899617 0.5492388009941519 -0.82304613765436907 722.00000000000011 -0.85323089194647983 -0.6289824982604143 0.27728914366412677 -0.62309796655984129 0.57741818040544945 -0.58104066378930141 0.65517764771844422 0.72801358075212941 1.0000000180025095e-35 639.50000000000011 1.4998104710144351 -0.44821877431604623 0.59486586327320257 -0.77925466180722758 -0.96251815589241441 0.18823967031658398 -1.4672459224454097 -0.62534035622785644 -0.39581871377709982 0.07350414224011291 0.51526601755291124 1.0000000180025095e-35 0.72801358075212941 -1.1322945817953036 -0.55953473119207386
decision_type=2 2 2 2 2 2 2 2 2 2 2 2 2 2 2 2 2 2 2 2 2 2 2 2 2 2 2 2 2
left_child=1 2 23 4 -4 19 7 21 -8 -10 28 12 -3 14 16 -7 -13 -11 -5 -2 -17 -6 -20 -1 -18 -14 -22 -21 -9
right_child=5 11 3 18 6 15 8 10 9 17 -12 13 25 -15 -16 20 24 -19 22 27 26 -23 -24 -25 -26 -27 -28 -29 -30
leaf_value=0.0064113869579001679 -0.0089381453914810453 0.012529842944972374 0.016475080483992603 0.0011462832055889795 0.013496632698448481 0.003078046588385978 0.019764198741862062 -0.012556921197097212 -0.013948152471487691 -0.0049453586053996301 -0.0019399703362265801 -0.0098776788859444159 -0.0074770483201719211 0.015706218073607395 -0.017292490031279095 -0.0038306130809859494 0 0.012186634589708591 0.025780778169109616 0.01140585454413829 -0.023785250537677351 -0.0032853599026854839 0.0074077958360833345 0.025092524916906053 0.014326492737861221 -0.02238305060324422 -0.0091073503161466264 0 -0.025823213181676404
leaf_weight=7.3959740400314358 8.4944352805614489 7.9133120179176322 10.996358871459959 9.8632004857063311 12.000437855720522 7.1630695462226859 13.13640511035919 8.5760205686092394 12.214512228965758 9.7735817432403547 11.568816035985945 7.1909188330173555 8.9054068326950091 9.7117070555686933 7.8388680517673484 9.8900921344757062 7.9595840275287655 10.497575730085375 9.9713822603225726 8.7209023833274824 17.593938767910007 7.2297426760196641 10.236237704753874 8.9371943175792676 8.7143476605415326 15.293523788452147 8.7522496581077558 7.163145273923873 10.664525926113134
leaf_count=20 24 22 30 27 33 20 36 24 34 27 32 20 25 27 22 28 22 29 27 24 51 20 28 24 24 43 25 20 30
internal_value=0 0.00237193 0.00523081 0.00345481 0.000590317 -0.00779962 -0.00140005 -0.00629563 0.00387171 -0.00296695 -0.0147946 -0.00348502 -0.00998876 0.00159085 -0.00306657 -0.012706 0.00211595 0.00387936 0.012914 0.000933216 -0.0159835 0.00711668 0.0179053 0.0182206 0.0080069 -0.0178876 -0.0198779 0.00687308 -0.0215352
internal_weight=294.367 226.59 153.062 136.729 106.658 67.7778 95.6616 50.0395 45.6221 32.4857 30.8094 73.5277 32.1122 41.4154 31.7037 43.3994 23.8649 20.2712 30.0708 24.3785 36.2363 19.2302 20.2076 16.3332 16.6739 24.1989 26.3462 15.884 19.2405
internal_count=818 626 421 377 295 192 265 139 126 90 86 205 90 115 88 124 66 56 82 68 104 53 55 44 46 68 76 44 54
is_linear=0
shrinkage=0.03


Tree=26
num_leaves=29
num_cat=0
split_feature=14 35 15 22 20 31 26 33 19 19 13 33 15 28 3 35 5 41 36 15 33 25 15 26 13 30 32 41
split_gain=25.3314 10.4297 4.67746 3.81536 3.49599 2.73614 2.58634 1.96762 2.44559 2.03706 2.20708 1.93901 1.71566 1.9102 1.72902 1.58348 2.15126 1.50552 2.32285 1.79295 1.7039 1.54975 1.46701 1.43774 1.40882 0.84776 0.300203 0.128435
threshold=-0.78255085348508902 0.3865228669731457 -0.30356173659941049 0.72801358075212941 0.58940007969233166 -0.14308759650438282 0.33634737068533976 0.80845780667020373 0.5492388009941519 -0.65525808697693577 -1.5572593445859459 0.097872041065373838 -1.1253383517290001 -0.94050371716119618 0.66050478623552367 -0.34267762007705255 -0.70243331160640554 600.50000000000011 -0.42257268891732019 0.92910318609497411 0.63081136526899617 1.2850254390573883 0.65517764771844422 0.24688804725155403 -1.078466473267472 -0.058612925249950036 -0.65166438162688534 519.50000000000011
decision_type=2 2 2 2 2 2 2 2 2 2 2 2 2 2 2 2 2 2 2 2 2 2 2 2 2 2 2 2
left_child=6 7 4 -4 5 27 17 8 9 10 -2 -6 -12 14 -14 -11 -17 18 20 26 -1 -22 -8 -10 -15 -18 -19 -3
right_child=1 2 3 -5 11 -7 22 -9 23 15 12 -13 13 24 -16 16 25 19 -20 -21 21 -23 -24 -25 -26 -27 -28 -29
leaf_value=-0.0026546805740856843 0.0025201991490382265 0.003986377641989192 0.0037516459741915916 -0.019115817626116863 0.0075883444559350704 -0.0087851876511809424 -0.0064883125137778757 0.0014134932351329667 -0.0086883095527219133 -0.024069333544846555 0 0.028212734935189089 -0.0051570911335133921 0.0026275708991876151 -0.026285211456106013 -0.023425261930506695 0.0033347004741842833 0.018002973945814002 0.023756464517219633 0.0074889352168119793 0.018520447793737651 0 0.010276314944781938 0.0084821592321227511 -0.013322166070711787 -0.0092020493413730777 0.033317453148274369 0.012980953698606348
leaf_weight=11.580174565315245 10.542752385139456 7.0665445327758807 12.455513864755632 10.83513969182968 11.604841262102129 11.64810076355934 7.7016420364379865 9.5309374034404737 7.5532210767269117 24.201005697250366 8.8171571493148715 8.3456155359745008 6.6210074722766832 7.9727283716201809 14.066385209560393 7.1149827539920834 6.7582948207855287 15.330461740493773 8.0321041643619555 9.7580162286758405 9.5102313160896319 7.1467177271842948 7.8455230891704559 6.9867823421955109 8.680131077766438 9.4199507832527107 8.4218406975269335 7.1828332245349884
leaf_count=33 31 20 36 32 33 34 22 27 22 74 26 23 20 24 43 22 20 42 22 27 26 20 22 20 26 28 23 20
internal_value=-1.70614e-06 -0.00592438 0.00335692 -0.00715754 0.0088825 0.00114435 0.013497 -0.0109545 -0.0120024 -0.0135904 -0.00912489 0.0178652 -0.0119062 -0.0146183 -0.0205994 -0.0183565 -0.0110819 0.0159311 0.0105822 0.0208476 0.00562375 0.0114534 0.00177944 -4.18297e-05 -0.0057694 -0.00378697 0.0253271 0.00970584
internal_weight=282.731 197.404 69.1386 23.2907 45.8479 25.8975 85.3267 128.265 118.734 104.194 56.7002 19.9505 46.1574 37.3403 20.6874 47.4942 23.2932 69.7795 36.2692 33.5103 28.2371 16.6569 15.5472 14.54 16.6529 16.1782 23.7523 14.2494
internal_count=818 581 198 68 130 74 237 383 356 314 170 56 139 113 63 144 70 193 101 92 79 46 44 42 50 48 65 40
is_linear=0
shrinkage=0.03


Tree=27
num_leaves=22
num_cat=0
split_feature=34 27 41 1 1 28 14 13 26 12 40 1 33 35 19 22 29 19 19 33 34
split_gain=16.5368 7.09663 6.61937 3.1561 3.10185 2.51895 2.45209 5.47388 2.89098 2.84783 2.84416 2.60368 2.25828 2.09816 2.19226 1.48259 0.907485 0.461331 0.689743 0.43551 0.229809
threshold=-0.39833667079514085 1.1139456412657032 352.00000000000006 -0.60171144817578359 -0.94658177829357959 -0.94050371716119618 1.3925292970798362 -1.1497046837178486 0.33634737068533976 -0.30985197327570307 722.00000000000011 0.098323848779741582 -0.25742084173704111 0.69903736142323047 -0.95638230896970777 1.1046834789527888 -1.0774792856325452 0.85036302298692368 0.5492388009941519 -0.43506728313824855 -1.7705381121735524
decision_type=2 2 2 2 2 2 2 2 2 2 2 2 2 2 2 2 2 2 2 2 2
left_child=5 2 4 -4 -2 -1 7 -6 -8 10 13 -10 -12 14 -9 -3 -7 18 20 -5 -18
right_child=1 15 3 19 6 16 8 9 11 -11 12 -13 -14 -15 -16 -17 17 -19 -20 -21 -22
leaf_value=0.0051716105564079901 -0.005607399794074785 -0.0023145948097248632 0.0088697939808515709 -0.0039006074465049384 0.032950847970051225 -0.0025304623268944137 0.015983451735544288 0.0033147058280431018 -0.01679539236521101 -0.0033141982157473683 -0.0073944583413736295 0.0054265145213683559 0.014242433980952032 0.0030029306803672053 0.024637942022523059 -0.020507669417857827 -0.0049097843790107286 -0.022099363006457741 -0.0036097014921916189 -0.016793420917674079 -0.01641879646606045
leaf_weight=5.3256249874830237 8.2101415097713453 9.3532329201698321 7.1123686432838467 6.0890754163265273 11.8823005259037 6.9941044151782981 9.0957611203193682 6.5746397078037182 6.4840657114982632 9.5736380666494352 8.7889579534530622 9.9086280167102796 5.9145202636718741 8.8837185204029065 25.854196175932891 7.8445183038711539 5.1094522178173021 13.431510224938391 8.9223992228507978 10.546138226985928 24.093196496367462
leaf_count=20 32 36 26 24 39 28 32 23 24 35 32 36 21 33 90 32 21 56 37 42 99
internal_value=0 0.00540396 0.00776208 -0.00615932 0.0108316 -0.0126109 0.0122615 0.0149126 0.00360044 0.0108916 0.013447 -0.00369908 0.00145151 0.0173757 0.0208294 -0.0119135 -0.014417 -0.0157993 -0.0126759 -0.013118 -0.0149388
internal_weight=215.992 152.116 134.918 23.7476 111.171 63.8763 102.96 77.472 25.4885 65.5897 56.016 16.3927 14.7035 41.3126 32.4288 17.1978 58.5507 51.5566 38.125 16.6352 29.2026
internal_count=818 557 489 92 397 261 365 273 92 234 199 60 53 146 113 68 241 213 157 66 120
is_linear=0
shrinkage=0.03


Tree=28
num_leaves=31
num_cat=0
split_feature=3 27 19 2 19 12 14 30 41 25 26 32 36 30 34 24 40 24 2 28 27 41 27 23 28 24 32 2 11 27
split_gain=5.30021 6.62048 4.55135 4.28019 3.23652 3.15527 3.14524 3.13663 3.41549 3.10216 3.13327 3.0332 2.50911 2.45459 2.37893 2.33684 2.94307 2.24035 2.1896 2.08672 2.25551 1.93008 1.82992 2.12748 4.10716 3.30497 1.57844 1.16607 0.898587 0.871793
threshold=-0.24481959007580631 0.21908145173377594 0.5492388009941519 1.1879180157050271 1.0000000180025095e-35 -0.40086369687657958 0.39773878385382755 0.33099292381614626 300.00000000000006 -1.2601339051289135 0.24688804725155403 -0.51354170132697408 -0.97296925890432806 1.4998104710144351 -1.0234506607564173 0.87754721714677208 519.50000000000011 0.27728914366412677 0.24031490669781921 -1.325709793840121 -0.67578273779815101 291.50000000000006 1.0000000180025095e-35 0.48651948262570677 -0.77925466180722758 -0.92322700330116392 -1.2041551028265307 -0.8380405600804125 -1.0014793785779383 -0.31783706198538036
decision_type=2 2 2 2 2 2 2 2 2 2 2 2 2 2 2 2 2 2 2 2 2 2 2 2 2 2 2 2 2 2
left_child=1 22 6 4 -3 -4 -2 -6 13 -8 11 -11 26 21 -10 27 -17 18 -16 -13 -21 -9 23 24 -1 -26 -5 -12 -24 -27
right_child=2 3 5 12 7 -7 9 8 14 10 15 19 -14 -15 17 16 -18 -19 -20 20 -22 -23 28 -25 25 29 -28 -29 -30 -31
leaf_value=0.014223732868274925 0.023289543555308906 0.019640229325700056 -0.019061109391565727 0.0096891187941888102 -0.010743321549488467 0.0038861284381416479 -0.0086771835940242445 -0.0077229178544105147 -0.0025204782876466075 0.016549773165668375 0.010916428621899243 0.0074319298033291431 -0.016639223381546314 -0.015973502217764612 0.028443878222793859 -0.0040046207919505307 0.017678995556452873 0.00068113935685469465 0.0052616438334204783 -0.01713456205030741 0.0025474142037341446 0.0099543578887886265 -0.0062177995840823801 -0.017099005408039054 0.0066799612212907903 -0.021104526876074881 -0.0079426946476173176 0.030332743091628294 -0.022310282318867475 -0.0070801782497926426
leaf_weight=8.2576142847537977 9.5241806209087354 10.253228127956389 9.2109710872173327 7.1823221147060385 11.76423132419586 9.3308450579643232 10.140891522169111 7.5774918794632002 7.3822610974311784 7.3763122260570517 9.9056952595710772 8.7800200283527392 13.967257291078566 7.1214919984340659 11.422723442316064 11.261502057313921 8.4475388228893262 7.5928084552288047 7.2563625276088706 10.850154012441637 7.6972510814666739 12.376101702451706 7.4220031499862698 11.708004027605055 8.5844947695732099 8.7797383368015272 8.10131883621216 7.7707521319389334 13.315154701471327 13.722726315259939
leaf_count=23 26 28 26 20 33 26 28 21 21 20 27 24 40 20 31 31 23 21 20 30 21 34 21 33 24 25 23 21 38 39
internal_value=0 -0.00310777 0.00516347 0.00141495 0.00493898 -0.00778736 0.00792809 0.0024226 0.00526696 0.00569186 0.00793038 0.00113569 -0.00811357 -0.00243892 0.0114766 0.0137963 0.00559938 0.0155495 0.020796 -0.00346146 -0.00908772 0.00289103 -0.01013 -0.00655379 -0.00275618 -0.00789778 0.000111043 0.0214699 -0.0176284 -0.0137789
internal_weight=294.083 183.787 110.296 111.998 82.7467 18.5418 91.7543 72.4935 60.7292 82.2301 72.0892 34.7037 29.2509 27.0751 33.6542 37.3855 19.709 26.2719 18.6791 27.3274 18.5474 19.9536 71.7897 51.0526 39.3446 31.087 15.2836 17.6764 20.7372 22.5025
internal_count=818 515 303 312 229 52 251 201 168 225 197 95 83 75 93 102 54 72 51 75 51 55 203 144 111 88 43 48 59 64
is_linear=0
shrinkage=0.03


Tree=29
num_leaves=25
num_cat=0
split_feature=14 35 34 15 22 22 26 35 16 33 26 19 26 41 36 15 33 25 15 16 35 24 8 19
split_gain=24.0581 9.91193 5.24485 2.68753 4.49997 3.23685 3.16033 2.90262 2.66177 2.55444 2.45713 2.16182 2.17988 1.4335 2.23988 1.70233 1.60221 1.47498 1.41622 1.18303 0.741365 1.11616 2.50928 1.34438
threshold=-0.78255085348508902 0.3865228669731457 -1.2369042183041701 -0.30356173659941049 0.82218105530229424 0.72801358075212941 0.51526601755291124 0.80320885957325883 -1.3727529286082607 0.80845780667020373 0.33634737068533976 0.5492388009941519 1.4098592518907684 600.50000000000011 -0.42257268891732019 0.92910318609497411 0.63081136526899617 1.2850254390573883 0.65517764771844422 1.2662879541216039 -1.9052500923274771 -0.43551731859651466 -0.21099354343679461 -0.65525808697693577
decision_type=2 2 2 2 2 2 2 2 2 2 2 2 2 2 2 2 2 2 2 2 2 2 2 2
left_child=10 8 -3 4 6 -5 7 -4 -2 11 13 12 19 14 16 -15 -1 -18 -12 20 -10 23 -23 -22
right_child=1 2 3 5 -6 -7 -8 -9 9 -11 18 -13 -14 15 -16 -17 17 -19 -20 -21 21 22 -24 -25
leaf_value=-0.0026137997030023607 0.0048414018271488854 0.023411372078035841 0.014553290545417537 0.0023916706893940859 0.018258922384617376 -0.018850271064912091 -0.017674866883290161 -0.0077579187281859958 -0.0061387871424607053 0.0024649408509954669 -0.0064261694507110412 -0.0010429227370737887 0 0.024634115106800931 0.023176045334853724 0.0072604381289595593 0.01792577145582995 0 0.01004092694726277 -0.0052920598215590552 -8.4714981591081992e-05 -0.024945236956967275 -0.0075941747202328946 -0.016875371399526034
leaf_weight=11.570960968732832 7.9319747090339652 8.4642767906188947 9.5639818906784111 12.117230623960497 12.827308982610701 10.756540954113005 7.1274281144142142 8.3101885020732862 8.250355511903761 9.1815034151077253 7.6920982897281629 13.124832034111021 9.0729190707206708 23.85394287109375 8.0667610764503497 9.7778954505920392 9.551038324832918 7.1542374789714804 7.865106612443924 11.387742698192595 8.2676417827606219 38.143379658460603 12.716980397701283 9.4933216273784549
leaf_count=33 23 23 27 35 36 32 21 24 25 26 22 38 27 65 22 27 26 20 22 34 25 118 38 29
internal_value=-3.89402e-06 -0.00579747 0.00323814 0 0.00478079 -0.00789665 -0.00254996 0.00407298 -0.0107236 -0.0118523 0.0131236 -0.0131131 -0.0146394 0.0154909 0.0102728 0.0202795 0.00540814 0.0110517 0.00169807 -0.0160572 -0.0174435 -0.0185567 -0.0210633 -0.0099862
internal_weight=282.27 196.738 69.167 60.7027 37.8289 22.8738 25.0016 17.8742 127.571 119.639 85.532 110.457 97.3323 69.9748 36.343 33.6318 28.2762 16.7053 15.5572 88.2594 76.8717 68.6213 50.8604 17.761
internal_count=818 581 198 175 108 67 72 51 383 360 237 334 296 193 101 92 79 46 44 269 235 210 156 54
is_linear=0
shrinkage=0.03


Tree=30
num_leaves=25
num_cat=0
split_feature=34 30 41 4 31 26 14 2 27 26 28 28 26 20 34 32 13 10 28 30 41 2 5 14
split_gain=15.7831 6.8427 4.25312 3.60103 3.49601 3.38651 3.08599 5.94171 2.64859 2.49401 2.47446 2.34197 4.89719 2.03468 1.59499 2.72004 1.36778 1.12051 0.975281 0.949152 0.521515 0.20513 0.328698 0.158877
threshold=-0.39833667079514085 1.1658626003863526 352.00000000000006 -0.92135384686153332 1.0419603495845868 1.0000000180025095e-35 1.3925292970798362 -0.83241680275692753 -1.0933860262463837 0.24688804725155403 -0.61800560645325897 -0.77925466180722758 0.87310331128805407 -0.96251815589241441 0.417360852690915 -0.2833372341604552 -1.4636167398035493 0.60077940061194268 0.51073778102452083 0.94323068663429754 364.00000000000006 1.0000000180025095e-35 1.6240737368527924 -0.89498540828253592
decision_type=2 2 2 2 2 2 2 2 2 2 2 2 2 2 2 2 2 2 2 2 2 2 2 2
left_child=10 2 3 -2 17 8 7 -7 -5 -9 -1 -11 -13 -8 15 -10 -15 18 -4 20 21 -12 -23 -3
right_child=1 23 4 5 -6 6 13 9 14 11 19 12 -14 16 -16 -17 -18 -19 -20 -21 -22 22 -24 -25
leaf_value=0.00072034490057757338 -0.007042501853849953 -0.01867384732886096 -0.018592860474792677 0.0041353669674843553 0.014263232971641379 0.03193514908280435 0.0074053143391016752 -0.007945741203831758 0.010483667187621802 0.020745894341626998 -0.0040380239070551029 0.015298533854497472 -0.008618327839074862 -0.019390599638776582 0.008807406967716697 0.042218306970575624 0 0.0013491586866126587 -0.0011660947042984914 -0.0042614757558769797 -0.020043837335220038 -0.018412725990865408 -0.0040232976569090145 -0.0074329940032495543
leaf_weight=9.9047844409942609 8.9665618985891324 5.3140419870614997 9.4484508931636864 8.2823210358619708 5.9793120175600043 9.0417425334453565 9.2016720473766345 7.543802708387374 5.7902795672416714 10.474433153867713 7.5639614760875729 14.90859943628312 12.878257006406782 5.3086549788713455 6.1930522173643103 8.0288930237293226 5.5059420317411405 5.1422379016876212 5.2660282105207434 9.1539953052997571 26.582400038838387 5.1942611932754499 4.8437847048044205 9.2831968218088132
leaf_count=38 35 22 38 29 22 29 33 28 20 36 30 52 47 20 22 27 20 19 21 37 114 22 20 37
internal_value=0 0.00524256 0.00736447 0.00988225 -0.00328549 0.0114906 0.00774775 0.011364 0.0203034 0.00629259 -0.0124098 0.00944465 0.00413534 -0.00198369 0.025961 0.0316416 -0.0103886 -0.00948139 -0.013411 -0.0149104 -0.0167729 -0.0103331 -0.013415 -0.0132567
internal_weight=215.801 152.557 137.96 112.124 25.836 103.158 74.8631 54.8468 28.2945 45.8051 63.2432 38.2613 27.7869 20.0163 20.0122 13.8192 10.8146 19.8567 14.7145 53.3384 44.1844 17.602 10.038 14.5972
internal_count=818 557 498 398 100 363 265 192 98 163 261 135 99 73 69 47 40 78 59 223 186 72 42 59
is_linear=0
shrinkage=0.03


Tree=31
num_leaves=31
num_cat=0
split_feature=3 29 36 1 34 32 3 30 0 13 37 39 30 31 12 35 25 12 34 29 13 32 1 1 20 20 4 12 22 36
split_gain=5.01434 3.44998 3.05581 2.90712 2.8416 5.11918 4.03571 3.95436 2.90691 2.4759 2.26882 2.1716 4.13308 2.13083 1.9507 1.93813 1.97241 1.895 2.20972 1.81213 2.30136 1.63485 2.99384 2.66776 2.6134 3.84637 2.04909 1.30909 1.03922 0.648661
threshold=-0.24481959007580631 -0.6289824982604143 0.084371520281239662 -0.99805496189325038 -0.16963643056540559 -1.4672459224454097 -0.79385501829041927 0.33099292381614626 -0.42657970742992407 0.97185012574827956 -0.76945909497551546 1.0000000180025095e-35 -0.44821877431604623 -1.062104371022359 -0.42362837130223258 0.3865228669731457 -1.2601339051289135 -0.26602694448574921 -1.0234506607564173 -0.18048571088828344 1.0910685930835939 1.0058077819720512 -0.20536793445831683 -0.20536793445831683 -0.18655903810004137 -0.96251815589241441 0.16263826463094744 -1.0000000180025095e-35 0.72801358075212941 0.5913157294797996
decision_type=2 2 2 2 2 2 2 2 2 2 2 2 2 2 2 2 2 2 2 2 2 2 2 2 2 2 2 2 2 2
left_child=1 2 9 -2 5 6 -3 10 -9 13 -6 12 -12 -1 -4 16 -5 18 -11 28 -21 22 24 -23 25 -18 -24 -27 -7 -16
right_child=3 4 14 15 7 19 -8 8 -10 17 11 -13 -14 -15 29 -17 21 -19 -20 20 -22 23 26 -25 -26 27 -28 -29 -30 -31
leaf_value=5.3081380621708538e-05 0.020941905981712316 -0.012000282436554724 0.0050703816482268269 -0.006413809928682462 0.006288847633217973 -0.026491935699221768 0.015500331416982281 -0.0013200704559370817 0.020309537711525726 0.0062975862869636221 0.01139428110911463 -0.020726363936404639 -0.017023196201385413 0.020021687601393164 -0.017716440323119968 -0.0075315043463493386 -0.00024929651948526772 0.011343056521841755 -0.01341612590987235 -0.015222604188523121 0.0035071144118103896 0.0024881376249951104 -0.014054387311037716 0.025714584231744702 -0.003061598293580338 0.026238025643910125 0.0045815076158054894 0.0070272451402636632 -0.0083586669958310138 -0.0035125544627869756
leaf_weight=7.8783683776855495 8.1547766923904401 7.0698022246360805 7.2588756978511837 10.445561051368712 7.141926944255828 15.203853994607927 9.2675381004810315 10.452494829893114 9.1137747764587385 7.1726549267768904 7.5265833139419547 10.924605965614317 7.7910207509994533 13.955632686614988 8.1623174250125867 11.117721766233442 12.385915696620936 7.5327168107032767 10.65662744641304 13.993026554584505 8.0584913194179517 10.180201530456545 10.183082491159448 8.0918930172920209 12.165779203176497 12.206808298826212 8.0477598309516889 7.3361106514930787 7.0364110171794882 7.2395174801349631
leaf_count=22 22 20 20 29 20 44 26 29 25 20 21 31 22 38 23 31 34 21 30 40 23 28 28 22 34 33 22 20 20 20
internal_value=0 -0.00301927 0.00213655 0.00502821 -0.00622899 -0.010593 0.00325499 -0.000967814 0.00919872 0.00648772 -0.00723769 -0.0112763 -0.00293213 0.0135401 -0.00651757 0.0034154 0.00491742 0 -0.0053017 -0.0157712 -0.00833583 0.00654941 0.00391657 0.014248 0.00812447 0.0125123 -0.00580084 0.0203267 -0.0218983 -0.0122993
internal_weight=293.752 183.436 69.8567 110.316 113.58 60.6291 16.3373 52.9504 19.5663 47.196 33.3841 26.2422 15.3176 21.834 22.6607 102.161 91.0431 25.362 17.8293 44.2918 22.0515 80.5976 62.3255 18.2721 44.0946 31.9288 18.2308 19.5429 22.2403 15.4018
internal_count=818 515 194 303 321 173 46 148 54 131 94 74 43 60 63 281 250 71 50 127 63 221 171 50 121 87 50 53 64 43
is_linear=0
shrinkage=0.03


Tree=32
num_leaves=29
num_cat=0
split_feature=14 33 30 15 26 31 16 27 41 22 13 29 10 32 29 33 19 25 26 4 32 15 25 33 13 22 19 33
split_gain=22.7397 8.18386 4.73191 4.56094 2.34429 2.23063 2.0734 1.9765 1.92972 1.88489 1.74967 1.73721 1.43292 1.39089 1.76459 4.58877 2.18499 1.37174 3.78827 1.65714 1.87253 1.36739 1.04762 0.85533 0.749532 0.666595 0.525252 0.357897
threshold=-0.78255085348508902 1.151061657943961 -0.058612925249950036 -0.16659896741114555 0.33634737068533976 0.19549753094960839 -0.58104066378930141 0.21908145173377594 300.00000000000006 0.82218105530229424 -1.5572593445859459 -0.6289824982604143 0.60077940061194268 -0.2833372341604552 -0.6289824982604143 0.63081136526899617 0.24811457900137995 0.43663899099528752 -0.28986789335116026 -0.53659564353954514 0.82164420823883588 0.65517764771844422 1.0000000180025095e-35 -0.61271372453945594 -0.86095604444890528 0.53967863165179975 1.0000000180025095e-35 0.63081136526899617
decision_type=2 2 2 2 2 2 2 2 2 2 2 2 2 2 2 2 2 2 2 2 2 2 2 2 2 2 2 2
left_child=4 2 10 7 13 -5 -7 -4 9 -9 -2 -3 -8 14 16 -16 -1 19 -19 24 23 -6 -10 -21 -12 -17 -26 -18
right_child=1 11 3 5 21 6 12 8 22 -11 17 -13 -14 -15 15 25 27 18 -20 20 -22 -23 -24 -25 26 -27 -28 -29
leaf_value=-0.0069371963988876994 -0.00093185922025118366 0 0.014062756807492428 -0.019789139100188313 -0.0064046787702055829 0.0056107070563926756 -0.01975304504719038 -0.0014096446396217942 -0.014376188597630285 0.017271690052238529 -0.025049084992058157 0.0188525342041873 -0.00030943641129667826 0.025084298671146282 0.0017417990029960305 0.029697104913552604 0.015687349367213384 -0.018010047907753648 0.009073281007058065 0.0014705321690487 -0.019062629505107884 0.0097702237093768678 0 -0.0091354269191851935 -0.017372038037807278 0.012876743658181406 -0.0038927477205576901 0.004121856686836939
leaf_weight=7.4913343489170101 12.462482810020445 7.1454236507415798 11.618884176015852 12.024554759263991 7.6873295009136182 10.239438980817795 6.5721862614154816 9.4937116205692309 7.1405344009399405 7.1099928319454184 19.370219111442566 11.649004697799681 7.1163080632686615 11.729177683591841 13.307564198970793 13.325224429368975 7.9148460030555707 7.6645474135875702 7.799350976943968 11.068130046129221 11.794274389743803 7.8872607946395874 8.3486148715019208 12.533960431814199 7.7473538219928724 8.8174108266830427 7.1224013864994049 7.5842173993587494
leaf_count=21 37 20 33 36 22 30 20 28 21 20 61 32 21 32 37 36 22 23 23 33 36 22 24 38 24 24 21 21
internal_value=-7.29786e-06 -0.00566248 -0.00769714 -0.00211741 0.0127274 -0.00987623 -0.0037852 0.00424737 4.59454e-05 0.00702684 -0.0120916 0.012379 -0.0110687 0.0150345 0.0123401 0.0165334 0.00501271 -0.0136122 -0.00440219 -0.0154371 -0.00984238 0.0015739 -0.00704382 -0.0041321 -0.0203971 0.0244948 -0.0122305 0.011244
internal_weight=281.766 196.021 177.227 79.6642 85.7444 35.9525 23.9279 43.7117 32.0929 16.6037 97.5627 18.7944 13.6885 70.1698 58.4406 35.4502 22.9904 85.1002 15.4639 69.6363 35.3964 15.5746 15.4891 23.6021 34.24 22.1426 14.8698 15.4991
internal_count=818 581 529 233 237 107 71 126 93 48 296 52 41 193 161 97 64 259 46 213 107 44 45 71 106 60 45 43
is_linear=0
shrinkage=0.03


Tree=33
num_leaves=24
num_cat=0
split_feature=34 30 41 1 26 9 2 22 4 28 26 40 26 20 37 34 35 29 19 19 16 34 12
split_gain=15.167 6.56795 4.0449 3.40333 3.23194 3.08349 4.68998 2.73259 2.59928 2.42387 2.38234 3.25048 3.32403 1.57917 1.36094 1.037 3.66804 0.901452 0.483916 0.705134 0.299 0.273212 0.747256
threshold=-0.39833667079514085 1.1658626003863526 352.00000000000006 -0.94658177829357959 1.0000000180025095e-35 -1.3804932147214577 -0.83241680275692753 -1.1553359102511671 -0.53659564353954514 -0.94050371716119618 0.24688804725155403 722.00000000000011 0.87310331128805407 -0.96251815589241441 1.0000000180025095e-35 -0.0095462624045909005 -0.34267762007705255 -1.0774792856325452 0.85036302298692368 0.5492388009941519 -0.84494475206228792 -0.97008727136947903 -0.48997997270176102
decision_type=2 2 2 2 2 2 2 2 2 2 2 2 2 2 2 2 2 2 2 2 2 2 2
left_child=9 2 3 -2 7 13 -7 -5 -4 -1 -8 12 -12 -6 -10 -9 -17 -11 19 21 -3 22 -19
right_child=1 20 8 4 5 6 10 15 14 17 11 -13 -14 -15 -16 16 -18 18 -20 -21 -22 -23 -24
leaf_value=0.0051680676387916439 -0.0068749296919504224 -0.005037650922184808 0.0087316573259086545 0.00083527537019251977 0.0053992427191360305 0.027527510852978266 -0.0078420675921684717 0.033477719184918972 -0.017738397975092395 -0.0022245073770323013 0.022250785369940868 -0.0044885468282885362 0.00099080870892660441 -0.010830692497500082 -0.00055017926355790687 0.027773998959977914 -0.0012742584629571224 0 -0.021824821376892119 -0.0031968149189554101 -0.017233934112559707 -0.019396674735036926 -0.013230508529885188
leaf_weight=5.3246034830808631 8.9042386710643751 6.539989173412323 8.8262941837310809 6.2365457713604 8.9325089156627673 10.926457852125166 7.5113921612501136 8.9025494456291252 8.2131746262311953 6.9121655672788611 16.729917705059055 10.157336831092833 11.584183245897291 9.3240719288587552 8.7263984531164152 7.230748891830447 6.1824313551187435 4.7070120573043814 13.056640788912771 8.7774487882852537 7.9272623509168607 11.502999693155294 12.407395511865614
leaf_count=20 35 26 32 22 32 35 28 30 33 28 57 37 41 35 35 24 22 20 56 37 33 48 52
internal_value=0 0.00511756 0.00718356 0.00962696 0.0111785 0.00752312 0.0109173 0.0197461 -0.00321856 -0.0122345 0.00609908 0.00916328 0.0142414 -0.00277905 -0.00997434 0.0243936 0.0152012 -0.0140422 -0.0154349 -0.0122939 -0.0130875 -0.0145867 -0.00972898
internal_weight=215.544 152.856 138.388 112.622 103.718 75.1659 56.9093 28.5523 25.7659 62.6883 45.9828 38.4714 28.3141 18.2566 16.9396 22.3157 13.4132 57.3637 50.4515 37.3949 14.4673 28.6174 17.1144
internal_count=818 557 498 398 363 265 198 98 100 261 163 135 98 67 68 76 46 241 213 157 59 120 72
is_linear=0
shrinkage=0.03


Tree=34
num_leaves=30
num_cat=0
split_feature=33 19 27 1 27 40 22 15 24 12 12 36 39 17 19 12 12 23 15 32 26 36 22 32 25 27 14 12 28
split_gain=5.34106 3.83854 4.94939 3.238 4.64907 4.56221 3.11296 2.98699 2.80814 2.78292 3.08629 2.54468 2.3417 2.26596 2.49645 2.20994 2.12614 2.08003 1.95577 2.94922 2.91706 1.79031 1.556 1.53126 1.47854 1.46219 1.20203 2.34696 0.860939
threshold=0.63081136526899617 0.5492388009941519 0.21908145173377594 -0.82304613765436907 0.21908145173377594 770.50000000000011 0.44551115710163486 1.0000000180025095e-35 0.27728914366412677 -0.59512168266377008 -0.44351647472998518 0.89548225499893552 1.0000000180025095e-35 1.0000000180025095e-35 1.3020493559760815 -0.54504537010719767 -0.6953292371575831 0.48651948262570677 0.92910318609497411 -0.51354170132697408 -0.4687865402187314 0.084371520281239662 -0.30782863929968396 -0.51354170132697408 -0.41174745706681315 -0.31783706198538036 -1.1103895548410281 -0.39591084301134855 -0.94050371716119618
decision_type=2 2 2 2 2 2 2 2 2 2 2 2 2 2 2 2 2 2 2 2 2 2 2 2 2 2 2 2 2
left_child=1 3 -3 24 5 7 22 8 23 -4 -11 -10 15 -12 21 16 -9 -7 19 26 -21 -15 -6 -5 -1 28 -2 -28 -14
right_child=18 2 9 4 6 17 -8 12 11 10 13 -13 25 14 -16 -17 -18 -19 -20 20 -22 -23 -24 -25 -26 -27 27 -29 -30
leaf_value=0.025349673053241151 -0.022924094116528657 -0.018342285072528084 -0.011970395729192708 -0.005148007868244979 0.0048412599413894045 0.022914238062109814 -0.0026531663979239952 0 0.011810065014715498 0.017613267481757091 0.012282572869367346 -0.0089154110239819465 0.0091357800882196152 -0.00062611912117786057 0.0087608688340736901 0.0056795683845738158 -0.020424136854567093 0.00091471040741431507 0.0033132361012621976 0.0073062386849449094 -0.0137966639158734 -0.017872308069564895 0.023984722454860139 -0.022948332809273539 0.0054450541489093878 0.018866747770507324 -0.017219062907666519 0.0012568895585071806 -0.0038173272831123336
leaf_weight=8.2182467281818408 11.745779246091837 14.142429232597349 11.069005429744719 10.039457499980928 7.2669198811054292 8.8864414393901843 7.1581572890281668 8.6952088773250598 7.959165126085284 9.776808172464369 8.3871913552284223 10.714531570672987 7.6969176232814798 11.890782088041311 7.9619238972663871 12.341863691806791 7.528844594955447 7.3169706165790549 11.345999598503111 13.788332581520082 8.0493773818016034 10.004324465990065 15.168909043073652 10.903422147035597 8.1670361459255201 7.6922520995140067 12.51066818833351 9.7319206297397667 7.2685902416706094
leaf_count=22 34 41 31 28 20 24 20 24 22 27 23 30 21 33 22 34 21 20 32 39 23 28 41 31 22 21 36 28 20
internal_value=0 0.00223074 -0.003324 0.00493437 0.00326834 0.000241477 0.013484 -0.00238089 -0.00844495 0.000536511 0.00381582 0 0.00230211 -9.20444e-05 -0.00418083 -0.00321296 -0.0102243 0.0142381 -0.00731401 -0.00960872 -0.000602002 -0.00940338 0.0187268 -0.0155971 0.0170527 0.0092714 -0.0149565 -0.00931378 0.00270556
internal_weight=293.427 226.255 73.2325 153.023 136.638 107.044 29.594 90.8403 39.6166 59.09 48.021 18.6737 51.2237 38.2442 29.857 28.5659 16.2241 16.2034 67.1721 55.8261 21.8377 21.8951 22.4358 20.9429 16.3853 22.6578 33.9884 22.2426 14.9655
internal_count=818 626 205 421 377 296 81 252 111 164 133 52 141 106 83 79 45 44 192 160 62 61 61 59 44 62 98 64 41
is_linear=0
shrinkage=0.03


Tree=35
num_leaves=28
num_cat=0
split_feature=14 35 24 26 33 32 30 27 33 32 29 33 36 25 10 22 13 14 24 28 14 22 28 29 4 12 33
split_gain=21.543 9.13184 3.71733 2.22147 2.05753 1.78373 1.83478 3.57398 1.67846 1.33931 1.64776 4.37792 2.60789 1.37869 1.32694 1.30794 1.28328 1.93902 2.18684 1.73392 2.48814 1.27155 1.32414 0.723063 0.644267 1.42357 0.775682
threshold=-0.78255085348508902 0.3865228669731457 -0.92322700330116392 0.33634737068533976 0.63081136526899617 0.23845955808365463 0.33099292381614626 1.1139456412657032 0.80845780667020373 -0.2833372341604552 -0.6289824982604143 0.63081136526899617 -0.82812805627616803 0.71943447368265456 0.26305067216614569 0.82218105530229424 -1.5572593445859459 0.97033684387650754 0.87754721714677208 -0.94050371716119618 1.3536271338797341 -0.96700096115083756 0.67198683637848955 -0.40473410457434894 -0.53659564353954514 0.41451981283371492 -0.61271372453945594
decision_type=2 2 2 2 2 2 2 2 2 2 2 2 2 2 2 2 2 2 2 2 2 2 2 2 2 2 2
left_child=3 8 -3 9 5 14 -7 -8 16 10 12 -12 13 -1 -4 -5 -2 18 21 -19 -21 -18 24 -13 25 -23 -26
right_child=1 2 4 15 -6 6 7 -9 -10 -11 11 23 -14 -15 -16 -17 17 19 -20 20 -22 22 -24 -25 26 -27 -28
leaf_value=0.0066166518176897374 -0.0015553131203198442 0.017127600743714565 -0.00073386929530356725 -0.0056714408286081073 0.010654673529505911 0.012300842761808166 -0.01423681822481322 0.0096346595965316577 0.0010714547414052741 0.024427128336011628 0.001574921627029172 0.031976698778452467 0.018021338272758654 -0.0096012159472506579 -0.017295377580010964 0.010181793049364561 -0.00021148298981132595 -0.023892082044528938 0.003164878156524685 -0.019196309142865034 0.0010109951689087787 -0.024242804160351926 -0.00025552097683938582 0.015221291823245596 -0.0010902168569110276 -0.0048453495466083242 -0.014799610797351516
leaf_weight=7.1359098553657558 12.781208902597426 12.242460459470747 8.9696388840675372 8.4469295144081098 10.840670973062513 8.3274146020412463 10.805115014314653 8.7893356382846815 9.5578932166099531 11.774751007556914 13.32656869292259 8.8768062591552681 7.3139863312244406 8.5674553513526899 9.1238243579864484 7.1363642215728751 9.2881948947906405 20.881360590457916 10.405514538288115 9.5999933481216448 9.5163737535476667 14.47933548688888 7.1026780605316153 13.341719508171087 8.4226738214492816 6.5474353730678549 7.6775213778019085
leaf_count=20 38 34 26 24 30 24 32 25 27 32 37 24 20 24 27 20 28 66 31 30 29 45 21 36 25 20 23
internal_value=-1.55951e-05 -0.00553997 0.00312002 0.0123562 -0.000156051 -0.00308516 0.00152383 -0.00332085 -0.0103073 0.0145978 0.0119608 0.0160096 0.00486679 -0.0019484 -0.0100761 0.00149387 -0.0112917 -0.0123931 -0.008618 -0.0177523 -0.00950417 -0.0110418 -0.0131035 0.0237673 -0.0153007 -0.0191939 -0.00867272
internal_weight=281.279 195.359 69.0985 85.9205 56.856 46.0153 27.9219 19.5945 126.26 70.3372 58.5624 35.5451 23.0174 15.7034 18.0935 15.5833 116.702 103.921 63.9234 39.9977 19.1164 53.5178 44.2296 22.2185 37.127 21.0268 16.1002
internal_count=818 581 198 237 164 134 81 57 383 193 161 97 64 44 53 44 356 318 193 125 59 162 134 60 113 65 48
is_linear=0
shrinkage=0.03


Tree=36
num_leaves=26
num_cat=0
split_feature=34 27 41 4 12 27 26 31 28 26 30 28 20 20 1 26 22 20 30 16 19 41 5 5 16
split_gain=14.5574 6.37074 5.7707 3.6741 2.67776 2.99612 3.52665 3.48898 2.91642 3.10591 2.81742 2.36876 2.28808 5.93577 2.29193 1.88851 1.44807 1.12579 0.95137 0.852006 1.13473 0.534795 0.207612 0.335625 0.161012
threshold=-0.39833667079514085 1.1139456412657032 352.00000000000006 -0.53659564353954514 2.2717046410256088 -1.2127012515173072 0.87310331128805407 1.0000000180025095e-35 -0.77925466180722758 1.230940605023197 -1.3944044077622799 -0.61800560645325897 -0.18655903810004137 -0.96251815589241441 -0.78186759077463208 0.51526601755291124 1.1046834789527888 -0.44521207736416563 0.94323068663429754 0.47457568930264438 0.5492388009941519 364.00000000000006 1.0000000180025095e-35 1.6240737368527924 0.73847977757563088
decision_type=2 2 2 2 2 2 2 2 2 2 2 2 2 2 2 2 2 2 2 2 2 2 2 2 2
left_child=11 2 4 -4 5 7 12 -2 -8 -10 15 -1 13 -7 -15 -9 -3 -16 21 20 -14 22 -13 -24 -5
right_child=1 16 3 24 -6 6 8 10 9 -11 -12 18 19 14 17 -17 -18 -19 -20 -21 -22 -23 23 -25 -26
leaf_value=0.00075797000702219582 -0.016160827313312941 -0.0021103527436679656 0.0093769356038325095 -0.0080255303973265548 -0.0079504692331499906 0.029451258604548943 0.019293481265662122 0.002509355858593347 -0.012575782295958049 0.010044800913891865 -0.007642586164368902 -0.0037543281570394673 0.0048160230007722399 0.012947015978996697 -0.012126167382166602 0.026220346334072251 -0.020194403128462487 0.003595560815900403 -0.0039226253104455216 0.032745489343289275 0.022960340756735888 -0.019744962875572813 -0.018111197320710763 -0.0037236782808670234 -0.019256221678746851
leaf_weight=9.8895850181579572 5.7933614403009441 9.2787007838487643 7.7810498923063305 9.6916986852884275 5.6611074060201636 9.1149214953184146 6.3366135060787228 6.8043152093887365 10.409141749143602 8.4652496129274351 5.5996982753276798 7.4802610874176052 7.1127167493104997 8.3875729441642779 7.9625366777181634 5.8493247926235199 7.6202849298715583 5.4778690040111515 9.0331597775220853 10.475727781653402 9.3267147541046125 25.907232582569122 5.054628521203993 4.779791072010994 6.0083869546651831
leaf_count=38 21 36 28 39 20 31 22 24 38 31 20 30 25 30 29 20 32 19 37 35 32 114 22 20 25
internal_value=0 0.00498461 0.00718528 -0.00589944 0.0100038 0.0111046 0.0137725 0.00138623 0.00380097 -0.00214327 0.00806346 -0.0120615 0.0178105 0.0110034 0.00164436 0.0155112 -0.0115727 -0.00559924 -0.0145527 0.0244312 0.0165035 -0.0164341 -0.00998215 -0.013066 -0.0139768
internal_weight=215.302 153.157 136.258 23.4811 112.777 107.116 83.0691 24.0467 25.211 18.8744 18.2533 62.1447 57.8581 30.9429 21.828 12.6536 16.899 13.4404 52.2551 26.9152 16.4394 43.2219 17.3147 9.83442 15.7001
internal_count=818 557 489 92 397 377 292 85 91 69 64 261 201 109 78 44 68 48 223 92 57 186 72 42 64
is_linear=0
shrinkage=0.03


Tree=37
num_leaves=30
num_cat=0
split_feature=33 30 27 20 29 14 30 1 40 1 38 35 1 1 37 28 25 1 32 32 26 33 27 33 30 37 30 22 25
split_gain=5.02472 3.61148 3.12607 5.43697 3.05749 2.73166 2.50595 2.23593 3.90815 2.89469 2.89236 2.49758 2.57961 1.99143 1.92786 1.69753 1.66986 2.09639 1.96208 1.64018 1.63047 2.86813 2.96862 2.42445 1.55598 1.52186 1.4146 0.739971 0.518831
threshold=0.63081136526899617 1.5554684494524489 0.21908145173377594 -0.18655903810004137 -0.6289824982604143 -1.0965435175674791 -0.44821877431604623 -0.82304613765436907 519.50000000000011 -0.39581871377709982 -0.58262379249378615 -1.1760496052772789 -0.20536793445831683 -0.67892122357529028 1.0000000180025095e-35 0.18823967031658398 -0.97733842244154667 -1.0000000180025095e-35 0.23845955808365463 -1.4672459224454097 1.4098592518907684 -0.25742084173704111 0.57702712754654673 -0.61271372453945594 0.83191472975826997 1.0000000180025095e-35 -1.2954568905391441 0.72801358075212941 1.2850254390573883
decision_type=2 2 2 2 2 2 2 2 2 2 2 2 2 2 2 2 2 2 2 2 2 2 2 2 2 2 2 2 2
left_child=1 2 3 7 15 -4 -6 -1 10 13 26 -12 -13 -10 -11 -2 -5 18 -18 -8 21 23 -23 24 -7 -24 -9 -21 -17
right_child=4 -3 5 16 6 20 19 8 9 14 11 12 -14 -15 -16 28 17 -19 -20 27 -22 22 25 -25 -26 -27 -28 -29 -30
leaf_value=0.015573677697163999 -0.0085338952024724482 -0.015143533347154216 -0.0051631372914247298 0.0023731047008426816 0.0031920279655276839 0.015452180844687184 -0.0031441552377223223 -0.0025509617241836363 0.0058653850630474335 0.010173216088729111 -0.02147652446373462 -0.011740763374463422 0.0086039679981427461 0.028805253591837957 -0.0081745870094896665 0.00079468404722457281 -0.0054220613601337845 0.0019049646803613483 -0.022635018896627019 -0.022791258795590803 -0.0012241481220150274 0.015117235393784345 0.0038941121685968066 0.02729581107600948 -0.00042032822269179548 -0.012262189619123587 0.013413297590519209 -0.0082486640051396658 0.012191308503290808
leaf_weight=12.28290671110153 8.4271000027656573 8.7817925512790662 11.584686845540999 8.9266505241394025 7.1418091952800742 12.187385857105253 9.7801778912544233 7.9573867917060879 8.3912332653999311 8.7838241159915942 8.5656742453575117 10.748100012540815 8.6814544796943753 7.4335765540599814 8.7171942889690381 8.595125198364256 13.736843168735502 7.4307006895542171 13.693144381046293 17.130752950906757 9.3958448171615583 11.32902428507805 9.8274217844009417 12.922250062227251 8.0303035676479322 7.967381238937377 8.7590627968311257 8.6057532131671888 7.2480216622352591
leaf_count=33 24 25 33 25 20 33 28 22 23 24 24 30 24 20 24 24 39 21 39 51 26 31 27 35 22 22 24 25 20
internal_value=7.0128e-06 0.00217002 0.00299596 9.91698e-05 -0.00710087 0.00750757 -0.0118179 0.00433677 0.00223233 0.00983316 -0.0034384 -0.00923461 -0.00239858 0.0185485 0.000794601 0.0011624 -0.0083634 -0.0112622 -0.0149503 -0.0150052 0.00970183 0.0114347 0.00398248 0.0173546 0.00927788 -0.0034196 0.0059003 -0.0188709 0.00695792
internal_weight=293.063 226.134 217.352 134.108 66.9287 83.2443 42.6585 90.3204 78.0375 33.3258 44.7117 27.9952 19.4296 15.8248 17.501 24.2702 43.7873 34.8607 27.43 35.5167 71.6596 62.2638 29.1238 33.1399 20.2177 17.7948 16.7164 25.7365 15.8431
internal_count=818 626 601 372 192 229 124 248 215 91 124 78 54 43 48 68 124 99 78 104 196 170 80 90 55 49 46 76 44
is_linear=0
shrinkage=0.03


Tree=38
num_leaves=27
num_cat=0
split_feature=14 35 34 16 28 27 14 13 30 41 2 36 24 28 1 30 21 27 30 19 30 15 30 28 14 21
split_gain=20.5566 8.74186 4.68352 2.5502 2.50779 3.78644 1.96645 3.17242 1.93789 3.56661 3.558 4.45858 1.88864 2.14578 3.14286 2.40465 2.4097 2.00858 1.76845 1.70693 1.93216 1.47927 1.35204 1.00275 1.71594 0.59214
threshold=-0.78255085348508902 0.3865228669731457 -1.2369042183041701 -1.3727529286082607 1.4782321131483325 0.21908145173377594 0.93666980058742999 -1.5572593445859459 0.16401898850210495 364.00000000000006 1.0740369299044572 -1.0309057399555919 0.87754721714677208 -0.29550749574532198 -0.78186759077463208 -0.72650866650611501 -0.39875318815761746 -1.2127012515173072 0.6649407944442286 0.85036302298692368 0.83191472975826997 0.65517764771844422 0.44230888069217361 -0.94050371716119618 1.3536271338797341 -0.76565994621490951
decision_type=2 2 2 2 2 2 2 2 2 2 2 2 2 2 2 2 2 2 2 2 2 2 2 2 2 2
left_child=8 3 -3 -2 5 -4 12 -8 9 -1 19 21 13 15 -15 17 -17 -5 22 20 -10 -12 -7 -9 -25 -20
right_child=1 2 4 6 -6 18 7 23 10 -11 11 -13 -14 14 -16 16 -18 -19 25 -21 -22 -23 -24 24 -26 -27
leaf_value=0.0026068780194376485 0.0051115017931266547 0.022027739366377828 0.010459023109936837 -0.00024588787180858753 0.014529944960934023 -0.006224501167099614 -0.0014426276315511861 -0.025054319938600446 0.00269035591706656 0.027674290672114122 0.010650154490564416 0.025386299603021908 0.0036321184212700255 -6.2744830373191371e-05 -0.023514715542546197 -0.0070677219406483967 0.013444821171547001 -0.021102151986648755 -0.0057388197293788907 0.010379705961572359 -0.015272489941160192 -0.0060532907209351729 0.0089179401367783691 -0.020688820685241072 -0.001433492579286082 -0.018326840593759268
leaf_weight=8.6684820652008074 7.8888883888721457 8.5246086120605451 13.210356920957564 8.2792833745479602 7.5349244475364676 12.662134140729906 11.73255133628845 20.683455616235729 12.660353749990469 15.149105280637739 8.7405008375644666 16.950630038976669 10.125509113073347 8.0631386935710925 15.81728547811508 8.5616943538188917 8.8379097878933006 8.3577110767364449 10.152367353439328 9.7074318528175336 7.0086111426353446 7.1583428084850302 6.9300875961780539 8.4730579853057915 8.8139990866184217 10.071803689002994
leaf_count=24 23 23 37 25 21 37 35 66 35 41 24 46 30 24 48 26 26 26 30 27 20 20 20 27 27 30
internal_value=-1.88466e-05 -0.00543318 0.00303223 -0.0101163 -1.26604e-05 -0.00253202 -0.0112384 -0.0158974 0.0120487 0.0194829 0.00871739 0.0152854 -0.00747933 -0.00956555 -0.0163043 -0.00418007 0.00327404 -0.0119327 -0.00721066 0.000792792 -0.00405553 0.0029112 -0.000330605 -0.0199873 -0.012089 -0.0131165
internal_weight=280.764 194.721 69.0863 125.634 60.5617 53.0267 117.746 49.7031 86.0435 23.8176 62.2259 32.8495 68.0425 57.917 23.8804 34.0366 17.3996 16.637 39.8164 29.3764 19.669 15.8988 19.5922 37.9705 17.2871 20.2242
internal_count=818 581 198 383 175 154 360 155 237 65 172 90 205 175 72 103 52 51 117 82 55 44 57 120 54 60
is_linear=0
shrinkage=0.03


Tree=39
num_leaves=24
num_cat=0
split_feature=34 27 20 20 14 40 35 35 19 2 29 20 29 30 30 26 22 32 13 33 20 27 30
split_gain=14.0156 6.11541 2.76465 5.1668 4.0026 2.99259 3.30605 4.42066 2.49431 2.20369 2.02152 3.32334 2.90795 1.91181 1.73107 1.52778 1.43052 1.36059 1.25796 1.52584 0.877687 0.85802 0.457282
threshold=-0.39833667079514085 1.1139456412657032 -0.96251815589241441 -0.18655903810004137 0.92555755467944012 754.00000000000011 -0.65519211452713744 -1.1760496052772789 -1.8597549749480231 1.0000000180025095e-35 -0.18048571088828344 1.0000000180025095e-35 0.65421664338762675 0.16401898850210495 -0.72650866650611501 0.33634737068533976 1.1046834789527888 0.57609277659454905 0.49584351269940308 -0.61271372453945594 0.58940007969233166 0.75599996545293202 0.94323068663429754
decision_type=2 2 2 2 2 2 2 2 2 2 2 2 2 2 2 2 2 2 2 2 2 2 2
left_child=9 2 8 5 10 6 7 -4 -2 13 11 -5 20 -1 15 -10 -3 -8 19 -13 -12 -15 -11
right_child=1 16 3 4 -6 -7 17 -9 14 22 12 18 -14 21 -16 -17 -18 -19 -20 -21 -22 -23 -24
leaf_value=0.0050835111633376852 -0.00023727241669047459 -0.0020252124013195164 -0.0031306996376923254 0.027183318120303286 0.024901403128364214 -0.016791351556777221 -0.014252723618885703 0.025891762827240969 0.034554579644390009 -0.017912628198518694 -0.015039324940103743 -0.0020932004527139496 0.010790761043792606 -0.016768187602121946 0.0044746537719872297 0.012293545903411559 -0.02004846896663769 0.0021626538734609668 -0.004640554567958889 0.016469338081253459 0 -4.1230183647152732e-05 -0.0059164249450413585
leaf_weight=10.2164214104414 7.0235360264778164 9.2502317875623721 9.2624164223670977 6.8621864318847683 11.605537325143812 9.8146575242280942 10.079231500625612 7.0273513793945304 7.2341273725032904 31.80204351246357 7.8390601873397845 5.3592733591794994 9.6942872703075391 7.5329270958900434 7.2627307921647981 9.8406704664230329 7.516718551516532 5.9763420224189749 7.7036909312009803 8.2476909905672056 5.802894800901413 5.0429453253746033 7.0288210511207572
leaf_count=39 25 36 33 24 38 37 39 24 24 140 29 20 34 32 26 33 32 22 30 29 22 21 29
internal_value=0 0.00487095 0.00701532 0.00448287 0.00984944 -0.00347597 0.000952197 0.0101797 0.0147411 -0.0118999 0.00573621 0.0109454 -0.000592298 -0.00379441 0.0190588 0.0240768 -0.0114164 -0.00813798 0.00400997 0.00927918 -0.00934525 -0.0112061 -0.0161908
internal_weight=215.026 153.403 136.636 105.275 63.1146 42.16 32.3453 16.2898 31.3611 61.6232 51.5091 28.1728 23.3362 22.7923 24.3375 17.0748 16.767 16.0556 21.3107 13.607 13.642 12.5759 38.8309
internal_count=818 557 489 381 226 155 118 57 108 261 188 103 85 92 83 57 68 61 79 49 51 53 169
is_linear=0
shrinkage=0.03


Tree=40
num_leaves=29
num_cat=0
split_feature=33 19 27 10 27 40 29 22 22 22 27 12 12 30 17 19 13 19 23 23 36 35 25 30 24 11 41 34
split_gain=4.78654 3.57047 4.7035 2.99956 4.32921 4.24478 2.96713 2.92412 2.91541 5.24828 3.03459 2.65999 2.98512 2.41557 2.12628 2.41901 2.05552 2.0254 1.95033 1.79909 1.72565 1.51273 1.46133 1.427 1.39516 1.36046 1.2407 0.58555
threshold=0.63081136526899617 0.5492388009941519 0.21908145173377594 1.0378032758954576 0.21908145173377594 770.50000000000011 -0.6289824982604143 0.44551115710163486 0.25717620800130525 -0.40199611384984874 -0.31783706198538036 -0.59512168266377008 -0.44351647472998518 -0.44821877431604623 1.0000000180025095e-35 1.3020493559760815 -1.3356339609104935 -1.2575065309624796 0.48651948262570677 0.20486843040502017 0.084371520281239662 0.3865228669731457 -0.41174745706681315 -0.44821877431604623 -1.2233560400424863 -0.68343522928295253 600.50000000000011 -0.80999710320866458
decision_type=2 2 2 2 2 2 2 2 2 2 2 2 2 2 2 2 2 2 2 2 2 2 2 2 2 2 2 2
left_child=1 3 -3 4 5 8 25 21 9 10 16 -4 -13 -8 -14 20 17 -1 -7 -18 -16 -6 -5 -11 -15 26 -2 -26
right_child=6 2 11 22 7 18 13 -9 -10 23 -12 12 14 24 15 -17 19 -19 -20 -21 -22 -23 -24 -25 27 -27 -28 -29
leaf_value=0.011062182717002548 0.013621680053943817 -0.017950953925165027 -0.011737892693169504 0.024599410971263596 0.027460727259354681 0.022069356400431176 0.0031142816716059328 -0.002652046532548454 0.012421144791663325 -0.003424628177493538 0.013029843223710437 0.01727536904124468 0.011835286656106617 -0.003787157745649456 -0.00062844681004860779 0.0086208607178201915 0 -0.0066103110473578674 0.00078169779557109526 -0.015470939453505906 -0.017599680116774239 0.0093358263698139696 0.0049820726653081642 -0.021525580969184232 -0.021526418052064455 -0.0071632926139511962 -0.0018928018542605845 -0.0071416437606083797
leaf_weight=12.461710870265962 8.2857392132282275 14.016137480735777 11.025059342384337 8.2239373624324816 8.9218149185180717 8.9124818444252032 7.1468439400196067 7.1479335725307456 9.0696845948696119 7.2032161653041866 11.984891057014464 9.7926650345325452 8.4090002775192243 10.092968016862867 11.872263848781591 7.9691620767116538 13.628377258777624 8.3051843643188423 7.3198575973510733 13.556420326232908 9.952741473913191 13.562388956546782 8.1778970062732679 14.459339946508406 18.341907292604446 8.8564617335796338 7.100043684244155 6.8767372071743038
leaf_count=34 23 41 31 22 24 24 20 20 25 20 33 27 23 29 33 22 38 23 20 38 28 37 22 41 55 25 20 20
internal_value=1.38172e-05 0.00212402 -0.0032403 0.00473129 0.00312431 0.00019726 -0.00693675 0.012973 -0.00233602 -0.00424307 0.000337644 0.000512335 0.00371799 -0.0116001 -0.00012745 -0.00410096 -0.00301228 0.00375588 0.0136864 -0.00831779 -0.00925909 0.0180456 0.0163904 -0.0163773 -0.0147468 0.00119778 0.00657476 -0.0184496
internal_weight=292.673 225.972 73.037 152.935 136.533 106.901 66.7007 29.6321 90.6688 81.5991 59.9366 59.0209 47.9958 42.4585 38.2032 29.7942 47.9517 20.7669 16.2323 27.1848 21.825 22.4842 16.4018 21.6626 35.3116 24.2422 15.3858 25.2186
internal_count=818 626 205 421 377 296 192 81 252 227 166 164 133 124 106 83 133 57 44 76 61 61 44 61 104 68 43 75
is_linear=0
shrinkage=0.03


Tree=41
num_leaves=29
num_cat=0
split_feature=14 33 30 15 12 12 30 30 41 2 36 27 41 32 0 22 19 39 4 15 16 14 16 33 25 40 27 14
split_gain=19.5144 7.16608 4.3251 4.13649 2.01219 3.10252 2.06313 1.86624 3.3889 3.38681 4.26961 1.7849 1.90523 1.71567 2.13501 1.70102 1.63345 2.19711 1.43516 1.42087 1.3566 3.12973 4.14866 1.10577 0.965894 0.344993 0.342749 0.104971
threshold=-0.78255085348508902 1.151061657943961 -0.058612925249950036 -0.16659896741114555 -0.54988276654392043 -0.6953292371575831 0.49796685913018751 0.16401898850210495 364.00000000000006 1.0740369299044572 -1.0309057399555919 0.21908145173377594 300.00000000000006 1.0058077819720512 2.280390944934422 0.82218105530229424 0.85036302298692368 1.0000000180025095e-35 -0.53659564353954514 0.65517764771844422 -1.1088488403352743 0.86820541565581266 0.47457568930264438 -0.43506728313824855 1.0000000180025095e-35 491.50000000000006 -0.67578273779815101 1.4551755025827315
decision_type=2 2 2 2 2 2 2 2 2 2 2 2 2 2 2 2 2 2 2 2 2 2 2 2 2 2 2 2
left_child=7 2 13 11 5 -5 -6 8 -1 16 19 -4 15 14 20 -13 17 -9 -3 -11 -2 22 26 -24 -14 -15 -22 -23
right_child=1 18 3 4 6 -7 -8 9 -10 10 -12 12 24 25 -16 -17 -18 -19 -20 -21 21 27 23 -25 -26 -27 -28 -29
leaf_value=0.0025291838430344213 -0.00084988073222005717 0 0.013434318237299766 -0.013773411494165361 -0.023258093682078505 0.010903884294286702 -0.0030294893257310743 0.0032248845127506149 0.026968346095223913 0.010327574749353967 0.024705482342876551 -0.0010237609164195284 -0.014031176746392709 -0.010055472281439963 0.0035452817776088761 0.01673215087444482 0.010082501677151159 -0.015920398605842243 0.017361309044418127 -0.0060359425218419974 -0.022722663362357592 -0.023735327008780602 0.011535819702910254 -0.002755078204705985 0 -0.023431310920717836 -0.0083216173419503013 -0.01139550042652515
leaf_weight=8.6726992130279559 11.705108374357222 7.1311883628368404 11.673531651496885 7.2338278889656058 11.089239031076433 8.0962345600128156 9.0886555612087232 12.562559068202978 15.190848678350447 8.7591793239116651 17.010826051235199 9.415404558181768 7.0679491758346549 8.5922179520130175 9.4040063917636854 7.1335141956806174 9.7328369915485364 7.0813280940055838 11.739349722862242 7.15433046221733 6.3628441691398621 15.759172886610033 8.0213751792907697 8.0051740705966967 8.3558904528617841 12.465148925781248 7.6485438644886035 8.0480591058731061
leaf_count=24 36 20 33 22 34 24 27 35 41 24 46 28 21 26 28 20 27 20 32 20 20 51 24 24 24 39 23 25
internal_value=-2.63583e-05 -0.00532023 -0.00724969 -0.00190817 -0.00936389 -0.000573876 -0.0152635 0.0117137 0.0189979 0.00844847 0.0148451 0.00413404 0.000109317 -0.0114947 -0.0088964 0.00705208 0.000712092 -0.00403275 0.0115104 0.00274014 -0.0108102 -0.0127853 -0.00561692 0.00443039 -0.00695016 -0.019271 -0.0168132 -0.0207236
internal_weight=280.201 194.036 175.166 79.1542 35.508 15.3301 20.1779 86.1646 23.8635 62.3011 32.9243 43.6463 31.9728 96.0117 74.9543 16.5489 29.3767 19.6439 18.8705 15.9135 65.5503 53.8452 30.0379 16.0265 15.4238 21.0574 14.0114 23.8072
internal_count=818 581 529 233 107 46 61 237 65 172 90 126 93 296 231 48 82 55 52 44 203 167 91 48 45 65 43 76
is_linear=0
shrinkage=0.03


Tree=42
num_leaves=23
num_cat=0
split_feature=34 30 41 31 1 26 9 2 22 28 26 40 26 32 1 34 35 30 41 37 41 14
split_gain=13.4574 5.87586 3.4746 3.22665 3.09309 2.94081 2.8748 4.17376 2.56299 2.26997 2.20778 2.96074 3.02935 1.27582 1.1231 1.05796 3.33659 0.939238 0.521045 0.353615 0.187443 0.174482
threshold=-0.39833667079514085 1.1658626003863526 352.00000000000006 1.0419603495845868 -0.94658177829357959 1.0000000180025095e-35 -1.3804932147214577 -0.83241680275692753 -1.1553359102511671 -0.61800560645325897 0.24688804725155403 722.00000000000011 0.87310331128805407 0.82164420823883588 -0.4524392157367379 -0.0095462624045909005 -0.34267762007705255 0.94323068663429754 364.00000000000006 1.0000000180025095e-35 300.00000000000006 -0.89498540828253592
decision_type=2 2 2 2 2 2 2 2 2 2 2 2 2 2 2 2 2 2 2 2 2 2
left_child=9 2 4 14 -2 8 13 -8 -6 -1 -9 12 -12 -7 -4 -10 -17 18 20 -16 -11 -3
right_child=1 21 3 -5 5 6 7 10 15 17 11 -13 -14 -15 19 16 -18 -19 -20 -21 -22 -23
leaf_value=0.00079913490642915792 -0.0068197603941283552 -0.018146971647149356 0.00032143951039021829 0.013683391911416105 0.0003533909153746716 0.0031931216846690707 0.025619778727857201 -0.0078184975087959852 0.031714449007220778 -0.012825495471968748 0.020858010303308874 -0.0044926144846884073 0.00070219253407493275 -0.01148380157858617 -0.019248479135096253 0.025853604875036421 -0.0015643176209508211 -0.0036583969193595012 -0.019420517331388144 -0.0057679838250797701 -0.0038039323996309797 -0.0068898208856792067
leaf_weight=9.8707298189401609 8.8757551312446576 5.0682365745306006 6.5048315227031752 6.05614249408245 6.3155363798141506 10.733061984181406 11.221760511398314 7.4899579882621756 9.127773463726049 9.3962672948837298 17.103270858526233 10.149480924010275 11.660815700888632 7.6218031644821158 6.0039669424295425 7.4471979737281826 6.2268631458282391 8.9392430633306486 25.162354707717896 6.9752732217311859 7.6992177963256827 9.060706749558447
leaf_count=38 35 22 24 22 22 39 35 28 30 39 57 37 41 28 25 24 22 37 114 29 33 37
internal_value=0 0.00475598 0.00667886 -0.0030088 0.0089126 0.0103748 0.00690346 0.0101576 0.0184551 -0.0117256 0.00560802 0.00853505 0.013325 -0.00300638 -0.00909033 0.0228906 0.0140523 -0.0142082 -0.0161009 -0.0137663 -0.00971974 -0.0126659
internal_weight=214.71 153.642 139.513 25.5402 113.973 105.098 75.9802 57.6253 29.1174 61.0678 46.4035 38.9136 28.7641 18.3549 19.4841 22.8018 13.6741 51.1971 42.2578 12.9792 17.0955 14.1289
internal_count=818 557 498 100 398 363 265 198 98 261 163 135 98 67 78 76 46 223 186 54 72 59
is_linear=0
shrinkage=0.03


Tree=43
num_leaves=27
num_cat=0
split_feature=33 30 36 1 29 40 22 29 22 12 24 30 19 20 35 35 34 41 24 12 23 28 32 1 41 22
split_gain=4.5591 3.43764 2.96808 3.05729 2.87916 2.66975 3.52728 2.96592 3.55024 3.41482 2.40094 2.34483 2.29199 3.21739 2.32499 3.71111 2.14822 2.06199 1.88406 1.70994 1.6657 1.61882 1.55492 1.37425 1.30376 0.738971
threshold=0.63081136526899617 1.5554684494524489 -0.97296925890432806 -0.99805496189325038 -0.6289824982604143 519.50000000000011 0.72801358075212941 -0.85323089194647983 -0.11949369019935424 0.88804120208288861 -0.43551731859651466 -0.44821877431604623 0.5492388009941519 -0.96251815589241441 -0.4468491182270809 -1.1760496052772789 0.7909045783994828 519.50000000000011 0.57741818040544945 -0.48075824530220984 0.48651948262570677 0.51073778102452083 -1.4672459224454097 -0.20536793445831683 364.00000000000006 0.72801358075212941
decision_type=2 2 2 2 2 2 2 2 2 2 2 2 2 2 2 2 2 2 2 2 2 2 2 2 2 2
left_child=1 2 17 -4 21 6 7 -5 9 20 -8 -6 13 18 15 -15 -12 -1 -7 -10 -9 23 -13 -2 -21 -24
right_child=4 -3 3 5 11 12 10 8 19 -11 16 22 -14 14 -16 -17 -18 -19 -20 24 -22 -23 25 -25 -26 -27
leaf_value=0.020648682315657439 -0.012712702739317398 -0.014850970562604831 0.017768045525690675 0.01018542604189553 0.0030951616606328166 -0.0094452600651641645 -0.0055840986279261946 0.0065081024020209903 -0.0223651238780175 -0.018966357973739925 0.020993510469653802 -0.0029479397251616184 -0.0048687401974102937 0.018201353612106327 0.02517616987974183 -0.0049391750413561282 0.00092951854137448392 0.0019268639554357102 0.0082423476379863067 -0.013305213834064659 -0.0046062732026490583 0.010585544068197155 -0.02221872178566325 0.0036072616868731066 0.0013170952410596162 -0.0077986104969139554
leaf_weight=12.101204693317415 7.3862915337085724 8.7289527654647809 8.5338684618473035 9.1765869259834272 7.1468557715415946 10.219301939010622 7.8804345428943661 26.04788959026336 12.976275533437727 7.0459160208702079 10.541647940874102 9.7440105378627759 13.143496662378309 11.390419542789457 10.361116379499437 10.519923955202101 9.3252302408218366 10.489010274410246 8.4463349580764753 10.826368182897577 19.793102353811264 8.9884424805641157 16.838722169399265 7.8427291512489337 8.2279405593872053 8.5235829651355726
leaf_count=33 21 25 23 25 20 28 22 72 37 20 29 28 37 31 28 29 26 29 23 31 55 25 51 22 23 25
internal_value=2.48982e-05 0.00208369 0.00288946 0.00161022 -0.00677142 0.000700295 -0.00186973 -0.00467699 -0.00650144 -0.00148716 0.00719647 -0.0113824 0.00560937 0.00848944 0.0140317 0.00722991 0.012583 0.0128661 -0.00112621 -0.0141649 0.00158853 0.00123491 -0.0144997 -0.00437964 -0.00706384 -0.018302
internal_weight=292.246 225.775 217.046 194.456 66.4706 185.922 121.841 94.0941 84.9175 52.8869 27.7473 42.2532 64.0806 50.9371 32.2715 21.9103 19.8669 22.5902 18.6656 32.0306 45.841 24.2175 35.1063 15.229 19.0543 25.3623
internal_count=818 626 601 539 192 516 340 263 238 147 77 124 176 139 88 60 55 62 51 91 127 68 104 43 54 76
is_linear=0
shrinkage=0.03


Tree=44
num_leaves=30
num_cat=0
split_feature=14 35 34 28 30 34 26 32 14 14 34 24 34 24 19 30 26 32 35 15 13 30 41 15 30 21 26 31 36
split_gain=18.5144 8.03936 4.28158 2.34084 3.60253 2.8198 1.92936 1.80903 1.38434 2.62152 2.99654 2.53632 1.91995 1.47288 2.51033 2.35327 1.60472 1.33656 1.62707 1.37728 1.98389 3.08084 2.85696 1.29876 0.763011 0.753356 0.591754 0.202778 0.110934
threshold=-0.78255085348508902 0.3865228669731457 -1.2369042183041701 1.4782321131483325 0.83191472975826997 -0.27636320933928216 0.33634737068533976 0.23845955808365463 0.97033684387650754 1.3536271338797341 0.31063407391703873 0.87754721714677208 0.89763135717335951 1.0000000180025095e-35 -0.95638230896970777 -0.2812448390020052 -0.4687865402187314 -0.2833372341604552 0.90738035772328729 1.3399914936597692 1.2352093938095952 0.55362483756820124 364.00000000000006 0.65517764771844422 0.33099292381614626 -0.76565994621490951 0.87310331128805407 0.53408265840359992 0.25732895636074843
decision_type=2 2 2 2 2 2 2 2 2 2 2 2 2 2 2 2 2 2 2 2 2 2 2 2 2 2 2 2 2
left_child=6 8 -3 4 5 -4 17 -7 11 28 -11 13 -12 14 -2 -16 -17 18 19 20 21 -1 -22 -8 -9 -6 27 -15 -10
right_child=1 2 3 -5 25 7 23 24 9 10 12 -13 -14 26 15 16 -18 -19 -20 -21 22 -23 -24 -25 -26 -27 -28 -29 -30
leaf_value=0.016259888271929718 0.0091022603108064804 0.021024461701222491 0.014615919742557186 0.013993876962266534 -0.0049538068150655088 -0.010957975454701003 -0.0065089104597261822 0.0089370637463821786 -0.010915978716158859 0.0075965228038619116 -0.019552425714770626 0.0056407192720630455 -0.0020854572597945875 -0.011046713185639942 -0.019503462718489118 -0.010981966748078886 0.0063055599231981339 0.02309507293632778 0.00025892337101828011 0.00056520556177693134 0.0049748157551524176 -0.0070317787503822622 0.029345294285450838 0.0092540881048748247 -0.0030016942551048492 -0.020826785174574914 -0.0047831376437692764 -0.023265915671220279 -0.024944248623825171
leaf_weight=10.71177986264229 7.787646383047103 8.5530484616756421 10.480059772729868 7.565817415714263 7.4520461857318878 11.771732240915304 7.6845617294311506 9.0682129561901075 6.278565019369128 7.5478792488574973 13.375604659318926 11.12052285671234 11.155446916818617 12.205843031406408 9.6710345447063428 7.0841718912124643 9.341868549585346 11.845184713602064 11.662796646356581 7.5519038140773764 7.9726560711860683 7.2170250415801993 13.705361396074293 7.9170845150947571 6.8055748343467704 7.2904797792434675 7.7891929447650901 7.0268572568893424 13.994789510965346
leaf_count=29 23 23 29 21 22 35 22 26 20 23 42 33 34 37 30 21 28 32 32 21 22 20 37 22 20 22 24 22 46
internal_value=-4.09889e-05 -0.00521494 0.00289398 -2.21516e-05 -0.00246906 0.00235167 0.0113787 -0.00260463 -0.00974111 -0.0135915 -0.00740089 -0.00664074 -0.0124177 -0.00906095 -0.00433075 -0.00883358 -0.00111051 0.0134595 0.0108936 0.0133113 0.0154864 0.00675626 0.0215433 0.0012493 0.00365597 -0.0143712 -0.0142424 -0.0171608 -0.0219266
internal_weight=279.635 193.366 68.987 60.4339 52.8681 38.1256 86.2684 27.6455 124.379 52.3523 32.0789 72.0271 24.5311 60.9066 33.8847 26.0971 16.426 70.6667 58.8215 47.1587 39.6068 17.9288 21.678 15.6016 15.8738 14.7425 27.0219 19.2327 20.2734
internal_count=818 581 198 175 154 110 237 81 383 165 99 218 76 185 102 79 49 193 161 129 108 49 59 44 46 44 83 59 66
is_linear=0
shrinkage=0.03


Tree=45
num_leaves=28
num_cat=0
split_feature=34 27 41 4 12 27 31 26 15 28 26 28 20 20 1 35 16 12 16 19 39 41 0 34 23 16 28
split_gain=12.8811 5.70782 5.15461 3.41699 2.56062 2.88141 3.27953 3.14407 3.07809 2.70184 2.99707 2.23303 2.00186 5.39512 2.16666 1.47856 1.40591 1.05453 0.820504 1.06399 0.630714 0.945813 0.418351 1.29614 0.872498 0.167159 0.0787569
threshold=-0.39833667079514085 1.1139456412657032 352.00000000000006 -0.53659564353954514 2.2717046410256088 -1.2127012515173072 1.0000000180025095e-35 0.87310331128805407 0.92910318609497411 -0.77925466180722758 1.230940605023197 -0.94050371716119618 -0.18655903810004137 -0.96251815589241441 -0.78186759077463208 -1.6116758702683065 -1.1088488403352743 -0.42362837130223258 0.47457568930264438 0.5492388009941519 -0.90070865503879249 600.50000000000011 -0.39088339113500964 -1.0234506607564173 -1.2033868306984119 0.73847977757563088 0.34948872567055239
decision_type=2 2 2 2 2 2 2 2 2 2 2 2 2 2 2 2 2 2 2 2 2 2 2 2 2 2 2
left_child=11 2 4 -4 5 6 -2 12 15 -9 -11 -1 13 -7 -15 -8 -3 -16 19 -14 21 -13 24 -24 26 -5 -22
right_child=1 16 3 25 -6 7 8 9 -10 10 -12 20 18 14 17 -17 -18 -19 -20 -21 22 -23 23 -25 -26 -27 -28
leaf_value=0.0050690052842252229 -0.016123184815952485 0.00026581287906078161 0.0088384482708270904 -0.0077474681667477913 -0.0081618183085882569 0.027711682232074777 0.023772908492205397 0.018340509367399546 -0.0083458609007352365 -0.012488874456293634 0.0097255030452109321 0.0037323585537323918 0.0042290891039029879 0.012349321942532986 -0.013295449847603377 0.0020612894840947357 -0.01679484139591482 0.0017523055496135944 0.030785764780234655 0.021504453580732101 -0.011046038142749754 -0.012579938124202713 0.0027137713863404022 -0.014491444145447256 -0.021165491218889117 -0.018973492388553059 -0.0029209152114562727
leaf_weight=5.3361013680696479 5.7707892358303097 5.552892833948138 7.8771201223135021 9.5635681301355344 5.6920310258865348 9.3505658805370349 6.6942419707775151 6.4475652575492886 6.0057192146778098 10.341556906700136 8.517503544688223 4.8034739196300489 7.2058147341013017 8.4804584234952944 6.4060578197240838 5.7886124253272992 11.018875434994696 7.0234035849571201 10.761592805385588 9.5497844666242582 6.1017165184020907 4.6366176754236221 5.0890959650278083 8.2375823706388456 20.307570651173599 5.8493943810462943 5.9844085425138474
leaf_count=20 21 22 28 39 20 31 22 22 22 38 31 20 25 30 23 20 46 25 35 32 27 21 22 34 91 25 26
internal_value=0 0.00463056 0.00668432 -0.00573936 0.00931517 0.0103869 0.000929951 0.0129811 0.00736337 0.00355509 -0.00218391 -0.0115433 0.0167505 0.010371 0.00141277 0.015435 -0.0111986 -0.00563845 0.0228802 0.0153617 -0.0133479 -0.0043575 -0.0148798 -0.00790672 -0.0170946 -0.0136675 -0.0082312
internal_weight=214.394 153.898 137.326 23.2901 114.036 108.344 24.2594 84.0843 18.4886 25.3066 18.8591 60.4966 58.7777 31.2605 21.9099 12.4829 16.5718 13.4295 27.5172 16.7556 55.1605 9.44009 45.7204 13.3267 32.3937 15.413 12.0861
internal_count=818 557 489 92 397 377 85 292 64 91 69 261 201 109 78 42 68 48 92 57 241 41 200 56 144 64 53
is_linear=0
shrinkage=0.03


Tree=46
num_leaves=29
num_cat=0
split_feature=33 19 27 29 1 27 40 22 22 27 22 12 12 40 17 19 13 23 19 23 36 15 35 25 30 5 41 9
split_gain=4.32124 3.33716 4.49542 2.79512 2.7847 4.13355 3.94182 2.81157 5.00317 2.89995 2.74059 2.55551 2.89871 2.26649 2.01477 2.32756 1.9529 1.90575 1.89243 1.74558 1.6786 1.66885 1.44363 1.41915 1.36101 1.26432 1.17507 0.529403
threshold=0.63081136526899617 0.5492388009941519 0.21908145173377594 -0.6289824982604143 -0.82304613765436907 0.21908145173377594 770.50000000000011 0.25717620800130525 -0.40199611384984874 -0.31783706198538036 0.44551115710163486 -0.59512168266377008 -0.44351647472998518 331.00000000000006 1.0000000180025095e-35 1.3020493559760815 -1.3356339609104935 0.48651948262570677 -1.2575065309624796 0.20486843040502017 0.084371520281239662 1.066065955283239 0.3865228669731457 -0.41174745706681315 -0.44821877431604623 0.18318568569226171 600.50000000000011 0.68134149458757542
decision_type=2 2 2 2 2 2 2 2 2 2 2 2 2 2 2 2 2 2 2 2 2 2 2 2 2 2 2 2
left_child=1 4 -3 25 23 6 7 8 9 16 22 -4 -13 21 -14 20 18 -8 -6 -18 -16 27 -7 -1 -10 -2 -27 -5
right_child=3 2 11 13 5 10 17 -9 24 -11 -12 12 14 -15 15 -17 19 -19 -20 -21 -22 -23 -24 -25 -26 26 -28 -29
leaf_value=0.023863258590089805 -0.0068004627793244289 -0.017602898786192277 -0.011527470023944849 -0.0092872937357441464 0.010649034970641567 0.026720641045158904 0.021406939369167762 0.012179254615942393 -0.0033783062943021649 0.012686247260717624 -0.0025162047760653107 0.016994715191179403 0.011481499291589908 0.0020577932561868136 -0.0005869109708268248 0.008434716730684369 0 0.00046366674386786097 -0.0064292936334855305 -0.015236422418062742 -0.017351193202329744 -0.00031746570347405105 0.0090267169121941489 0.0046243005558198758 -0.021129514747597125 0.013299845873504345 -0.0017872013599935241 -0.021761258861967982
leaf_weight=8.2208001017570513 8.7988238930702227 13.897827506065367 10.979192495346068 10.769963741302492 12.492969095706941 8.9300594329834038 8.9212159216403979 9.0782003402709943 7.1888988316059139 11.999623388051985 7.1215429604053488 9.8044608235359174 8.4207842350006086 8.2291607558727247 11.854111522436147 7.9769462645053855 13.617605388164526 7.3346562683582297 8.2839072346687264 13.502609819173811 9.9031163156032544 6.9285029768943778 13.568936765193937 8.1823467910289747 14.341297656297682 8.30381992459297 7.0858795940875998 16.10858017206192
leaf_count=22 25 41 31 32 34 24 24 25 20 33 20 27 23 23 33 22 38 20 23 38 28 20 37 22 41 23 20 49
internal_value=3.32129e-05 0.00203649 -0.00315644 -0.0065971 0.0045576 0.00300565 0.000142219 -0.00230189 -0.00417983 0.000284253 0.0126292 0.000503123 0.00364464 -0.0111584 -0.000147636 -0.00402636 -0.00299223 0.0131327 0.00359602 -0.00817308 -0.00910235 -0.0144961 0.0175308 0.015793 -0.016069 0.00128493 0.00645628 -0.0177296
internal_weight=291.846 225.621 72.8364 66.2247 152.785 136.382 106.761 90.5051 81.4269 59.8967 29.6205 58.9386 47.9594 42.0362 38.155 29.7342 47.8971 16.2559 20.7769 27.1202 21.7572 33.807 22.499 16.4031 21.5302 24.1885 15.3897 26.8785
internal_count=818 626 205 192 421 377 296 252 227 166 81 164 133 124 106 83 133 44 57 76 61 101 61 44 61 68 43 81
is_linear=0
shrinkage=0.03


Tree=47
num_leaves=30
num_cat=0
split_feature=14 30 15 31 29 22 20 40 26 32 26 25 26 32 29 29 36 41 15 15 4 32 25 27 1 32 30 14 13
split_gain=17.6365 6.5563 5.38965 3.25077 4.59913 3.74839 2.84874 2.92723 1.83762 1.56486 1.54479 1.94958 3.88943 1.2794 1.3982 2.98358 2.35988 1.55975 1.25842 1.22568 1.20065 1.39479 1.18894 1.10122 0.928586 1.04622 0.769444 0.71436 0.312819
threshold=-0.78255085348508902 -0.22558686056399138 -0.30356173659941049 1.0000000180025095e-35 -0.6289824982604143 0.91634852985245918 0.58940007969233166 364.00000000000006 0.33634737068533976 0.45331706077240552 1.4098592518907684 0.43663899099528752 -0.28986789335116026 -0.2833372341604552 -0.6289824982604143 -0.40473410457434894 -0.82812805627616803 600.50000000000011 0.65517764771844422 0.65517764771844422 -0.53659564353954514 1.0058077819720512 0.43663899099528752 -1.570646927330078 1.0000000180025095e-35 -1.0000000180025095e-35 0.49796685913018751 -1.0965435175674791 -0.62803190627274208
decision_type=2 2 2 2 2 2 2 2 2 2 2 2 2 2 2 2 2 2 2 2 2 2 2 2 2 2 2 2 2
left_child=8 10 3 4 -3 26 7 9 13 -4 11 20 -13 14 16 -16 17 -1 -10 27 28 23 -6 -22 25 -25 -5 -17 -2
right_child=1 2 6 5 22 -7 -8 -9 18 -11 -12 12 -14 -15 15 19 -18 -19 -20 -21 21 -23 -24 24 -26 -27 -28 -29 -30
leaf_value=-0.010873061830653244 -0.021897777508522537 -0.0005387317362786706 -0.0024865766903817066 -0.0026964493467250055 0.0091606823526542321 0.01388697447327936 -0.01687351877900356 -0.015102397157045117 -0.0064471117056647898 0.012625975977958974 0.00053570131310369518 -0.014706782473285442 0.011346988292949929 0.022533081727790175 0.027155106024119878 0.01885843374422632 0.016585610899284963 0.0063177329769791629 0.0090699526021552016 0 0.0032742012613713157 -0.020523479159411176 0.029617023937826729 -0.011907489123019383 -0.017208916512840924 0.0022918045638986675 -0.016215289355502125 0.0040000701149419549 -0.0085764363154861786
leaf_weight=8.0843805670738238 21.180930882692341 12.305452376604082 11.845066905021673 11.095592260360723 7.1487081944942501 8.2379007041454297 16.121605694293976 8.3408641517162305 7.6724831461906415 9.6092154085636121 8.591088801622389 9.5640176832675952 8.0508995950221998 11.869213640689848 10.376778721809382 7.3736038804054207 7.3801741003990164 7.6524744927883139 7.9282613396644592 10.236676931381224 6.9194727540016165 7.9519120156764975 9.5767037868499738 6.4908698201179531 7.4834541976451865 9.0742646157741564 6.5988256335258475 7.7584286332130539 6.5090149343013755
leaf_count=23 70 35 35 33 20 23 49 26 22 28 26 29 24 32 28 20 20 21 22 28 21 25 26 20 23 28 20 21 20
internal_value=-4.8741e-05 -0.00511497 0.000126133 0.00644298 0.0130966 -0.00109572 -0.00727334 -0.00132735 0.0110851 0.00440359 -0.0108472 -0.0120818 -0.00252903 0.0131141 0.0106027 0.0143134 0.00409856 -0.00234316 0.00119164 0.00761462 -0.0144432 -0.00994246 0.0226764 -0.00609969 -0.00918638 -0.00380407 -0.00892385 0.0126489 -0.0195735
internal_weight=279.028 192.696 100.88 54.9632 29.0309 25.9323 45.9168 29.7951 86.3325 21.4543 91.8159 83.2248 17.6149 70.7317 58.8625 35.7455 23.117 15.7369 15.6007 25.3687 65.6099 37.92 16.7254 29.9681 23.0486 15.5651 17.6944 15.132 27.6899
internal_count=818 581 295 157 81 76 138 89 237 63 286 260 53 193 161 97 64 44 44 69 207 117 46 92 71 48 53 41 90
is_linear=0
shrinkage=0.03


Tree=48
num_leaves=24
num_cat=0
split_feature=14 30 4 28 33 14 28 22 30 23 26 27 15 41 22 2 41 28 28 28 36 36 2
split_gain=12.3505 4.832 4.46145 4.20496 3.82171 3.42001 3.08327 3.39596 3.60954 2.70404 2.29406 2.29337 2.2677 2.11311 2.10417 1.65658 1.57609 1.21901 0.65359 1.60646 0.235656 0.492605 0.134999
threshold=-0.60625795888122802 0.16401898850210495 -0.84953231557476216 0.83323589173245827 -1.1456530487430781 1.3925292970798362 -0.94050371716119618 -0.40199611384984874 -0.058612925249950036 0.20486843040502017 0.33634737068533976 1.1139456412657032 0.38125210934191428 519.50000000000011 -1.3436708593514968 -0.40922906416468802 216.00000000000003 -1.1017527725151648 0.18823967031658398 -0.13425844039135346 -0.82812805627616803 0.48992688764008774 0.99249244871392606
decision_type=2 2 2 2 2 2 2 2 2 2 2 2 2 2 2 2 2 2 2 2 2 2 2
left_child=3 2 17 18 -3 6 9 15 -9 -4 -7 13 16 -5 -12 -8 -6 -2 19 -1 -18 -22 -13
right_child=1 4 5 11 12 10 7 8 -10 -11 14 22 -14 -15 -16 -17 20 -19 -20 -21 21 -23 -24
leaf_value=-0.017177605291645415 -0.015362936723837282 0.014691650375150207 0.0095925100936371764 0.01761715510755045 0.0029107599732954375 0.012187929051749794 -0.0079901263292831964 0.025410579139297469 -0.00093466889043262752 0.033652106084697556 0.0079718338823196767 -0.0030589336247990339 0.0049433826873138626 -0.0049352461424622407 -0.012587996387917954 0.0089840842975373383 -0.0056184954140123576 0.00063803838743013491 -0.021135014904360584 0 -0.019259175264346257 -0.006396534675961834 -0.013828540028452718
leaf_weight=11.83932299911976 5.6858347803354254 7.9993072599172583 9.9405105262994784 6.8555980771780032 5.8262796103954306 9.9527919888496417 10.165321037173273 13.109170034527777 6.1056812405586269 11.50054359436035 5.5475288629531851 4.629660025238989 10.88110740482807 5.2478837519884109 10.403727680444716 7.7553529590368262 8.4657047837972623 8.7028617858886701 20.221996128559113 8.3799874633550626 11.378970533609396 8.3254805207252485 5.155411034822464
leaf_count=51 22 29 34 27 22 34 35 43 22 36 20 20 39 23 38 27 36 33 91 35 48 31 22
internal_value=0 0.00463665 0.00852191 -0.0110692 -0.00255236 0.0111563 0.0151024 0.00900886 0.017288 0.0241157 0.00167579 -0.00012337 -0.0061312 0.00793175 -0.00502327 -0.000208876 -0.00990394 -0.00616071 -0.0166342 -0.0107077 -0.0127697 -0.0149444 -0.0103486
internal_weight=214.076 151.746 98.8693 62.3299 52.8769 84.4806 58.5766 37.1355 19.2149 21.4411 25.904 21.8886 44.8775 12.1035 15.9513 17.9207 33.9964 14.3887 40.4413 20.2193 28.1702 19.7045 9.78507
internal_count=818 549 344 269 205 289 197 127 65 70 92 92 176 50 58 62 137 55 177 86 115 79 42
is_linear=0
shrinkage=0.03


Tree=49
num_leaves=29
num_cat=0
split_feature=1 34 15 30 27 19 4 0 36 19 30 27 32 25 32 1 12 4 27 30 35 19 4 24 34 27 13 27
split_gain=3.9894 2.58473 6.48543 3.40445 3.55341 5.90852 5.72253 3.1099 3.55966 2.94625 3.90344 2.46058 1.91161 1.7053 1.78439 3.1009 3.486 2.28057 1.44746 2.61429 1.81399 1.26633 1.19927 0.961887 0.927861 0.565416 1.46905 0.399251
threshold=-0.99805496189325038 -1.0234506607564173 0.92910318609497411 1.5554684494524489 0.21908145173377594 0.5492388009941519 0.16263826463094744 -0.24214873990619937 -0.82812805627616803 1.0000000180025095e-35 0.21967696694011865 -0.13886422407899501 -0.65166438162688534 -1.2601339051289135 1.0058077819720512 -0.20536793445831683 0.88804120208288861 0.16263826463094744 0.75599996545293202 0.83191472975826997 0.59486586327320257 -0.95638230896970777 -0.28009017465822017 0.27728914366412677 0.48851203854016612 0.21908145173377594 0.96896918168565482 0.75599996545293202
decision_type=2 2 2 2 2 2 2 2 2 2 2 2 2 2 2 2 2 2 2 2 2 2 2 2 2 2 2 2
left_child=-1 2 11 4 5 7 9 8 -3 -6 -11 -2 -8 -9 15 16 -15 -17 20 -20 -12 -10 -16 -21 -23 -13 -27 -14
right_child=1 3 -4 -5 6 -7 12 13 21 10 18 25 27 14 22 17 -18 -19 19 23 -22 24 -24 -25 -26 26 -28 -29
leaf_value=0.01830971484256199 0.00096816171421143559 0.010335812580937334 0.014384611229488038 -0.015679365948725627 0.02586494093181663 -0.019170665850552396 0.0046960536039434148 -0.0072662729016060197 -0.00047007636416735181 -0.0083628122276744338 0.0063639676367187809 -0.023129119864421389 -0.017788316352441862 0.012830090492388297 0.0037114567802277788 -0.015676225424011401 -0.0077487836066251281 0.0041872472004160482 -0.0045952098875429699 0.018928294893478293 0.025657238671579503 -0.017397506303656968 0.022352630747002791 0.003083304859284164 -0.0029414495779124983 -0.019625714778657408 -0.0028690344114279194 -0.0052916355389775772
leaf_weight=8.8958501517772657 8.9217181205749494 8.2642042934894544 8.8674586117267591 9.3737417161464673 8.5820870995521528 13.768532812595366 7.5057015717029598 8.6039997935295087 10.328534722328184 10.040544450283049 10.978915810585024 9.708672374486925 6.8447708785533896 28.62281543016433 7.2621923685073853 9.7578140199184507 8.3171611726284009 8.0538675189018232 11.529550671577455 9.2002086043357867 9.9559822380542737 16.703962117433552 7.4111260175704938 7.6448300778865805 7.4186708331108084 8.7457193732261675 11.717822521924971 8.3258584737777692
leaf_count=24 26 23 25 27 23 41 21 24 29 28 30 29 20 78 20 27 23 22 32 25 27 48 20 21 21 26 34 24
internal_value=3.7845e-05 -0.000610171 -0.00685437 0.000676984 0.00148379 -0.00157385 0.00603986 0.000594255 -0.00573503 0.0103765 0.00745591 -0.0121732 -0.00654123 0.00417736 0.00580387 0.00298537 0.00791903 -0.00675631 0.0109468 0.00571922 0.0169087 -0.0100274 0.0146975 0.0129045 -0.0136183 -0.0161103 -0.0111549 -0.0123831
internal_weight=291.352 282.456 47.9614 234.495 225.121 134.513 90.6084 120.744 42.7154 67.9321 59.35 39.0939 22.6763 78.029 69.425 54.7517 36.94 17.8117 49.3095 28.3746 20.9349 34.4512 14.6733 16.845 24.1226 30.1722 20.4635 15.1706
internal_count=818 794 140 654 627 376 251 335 121 186 163 115 65 214 190 150 101 49 135 78 57 98 40 46 69 89 60 44
is_linear=0
shrinkage=0.03


Tree=50
num_leaves=29
num_cat=0
split_feature=14 35 15 22 20 16 31 33 19 19 36 40 30 2 36 27 33 19 39 33 15 35 31 19 14 40 32 36
split_gain=16.7429 7.38607 3.44818 3.40121 2.92329 2.4277 2.09508 2.00129 1.98361 1.97273 2.24803 2.74916 1.76281 3.11332 4.02591 2.46273 1.66368 1.5593 2.07759 1.50342 1.28944 1.27178 1.85286 1.33164 0.834063 0.783872 0.0405916 0.0200251
threshold=-0.78255085348508902 0.3865228669731457 -0.30356173659941049 0.72801358075212941 0.58940007969233166 -1.3727529286082607 -0.14308759650438282 0.80845780667020373 0.5492388009941519 -0.65525808697693577 0.69270457131951158 352.00000000000006 0.16401898850210495 1.0740369299044572 -1.0309057399555919 -0.13886422407899501 -0.61271372453945594 0.85036302298692368 1.0000000180025095e-35 0.097872041065373838 0.65517764771844422 -0.34267762007705255 0.87266778585759119 -1.0000000180025095e-35 1.2989291338703086 754.00000000000011 -0.51354170132697408 -1.0309057399555919
decision_type=2 2 2 2 2 2 2 2 2 2 2 2 2 2 2 2 2 2 2 2 2 2 2 2 2 2 2 2
left_child=12 5 4 -4 6 -2 27 8 9 10 16 -12 15 17 20 -1 -7 18 -14 -6 -15 -11 23 -23 -13 -18 -16 -3
right_child=1 2 3 -5 19 7 -8 -9 -10 21 11 24 13 14 26 -17 25 -19 -20 -21 -22 22 -24 -25 -26 -27 -28 -29
leaf_value=0.0051595243562135512 0.0054814822779743399 0.010091823387220134 0.0038429144500518823 -0.017942301732260461 0.0065223148109213626 0 -0.0083365254124173945 0.0021123955986978079 -0.00011913242169965642 -0.023491261428470162 0.010598472889221479 -0.015691148750849839 0.0026875758444646833 0.0093377989949486578 0.02793231484634081 0.025907277797628161 -0.021895394673359138 0.0094188707251777592 -0.015931644159954069 0.02466323792993343 -0.0062434557164296649 -0.012098637691217325 -0.022603125310073371 0.0043536712863307099 -0.00024156818433126545 -0.0066020768157638897 0.013464906488401387 0.0035249825281309577
leaf_weight=10.574363291263582 7.823746144771575 7.3251210153102875 12.36999496817589 10.438816517591475 11.67207768559456 6.2912970483303061 11.489127457141874 9.1702187657356244 12.890751361846922 21.944620013237 9.0041760206222552 6.8880219757556898 12.580291956663137 8.7947619855403882 9.3108463883399946 13.349995374679564 14.226705789566045 9.769411623477934 7.0635531842708579 8.4813198745250684 7.1568921208381644 6.8513146936893472 6.5888752043247214 7.5367406308650979 6.4166013896465302 7.5214509665966025 7.7887320518493679 7.0705346465110797
leaf_count=29 23 20 36 32 33 20 34 26 38 72 27 22 35 24 25 36 45 27 20 23 20 22 21 23 20 24 21 20
internal_value=-5.39077e-05 -0.00500663 0.00276009 -0.00637253 0.00746921 -0.00937755 0.000401258 -0.0104943 -0.0116533 -0.013157 -0.00847884 -0.000932507 0.010783 0.00763988 0.0137513 0.0178184 -0.0139275 0.00024441 -0.00437903 0.0156134 0.00206751 -0.018038 -0.0108792 -0.00350556 -0.00942477 -0.0176316 0.0232825 0.00788093
internal_weight=278.39 192.002 68.847 22.8088 46.0382 123.155 25.8848 115.331 106.161 93.2698 50.3483 22.3088 86.3888 62.4645 33.0512 23.9244 28.0395 29.4133 19.6438 20.1534 15.9517 42.9216 20.9769 14.3881 13.3046 21.7482 17.0996 14.3957
internal_count=818 581 198 68 130 383 74 360 334 296 158 69 237 172 90 65 89 82 55 56 44 138 66 45 42 69 46 40
is_linear=0
shrinkage=0.03


Tree=51
num_leaves=20
num_cat=0
split_feature=34 30 36 34 13 28 33 16 1 28 12 22 13 40 27 38 30 16 2
split_gain=11.8825 5.40305 2.96457 3.61349 2.47834 2.11348 1.88069 1.8264 2.03255 2.71804 5.96251 6.94817 2.834 1.9933 1.86936 1.79921 0.975467 0.304547 0.0969182
threshold=-0.39833667079514085 1.1658626003863526 -0.42257268891732019 -0.11627304117846736 0.4017792614771874 -0.61800560645325897 -0.25742084173704111 -1.3727529286082607 -0.87451932125404008 -0.77925466180722758 -0.44351647472998518 -0.40199611384984874 -1.5360473344765813 722.00000000000011 1.0000000180025095e-35 1.0000000180025095e-35 0.94323068663429754 -0.84494475206228792 1.0000000180025095e-35
decision_type=2 2 2 2 2 2 2 2 2 2 2 2 2 2 2 2 2 2 2
left_child=5 2 6 -4 7 -1 -2 -5 14 12 11 -11 -10 -14 -9 -12 18 -3 -7
right_child=1 17 3 4 -6 16 -8 8 9 10 15 -13 13 -15 -16 -17 -18 -19 -20
leaf_value=0.00083088694863221475 -0.016253212928816443 -0.0044833788424058765 0.024507861418219461 -0.0055875461445824863 -0.008573284073313453 -0.0096578141018315768 0.0034466697519093866 -0.012596971062125628 0 -0.0089252509044749576 0.0009022943620204415 0.026074961681208569 0.02539524021486099 0.0053006685631554386 0.0078568057898512657 -0.014639470112056933 -0.0030064584562528472 -0.016602331015304214 -0.017622407091553501
leaf_weight=9.8507592678070051 6.6507911086082458 6.3795765787363052 9.4730693846940976 7.6523085236549369 8.0905077010393125 13.233348384499548 7.6634851247072202 6.4287482649087888 7.7974046170711508 5.9722660332918194 22.183794572949438 16.315810024738301 20.209049776196469 7.8074626028537741 6.4713696539402008 7.6623996049165717 8.7117817550897581 7.5432284176349622 27.65651473402977
leaf_count=38 27 26 32 27 32 57 29 25 28 21 78 54 65 27 24 29 37 33 129
internal_value=0 0.00441188 0.00623662 0.00772736 0.00601915 -0.0112115 -0.00600047 0.00726387 0.00836525 0.00998811 0.00520361 0.0164727 0.0163029 0.0205526 -0.00217003 -0.00340593 -0.0136747 -0.0124145 -0.0156193
internal_weight=213.754 154.301 140.378 126.064 116.591 59.4524 14.3143 108.501 100.848 87.9482 52.1343 22.2881 35.8139 28.0165 12.9001 29.8462 49.6016 13.9228 40.8899
internal_count=818 557 498 442 410 261 56 378 351 302 182 75 120 92 49 107 223 59 186
is_linear=0
shrinkage=0.03


Tree=52
num_leaves=29
num_cat=0
split_feature=4 41 2 27 3 19 24 29 28 12 32 27 13 34 32 23 24 31 24 32 28 15 24 15 31 26 2 20
split_gain=3.81214 2.65482 2.54849 3.51298 5.30867 4.80672 3.32469 4.37475 2.99381 2.25703 2.21292 2.62806 2.15976 2.93405 1.96108 1.75388 2.53892 2.33876 2.75619 3.78254 2.56889 2.08343 1.57352 1.49315 1.29859 1.20631 1.16379 0.584668
threshold=-0.97265494063779812 291.50000000000006 1.7249868400978359 0.21908145173377594 -0.24481959007580631 1.0000000180025095e-35 0.27728914366412677 -0.85323089194647983 0.34948872567055239 -0.44351647472998518 -1.2041551028265307 -0.67578273779815101 1.4578567485819218 0.57745102085172995 -0.2833372341604552 -0.64008472625703905 -0.43551731859651466 0.53408265840359992 0.57741818040544945 1.0058077819720512 -1.325709793840121 0.65517764771844422 -0.92322700330116392 0.92910318609497411 0.87266778585759119 0.24688804725155403 0.091285337625468976 -0.44521207736416563
decision_type=2 2 2 2 2 2 2 2 2 2 2 2 2 2 2 2 2 2 2 2 2 2 2 2 2 2 2 2
left_child=-1 12 3 4 10 -5 7 22 -9 -8 -3 -12 13 -2 26 -6 -17 20 -19 -20 -18 -22 -7 -4 -11 27 -10 -13
right_child=1 2 23 5 15 6 9 8 14 24 11 25 -14 -15 -16 16 17 18 19 -21 21 -23 -24 -25 -26 -27 -28 -29
leaf_value=0.017897385617920297 -0.020784916116346558 0.003416375062764545 -0.015682384218670166 0.022106835028639679 0.013818713453237692 0.0042033895177081212 0.0041337787859272793 -0.013144551039683414 -0.008573497496264855 -0.017731651900572819 0.00028617002794767876 -0.009495187668939413 0.0042701185306662929 0.0010591399127718925 0.01729667255178504 -0.012424720981198756 0.010830602181340163 0.018586507821783938 -0.014046252085181477 0.012018599543685608 -0.014970103970053921 0.0015312657452603575 0.023257625722891351 0 -0.0005453413520952892 -0.0052889002479610423 0.0067711159938635898 -0.023708974109941029
leaf_weight=8.9003647863864881 14.404822349548345 9.5382519662380201 11.806332498788835 12.435749113559721 10.275472849607466 7.478538632392886 12.93312928080559 9.0908342003822344 6.9448111951351184 10.213439822196962 11.64375579357147 8.9701881408691371 6.9709526300430289 7.5012756288051596 7.2870266139507285 9.0111502707004529 8.4423242211341769 13.566073060035707 7.2316777706146267 10.193035781383513 12.449844449758539 11.944065272808073 13.527209371328352 8.0747069418430311 7.2516547143459311 10.507259041070936 7.8208611011505127 14.461486637592319
leaf_count=24 42 27 35 34 28 21 36 26 20 29 33 26 20 21 20 25 23 37 20 28 35 33 37 23 20 30 22 43
internal_value=4.02851e-05 -0.000593916 0.000386938 0.00131044 -0.00170614 0.0057211 0.00283072 0.00739475 0 -0.00479048 -0.00882853 -0.0115454 -0.00898293 -0.01346 0.00605864 0.00301929 0.00116698 0.00341894 0.00916913 0.000628098 -0.00199681 -0.00703811 0.0174728 -0.00949766 -0.0115197 -0.0156142 -0.000202201 -0.0194069
internal_weight=290.876 281.976 253.099 233.218 138.235 94.9833 82.5475 52.1493 31.1435 30.3982 55.1209 45.5827 28.8771 21.9061 22.0527 83.1136 72.8382 63.827 30.9908 17.4247 32.8362 24.3939 21.0057 19.881 17.4651 33.9389 14.7657 23.4317
internal_count=818 794 711 653 388 265 231 146 88 85 159 132 83 63 62 229 201 176 85 48 91 68 58 58 49 99 42 69
is_linear=0
shrinkage=0.03


Tree=53
num_leaves=28
num_cat=0
split_feature=14 35 34 16 28 30 29 34 32 33 19 26 26 32 35 29 33 41 22 34 19 3 21 29 14 2 14
split_gain=15.8827 7.07966 3.73943 2.33889 2.18647 3.35798 2.6186 4.04301 3.3926 1.93027 1.89316 2.02433 1.72443 1.25082 1.57976 1.57455 1.89751 1.30187 1.19493 1.17579 1.36088 1.17239 0.744322 0.728061 1.21638 0.828003 0.422012
threshold=-0.78255085348508902 0.3865228669731457 -1.2369042183041701 -1.3727529286082607 1.4782321131483325 0.83191472975826997 -0.85323089194647983 -0.16963643056540559 0.23845955808365463 0.80845780667020373 0.5492388009941519 1.4098592518907684 0.33634737068533976 -0.2833372341604552 0.90738035772328729 -0.6289824982604143 0.63081136526899617 600.50000000000011 0.82218105530229424 0.25727068453010032 -0.65525808697693577 0.60209676195737349 -0.76565994621490951 1.6135014386002404 0.64147407309287952 -0.40922906416468802 1.6310139005163105
decision_type=2 2 2 2 2 2 2 2 2 2 2 2 2 2 2 2 2 2 2 2 2 2 2 2 2 2 2
left_child=12 3 -3 -2 5 6 -4 -8 -9 10 11 19 13 14 15 17 -17 -1 -14 23 21 -21 -7 24 25 -5 -23
right_child=1 2 4 9 -6 22 7 8 -10 -11 -12 -13 18 -15 -16 16 -18 -19 -20 20 -22 26 -24 -25 -26 -27 -28
leaf_value=-0.0041060236721565625 0.0053723738672550956 0.019627769348929701 -0.010986487058331364 0.0026560185177235888 0.013498272048601491 -0.0046621247065998404 0.022049125133122852 -0.013942871168096406 0.0089119630554061954 0.0020715013102088407 -0.0001618361345499154 7.8518879278573924e-05 -0.0058859805778874938 0.021687732133444129 0 0.0047639573993776196 0.021869022431290911 0.011117931010695368 0.0092689589642176891 -0.0021892052070282232 -0.023465673337074174 -0.022110512784970809 -0.020415530433590325 0 -0.018785043525280112 -0.0097749851994283505 -0.0085082029577739238
leaf_weight=7.7517444789409593 7.8331480026245108 8.5700594186782819 8.5126288831233925 6.3278888165950802 7.5807022452354422 7.3869836926460266 8.7304491996765083 8.7091437280178194 12.086646199226378 9.1717843413352949 12.89585220813751 8.8316121399402601 8.4453373551368696 11.892671674489973 11.693936318159102 10.927756249904641 19.406304478645325 9.1545123755931836 7.1792244017124167 10.143300741910929 22.388725519180305 7.3714361786842373 7.1733896732330305 7.3374995887279502 10.49056628346443 10.096078753471376 9.6283908784389478
leaf_count=22 23 23 25 20 21 22 24 26 35 26 38 27 24 32 32 30 52 25 20 31 74 25 22 23 35 31 30
internal_value=-5.65307e-05 -0.00489755 0.00270506 -0.00919325 -2.63058e-05 -0.00240662 0.00223344 0.00658512 -0.000684483 -0.0102963 -0.0114414 -0.0129206 0.0104864 0.0124489 0.00999321 0.0123691 0.0164103 0.00404581 0.000929035 -0.0143385 -0.0175359 -0.0114626 -0.0139788 -0.00900516 -0.0111846 -0.00482931 -0.0160453
internal_weight=277.718 191.266 68.75 122.516 60.1799 52.5992 38.0389 29.5262 20.7958 114.683 105.511 92.6155 86.4515 70.8269 58.9343 47.2403 30.3341 16.9063 15.6246 83.7839 49.5319 27.1431 14.5604 34.252 26.9145 16.424 16.9998
internal_count=818 581 198 383 175 154 110 85 61 360 334 296 237 193 161 129 82 47 44 269 160 86 44 109 86 51 55
is_linear=0
shrinkage=0.03


Tree=54
num_leaves=28
num_cat=0
split_feature=34 27 41 4 20 20 40 34 19 9 34 24 28 15 22 26 35 1 29 40 40 23 28 41 28 35 16
split_gain=11.3502 5.16758 4.59438 3.17715 2.31024 5.57474 3.85794 2.72831 2.5078 2.08164 2.22259 2.7745 2.06907 1.53066 1.4029 1.32673 2.4183 1.31138 0.934194 0.883141 0.848056 0.613459 2.85185 0.913369 1.53268 0.651331 0.18255
threshold=-0.39833667079514085 1.1139456412657032 352.00000000000006 -0.53659564353954514 -0.18655903810004137 -0.96251815589241441 491.50000000000006 -0.0095462624045909005 -1.8597549749480231 -0.78704563721956833 1.1110849147211128 0.57741818040544945 -0.94050371716119618 0.10732657096538432 1.1046834789527888 -0.20040856991737457 -1.2975830197856453 -0.78186759077463208 -1.0774792856325452 300.00000000000006 331.00000000000006 -1.2033868306984119 0.67198683637848955 364.00000000000006 0.34948872567055239 0.28235136882311723 0.73847977757563088
decision_type=2 2 2 2 2 2 2 2 2 2 2 2 2 2 2 2 2 2 2 2 2 2 2 2 2 2 2
left_child=12 2 4 -4 5 8 13 -6 -2 -9 11 20 -1 -7 -3 -10 -17 -8 -14 -15 -11 22 25 24 -23 -20 -5
right_child=1 14 3 26 7 6 17 9 15 10 -12 -13 18 19 -16 16 -18 -19 21 -21 -22 23 -24 -25 -26 -27 -28
leaf_value=0.0048728947652344704 -0.0006307854471147966 -0.0016379682941568359 0.0083503274496048649 -0.0074204705704520443 0.026836097072522293 0.014711348715155236 -0.00078289814498880739 0.01847865812235485 0.030700518364820503 0.0062043375273454233 -0.011356455998038147 0.021773960666973225 -0.0009477364425617891 -0.008333221830557111 -0.019620379509520558 0.02179498740973226 0 -0.017962661585396691 -0.0029865012417309108 0.0063170197578644935 -0.0082303328526029864 0.003220906665838828 0.0092164063683546193 -0.021897557445619061 -0.016194101955375958 -0.019799638096699226 -0.018723958398387478
leaf_weight=5.3632553666830054 7.0914099216461208 9.1101266741752642 7.9606901705265072 9.4169778674840909 10.501862272620199 8.5672242939472216 7.152015849947932 12.020845323801035 6.1218431740999284 5.7721708565950482 5.4771264791488639 6.5656972229480735 6.5737623572349539 5.8789871186017972 7.1979229450225821 8.7918084263801628 8.542617827653876 11.213183313608168 4.6109620481729499 5.755166307091713 5.712250217795372 4.8821318596601539 4.7427063137292853 17.484415620565414 7.1026557087898254 8.1307644546031934 5.7021985203027716
leaf_count=20 25 36 28 39 34 30 26 39 19 20 20 23 28 21 32 29 29 42 20 20 20 20 21 83 31 38 25
internal_value=0 0.00428755 0.00621935 -0.00556809 0.0086743 0.00489849 -0.00256307 0.0138818 0.014185 0.00896115 0.00304255 0.00825478 -0.0110295 0.00610296 -0.0108959 0.0186733 0.0120004 -0.0121386 -0.0128213 -0.000735465 -0.000634623 -0.014279 -0.00797499 -0.0172581 -0.00836172 -0.015092 -0.0133498
internal_weight=213.443 154.552 138.244 23.0799 115.164 69.1143 38.5666 46.05 30.5477 35.5481 23.5272 18.0501 58.8907 20.2014 16.308 23.4563 17.3344 18.3652 53.5274 11.6342 11.4844 46.9536 17.4844 29.4692 11.9848 12.7417 15.1192
internal_count=818 557 489 92 397 241 139 156 102 122 83 63 261 71 68 77 58 68 241 41 40 213 79 134 51 58 64
is_linear=0
shrinkage=0.03


Tree=55
num_leaves=31
num_cat=0
split_feature=1 34 15 30 27 4 5 36 27 27 0 23 32 32 24 24 16 16 30 27 32 1 12 21 21 28 16 28 26 25
split_gain=3.64595 2.32305 6.15594 3.24233 3.3849 5.32722 3.87892 3.40136 3.1234 2.33128 2.09524 1.98333 1.87708 3.08206 2.29015 3.72357 2.61475 2.3162 1.85755 2.39026 1.81154 1.43382 1.39855 1.29123 0.900195 1.18844 0.695635 1.33908 0.410114 0.154934
threshold=-0.99805496189325038 -1.0234506607564173 0.92910318609497411 1.5554684494524489 0.21908145173377594 0.16263826463094744 -0.70243331160640554 -0.97296925890432806 -0.67578273779815101 -0.13886422407899501 -0.01309737701383166 0.20486843040502017 -0.2833372341604552 1.0058077819720512 0.57741818040544945 -0.43551731859651466 -1.0000000180025095e-35 0.47457568930264438 0.6649407944442286 0.57702712754654673 -0.65166438162688534 -0.20536793445831683 -0.38129523092348599 -0.76565994621490951 0.33506032795696655 0.18823967031658398 0.47457568930264438 0.34948872567055239 -0.11094924648358886 -0.41174745706681315
decision_type=2 2 2 2 2 2 2 2 2 2 2 2 2 2 2 2 2 2 2 2 2 2 2 2 2 2 2 2 2 2
left_child=-1 2 9 4 6 10 12 -8 11 -2 18 -9 -3 14 15 -14 -17 -16 19 -6 -7 -15 23 -20 29 -26 27 -11 -22 -10
right_child=1 3 -4 -5 5 20 7 8 24 26 -12 -13 13 21 17 16 -18 -19 22 -21 28 -23 -24 -25 25 -27 -28 -29 -30 -31
leaf_value=0.01751322823841819 0.001012315512298235 0.014342900149112929 0.014129195469616973 -0.01536607185899852 0.013825725754060943 0.0046188162634972912 0.0090979305177236736 0.0097631258973958079 -0.01038489715048674 -0.016350066417279752 -0.001814713159817306 -0.0094297975200485738 -0.014086912941564882 0.0019353496102621087 -0.021520781720433521 0.016725139800771491 -0.0037368187074564444 0 0.0093406210832064629 -0.0028491465104615301 -0.017265638020698481 0.019767545628021736 0.0054389416678581604 0.028066717320972899 0.000960796109219364 -0.014631135261241679 -0.021110307605816357 0 -0.004808679583047145 -0.021797508997988692
leaf_weight=8.9005098938941938 8.9066106677055341 9.9072239100933057 8.8795357346534711 9.3049862980842573 14.285071551799776 7.5039578974247005 8.5693815648555738 9.0401632189750689 9.2977468967437726 8.6113971471786552 10.107985228300093 7.3836935162544242 7.5234366059303239 9.3674801886081713 8.1853910386562365 12.435450673103331 7.9714035391807654 8.669709235429762 8.8106434047222155 13.409478038549421 7.0151004493236551 7.768391788005828 9.1378337144851702 12.167306900024412 7.4996475875377637 6.9026984572410583 13.687268912792204 7.5083782374858847 8.0331812202930415 13.618628174066545
leaf_count=24 26 27 25 27 39 21 24 25 27 26 28 21 21 26 23 34 22 24 24 37 21 21 25 33 21 20 41 22 23 40
internal_value=5.03045e-05 -0.000570519 -0.00651565 0.000647416 0.00143488 0.00588433 -0.00155369 -0.00697725 -0.00982653 -0.0117505 0.0100616 0.000732739 0.00311596 0.000928335 -0.00314072 0.00199003 0.00874975 -0.0114375 0.0122327 0.00581481 -0.00628935 0.0112818 0.0173889 0.0216169 -0.0144769 -0.00680995 -0.0156215 -0.00922007 -0.012017 -0.0183353
internal_weight=290.41 281.509 47.5932 233.916 224.611 90.4706 134.14 62.312 53.7426 38.7137 67.9183 16.4239 71.8285 61.9213 44.7854 27.9303 20.4069 16.8551 57.8103 27.6945 22.5522 17.1359 30.1158 20.978 37.3187 14.4023 29.807 16.1198 15.0483 22.9164
internal_count=818 794 140 654 627 251 376 178 154 115 186 46 198 171 124 77 56 47 158 76 65 47 82 57 108 41 89 48 44 67
is_linear=0
shrinkage=0.03


Tree=56
num_leaves=28
num_cat=0
split_feature=14 30 15 31 30 20 40 20 25 24 30 11 14 5 41 20 15 26 25 26 12 14 13 29 29 16 33
split_gain=15.0734 5.79501 4.8032 2.82382 3.03598 2.66889 2.72496 2.21566 2.06681 1.73526 1.64559 2.17762 2.81776 3.40763 1.84961 1.81014 2.71918 1.48085 1.85489 3.78573 2.11677 1.20551 1.22498 2.80521 0.824763 0.609432 0.467504
threshold=-0.78255085348508902 -0.22558686056399138 -0.30356173659941049 1.0419603495845868 0.16401898850210495 0.58940007969233166 364.00000000000006 0.58940007969233166 0.15384350830792071 0.27728914366412677 0.10836101006409095 -1.1393668346195598 -1.0610821558317229 0.71033985075099249 364.00000000000006 0.84805311895645585 0.65517764771844422 1.4098592518907684 0.43663899099528752 -0.28986789335116026 -0.68029388977820071 1.6310139005163105 -0.35601930640663598 0.26801107648384742 -0.6289824982604143 -0.58104066378930141 -0.61271372453945594
decision_type=2 2 2 2 2 2 2 2 2 2 2 2 2 2 2 2 2 2 2 2 2 2 2 2 2 2 2
left_child=10 17 3 4 -3 6 9 8 -6 -4 14 15 -13 24 -1 16 -12 18 20 -20 -2 22 -22 -24 -14 -9 -7
right_child=1 2 5 -5 7 26 -8 25 -10 -11 11 12 13 -15 -16 -17 -18 -19 19 -21 21 -23 23 -25 -26 -27 -28
leaf_value=0.0039015241146613403 -0.0011627616476702028 -0.0054629155919347309 -0.0033405293633287972 -0.0099554712931070755 -0.0046603590258004462 -0.0071265360893492426 -0.01458350390833155 0.0084353004776672735 0.013316303611410748 0.012543192253654993 0.015410885144669074 -0.01315029394092904 -0.0070210234911170441 0.021345837735228218 0.024822907490879571 0.021409420452610659 -0.0043609844133882933 0.00088560906002743689 -0.014293316140159787 0.011510524635393793 -0.023330656697261663 -0.0053500209506812538 0.0037509745732973304 -0.01885688100324092 0.0048224324291882914 0.024208510925069947 -0.02146235855529207
leaf_weight=7.2682864665985134 11.193237066268919 9.3691684603691083 11.129922538995748 6.9331590235233298 9.7179468274116534 7.4217040836811057 8.188208192586897 7.1710920929908779 10.017077088356016 10.282391637563704 11.828953564167024 7.1278941035270682 8.7772728800773638 7.697647124528884 11.900759875774382 12.60020276904106 10.156157046556471 8.5233630239963514 9.4355548024177569 8.0157354772090894 24.360401660203927 10.615423679351805 6.6781039535999396 11.433685123920439 9.126559257507326 11.641663879156111 8.4102750420570356
leaf_count=20 36 27 33 21 29 23 26 20 28 30 32 20 25 21 32 34 28 26 29 24 83 33 20 35 25 32 26
internal_value=-6.35092e-05 -0.00479572 0.000128378 0.00608757 0.008762 -0.00690286 -0.00114756 0.0124444 0.00447776 0.00434693 0.0101982 0.00753352 0.00163488 0.00647272 0.0180393 0.0126494 0.0063265 -0.0102449 -0.0114728 -0.00215153 -0.0138054 -0.0162559 -0.0185698 -0.0105657 -0.000768462 0.0195583 -0.0162866
internal_weight=277.022 190.538 100.283 54.8501 47.9169 45.4325 29.6005 38.5478 19.735 21.4123 86.4837 67.3147 32.7294 25.6015 19.169 34.5853 21.9851 90.2555 81.7321 17.4513 64.2809 53.0876 42.4722 18.1118 17.9038 18.8128 15.832
internal_count=818 581 295 157 136 138 89 109 57 63 237 185 91 71 52 94 60 286 260 53 207 171 138 55 50 52 49
is_linear=0
shrinkage=0.03


Tree=57
num_leaves=30
num_cat=0
split_feature=14 28 20 36 20 22 40 26 5 16 27 41 0 36 16 2 15 29 26 32 23 24 28 28 28 16 20 2 31
split_gain=10.9531 4.12597 3.73609 2.355 3.28843 4.07186 3.909 2.65569 2.91155 2.18202 2.18162 1.95434 1.86055 3.09697 1.66498 1.50648 1.50549 1.57219 1.48481 1.66014 1.27857 1.13639 0.710378 0.658063 1.57182 0.498067 0.276698 0.150502 0.0237311
threshold=-0.60625795888122802 0.83323589173245827 -0.96251815589241441 -0.21979500523789627 -0.18655903810004137 0.72801358075212941 491.50000000000006 0.24688804725155403 -0.51546930106557587 -1.1088488403352743 1.1139456412657032 519.50000000000011 -0.42657970742992407 1.0982599386783598 0.47457568930264438 -0.80429801613950291 1.0000000180025095e-35 -0.85323089194647983 0.87310331128805407 0.23845955808365463 0.7681705348463933 1.1776762538880947 -1.1017527725151648 0.18823967031658398 -0.13425844039135346 -1.0000000180025095e-35 -1.4798242344206627 0.99249244871392606 -1.3281355425933523
decision_type=2 2 2 2 2 2 2 2 2 2 2 2 2 2 2 2 2 2 2 2 2 2 2 2 2 2 2 2 2
left_child=1 23 9 16 6 7 18 8 -6 -2 11 -3 -7 -14 26 -16 17 -4 19 -5 -9 -22 -8 24 28 -19 -11 -12 -1
right_child=2 10 3 4 5 12 22 20 -10 14 27 -13 13 -15 15 -17 -18 25 -20 -21 21 -23 -24 -25 -26 -27 -28 -29 -30
leaf_value=-0.007108719950659253 -0.0020509928533043939 0.017291425402435102 0.0030028117883079083 0 0.037660731247103792 0.010207171753249667 -0.0030745269134570949 -0.0024064971065547594 0.0076241072005926239 0.011669702574328299 -0.0026149411910055863 -0.0044881985207024131 -0.020644259438518907 0.0058530759060692857 0.014234241911942301 -0.003507230242597695 0.0055006090839822986 -0.0033869138347501562 -0.0038635991847471162 0.020634132355254201 0.016999832570768772 0.00012757026554497178 -0.01739321153774372 -0.020785039565952464 0 -0.018400226654505223 0.029246904404438365 -0.0134261115516434 -0.01995688326999847
leaf_weight=4.4789537042379379 6.269757166504859 6.8920654058456439 4.9227621108293578 5.6611488312482852 6.1757221519947052 5.1300389468669918 6.7967811226844814 7.548425659537318 7.2295568287372571 6.1106101721525192 4.5353648662567121 5.1334078311920166 7.1112206876277906 5.904449850320816 9.2720864415168744 5.6121989488601676 5.9678774774074546 4.690309196710591 7.070719137787818 6.6144325435161591 10.008558809757234 6.31963887810707 10.537053942680357 19.44521988928318 8.2650845646858198 9.932451173663134 7.4219651222229022 5.0114184319972992 7.0060060024261492
leaf_count=21 22 27 20 20 19 19 25 26 26 20 20 23 28 21 31 20 21 20 26 22 34 22 40 91 35 43 24 22 30
internal_value=0 -0.0106004 0.0043128 0.00163813 0.00391098 0.00846224 -0.00287158 0.0139883 0.0242618 0.0127728 0 0.00808391 -0.00278735 -0.00884792 0.0161829 0.00746986 -0.00610666 -0.0100753 0.00600751 0.0119304 0.00689083 0.0113663 -0.0127893 -0.0162229 -0.0102988 -0.0147199 0.0236655 -0.0098857 -0.0168084
internal_weight=213.075 60.7675 152.308 117.621 92.1077 55.4276 36.6801 37.2819 13.4053 34.6866 21.5723 12.0255 18.1457 13.0157 28.4169 14.8843 25.5134 19.5455 19.3463 12.2756 23.8766 16.3282 17.3338 39.1953 19.75 14.6228 13.5326 9.54678 11.485
internal_count=818 269 549 432 328 195 133 127 45 117 92 50 68 49 95 51 104 83 68 42 82 56 65 177 86 63 44 42 51
is_linear=0
shrinkage=0.03


Tree=58
num_leaves=26
num_cat=0
split_feature=33 30 36 29 1 27 22 14 34 27 0 0 27 28 0 30 26 41 27 21 32 28 1 22 22
split_gain=3.60665 3.00438 2.83952 2.54865 2.54854 3.24127 5.0771 3.16946 2.55645 2.17826 6.82592 2.13568 2.08845 3.33846 2.06029 2.01697 1.99687 1.88232 1.65181 1.53735 1.52278 1.48629 1.2908 0.822151 0.776036
threshold=0.63081136526899617 1.5554684494524489 -0.97296925890432806 -0.6289824982604143 -0.99805496189325038 0.21908145173377594 -0.40199611384984874 0.93666980058742999 -0.11627304117846747 -0.49680989989176577 -0.24214873990619937 -0.01309737701383166 -2.1274513119277216 -1.5854999385770703 -0.62588414007652959 -0.44821877431604623 1.0520219581556256 519.50000000000011 -1.2127012515173072 -0.76565994621490951 -1.4672459224454097 0.51073778102452083 -0.20536793445831683 0.44551115710163486 0.72801358075212941
decision_type=2 2 2 2 2 2 2 2 2 2 2 2 2 2 2 2 2 2 2 2 2 2 2 2 2
left_child=1 2 17 21 -4 6 9 16 -7 12 -11 14 -6 -14 -10 -5 -8 -1 -15 -16 -17 22 -2 -21 -22
right_child=3 -3 4 15 5 8 7 -9 11 10 -12 -13 13 18 19 20 -18 -19 -20 23 24 -23 -24 -25 -26
leaf_value=0.019820485017359495 -0.012120288977073557 -0.014067479526959534 0.016135919498319412 0.0028885466628549286 0.012358125509302015 -0.0050886664589585538 -0.018953234212350782 0.0028401720894108131 0 -0.007493190471778456 0.028666271661182317 -0.0031906073992893974 -0.018456226882778596 0.007624243764018478 0.0050466544728091731 -0.0020935314480015517 -0.00038169760657526583 0.0018702523729581435 -0.004049523088084794 0.011615392386648337 -0.021221660132467655 0.010406712751901198 0.0037596271981865065 0.027862087196780998 -0.0067969170476682352
leaf_weight=12.115412145853044 7.2764510214328766 8.5725551247596723 8.5284816622734052 7.1420160233974448 8.0644055902957827 13.873877614736555 24.758143424987793 10.815846264362333 11.395199060440062 7.7843160629272452 8.1869029104709607 9.7280214130878431 8.5192299783229739 17.075437307357777 12.097079485654822 9.5752012729644758 7.4119690358638755 10.43962314724922 24.582457751035715 12.175982475280771 16.247159034013752 8.970317065715788 7.7846253514289874 8.5059461295604688 8.3092975318431836
leaf_count=33 21 25 23 20 22 39 73 30 32 22 22 27 24 47 33 28 21 29 68 33 51 25 22 23 25
internal_value=5.56203e-05 0.0018849 0.00263805 -0.00604783 0.00138324 0.000546549 -0.00243219 -0.0104774 0.00572514 0.00226384 0.0115686 0.00867922 -0.000413731 -0.00288164 0.0114435 -0.0104625 -0.0150602 0.0123963 0.000695172 0.0151188 -0.0134286 0.00146859 -0.00395303 0.02 -0.0172432
internal_weight=289.936 224.631 216.058 65.3051 193.503 184.975 117.199 42.986 67.7761 74.2127 15.9712 53.9022 58.2415 50.1771 44.1742 41.2737 32.1701 22.555 41.6579 32.779 34.1317 24.0314 15.0611 20.6819 24.5565
internal_count=818 626 601 192 539 516 329 124 187 205 44 148 161 139 121 124 94 62 115 89 104 68 43 56 76
is_linear=0
shrinkage=0.03


Tree=59
num_leaves=27
num_cat=0
split_feature=13 33 19 16 41 16 21 26 15 16 26 20 31 24 35 19 16 26 36 41 37 33 25 11 16 31
split_gain=14.2869 6.46191 4.76124 3.15157 2.71444 2.63433 2.2833 2.15521 2.23683 2.79132 1.88942 1.68676 1.65954 1.82349 1.59758 1.38022 1.60068 1.20169 1.12946 1.89659 2.50781 1.48468 0.845659 0.787605 0.408442 0.385901
threshold=0.95607323301601244 1.151061657943961 0.85036302298692368 -1.3727529286082607 491.50000000000006 1.0023838658486175 1.0000000180025095e-35 1.4098592518907684 0.38125210934191428 0.47457568930264438 0.33634737068533976 0.3307470404282073 1.0419603495845868 0.27728914366412677 0.1781798706730888 -0.65525808697693577 0.47457568930264438 -0.4687865402187314 -0.42257268891732019 600.50000000000011 1.0000000180025095e-35 0.63081136526899617 1.0022299563700214 -1.1393668346195598 1.0023838658486175 -0.31238016023137843
decision_type=2 2 2 2 2 2 2 2 2 2 2 2 2 2 2 2 2 2 2 2 2 2 2 2 2 2
left_child=1 2 3 -1 7 12 -6 8 9 11 17 25 13 -4 -3 16 -10 -11 19 21 -21 -2 -23 -20 -12 -5
right_child=18 14 5 4 6 -7 -8 -9 15 10 24 -13 -14 -15 -16 -17 -18 -19 23 20 -22 22 -24 -25 -26 -27
leaf_value=0.0060518785279130563 -0.003932030687709683 -0.00010587582094092472 -0.0047419603410434261 -0.0067940345873418549 -0.0072076057977747661 0.017395624963478351 0.012464690661939806 0.0016224516707896591 -0.0015678493051544105 -0.0054242522694048501 -0.0031009024932846011 -0.00054561986298956317 -0.011078962878908145 0.011587602510205536 0.016142735505059597 -0.024453864907980627 -0.019776344933201118 0.0088554484577650638 0.025134417259347289 0.020317408884336613 0.000217245886832881 0.014936747350814393 0.00030720405267871945 0.0087055374246219046 -0.015337983458598103 -0.020111043282909052
leaf_weight=10.883336961269377 13.821580260992052 7.1762854456901577 10.458059877157217 6.0372048616409293 11.803673148155214 7.6521520912647238 7.2969981133937827 9.2100261747837049 10.281818300485613 6.7520667016506186 7.082980811595915 7.0759242773056021 8.5493341386318189 10.810309946537016 14.308208316564558 20.003817498683929 7.7059669494628897 12.470698058605196 8.214913338422777 17.457529246807102 8.83413317799568 7.816938102245329 7.2651100158691406 9.1157247424125654 6.5971668660640717 21.629035204648975
leaf_count=32 39 20 31 19 35 22 21 28 33 21 22 21 25 31 39 66 25 38 22 47 24 21 20 25 21 70
internal_value=-7.01497e-05 -0.00416547 -0.00603577 -0.00849576 -0.009776 0.00327981 0.000376892 -0.0114992 -0.012706 -0.00892168 -0.002263 -0.0147076 -0.000810847 0.00351111 0.0108016 -0.0186972 -0.010598 0.00352055 0.0112072 0.0084844 0.0141558 0.0026843 0.00891672 0.0181935 -0.0103299 -0.0179096
internal_weight=276.311 203.785 182.301 144.831 133.947 37.4699 19.1007 114.847 105.637 67.6451 32.9029 34.7422 29.8177 21.2684 21.4845 37.9916 17.9878 19.2228 72.5259 55.1953 26.2917 28.9036 15.082 17.3306 13.6801 27.6662
internal_count=818 620 561 452 420 109 56 364 336 212 102 110 87 62 59 124 58 59 198 151 71 80 41 47 43 89
is_linear=0
shrinkage=0.03


Tree=60
num_leaves=26
num_cat=0
split_feature=34 30 36 34 35 9 17 19 32 19 30 32 2 23 33 16 30 23 30 16 23 28 27 4 16
split_gain=10.4885 4.89337 2.66772 3.32269 2.98378 3.5325 3.46416 3.34775 2.9547 2.74547 2.40802 2.25136 1.99328 1.91539 1.80344 1.72722 1.58779 1.58528 1.4176 1.40831 1.40196 1.80256 0.890846 0.477425 0.303522
threshold=-0.39833667079514085 1.1658626003863526 -0.42257268891732019 -0.11627304117846736 -0.65519211452713744 -1.0827196041644336 1.0000000180025095e-35 -0.65525808697693577 1.0058077819720512 -1.0000000180025095e-35 -1.2954568905391441 0.45331706077240552 1.0000000180025095e-35 0.20486843040502017 -0.25742084173704111 0.47457568930264438 0.16401898850210495 0.48651948262570677 0.55362483756820124 1.0000000180025095e-35 -1.2033868306984119 0.51073778102452083 0.75599996545293202 -0.63919783109207529 -0.84494475206228792
decision_type=2 2 2 2 2 2 2 2 2 2 2 2 2 2 2 2 2 2 2 2 2 2 2 2 2
left_child=12 2 14 -4 6 -6 19 8 10 15 -8 17 16 -13 -2 -7 -1 23 -15 -5 21 -14 -18 -11 -3
right_child=1 24 3 4 5 9 7 -9 -10 11 -12 13 20 18 -16 -17 22 -19 -20 -21 -22 -23 -24 -25 -26
leaf_value=0.0049311207990759337 -0.01599666449766865 -0.0042251862233915966 0.023149198852279049 0.0090119943186475534 0.017267224227180834 -0.018878941409954511 0.0022666630736433687 0.017500178285511418 0.012345417942024966 -0.0020209199011914209 -0.018799989396835685 0.021816560059565497 -0.013904770651791175 -0.0041023683637601933 0.0033651045375981043 -0.000429035456244538 -0.015896856015161057 0.0061322118148355838 0.012396580474875588 0.032353628504523023 -0.019726358235922163 0.0059116315944583052 0 -0.016217370823868454 -0.016274001043314466
leaf_weight=10.244588553905489 6.5292073339223862 6.3035388588905334 9.6643168926238996 6.6897744387388212 9.0399257838725955 9.2541573941707558 8.73928055167198 12.164004251360895 8.2827800959348661 5.1724381446838388 7.8287159502506283 5.9218727648258236 8.4736618995666486 9.763175770640375 7.6568734496831876 9.2613640129566175 7.0313526242971403 5.9450332373380652 6.3032094985246649 6.9117288887500763 21.9259312748909 5.4147748202085486 4.8122075200080872 6.0505590140819701 7.3436229825019819
leaf_count=39 27 26 32 22 29 36 30 39 28 19 28 21 40 35 29 33 32 22 23 22 105 24 21 23 33
internal_value=0 0.00409481 0.00581039 0.00721166 0.00557275 0.00123906 0.0109693 0.00554915 -0.000736155 -0.00154596 -0.00809004 0.00285729 -0.0107137 0.00904482 -0.00584127 -0.0106739 -0.00298921 -0.00483608 0.00253481 0.023306 -0.0150053 -0.00596577 -0.0100741 -0.0111558 -0.0120744
internal_weight=212.728 154.826 141.178 126.992 117.328 66.7117 50.6163 37.0148 24.8508 57.6718 16.568 39.1563 57.9025 21.9883 14.1861 18.5155 22.0881 17.168 16.0664 13.6015 35.8144 13.8884 11.8436 11.223 13.6472
internal_count=818 557 498 442 410 241 169 125 86 212 58 143 261 79 56 69 92 64 58 44 169 64 53 42 59
is_linear=0
shrinkage=0.03


Tree=61
num_leaves=28
num_cat=0
split_feature=33 30 36 29 1 40 37 22 29 22 24 26 20 20 35 34 4 24 28 5 35 1 15 36 30 32 14
split_gain=3.39346 2.88966 2.71748 2.47319 2.46037 2.18946 3.31055 3.22282 2.59292 3.12771 2.27431 2.10232 2.21524 2.61859 1.95031 1.94797 1.79975 1.59883 1.43383 1.36275 1.28011 1.24828 1.17422 0.954369 1.59402 0.841217 0.639947
threshold=0.63081136526899617 1.5554684494524489 -0.97296925890432806 -0.6289824982604143 -0.99805496189325038 519.50000000000011 -0.76945909497551546 0.72801358075212941 -0.85323089194647983 -0.11949369019935424 -0.43551731859651466 0.87310331128805407 -0.96251815589241441 1.0000000180025095e-35 -0.34267762007705255 0.7909045783994828 0.46377568509762318 -1.2233560400424863 0.51073778102452083 0.56976540673533094 0.28235136882311723 -0.20536793445831683 0.65517764771844422 0.38853804580037571 0.21967696694011865 -1.0000000180025095e-35 1.0762133451831486
decision_type=2 2 2 2 2 2 2 2 2 2 2 2 2 2 2 2 2 2 2 2 2 2 2 2 2 2 2
left_child=1 2 19 18 -4 7 -7 8 -6 16 -9 12 -8 25 -5 -12 20 -16 21 -1 -10 -2 -19 24 -11 -14 -13
right_child=3 -3 4 14 5 6 11 10 9 23 15 26 13 -15 17 -17 -18 22 -20 -21 -22 -23 -24 -25 -26 -27 -28
leaf_value=0.020096833768761861 -0.011875556926156192 -0.013841753851895044 0.015842728063278213 0.0028772107813411891 0.009376314260366338 0.019742332456189258 -0.012887251595443993 -0.0056083099065675837 -0.001185395510040171 -0.016429776332521497 0.020114760680227786 0.015541210625591381 0.016647603493721456 -0.0078814977302070401 -0.0016389363828611166 0.00093065017464905606 0.0095045803368135062 -0.021415747153326177 0.010292240680563612 0.0042983372394506305 -0.01352856306461662 0.0037543081216311674 -0.0048824988326184836 -0.019967664688481962 0 0.0021232573591207162 0.0023060661345134879
leaf_weight=9.6264294385910052 7.2387633919715881 8.5295709967613202 8.5234631299972516 7.1314060091972342 9.1546260416507703 9.8818130791187269 10.56404587626457 7.8159850835800198 34.724144250154488 8.1545703113079195 10.532156169414522 8.4825901389122027 7.288765788078309 11.236028760671614 9.4971453845500928 9.2818610668182355 9.0621423721313459 16.799926996231083 8.9792669713497144 12.954162806272505 8.8394480347633344 7.7804789841175097 7.6097139716148368 12.813983440399168 10.495984941720961 8.7972958385944402 7.646477758884429
leaf_count=26 21 25 23 20 25 27 29 22 97 24 29 23 20 32 28 26 25 53 25 36 25 22 23 37 30 24 21
internal_value=6.23349e-05 0.00183612 0.00257442 -0.00587127 0.0013444 0.000521193 0.00497365 -0.00181555 -0.00451728 -0.00623775 0.00685929 0.00170329 -0.00207372 0.00235225 -0.0102396 0.0121074 -0.00152292 -0.0131729 0.00152633 0.0121149 -0.00419003 -0.00380985 -0.0170741 -0.0135134 -0.00762483 0.00990419 0.0103371
internal_weight=289.442 224.406 215.876 65.0367 193.295 184.772 63.897 120.875 93.2449 84.0903 27.63 54.0152 37.8861 27.3221 41.0382 19.814 52.6257 33.9068 23.9985 22.5806 43.5636 15.0192 24.4096 31.4645 18.6506 16.0861 16.1291
internal_count=818 626 601 192 539 516 176 340 263 238 77 149 105 76 124 55 147 104 68 62 122 43 76 91 54 44 44
is_linear=0
shrinkage=0.03


Tree=62
num_leaves=29
num_cat=0
split_feature=9 35 34 28 27 16 9 0 26 26 15 1 26 15 11 19 24 19 32 2 0 41 15 28 22 28 0 34
split_gain=13.5384 6.12438 4.19668 2.16494 2.99004 2.10557 1.77775 2.44637 1.43957 2.69791 2.24954 2.16569 1.29389 1.34867 2.11636 1.27465 1.26589 1.44497 1.25252 1.61364 2.27523 1.55189 0.995915 0.939261 0.716745 0.358618 1.16117 0.0451695
threshold=0.75024925982625024 0.3865228669731457 -1.2369042183041701 1.4782321131483325 0.21908145173377594 -1.3727529286082607 -0.97148688168084674 2.280390944934422 0.15742872381776815 -0.11094924648358886 -0.30356173659941049 -0.78186759077463208 0.33634737068533976 1.066065955283239 -1.1686667985695298 1.0000000180025095e-35 0.57741818040544945 0.5492388009941519 -0.2833372341604552 1.1879180157050271 -0.75260606292347598 364.00000000000006 0.65517764771844422 0.67198683637848955 -0.40199611384984874 -0.94050371716119618 0.9804500931946204 -0.11627304117846736
decision_type=2 2 2 2 2 2 2 2 2 2 2 2 2 2 2 2 2 2 2 2 2 2 2 2 2 2 2 2
left_child=1 5 -3 4 -4 -1 7 25 9 11 15 -8 13 18 -15 -10 17 -6 19 20 -2 -21 -14 -18 -13 -7 -27 -19
right_child=12 2 3 -5 16 6 8 -9 10 -11 -12 24 22 14 -16 -17 23 27 -20 21 -22 -23 -24 -25 -26 26 -28 -29
leaf_value=0.0052587225979902983 -0.0067771194345810993 0.019745671698749034 0.0090040598751220183 0.012962832916005119 -0.00066243838256300396 -0.021149199261926207 0.0054303871541355481 -0.00030599653854943996 -0.0090150294353584584 0.011728637845674926 -0.01995408410119838 -0.0035352798906421448 -0.005669723303472954 -0.00545781089236706 0.013562321705184543 0.0058245385347646984 0.0060870049384533775 -0.0087005705085238579 0.025092709457294218 0.0040926157006149428 0.013433463650490342 0.020828627527976304 0.0082304320513426569 -0.0073690866626345448 -0.017356239830607748 -0.018365777803319609 -0.0027863724946319873 -0.02021076547759568
leaf_weight=7.83296775817871 8.7316102087497729 9.3045350909233075 12.589848309755324 7.5885820388793936 9.0834083557128924 19.930370882153507 7.9565534591674796 10.451233446598051 11.260209858417516 8.603212505578993 11.987227275967596 8.1436496078968066 7.3243296146392805 9.4115041792392748 8.4322512149810773 7.0141300261020652 8.4683418273925763 7.023874908685678 8.1787724792957288 9.4571133255958575 8.1201107800006849 16.718860656023026 7.9647184312343597 7.2654047012329093 9.4498393237590808 9.8454822897911125 9.6598269343376142 7.8379957377910658
leaf_count=23 24 25 35 21 27 68 24 32 35 26 40 25 21 26 23 21 25 20 22 26 22 45 22 22 29 33 31 25
internal_value=-7.87987e-05 -0.00451217 0.00252194 -0.000474882 -0.00284461 -0.00852622 -0.00957858 -0.0139015 -0.00589942 -0.00135447 -0.0105337 -0.00638773 0.00981011 0.0115411 0.00357487 -0.00300606 -0.00694084 -0.0110787 0.0140225 0.0110091 0.00293654 0.0155484 0.00130247 0 -0.0120534 -0.0172148 -0.0116858 -0.016434
internal_weight=275.636 191.297 69.162 59.8575 52.2689 122.135 114.302 49.8869 64.4148 34.1533 30.2616 25.55 84.3393 69.0502 17.8438 18.2743 39.679 23.9453 51.2065 43.0277 16.8517 26.176 15.289 15.7337 17.5935 39.4357 19.5053 14.8619
internal_count=818 587 200 175 154 387 364 164 200 104 96 78 231 188 49 56 119 72 139 117 46 71 43 47 54 132 64 45
is_linear=0
shrinkage=0.03


Tree=63
num_leaves=28
num_cat=0
split_feature=14 28 19 36 19 15 26 28 21 26 19 15 36 32 36 35 34 36 23 26 34 28 28 26 40 23 31
split_gain=10.1183 4.06451 3.51311 2.79428 2.12774 1.87491 1.86505 3.40227 3.58895 3.35903 3.15384 2.23489 5.19266 3.78607 2.11324 1.90205 1.85432 1.58112 1.52524 1.43191 1.80051 0.666476 1.54726 0.148023 0.120954 0.12038 0.0439644
threshold=-0.60625795888122802 0.83323589173245827 1.3020493559760815 -0.21979500523789627 0.85036302298692368 1.0000000180025095e-35 0.87310331128805407 -0.77925466180722758 0.33506032795696655 1.230940605023197 -1.2575065309624796 0.38125210934191428 0.48992688764008774 0.57609277659454905 0.69270457131951158 -0.65519211452713744 0.15054390575622381 0.38853804580037571 -0.35843367403635273 -0.62534035622785644 -0.48981676688703496 0.18823967031658398 -0.13425844039135346 0.15742872381776815 491.50000000000006 -0.92173577847772548 -1.3281355425933523
decision_type=2 2 2 2 2 2 2 2 2 2 2 2 2 2 2 2 2 2 2 2 2 2 2 2 2 2 2
left_child=1 21 3 5 18 19 10 8 -8 24 17 12 15 -14 -13 -12 -17 -5 -3 25 -21 22 26 -6 -9 -2 -1
right_child=2 4 -4 6 23 -7 7 9 -10 -11 11 14 13 -15 -16 16 -18 -19 -20 20 -22 -23 -24 -25 -26 -27 -28
leaf_value=-0.0067753776207821739 -0.018483974804341836 0.018038193577924105 -0.012650854159886904 0.0087124625748340092 -0.013136382984016313 0.0091226023521931137 -0.0036975018313619716 -0.018282675968091085 0.023003752310494986 0.0066563033655521438 0.008041451312765787 0.027489794624738838 0.0024095939199848485 0.028805221140608281 0.0070535795809806064 0.0017706862347178114 -0.020080739283627771 -0.0090977946257050479 -0.0011557929096431777 0.012055922394698694 -0.010002452278208781 -0.020563417270175768 0 -0.0024510723778219785 -0.0061563036641714732 -0.0061584307979976986 -0.019756566200213835
leaf_weight=4.3932210505008698 5.4338747709989574 5.4727834910154343 8.9109866470098478 5.9981225579977027 4.9057210981845838 6.8599015176296225 6.695646107196807 7.6432082802057284 9.0923994332551938 10.183836951851843 6.0065301209688213 14.024404332041742 9.5814718753099459 10.656006246805189 9.6766808331012708 5.0786688029766065 6.3330042213201523 9.3553981333971006 6.5003784298896807 4.9560385346412659 5.3282718509435654 18.948953062295914 8.1955061703920347 4.4982423037290573 5.2500626295804977 5.5201875120401391 6.8606099337339419
leaf_count=21 24 23 36 20 22 24 23 28 30 36 20 45 33 35 32 20 25 33 27 20 22 91 35 20 20 23 30
internal_value=0 -0.0102921 0.00412013 0.00532161 0 -0.00289209 0.00738121 0.00174445 0.0119945 -0.00532799 0.0100721 0.0130642 0.0077531 0.0176128 0.0203006 -0.00387354 -0.0108153 -0.00162774 0.00820369 -0.00738245 0.000299893 -0.0159489 -0.0100163 -0.00961578 -0.0149179 -0.0142443 -0.0165523
internal_weight=212.36 59.7754 152.585 143.674 21.3771 28.0983 115.575 38.8652 15.788 23.0771 76.7103 61.3568 37.6557 20.2375 23.7011 17.4182 11.4117 15.3535 11.9732 21.2384 10.2843 38.3983 19.4493 9.40396 12.8933 10.9541 11.2538
internal_count=818 269 549 513 92 113 400 137 53 84 263 210 133 68 77 65 45 53 50 89 42 177 86 42 48 47 51
is_linear=0
shrinkage=0.03


Tree=64
num_leaves=31
num_cat=0
split_feature=1 41 27 0 19 24 14 30 25 21 36 38 23 36 23 24 25 28 20 22 11 41 12 12 30 23 16 41 40 21
split_gain=3.26159 2.46917 2.28083 5.09228 3.82963 2.50768 2.31123 2.70606 2.7572 3.33431 2.23588 2.06837 2.02561 1.88851 1.69464 2.40788 2.61873 2.0821 2.2431 2.32825 1.62676 1.47979 2.49631 1.96283 2.58606 2.4927 1.34869 1.10645 1.02673 0.411446
threshold=-0.99805496189325038 291.50000000000006 0.21908145173377594 -0.24214873990619937 1.0000000180025095e-35 0.87754721714677208 -1.1279264492455645 0.83191472975826997 0.71943447368265456 1.0000000180025095e-35 -0.14605766571810574 1.0000000180025095e-35 1.04982158706708 -1.3350722654747278 -0.64008472625703905 -0.43551731859651466 0.15384350830792071 -1.5854999385770703 -0.18655903810004137 -0.96700096115083756 -1.1848123386700735 543.00000000000011 -0.35225229073918868 -0.30007975372972467 0.10836101006409095 0.48651948262570677 0.73847977757563088 639.50000000000011 416.50000000000006 -0.76565994621490951
decision_type=2 2 2 2 2 2 2 2 2 2 2 2 2 2 2 2 2 2 2 2 2 2 2 2 2 2 2 2 2 2
left_child=-1 11 3 21 -4 6 13 8 9 27 -9 20 -7 -6 -5 -16 17 -17 19 -19 -2 23 -23 24 25 28 -18 -8 -3 -12
right_child=1 2 4 14 5 12 7 10 -10 -11 29 -13 -14 -15 15 16 26 18 -20 -21 -22 22 -24 -25 -26 -27 -28 -29 -30 -31
leaf_value=0.016596137892870604 -0.00027759394922018658 0.0080445571982752945 0.017894287390286572 0.013341971048298791 0.0058924030298664358 -0.019126684697618745 0.0046242761504530373 0.02260478474414784 -0.012392491469461279 -0.0097808611460927994 -0.00018924428402312808 0.0033516810733459873 0.0013539536214951084 -0.01173561685214527 -0.012341475575084243 -0.0062437472326832095 -0.014808135892021977 0.0031919799276107857 -0.0023725443745075893 0.020396822021563156 -0.018891832929839956 -0.022461538424845086 0 -0.017748940562762654 0.011065686319213869 -0.017852760586785955 0.0015647671215726952 0.020891861752354118 -0.0058216555893586238 0.0086445005218479653
leaf_weight=8.8859153985977155 6.8155593276023909 7.6722895801067414 13.388757109642027 10.283983767032622 7.3344548046588924 7.2957551777362806 10.839974582195287 11.654813200235369 8.8631118535995466 7.1180422306060782 7.1688051521778107 7.9355779886245719 7.2389690577983856 12.366001278162001 8.9666501581668836 7.9204593002796093 7.814518600702284 14.241058140993109 9.9123089611530428 16.621908038854603 13.830438375473022 12.619769036769869 6.6714129745960227 7.0549547076225272 9.0586861073970777 8.970141649246214 7.1698015034198761 7.2301100790500632 8.4197559654712659 7.6022934913635236
leaf_count=24 20 22 37 28 21 21 30 32 26 20 20 23 20 37 25 22 22 39 28 45 40 38 20 21 26 26 20 20 24 21
internal_value=6.85114e-05 -0.000520156 0.000426237 -0.00201974 0.00370884 0.00139348 0.00355631 0.0064724 0.000583244 0.00581381 0.0134071 -0.00865325 -0.00937974 -0.00493715 0.00274382 0.000923048 0.00312388 0.00653401 0.00929144 0.0131593 -0.0134529 -0.00855808 -0.0153158 -0.00482441 -0.00134877 -0.00643333 -0.00718043 0.0125422 0.000570576 0.00436629
internal_weight=288.966 280.08 251.499 143.398 108.101 94.7123 80.1776 60.4772 34.0512 25.1881 26.4259 28.5816 14.5347 19.7005 82.9307 72.6467 63.6801 48.6957 40.7753 30.863 20.646 60.467 19.2912 41.1758 34.1209 25.0622 14.9843 18.0701 16.092 14.7711
internal_count=818 794 711 406 305 268 227 169 96 70 73 83 41 58 229 201 176 134 112 84 60 177 58 119 98 72 42 50 46 41
is_linear=0
shrinkage=0.03


Tree=65
num_leaves=30
num_cat=0
split_feature=14 30 15 31 30 20 24 2 20 25 30 11 36 14 5 15 32 0 22 33 25 33 26 25 26 29 16 33 32
split_gain=12.9645 5.11163 4.32075 2.53767 2.91978 2.53597 2.15928 3.01659 1.98609 1.87617 1.59433 1.99598 3.75976 2.69276 3.22527 1.46994 1.44929 1.96616 0.933036 0.86273 1.76792 1.42647 1.82569 1.77688 1.64443 0.747793 0.570425 0.48087 0.175417
threshold=-0.78255085348508902 -0.22558686056399138 -0.30356173659941049 1.0419603495845868 0.16401898850210495 0.58940007969233166 0.87754721714677208 -0.44156566877472619 0.58940007969233166 0.15384350830792071 0.10836101006409095 -1.1393668346195598 -1.0309057399555919 -1.0610821558317229 0.71033985075099249 0.38125210934191428 1.0058077819720512 2.280390944934422 -0.40199611384984874 0.097872041065373838 0.43663899099528752 -0.61271372453945594 0.33634737068533976 -0.41174745706681315 0.87310331128805407 -0.6289824982604143 -0.58104066378930141 -0.61271372453945594 1.5582985031716965
decision_type=2 2 2 2 2 2 2 2 2 2 2 2 2 2 2 2 2 2 2 2 2 2 2 2 2 2 2 2 2
left_child=10 16 3 4 -3 6 7 -4 9 -6 18 12 15 -13 25 -12 17 19 -1 21 -21 22 -2 -23 -24 -15 -10 -7 -18
right_child=1 2 5 -5 8 27 -8 -9 26 -11 11 13 -14 14 -16 -17 28 -19 -20 20 -22 23 24 -25 -26 -27 -28 -29 -30
leaf_value=0.0067199120594824248 0.0044164243518554575 -0.0056389536578719092 -0.018096966631254215 -0.0095168176071753589 -0.0044171401074371841 -0.0067050850981874421 0.010977123139488227 0.0031067561234337862 0.0079369367359789396 0.012729616406246102 0.0097725556308884878 -0.013258725895365664 0.020725701552440554 -0.0070285734326525932 0.02038572443845588 -0.0065694840455147435 -0.020293023691121129 0.0046501078255728684 0.022920427718185539 -0.012051443512338486 0.0070565136367209316 -0.0035879216184633213 -0.02142852474278684 -0.021737016722350393 0 0.0042231837569858934 0.023130070829811156 -0.021028552367096231 -0.0080419125518136556
leaf_weight=8.425924628973009 9.457956522703169 9.357097774744032 8.9528434276580828 6.848870486021041 9.6442578732967394 7.3267253637313834 7.872170388698577 12.575977414846422 7.1696111261844662 10.009681165218351 7.7403509616851833 7.1239916384220114 17.862791001796722 8.7532152235507983 7.7287608683109275 9.0032787322998029 12.173442155122759 9.1929169595241529 10.722602158784865 6.8193168640136701 7.4321368038654327 8.8774108290672284 5.949110269546507 16.017404884099967 6.2902072668075562 9.1312561929225939 11.648665696382521 8.2568137943744642 6.5746491998434058
leaf_count=23 30 27 29 21 29 23 23 37 20 28 21 20 48 25 21 25 40 28 29 22 22 29 20 54 20 25 32 26 21
internal_value=-8.71592e-05 -0.00451796 0.000105179 0.00575936 0.00829132 -0.00660242 -0.000988792 -0.00605477 0.011914 0.00431542 0.00941085 0.00681591 0.0117045 0.00118655 0.00593685 0.000838688 -0.00968953 -0.00727467 0.0170883 -0.00924117 -0.00198268 -0.0112055 -0.00469399 -0.0160641 -0.0118844 -0.00109199 0.0186502 -0.0158255 -0.0172071
internal_weight=274.939 188.447 99.6627 54.6782 47.8293 44.9845 29.401 21.5288 38.4722 19.6539 86.4922 67.3436 34.6064 32.7372 25.6132 16.7436 88.7846 70.0365 19.1485 60.8435 14.2515 46.5921 21.6973 24.8948 12.2393 17.8845 18.8183 15.5835 18.7481
internal_count=818 581 295 157 136 138 89 66 109 57 237 185 94 91 71 46 286 225 52 197 44 153 70 83 40 50 52 49 61
is_linear=0
shrinkage=0.03


Tree=66
num_leaves=26
num_cat=0
split_feature=34 30 36 34 35 3 9 40 19 32 26 4 26 14 13 33 30 16 23 28 16 27 28 11 16
split_gain=9.69591 4.58445 2.41183 3.10155 2.74114 3.34186 3.27219 2.75289 2.63018 2.13074 2.83097 2.1701 2.03631 1.92956 1.81119 1.76075 1.66592 1.63397 1.40226 2.76763 1.34021 0.910828 0.6759 0.504198 0.298113
threshold=-0.39833667079514085 1.1658626003863526 -0.42257268891732019 -0.11627304117846736 -0.65519211452713744 1.3029930532951775 -1.0827196041644336 722.00000000000011 -1.0000000180025095e-35 0.45331706077240552 0.87310331128805407 -0.40834290909888277 0.33634737068533976 -0.60625795888122802 0.23712674073041504 -0.25742084173704111 0.16401898850210495 0.47457568930264438 -1.2033868306984119 0.67198683637848955 0.73847977757563088 0.75599996545293202 -0.77925466180722758 0.049054457732035199 -0.84494475206228792
decision_type=2 2 2 2 2 2 2 2 2 2 2 2 2 2 2 2 2 2 2 2 2 2 2 2 2
left_child=13 2 15 -4 5 7 -6 22 17 14 11 -11 -7 18 23 -2 -15 -8 19 -1 -14 -18 -5 -10 -3
right_child=1 24 3 4 6 12 8 -9 9 10 -12 -13 20 16 -16 -17 21 -19 -20 -21 -22 -23 -24 -25 -26
leaf_value=-0.014525236837486123 -0.015734339759653528 -0.0040807297671046914 0.0221727124676236 0.025606712855046787 0.016464698404901664 0.012250828720097055 -0.018630243675676741 0 -0.016329203650153553 0.028782844224937813 -0.0022516151963276371 0.0023712380516499021 -0.013936427817220431 0.005409881286795871 0.0072829326712331253 0.0034836174847851661 -0.015866934036050086 -0.00057805675464348341 -0.019474165156457193 0.010907547893590138 0.0029993210530617331 0 0.0094128293620637862 -0.001868756036139932 -0.016037160116565113
leaf_weight=9.2752161324024183 6.4060950875282288 6.2620164006948471 9.8033650070428831 15.309144482016567 9.150658741593352 7.5405572801828411 9.0894246101379341 7.3822394311428061 6.3941511511802833 5.9793400317430425 10.328501671552656 5.8098635971546262 6.8615825921297056 10.042256459593775 5.6748749762773505 7.6202148348093015 7.1031419336795789 9.2878373861312848 21.346124872565269 4.4171088784933081 6.6832204312086105 4.7764317244291306 7.2359229326248178 5.0355543196201324 7.2044170349836332
leaf_count=45 27 26 32 47 29 25 36 25 25 20 38 21 25 38 21 29 33 33 105 19 24 21 23 18 33
internal_value=0 0.0039068 0.00555523 0.00687661 0.0052901 0.0104348 0.00112751 0.0166477 -0.00156358 0.00272854 0.00872129 0.0179552 0.000830973 -0.0104112 -0.00477648 -0.00557929 -0.0028078 -0.0105407 -0.0146936 -0.00565887 -0.00571536 -0.0100307 0.0215702 -0.0113783 -0.0118444
internal_weight=212.019 155.059 141.593 127.566 117.763 51.0127 66.7502 29.9273 57.5995 39.2223 22.1177 11.7892 21.0854 56.9603 17.1046 14.0263 21.9218 18.3773 35.0384 13.6923 13.5448 11.8796 22.5451 11.4297 13.4664
internal_count=818 557 498 442 410 169 241 95 212 143 79 41 74 261 64 56 92 69 169 64 49 54 70 43 59
is_linear=0
shrinkage=0.03


Tree=67
num_leaves=31
num_cat=0
split_feature=1 33 36 40 27 20 37 22 14 22 23 12 12 41 26 0 38 36 38 33 36 36 30 12 12 41 22 26 28 37
split_gain=3.12966 2.78097 2.84052 1.81219 3.16181 3.04489 3.31407 2.77155 2.52137 2.48332 2.21504 2.0723 1.88784 1.78749 1.77231 1.72725 2.38345 2.49496 1.70807 1.57922 1.44868 2.42611 1.31594 1.15816 1.35082 0.735475 0.693252 0.652229 0.613588 0.576066
threshold=-0.99805496189325038 0.63081136526899617 -0.97296925890432806 519.50000000000011 0.21908145173377594 0.3307470404282073 -0.76945909497551546 -1.1553359102511671 0.66367731574999611 -0.30782863929968396 0.48651948262570677 -0.42362837130223258 -0.36771410576418995 491.50000000000006 0.51526601755291124 -0.62588414007652959 -0.58262379249378615 0.25732895636074843 -0.58262379249378615 -0.79036016594066327 -1.5378499491541517 -0.82812805627616803 0.83191472975826997 -0.39591084301134855 0.85981771213305958 416.50000000000006 0.72801358075212941 0.15742872381776815 -0.45675655109929053 1.0000000180025095e-35
decision_type=2 2 2 2 2 2 2 2 2 2 2 2 2 2 2 2 2 2 2 2 2 2 2 2 2 2 2 2 2 2
left_child=-1 2 13 4 9 6 -5 -8 28 10 12 -12 27 -2 -10 22 -17 -18 20 -11 -3 -22 -6 25 -25 -20 -19 -4 -9 -7
right_child=1 18 3 5 15 29 7 8 14 19 11 -13 -14 -15 -16 16 17 26 23 -21 21 -23 -24 24 -26 -27 -28 -29 -30 -31
leaf_value=0.016271957603982104 0.018232698556889766 0.010519024396690625 0.002142815860575568 0.024216296899288659 -0.01269699352924534 -0.01273907965550436 -0.0075549659569316462 -0.006542745773005368 0.0037400097412541682 -0.001605218750097477 0 -0.019648993531928633 -0.0057855942101147848 0.0012626932049271085 0.024109978311259727 -0.0053737546526166436 0.019694530021355055 -0.0042164237018643266 -0.0065516642446896934 -0.017957600672158614 -0.013943062874023769 0.0073524189459268242 0.0018172989227796111 0.0040478189962833023 -0.01150376202473263 -0.019269715897708758 0.0075960233436910343 0.015957126264505388 0.0045364505476804462 -0.00037974917432269183
leaf_weight=8.8784245252609235 11.777896821498873 7.2135292291641262 7.1793847978115064 7.3687973022460929 7.552198767662051 7.3020859062671644 12.390990138053892 7.1018534004688263 8.4209988117218035 8.7899035513401049 9.3850466310977954 7.642070233821868 8.9172783792018908 11.47368675470352 8.8816902935504896 9.4092020988464338 13.332319617271425 7.1792539656162244 12.317031085491182 18.732526987791061 9.0833849310874974 7.1585597693920109 12.568964123725889 9.6590301692485827 7.3534259200096121 11.453183859586714 7.2640669643878937 7.6416466534137726 7.6670063436031324 7.4004625678062439
leaf_count=24 32 21 20 20 22 21 34 20 23 25 26 22 25 32 24 26 36 20 36 56 28 21 36 28 22 35 20 21 21 21
internal_value=7.6458e-05 -0.00050052 0.00111743 -8.32843e-05 -0.0022279 0.0038367 0.00728533 0.00365008 0.00830206 -0.00655204 -0.00154754 -0.00947855 0.00412875 0.0106851 0.0156045 0.00285856 0.00665555 0.0110021 -0.00591821 -0.0132947 0.000310729 -0.00439092 -0.00385586 -0.00952652 -0.00273751 -0.0136971 0.00150387 0.010445 -0.000534399 -0.00749946
internal_weight=288.496 279.617 215.379 192.128 125.594 66.5339 51.8313 44.4625 32.0715 68.2879 40.7654 17.0271 23.7383 23.2516 17.3027 57.306 37.1848 27.7756 64.2381 27.5224 23.4555 16.2419 20.1212 40.7827 17.0125 23.7702 14.4433 14.821 14.7689 14.7025
internal_count=818 794 603 539 355 184 142 122 88 195 114 48 66 64 47 160 102 76 191 81 70 49 58 121 50 71 40 41 41 42
is_linear=0
shrinkage=0.03


Tree=68
num_leaves=30
num_cat=0
split_feature=14 35 34 16 28 30 30 27 14 14 34 24 28 1 30 21 27 34 30 11 36 14 5 41 15 24 34 21 27
split_gain=12.3436 5.66855 3.06683 2.08301 1.91474 3.02355 2.48614 2.45569 1.5828 2.8893 1.69613 1.64524 2.17136 3.01776 2.03814 2.06249 1.96434 1.63805 1.51302 1.88846 3.59457 2.59236 3.09828 1.76379 1.42274 1.22608 1.4898 0.727649 0.56884
threshold=-0.78255085348508902 0.3865228669731457 -1.2369042183041701 -1.3727529286082607 1.4782321131483325 0.83191472975826997 -0.058612925249950036 0.21908145173377594 0.93666980058742999 1.3536271338797341 0.31063407391703873 0.87754721714677208 -0.29550749574532198 -0.78186759077463208 -0.72650866650611501 -0.39875318815761746 -1.2127012515173072 0.89763135717335951 0.10836101006409095 -1.1393668346195598 -1.0309057399555919 -1.0610821558317229 0.71033985075099249 364.00000000000006 0.38125210934191428 0.57741818040544945 -0.0095462624045909005 -0.76565994621490951 0.57702712754654673
decision_type=2 2 2 2 2 2 2 2 2 2 2 2 2 2 2 2 2 2 2 2 2 2 2 2 2 2 2 2 2
left_child=18 3 -3 -2 5 6 -4 -8 11 -10 -11 12 14 -14 16 -16 -5 -12 23 20 24 -21 28 -1 -20 26 -9 -7 -23
right_child=1 2 4 8 -6 27 7 25 9 10 17 -13 13 -15 15 -17 -18 -19 19 21 -22 22 -24 -25 -26 -27 -28 -29 -30
leaf_value=0.0030757925639230367 0.0053638336735394136 0.017716889411752874 -0.012028013890899563 9.7930268012830888e-05 0.012517554443206364 -0.0042870088305475102 0.018720236358486703 0.004015507481691688 -0.022997075166478979 0.0049635939931823867 -0.017674617576843195 0.0043651678232058677 0 -0.022205528732148407 -0.0056782818368227234 0.013483239763372708 -0.019474735549182418 -0.00075318066057010675 0.0095605749866701523 -0.013038510490598544 0.020212545631730569 0.0037269579528539116 0.019961469582437146 0.023261810722316614 -0.0065190289186528184 0.0093309638706170969 -0.013093794219325093 -0.019861911244814182 -0.0060646277528215763
leaf_weight=7.2847471833229092 7.812212496995925 8.5393138229846937 7.2355613112449602 7.9745298027992249 7.6001497805118552 7.2958648800849915 8.0437139272689873 7.7079108953475926 17.779455497860909 6.6464648544788387 12.027516037225725 9.9047590494155866 7.847574025392535 14.968290150165556 8.2022025585174525 8.7758601605892252 7.7667496502399391 9.7902396619319898 7.7458152472972897 7.1005930304527274 17.866194993257523 8.6815031170845085 7.7420555949211112 11.867543429136274 8.996016710996626 7.5634361505508414 7.297868132591252 6.9921267032623273 9.1849509179592115
leaf_count=20 23 23 21 25 21 22 22 22 63 21 40 30 24 48 26 26 26 31 21 20 48 24 21 32 25 22 23 22 26
internal_value=-9.1288e-05 -0.00442775 0.00236953 -0.00834231 -0.000106628 -0.00235737 0.00203151 0.00594801 -0.00941244 -0.0137512 -0.00691363 -0.00601735 -0.00804038 -0.0149082 -0.00263242 0.004192 -0.0100654 -0.0108757 0.00917224 0.00663939 0.0113939 0.00115443 0.00581481 0.0166555 0.000765903 0.000263721 -0.00437562 -0.0134519 -0.00107682
internal_weight=274.241 187.772 68.2759 119.496 59.7366 52.1365 37.8485 30.6129 111.684 46.2437 28.4642 65.44 55.5352 22.8159 32.7193 16.9781 15.7413 21.8178 86.4694 67.3171 34.608 32.7091 25.6085 19.1523 16.7418 22.5692 15.0058 14.288 17.8665
internal_count=818 581 198 383 175 154 110 89 360 155 92 205 175 72 103 52 51 71 237 185 94 91 71 52 46 67 45 44 50
is_linear=0
shrinkage=0.03


Tree=69
num_leaves=25
num_cat=0
split_feature=14 28 30 19 20 33 26 30 30 13 32 28 33 11 16 40 25 27 22 33 28 30 12 20
split_gain=9.30206 3.97668 3.35742 4.01593 4.11751 3.40314 2.54288 2.40116 2.09077 1.93388 1.90745 1.60716 1.36787 1.21744 0.975523 0.973475 1.06429 0.918705 1.33082 0.885765 0.690572 2.69718 0.659414 0.462487
threshold=-0.60625795888122802 0.83323589173245827 0.16401898850210495 -0.35413386498416383 -0.96251815589241441 -1.1456530487430781 0.87310331128805407 -0.55953473119207386 1.2771785572623799 0.10591829842709358 0.82164420823883588 -1.746748993931039 0.80845780667020373 0.97336211415837803 -0.84494475206228792 600.50000000000011 -0.41174745706681315 0.57702712754654673 0.44551115710163486 -0.25742084173704111 0.18823967031658398 0.21967696694011865 -0.39073979020553173 0.3307470404282073
decision_type=2 2 2 2 2 2 2 2 2 2 2 2 2 2 2 2 2 2 2 2 2 2 2 2
left_child=1 20 3 4 11 -4 7 -5 12 17 15 -2 -3 -13 -9 16 -6 23 -19 -20 21 -1 -15 -7
right_child=2 8 5 6 10 9 -8 14 -10 -11 -12 13 -14 22 -16 -17 -18 18 19 -21 -22 -23 -24 -25
leaf_value=-0.016079673672880181 -0.001695302263088785 0.014107128662683311 0.01397720122581143 0.0071816714512038951 -0.011716972949732127 -0.005601056666757722 0.0014845973608534617 0.011596023041095927 -0.010534385940412934 0.0058881190248759241 0.005067122035409319 0.003863010866362016 -0.0037206205259486137 0.025066608249461376 0.033650332979938954 -0.016630214712734154 0.0037479274774968197 0.0047487061352364194 -0.017883510581361652 0 -0.0203515358442839 0.0070283667162937416 0.0073685459099451572 -0.018388704924829236
leaf_weight=14.108348160982134 7.1003204584121731 8.41081550717354 8.0859304368495923 11.960289046168326 5.6478906422853488 8.1043889075517672 10.995760962367056 6.1957525610923758 7.9983698278665534 8.7134319096803647 9.6891819536685926 10.008647590875627 4.7970130145549765 7.5028882324695614 9.1163118183612841 9.4955656975507718 7.1242922246456182 8.308781713247301 4.6504817157983744 4.9152338355779666 18.475432872772217 4.9928313344717017 6.1253873705863908 9.0688548237085325
leaf_count=65 24 35 29 39 21 32 38 21 36 32 34 34 21 24 29 36 24 33 20 21 91 21 20 38
internal_value=0 -0.00997878 0.0039183 0.00708406 0.00218318 -0.00215979 0.014577 0.0192946 0.00019047 -0.00563845 -0.00512869 0.00985623 0.00750514 0.013459 0.0269142 -0.00985735 -0.003183 -0.00879236 -0.00315871 -0.010282 -0.0156583 -0.0096763 0.0190279 -0.01361
internal_weight=211.592 58.7828 152.809 100.962 62.6942 51.8471 38.2681 27.2724 21.2062 43.7612 31.9569 30.7372 13.2078 23.6369 15.3121 22.2677 12.7722 35.0477 17.8745 9.56572 37.5766 19.1012 13.6283 17.1732
internal_count=818 269 549 344 217 205 127 89 92 176 115 102 56 78 50 81 45 144 74 41 177 86 44 70
is_linear=0
shrinkage=0.03


Tree=70
num_leaves=33
num_cat=0
split_feature=1 33 36 29 40 27 20 37 22 15 22 23 12 12 2 6 36 20 33 15 29 40 15 28 1 26 32 2 31 26 37 32
split_gain=3.0101 2.64625 2.71759 2.56785 1.72207 3.01722 2.92626 3.19497 2.66982 3.18409 2.42077 2.1355 2.00238 1.8249 1.70188 1.60401 2.19189 2.28543 1.52688 1.48901 1.45505 1.37604 1.45715 1.35909 1.23467 0.929861 0.965226 0.821388 0.635243 0.612718 0.555573 0.237748
threshold=-0.99805496189325038 0.63081136526899617 -0.97296925890432806 -0.6289824982604143 519.50000000000011 0.21908145173377594 0.3307470404282073 -0.76945909497551546 -1.1553359102511671 -0.9883755825407351 -0.30782863929968396 0.48651948262570677 -0.42362837130223258 -0.36771410576418995 0.51306713688683736 -0.69656860946148569 0.25732895636074843 0.58940007969233166 -0.79036016594066327 0.51821487853017933 -0.85323089194647983 331.00000000000006 1.066065955283239 0.51073778102452083 -0.20536793445831683 0.87310331128805407 0.23845955808365463 0.99249244871392606 -0.14308759650438282 0.15742872381776815 1.0000000180025095e-35 -0.65166438162688534
decision_type=2 2 2 2 2 2 2 2 2 2 2 2 2 2 2 2 2 2 2 2 2 2 2 2 2 2 2 2 2 2 2 2
left_child=-1 2 14 23 5 10 7 -6 -9 -10 11 13 -13 29 -2 20 28 -18 -12 -20 -7 22 27 24 -3 26 -11 31 -17 -4 -8 -5
right_child=1 3 4 21 6 15 30 8 9 25 18 12 -14 -15 -16 16 17 -19 19 -21 -22 -23 -24 -25 -26 -27 -28 -29 -30 -31 -32 -33
leaf_value=0.015967945372653447 0.019285068598317783 -0.011560621517126396 0.0021765105707621563 -0.013098849852401813 0.023739182140057293 0.0043805579815221719 -0.012546550027709061 -0.0074548493172805182 -0.00597433519615506 0.013904905390718274 -0.0015817966631483109 0 -0.019322300422731965 -0.0056618705043393691 0.0025177920261175183 0.0048354930141431612 -0.0094845394934352564 0.0091907919484824387 -0.023903327166346938 -0.0043526425080051634 -0.010602785507541216 0.00025940218305765307 0 0.010272541264269738 0.0040384726900464032 0.02217264888178155 0 -0.023675707807678432 0.019180411099436828 0.015647723328359366 -0.00037816976766123078 -0.0033553470869259706
leaf_weight=8.8722138702869398 9.6268439292907733 7.1676575243473053 7.1719689369201642 9.1467078924179095 7.3700165748596183 9.1070714890956896 7.2723006904125196 12.375200003385542 8.9125755727291054 8.1071875095367485 8.7829655706882495 9.380287706851961 7.5863631367683402 8.8989186286926287 13.635942816734312 7.3831682205200222 10.384062558412554 10.19444355368614 11.582557350397112 7.026492476463317 10.94723069667816 7.8211066126823416 6.8270032703876486 8.957517743110655 7.7280532717704791 7.7576034367084494 7.2903687357902518 9.2058923840522748 9.2207024097442609 7.6582386791706085 7.3955875635147095 7.1621901094913509
leaf_count=24 26 21 20 29 20 26 21 34 25 22 25 26 22 25 38 20 29 28 35 21 32 22 20 25 22 21 20 30 25 21 21 22
internal_value=8.02758e-05 -0.000486081 0.00109153 -0.00578145 -8.43204e-05 -0.00217877 0.00373667 0.00711737 0.00354529 0.00811251 -0.00641146 -0.00147087 -0.00927983 0.00409459 0.0104468 0.00278936 0.00644604 0 -0.0130865 -0.017695 -0.00368884 -0.0103033 -0.0129333 0.00175477 -0.00347263 0.0138116 0.00764971 -0.016065 0.0140623 0.0102987 -0.00738663 -0.00979984
internal_weight=287.956 279.084 215.068 64.0161 191.805 125.324 66.4808 51.813 44.4429 32.0677 68.0878 40.6958 16.9667 23.7291 23.2628 57.2367 37.1824 20.5785 27.392 18.609 20.0543 40.1629 32.3418 23.8532 14.8957 23.1552 15.3976 25.5148 16.6039 14.8302 14.6679 16.3089
internal_count=818 794 603 191 539 355 184 142 122 88 195 114 48 66 64 160 102 57 81 56 58 123 101 68 43 63 42 81 45 41 42 51
is_linear=0
shrinkage=0.03


Tree=71
num_leaves=29
num_cat=0
split_feature=13 33 30 41 26 29 33 32 16 9 35 1 22 26 28 24 32 2 25 32 14 26 34 14 27 40 34 28
split_gain=11.7539 5.43109 4.808 2.95517 2.11044 2.10999 2.04531 3.64089 1.91448 1.39297 1.85991 1.82105 3.28827 1.40152 0.901174 1.75131 0.878319 0.87814 1.26189 1.45912 2.15249 1.45012 1.98186 1.48682 0.481534 0.388445 0.368757 0.0998917
threshold=0.95607323301601244 1.151061657943961 1.4998104710144351 352.00000000000006 1.4098592518907684 -0.6289824982604143 0.097872041065373838 0.23845955808365463 -1.3727529286082607 -0.97148688168084674 -1.9052500923274771 -0.78186759077463208 -1.0000000180025095e-35 1.0000000180025095e-35 1.0000000180025095e-35 1.0000000180025095e-35 1.1899713557052667 2.3450060850120473 1.5678209217447552 -1.4672459224454097 -1.2584816622358728 -0.28986789335116026 -0.062909651791529117 -1.1279264492455645 0.39805428964016148 784.00000000000011 -0.48981676688703496 0.67198683637848955
decision_type=2 2 2 2 2 2 2 2 2 2 2 2 2 2 2 2 2 2 2 2 2 2 2 2 2 2 2 2
left_child=1 2 3 4 8 -3 7 24 -1 10 -10 12 13 -11 15 -13 -6 18 19 -2 -21 23 -23 -22 -5 -12 -8 -16
right_child=17 5 -4 6 16 -7 26 -9 9 11 25 14 -14 -15 27 -17 -18 -19 -20 20 21 22 -24 -25 -26 -27 -28 -29
leaf_value=0.0025751291276400082 0 -0.0020319312647905994 0.016609569278865418 -0.005779912569441218 0.0085158115613013976 0.016334002635312928 0.013515576377559591 0.0073395027144930102 -0.00022323268235488675 0.00032354700335723185 -0.020521061845329397 0.0028282375888068314 0.012662038514364848 -0.016586418424256809 -0.019409789464877918 -0.01257682538362131 -0.0050648925484214399 0.01965044022053768 -0.00084134165926015147 -0.0010871624310609717 0.03006802987616165 -0.001960839187733078 0.016821900316958568 0.010092050808792254 -0.02017550077110199 -0.0078945311839740372 0.0023746009646725161 -0.0096121526707455274
leaf_weight=8.7201585173606855 10.600794851779936 7.575889706611636 6.8458073139190665 7.2204862534999865 7.2544809579849225 13.841612517833708 7.1599649786949158 11.148211747407911 6.6677151322364798 6.7819696664810207 26.829111784696579 9.7753678560257047 8.3603633046150119 8.1550375521182996 11.81454908847809 14.252080142498015 6.5401698648929596 8.0948270857334119 9.8332959413528425 7.6690931022167126 8.9100836217403359 8.7476158440113085 8.4063167870044833 10.235723793506621 6.5732740759849548 7.1175175160169593 7.2666058242320997 11.048280060291289
leaf_count=26 29 21 19 21 22 38 20 33 22 21 92 30 25 28 37 45 20 22 27 21 24 24 23 28 20 25 21 34
internal_value=-9.57194e-05 -0.00385656 -0.00559519 -0.00664536 -0.00875953 0.00986793 0.000425931 -0.00455542 -0.0100375 -0.0111047 -0.0157476 -0.00806109 -0.00083116 -0.00921475 -0.0113922 -0.00627645 0.00181952 0.0101143 0.00840472 0.0101558 0.0124927 0.0154498 0.00753456 0.0211882 -0.0143383 -0.0184891 0.00903281 -0.0158048
internal_weight=273.446 200.949 179.531 172.685 133.317 21.4175 39.3685 24.942 119.522 110.802 40.6143 70.1876 23.2974 14.937 46.8903 24.0274 13.7947 72.4978 64.4029 54.5696 43.9688 36.2997 17.1539 19.1458 13.7938 33.9466 14.4266 22.8628
internal_count=818 620 561 542 427 59 115 74 385 359 139 220 74 49 146 75 42 198 176 149 120 99 47 52 41 117 41 71
is_linear=0
shrinkage=0.03


Tree=72
num_leaves=26
num_cat=0
split_feature=34 27 41 4 8 28 0 0 24 15 21 19 26 2 22 22 16 28 36 41 28 3 13 26 41
split_gain=9.01228 4.37346 3.74533 2.84271 2.44449 1.85412 1.67995 3.20496 3.03097 2.54729 1.5685 1.47974 1.8835 1.68525 1.34681 1.16984 1.01321 0.788029 3.30257 1.14626 1.52821 0.588175 0.563058 0.203531 0.0909
threshold=-0.39833667079514085 1.1139456412657032 352.00000000000006 -0.53659564353954514 1.0000000180025095e-35 -0.61800560645325897 0.46582819994293723 1.2749447026276648 0.27728914366412677 -1.2623011209172648 0.33506032795696655 -0.65525808697693577 0.87310331128805407 -0.61871402446450097 1.1046834789527888 0.53967863165179975 1.0000000180025095e-35 0.67198683637848955 -1.2698937242920558 364.00000000000006 0.34948872567055239 1.7410532353813049 -1.1912961158188595 1.0000000180025095e-35 642.00000000000011
decision_type=2 2 2 2 2 2 2 2 2 2 2 2 2 2 2 2 2 2 2 2 2 2 2 2 2
left_child=5 2 4 -4 6 -1 9 16 -9 10 -2 -11 13 -13 -3 -6 22 19 -19 20 -7 -10 -8 -5 -20
right_child=1 14 3 23 15 17 7 8 21 11 -12 12 -14 -15 -16 -17 -18 18 24 -21 -22 -23 -24 -25 -26
leaf_value=0.0010949537833242142 0.01976569321748977 -0.001373712973902221 0.0077457939610085774 -0.0056297551031738021 0.0060592707794095129 0.00086700110827214402 0.014428587794851674 0.014489562761075745 -0.012323448922226496 -0.011863444541005234 0.0015475774225705027 0.015533765961648599 -0.0094109268156464081 -0.0015022207216835392 -0.01917529852044551 0.027596162078496841 0.023552469215997216 0.0088238685000104258 -0.019078853139774025 -0.021222496134425967 -0.017798262935310626 -0.00046802642680145764 0.0012893224628746365 -0.016782975377094597 -0.0058125391807048654
leaf_weight=9.7321615368127805 7.8233093321323421 8.9973208755254728 8.0479314923286456 7.0225694775581342 5.8017228692769987 7.9195910841226596 6.6521725058555603 9.0986112505197543 5.7991693168878582 9.4699698239564842 9.7940825521945936 8.2078810036182386 8.3804397881031019 9.5911345779895871 6.861942693591117 6.7249476164579391 12.019556969404219 6.6278522759676006 6.5441308021545392 15.93277186155319 5.2106205672025681 10.420030623674391 6.8430735766887683 7.6010116040706635 4.1079442799091339
leaf_count=38 25 36 28 31 20 35 20 30 21 34 33 28 32 34 32 23 37 30 30 83 25 37 23 33 20
internal_value=0 0.00374898 0.00549773 -0.00524443 0.00767682 -0.0101309 0.00590545 0.0097614 0.00171675 0.00194959 0.0108676 -0.00255689 0.00105329 0.00663965 -0.0104131 0.0197638 0.0169833 -0.0125742 -0.00608895 -0.0157458 -0.00719543 -0.00572993 0.00896159 -0.0128211 -0.0158055
internal_weight=211.232 155.157 139.298 22.6715 116.626 56.0751 104.099 50.8326 25.3178 53.2668 17.6174 35.6494 26.1795 17.799 15.8593 12.5267 25.5148 46.3429 17.2799 29.063 13.1302 16.2192 13.4952 14.6236 10.6521
internal_count=818 557 489 92 397 261 354 168 88 186 58 128 94 62 68 43 80 223 80 143 60 58 43 64 50
is_linear=0
shrinkage=0.03


Tree=73
num_leaves=31
num_cat=0
split_feature=1 33 36 29 41 19 22 41 25 23 40 25 26 26 27 0 15 25 34 23 27 27 36 38 21 17 35 9 26 36
split_gain=2.90419 2.51552 2.61136 2.46933 1.68016 1.6636 3.69277 3.66413 2.6135 2.57249 2.53666 3.09446 2.69974 2.46304 2.34697 2.87545 2.06656 1.71024 2.11641 1.34574 2.01724 1.34815 1.34503 1.20878 1.06354 1.65136 0.797126 0.476968 0.145046 0.0734016
threshold=-0.99805496189325038 0.63081136526899617 -0.97296925890432806 -0.6289824982604143 491.50000000000006 0.5492388009941519 0.72801358075212941 639.50000000000011 1.0000000180025095e-35 1.04982158706708 543.00000000000011 -0.97733842244154667 0.24688804725155403 -0.28986789335116026 0.21908145173377594 0.10291565094464022 -0.30356173659941049 -0.97733842244154667 0.20390729514316211 -0.64008472625703905 -0.13886422407899501 0.21908145173377594 0.18576036212095151 -0.58262379249378615 0.70196708601425883 1.0000000180025095e-35 -1.1760496052772789 -1.3804932147214577 0.15742872381776815 -0.42257268891732019
decision_type=2 2 2 2 2 2 2 2 2 2 2 2 2 2 2 2 2 2 2 2 2 2 2 2 2 2 2 2 2 2
left_child=-1 2 4 23 -2 10 16 8 9 -8 14 -12 13 -13 15 24 -7 -17 -19 20 -5 -22 -16 -3 25 -4 -14 -20 -27 -21
right_child=1 3 5 19 -6 6 7 -9 -10 -11 11 12 26 -15 22 17 -18 18 27 29 21 -23 -24 -25 -26 28 -28 -29 -30 -31
leaf_value=0.015693312919724839 0.017537868188061162 0.0090651629885159461 0.0037144115635896254 0.0056052526076706523 0.0010971016393806008 -0.002495516041995131 -0.016620287878261048 0.018328637174681368 0.010265651792813387 0.0039566915140126042 -0.0066473377362901613 0.01388107320273056 0.025919217719831252 -0.0069410715919039235 0.012500327528921818 0.013072912091832346 -0.020523997618970263 0.0092478499133265262 -0.0020693144998551868 -0.022541434423045299 -0.019696942813555194 -0.0027990741090079363 -0.0022387176493479117 -0.0036790247759872557 -0.020574562575671071 -0.015047906194195633 0.0093468342198968039 -0.012463076946559166 -0.0052789983056589088 -0.0093469781130616388
leaf_weight=8.8630874752998334 11.793359518051149 10.162466764450075 7.9752254188060805 8.4520842432975787 11.471487969160078 11.700442224740984 12.585924804210668 7.7922566533088675 7.4535229206085196 7.5002911984920493 9.4688873887062055 7.7059750556945827 8.9048621356487256 9.7691152691841108 13.331419825553896 7.5924804210662833 12.874978810548781 8.7323916256427783 10.942366540431976 6.2744599580764771 7.4301214516162899 11.169428795576094 7.3139121532440177 13.680239796638487 6.6970240771770468 8.6534258127212507 9.1197361946105975 8.1220544576644897 7.2932396233081827 6.6199785768985731
leaf_count=24 32 29 23 25 32 33 36 22 21 21 26 21 24 27 37 21 39 24 30 20 24 34 20 39 20 25 25 23 21 20
internal_value=8.07671e-05 -0.000475908 0.00106129 -0.00564945 0.010231 -9.22976e-05 -0.00420546 0.00189312 -0.00325716 -0.00891776 0.00176102 0.00743733 0.0114735 0.00229612 -0.00119305 -0.00401192 -0.012808 0.00167597 -0.00174217 -0.0101028 -0.00544889 -0.0108141 0.00720991 0.00173122 -0.010544 -0.00645162 0.0192038 -0.00737524 -0.011762 -0.0178642
internal_weight=287.446 278.583 214.794 63.7888 23.2648 191.53 59.9074 35.332 27.5397 20.0862 131.622 44.9686 35.4997 17.4751 86.6535 66.0082 24.5754 35.3893 27.7968 39.9461 27.0516 18.5996 20.6453 23.8427 30.6189 23.9219 18.0246 19.0644 15.9467 12.8944
internal_count=818 794 603 191 64 539 172 100 78 57 367 123 97 48 244 187 72 98 77 123 83 58 57 68 89 69 49 53 46 40
is_linear=0
shrinkage=0.03


Tree=74
num_leaves=29
num_cat=0
split_feature=13 35 34 29 28 24 2 19 19 13 20 0 23 12 26 25 40 23 12 12 4 13 30 20 30 41 40 29
split_gain=11.1419 5.1307 5.76721 7.38132 3.66944 3.19051 2.22403 2.02715 2.36688 1.70635 1.66613 1.6112 1.47061 1.30872 1.39555 1.23508 0.998332 0.973012 1.61596 0.874353 1.33385 1.71715 1.13479 0.855454 1.50933 2.05202 0.771948 0.1882
threshold=0.95607323301601244 -0.13433462377699595 -0.27636320933928216 -0.6289824982604143 1.4782321131483325 1.4778052906294175 0.043483400375847248 0.5492388009941519 -0.65525808697693577 -1.5572593445859459 -0.70386511662828999 -0.53069396329009111 -0.35843367403635273 0.49725846152923275 0.33634737068533976 0.43663899099528752 364.00000000000006 0.20486843040502017 -0.40086369687657958 0.73960571320370805 0.46377568509762318 1.2138033393197574 0.72059877288224261 0.84805311895645585 0.60928281600621503 364.00000000000006 639.50000000000011 -0.40473410457434894
decision_type=2 2 2 2 2 2 2 2 2 2 2 2 2 2 2 2 2 2 2 2 2 2 2 2 2 2 2 2
left_child=1 7 3 -3 5 6 12 8 9 -1 13 -5 -4 14 -11 27 17 -14 -19 20 -2 -22 -21 24 25 -23 -12 -10
right_child=19 2 4 11 -6 -7 -8 -9 15 10 26 -13 16 -15 -16 -17 -18 18 -20 22 21 23 -24 -25 -26 -27 -28 -29
leaf_value=0.004215283008444347 0.022091472120463321 -0.0062318888731897407 -0.00089764390188274876 0.0060998759846181598 0.011640167923166961 0.0079596171197637879 0.0038226418689425064 0.0050590379594032276 -0.0086288557395965814 0 0.0062673191997393062 0.026238750839783928 -0.018461592794220112 -0.022300223738340261 -0.014984191200666692 -0.003240352893821141 -0.023657654779976483 0.0010448855794369018 -0.015892431440024696 0.0097446641256194125 -0.0016020920708128212 0 -0.0043734575224133468 0.019066464038149933 -0.0026381388664049087 0.020222289020325517 -0.0063447616252103687 -0.022048147118148519
leaf_weight=10.199220746755598 9.236472547054289 13.706759721040724 9.6064253449439914 7.158976048231124 9.7115883529186231 9.4498808383941633 7.9265288710594168 7.1006034016609183 5.6497912108898225 11.290967613458635 7.0424883663654345 14.64969524741173 8.5496070981025785 8.24007301032543 9.0591030716896039 6.6192980408668509 9.600066125392912 11.951035678386683 6.4449353516101899 9.1927243173122424 9.7860252857208234 7.9918882846832338 7.9257276058197013 10.725625842809675 7.6072306036949149 10.03132778406143 7.4231588840484619 18.856140166521072
leaf_count=31 25 39 30 20 27 28 23 21 19 36 22 40 27 29 30 20 32 36 20 25 27 22 22 29 21 27 24 66
internal_value=-9.97414e-05 -0.00377306 0.0005912 0.0103146 -0.00415596 -0.00687578 -0.00972098 -0.00895181 -0.0102685 -0.00597277 -0.00858148 0.0207033 -0.0122201 -0.0126047 -0.00714285 -0.0168219 -0.0148859 -0.0104671 -0.00533824 0.00983569 0.0116887 0.00885043 0.00306008 0.0117745 0.00761635 0.012122 0 -0.0198612
internal_weight=272.733 200.236 108.755 35.5154 73.2401 63.5285 54.0786 91.4808 84.3802 53.255 43.0558 21.8087 46.1521 28.5901 20.3501 31.1252 36.5456 26.9456 18.396 72.497 55.3786 46.1421 17.1185 36.3561 25.6304 18.0232 14.4656 24.5059
internal_count=818 620 322 99 223 196 168 298 277 172 141 60 145 95 66 105 115 83 56 198 151 126 47 99 70 49 46 85
is_linear=0
shrinkage=0.03


Tree=75
num_leaves=26
num_cat=0
split_feature=34 27 41 4 8 20 20 40 14 16 19 14 33 30 23 33 16 1 16 22 27 23 33 30 30
split_gain=8.62147 4.20335 3.5853 2.7528 2.34927 1.85869 3.85433 2.93167 2.82588 2.26508 2.04285 1.82548 1.5992 1.52923 1.43053 1.56843 1.3314 1.19329 1.15524 1.09051 0.884542 0.776473 0.463318 0.255684 0.519027
threshold=-0.39833667079514085 1.1139456412657032 352.00000000000006 -0.53659564353954514 1.0000000180025095e-35 -0.96251815589241441 -0.18655903810004137 491.50000000000006 0.92555755467944012 0.73847977757563088 -1.8597549749480231 -0.60625795888122802 -0.43506728313824855 0.16401898850210495 -1.2033868306984119 1.151061657943961 -1.1088488403352743 -0.78186759077463208 0.47457568930264438 0.53967863165179975 0.75599996545293202 0.7681705348463933 1.5190435722750333 0.33099292381614603 0.72059877288224261
decision_type=2 2 2 2 2 2 2 2 2 2 2 2 2 2 2 2 2 2 2 2 2 2 2 2 2
left_child=11 2 4 -4 5 10 7 12 9 21 -2 14 -7 -13 15 -1 -3 -9 -12 -6 -15 -8 -16 -5 -25
right_child=1 16 3 23 19 6 8 17 -10 -11 18 13 -14 20 22 -17 -18 -19 -20 -21 -22 -23 -24 24 -26
leaf_value=0.005516456409654362 -0.0012898162457163356 0.00080700270995494945 0.0075587986061116455 -0.018520819879970899 0.0059584261581765198 0.011849708220435122 0.0018726228462860872 -0.0010819507736055838 0.020679254875955445 0.01245715101030396 0.021714702623589072 0.0052303708988416693 -0.0045236306569888833 -0.015484501279117298 -0.021408319905664663 -0.013083422106931334 -0.015971414743394498 -0.017673175284229944 0.0063286542334998388 0.026818696467549166 0 -0.010872148609603805 -0.0047254325548873634 0 -0.012428365470154431
leaf_weight=5.5964841544628126 7.2077144682407406 5.4178553670644751 8.0817950516939181 5.302262917160987 5.81463775038719 9.9039250016212481 6.6882266849279421 7.1623498052358618 12.167872726917265 11.115097656846045 13.146509215235712 10.080709218978884 8.3310963064432126 6.8751932531595212 16.732973486185077 7.7502380758523941 10.325731649994848 10.971080869436266 10.666726946830748 6.8105921894311905 4.7326252609491348 6.9487853944301605 3.8054699897766104 4.6299799233674985 4.5720641762018204
leaf_count=27 25 22 28 23 20 34 23 26 37 37 41 38 29 33 86 37 46 42 35 23 21 25 19 20 21
internal_value=0 0.0036526 0.00536012 -0.00517056 0.00748453 0.00574584 0.00291692 -0.00383208 0.00961132 0.00307119 0.011802 -0.00996532 0.00428988 -0.00256474 -0.0142231 -0.00511071 -0.0102816 -0.0120089 0.0158432 0.0192891 -0.00961594 -0.00465898 -0.0191215 -0.0126819 -0.00663257
internal_weight=210.838 155.264 139.521 22.5861 116.935 104.309 73.2884 36.3685 36.92 24.7521 31.021 55.5737 18.235 21.6885 33.8852 13.3467 15.7436 18.1334 23.8132 12.6252 11.6078 13.637 20.5384 14.5043 9.20204
internal_count=818 557 489 92 397 354 253 131 122 85 101 261 63 92 169 64 68 68 76 43 54 48 105 64 41
is_linear=0
shrinkage=0.03


Tree=76
num_leaves=31
num_cat=0
split_feature=7 33 36 29 27 20 19 40 20 23 37 25 40 30 30 24 28 10 28 41 9 7 40 15 28 7 2 35 15 14
split_gain=2.76364 2.40602 2.54709 2.35927 1.65205 4.23408 2.81815 2.25486 2.78907 2.37018 3.61966 2.20821 2.22209 2.00365 2.1526 1.88337 1.69512 1.93918 1.60568 1.59586 1.56922 1.3768 1.32067 1.40957 1.29922 1.2231 0.83459 0.487645 0.431283 0.303723
threshold=-1.1913118679516914 0.63081136526899617 -0.97296925890432806 -0.6289824982604143 0.21908145173377594 -0.18655903810004137 1.0000000180025095e-35 519.50000000000011 -0.96251815589241441 0.48651948262570677 1.0000000180025095e-35 -0.97733842244154667 694.50000000000011 1.5554684494524489 0.6649407944442286 0.57741818040544945 -0.13425844039135346 0.26305067216614569 0.83323589173245827 491.50000000000006 -1.0000000180025095e-35 -0.36592233956670245 331.00000000000006 1.066065955283239 0.51073778102452083 -0.13117623481498064 0.99249244871392606 -1.1760496052772789 0.51821487853017933 -0.65945256253744289
decision_type=2 2 2 2 2 2 2 2 2 2 2 2 2 2 2 2 2 2 2 2 2 2 2 2 2 2 2 2 2 2
left_child=-1 2 19 24 5 7 -6 9 15 21 -11 -7 28 14 16 -9 -8 -18 -16 -2 -20 -4 23 26 25 -3 29 -10 -13 -5
right_child=1 3 4 22 6 11 13 8 27 10 -12 12 -14 -15 18 -17 17 -19 20 -21 -22 -23 -24 -25 -26 -27 -28 -29 -30 -31
leaf_value=0.015325638575566162 0.017226468791743634 -0.01149637376374928 -0.0042177290421873403 -0.0026486008590957738 0.017458985110319125 0.0025054609492912616 0.0070082279118190999 -0.0092884555403665563 0.02080463331183276 -0.020615823113784872 0.004695800788460487 -0.02257797726113682 0 -0.012053221662962377 0.016619423285687506 0.0086178055167633067 -0.017028232335581768 0.0013159089291465238 0.011905325815956335 0.0011630478906371879 -0.0036144909943274621 0.0091564255922850311 0.00042319646263517613 0 0.0099999690342863854 0.0040377834046949525 -0.023276110431118002 0.0074248250647170255 -0.0093991674180319718 -0.012900464136695045
leaf_weight=8.8520841300487501 11.798032611608507 7.1531068086624146 11.083357453346252 7.0374863147735658 9.4071812331676465 8.073726147413252 7.9509726166725185 10.143796324729921 8.1149933636188525 11.10965144634247 7.1962507665157309 13.505661189556127 6.9940201342105857 7.7369260787963858 11.044194668531416 8.063254386186598 9.1315871775150317 8.657209098339079 8.0562087595462781 11.460317403078077 13.116398125886919 13.305094122886658 7.7929846048355094 6.7993479967117301 8.973159968852995 7.7213248908519763 9.0197176635265333 9.5215176343917829 9.0527992248535138 9.073209077119829
leaf_count=24 32 21 31 22 26 23 22 28 22 32 20 41 20 23 30 22 26 24 22 32 37 37 22 20 25 22 30 26 27 29
internal_value=8.75788e-05 -0.000455628 0.00104691 -0.00552553 -9.33486e-05 -0.00235473 0.0033038 0.00156797 0.00701943 -0.0029559 -0.0107606 -0.0104422 -0.0141229 0.000843012 0.00292616 -0.0010016 -0.00328331 -0.00838161 0.00799056 0.0101037 0.00242314 0.00295454 -0.00989826 -0.0125028 0.00167612 -0.00343497 -0.0156163 0.0150429 -0.0184544 -0.00936997
internal_weight=286.946 278.093 214.523 63.5703 191.265 116.164 75.1007 78.5379 35.8436 42.6944 18.3059 37.6262 29.5525 65.6935 57.9566 18.2071 25.7398 17.7888 32.2168 23.2584 21.1726 24.3885 39.7227 31.9298 23.8476 14.8744 25.1304 17.6365 22.5585 16.1107
internal_count=818 794 603 191 539 329 210 218 98 120 52 111 88 184 161 50 72 50 89 64 59 68 123 101 68 43 81 48 68 51
is_linear=0
shrinkage=0.03


Tree=77
num_leaves=30
num_cat=0
split_feature=13 35 34 29 30 19 19 13 20 0 27 36 31 31 12 26 31 20 35 25 36 35 41 2 5 40 12 13 29
split_gain=10.665 4.88412 5.51826 7.03234 2.64427 1.94893 2.31965 1.66967 1.62108 1.5504 1.38246 2.10293 1.82137 1.41931 1.28263 1.34163 1.28062 2.51416 1.63393 1.20364 1.08682 1.71348 2.06937 2.69767 0.748753 0.731702 0.47359 0.309701 0.185922
threshold=0.95607323301601244 -0.13433462377699595 -0.27636320933928216 -0.6289824982604143 1.3884945141384075 0.5492388009941519 -0.65525808697693577 -1.5572593445859459 -0.70386511662828999 -0.53069396329009111 -0.13886422407899501 0.084371520281239662 0.19549753094960839 1.0000000180025095e-35 0.49725846152923275 0.33634737068533976 1.0419603495845868 0.3307470404282073 0.69903736142323047 0.43663899099528752 -0.42257268891732019 0.90738035772328729 364.00000000000006 1.1879180157050271 1.132063182797977 639.50000000000011 -0.44351647472998518 1.5659999958636666 -0.40473410457434894
decision_type=2 2 2 2 2 2 2 2 2 2 2 2 2 2 2 2 2 2 2 2 2 2 2 2 2 2 2 2 2
left_child=1 5 3 -3 10 6 7 -1 14 -5 -4 13 -13 -12 15 -9 18 -18 -14 28 21 22 26 -24 -22 -10 -2 -25 -8
right_child=20 2 4 9 -6 -7 19 8 25 -11 11 12 16 -15 -16 -17 17 -19 -20 -21 24 -23 23 27 -26 -27 -28 -29 -30
leaf_value=0.0042402239373337154 -0.0045636408535511029 -0.0061000930525052484 0.0028651652694841141 0.0058850124165619622 0.0093647108271104028 0.0049309350404004538 -0.0084789634604049771 0 0.0061176134039512492 0.025626915145648504 -0.0050796064843014075 -0.016401124248045462 0.013139288636519126 -0.024695898290459133 -0.022075162695985934 -0.014740707695511536 0.0054586912290008251 -0.0171526576766011 -0.0047350614442979106 -0.003179919784989012 0.0074372107762356622 -0.0025661260180351109 0.0028770162434156822 0.028018318879050021 0.022958113264962436 -0.0061689973659123489 0.005189576487109453 0.012111836233301733 -0.021813617597482338
leaf_weight=10.193817824125288 7.1912921965122223 13.682120949029921 10.385253578424452 7.1586997509002677 9.5946727097034437 7.1156365871429434 5.617359980940825 11.28801165521145 7.06003186106682 14.644820243120195 7.7554853260517147 6.6880886554718009 8.7969259917736071 8.6264066249132139 8.1230812668800336 8.9738212227821332 7.0080456733703596 7.5894917547702789 6.606894224882125 6.6049525141715995 9.169902980327608 11.628011822700499 12.831691712141039 7.7870434820651999 8.197918623685835 7.3860123455524445 7.6111729741096479 8.0358348190784437 18.608790501952171
leaf_count=31 20 39 32 20 27 21 19 36 22 40 24 21 26 27 29 30 21 24 21 20 25 32 35 21 22 24 21 22 66
internal_value=-0.000106418 -0.00371113 0.000546094 0.0100603 -0.0041045 -0.00878172 -0.0100818 -0.0058281 -0.00842212 0.0201986 -0.00640265 -0.00835507 -0.00384537 -0.0169498 -0.0124113 -0.0070067 -0.000208198 -0.00642745 0.00537793 -0.0166022 0.00961244 0.00701364 0.00971051 0.0142246 0.0163241 0 9.9322e-05 0.0220347 -0.0196296
internal_weight=271.961 199.508 108.537 35.4856 73.0513 90.9715 83.8559 53.0248 42.831 21.8035 63.4566 53.0713 36.6894 16.3819 28.3849 20.2618 30.0014 14.5975 15.4038 30.8311 72.4529 55.085 43.457 28.6546 17.3678 14.446 14.8025 15.8229 24.2262
internal_count=818 620 322 99 223 298 277 172 141 60 196 164 113 51 95 66 92 45 47 105 198 151 119 78 47 46 41 43 85
is_linear=0
shrinkage=0.03


Tree=78
num_leaves=25
num_cat=0
split_feature=8 20 41 31 23 12 12 35 26 33 12 22 28 23 15 30 28 32 33 33 30 32 41 32
split_gain=8.28845 3.23554 3.61853 2.90584 2.53518 2.4153 3.10738 2.5 2.2694 2.0129 1.7896 1.68074 1.45003 2.62201 1.29954 1.26087 1.15528 0.979885 0.886081 1.56157 0.655234 2.62711 0.0906139 0.828523
threshold=0.94666347081449642 -0.96251815589241441 216.00000000000003 1.5498380407655739 -0.64008472625703905 -0.54685596194938058 -0.62588011849340031 -0.65519211452713744 0.69418466442048266 -0.25742084173704111 2.2389893502302702 -0.59033106295017823 0.83323589173245827 -0.92173577847772548 1.3399914936597692 -0.2812448390020052 -1.746748993931039 0.23845955808365463 -0.61271372453945594 0.097872041065373838 -1.1717724940102248 0.23845955808365463 364.00000000000006 -1.0199915290933157
decision_type=2 2 2 2 2 2 2 2 2 2 2 2 2 2 2 2 2 2 2 2 2 2 2 2
left_child=1 4 8 5 -1 6 14 9 -3 11 15 -7 22 -14 17 -9 -6 -4 -17 -20 -18 -22 23 -2
right_child=12 2 3 -5 16 7 -8 10 -10 -11 -12 -13 13 -15 -16 18 20 -19 19 -21 21 -23 -24 -25
leaf_value=-0.0054321064216851572 -0.017292678081642896 0.022541027306089183 -0.0039764195868255978 0.013425106931351034 0.0014095376986305789 -0.00098815280545797675 0.018129865906358799 4.971198579664539e-05 0 -0.0065694202795032308 0.0055289677199819899 0.018640555605341804 0.010495387615279825 -0.013769290154967829 -0.010916900314089902 -0.018584725414108178 0.022341879700137617 0.011171624221342302 0 -0.013246544513246064 0.021675366390904529 -0.0033846769104920195 -0.020605995647315689 0
leaf_weight=6.1576484888792029 4.852693498134613 8.6908946484327299 5.7984798252582603 9.63050629198551 6.6602655649185207 5.8132520914077759 8.8032836467027646 8.5493364483117968 5.7794589251279822 9.3732116222381574 6.1715248078107825 7.3603576719760913 5.2526626735925666 8.1186529844999296 7.3661770820617667 13.49560083448886 11.978619113564493 6.1667740345001221 14.013564139604581 20.335578203201294 5.7708684056997281 6.3889096975326538 12.994010195136068 4.9058426171541232
leaf_count=22 24 30 22 34 22 20 29 31 21 33 24 24 22 38 29 55 38 20 57 91 20 21 70 21
internal_value=0 0.00275076 0.000544882 -0.00114264 0.0104519 -0.00259307 0.0047456 -0.00512839 0.0140119 0.00309832 -0.00818983 0.0103543 -0.0127637 -0.00373674 -0.00192798 -0.00989915 0.0139181 0.00375994 -0.011746 -0.00822649 0.0168511 0.00914344 -0.017262 -0.0101243
internal_weight=210.428 174.304 137.348 122.878 36.9563 113.247 28.1347 85.1124 14.4704 22.5468 62.5656 13.1736 36.1239 13.3713 19.3314 56.3941 30.7987 11.9653 47.8447 34.3491 24.1384 12.1598 22.7525 9.75854
internal_count=818 643 520 469 123 435 100 335 51 77 258 44 175 60 71 234 101 42 203 148 79 41 115 45
is_linear=0
shrinkage=0.03


Tree=79
num_leaves=31
num_cat=0
split_feature=1 41 38 2 30 30 15 34 35 39 38 33 30 22 34 19 36 11 24 41 28 24 23 28 19 1 33 35 26 23
split_gain=2.6539 2.29521 2.07246 1.9685 2.63773 4.25081 2.82613 2.46907 2.76739 2.12844 2.75966 3.33069 2.43814 2.92764 1.89491 1.86639 2.30462 1.61251 1.56684 1.57573 1.5303 1.52475 1.41139 1.38124 1.33504 1.30571 1.25554 0.863456 0.725939 0.518091
threshold=-0.99805496189325038 291.50000000000006 1.0000000180025095e-35 1.7249868400978359 0.83191472975826997 1.5554684494524489 -0.44052450578767544 -0.11627304117846736 -0.55102061637710931 1.0000000180025095e-35 -0.58262379249378615 1.0000000180025095e-35 0.10836101006409125 -0.11949369019935424 -0.27636320933928216 1.0000000180025095e-35 0.48992688764008774 -1.1848123386700735 0.57741818040544945 639.50000000000011 -0.77925466180722758 -0.43551731859651466 0.48651948262570677 -1.325709793840121 -1.5586307529552512 2.3785858822451682 0.097872041065373838 1.0000000180025095e-35 0.33634737068533976 -0.35843367403635273
decision_type=2 2 2 2 2 2 2 2 2 2 2 2 2 2 2 2 2 2 2 2 2 2 2 2 2 2 2 2 2 2
left_child=-1 2 17 4 6 18 7 29 24 10 26 21 13 20 27 -10 -17 -2 19 -6 23 -12 -23 -11 -9 -5 -8 -13 -26 -3
right_child=1 3 -4 25 5 -7 9 8 15 12 11 14 -14 -15 -16 16 -18 -19 -20 -21 -22 22 -24 -25 28 -27 -28 -29 -30 -31
leaf_value=0.015035564100235805 -2.9880316439823247e-05 -0.007413181234208391 0.0037342092297000151 -0.013716448783396614 0.0228783296588107 -0.0096792836869389488 0.00066340138383716386 0.0019979588344536964 0.015333441698637918 0.0095011377417555994 -0.0070080597171996882 0.0027731410506267222 0.017685880682136002 -0.010579032571128126 -0.021604303108569506 0.008982531081567444 -0.012336544447769771 -0.018596335365935603 0.0012285424832754032 0.0051332617671760198 0.015973676897210905 0.015309384946424186 0 -0.0061117559487917587 -0.019200384505521115 0.0013059292693626912 0.017408340398759829 -0.010146037771309393 -0.0053502081682336809 -0.020700212508470539
leaf_weight=8.8408026993274671 6.7391657233238265 11.007268697023393 7.8265857100486746 12.343949884176256 14.182424277067186 8.0923900902271253 8.9723986983299273 7.095104485750201 9.0553433895111102 8.4777929186820966 8.8602201938629168 7.02429071068764 13.063951820135115 9.1805014908313733 9.5714489519596082 8.2577548027038556 7.0053471326827994 13.676714777946472 8.9757956564426404 9.2540370523929578 10.535096079111101 8.4030218124389666 13.281799882650374 8.6802578270435351 7.2617104649543789 6.8746788203716269 7.4812830090522757 8.0870534479618055 11.153302729129789 7.0957691073417655
leaf_count=24 20 34 23 38 39 24 25 20 25 23 25 20 36 27 28 23 20 40 25 26 29 23 37 24 21 20 21 24 32 22
internal_value=9.52658e-05 -0.000437454 -0.00832648 0.000476896 0.00128931 0.00809466 -0.000185643 -0.00505294 -0.00132832 0.00251274 -0.000738523 -0.00404286 0.00718177 0.00275805 -0.0119476 0.00559958 -0.000672743 -0.0131629 0.0129411 0.0168424 0.00770132 0.00241783 0.00673219 0.00142465 -0.00809894 -0.00834771 0.00942963 -0.00407141 -0.0121479 -0.0141128
internal_weight=286.357 277.516 28.2425 249.274 230.055 40.5046 189.551 67.9316 49.8286 121.619 71.6815 55.2278 49.9376 36.8736 24.6828 24.3184 15.2631 20.4159 32.4123 23.4365 27.6931 30.545 21.6848 17.1581 25.5101 19.2186 16.4537 15.1113 18.415 18.103
internal_count=818 794 83 711 653 114 539 197 141 342 203 157 139 103 72 68 43 60 90 65 76 85 60 47 73 58 46 44 53 56
is_linear=0
shrinkage=0.03


Tree=80
num_leaves=26
num_cat=0
split_feature=13 33 19 16 32 41 26 15 28 27 29 34 33 19 16 36 35 41 14 22 25 38 26 15 32
split_gain=10.2033 4.78797 3.93791 2.72466 2.70161 2.59477 1.86833 2.46361 2.22211 1.99633 1.86217 1.69085 1.35876 1.25534 1.58883 1.04781 1.64732 1.97314 2.60268 1.02403 0.810009 0.788871 0.658139 0.54959 0.435908
threshold=0.95607323301601244 1.151061657943961 0.85036302298692368 -1.3727529286082607 1.1899713557052667 754.00000000000011 1.4098592518907684 0.38125210934191428 -0.77925466180722758 0.21908145173377594 -0.6289824982604143 0.20390729514316211 0.097872041065373838 -0.65525808697693577 0.47457568930264438 -0.42257268891732019 0.90738035772328729 364.00000000000006 -1.0965435175674791 1.2930184280531185 0.15384350830792071 1.0000000180025095e-35 1.0000000180025095e-35 0.24428934015364928 -1.0199915290933157
decision_type=2 2 2 2 2 2 2 2 2 2 2 2 2 2 2 2 2 2 2 2 2 2 2 2 2
left_child=1 2 3 -1 11 6 7 8 22 12 -3 -4 -10 14 -9 16 17 24 23 -13 -11 -17 -5 -19 -2
right_child=15 10 4 5 -6 -7 -8 13 9 20 -12 19 -14 -15 -16 21 -18 18 -20 -21 -22 -23 -24 -25 -26
leaf_value=0.0059025289411302187 0.0049810858327596959 -0.0018944748709892501 -0.00095176621465706214 -0.0062881661612153809 -0.011332679267186282 0.008338555141886056 0.0017453909260632386 -0.00049002555491754404 -0.0022921294013805191 -0.014741078086574487 0.015347220988682705 0.0044986993797684026 0.011058481567026084 -0.022605125684794818 -0.018712009982245946 0.023041884738169295 -0.00254979771487937 0.02759205550258767 0.0019927497180420228 0.020363568394605108 -0.00093681740693330286 0.0073687209495131422 -0.018016509281304251 0.011192298788833033 -0.0043802960627050171
leaf_weight=10.853450357913969 7.6099492609500885 7.5627490580081966 11.9281642138958 11.358366891741754 7.3569559156894675 6.0601082146167746 10.255655616521834 9.9780245274305361 20.681303024291996 11.942224189639093 13.770801693201063 9.8897933661937731 8.243355453014372 20.241174682974815 7.3115014135837546 7.7804250717163095 11.615459680557249 8.102386802434923 11.721440285444261 7.8733540177345267 7.0174230337142935 9.584585428237915 16.451978400349617 8.8009620606899244 7.1728978753089887
leaf_count=32 21 21 35 37 22 18 32 33 64 38 38 30 24 70 25 21 32 22 32 22 21 26 58 24 20
internal_value=-0.00011296 -0.00364922 -0.00529804 -0.0075902 0.00318978 -0.00882108 -0.00980121 -0.0109085 -0.00740356 -0.00314326 0.00924934 0.00735249 0.00167313 -0.0172676 -0.00939382 0.00939328 0.00683851 0.00948559 0.0138951 0.0128803 -0.0103683 0.0159829 -0.013998 0.0209875 8.52172e-05
internal_weight=271.164 198.776 177.443 140.395 37.0483 129.541 123.481 113.225 75.6947 47.8843 21.3336 29.6913 28.9247 37.5307 17.2895 72.3881 55.0231 43.4076 28.6248 17.7631 18.9596 17.365 27.8103 16.9033 14.7828
internal_count=818 620 561 452 109 420 402 370 242 147 59 87 88 128 58 198 151 119 78 52 59 47 95 46 41
is_linear=0
shrinkage=0.03


Tree=81
num_leaves=26
num_cat=0
split_feature=2 20 41 23 12 19 35 17 15 29 12 26 40 39 28 13 28 23 28 40 27 11 34 15 15
split_gain=7.96754 3.07655 3.42338 2.41626 2.16188 4.39557 3.00606 3.38185 2.64837 2.64104 2.16427 2.01962 1.51339 1.89239 2.34898 3.13184 1.44632 2.54823 1.08516 0.753913 1.77726 0.703629 0.797269 0.0982448 1.12364
threshold=0.64803731265047515 -0.96251815589241441 84.000000000000014 -0.64008472625703905 -0.58545709796878997 -0.35413386498416383 -0.65519211452713744 1.0000000180025095e-35 1.2030287244715041 0.26801107648384742 2.2617450850866194 0.69418466442048266 754.00000000000011 1.0000000180025095e-35 1.1557340024403955 0.4017792614771874 0.83323589173245827 -0.92173577847772548 -1.746748993931039 336.50000000000006 -1.2127012515173072 -0.79809499744782353 0.63081441023866824 0.65517764771844422 0.92910318609497411
decision_type=2 2 2 2 2 2 2 2 2 2 2 2 2 2 2 2 2 2 2 2 2 2 2 2 2
left_child=1 3 11 -1 5 -4 7 -6 -7 -9 12 -3 13 21 15 -15 23 -18 -5 -20 -21 -8 -23 -2 -25
right_child=16 2 4 18 6 8 10 9 -10 -11 -12 -13 -14 14 -16 -17 17 -19 19 20 -22 22 -24 24 -26
leaf_value=-0.0053494393229404523 -0.020641308898320131 0.023434298325274581 -0.01072756209876999 0.001375236636326661 0.019059194083289013 0.020574802073783906 -0.0010052247531206222 0.009851484105451884 0 -0.012118627301856338 0.0094035015629565268 0 0.0024582258517651615 0.011606088861688261 -0.01796539832721961 -0.013717298034196336 0.010371723900327687 -0.013582486930499439 0.0055841929450856972 0.005100472042610194 0.027299945539886634 -0.019384003413502379 -0.0053948732002698343 0.0001654955559902316 -0.017709772346386512
leaf_weight=6.1367522776126853 12.383057087659838 7.2539643347263318 8.8316686004400271 6.6628243178129223 8.515133276581766 13.087339729070665 4.1795956939458803 7.086289435625079 9.0085133165121061 9.8102890849113447 5.3591294884681693 5.5025549381971359 8.7162781953811628 11.324080362915998 5.0581413507461539 5.1071320921182624 5.2708241045474997 8.0125773251056653 7.4461736083030727 6.6876509785652223 10.171147406101221 20.616232573986061 7.7625015974044791 4.5390293449163419 5.5235987901687622
leaf_count=22 65 24 33 22 27 43 20 23 34 36 21 20 32 46 23 23 22 38 25 22 32 86 29 21 29
internal_value=0 0.00268147 0.000524453 0.0101727 -0.00101381 0.00562102 -0.00332487 0.00514285 0.0126764 -0.00252642 -0.00661247 0.0144814 -0.00826094 -0.0101173 -0.00259312 0.00291143 -0.0125958 -0.0035837 0.0135385 0.0163666 0.0199568 -0.0145744 -0.0162213 -0.0171201 -0.0101523
internal_weight=210.052 174.323 137.219 37.1045 124.462 30.9275 93.5348 25.4117 22.0959 16.8966 68.1231 12.7565 62.764 54.0477 21.4894 16.4312 35.7291 13.2834 30.9678 24.305 16.8588 32.5583 28.3787 22.4457 10.0626
internal_count=818 643 520 123 476 110 366 86 77 59 280 44 259 227 92 69 175 60 101 79 54 135 115 115 50
is_linear=0
shrinkage=0.03


Tree=82
num_leaves=31
num_cat=0
split_feature=4 33 34 29 41 34 27 20 27 33 25 36 28 40 36 37 32 41 36 23 27 27 28 15 4 27 40 36 15 36
split_gain=2.56692 2.21873 2.52665 2.19762 2.06595 2.04992 1.61805 3.50003 3.46421 2.29783 2.04335 2.06675 2.24108 3.12644 1.53254 2.45249 2.21073 1.45515 1.38212 1.31356 1.89361 1.31735 1.2546 1.25311 1.19518 1.17727 1.17331 0.58818 0.421311 0.101976
threshold=-0.97265494063779812 0.63081136526899617 -0.48981676688703496 -0.6289824982604143 280.50000000000006 0.57745102085172995 0.21908145173377594 -0.18655903810004137 0.39805428964016148 -0.79036016594066327 -1.2601339051289135 1.0000000180025095e-35 -0.77925466180722758 519.50000000000011 0.084371520281239662 -0.76945909497551546 1.0000000180025095e-35 352.00000000000006 0.5913157294797996 -0.64008472625703905 -0.13886422407899501 0.21908145173377594 0.51073778102452083 1.0000000180025095e-35 -0.28009017465822017 0.93497280335931754 639.50000000000011 0.48992688764008774 0.38125210934191428 -0.42257268891732019
decision_type=2 2 2 2 2 2 2 2 2 2 2 2 2 2 2 2 2 2 2 2 2 2 2 2 2 2 2 2 2 2
left_child=-1 2 17 22 5 -4 7 10 -8 -9 -6 -12 13 -13 16 -16 -10 -2 -17 20 -5 -22 24 -19 -3 -20 28 -14 -11 -21
right_child=1 3 4 19 6 -7 8 9 14 26 11 12 27 -15 15 18 -18 23 25 29 21 -23 -24 -25 -26 -27 -28 -29 -30 -31
leaf_value=0.01479839529930062 0.017176934332764685 -0.011391940371413825 -0.01816419289659035 0.0056938684587626038 -0.011037004833959179 0.0013589916222385863 0.02018288125269125 0.0039651972405740209 0 -0.022564376296472764 -0.0063770555194554166 -0.0061883504346161534 0.006630622000377181 0.010010487348874247 0.011025228377527211 -0.014978711259793401 0.01918569692291653 -0.0045581044727839434 -0.0086547172402545638 -0.022021012683422252 -0.019129154300684174 -0.0023746396673148401 0.0098006498588600385 0.010758999161764329 0.003975788394107325 0.0068436369251030933 -0.002788102582796007 0.021480984470772992 -0.0080654542185255758 -0.0088062555358613473
leaf_weight=8.8296472132205945 10.963492423295977 7.1256473362445831 9.3936146795749682 8.420803904533388 7.7509988844394675 7.4082418382167807 9.2375555634498578 7.5265258848667136 13.522882372140886 9.7940300703048759 12.463100433349608 18.84649142622947 7.9657930433750206 20.843234598636627 7.1641879677772549 10.240488827228548 7.2362494170665732 8.4171321690082532 7.2359580099582654 6.1094546914100647 7.2357267439365414 11.035865634679793 8.9765624105930311 7.4921534657478324 7.7141831815242785 7.2733508050441742 8.3062900304794294 7.756563127040863 7.0708787143230429 6.5217549204826337
leaf_count=24 30 21 28 25 22 21 25 21 38 30 35 53 22 57 20 30 20 24 20 20 24 34 25 21 22 20 24 21 21 20
internal_value=9.703e-05 -0.000427134 0.00101468 -0.00531481 -0.000217765 -0.00982236 0.000772768 -0.00139593 0.00460518 -0.00940179 0.00210321 0.00389644 0.00641972 0.00222763 0.00127929 -0.00269044 0.00742174 0.00936207 -0.00729236 -0.00956792 -0.00497962 -0.0102609 0.0016214 0.00261603 -0.00340452 -0.000597504 -0.0136219 0.0155382 -0.0179675 -0.0172816
internal_weight=285.879 277.049 213.909 63.14 187.036 16.8019 170.235 108.324 61.9107 32.6977 75.6262 67.8752 55.4121 39.6897 52.6731 31.914 20.7591 26.8728 24.7498 39.3236 26.6924 18.2716 23.8164 15.9093 14.8398 14.5093 25.1712 15.7224 16.8649 12.6312
internal_count=818 794 603 191 528 49 479 306 173 96 210 188 153 110 148 90 58 75 70 123 83 58 68 45 43 40 75 43 51 40
is_linear=0
shrinkage=0.03


Tree=83
num_leaves=27
num_cat=0
split_feature=13 33 30 41 12 26 24 33 29 34 14 19 12 36 36 36 35 41 2 32 22 38 10 22 24 12
split_gain=9.72366 4.56904 4.18055 2.49802 2.1108 2.04422 2.01965 1.91059 1.79147 1.73687 2.39495 2.28077 1.97102 1.19551 1.172 1.02671 1.59868 1.90627 2.46664 0.846357 0.84532 0.756654 0.700816 0.524322 0.798366 0.456253
threshold=0.95607323301601244 1.151061657943961 1.4998104710144351 352.00000000000006 0.30409511895988811 1.4098592518907684 0.57741818040544945 0.097872041065373838 -0.6289824982604143 0.31063407391703873 1.3536271338797341 0.5492388009941519 0.077914773224204009 0.5913157294797996 -0.42257268891732019 -0.42257268891732019 0.90738035772328729 364.00000000000006 1.1879180157050271 1.1899713557052667 -0.11949369019935409 1.0000000180025095e-35 -1.8521184156694219 -1.5320058084518264 1.1776762538880947 -0.44351647472998518
decision_type=2 2 2 2 2 2 2 2 2 2 2 2 2 2 2 2 2 2 2 2 2 2 2 2 2 2
left_child=1 2 3 5 6 9 7 -5 -3 10 12 23 14 -13 -1 16 17 25 -19 -7 -16 -17 -20 -11 -25 -2
right_child=15 8 -4 4 -6 19 -8 -9 -10 11 -12 13 -14 -15 20 21 -18 18 22 -21 -22 -23 -24 24 -26 -27
leaf_value=-0.0010165545190158731 -0.0045553451300209737 -0.001888376496447718 0.015460171833429081 -0.0077701019107240515 -0.01155331206250532 0.0088076216504885674 0.015253440730165458 0.0090651504988913997 0.015016261682544271 -0.0051502864634280126 0.0093776086015865089 -0.0094700825547649314 0.002177275331517695 0.00668370638472289 -0.0077633622473934722 0.022608595446362442 -0.0025971271487499935 0.002723824253379842 0.0099911111909804402 -0.0045593600811022006 -0.02132339011468886 0.0072230690843908549 0.02773054120117921 -0.018726924502973856 -0.0048637395915883544 0.0050325893681503354
leaf_weight=8.940861567854876 7.1765126287937164 7.5566377639770534 6.8718382716178885 13.168121606111532 8.5386810004711133 7.1977440714836103 8.6941008865833265 8.7639647424221021 13.753861993551252 7.1535119861364356 7.2491129934787741 6.5856849551200849 12.028954595327376 6.7219764888286591 14.097425028681753 7.7736148536205301 11.609148800373076 12.821872591972353 7.6510149538516954 6.4430330395698547 10.152001231908804 9.5844793617725372 8.1090165376663226 37.259081810712814 6.9239627122879019 7.6043452322483045
leaf_count=27 20 21 19 39 26 22 25 25 38 24 23 20 39 20 47 21 32 35 21 20 34 26 22 128 23 21
internal_value=-0.000111861 -0.00357362 -0.00518957 -0.00618767 0.000309522 -0.0081606 0.00418869 -0.000637093 0.0090289 -0.00943962 -0.00497811 -0.0127751 -0.0076351 -0.00105478 -0.0113047 0.00916805 0.00664313 0.00925481 0.013593 0.00227144 -0.0145847 0.0156817 0.0210829 -0.0155835 -0.0169168 1.80532e-05
internal_weight=270.431 198.101 176.79 169.918 39.1649 130.753 30.6262 21.9321 21.3105 117.113 52.4684 64.6442 45.2192 13.3077 33.1903 72.33 54.9719 43.3628 28.5819 13.6408 24.2494 17.3581 15.76 51.3366 44.183 14.7809
internal_count=818 620 561 542 115 427 89 64 59 385 170 215 147 40 108 198 151 119 78 42 81 47 43 175 151 41
is_linear=0
shrinkage=0.03


Tree=84
num_leaves=27
num_cat=0
split_feature=34 27 41 4 8 2 9 9 15 24 26 24 21 11 33 36 22 22 22 28 36 31 40 11 30 26
split_gain=7.66117 3.77283 3.13773 2.62581 2.40955 1.72765 1.70384 3.26828 2.43939 2.32261 1.58773 1.77541 1.44674 1.43327 2.02552 1.71625 1.44974 1.30713 1.03403 1.0322 0.974534 0.588987 0.418558 0.475296 0.28754 0.607572
threshold=-0.39833667079514085 1.1139456412657032 352.00000000000006 -0.53659564353954514 1.0000000180025095e-35 1.0000000180025095e-35 -0.97148688168084674 -1.3804932147214577 -1.2623011209172648 0.27728914366412677 -0.62534035622785644 -1.2233560400424863 0.33506032795696655 0.72769692802426322 1.0000000180025095e-35 0.084371520281239662 0.35134368255147003 1.1046834789527888 0.53967863165179975 0.83323589173245827 -1.1322945817953036 1.0419603495845868 754.00000000000011 1.2069237285605317 0.33099292381614603 -1.0000000180025095e-35
decision_type=2 2 2 2 2 2 2 2 2 2 2 2 2 2 2 2 2 2 2 2 2 2 2 2 2 2
left_child=5 2 4 -4 6 10 7 9 12 -2 11 -1 -8 14 15 -10 -17 -3 -6 -7 -21 -11 23 -9 -5 -26
right_child=1 17 3 24 18 19 8 22 13 21 -12 -13 -14 -15 -16 16 -18 -19 -20 20 -22 -23 -24 -25 25 -27
leaf_value=0.0039198028159200598 0.012286276548238511 -0.0010663553659046657 0.0074620775539989736 -0.018343887886163722 0.0058248923465508366 -0.017065774960000873 0.018474807030189139 0.0095681336733244998 -0.016211738936721266 -0.0097473827973641389 0.0063475122059898593 -0.016843468946723502 0.0011308031333319109 -0.01543163062682453 0.013994666605853693 0.0063620767098220695 -0.0096415314774627309 -0.018759144148541886 0.026158199648931801 0.0045751281259030583 -0.01211602085695619 0.00080324514847280378 0.0077572811646474575 0.024895940558890401 0.00077398306717333201 -0.012503372869826761
leaf_weight=4.7294421792030334 8.8563479930162448 8.8848728835582715 8.0804284363985079 5.2037773728370658 5.8251429200172407 23.547134563326836 7.9580979794263866 7.8594577908515992 6.0211322307586732 9.7919140160083753 8.9507115036249143 7.7904349863529223 9.849424481391905 5.3877439349889746 5.5856895744800559 12.700783222913744 6.3885096311569205 6.5510343164205542 6.8707119673490524 4.699130117893219 4.5536006987094861 6.1996861398220053 9.2553534358739835 9.1098217964172346 4.4346970170736304 4.576559603214263
leaf_count=20 29 36 28 23 20 126 25 25 23 35 37 35 33 20 18 45 23 32 23 21 22 22 30 26 20 21
internal_value=0 0.00340329 0.00500547 -0.00491134 0.00697314 -0.009542 0.00523451 0.00910143 0.00131432 0.000886562 -0.00233903 -0.00899187 0.0100257 -0.00305367 -7.70158e-05 -0.00404509 0.000402596 -0.00992592 0.0188528 -0.0137736 -0.00362547 -0.00559594 0.0161995 0.0194753 -0.0123676 -0.00622039
internal_weight=209.662 155.391 139.955 22.2955 117.66 54.2705 104.964 51.0726 53.8914 24.8479 21.4706 12.5199 17.8075 36.0839 30.6961 25.1104 19.0893 15.4359 12.6959 32.7999 9.25273 15.9916 26.2246 16.9693 14.215 9.01126
internal_count=818 557 489 92 397 261 354 167 187 86 92 55 58 129 109 91 68 68 43 169 43 57 81 51 64 41
is_linear=0
shrinkage=0.03


Tree=85
num_leaves=29
num_cat=0
split_feature=1 41 27 0 19 24 38 14 29 28 16 26 25 11 27 33 12 28 29 29 15 36 27 33 25 37 30 15
split_gain=2.47697 2.13972 2.02927 4.09063 3.18984 2.23842 2.02281 1.9854 2.04826 3.61562 2.41749 1.64002 4.21867 1.53328 1.46962 2.5796 1.38582 1.30763 1.59865 1.34668 1.58433 1.30375 2.30204 2.03548 1.0363 0.696004 0.692904 0.426311
threshold=-0.99805496189325038 291.50000000000006 0.21908145173377594 -0.24214873990619937 1.0000000180025095e-35 0.87754721714677208 1.0000000180025095e-35 -1.2822269141557561 -0.85323089194647983 0.34948872567055239 0.47457568930264438 -0.28986789335116026 0.15384350830792071 -1.1848123386700735 0.57702712754654673 -0.25742084173704111 -0.52837440383711043 -1.5854999385770703 1.2931465904772896 -0.18048571088828344 0.92910318609497411 -0.82812805627616803 -0.67578273779815101 0.45316492386778873 -0.41174745706681315 1.0000000180025095e-35 0.10836101006409095 0.38125210934191428
decision_type=2 2 2 2 2 2 2 2 2 2 2 2 2 2 2 2 2 2 2 2 2 2 2 2 2 2 2 2
left_child=-1 6 3 21 -4 7 13 -6 10 -10 24 16 17 -2 -11 -16 -5 -13 19 -19 -21 23 -23 -3 -9 -24 -25 -7
right_child=1 2 4 11 5 27 -8 8 9 14 -12 12 -14 -15 15 -17 -18 18 -20 20 -22 22 25 26 -26 -27 -28 -29
leaf_value=0.014546844052813533 -2.6532208842383494e-05 0.010513575513737111 0.016581047697436947 0.00043209105501572072 -0.010411860490816492 -0.013364146539156531 0.0038509572174041493 0.004609837523640318 -0.013164072364107887 0.016360593531553381 -0.00076812188265885321 -0.0063603955067835748 -0.015168734668728324 -0.018196988336607215 0.01424036321519518 -0.0050903891537102813 0.018299483779276787 -0.00089832253211662226 -0.00367345499734124 0.017440626426601213 0.0020635163404712793 0 -0.020887415563726617 -0.013583782433760632 0.021185018858667741 -0.0083328700594659175 -4.2485405414763693e-07 -0.0017459775667595077
leaf_weight=8.8176148533821088 6.7191994786262557 6.7788838148117092 13.269619375467299 7.9378706812858608 6.7027844488620749 7.3710745275020582 7.7936379313468924 7.0934852957725569 10.86153385043144 7.3993569910526302 9.9729611277580243 7.8737313449382773 11.494681090116499 13.549200922250748 8.0366855263710004 15.982022672891619 8.0685515403747541 8.6439862549304873 10.706043839454649 16.436137139797221 11.218751847743986 11.911761969327925 13.453204900026323 7.0539253056049329 13.277314990758896 12.911722779273985 7.0862277448177338 6.9535607099533081
leaf_count=24 20 19 37 22 20 21 23 20 32 21 28 22 33 40 22 47 22 24 30 45 31 34 41 22 37 39 22 20
internal_value=9.68384e-05 -0.000418288 0.00046389 -0.00185742 0.00357609 0.00143799 -0.0080603 0.0034907 0.00503952 0.000541033 0.0107983 0.00240292 0.000152908 -0.0128658 0.00584525 0.00159944 0.0105777 0.00378674 0.0057543 0.0087291 0.0118355 -0.00779802 -0.0110152 -0.00130057 0.0163996 -0.0157339 -0.00781311 -0.00880362
internal_weight=285.376 276.558 248.496 141.575 106.92 93.6508 28.062 79.3261 72.6234 42.2796 30.3438 82.3798 66.3733 20.2684 31.4181 24.0187 16.0064 54.8787 47.0049 36.2989 27.6549 59.1957 38.2767 20.919 20.3708 26.3649 14.1402 14.3246
internal_count=818 794 711 406 305 268 83 227 207 122 85 229 185 60 90 69 44 152 130 100 76 177 114 63 57 80 44 41
is_linear=0
shrinkage=0.03


Tree=86
num_leaves=29
num_cat=0
split_feature=13 35 34 28 24 33 5 36 41 19 19 33 13 20 33 23 15 36 35 41 14 5 40 15 12 28 23 12
split_gain=9.30111 4.38291 4.96978 3.2138 3.00601 2.26859 2.08567 2.04121 3.87485 1.8691 2.27177 2.46922 1.63352 1.53387 2.89983 1.43014 1.95265 0.989972 1.53437 1.83922 2.38462 0.748199 0.675521 0.556263 0.440959 0.240891 0.114369 0.198703
threshold=0.95607323301601244 -0.13433462377699595 -0.27636320933928216 1.4782321131483325 1.4778052906294175 0.19938429329463508 0.042611241676600194 -0.62535037259674409 416.50000000000006 0.5492388009941519 -0.65525808697693577 0.097872041065373838 -1.5572593445859459 -0.70386511662828999 -0.61271372453945594 -0.35843367403635273 -1.2623011209172648 -0.42257268891732019 0.90738035772328729 364.00000000000006 -1.0965435175674791 1.132063182797977 639.50000000000011 0.24428934015364928 -0.44351647472998518 -1.1017527725151648 0.7681705348463933 -0.42362837130223258
decision_type=2 2 2 2 2 2 2 2 2 2 2 2 2 2 2 2 2 2 2 2 2 2 2 2 2 2 2 2
left_child=1 9 5 4 6 -3 15 8 -7 10 12 -12 -1 14 -14 -4 -17 18 19 24 23 -19 -15 -21 -2 -16 -18 -28
right_child=17 2 3 -5 -6 7 -8 -9 -10 -11 11 -13 13 22 25 16 26 21 -20 20 -22 -23 -24 -25 -26 -27 27 -29
leaf_value=0.0045265957634835182 -0.0045197131527610198 -0.0038114585531431409 -0.0005837611416934762 0.010851076962948597 0.007901930320690434 -0.0077561585011426404 0.0038153521528540785 0.02470378801487259 0.017522991933260439 0.0050670220925284424 -0.020350616300802545 0 0.0016602876954298425 0.0060007922681021286 -0.021573854657925256 0 -0.020986297444358065 0.0067268146363506937 -0.0025619001428403127 0.026648073368802858 0.0018954364358535159 0.021912946162040956 -0.0058328269603862386 0.01054725053618686 0.0049129034608750956 -0.0086406911657027647 -0.0043340152020833866 -0.015240159870737072
leaf_weight=10.126180857419966 7.1710185110569 7.5816141068935385 9.5162292122840793 9.7127596437931043 9.4255087673664075 8.2127388715744036 7.895551770925521 8.7229070067405718 10.835345625877379 7.0867486000061026 23.833192273974422 6.3147993683814994 8.7270080745220167 7.061769902706148 12.185760036110876 6.8518671989440838 16.179726138710993 9.1887129247188586 11.600745946168898 8.0444475710392016 11.710292726755144 8.1630829572677595 7.3079621344804764 8.7856799066066724 7.6037195920944196 6.9966394454240826 6.3778503835201263 6.4688212871551496
leaf_count=31 20 22 30 27 28 23 23 24 30 21 86 19 29 22 43 21 53 25 32 22 32 22 24 24 21 23 20 21
internal_value=-0.000109021 -0.00350416 0.00053145 -0.00390475 -0.00648351 0.00957189 -0.00928407 0.0134387 0.00656113 -0.0083512 -0.00964433 -0.0161645 -0.00543662 -0.00803327 -0.0119585 -0.0117396 -0.0143958 0.00896715 0.00648467 0.00904607 0.0133109 0.0153645 0 0.0201213 0 -0.0181155 -0.0176444 -0.0112632
internal_weight=269.689 197.421 107.781 72.4283 62.7156 35.3526 53.29 27.771 19.0481 89.6401 82.5533 30.148 52.4053 42.2791 27.9094 45.3945 35.8783 72.2677 54.9159 43.3152 28.5404 17.3518 14.3697 16.8301 14.7747 19.1824 29.0264 12.8467
internal_count=818 620 322 223 196 99 168 77 53 298 277 105 172 141 95 145 115 198 151 119 78 47 46 46 41 66 94 41
is_linear=0
shrinkage=0.03


Tree=87
num_leaves=24
num_cat=0
split_feature=2 20 41 19 12 35 12 15 40 35 17 35 23 24 28 23 39 28 28 40 27 16 17
split_gain=7.39785 2.89968 3.18729 2.75253 3.93985 4.17655 2.81642 2.44721 2.38946 2.38596 2.45866 2.35107 2.27042 2.06424 1.4363 2.45983 1.31214 2.09318 1.03781 0.704824 1.67914 0.389193 0.321884
threshold=0.64803731265047515 -0.96251815589241441 216.00000000000003 -0.35413386498416383 -0.58545709796878997 -0.65519211452713744 2.2389893502302702 1.2030287244715041 754.00000000000011 -0.55102061637710931 1.0000000180025095e-35 -1.1760496052772789 -0.64008472625703905 0.27728914366412677 0.83323589173245827 -0.92173577847772548 -1.0000000180025095e-35 1.1557340024403955 -1.746748993931039 336.50000000000006 -1.2127012515173072 -0.84494475206228792 -0.75907742984697091
decision_type=2 2 2 2 2 2 2 2 2 2 2 2 2 2 2 2 2 2 2 2 2 2 2
left_child=1 12 13 9 7 -6 8 -5 16 10 -4 -12 -1 -3 21 -16 22 -18 -14 -20 -21 -2 -7
right_child=14 2 3 4 5 6 -8 -9 -10 -11 11 -13 18 -15 15 -17 17 -19 19 20 -22 -23 -24
leaf_value=-0.0052523534187416347 -0.0061474909528751072 0.023793626435560621 0.010572372781712807 0.019733434395221499 0.016924665512843638 -0.0048640898327196157 0.012900418841033495 0 0.0071187971824559354 -0.018047031153036838 -0.016910146678816639 0.0046699447260210511 0.001198067637655841 0.0012658835289960377 0.010321392743496898 -0.013298711806000098 0.0031503239852706481 -0.017493934096194257 0.0053625283751124499 0.0048452767092783851 0.026345329814809606 -0.019593324106458868 -0.016227574044738818
leaf_weight=6.1074479073286048 5.8929006308317193 6.5886416584253302 7.6881902962923041 13.233462885022165 7.4879492968320838 6.2357997596263912 5.4545209854841223 8.9953660964965803 7.2387737333774558 12.149707242846487 9.7502592056989652 6.1485575437545803 6.6788981258869198 8.1228748261928541 5.2736434042453766 7.8402676284313184 13.173599049448972 4.7189604341983786 7.4664986133575466 6.7148111760616365 10.289527773857111 15.979508221149445 19.996485531330105
leaf_count=22 30 22 25 43 23 25 21 34 26 50 37 22 22 29 22 38 56 22 25 22 32 85 85
internal_value=0 0.00255988 0.000458886 -0.00113993 0.00171102 -0.00202089 -0.00499167 0.0122053 -0.00731735 -0.00799536 -0.00180907 -0.00853651 0.00981307 0.0129932 -0.0122849 -0.00330508 -0.00997331 -0.00291697 0.0130563 0.0158056 0.0192605 -0.0168545 -0.0141519
internal_weight=209.227 174.24 136.983 122.272 86.5349 64.3061 56.8181 22.2288 51.3636 35.7367 23.587 15.8988 37.2572 14.7115 34.9863 13.1139 44.1248 17.8926 31.1497 24.4708 17.0043 21.8724 26.2323
internal_count=818 643 520 469 335 258 235 77 214 134 84 59 123 51 175 60 188 78 101 79 54 115 110
is_linear=0
shrinkage=0.03


Tree=88
num_leaves=30
num_cat=0
split_feature=20 31 21 27 19 41 14 27 30 22 37 40 37 15 22 22 27 15 31 26 41 32 41 34 30 15 30 0 36
split_gain=2.38565 2.67159 2.38475 2.278 3.04713 2.80428 3.47793 2.57528 3.86393 2.31552 2.15239 2.36122 3.89094 2.45568 1.82123 1.77175 1.73681 2.40005 1.69546 3.03721 1.33125 1.19964 1.1132 1.06522 1.00264 0.807144 0.724848 0.697849 0.379918
threshold=-0.18655903810004137 -1.062104371022359 -0.39875318815761746 0.21908145173377594 0.5492388009941519 291.50000000000006 -1.1279264492455645 0.57702712754654673 0.6649407944442286 0.82218105530229424 1.013593425392677 600.50000000000011 1.0000000180025095e-35 -0.30356173659941049 0.35134368255147003 -0.49616358840001357 -0.31783706198538036 0.51821487853017933 1.0000000180025095e-35 0.87310331128805407 491.50000000000006 0.45331706077240552 352.00000000000006 -1.165753032454919 0.10836101006409125 0.10732657096538432 -0.72650866650611501 -0.42657970742992407 0.25732895636074843
decision_type=2 2 2 2 2 2 2 2 2 2 2 2 2 2 2 2 2 2 2 2 2 2 2 2 2 2 2 2 2
left_child=1 24 18 4 14 27 23 21 -9 -10 11 13 25 26 15 -2 17 -15 -3 -20 28 -8 -17 -7 -1 -13 -4 -5 -11
right_child=3 2 10 5 -6 6 7 8 9 20 -12 12 -14 16 -16 22 -18 -19 19 -21 -22 -23 -24 -25 -26 -27 -28 -29 -30
leaf_value=-0.013245646408582282 0.0041319455520868759 0.018980322118692633 -0.020992840388054775 -0.016409521041037819 -0.018303204560718513 0 0.02179440151660355 -0.010733895278241222 0.016259480465337352 0 0.012508146353508604 0.022640815115852156 -0.0063291708745991902 0.0068982677931770245 0.0072435809668861591 -0.0044301078178090219 0.010727062670725868 -0.012983121595488343 -0.0063372542006149826 0.016221655732162988 0.009606258278506594 0.0049755465756269402 -0.019976461927835507 -0.013774314213554932 0.00051378819857762618 0.0060540917280928934 -0.0047067528643009544 -0.0025630818226817622 -0.0089272301997169994
leaf_weight=9.5190908908844012 8.3864917755126935 14.159501969814299 6.7934576570987701 8.0334492027759534 14.681564867496489 7.4115903377532986 9.4217965006828326 13.993292719125746 13.334880471229551 6.9802944958210009 12.628098666667936 7.3687705099582672 10.910810053348541 7.9603368043899563 10.607158869504927 13.121249586343771 8.4974192082881945 11.108234405517576 9.6671736538410205 8.6776030063629133 7.9581618607044211 9.3974780142307264 6.9963668882846823 11.174100935459135 6.8028197586536399 7.7172282934188843 6.7594482302665693 7.8255946338176718 6.9654341340065002
leaf_count=29 24 39 20 24 47 22 26 40 37 20 35 20 30 22 31 38 24 31 27 24 22 26 22 35 20 21 20 22 20
internal_value=9.74132e-05 0.0031249 0.00481894 -0.00236114 -0.00727266 0.000226594 0.00244967 0.00564084 0.00173604 0.00708724 0.00185361 -0.000293253 0.00647522 -0.00479059 -0.00246117 -0.00645414 0.000303057 -0.00449396 0.0115147 0.00445096 0.000562682 0.0146784 -0.0111252 -0.00848472 -0.00761361 0.0158325 -0.0145473 -0.0107346 -0.00464132
internal_weight=284.859 128.57 112.248 156.289 53.7928 102.496 86.637 68.0513 49.2321 35.2388 79.7438 67.1157 25.9968 41.1189 39.1113 28.5041 27.566 19.0686 32.5043 18.3448 21.9039 18.8193 20.1176 18.5857 16.3219 15.086 13.5529 15.859 13.9457
internal_count=818 362 313 456 162 294 248 191 139 99 223 188 71 117 115 84 77 53 90 51 62 52 60 57 49 41 40 46 40
is_linear=0
shrinkage=0.03


Tree=89
num_leaves=28
num_cat=0
split_feature=13 35 33 29 28 30 41 21 19 19 33 13 20 33 22 22 29 26 36 35 41 2 38 40 30 12 13
split_gain=8.85615 4.21347 4.60838 4.17579 2.06653 1.94896 2.09154 1.8328 1.79301 2.2155 2.86572 1.56789 1.4888 2.83832 1.48488 2.29644 1.91361 1.46398 0.96288 1.48418 1.78811 2.29745 0.738542 0.651816 0.459111 0.422635 0.365988
threshold=0.95607323301601244 -0.13433462377699595 0.80845780667020373 -0.6289824982604143 1.4782321131483325 0.83191472975826997 754.00000000000011 -0.76565994621490951 0.5492388009941519 -0.65525808697693577 0.19938429329463508 -1.5572593445859459 -0.70386511662828999 -0.61271372453945594 -0.49616358840001357 -0.11949369019935424 1.0000000180025095e-35 0.87310331128805407 -0.42257268891732019 0.90738035772328729 364.00000000000006 1.1879180157050271 1.0000000180025095e-35 639.50000000000011 -1.0604565371341974 -0.44351647472998518 1.5659999958636666
decision_type=2 2 2 2 2 2 2 2 2 2 2 2 2 2 2 2 2 2 2 2 2 2 2 2 2 2 2
left_child=1 8 4 -4 5 6 14 -7 9 11 -11 -1 13 -13 -3 -16 17 -17 19 20 25 -22 -20 -14 -15 -2 -23
right_child=18 2 3 -5 -6 7 -8 -9 -10 10 -12 12 23 24 15 16 -18 -19 22 -21 21 26 -24 -25 -26 -27 -28
leaf_value=0.004419194729272477 -0.0045048676986892168 -0.014484395967703708 -0.0011833958807179739 0.025183333511127216 0.0094000586465298498 -0.0012124430816145646 0.011038076551902528 -0.021077353960495149 0.0049182688378611363 -0.020281740888168195 0.0018308667066595245 0.0016854011085613114 0.005913672770585519 -0.021661798133035818 0.0130491477038723 -0.0045614492904707885 -0.017059357678926568 0.009565802523350677 0.021861300170769166 -0.0025881199961278007 0.0025394073725307741 0.026201163421203898 0.0067937060487781474 -0.0057157907729204318 -0.0072367869078518677 0.0047383646063057583 0.010721914770231324
leaf_weight=10.145379722118376 7.1674656867980957 8.1628969609737378 9.0474694073200244 10.194489538669584 10.046809196472166 8.4599757194519061 8.6432842612266523 8.898426026105879 7.1010226607322684 24.101183444261554 5.7399291098117819 8.718824550509451 7.0706251859664935 12.487066492438315 6.7124181389808575 22.963422164320956 6.9097464382648459 7.4703436791896811 7.7508937716484079 11.596646875143049 12.80760979652405 7.6882671415805799 9.5884230434894562 7.2818831652402878 6.5092311650514629 7.6072002351284009 7.9959855973720551
leaf_count=31 20 27 25 28 28 26 25 29 21 88 17 29 22 44 20 70 22 22 21 32 35 21 26 24 22 21 22
internal_value=-0.000109261 -0.00343256 0.000525084 0.0133075 -0.00237041 -0.00410592 -0.00134824 -0.0125805 -0.00820087 -0.00947593 -0.0159529 -0.00532034 -0.00787821 -0.0117653 -0.00376109 -0.00123101 -0.0043571 -0.000619411 0.00874694 0.00630027 0.00882353 0.0130332 0.0150519 0 -0.017903 0 0.0202836
internal_weight=268.867 196.664 107.509 19.242 88.2673 78.2205 60.8621 17.3584 89.1551 82.0541 29.8411 52.213 42.0676 27.7151 52.2188 44.0559 37.3435 30.4338 72.2025 54.8632 43.2665 28.4919 17.3393 14.3525 18.9963 14.7747 15.6843
internal_count=818 620 322 53 269 241 186 55 298 277 105 172 141 95 161 134 114 92 198 151 119 78 47 46 66 41 43
is_linear=0
shrinkage=0.03


Tree=90
num_leaves=27
num_cat=0
split_feature=8 20 20 13 40 39 23 21 12 30 34 22 33 19 19 16 16 21 39 9 13 35 34 14 8 35
split_gain=7.13045 2.7484 2.51783 3.6448 2.91347 2.48921 2.18655 2.07656 1.98123 1.97936 2.90002 1.88626 2.05653 1.96902 1.75478 2.29149 1.62615 1.6192 1.21016 0.886654 0.852286 0.773658 1.2135 0.786113 0.910665 0.401789
threshold=0.94666347081449642 -0.96251815589241441 -0.18655903810004137 -1.2006061900073088 180.00000000000003 1.1206347738274143 -0.64008472625703905 -0.39875318815761746 -0.54504537010719767 -0.1142709036879639 0.57745102085172995 0.72801358075212941 0.097872041065373838 0.85036302298692368 0.5492388009941519 0.47457568930264438 -1.1088488403352743 1.0000000180025095e-35 1.0000000180025095e-35 -1.3804932147214577 -1.0305059879528471 0.3865228669731457 -1.0234506607564173 -1.2079606238634268 1.7340862474361189 -0.96770660897722249
decision_type=2 2 2 2 2 2 2 2 2 2 2 2 2 2 2 2 2 2 2 2 2 2 2 2 2 2
left_child=1 6 4 -4 -3 7 -1 -6 18 10 -9 12 14 -13 15 -10 -15 -14 -5 -8 -21 22 -2 24 -23 -22
right_child=21 2 3 8 5 -7 19 9 11 -11 -12 13 17 16 -16 -17 -18 -19 -20 20 25 23 -24 -25 -26 -27
leaf_value=-0.0052273002424957204 -0.012939367160494958 0.014124041259810828 0.021473219740475565 0.014909007657909944 -0.020087031321788892 0.0073292317849944005 0.0041637506016162533 -0.018196144970519718 -0.010250403602643747 0.0093184131006031189 0.0027573111209225651 0.0025522455371992008 0.0049258754403424124 0 0.017333720809214938 0.011383966590291537 -0.020513617627397247 -0.01411841797237442 0 0.024508054488996275 0.014087579009251078 0.0025307861090134096 0.0046636378213108969 -0.020637863324176369 -0.012777338109913307 0.0020914327662445199
leaf_weight=6.0997447818517676 5.2304338663816452 4.9554336518049231 7.7398998886346808 11.696180269122125 12.120106130838392 7.2209681719541541 10.795231163501741 11.657789379358293 6.9065849184989947 5.3224484920501736 9.4291050583124143 8.8847657293081301 5.5298797041177732 4.5481172055006018 9.1596659570932371 7.6696828305721283 9.5452211350202543 7.604811817407608 6.7674928009510031 7.6115882694721249 6.1262191534042376 4.1040619164705259 5.5663890838623029 12.214934557676317 7.5122444331645966 6.7515609860420192
leaf_count=22 28 17 23 39 50 26 36 45 27 21 34 34 24 19 32 26 45 33 25 22 19 20 26 64 37 24
internal_value=0 0.00250672 0.000454354 0.00359811 -0.00471603 -0.00726726 0.00955315 -0.0103249 0.0013859 -0.00479093 -0.00900018 -0.00122675 0.00284256 -0.00777553 0.00804362 0.000759907 -0.0142904 -0.00600745 0.00961103 0.0127253 0.0163715 -0.0121277 -0.00391422 -0.0151598 -0.00724059 0.0090899
internal_weight=208.771 174.142 136.758 86.0523 50.7059 45.7504 37.3843 38.5294 78.3124 26.4093 21.0869 59.8487 36.8706 22.9781 23.7359 14.5763 14.0933 13.1347 18.4637 31.2846 20.4894 34.6281 10.7968 23.8312 11.6163 12.8778
internal_count=818 643 520 327 193 176 123 150 304 100 79 240 142 98 85 53 64 57 64 101 65 175 54 121 57 43
is_linear=0
shrinkage=0.03


Tree=91
num_leaves=28
num_cat=0
split_feature=1 41 27 0 30 33 33 38 27 0 5 31 26 25 34 32 20 32 11 36 27 33 26 21 37 24 0
split_gain=2.30806 1.98262 1.9598 3.82986 2.36931 3.82343 3.27518 1.94454 1.74573 3.4962 2.77905 1.92081 1.54623 4.07791 1.88161 1.73858 1.75194 2.46601 1.48826 1.31079 2.21112 1.95351 1.19512 1.18883 0.674936 0.457354 0.436619
threshold=-0.99805496189325038 291.50000000000006 0.21908145173377594 -0.24214873990619937 1.5554684494524489 -0.25742084173704111 -0.79036016594066327 1.0000000180025095e-35 0.57702712754654673 -0.62588414007652959 0.11289846368443095 -1.1588429788663566 -0.28986789335116026 0.15384350830792071 -0.16963643056540559 1.0058077819720512 -0.96251815589241441 0.23845955808365463 -1.1848123386700735 -0.82812805627616803 -0.67578273779815101 0.63081136526899617 -1.0950018042552312 -0.39875318815761746 1.0000000180025095e-35 0.27728914366412677 0.94772846992428239
decision_type=2 2 2 2 2 2 2 2 2 2 2 2 2 2 2 2 2 2 2 2 2 2 2 2 2 2 2
left_child=-1 7 3 19 5 6 25 18 9 -7 23 -12 14 15 -5 16 -14 -18 -2 21 -21 -3 -23 -10 -22 -4 -19
right_child=1 2 4 12 -6 8 -8 -9 10 -11 11 -13 13 -15 -16 -17 17 26 -20 20 24 22 -24 -25 -26 -27 -28
leaf_value=0.014063857663524316 0 0.009690814879736151 0.0073281306213043105 0.01952962139937502 -0.0095298244738308783 -0.0052088497557715536 0.021425032133804135 0.0038838353033623096 -0.0036329958611601579 0.01797926072807568 0.012752487895153602 -0.0034236046262215458 -0.0076233109807218079 -0.015009562432608342 0 0.012609292779655704 0.013871199825289711 -0.0077589050703151512 -0.01780164768998457 0 -0.020595938122962294 0.0006636906122660202 -0.015581591482935463 -0.019486969812856931 -0.0081766680608933388 -0.0017620997082290915 0.00132939950205997
leaf_weight=8.7906713485717756 6.6911683082580611 7.5133482813835171 7.3180919587612179 7.7308030724525478 9.628913611173628 9.3738595843315142 17.527081966400146 7.7720620036125174 12.192648470401766 11.109333932399748 10.393721073865889 12.906201094388964 14.016347348690024 11.434355169534681 8.2819458544254285 13.060123115777968 12.760740846395501 7.3696884512901288 13.42137935757637 11.899575442075728 13.313185781240465 6.4887623786926278 6.7807768881320927 7.3950798213481894 12.841336220502852 8.7429702281951887 7.5548803508281708
leaf_count=24 20 21 20 21 29 28 48 23 35 31 30 38 39 33 23 36 35 21 40 34 41 20 22 22 39 24 21
internal_value=9.68116e-05 -0.000400901 0.000447853 -0.00183752 0.00351109 0.00499257 0.0129453 -0.00778068 0.000483054 0.00746326 -0.00285508 0.00388523 0.00228273 9.15853e-05 0.0102146 0.00366748 0.000387627 0.0048323 -0.0125225 -0.00760754 -0.0108367 -0.00109406 -0.00797084 -0.0108634 -0.0154895 0.00231028 -0.0030918
internal_weight=284.309 275.518 247.634 141.046 106.588 96.959 33.5881 27.8846 63.3708 20.4832 42.8877 23.2999 82.2089 66.1961 16.0127 54.7618 41.7017 27.6853 20.1125 58.837 38.0541 20.7829 13.2695 19.5877 26.1545 16.0611 14.9246
internal_count=818 794 711 406 305 276 92 83 184 59 125 68 229 185 44 152 116 77 60 177 114 63 42 57 80 44 42
is_linear=0
shrinkage=0.03


Tree=92
num_leaves=27
num_cat=0
split_feature=13 19 41 32 16 30 34 15 0 16 16 22 24 15 35 34 34 8 13 22 14 14 41 25 23 8
split_gain=8.39285 4.04937 3.51864 3.03155 2.5962 2.32011 1.67885 1.61963 2.8691 3.30598 2.65342 2.08678 1.40156 1.36782 1.20612 1.11064 4.86402 0.864713 2.14298 0.858344 0.827909 1.9232 1.62554 1.10172 0.673594 0.579494
threshold=0.95607323301601244 0.85036302298692368 416.50000000000006 1.1899713557052667 -1.3727529286082607 0.27533494537813236 -0.3297265987262204 0.38125210934191428 2.280390944934422 -0.84494475206228792 0.47457568930264438 -0.30782863929968396 0.57741818040544945 -1.1253383517290001 -0.96770660897722249 -0.39833667079514085 0.20390729514316211 1.8686583048608585 1.5067044889097503 1.2930184280531185 -1.125392313895029 -1.0610821558317229 722.00000000000011 0.43663899099528752 -0.35843367403635273 -0.88829278797824263
decision_type=2 2 2 2 2 2 2 2 2 2 2 2 2 2 2 2 2 2 2 2 2 2 2 2 2 2
left_child=1 2 4 15 -1 -4 -7 10 9 -9 12 14 24 -13 25 -3 -17 18 20 -18 23 -22 -23 -2 -6 -12
right_child=17 3 5 -5 7 6 -8 8 -10 -11 11 13 -14 -15 -16 16 19 -19 -20 -21 21 22 -24 -25 -26 -27
leaf_value=0.0065455459206114714 0.019291577076547533 0.016174910877345076 0.013436334443343677 -0.011127125316127157 -0.0066014813944696334 0.0057762442251134546 -0.012263556126564629 -0.00033108407707761094 0.00039476885848520728 -0.023595937376257974 -0.0051501187602496883 -0.00084290152344330288 -0.0011867638027685478 0.016166143939581511 -0.012406216075460672 -0.014551987693145607 0.0045869783825147215 0.017751335122189849 -0.0040401334115420118 0.019396315457276058 -0.0056712834030672454 0.017806083115720201 0.00014252141101498477 0.0050758950704015877 -0.018269728277821345 0.0064626910396960733
leaf_weight=9.0766225755214673 13.186844259500502 10.477245718240736 11.427258819341661 7.3168431818485251 11.543242096900938 7.4607603251934052 7.8299793899059278 7.831988692283633 8.8917698860168439 22.920964181423187 5.9641285240650159 6.7159541249275208 10.922499582171438 7.3571130186319333 10.65991620719433 7.124918848276141 9.8430687189102191 8.0414842963218671 11.590379744768141 7.8910708129405966 8.5397235751152021 9.9253953397274106 9.1816843748092634 11.665513873100279 18.33655442297459 6.3104138672351837
leaf_count=27 36 29 33 22 35 21 24 27 28 83 21 20 36 22 35 22 30 22 32 22 24 27 25 32 63 20
internal_value=-0.000110586 -0.00335598 -0.00563994 0.00462702 -0.00773102 0.00393493 -0.00337443 -0.00895335 -0.0139805 -0.018148 -0.00610037 -6.65657e-05 -0.0112348 0.00836445 -0.00568146 0.00837228 0.00412279 0.00851098 0.00688064 0.0124873 0.00944802 0.00507863 0.0102374 0.0135153 -0.0144843 0.000438137
internal_weight=268.033 195.902 153.249 42.6531 126.531 26.718 15.2907 117.455 39.6447 30.753 77.8098 37.0075 40.8023 14.0731 22.9345 35.3363 24.8591 72.131 64.0895 17.7341 52.4992 27.6468 19.1071 24.8524 29.8798 12.2745
internal_count=818 620 495 125 417 78 45 390 138 110 252 118 134 42 76 103 74 198 176 52 144 76 52 68 98 41
is_linear=0
shrinkage=0.03


Tree=93
num_leaves=26
num_cat=0
split_feature=2 20 41 31 23 12 19 10 21 36 39 28 23 22 38 27 15 40 28 31 34 40 27 16 35
split_gain=6.85296 2.60568 2.99425 2.5842 2.08195 1.90861 3.8297 3.40692 2.4727 1.85645 1.70176 1.45512 2.3765 1.37053 2.37934 1.40315 2.07508 1.09008 0.973839 0.887724 1.78669 0.667668 1.59883 0.396291 0.380503
threshold=0.64803731265047515 -0.96251815589241441 84.000000000000014 1.5498380407655739 -0.64008472625703905 -0.54685596194938058 -0.35413386498416383 0.60077940061194268 -0.39875318815761746 0.89548225499893552 1.1206347738274143 0.83323589173245827 -0.92173577847772548 -0.77866601205050789 -0.58262379249378615 -0.67578273779815101 -1.2623011209172648 336.50000000000006 -1.746748993931039 0.19549753094960839 -0.27636320933928216 336.50000000000006 -1.2127012515173072 -0.84494475206228792 0.1781798706730888
decision_type=2 2 2 2 2 2 2 2 2 2 2 2 2 2 2 2 2 2 2 2 2 2 2 2 2
left_child=1 4 9 5 -1 6 -4 24 10 -3 19 23 -13 -10 17 -16 -17 -15 -6 20 -7 -20 -23 -2 -8
right_child=11 2 3 -5 18 8 7 -9 13 -11 -12 12 -14 14 15 16 -18 -19 21 -21 -22 22 -24 -25 -26
leaf_value=-0.0051365509310829522 -0.0058919124688936869 0.022779629003712543 -0.012094180110489561 0.012650720745120378 0.00095121969647976611 -0.016361786836727038 -0.005180290074968434 0.023515083432260952 -0.0097777863359855711 5.3997641001195555e-05 0.0039750505506775894 0.010392798768456658 -0.012945535746989964 0.0008627757087239493 -0.015159139080895143 -0.011081209673243296 0.0062595517965064991 0.018509894928996944 0.0049609076404622037 -0.020012665483158176 0.0022169350636100349 0.0044200482821518273 0.025197919814442429 -0.019374182497218579 0.0044425415263576679
leaf_weight=6.0776128619909278 5.8078899234533319 6.7218979746103269 7.70250175893307 9.7498078197240812 6.7062514871358898 7.6872523576021186 5.4809709340333956 8.7570398449897748 10.043853700160978 6.2343319356441498 4.5516032278537741 5.2584593892097473 7.6411523520946485 6.3343051373958499 5.0946142971515611 7.8686230629682496 16.827036008238814 7.2736949920654297 7.5169546008110073 12.020403727889059 7.8402410000562694 6.7712449431419435 10.425851300358767 15.554895132780075 6.3594336211681366
leaf_count=22 30 22 29 34 22 37 18 28 38 22 19 22 38 26 19 34 66 23 25 50 30 22 32 85 25
internal_value=0 0.00245203 0.000447398 -0.00100684 0.00930002 -0.00237785 0.00411581 0.0108586 -0.00462901 0.0133997 -0.0110161 -0.0119561 -0.00292354 -0.000487408 0.0017839 -0.00284642 0.000187182 0.0115938 0.0123815 -0.013777 -0.00725962 0.0150224 0.0183486 -0.0165982 0
internal_weight=208.308 174.046 136.548 123.591 37.4979 113.842 28.2999 20.5974 85.5416 12.9562 32.0995 34.2624 12.8996 53.4421 43.3983 29.7903 24.6957 13.608 31.4203 27.5479 15.5275 24.7141 17.1971 21.3628 11.8404
internal_count=818 643 520 476 123 442 100 71 342 44 136 175 60 206 168 119 100 49 101 117 67 79 54 115 43
is_linear=0
shrinkage=0.03


Tree=94
num_leaves=29
num_cat=0
split_feature=1 33 34 29 30 27 19 33 25 24 32 0 27 27 21 30 0 41 23 27 27 15 38 33 23 33 30 36
split_gain=2.22492 1.91686 2.49853 2.03338 1.86181 2.2414 4.3798 3.14434 3.22203 2.68734 2.46622 2.23429 3.32652 3.60098 1.72308 1.47375 1.41658 1.32845 1.25485 1.77717 1.22747 1.1907 1.17457 0.827586 0.824836 1.67458 0.485501 0.130424
threshold=-0.99805496189325038 0.63081136526899617 -0.48981676688703496 -0.6289824982604143 1.5554684494524489 0.21908145173377594 0.5492388009941519 -0.25742084173704111 -0.41174745706681315 -0.43551731859651466 1.0000000180025095e-35 0.10291565094464022 -0.49680989989176577 -1.2127012515173072 0.33506032795696655 0.60928281600621503 -0.48607356792144812 352.00000000000006 -0.64008472625703905 -0.13886422407899501 0.21908145173377594 1.0000000180025095e-35 -0.58262379249378615 -0.61271372453945594 0.20486843040502017 -0.61271372453945594 0.60928281600621503 -0.42257268891732019
decision_type=2 2 2 2 2 2 2 2 2 2 2 2 2 2 2 2 2 2 2 2 2 2 2 2 2 2 2 2
left_child=-1 2 17 22 5 6 9 8 15 14 -9 24 13 -13 -4 -7 -17 -2 19 -5 -21 -19 -3 -10 -11 -26 -12 -20
right_child=1 3 4 18 -6 7 -8 10 23 11 26 12 -14 -15 -16 16 -18 21 27 20 -22 -23 -24 -25 25 -27 -28 -29
leaf_value=0.013820697349916656 0.0167507551771774 0.0089445087639677609 -0.017783577758945995 0.0057118883375259517 -0.013843622149169878 -0.0060704796881826196 -0.018453431073890154 -0.012686338488275772 0.0089741445948352677 0.0018043167800916872 0.0096439744163716312 0.0099135379025145024 0.019124777298826397 -0.0069159306864446058 -0.00014353608636687246 -0.0012702529863518313 0.015065452836659766 -0.0042951544527929011 -0.021520415851007332 -0.01851059925870421 -0.002189392645008992 0.010659499044885791 -0.0036509532892628339 0.027632203876132057 0.0017967670900535251 -0.015731566658022389 -0.00017368451840222451 -0.0082668949612489905
leaf_weight=8.7747607529163343 10.94459190964699 10.106120854616167 9.5532331168651599 8.3677867054939288 7.211681216955184 8.9475040435791033 11.674596399068831 11.73190674185753 7.3003881871700287 10.082501500844957 7.0956346392631513 21.785397320985787 11.672352999448782 20.785282045602798 10.399408876895903 7.1893947422504452 9.0803894996643049 8.3432406187057477 5.9417720139026642 7.0064827501773861 10.947256833314894 7.4740132093429557 13.584979742765425 7.3898652195930463 7.3445395231246975 9.5314027369022352 7.0790084898471832 6.4192859232425672
leaf_count=24 30 29 28 25 22 25 37 34 20 29 20 60 32 58 29 20 25 24 20 24 34 21 39 20 21 28 20 20
internal_value=9.67772e-05 -0.000392048 0.000947301 -0.00496652 -0.000282908 0.000341935 -0.00218236 0.0047108 0.009891 -3.79598e-06 -0.00315466 0.00239275 0.00589554 0.00160463 -0.00952209 0.00273004 0.00801139 0.00926467 -0.00910758 -0.00461327 -0.00980336 0.00273601 0.00169649 0.0204211 -0.00438363 -0.00825262 0.0048107 -0.01671
internal_weight=283.765 274.99 212.616 62.3737 185.854 178.643 112.829 65.8141 39.9075 101.154 25.9065 81.2015 54.243 42.5707 19.9526 25.2173 16.2698 26.7618 38.6826 26.3215 17.9537 15.8173 23.6911 14.6903 26.9584 16.8759 14.1746 12.3611
internal_count=818 794 603 191 528 506 322 184 110 285 74 228 150 118 57 70 45 75 123 83 58 45 68 40 78 49 40 40
is_linear=0
shrinkage=0.03


Tree=95
num_leaves=27
num_cat=0
split_feature=13 19 16 33 16 33 33 29 15 0 16 16 23 21 31 28 19 2 13 24 14 24 25 25 7 27
split_gain=7.98949 3.89087 2.87285 2.854 2.4154 2.00707 1.89338 3.71174 1.61785 2.46676 2.66325 2.32486 2.29357 1.39056 1.27628 1.26929 1.42433 0.846755 2.04877 0.815511 0.802384 1.85487 1.27445 0.656077 0.522844 0.149827
threshold=0.95607323301601244 0.85036302298692368 1.0023838658486175 1.151061657943961 -1.3727529286082607 1.5190435722750333 0.097872041065373838 -0.85323089194647983 0.38125210934191428 2.280390944934422 -0.84494475206228792 0.47457568930264438 1.04982158706708 -0.39875318815761746 0.70337522213059545 0.18823967031658398 -1.0000000180025095e-35 2.3450060850120473 1.5067044889097503 -0.43551731859651466 -1.1279264492455645 -0.92322700330116392 0.43663899099528752 0.15384350830792071 0.46361925942116827 -1.570646927330078
decision_type=2 2 2 2 2 2 2 2 2 2 2 2 2 2 2 2 2 2 2 2 2 2 2 2 2 2
left_child=1 3 6 4 -1 -5 7 -3 11 10 -10 15 13 -13 23 16 25 18 20 -17 22 -22 -2 -15 -23 -6
right_child=17 2 -4 5 8 -7 -8 -9 9 -11 -12 12 -14 14 -16 19 -18 -19 -20 -21 21 24 -24 -25 -26 -27
leaf_value=0.0057376075191889839 0.019685096831580744 0.0078842918157140136 0.018554222636040396 0.015511106657496198 -0.0077635837760941075 -0.0042120512834229315 0.0089998159427395492 -0.015532538492623579 -0.00030279080753152103 0.00042455958573520678 -0.021037512759124938 0.011676296538988563 -0.014689895278860273 0 0.0092400221719067775 -0.0093134403845289461 -0.0025299666075805365 0.017427109990696337 -0.0039841029011730474 0.0034818608122880678 -0.0051356582658807258 0.014873419531793558 0.0041683569247002589 -0.011168246561665911 0.0037415203348894958 -0.020642937983008487
leaf_weight=10.84396308660507 12.443175017833708 9.5602975487709028 8.6449236273765546 7.9365079998970014 5.4560085684061042 7.463928610086441 12.512610942125319 11.859275400638582 7.8231003433465949 8.8842791616916639 25.581885784864426 9.9457589387893659 6.5660820901393881 10.879266008734708 6.3461677730083457 6.4828621596097937 9.0470934361219424 8.0370903015136701 11.584707319736479 8.1304044127464277 9.087482422590254 9.8764711022377103 10.546243339776991 7.1939372122287741 10.510650336742399 14.009260058403017
leaf_count=32 34 28 25 22 19 21 36 36 27 28 92 31 22 35 20 20 29 22 32 25 25 27 29 22 29 50
internal_value=-0.000113378 -0.00328982 0.00453844 -0.00553598 -0.00693385 0.00607169 0.000163977 -0.00498704 -0.0081229 -0.0129746 -0.0165752 -0.00542717 -0.000110092 0.00300622 -0.000764892 -0.0101659 -0.0137558 0.00829685 0.00668703 -0.00216072 0.00919978 0.00515814 0.0135032 -0.00502341 0.0100582 -0.0181329
internal_weight=267.253 195.168 42.5771 152.591 137.19 15.4004 33.9322 21.4196 126.346 42.2893 33.405 84.0568 40.9312 34.3651 24.4194 43.1256 28.5124 72.0858 64.0487 14.6133 52.464 29.4746 22.9894 18.0732 20.3871 19.4653
internal_count=818 620 125 495 452 43 100 64 420 147 119 273 130 108 77 143 98 198 176 45 144 81 63 57 56 69
is_linear=0
shrinkage=0.03


Tree=96
num_leaves=24
num_cat=0
split_feature=34 27 14 16 40 25 15 35 16 35 36 19 16 23 33 16 30 16 16 31 27 33 37
split_gain=6.59306 3.34379 1.67184 1.62761 2.17575 1.83336 1.90388 2.66399 3.03924 2.10826 2.07664 2.78627 1.90461 1.47193 1.53109 1.46062 1.35724 1.26687 0.971104 1.79729 0.840122 0.522939 0.371343
threshold=-0.39833667079514085 1.1139456412657032 -0.60625795888122802 -1.3727529286082607 180.00000000000003 0.71943447368265456 0.38125210934191428 -1.6969070960274204 -0.58104066378930141 -1.6969070960274204 0.99687109683864772 -0.65525808697693577 0.73847977757563088 -1.2033868306984119 1.151061657943961 1.2662879541216039 0.16401898850210495 -1.1088488403352743 -0.84494475206228792 0.36479009467660423 0.75599996545293202 1.5190435722750333 -1.0000000180025095e-35
decision_type=2 2 2 2 2 2 2 2 2 2 2 2 2 2 2 2 2 2 2 2 2 2 2
left_child=2 3 13 -2 -5 6 7 -6 22 -8 11 -10 18 14 -1 -14 -4 -3 -11 -20 -18 -15 -9
right_child=1 17 16 4 5 -7 9 8 10 12 -12 -13 15 21 -16 -17 20 -19 19 -21 -22 -23 -24
leaf_value=0.0064553042729953852 -0.0064240925265462859 0.0012081427765731755 0.0053448715313479458 0.018231220698714155 0.0143191301506753 0.017264841874187351 -0.0068067880009360935 -0.0052938873547810853 -0.014743744454818287 0.0045684228949360254 0.012642191418856561 0.0040379681391810376 -0.0081364510660516531 -0.020843847337394888 -0.01226241047527139 0.0096559934267277138 -0.014762614144363551 -0.015312104638832393 0.00660611405820518 0.027150369070669644 8.2951932206093906e-05 -0.0036767625072629965 -0.01682657961155665
leaf_weight=5.398821026086809 9.4108529239892942 5.3083138018846503 10.011415690183641 10.032801926136015 8.0907891392707736 7.7428164929151526 6.4409550279378882 8.4151862710714358 9.1121275424957187 9.5515497475862485 10.212511107325552 19.541141912341143 6.9909481704235059 15.329188123345377 7.28693887591362 6.5760993510484695 6.4452828764915449 9.7766444981098157 9.5472574681043678 9.0838911831378919 4.6362694948911667 3.5687669813632956 9.382605552673331
leaf_count=27 34 22 38 33 26 27 22 30 32 32 34 73 25 86 37 24 33 46 32 29 21 19 36
internal_value=0 0.00313472 -0.00900561 0.00462966 0.00553468 0.00421925 0.00305794 -0.000237001 -0.00273426 0.00747964 0.00189697 -0.0021722 0.00998204 -0.0132584 -0.00403327 0.000192246 -0.00191463 -0.00955346 0.0142448 0.0181975 -0.00880528 -0.0184049 -0.0125199
internal_weight=207.893 155.216 52.6767 140.132 130.721 120.688 112.945 64.7544 56.6636 48.1907 38.8658 28.6533 41.7497 31.5837 12.6858 13.567 21.093 15.085 28.1827 18.6311 11.0816 18.898 17.7978
internal_count=818 557 261 489 455 422 395 231 205 164 139 105 142 169 64 49 92 68 93 61 54 105 66
is_linear=0
shrinkage=0.03


Tree=97
num_leaves=25
num_cat=0
split_feature=1 41 38 35 11 30 19 35 15 39 15 36 32 37 40 11 31 35 23 35 9 12 15 23
split_gain=2.14332 1.87534 1.89157 1.81611 1.97659 2.05422 3.12792 2.81705 2.09714 2.25998 2.0085 1.87509 1.65577 1.52693 1.73221 1.45382 1.39825 1.39033 1.65879 1.2653 1.19258 1.00121 0.892501 0.835855
threshold=-0.99805496189325038 291.50000000000006 1.0000000180025095e-35 1.4282378484734291 -1.1393668346195598 0.83191472975826997 0.5492388009941519 1.0115518558733159 -0.44052450578767544 -0.90070865503879249 1.066065955283239 -0.82812805627616803 1.0058077819720512 -0.76945909497551546 754.00000000000011 -1.1848123386700735 0.70337522213059545 0.1781798706730888 -0.92173577847772548 -0.55102061637710931 -0.21704362325453383 0.70886158791140252 -1.0000000180025095e-35 1.0000000180025095e-35
decision_type=2 2 2 2 2 2 2 2 2 2 2 2 2 2 2 2 2 2 2 2 2 2 2 2
left_child=-1 2 15 4 10 6 8 22 13 20 21 -11 -13 -6 19 -2 17 -8 -19 -15 -10 -3 -7 -20
right_child=1 3 -4 -5 5 7 16 -9 9 11 -12 12 -14 14 -16 -17 -18 18 23 -21 -22 -23 -24 -25
leaf_value=0.013576732104840518 0 -0.016389120591529634 0.0039192893522689495 0.013063036491007925 0.0059713392756032399 0.018245756290430157 -0.021057853499250542 -0.0046185658010524057 0.00073598312138859064 0.017723264149144224 0.0045655452919420624 0.0019406306149957137 0.014527138364576482 -0.015500640916151446 0.0049228623161036043 -0.017521654414336098 0.0023117216782164406 -0.01539103867406124 0.0075511037699534994 -0.0022436794298260078 -0.01331351498335024 -0.00089105712899836093 0.0037231000110298546 -0.0058439263564130034
leaf_weight=8.7572309374809247 6.6634548306465193 13.800216168165212 7.745374619960784 8.3567695021629316 10.329219192266462 13.470438182353975 7.7312109470367458 9.7229602336883527 13.78165638446808 10.742391318082808 7.6126122772693625 53.471842080354691 10.586111932992933 14.657110929489134 8.0020364224910718 13.318090677261353 8.0357774496078473 8.0516045391559619 6.7325338125228864 13.836546048521997 6.6522433757781974 6.336715191602706 7.9420285522937801 6.882274329662323
leaf_count=24 20 44 23 24 30 37 24 28 38 30 22 149 29 43 22 40 23 25 20 41 20 20 22 20
internal_value=9.50355e-05 -0.000384841 -0.00758265 0.000440778 -5.56249e-05 0.000927708 -0.000296552 0.00785853 0.00171707 0.00427919 -0.00738938 0.00670026 0.00439697 -0.00334077 -0.00626594 -0.0122828 -0.00786408 -0.010817 -0.00577689 -0.00969725 -0.00416196 -0.0121893 0.0137174 0.000474986
internal_weight=283.218 274.461 27.7269 246.734 238.378 210.628 179.493 31.1354 142.059 95.2342 27.7495 74.8003 64.058 46.8249 36.4957 19.9815 37.4334 29.3976 21.6664 28.4937 20.4339 20.1369 21.4125 13.6148
internal_count=818 794 83 711 687 601 514 87 402 266 86 208 178 136 106 60 112 89 65 84 58 64 59 40
is_linear=0
shrinkage=0.03


Tree=98
num_leaves=29
num_cat=0
split_feature=13 35 34 29 30 19 19 33 32 34 12 1 33 27 36 37 41 16 36 41 38 30 14 5 30 29 15 9
split_gain=7.59494 3.76669 4.33217 6.15556 4.51066 1.68125 2.1451 3.04247 1.51753 2.40256 1.68498 2.07079 1.46481 1.46221 1.80362 2.9515 1.58152 1.27326 0.891177 1.4731 2.83639 1.20404 0.936783 0.752486 0.677512 1.39286 0.485803 0.103408
threshold=0.95607323301601244 -0.13433462377699595 -0.27636320933928216 -0.6289824982604143 1.4998104710144351 0.5492388009941519 -0.65525808697693577 0.45316492386778873 1.0058077819720512 -0.062909651791529117 -0.54476726012381615 -0.4678811708166391 0.63081136526899617 -0.13886422407899501 0.084371520281239662 -0.76945909497551546 352.00000000000006 0.47457568930264438 -0.42257268891732019 600.50000000000011 -0.58262379249378615 0.10836101006409095 -1.2556786066218344 1.132063182797977 0.83191472975826997 -0.18048571088828344 -0.30356173659941049 1.2144704350391169
decision_type=2 2 2 2 2 2 2 2 2 2 2 2 2 2 2 2 2 2 2 2 2 2 2 2 2 2 2 2
left_child=1 5 3 -3 13 6 8 -8 9 -1 -11 -12 -5 -4 26 -16 24 -13 19 21 -21 -2 -23 -20 25 -17 -15 -22
right_child=18 2 4 12 -6 -7 7 -9 -10 10 11 17 -14 14 15 16 -18 -19 23 20 27 22 -24 -25 -26 -27 -28 -29
leaf_value=-0.013024601309116368 0.0098037038769824749 -0.0061110262175069156 0.0033683982620444503 0.0069480557115095976 0.016955920250016729 0.004910128455421138 -0.019912726049217296 0.0032227181320793235 -0.014180166938394275 0.011959904841223964 -0.014121358401833121 -0.0039696642596603604 0.025189386471965128 -0.0082334315604665597 -0.019999395017995986 0.0077991117130702193 0.0088878275742228542 0.012794118126737966 0.0057919941856008315 -0.0013801542982218749 0.0095857095556078301 0.0045145922110955 -0.0075779544840297317 0.020607089218256429 -0.011552939724820657 -0.0091783750287205979 -0.022644678704966385 0.022063794061396486
leaf_weight=10.97960233688354 7.988785624504092 13.604257464408873 10.174368962645529 9.2754189372062701 6.928248018026351 7.0880752205848685 23.720772325992588 5.4079636931419364 10.990331649780272 9.6478217095136625 6.9954446107149115 6.5020677000284284 12.262182205915449 8.9813505411148089 6.8664257675409273 7.2976622879505149 10.410134166479109 6.4708753228187561 9.1980019509792346 9.8669723868370074 7.3462571203708675 7.5657733082771346 13.23811841011047 8.0949349701404554 6.6772058606147757 7.0389311313629248 7.1795448362827292 8.718376547098158
leaf_count=36 22 39 32 26 19 21 89 16 38 31 26 21 34 28 22 22 31 20 25 27 20 21 37 22 22 23 24 24
internal_value=-0.000113528 -0.00321914 0.000526062 0.00898499 -0.00364538 -0.0077698 -0.00902555 -0.0154741 -0.00493693 -0.0018759 0.00249306 -0.00231747 0.0185579 -0.00627922 -0.00823112 -0.00416429 0 0.00443689 0.00808682 0.0057419 0.0107382 0.000735119 -0.00290337 0.0141376 -0.00462962 -0.000237397 -0.0163549 0.0180051
internal_weight=266.516 194.499 106.696 35.1419 71.5539 87.803 80.7149 29.1287 51.5861 40.5958 29.6162 19.9684 21.5376 64.6256 54.4513 38.2904 31.4239 12.9729 72.0172 54.7243 25.9316 28.7927 20.8039 17.2929 21.0138 14.3366 16.1609 16.0646
internal_count=818 620 322 99 223 298 277 105 172 134 98 67 60 204 172 120 98 41 198 151 71 80 58 47 67 45 52 44
is_linear=0
shrinkage=0.03


end of trees

feature_importances:
Column_30=152
Column_27=130
Column_28=128
Column_33=126
Column_26=117
Column_34=114
Column_22=107
Column_36=106
Column_19=105
Column_41=105
Column_15=104
Column_35=97
Column_16=88
Column_14=85
Column_29=80
Column_32=80
Column_12=76
Column_40=72
Column_20=71
Column_24=71
Column_23=66
Column_1=65
Column_25=63
Column_13=58
Column_2=53
Column_31=45
Column_0=38
Column_4=32
Column_21=28
Column_37=24
Column_9=21
Column_5=20
Column_38=20
Column_11=19
Column_39=14
Column_7=12
Column_3=11
Column_8=10
Column_10=9
Column_17=9
Column_6=2

parameters:
[boosting: gbdt]
[objective: multiclass]
[metric: multi_logloss]
[tree_learner: serial]
[device_type: cpu]
[data_sample_strategy: bagging]
[data: ]
[valid: ]
[num_iterations: 350]
[learning_rate: 0.03]
[num_leaves: 96]
[num_threads: 2]
[seed: 42]
[deterministic: 0]
[force_col_wise: 1]
[force_row_wise: 0]
[histogram_pool_size: -1]
[max_depth: 10]
[min_data_in_leaf: 20]
[min_sum_hessian_in_leaf: 0.001]
[bagging_fraction: 0.85]
[pos_bagging_fraction: 1]
[neg_bagging_fraction: 1]
[bagging_freq: 0]
[bagging_seed: 400]
[bagging_by_query: 0]
[feature_fraction: 0.8]
[feature_fraction_bynode: 1]
[feature_fraction_seed: 30056]
[extra_trees: 0]
[extra_seed: 12879]
[early_stopping_round: 0]
[early_stopping_min_delta: 0]
[first_metric_only: 0]
[max_delta_step: 0]
[lambda_l1: 0.2]
[lambda_l2: 1.5]
[linear_lambda: 0]
[min_gain_to_split: 0]
[drop_rate: 0.1]
[max_drop: 50]
[skip_drop: 0.5]
[xgboost_dart_mode: 0]
[uniform_drop: 0]
[drop_seed: 17869]
[top_rate: 0.2]
[other_rate: 0.1]
[min_data_per_group: 100]
[max_cat_threshold: 32]
[cat_l2: 10]
[cat_smooth: 10]
[max_cat_to_onehot: 4]
[top_k: 20]
[monotone_constraints: ]
[monotone_constraints_method: basic]
[monotone_penalty: 0]
[feature_contri: ]
[forcedsplits_filename: ]
[refit_decay_rate: 0.9]
[cegb_tradeoff: 1]
[cegb_penalty_split: 0]
[cegb_penalty_feature_lazy: ]
[cegb_penalty_feature_coupled: ]
[path_smooth: 0]
[interaction_constraints: ]
[verbosity: -1]
[saved_feature_importance_type: 0]
[use_quantized_grad: 0]
[num_grad_quant_bins: 4]
[quant_train_renew_leaf: 0]
[stochastic_rounding: 1]
[linear_tree: 0]
[max_bin: 255]
[max_bin_by_feature: ]
[min_data_in_bin: 3]
[bin_construct_sample_cnt: 200000]
[data_random_seed: 175]
[is_enable_sparse: 1]
[enable_bundle: 1]
[use_missing: 1]
[zero_as_missing: 0]
[feature_pre_filter: 1]
[pre_partition: 0]
[two_round: 0]
[header: 0]
[label_column: ]
[weight_column: ]
[group_column: ]
[ignore_column: ]
[categorical_feature: ]
[forcedbins_filename: ]
[precise_float_parser: 0]
[parser_config_file: ]
[objective_seed: 16083]
[num_class: 3]
[is_unbalance: 0]
[scale_pos_weight: 1]
[sigmoid: 1]
[boost_from_average: 1]
[reg_sqrt: 0]
[alpha: 0.9]
[fair_c: 1]
[poisson_max_delta_step: 0.7]
[tweedie_variance_power: 1.5]
[lambdarank_truncation_level: 30]
[lambdarank_norm: 1]
[label_gain: ]
[lambdarank_position_bias_regularization: 0]
[eval_at: ]
[multi_error_top_k: 1]
[auc_mu_weights: ]
[num_machines: 1]
[local_listen_port: 12400]
[time_out: 120]
[machine_list_filename: ]
[machines: ]
[gpu_platform_id: -1]
[gpu_device_id: -1]
[gpu_device_id_list: ]
[gpu_use_dp: 0]
[num_gpu: 1]

end of parameters

pandas_categorical:null
