tree
version=v4
num_class=1
num_tree_per_iteration=1
label_index=0
max_feature_idx=42
objective=binary sigmoid:1
feature_names=Column_0 Column_1 Column_2 Column_3 Column_4 Column_5 Column_6 Column_7 Column_8 Column_9 Column_10 Column_11 Column_12 Column_13 Column_14 Column_15 Column_16 Column_17 Column_18 Column_19 Column_20 Column_21 Column_22 Column_23 Column_24 Column_25 Column_26 Column_27 Column_28 Column_29 Column_30 Column_31 Column_32 Column_33 Column_34 Column_35 Column_36 Column_37 Column_38 Column_39 Column_40 Column_41 Column_42
feature_infos=[-1.0025068773857371:6.7340998415210525] [-1.1997873487454602:5.6934727795300013] [-1.0157817621892644:5.248568702735259] [-0.98681054515743505:6.7044663969058114] [-1.1883526967232452:6.2055192958426932] [-1.0273837354719779:5.1710423148417375] [-1.5432981417953555:3.5530118076770218] [-1.5062089619468499:4.3982731693887844] [-1.7611799876322263:2.8296810433009605] [-2.005608287201976:2.1638898576635186] [-3.4494789552890612:1.8493785486471872] [-1.5657185018342905:2.8016425718652314] [-1.1253442206953748:2.6677918410964954] [-2.018567184384592:2.1326383073953723] [-1.5709802719806545:2.8655559629828606] [-1.686225331159694:1.7134853249659863] [-1.5666739140309573:1.3187824719374515] [-4.1738517869263791:0.6909981596513628] [-2.004305710042849:0.49892588490337003] [-2.3578364998358543:1.8754556357651382] [-2.3498324222680069:3.2015035996694761] [-2.08258270727256:3.9816635008402952] [-3.0639027282174673:3.1450828420054266] [-2.430891171759602:1.756129158062214] [-2.3297840028799133:3.7938856374158068] [-2.0559441912331531:4.4325581728412979] [-3.0754903415513231:3.1738490454901704] [-2.7333121262475877:2.1450942365543315] [-2.565087353758555:3.891906266900139] [-1.928683921931083:3.5927443974215607] [-3.2469290406975788:3.4298430860974478] [-2.7182371541718733:2.1383283323368212] [-2.5724242190764088:3.7939796007517255] [-2.1326106470270436:4.1688134805994572] [-3.093613525347414:3.1596378906611959] [-3.2046409618565628:2.4683056844822748] [-3.0165185925026177:2.4431282352802524] [-1.9905151120881677:2.4537807775613727] [-1.0198725917349465:3.7605235026790576] [-1.3249348262458767:3.7840232272552288] [6:798] [6:798] none
tree_sizes=3106 3386 3069 3314 3493 3626 3187 3290 3422 3536 3410 3412 3533 3531 3177 3526 3406 3155 3110 3485 3636 3618 3207 3417 3532 3528 3527 3375 3438 3249 3495 3541 3639 3717 3495 3601 3549 3433 3511 3216 3631 3633 3387 3271 3306 3576 3490 2118

Tree=0
num_leaves=29
num_cat=0
split_feature=33 15 33 30 37 34 13 17 25 35 16 36 35 26 23 29 35 31 30 15 25 2 30 35 33 23 15 30
split_gain=12.0812 7.69953 7.31115 6.34056 6.18792 7.0166 5.9474 5.47863 5.40496 4.71122 4.6846 5.27271 3.85125 6.81981 7.25595 7.24564 6.58049 5.72401 4.023 3.08308 3.03792 3.07646 2.93648 2.74038 3.47377 5.79298 2.36767 0.561321
threshold=0.6730234288447553 1.0000000180025095e-35 -0.55725461512041852 -1.2220063465056441 -0.65722634519330536 0.1427183478500248 -0.021586156319996382 -1.0000000180025095e-35 0.84680686637910163 0.43549980287752471 0.13836849585946603 1.0440937356608921 0.79005896827370237 -0.41033089707774512 0.50002305911566947 -1.0000000180025095e-35 0.057303359788268858 0.21244891527302842 1.0765545496041191 0.68143030435640495 -1.2875689112769677 -0.69138898538816773 0.20091230346706615 1.0838365624591064 -0.34720714419953513 -0.66303814361261282 -0.89700678598766093 -0.5652746619028548
decision_type=2 2 2 2 2 2 2 2 2 2 2 2 2 2 2 2 2 2 2 2 2 2 2 2 2 2 2 2
left_child=1 2 6 7 5 -4 10 -3 22 -10 26 27 13 15 17 -5 20 19 -14 -15 -16 -22 -2 24 -6 -26 -1 -12
right_child=8 3 4 12 23 -7 -8 -9 9 -11 11 -13 18 14 16 -17 -18 -19 -20 -21 21 -23 -24 -25 25 -27 -28 -29
leaf_value=0.29995123092679676 0.29055410084051553 0.30228995238401463 0.32193703368764898 0.30222528434929741 0.29776272497957679 0.28034244832441313 0.32829334318886766 0.34002108767249362 0.30503732299283715 0.33216361372694064 0.32728807063038418 0.29068211401261951 0.32599336942670604 0.31452780473478559 0.31868876502938637 0.25921746124412032 0.2716515883225854 0.33113159006002141 0.29606909823948696 0.28773110002199381 0.28266812019331056 0.31019866590187589 0.31338140610281784 0.30098634571825406 0.30098634571825406 0.26278773088067414 0.27279109763225567 0.30850112430456944
leaf_weight=5.8648967742919922 8.064233064651491 5.6205260753631592 6.5980088710784894 7.3311209678649902 6.1092674732208243 5.1317846775054932 5.1317846775054923 6.3536381721496564 9.2860865592956561 18.327802419662476 4.887413978576661 8.5529744625091535 8.7973451614379865 6.598008871078493 5.8648967742919913 5.8648967742919904 7.3311209678649893 9.7748279571533185 5.3761553764343253 5.8648967742919922 6.5980088710784894 5.1317846775055003 9.2860865592956525 4.8874139785766593 4.8874139785766628 18.572173118591312 6.35363817214966 4.887413978576661
leaf_count=24 33 23 27 30 25 21 21 26 38 75 20 35 36 27 24 24 30 40 22 24 27 21 38 20 20 76 26 20
internal_value=0.302398 0.29869 0.292165 0.304866 0.284481 0.302848 0.302398 0.323825 0.315953 0.323854 0.297082 0.306442 0.301536 0.298115 0.30352 0.280246 0.292802 0.315633 0.314741 0.302126 0.303023 0.294685 0.302398 0.278303 0.274996 0.269942 0.283698 0.320488
internal_weight=213.336 168.371 81.8642 86.5072 46.1861 11.7298 35.6781 11.9742 44.9642 27.6139 30.5463 18.3278 74.5331 60.3596 47.1635 13.196 24.9258 22.2377 14.1735 12.4629 17.5947 11.7298 17.3503 34.4563 29.5689 23.4596 12.2185 9.77483
internal_count=873 689 335 354 189 48 146 49 184 113 125 75 305 247 193 54 102 91 58 51 72 48 71 141 121 96 50 40
is_linear=0
shrinkage=1


Tree=1
num_leaves=31
num_cat=0
split_feature=33 15 33 1 26 23 37 34 25 3 33 32 25 16 36 33 25 25 27 41 25 40 29 36 15 27 32 23 32 24
split_gain=11.4451 7.26805 6.91334 5.96921 6.76569 6.43204 5.82156 6.68628 5.14088 5.0102 4.94625 4.608 4.48383 4.03389 5.03451 3.77405 3.39179 3.9994 3.5872 2.88856 2.73091 2.70913 3.99584 2.48578 1.83361 1.73212 1.21769 0.924761 0.587352 0.547058
threshold=0.6730234288447553 1.0000000180025095e-35 -0.55725461512041852 -0.054708600164164754 -0.68603704650604602 1.0000000180025095e-35 -0.65722634519330536 0.1427183478500248 0.84680686637910163 -0.40931953314849162 -0.81231225838149113 0.69454616215118703 1.8713072396540149 0.13836849585946603 1.0440937356608921 -0.13715967327865189 -0.17769350689581179 -0.86069375574575391 1.0000000180025095e-35 362.50000000000006 1.1883069908040729 495.00000000000006 -0.95732153241534013 0.86665521375794896 -0.89700678598766093 0.73577684285599931 0.19193533427001816 -0.66303814361261282 0.35947227689707434 0.46580431116813314
decision_type=2 2 2 2 2 2 2 2 2 2 2 2 2 2 2 2 2 2 2 2 2 2 2 2 2 2 2 2 2 2
left_child=1 2 9 4 -3 15 7 -4 19 -1 23 -7 20 24 28 -5 17 -12 26 -2 -10 22 -8 -6 -11 -14 -18 -24 -15 -19
right_child=8 3 6 5 10 11 21 -9 12 13 16 -13 25 14 -16 -17 18 29 -20 -21 -22 -23 27 -25 -26 -27 -28 -29 -30 -31
leaf_value=0.02437213846749953 -0.011749120260247653 -0.030297249510789721 0.019109126566886601 0.014518420999428254 -0.024897693048622924 0.035142283418292425 -0.0015144102863001096 -0.021489629993989671 0.0090254349905544498 -0.0023876639626038052 -0.0042503231075277786 0.00048912026481496315 -0.006661667041589779 0.024580037079315387 -0.011399906262322585 -0.012776626180141073 0.01674297523281721 0.010558566707940933 -0.017107391568869902 0.010891690448650081 0.038089515324726361 -0.00099968638829698079 -0.014268145675225618 0 -0.026379696860493712 0.014896718255580326 -0.0016156801161542262 -0.035842295956785987 0.005758505793608557 0.030667397386522854
leaf_weight=4.8676627874374381 8.0682702809572238 5.8847226500511161 6.5780789852142316 6.3451748490333548 6.8383772373199445 10.723957479000093 5.3906336426734915 5.1481844186782837 6.0869933366775575 5.8670421838760376 5.6224023252725592 5.3699024617671958 5.3646174222230893 4.8756767809391039 8.5677371919155103 9.2932654321193713 5.1275227516889625 5.6089518368244153 7.3324781358242026 9.2805525660514814 11.207337230443953 4.8997528851032248 6.3558010458946255 6.8400357514619827 6.6239430606365222 4.8656256943941116 4.8799844980239868 17.919909760355953 4.8756767809391022 6.5977021753787994
leaf_count=20 33 24 27 26 28 44 22 21 25 24 23 22 22 20 35 38 21 23 30 38 46 20 26 28 27 20 20 73 20 27
internal_value=0 -0.00360487 -0.00993797 0.00239791 -0.00352121 0.0124859 -0.0173977 0.000415689 0.0132099 0 0.000391908 0.0249484 0.0209336 -0.00474278 0.00396877 -0.00105039 0.00645447 0.0151649 -0.00267751 0 0.029716 -0.0233731 -0.0266498 -0.0138979 -0.0170036 0.00367402 0.00822562 -0.0315856 0.0177249 0.0240318
internal_weight=213.308 168.435 81.9701 86.4645 54.7322 31.7323 46.2924 11.7263 44.8734 35.6777 48.8475 16.0939 27.5246 30.8101 18.3191 15.6384 35.169 17.8291 17.34 17.3488 17.2943 34.5661 29.6663 13.6784 12.491 10.2302 10.0075 24.2757 9.75135 12.2067
internal_count=873 689 335 354 224 130 189 48 184 146 200 66 113 126 75 64 144 73 71 71 71 141 121 56 51 42 41 99 40 50
is_linear=0
shrinkage=0.03


Tree=2
num_leaves=28
num_cat=0
split_feature=33 12 12 25 17 36 7 12 41 12 36 26 26 35 35 36 32 40 40 31 12 36 30 12 29 35 29
split_gain=10.8729 11.6171 9.77582 8.80838 8.58235 5.48828 5.14596 7.40496 4.67334 4.41077 4.25407 5.16745 4.02896 6.06685 3.83684 3.7183 3.2883 4.03774 5.27905 2.66712 2.6589 2.62392 2.73943 2.50968 2.48298 1.47384 1.20557
threshold=0.6730234288447553 -0.65908381229517599 -0.54080413558490203 -1.2875689112769677 1.0000000180025095e-35 0.73395546447155979 0.2803218791945245 -0.3434207988409424 362.50000000000006 -0.44656248821773487 0.29339229684074747 0.41678755120715877 -0.22652679745887752 0.43549980287752471 -0.50999130484561495 0.10230465786834701 -0.31067549361115021 177.50000000000003 510.50000000000006 1.049787792257286 0.6271081973142254 -1.3308526344246561 -0.16393863242337239 -0.626480102661365 -0.39495383322201527 -0.22634397252867283 -0.59945117838322426
decision_type=2 2 2 2 2 2 2 2 2 2 2 2 2 2 2 2 2 2 2 2 2 2 2 2 2 2 2
left_child=2 -2 5 19 16 12 7 9 21 -6 26 -12 13 -1 -7 -9 20 -18 -19 -4 -5 -3 -23 -14 -10 -13 -11
right_child=1 8 3 4 6 14 -8 15 24 10 11 25 23 -15 -16 -17 17 18 -20 -21 -22 22 -24 -25 -26 -27 -28
leaf_value=-0.014458486831408806 -0.020329841780627047 0.019225408637963758 0.027409878838800465 -0.018356553937742312 -0.018775315221554296 0.0072539358660758235 0.018524378938836263 -0.0025967539981055898 0.036956063683878 0.03033247195056166 -0.022982414320576017 0.017682650506451306 0.030243298198937334 0.022444270648931716 -0.019927054449022361 -0.033423127309626065 -0.0021824225857455309 -0.038537496751160187 -0.0068615543669145324 0 0.0027049897131974972 0.010815103038193115 -0.015656402267706499 0.0066092597637896176 0.01043844376396864 -0.0015428237148136456 0.0060724023368069835
leaf_weight=8.0842080861330015 6.5740626007318488 7.5461026728153255 5.6050864309072477 9.2904792875051516 5.8618426322936932 7.7951417714357376 7.3120657354593268 6.3599108159542075 12.627057909965515 5.1268995404243469 5.3980644196271923 6.117485195398328 12.175630345940588 5.3743359744548789 7.8198105692863447 9.0795776546001417 6.3775627464056006 18.65241771936417 7.8280439972877494 6.3657627999782562 9.2848192602395994 5.6182304918766031 5.3553976565599415 8.2919617891311663 7.0634126961231241 5.3894123286008844 4.8848529905080884
leaf_count=33 27 31 23 38 24 32 30 26 52 21 22 25 50 22 32 37 26 76 32 26 38 23 22 34 29 22 20
internal_value=0 0.0128962 -0.00350483 -0.00816607 -0.0109567 0.00747907 -0.00251937 -0.00629385 0.0193159 0.0017823 0.00722517 -0.00187265 0.0141147 0.000649549 -0.00656093 -0.0224335 -0.0196233 -0.0253164 -0.0302578 0.0147674 -0.00811461 0.00717135 -0.00195184 0.0220467 0.029139 0.00907735 0.0213505
internal_weight=213.26 44.7843 168.475 118.934 106.963 49.5411 55.5301 48.218 38.2102 32.7786 26.9167 16.905 33.9261 13.4585 15.615 15.4395 51.4333 32.858 26.4805 11.9708 18.5753 18.5197 10.9736 20.4676 19.6905 11.5069 10.0118
internal_count=873 184 689 486 437 203 227 197 157 134 110 69 139 55 64 63 210 134 108 49 76 76 45 84 81 47 41
is_linear=0
shrinkage=0.03


Tree=3
num_leaves=30
num_cat=0
split_feature=33 12 12 25 18 30 33 16 31 35 35 20 20 33 0 30 35 12 15 28 37 11 40 0 10 19 31 12 34
split_gain=10.3064 11.0649 9.25646 8.37735 5.5831 4.89308 4.83633 5.11153 4.03692 3.83695 3.70798 3.64017 6.6305 4.8458 3.62828 3.25982 3.17804 3.17553 8.09072 4.77567 2.7946 2.65869 2.30377 2.20001 2.17184 1.85783 1.67009 1.65995 0.428537
threshold=0.6730234288447553 -0.65908381229517599 -0.54080413558490203 -1.2875689112769677 1.0000000180025095e-35 -1.2220063465056441 -0.34720714419953513 0.40068271276568507 -0.289954410917526 0.79005896827370237 0.62459802442215262 -0.82321501623519899 0.28705218815229766 -0.81231225838149113 -0.38739401325496775 1.0000000180025095e-35 0.057303359788268858 -0.70446610981130697 0.68143030435640495 0.23860724468535185 -1.0000000180025095e-35 0.90985462181699239 505.50000000000006 0.55007746416358472 0.4648248161571093 -0.80562938344882362 -0.51723210609896741 -0.32565088844501511 0.1427183478500248
decision_type=2 2 2 2 2 2 2 2 2 2 2 2 2 2 2 2 2 2 2 2 2 2 2 2 2 2 2 2 2
left_child=2 -2 5 21 14 -1 7 11 10 17 20 -6 13 -13 -5 16 -3 18 -7 24 -8 -4 -16 28 -19 -9 -17 -27 -10
right_child=1 15 3 4 6 9 8 25 23 -11 -12 12 -14 -15 22 26 -18 19 -20 -21 -22 -23 -24 -25 -26 27 -28 -29 -30
leaf_value=0.026799293006970797 -0.019781350802105871 0.018113129243303123 0.025769579089608811 -0.0014260029686124372 0.0085735652801049774 0.011908168169503444 -0.025769588247953629 -0.0018906445589703803 -0.015983761693391871 0.020644506985830337 0.010562254700116579 -0.047446544914813073 0.0053147679155454916 -0.0055505692471176597 -0.039893073094781233 0.028430951074955302 -0.0090140956150917134 0.025599435549719576 -0.033447839587629494 -0.013282136648763246 0.00131685094128676 -0.00021118483219803114 -0.010094502195187156 -0.0037306371772400423 0.0027529193877405067 0.024722988248010312 0.0052514691592011435 0.0013538627691315624 -0.033758772696956776
leaf_weight=8.0104490220546705 6.5949227362871161 6.3338342756032926 6.3321968317031843 5.3912888467311886 6.6001000106334713 5.1140248179435677 5.8960267603397369 5.3760317862033871 9.5697147846221977 7.0463093221187583 8.5271445065736753 4.9091307222843206 7.3300022631883612 5.3977098017930967 9.592468395829199 20.813134327530861 6.0919123440980911 6.3239016830921235 6.350337028503418 7.3478378206491461 5.3950287401676196 5.6135488450527191 5.3932630568742743 6.1367006897926322 9.2886462807655317 8.0715750455856323 4.8564112484455135 4.8834748119115803 8.6204210668802244
leaf_count=33 27 26 26 22 27 21 24 22 39 29 35 20 30 22 39 86 25 26 26 30 22 23 22 25 38 33 20 20 35
internal_value=0 0.0125805 -0.00339986 -0.00793122 -0.0106485 0.007296 -0.00698766 0.000142484 -0.0137733 0.00258518 -0.00298353 -0.00854807 -0.0154387 -0.0295064 -0.0244057 0.0188716 0.00484434 -0.00165196 -0.0137157 0.00459803 -0.0137215 0.0144529 -0.031427 -0.0216472 0.0137903 0.0117129 0.0247985 0.0173836 -0.0266422
internal_weight=213.208 44.6902 168.517 119.036 107.09 49.4815 86.7131 42.568 44.145 41.4711 19.8182 24.2369 17.6368 10.3068 20.377 38.0953 12.4257 34.4247 11.4644 22.9604 11.2911 11.9457 14.9857 24.3268 15.6125 18.3311 25.6695 12.955 18.1901
internal_count=873 184 689 486 437 203 354 174 180 170 81 99 72 42 83 157 51 141 47 94 46 49 61 99 64 75 106 53 74
is_linear=0
shrinkage=0.03


Tree=4
num_leaves=32
num_cat=0
split_feature=33 15 33 30 13 17 37 34 41 16 15 35 26 23 29 35 2 34 15 29 32 24 40 29 40 32 15 23 29 23 33
split_gain=9.76523 6.31595 6.21005 5.58922 5.3448 5.31876 5.21709 6.24589 4.66157 4.06563 3.85914 3.37573 6.00925 6.70868 6.67179 6.07569 4.0108 3.72524 3.186 3.06458 2.89601 5.37571 2.42704 3.66734 2.23551 3.1581 2.19799 2.15513 0.934738 0.704364 0.476182
threshold=0.6730234288447553 1.0000000180025095e-35 -0.55725461512041852 -1.2220063465056441 -0.021586156319996382 -1.0000000180025095e-35 -0.65722634519330536 0.1427183478500248 362.50000000000006 0.13836849585946603 -0.53275207283133807 0.79005896827370237 -0.41033089707774512 0.50002305911566947 -1.0000000180025095e-35 0.057303359788268858 0.54564949839400412 0.1427183478500248 1.1671032552315024 -0.2245393789210077 0.35947227689707434 0.93173569684280744 495.00000000000006 -0.95732153241534013 510.50000000000006 0.52700921952413071 -0.89700678598766093 -1.1747850728130569 -0.39495383322201527 -0.66303814361261282 -0.55725461512041852
decision_type=2 2 2 2 2 2 2 2 2 2 2 2 2 2 2 2 2 2 2 2 2 2 2 2 2 2 2 2 2 2 2
left_child=1 2 4 5 9 -3 7 -4 10 26 -2 12 14 17 -5 24 -13 19 28 -14 -11 -22 23 -8 25 -15 -1 -12 -10 -25 -19
right_child=8 3 6 11 -6 -7 22 -9 18 20 27 16 13 15 -16 -17 -18 30 -20 -21 21 -23 -24 29 -26 -27 -28 -29 -30 -31 -32
leaf_value=-0.0017467269600677075 0.015472410494782932 -0.00088953898422746726 0.018688404381207821 0 0.024858537929125509 0.036251485939553636 -0.00101671027658501 -0.020529920887431712 0.033411983174048754 0.020376130554417868 0.0055394752146979004 0.026392226804345682 -0.0126733053520998 0.021187220131197389 -0.040793368525393663 -0.029482234272275466 -0.0029322319022846485 0.031318005461391962 0 0.014712776689164762 -0.021223480558542861 0.013253922492802918 -0.00073406375786617061 -0.013664227517400665 -0.012718838927049352 -0.0063675278116308897 -0.027652643308807904 -0.017124359643854357 0.012423873085016544 -0.033538468851464297 0.010245036314442957
leaf_weight=5.8863114565610886 9.2140624970197695 5.5893045663833618 6.555367246270178 7.3489498049020767 5.087932661175727 6.2758795917034131 5.4035740941762915 5.1723221987485886 10.565388113260273 5.0897888839244869 4.8653097897768021 6.5668473839759809 6.1004820317029953 6.098243057727819 5.9285441339015943 7.3735837340354911 7.5312615483999252 5.5890494585037231 5.3420827239751807 5.6038985401392001 6.3768969476222974 6.8373783379793167 4.9063633531332007 6.3755443841218975 5.6189840435981742 5.8679992258548737 6.4123585969209689 7.8002709001302701 6.7986480146646509 18.068101748824123 4.8650969415903074
leaf_count=24 38 23 27 30 21 26 22 21 44 21 20 27 25 25 24 30 31 23 22 23 26 28 20 26 23 24 26 32 28 73 20
internal_value=0 -0.00331447 -0.00920727 0.00228585 9.86557e-05 0.0201704 -0.0162576 0.000571507 0.0122545 -0.00480013 0.00178667 -0.000825739 -0.00402571 0.00105583 -0.0207412 -0.00922523 0.0115668 0.0127405 0.0213576 0.000166221 0.0039185 -0.00344374 -0.0218908 -0.0249756 0.000603844 0.00802523 -0.0172263 -0.0083301 0.0271538 -0.0296758 0.0245292
internal_weight=213.116 168.53 82.1719 86.3581 35.6907 11.8652 46.4813 11.7277 44.5858 30.6027 21.8796 74.4929 60.3948 47.1173 13.2775 24.9588 14.0981 22.1585 22.7061 11.7044 18.3041 13.2143 34.7536 29.8472 17.5852 11.9662 12.2987 12.6656 17.364 24.4436 10.4541
internal_count=873 689 335 354 146 49 189 48 184 125 90 305 247 193 54 102 58 91 94 48 75 54 141 121 72 49 50 52 72 99 43
is_linear=0
shrinkage=0.03


Tree=5
num_leaves=33
num_cat=0
split_feature=33 15 33 30 17 13 37 34 25 25 16 36 35 26 23 29 35 2 34 15 23 25 2 25 41 35 33 23 15 27 30 33
split_gain=9.28505 5.98507 5.88062 5.33407 5.11443 5.11208 4.92121 5.95452 4.76628 4.42113 3.87212 4.66047 3.21181 5.72103 6.40314 6.32076 5.7502 3.83884 3.57269 2.99914 2.90455 2.78565 2.91379 2.68099 2.38969 2.29004 2.94904 4.87075 2.07759 1.51839 0.552224 0.452873
threshold=0.6730234288447553 1.0000000180025095e-35 -0.55725461512041852 -1.2220063465056441 -1.0000000180025095e-35 -0.021586156319996382 -0.65722634519330536 0.1427183478500248 0.84680686637910163 1.8713072396540149 0.13836849585946603 1.0440937356608921 0.79005896827370237 -0.41033089707774512 0.50002305911566947 -1.0000000180025095e-35 0.057303359788268858 0.54564949839400412 0.1427183478500248 0.43859382891885629 -0.4071646790123909 -1.2875689112769677 -0.69138898538816773 1.1883069908040729 321.50000000000006 1.0838365624591064 -0.34720714419953513 -0.66303814361261282 -0.89700678598766093 0.73577684285599931 -0.5652746619028548 -0.55725461512041852
decision_type=2 2 2 2 2 2 2 2 2 2 2 2 2 2 2 2 2 2 2 2 2 2 2 2 2 2 2 2 2 2 2 2
left_child=1 2 5 4 -3 10 7 -4 20 23 28 30 13 15 18 -5 21 -14 19 -15 24 -16 -23 -10 -2 26 -8 -28 -1 -11 -12 -20
right_child=8 3 6 12 -6 -7 25 -9 9 29 11 -13 17 14 16 -17 -18 -19 31 -21 -22 22 -24 -25 -26 -27 27 -29 -30 -31 -32 -33
leaf_value=-0.0017046408665341113 -0.021913160123145356 -0.00086839567869723274 0.018281034895451544 0 0.035577508630653482 0.024368498521449965 -0.0035063709560583566 -0.02001508800892331 0.0079889694258502789 -0.0070502241583712067 0.023797007018412187 -0.010905760385413091 0.025842979860333657 0.014561162493696184 0.015631584192989746 -0.039687376485371281 -0.028661072975109093 -0.0028576985652754502 0.030709699741108903 -0.012533310318371653 0.013911714653060932 -0.019060827359024 0.0077046733828721597 0.036507392212302744 0.003034509242759558 -0.00068848549979149906 -0.00059007848569079017 -0.035343881342860983 -0.026914083169602539 0.013207000945986863 0.0054981634166551049 0.010023248694379627
leaf_weight=5.8877024799585342 5.1336583793163317 5.5901288539171219 6.5341499298810941 7.3489498049020767 6.2320034801959974 5.0650520771741858 6.1452641040086737 5.184596911072731 6.0359638929367128 5.3476239144802076 4.8396003693342218 8.5866439044475538 6.5375450104475004 5.598090812563898 5.8347998410463324 5.9523673951625806 7.3998598456382743 7.5349230617284775 5.558932825922966 6.1045794785022736 6.3142496198415747 6.6202696412801725 5.1254372149705958 11.045789465308188 5.8198139369487762 4.9069714546203604 4.9108717590570476 18.857740461826328 6.4315334558486956 4.7925673425197601 4.8631277680397043 4.8568821400403959
leaf_count=24 21 23 27 30 26 21 25 21 25 22 20 35 27 23 24 24 30 31 23 25 26 27 21 46 24 20 20 76 26 20 20 20
internal_value=0 -0.00322164 -0.00895532 0.00223219 0.0197362 0.000101245 -0.0158087 0.000535586 0.0119724 0.0194641 -0.0046784 0.00383269 -0.000802315 -0.00392324 0.00103671 -0.0202166 -0.00899373 0.0112953 0.0124707 0.000154961 -0.000130158 0.000572433 -0.00737841 0.0282115 -0.00940721 -0.0212694 -0.0242603 -0.0288621 -0.0167928 0.00247665 0.0171252 0.0240432
internal_weight=212.998 168.508 82.2133 86.2948 11.8221 35.6737 46.5396 11.7187 44.4897 27.2219 30.6086 18.2894 74.4726 60.4002 47.0989 13.3013 24.9804 14.0725 22.1185 11.7027 17.2677 17.5805 11.7457 17.0818 10.9535 34.8208 29.9139 23.7686 12.3192 10.1402 9.70273 10.4158
internal_count=873 689 335 354 49 146 189 48 184 113 125 75 305 247 193 54 102 58 91 48 71 72 48 71 45 141 121 96 50 42 40 43
is_linear=0
shrinkage=0.03


Tree=6
num_leaves=29
num_cat=0
split_feature=33 12 12 25 17 36 1 12 12 41 36 26 26 35 35 16 12 32 16 40 40 12 2 12 29 35 29 36
split_gain=8.81557 10.2562 8.29414 7.71577 7.45931 5.30749 4.55281 6.60313 4.26226 4.24784 3.86392 4.72941 3.5902 5.51582 3.45229 3.40373 3.23505 2.73859 6.04521 3.81877 4.47944 2.84785 2.45146 2.36491 2.29934 1.34114 1.17386 0.923926
threshold=0.6730234288447553 -0.65908381229517599 -0.54080413558490203 -1.2875689112769677 1.0000000180025095e-35 0.73395546447155979 0.15607704012194443 -0.3434207988409424 -0.44656248821773487 362.50000000000006 0.29339229684074747 0.41678755120715877 -0.22652679745887752 0.43549980287752471 -0.50999130484561495 0.40068271276568507 -0.42207539012213768 -0.31067549361115021 0.13836849585946603 177.50000000000003 510.50000000000006 0.6271081973142254 -0.76433855720468225 -0.626480102661365 -0.39495383322201527 -0.22634397252867283 -0.59945117838322426 -1.2353088149384559
decision_type=2 2 2 2 2 2 2 2 2 2 2 2 2 2 2 2 2 2 2 2 2 2 2 2 2 2 2 2
left_child=2 -2 5 22 17 12 7 8 -6 16 26 -12 13 -1 -7 -9 27 18 21 -19 -21 -5 -4 -14 -11 -13 -10 -3
right_child=1 9 3 4 6 14 -8 15 10 24 11 25 23 -15 -16 -17 -18 19 -20 20 -22 -23 -24 -25 -26 -27 -28 -29
leaf_value=-0.013537085877712088 -0.019375273004032509 0.024154255976942138 0 -0.0077752464243761327 -0.018255668273471359 0.0064107754049436243 0.017713566035484279 -0.035176775200099049 0.029647878606882446 0.034824487310523351 -0.021558390782099861 0.017291748493418545 0.029095190884082519 0.021674788521083836 -0.019399328475199297 -0.0059741115976841876 -0.0078265593986582265 -0.0010809042349934155 -0.025429796328338989 -0.035603528711861857 -0.0063792406122059227 0.019451446490490458 0.02500771239009077 0.0061412251148345864 0.0093873199515092862 -0.0010605648878193809 0.0057692025295196358 0.0046626417250431882
leaf_weight=8.1089397668838483 6.6070807874202719 5.050648272037507 5.6148634701967239 5.1495175361633319 5.8710980266332546 7.7420346289873123 7.2581500709056845 6.6777548342943183 5.0928183346986771 12.371165901422501 5.4272909164428738 6.0951879471540424 12.054477840662001 5.3397335708141318 7.8349630981683713 8.83533728122711 7.2879114747047415 6.4072626382112494 7.8438151925802222 18.827404320240024 7.8448167294263831 5.6149736940860748 6.2874839007854444 8.2557182013988513 7.0071508586406717 5.4003671705722818 4.8690208196640103 6.0652743875980386
leaf_count=33 27 21 23 21 24 32 30 27 21 52 22 25 50 22 32 36 30 26 32 76 32 23 26 34 29 22 20 25
internal_value=0 0.0116925 -0.00312556 -0.0074103 -0.0100148 0.00701496 -0.00213856 -0.00568817 0.00193595 0.0178105 0.0072885 -0.00137468 0.0135698 0.000814302 -0.00678359 -0.0208905 0.00626618 -0.0180644 -0.00750518 -0.0232475 -0.0280184 0.00657955 0.0140983 0.021104 0.0272491 0.00908124 0.0207826 0.0158134
internal_weight=212.842 44.3892 168.453 119.117 107.215 49.3359 55.527 48.2689 32.7558 37.7822 26.8847 16.9228 33.7589 13.4487 15.577 15.5131 18.4038 51.6878 18.6083 33.0795 26.6722 10.7645 11.9023 20.3102 19.3783 11.4956 9.96184 11.1159
internal_count=873 184 689 486 437 203 227 197 134 157 110 69 139 55 64 63 76 210 76 134 108 44 49 84 81 47 41 46
is_linear=0
shrinkage=0.03


Tree=7
num_leaves=30
num_cat=0
split_feature=33 12 12 25 36 40 33 16 29 27 32 37 41 15 12 29 32 34 12 31 23 33 12 29 24 19 12 36 27
split_gain=8.37483 9.77749 7.86544 7.32989 5.05101 4.5299 4.32079 5.06196 6.80963 6.19209 5.931 4.88425 4.05494 3.36072 3.09398 3.05649 3.622 3.45262 2.77947 2.50396 2.46592 3.42709 2.22249 2.20321 1.82947 4.11275 1.56513 0.885246 0.723028
threshold=0.6730234288447553 -0.65908381229517599 -0.54080413558490203 -1.2875689112769677 0.73395546447155979 552.50000000000011 -0.34720714419953513 0.40068271276568507 0.42303554742282068 0.11242491872019847 -0.14313855098409409 -0.65722634519330536 362.50000000000006 0.92426677979395355 -0.42207539012213768 -0.87211430526483624 -0.31067549361115021 -0.51551864330877628 -0.42207539012213768 1.049787792257286 1.0000000180025095e-35 -0.13715967327865189 -0.626480102661365 -0.39495383322201527 0.93173569684280744 0.32324851937810761 -0.65243026098393753 -1.2353088149384559 0.27503846414692912
decision_type=2 2 2 2 2 2 2 2 2 2 2 2 2 2 2 2 2 2 2 2 2 2 2 2 2 2 2 2 2
left_child=2 -2 4 19 20 6 7 8 9 -5 -11 -8 14 -6 27 -13 17 -17 -7 -4 21 -1 -22 -14 25 -9 -15 -3 -23
right_child=1 12 3 5 13 18 11 24 -10 10 -12 15 23 26 -16 16 -18 -19 -20 -21 22 28 -24 -25 -26 -27 -28 -29 -30
leaf_value=0.019480472218489947 -0.018859623223514706 0.023684193124171086 0.026106216438399547 0.018129975949317364 -0.022069144445676179 -0.006280527340311929 0.0010453704006680047 -0.012587845257429836 -0.032035449760234008 0.0072139191979544853 -0.03235633704695072 -0.0055813665348636646 0.03413635686578604 -0.0064661255464893343 -0.0076235917709231949 -0.023313646009672631 -0.036340606229053198 0.0049834595886790473 0.018489918602809661 0 0.027798181306794754 -0.013474642085908206 0.004041215868878862 0.0091685909273125591 0.020020072890340277 0.01798879685619326 0.014410859972322465 0.0045534481097188762 0.00064087143125989661
leaf_weight=5.8106248229742041 6.6248320937156668 5.0264991223812112 5.5309198051691038 7.0819640308618608 5.8812046051025382 6.8568072319030762 8.9950181543827039 7.8493047207593936 9.1157649606466276 5.1008650958538082 5.9300789535045579 9.3530890345573336 12.273644775152206 4.8703911900520316 7.2972744554281226 8.3791760057210904 16.871237054467215 5.1644632965326265 6.3425101935863477 6.3426934778690338 11.517534926533697 4.9306949377059919 6.5596709549427059 6.9950552433729181 4.8715792149305335 5.3605220019817352 4.837089776992797 6.0604452490806588 4.8575450778007507
leaf_count=24 27 21 23 29 24 28 37 32 37 21 24 38 52 20 30 34 68 21 26 26 48 20 27 29 20 22 20 25 20
internal_value=3.33238e-06 0.0114198 -0.00303723 -0.00720758 0.00684543 -0.00974336 -0.0120571 -0.00495615 -0.0129237 -0.00128493 -0.0149065 -0.018191 0.017419 -0.00659885 0.00613221 -0.0225672 -0.0270949 -0.0127035 0.00588614 0.0137766 0.0132554 0.0034995 0.0204541 0.0266781 0.00680668 0 0.00393765 0.0154923 -0.00678378
internal_weight=212.689 44.2778 168.411 119.146 49.2648 107.272 94.0731 45.3101 27.2287 18.1129 11.0309 48.763 37.6529 15.5887 18.3842 39.768 30.4149 13.5436 13.1993 11.8736 33.6761 15.5989 18.0772 19.2687 18.0814 13.2098 9.70748 11.0869 9.78824
internal_count=873 184 689 486 203 437 383 185 111 74 45 198 157 64 76 161 123 55 54 49 139 64 75 81 74 54 40 46 40
is_linear=0
shrinkage=0.03


Tree=8
num_leaves=31
num_cat=0
split_feature=33 12 12 33 1 23 24 29 30 30 29 22 22 27 24 35 12 15 28 30 35 17 12 34 12 1 31 32 15 15
split_gain=7.95005 9.32296 7.4415 6.34034 9.7815 5.24168 4.35497 9.27164 4.31553 3.9294 3.47671 6.44298 4.27674 4.99075 3.4307 3.26675 3.10859 7.50617 4.34027 2.70165 3.10732 2.2654 3.29001 2.11077 2.0782 1.91565 1.61081 0.686844 0.209372 0.231392
threshold=0.6730234288447553 -0.65908381229517599 -0.54080413558490203 -0.55725461512041852 0.15607704012194443 1.0582924364252451 0.46580431116813314 0.42303554742282068 -1.2220063465056441 0.36509522461776339 -0.59945117838322426 -0.17891953397248603 -0.73553313938388187 -1.0258698992669157 0.73205081726794707 0.79005896827370237 -0.70446610981130697 0.68143030435640495 0.23860724468535185 1.0000000180025095e-35 0.057303359788268858 1.0000000180025095e-35 -0.34882757916986579 0.36213067823629191 -0.34882757916986579 -0.50476442672099198 -0.51723210609896741 1.3407600837126894 0.074339115762533339 -1.0184250237064352
decision_type=2 2 2 2 2 2 2 2 2 2 2 2 2 2 2 2 2 2 2 2 2 2 2 2 2 2 2 2 2 2
left_child=2 -2 8 4 5 6 7 9 -1 -4 21 12 13 -12 -7 16 17 -10 25 20 -3 -5 -23 24 -13 -18 28 -16 29 -21
right_child=1 19 3 10 -6 14 -8 -9 15 -11 11 23 -14 -15 27 -17 18 -19 -20 26 -22 22 -24 -25 -26 -27 -28 -29 -30 -31
leaf_value=0.025128736179847649 -0.0183612219841436 0.017452525457359345 0.026984774356046633 -0.013737306116845838 0.028817000756279802 -0.0075795050810291533 -0.031387029512850544 -0.029828378633637891 0.011254547678544776 -0.0057877497144569927 -0.02828990862174597 -0.0068710474928468891 0.0082490819892535993 0.004042635489172817 0.024357921102363934 0.019045189224586114 0.0028981497403540364 -0.032480349188969068 -0.012435221700925279 0.022235225387890904 -0.009413102724801458 0.014111908298845687 -0.012782085421521223 -0.046027121801551586 -0.030895001283625181 0.024552205786666479 0.003809108189003407 0.0060480804623865951 0.033788033886059839 0.0075715539452519236
leaf_weight=7.8830874115228644 6.640983134508132 6.2973526120185834 5.5792730897665077 8.872434988617897 7.9135374128818503 7.5957254022359875 7.1288096755743018 6.1633377224206916 5.0776123702526039 4.8859601765871048 9.1313353180885297 8.6048879623413086 9.591325491666792 6.1657250374555614 4.8593726903200132 6.9460442811250678 9.2833485752344096 6.3730800747871399 7.3695444613695136 7.0997532159090051 6.0720307379961014 9.4804335385560972 4.9436609148979196 5.45102335512638 6.6879902929067621 6.2587440311908802 4.7932325005531338 6.1157453656196594 7.7980953305959693 5.4579928368330011
leaf_count=33 27 26 23 36 33 31 29 25 21 20 37 35 39 25 20 29 38 26 30 30 25 39 20 22 27 26 20 25 33 23
internal_value=1.49595e-05 0.0111557 -0.00294453 -0.00699892 0.00100393 -0.00486729 -0.0139106 -0.00411024 0.00667569 0.0123752 -0.0128145 -0.0175381 -0.00630113 -0.0157033 0.00657773 0.00225693 -0.00162402 -0.0135663 0.0045655 0.0170392 0.00424007 -0.00281886 0.0041818 -0.0294164 -0.0195559 0.0133637 0.0225162 0.01659 0.0260829 0.0177767
internal_weight=212.521 44.1594 168.362 119.171 50.2418 42.3282 23.7574 16.6286 49.1915 10.4652 68.9288 45.6323 24.8884 15.2971 18.5708 41.3084 34.3623 11.4507 22.9116 37.5185 12.3694 23.2965 14.4241 20.7439 15.2929 15.5421 25.1491 10.9751 20.3558 12.5577
internal_count=873 184 689 486 206 173 97 68 203 43 280 185 101 62 76 170 141 47 94 157 51 95 59 84 62 64 106 45 86 53
is_linear=0
shrinkage=0.03


Tree=9
num_leaves=32
num_cat=0
split_feature=36 22 19 7 25 35 25 22 28 21 26 28 41 31 13 12 26 33 12 15 20 21 22 34 25 10 36 23 33 26 25
split_gain=7.7964 7.81978 7.14078 6.31042 5.87325 4.87538 7.64156 6.56966 6.53187 9.20167 4.95022 3.94535 5.24327 5.15584 3.84591 3.93814 3.64609 3.2144 3.46793 2.63 2.46514 3.53759 2.4191 2.36557 2.30387 3.35307 3.06601 2.81343 1.89805 1.60193 0.245187
threshold=0.29339229684074747 -0.52386317676264682 -0.80562938344882362 0.21612476843003872 -0.17769350689581179 0.43549980287752471 0.84680686637910163 -1.2764674883048157 1.2581325532104091 1.0000000180025095e-35 -0.22652679745887752 -0.044594229904941718 320.00000000000006 -0.95982551250493209 -1.3491702987158183 -0.44656248821773487 -0.22652679745887752 -0.34720714419953513 -0.42207539012213768 -1.2612614991439837 1.0000000180025095e-35 -0.56652115524434599 0.60504329055060657 0.74610225641225891 -0.86069375574575391 0.78567814298080629 0.73395546447155979 0.77915774777045721 -0.81231225838149113 1.0601018998731953 1.0000000180025095e-35
decision_type=2 2 2 2 2 2 2 2 2 2 2 2 2 2 2 2 2 2 2 2 2 2 2 2 2 2 2 2 2 2 2
left_child=5 2 3 14 24 7 8 -1 9 20 11 13 -13 -9 -2 -16 -10 -12 -19 -8 21 -7 -6 -17 26 27 -3 -26 -4 -28 -22
right_child=1 4 28 -5 22 6 19 10 16 -11 17 12 -14 -15 15 23 -18 18 -20 -21 30 -23 -24 -25 25 -27 29 -29 -30 -31 -32
leaf_value=0.024434733971411517 -0.032136297272262263 0.0011516702781887182 0.0047541479695975049 0.019437865677335773 -0.036727213797725027 -0.010651238219195442 0.0025421919561594013 0.016799145022139327 -0.02980921763093821 -0.020016175738273998 0.019160996683787651 -0.041772087333747938 -0.0039443225823359183 -0.015563178831085331 0.015151869471279448 -0.023466710098396841 0.001964881503940568 0.01037876167735451 -0.019646826777065217 0.030096228360598831 0.030251101852892998 0.018585397624123496 -0.0085418394859160997 1.3086022694275727e-05 -0.021203228763481935 0.015437147348063569 -0.033414450396616571 0.0050130586472294193 0.031063810930439428 -0.0076801977977768304 0.01319247384287814
leaf_weight=6.0401379168033591 4.9226514548063305 7.0817071199417141 5.3470942378044128 5.993141680955886 10.122548982501032 5.3598006218671799 4.7265339493751553 6.0651337504386893 5.6023407280445099 6.0938894748687735 7.715688198804858 6.1551949828863126 7.0904168486595154 9.0937317311763781 5.0444358736276689 6.6765220612287504 5.0669658333063108 5.5794222056865701 5.1743683815002415 16.413911327719688 8.4083502292633039 6.528231009840967 5.9099044650793067 6.36272993683815 5.8919678032398242 7.1010184735059729 5.1764106154441816 5.8694799691438675 6.5860132128000242 6.1302155554294586 7.0097000747919074
leaf_count=25 20 29 22 25 41 22 20 25 23 25 32 25 29 37 21 27 21 23 21 69 35 27 24 26 24 29 21 24 27 25 29
internal_value=1.60049e-05 -0.00633759 0.00335526 -0.00463491 -0.0137812 0.00514973 0.0105577 -0.00151197 0.00301371 0.00963165 -0.00563349 -0.0132904 -0.0243908 -0.00190795 -0.0119566 -0.00411632 -0.0158441 0.00595545 -0.00421539 0.0247773 0.0171542 0.00523919 -0.0282994 -0.0127774 -0.00652429 0.000637705 -0.0136666 -0.00858051 0.0215687 -0.0224642 0.0247075
internal_weight=212.34 94.2158 40.9326 28.9995 53.2833 118.124 65.2097 52.9141 44.0693 33.4 46.874 28.4045 13.2456 15.1589 23.0063 18.0837 10.6693 18.4695 10.7538 21.1404 27.3061 11.888 16.0325 13.0393 37.2508 18.8625 18.3883 11.7614 11.9331 11.3066 15.4181
internal_count=873 385 168 119 217 488 271 217 182 138 192 116 54 62 94 74 44 76 44 89 113 49 65 53 152 77 75 48 49 46 64
is_linear=0
shrinkage=0.03


Tree=10
num_leaves=31
num_cat=0
split_feature=36 1 13 20 34 11 35 25 28 21 20 21 33 29 29 25 24 34 15 20 21 24 16 35 35 34 32 29 17 31
split_gain=7.39667 6.89411 5.58048 5.31333 7.47251 6.70507 4.6297 7.28875 6.2108 8.7716 5.94731 5.72349 3.69216 3.63592 3.48808 3.18109 3.25643 2.52832 2.50694 2.3618 3.37772 1.81987 1.74184 3.01472 2.85993 2.7599 1.591 1.56435 1.47514 0.695532
threshold=0.29339229684074747 0.059229583774272697 -1.3491702987158183 -0.82321501623519899 1.5140454127641938 1.0367555304037726 0.43549980287752471 0.84680686637910163 1.2581325532104091 1.0000000180025095e-35 0.84218579034604601 0.44418654610779645 -0.34720714419953513 -0.59945117838322426 0.15037242054120867 -1.2875689112769677 -0.39949683365626237 0.58154300862255892 -1.2612614991439837 1.0000000180025095e-35 -0.56652115524434599 -0.6435561309144251 0.13836849585946603 0.23064339620417781 -0.60454041561792871 0.30727759563972523 -0.47821243623820647 0.83203023774523899 -1.0000000180025095e-35 0.87035803290351677
decision_type=2 2 2 2 2 2 2 2 2 2 2 2 2 2 2 2 2 2 2 2 2 2 2 2 2 2 2 2 2 2
left_child=6 2 -2 5 15 17 10 8 9 19 11 12 -1 -14 -15 -5 -17 -4 -9 20 -8 -10 25 24 -24 -18 -21 -13 -29 -3
right_child=1 29 3 4 -6 -7 7 18 21 -11 -12 27 13 14 -16 16 22 -19 -20 26 -22 -23 23 -25 -26 -27 -28 28 -30 -31
leaf_value=0.012425588782008452 -0.029432619213996945 0.02275996002893579 -0.017662003846908206 0.0050147137658359091 0.016336052955984295 0.031027607469262218 -0.010388820927784106 0.0024854020874186052 -0.026130668761361216 -0.019491268750617134 -0.027009680075671009 0.023195314461970151 0.0082342436945417215 -0.028774558351647852 -0.0016413474776324532 0 -0.0089790169450200217 0.0057697204909113592 0.029448159005241312 0.032702165651635674 0.018180968535680405 -0.0012435368190669789 -0.015524835017556944 -0.025220987997323429 0.010367716382897248 -0.039546181135537421 0.0092798035812177472 -0.0056769734323608642 0.014593796826838947 0.0045467613885555687
leaf_weight=6.0487867742776897 9.3772157877683622 4.7780197560787183 5.6945467889308956 5.3593889176845542 6.6043611764907828 5.5442891120910636 5.3680923730134964 4.7238127589225796 5.13247449696064 6.1103983819484702 5.6722484230995169 8.7331929504871386 5.118530839681628 9.5651201158761996 8.0573602467775327 7.3510584831237713 5.8969786763191285 8.0376176536083204 16.306521072983742 8.3760265409946406 6.5069366842508334 5.5592972338199598 6.1142875850200573 9.1421627551317197 6.1197883486747839 8.6894246786832792 6.9759774804115304 4.8706391751766205 4.8227607011795026 5.5166037678718567
leaf_count=25 38 20 23 22 27 23 22 20 21 25 23 36 21 39 33 30 24 33 69 35 27 23 25 37 25 35 29 20 20 23
internal_value=9.56675e-06 -0.00617575 -0.00910638 -0.00594083 -0.0106442 0.00705254 0.00501659 0.0102954 0.00293042 0.00940107 -0.00147154 0.00221045 -0.00593547 -0.0115334 -0.0177844 -0.0148036 -0.0174755 -0.00433561 0.0242268 0.0167732 0.00510074 -0.0154276 -0.0210606 -0.013447 -0.00241813 -0.0295511 0.0241884 0.0147275 0.00447649 0.0153282
internal_weight=212.174 94.2257 83.9311 74.5539 55.2775 19.2765 117.948 65.0595 44.0292 33.3374 52.8886 47.2164 28.7898 22.741 17.6225 48.6731 43.3137 13.7322 21.0303 27.227 11.875 10.6918 35.9626 21.3762 12.2341 14.5864 15.352 18.4266 9.6934 10.2946
internal_count=873 385 342 304 225 79 488 271 182 138 217 194 118 93 72 198 176 56 89 113 49 44 146 87 50 59 64 76 40 43
is_linear=0
shrinkage=0.03


Tree=11
num_leaves=31
num_cat=0
split_feature=33 12 12 25 17 41 16 21 40 29 30 35 39 12 12 4 16 40 32 16 31 35 35 12 40 2 22 35 31 29
split_gain=6.95065 8.70459 6.79505 6.68177 6.43628 4.00981 3.94964 5.21723 4.78331 4.51275 3.87728 3.02419 2.98199 2.92168 2.91422 3.24775 2.47188 3.5308 4.52791 6.74366 2.33997 2.33304 2.31513 2.23355 2.01957 1.38681 1.15413 1.07415 0.942761 0.585118
threshold=0.6730234288447553 -0.62797981210935228 -0.54080413558490203 -1.2875689112769677 1.0000000180025095e-35 362.50000000000006 -0.6485741548591909 -0.22961858812696531 321.50000000000006 -0.87211430526483624 -1.2220063465056441 0.79005896827370237 1.0000000180025095e-35 -0.42207539012213768 -0.70446610981130697 -0.31246324529620301 -1.1732025886716289 177.50000000000003 -0.70159502640761462 -1.0000000180025095e-35 1.049787792257286 0.86843520483496239 0.057303359788268858 -0.77964735149095821 510.50000000000006 -0.13417842619393985 -0.053485482048791382 0.23064339620417781 -0.12248663552067453 -0.59945117838322426
decision_type=2 2 2 2 2 2 2 2 2 2 2 2 2 2 2 2 2 2 2 2 2 2 2 2 2 2 2 2 2 2
left_child=2 -2 10 20 16 13 9 21 27 -6 -1 14 -11 29 23 22 -5 -18 19 -19 -4 28 -16 -12 25 -20 -7 -9 -8 -3
right_child=1 5 3 4 6 26 7 8 -10 12 11 -13 -14 -15 15 -17 17 18 24 -21 -22 -23 -24 -25 -26 -27 -28 -29 -30 -31
leaf_value=0.024059005075416383 -0.015716437408335945 0.0037442827623449999 0.025407078780381294 -0.0015417324833380563 -0.030602736966420695 0.0079198997291657532 0.0077940463929346915 -0.025601116521682767 0.0097297075474815781 0.0094958005838283351 0.0015018795759495637 0.018462876334949301 -0.016301424329564874 -0.007826245264125271 0.0049436690789500725 0.018151675081178792 0.00047886848292855844 0.01382502698518657 -0.041930682770408088 -0.026013254910199627 0 -0.00016917155460688025 -0.017179698358564918 -0.022749626149403093 -0.011141222273585953 -0.014322787024950299 0.03058877398000558 -0.0041661709587529506 0.030074398221639428 0.020955730944478661
leaf_weight=7.7901455461978903 7.836426079273223 4.7860380262136468 5.4886243939399701 9.3792147487401945 6.1315352320671108 4.7556001693010357 5.1081425547599801 6.1565790921449679 8.2679080516099912 8.0405936986207944 4.8589354753494263 6.9029527604579917 5.4294181764125815 7.2823288738727561 9.2293402105569822 8.216501131653791 6.1774639040231696 6.1010996252298355 12.204846873879431 6.1549183279275841 6.3404023349285126 5.0837613791227332 5.4241213053464881 6.6046383529901451 6.6349580287933341 5.1882357001304724 13.695016726851462 4.9107687920331955 6.3264403641223916 5.4848285019397744
leaf_count=33 32 20 23 38 25 20 21 25 34 33 20 29 22 30 38 34 25 25 49 25 26 21 22 27 27 21 59 20 26 23
internal_value=9.69813e-06 0.0104715 -0.002751 -0.00662381 -0.00904493 0.0167321 -0.00171767 0.00407135 -0.00612838 -0.0121275 0.0064577 0.00226444 -0.00109311 0.0053102 -0.00146143 0.00453258 -0.0165019 -0.0195045 -0.0229495 -0.00640039 0.0134334 0.0158597 -0.00370893 -0.0130232 -0.0302836 -0.035804 0.0260814 -0.0182 0.0226431 0.0149444
internal_weight=211.992 43.8402 168.152 119.125 107.296 36.0038 55.4551 35.8536 19.3353 19.6015 49.0266 41.2365 13.47 17.5532 34.3335 22.87 51.8407 42.4615 36.2841 12.256 11.829 16.5183 14.6535 11.4636 24.028 17.3931 18.4506 11.0673 11.4346 10.2709
internal_count=873 184 689 486 437 152 227 147 79 80 203 170 55 73 141 94 210 172 147 50 49 68 60 47 97 70 79 45 47 43
is_linear=0
shrinkage=0.03


Tree=12
num_leaves=32
num_cat=0
split_feature=36 22 19 1 37 25 35 25 22 28 19 26 28 26 16 8 33 22 3 22 25 10 36 23 33 40 33 4 26 41 30
split_gain=6.75718 7.01969 6.74705 5.71466 5.74802 5.38113 4.25321 6.82032 6.06591 5.8129 4.84706 4.56886 3.74073 3.33191 2.95208 3.13474 2.94207 2.71064 2.70201 2.31716 2.22867 3.17084 2.91838 2.64294 2.0702 1.98123 1.83385 1.71617 1.62617 1.39461 0.0685534
threshold=0.29339229684074747 -0.52386317676264682 -0.80562938344882362 0.099107948152725944 -0.65722634519330536 -0.17769350689581179 0.43549980287752471 0.84680686637910163 -1.2764674883048157 1.2581325532104091 0.84065089150711814 -0.22652679745887752 -0.61099717908552886 -0.22652679745887752 -0.91088837176540982 0.82519774491794096 -0.34720714419953513 0.32281667372229333 -0.76742848472945646 0.60504329055060657 -0.86069375574575391 0.78567814298080629 0.73395546447155979 0.77915774777045721 0.91307768132576494 300.00000000000006 -0.81231225838149113 -0.56271737427535784 -0.22652679745887752 300.00000000000006 -1.1125510657385125
decision_type=2 2 2 2 2 2 2 2 2 2 2 2 2 2 2 2 2 2 2 2 2 2 2 2 2 2 2 2 2 2 2
left_child=6 2 3 4 -2 20 8 9 -1 10 14 12 -10 -11 -8 -16 -13 -9 24 -7 22 23 -3 -22 -14 -6 -4 -24 -12 -18 -27
right_child=1 5 26 -5 25 19 7 17 11 13 28 16 18 -15 15 -17 29 -19 -20 -21 21 -23 27 -25 -26 30 -28 -29 -30 -31 -32
leaf_value=0.023613427943773517 0.0088330660521259933 0.0013814940036012953 0.0045322918678320605 0.018538419558830146 -0.0044563351213653402 -0.034987271442693195 -0.017627928391079309 0.0059436598146001985 0.0041393886511968698 -0.028262236466537204 0.00973295146794299 0.018466142755878105 -0.018110884584916966 0.0020091497997230296 0.016677897355830258 -0.0092587289306750118 0.0048961945184111798 0.030949961612527315 -0.029069873848771282 -0.007721377970500618 -0.020182937734000692 0.015402789092857755 -0.030562405989872213 0.005175648827838308 0.0053195685859888792 -0.035515239029981938 0.030402668996435823 -0.0045304232742127736 0.033747852580359179 -0.01407459265863208 -0.014197958068641802
leaf_weight=5.9900154769420615 7.2986216843128231 7.077969208359721 5.332339808344841 5.9348911792039862 5.8979940712451961 10.164505288004877 5.10937575995922 7.3122717589139965 7.5842599570751217 5.6443232148885727 8.6143686622381193 7.6658807992935207 4.9233717918396014 5.0660741329193097 8.6595349162817019 5.5684502869844428 5.8510593324899656 13.524534672498701 10.375758975744246 5.9246324449777594 5.9108020514249819 7.0885926932096472 6.4247409105300912 5.8661572635173798 5.548360213637352 4.9156545102596292 6.543859660625456 4.9077787846326801 5.2644886672496787 4.8985866606235504 4.8888942450284931
leaf_count=25 30 29 22 25 24 41 21 31 31 23 36 32 20 21 36 23 24 58 42 24 24 29 26 24 23 20 27 20 22 20 20
internal_value=9.5621e-06 -0.00589935 0.00329787 -0.00446775 -0.0114204 -0.0129404 0.00480664 0.00988296 -0.00140611 0.00276253 0.00905095 -0.00536264 -0.012711 -0.0149645 -0.000600594 0.0062306 0.00578409 0.0234315 -0.018976 -0.0268028 -0.00599694 0.00102335 -0.0130272 -0.00794211 -0.00608422 -0.0211324 0.0210464 -0.0216036 0.0216355 -0.00392381 -0.0287108
internal_weight=211.778 94.1774 40.8123 28.9361 23.0012 53.3652 117.601 64.7634 52.8373 43.9266 33.2162 46.8473 28.4318 10.7104 19.3374 14.228 18.4155 20.8368 20.8475 16.0891 37.276 18.8656 18.4105 11.777 10.4717 15.7025 11.8762 11.3325 13.8789 10.7496 9.80455
internal_count=873 385 168 119 94 217 488 271 217 182 138 192 116 44 80 59 76 89 85 65 152 77 75 48 43 64 49 46 58 44 40
is_linear=0
shrinkage=0.03


Tree=13
num_leaves=32
num_cat=0
split_feature=33 15 17 33 30 17 14 25 25 31 16 37 34 23 23 26 2 28 31 35 2 25 11 35 16 30 40 19 33 35 33
split_gain=6.33594 4.65602 4.64306 6.75266 4.21112 4.91979 4.1439 4.08182 6.79871 4.71907 4.91624 4.07842 4.89677 3.3457 2.91406 7.61899 5.39456 5.36893 4.31737 4.20064 2.53605 2.41421 2.63899 2.2903 2.05541 4.08851 1.7586 2.41851 1.81706 0.896441 0.536281
threshold=0.6730234288447553 1.0000000180025095e-35 -1.3360226514226961 -0.55725461512041852 -1.2220063465056441 -1.0000000180025095e-35 1.2750573647572201 1.1883069908040729 1.8713072396540149 -0.51723210609896741 -0.91088837176540982 -0.65722634519330536 0.087865265253458058 -0.89565038415826925 0.50002305911566947 -0.31842884726831139 0.010168598889801586 0.57844901419370431 0.21244891527302842 0.057303359788268858 0.73811219850565946 -1.2875689112769677 0.64785379676511756 0.53004891364983886 -0.6485741548591909 0.20091230346706615 457.50000000000006 0.60546799508484062 -0.13715967327865189 0.62459802442215262 1.0000000180025095e-35
decision_type=2 2 2 2 2 2 2 2 2 2 2 2 2 2 2 2 2 2 2 2 2 2 2 2 2 2 2 2 2 2 2
left_child=1 2 -1 6 5 -3 24 9 -9 10 -2 12 -5 -12 15 16 -6 -18 20 21 -17 -16 -23 -21 -4 -26 27 28 -13 -10 -29
right_child=7 4 3 11 14 -7 -8 8 29 -11 13 26 -14 -15 19 18 17 -19 -20 23 -22 22 -24 -25 25 -27 -28 30 -30 -31 -32
leaf_value=-0.030563949615200689 -0.013545083399898936 -0.0020970215121900639 -0.001244576510537779 0.019051170911004365 -0.026757503924894812 0.033697737665925771 -0.016457765636791036 0.034241949705726769 -0.0074771409801980306 -0.021486715383905213 0 -0.0087836601488630178 -0.016534696957594519 0.029642950464779733 0.014898152280941481 -0.0059307012791423898 0.016935877506079677 -0.016107438876432061 0.028486286107566754 -0.034255589605006756 0.018047555735707543 0.0077417717666438341 -0.017676064518954822 -0.0042414439800273936 0.025550109467764936 -0.0018957556762744703 -0.0017937229950768317 -0.013893496011953279 -0.035504906730536939 0.008309200849181372 -0.00027677643383423086
leaf_weight=5.9558875858783713 5.0904351323843064 5.5158746242523193 9.0739179104566592 5.9796941280364972 7.4234910309314754 6.0655025839805585 5.1317133307456961 10.703926056623461 4.8090506196022016 4.823809325695037 5.9786882102489507 5.2129383385181383 4.9517601728439331 7.1171824187040276 5.7844950556755093 8.9995081126689929 8.5082858949899656 6.3757626861333838 10.522246077656744 4.9669504761695844 4.7826171517372122 5.1172902435064334 6.6528169512748718 5.0956572294235229 11.098245009779932 7.0344367474317542 6.1713781207799903 5.200308218598364 10.446095809340482 5.0795298963785172 5.9090303331613541
leaf_count=24 21 23 37 25 30 26 21 46 20 20 25 21 20 30 24 37 35 26 44 20 20 21 27 21 46 29 25 21 42 22 24
internal_value=6.58529e-06 -0.00262482 -0.00768142 -0.00526046 0.00219704 0.0179054 0.00488807 0.0100271 0.0192546 0.000851249 0.00826677 -0.0127877 0.00239868 0.0176769 -0.0004807 0.00397939 -0.00823813 0.00223637 0.0152527 -0.00803164 0.00295224 0.00082108 -0.00654706 -0.0220975 0.00977292 0.0152657 -0.0178866 -0.0210925 -0.0285045 0.000131445 -0.00802115
internal_weight=211.579 167.976 82.1654 76.2095 85.8105 11.5814 32.3383 43.6026 20.5925 23.0101 18.1863 43.8712 10.9315 13.0959 74.2291 46.6119 22.3075 14.884 24.3044 27.6172 13.7821 17.5546 11.7701 10.0626 27.2066 18.1327 32.9398 26.7684 15.659 9.88858 11.1093
internal_count=873 689 335 311 354 49 133 184 88 96 76 178 45 55 305 192 91 61 101 113 57 72 48 41 112 75 133 108 63 42 45
is_linear=0
shrinkage=0.03


Tree=14
num_leaves=29
num_cat=0
split_feature=36 22 19 1 37 25 17 33 39 16 32 23 16 0 19 25 25 17 25 19 33 22 27 40 33 28 36 27
split_gain=6.27305 6.52279 6.41673 5.39404 5.40998 5.00051 4.01379 5.16179 4.12856 4.08662 6.51129 4.96637 3.34027 4.8234 3.75949 2.82112 2.94411 2.19568 3.27918 3.16876 3.03882 2.12137 1.95299 1.89835 1.80985 1.5552 1.04303 0.243562
threshold=0.29339229684074747 -0.52386317676264682 -0.80562938344882362 -1.0000000180025095e-35 -0.65722634519330536 -0.17769350689581179 1.0000000180025095e-35 0.6730234288447553 1.2295442005046764 1.0000000180025095e-35 -0.31067549361115021 1.0000000180025095e-35 -0.6485741548591909 -0.41370900209478673 1.099352077571623 1.8713072396540149 0.84680686637910163 -0.52521432699307258 -0.86069375574575391 0.60546799508484062 -1.2224049397032157 0.60504329055060657 -0.21280217213326272 300.00000000000006 -0.81231225838149113 0.57844901419370431 -0.94867735647985529 0.11242491872019847
decision_type=2 2 2 2 2 2 2 2 2 2 2 2 2 2 2 2 2 2 2 2 2 2 2 2 2 2 2 2
left_child=6 2 3 4 -2 17 7 9 12 10 26 -11 13 -8 25 16 -9 -3 20 -20 -19 -7 -15 -6 -4 -14 -1 -22
right_child=1 5 24 -5 23 21 8 15 -10 11 -12 -13 14 22 -16 -17 -18 18 19 -21 27 -23 -24 -25 -26 -27 -28 -29
leaf_value=0.024245060693399881 0.0085323093316599236 -0.018265614569837302 0.0042055553798473894 0.018021912476809478 -0.0042429364365936147 -0.033680563582651708 -0.015147394801794464 0.0015926496210720176 -0.0083006801836135492 -0.029591721408179377 -0.021802098138938915 0 0.029807849687280633 0 -5.0182075366711422e-05 -0.0072890024914192128 0.027281693258285247 0.006358322198764651 0.017595803576303578 -0.0089538721395618082 -0.0083933402507946845 -0.0074840283290600702 0.02271843030776129 -0.027965184479664357 0.029824237074011467 0.011165091066234079 0.0043382738381599565 -0.025484950341160169
leaf_weight=4.8445720225572595 7.2772313803434399 8.1296850293874723 5.3132447153329849 5.8969150036573437 5.8961719572544089 10.181053027510645 7.0325284898281124 8.1345527619123512 8.1952331066131574 10.344265177845957 4.9197508096694937 8.9864662140607816 15.749923244118692 5.0693421214818963 7.1007905155420294 4.9630073457956305 8.1312996000051481 4.8696177154779425 9.478524401783945 4.9065398871898642 4.9278163164854032 5.9279382675886145 6.731745541095731 9.8080895990133268 6.5085705369710904 10.487307518720625 6.5415430516004571 4.9546550810337067
leaf_count=20 30 33 22 25 24 41 29 34 34 42 20 37 66 21 30 21 35 20 39 20 20 24 28 40 27 44 27 20
internal_value=0 -0.00570181 0.00317736 -0.00439186 -0.01114 -0.0124835 0.00462386 -0.00100898 0.00992277 -0.00796744 0.00273769 -0.0168324 0.0130491 0.00230047 0.0185886 0.010163 0.0159915 -0.00577883 -0.00137528 0.00817199 -0.0109492 -0.0258399 0.0136848 -0.0205539 0.0205305 0.0235792 0.0151101 -0.0197187
internal_weight=211.308 94.0761 40.7002 28.8784 22.9815 53.3758 117.232 56.8655 60.3669 35.6366 16.3059 19.3307 52.1716 18.8336 33.338 21.2289 16.2659 37.2668 29.1372 14.3851 14.7521 16.109 11.8011 15.7043 11.8218 26.2372 11.3861 9.88247
internal_count=873 385 168 119 94 217 488 236 252 146 67 79 218 78 140 90 69 152 119 59 60 65 49 64 49 110 47 40
is_linear=0
shrinkage=0.03


Tree=15
num_leaves=32
num_cat=0
split_feature=36 22 19 1 37 25 35 25 22 28 21 26 28 12 26 33 12 22 20 21 10 17 25 19 33 22 40 33 32 35 29
split_gain=5.95352 6.22438 6.12128 5.13832 5.13587 4.72424 3.98772 6.19987 5.70829 5.45963 8.05532 4.18329 3.47752 4.37665 3.06853 2.73523 3.21348 2.55903 2.19379 3.20672 2.11027 2.07313 3.11638 3.02213 2.90278 1.99537 1.78443 1.73105 1.55955 0.106034 0.0251144
threshold=0.29339229684074747 -0.52386317676264682 -0.80562938344882362 0.099107948152725944 -0.65722634519330536 -0.17769350689581179 0.43549980287752471 0.84680686637910163 -1.2764674883048157 1.2581325532104091 1.0000000180025095e-35 -0.22652679745887752 -0.61099717908552886 0.66633616583406963 -0.22652679745887752 -0.34720714419953513 -0.42207539012213768 0.32281667372229333 1.0000000180025095e-35 -0.56652115524434599 -0.89065937466178713 -0.52521432699307258 -0.86069375574575391 0.60546799508484062 -1.2224049397032157 0.60504329055060657 300.00000000000006 -0.81231225838149113 -0.47821243623820647 -1.2138569072617298 -0.87211430526483624
decision_type=2 2 2 2 2 2 2 2 2 2 2 2 2 2 2 2 2 2 2 2 2 2 2 2 2 2 2 2 2 2 2
left_child=6 2 3 4 -2 21 8 9 -1 10 18 12 -10 20 -11 -13 -17 -9 19 -8 -14 -3 24 -24 -23 -7 -6 -4 -20 -28 -19
right_child=1 5 27 -5 26 25 7 17 11 14 -12 15 13 -15 -16 16 -18 30 28 -21 -22 22 23 -25 -26 -27 29 -29 -30 -31 -32
leaf_value=0.022848201064659082 0.0083292709513012181 -0.017778176543495148 0.0041094459144044408 0.017650254479822387 -0.0041400208613158948 -0.032769565866110899 -0.010379886300538294 0.0054854491685631269 0.0038927619665753404 -0.027228525870383782 -0.018843725869969321 0.017653112687370468 -0.0076591651023360033 0 0.0018073267463993073 0.010087785642431733 -0.018833720384486961 0.016007055026284817 0.031504555857942373 0.017499326788169296 -0.036253666319307216 0.0062169400960458039 0.017179545637652768 -0.0087415967360966775 -0.019256696042031066 -0.0073010798828889488 -0.033793132671199516 0.029225154773663654 0.0085077007547024307 -0.013203760102813536 0.035624217981920323
leaf_weight=5.9377189129590979 7.2676968127489117 8.1429248005151731 5.3095203936100006 5.8724114447832099 5.8987098634243038 10.191686555743219 5.3575940281152725 7.2702286094427135 7.5607558041811016 5.6641401797533035 6.1193707138299933 7.5999223887920406 5.1176208108663586 7.3107561469078055 5.0519405305385572 5.5507372170686731 5.1752165108919117 5.9133285880088815 8.2585125118493998 6.4559779465198535 8.4051668494939786 4.8651295006275168 9.4536651372909564 4.9112684130668631 9.8942156583070737 5.9317127913236609 4.9401011019945154 6.474000081419943 6.9152629822492608 4.8893797993659946 7.4004678875207874
leaf_count=25 30 33 22 25 24 41 22 31 31 23 25 32 21 30 21 23 21 26 35 27 34 20 39 20 40 24 20 27 29 20 32
internal_value=0 -0.00555755 0.00312092 -0.00426341 -0.0108425 -0.0121794 0.00450588 0.00943934 -0.00151185 0.00265364 0.00876992 -0.00534667 -0.0123725 -0.018409 -0.0145077 0.00534903 -0.00397456 0.0224527 0.0159044 0.00466015 -0.0276769 -0.00565279 -0.00136196 0.00795051 -0.0106919 -0.0251592 -0.0200036 0.020102 0.0230921 -0.0271853 0.0298193
internal_weight=211.107 94.0424 40.6518 28.8683 22.9959 53.3906 117.065 64.4068 52.6579 43.8228 33.1067 46.7202 28.3943 20.8335 10.7161 18.3259 10.726 20.584 26.9873 11.8136 13.5228 37.2672 29.1243 14.3649 14.7593 16.1234 15.7282 11.7835 15.1738 9.82948 13.3138
internal_count=873 385 168 119 94 217 488 271 217 182 138 192 116 85 44 76 44 89 113 49 55 152 119 59 60 65 64 49 64 40 58
is_linear=0
shrinkage=0.03


Tree=16
num_leaves=31
num_cat=0
split_feature=36 22 19 4 37 25 17 37 40 39 19 14 32 6 6 26 5 36 29 8 32 28 36 28 22 30 34 12 17 12
split_gain=5.67111 5.9089 5.85785 4.91135 4.89997 4.47744 3.80425 4.12531 4.00915 3.8653 3.27181 3.22964 3.7884 2.69626 2.74431 2.1784 4.74024 4.26809 2.56231 4.21292 2.44632 1.96768 3.92344 3.59601 1.87939 1.69928 1.64053 1.20341 0.976011 0.0253205
threshold=0.29339229684074747 -0.52386317676264682 -0.80562938344882362 0.11979388657688241 -0.65722634519330536 -0.17769350689581179 1.0000000180025095e-35 -0.65722634519330536 199.00000000000003 1.2295442005046764 0.32324851937810761 -1.0864484373214871 -0.31067549361115021 -1.3178596540812 -1.1695730930944228 -0.13462474764944385 -0.057317561771167251 -1.4263964539108562 0.42303554742282068 0.34743438240969765 -0.70159502640761462 0.23860724468535185 0.73395546447155979 -0.44107629433135281 0.41689221266506443 -1.1125510657385125 0.80095533900882587 -0.40681296487198165 -1.0000000180025095e-35 -0.41775066171232872
decision_type=2 2 2 2 2 2 2 2 2 2 2 2 2 2 2 2 2 2 2 2 2 2 2 2 2 2 2 2 2 2
left_child=6 2 3 4 -2 21 7 10 11 15 -1 13 27 -9 -15 17 29 -8 19 20 -19 22 -3 -24 -7 -6 -23 -13 -4 -17
right_child=1 5 28 -5 25 24 9 8 -10 -11 -12 12 -14 14 -16 16 -18 18 -20 -21 -22 26 23 -25 -26 -27 -28 -29 -30 -31
leaf_value=-0.0018170503774984281 0.0081311248371175992 0.016254716583792166 0.007698218812654558 0.017287417956837602 -0.028349271027279441 -0.033560148187832428 0.026820076505375191 0.0059139702070917814 -0.023338203009265677 -0.0080282334641886867 0.026544696368054531 0.0048701621103154165 -0.0074456398719577729 -0.02811849743279405 -0.0018699879180974334 0.03302447897064463 -0.0020290057368195251 0 0.017509327657618493 0.01074052891160663 -0.024860128976467246 -2.5453231513581853e-05 -0.019981089449601089 0.0080030908418895295 -0.0093501024385438461 -0.0063292573670927351 -0.020152758048794274 0.028753209602085876 0.02867972894553112 0.013791102130758546
leaf_weight=6.0289308726787549 7.2581571489572552 7.4860469847917583 6.5132358372211456 5.8476543575525275 8.1419547945261019 8.7100078910589236 6.0973871201276735 6.5623287856578818 7.5681262612342826 8.2014300972223264 6.0807973146438599 4.7985507547855386 6.5307205468416241 6.3468403071165076 8.0111294835805875 9.3956850320100784 5.5090856850147238 5.460732102394104 5.0934842675924292 8.795665040612219 6.7759304791689008 6.3944443166255942 8.3634652495384199 5.6339861005544654 7.4218116104602805 7.6007853150367728 9.388669624924658 4.8013135343790063 5.2302726805210096 4.7953588515520105
leaf_count=25 30 31 27 25 33 35 26 28 31 34 26 20 27 26 33 40 23 23 21 37 28 26 34 23 30 31 38 20 22 20
internal_value=0 -0.00542073 0.003041 -0.00417509 -0.0106008 -0.0118697 0.00440648 -0.00107794 -0.00542762 0.00957877 0.0133397 -0.000847778 0.00862502 -0.00850777 -0.0154135 0.0126195 0.0203972 0.00699079 0.000940762 -0.00370393 -0.0145624 -0.00550889 0.000264399 -0.00864586 -0.0245051 -0.0195412 -0.0130554 0.0196271 0.0196859 0.0288473
internal_weight=210.844 93.9905 40.5921 28.8486 23.0009 53.3984 116.853 56.7287 44.619 60.1248 12.1097 37.0509 16.1306 20.9203 14.358 51.9233 19.7001 32.2232 26.1258 21.0323 12.2367 37.2666 21.4835 13.9975 16.1318 15.7427 15.7831 9.59986 11.7435 14.191
internal_count=873 385 168 119 94 217 488 236 185 252 51 154 67 87 59 218 83 135 109 88 51 152 88 57 65 64 64 40 49 60
is_linear=0
shrinkage=0.03


Tree=17
num_leaves=29
num_cat=0
split_feature=33 12 12 25 17 36 10 12 40 34 34 9 15 19 21 15 2 3 2 0 33 40 40 30 40 25 12 15
split_gain=5.51596 7.8029 6.14992 6.12986 5.2799 4.41127 3.6269 4.50795 3.88863 4.01399 4.25833 2.68158 2.47031 2.44576 3.35291 2.63645 2.28881 2.26214 4.52165 2.12244 4.55038 4.0606 5.42839 3.10493 1.76986 1.67003 2.84566 1.53016
threshold=0.6730234288447553 -0.62797981210935228 -0.54080413558490203 -1.2875689112769677 1.0000000180025095e-35 0.73395546447155979 1.1397487037266985 -0.44656248821773487 168.00000000000003 -0.51551864330877628 0.91066150420195957 -0.81012069235788586 0.43859382891885629 0.84065089150711814 0.44418654610779645 -1.0184250237064352 -0.76433855720468225 1.0682831679693638 -0.70070169668389304 -0.50252208942917576 -0.34720714419953513 510.50000000000006 177.50000000000003 0.58400578615202692 449.50000000000006 0.41993171084788761 -0.61382727410563165 -1.1398432614252094
decision_type=2 2 2 2 2 2 2 2 2 2 2 2 2 2 2 2 2 2 2 2 2 2 2 2 2 2 2 2
left_child=2 -2 5 16 19 17 7 -6 -9 -10 27 24 13 14 15 -3 -4 18 -1 20 -5 22 -21 -22 -7 26 -20 -11
right_child=1 12 3 4 6 11 -8 8 9 10 -12 -13 -14 -15 -16 -17 -18 -19 25 21 23 -23 -24 -25 -26 -27 -28 -29
leaf_value=-0.015216529637024826 -0.015355293256378721 0.0095911582421858866 -0.00041227757094719692 0.014033055950506683 -0.018277042827177736 0.01449648888848405 -0.01888109025319833 -0.013878536165514228 -0.008693014662847328 0.0060609427758865223 -0.0028630695727370321 -0.019963613045987452 0.029398394083977611 0.021785790897183986 0.020355616472391019 -0.014736216053276938 0.023733964498514858 0.026993489909858077 0.02615619692818805 -0.0016474827298033833 -0.026890787933501619 -0.00075365425314357737 -0.033388967336027399 0.0012629112919771244 -0.0078436218993930187 0 0 0.02753676852314739
leaf_weight=4.8526583015918723 7.8119881153106681 5.1563480049371728 5.5633884966373444 5.5393955409526852 7.0623062700033179 4.8030949681997281 7.8788596987724295 6.1127695441246024 7.0106556862592653 6.0420745611190787 7.8079499006271353 5.9155449867248526 7.9999369084835044 8.6826352924108487 5.2479555010795584 8.3441168516874349 6.1979981213808042 6.4953854382038108 10.482169300317764 7.1663869172334698 6.9310918450355512 8.605972692370413 18.382647827267647 5.1727984994649887 4.7768699377775192 6.2909718900918952 5.0942605286836669 13.213527634739885
leaf_count=20 32 22 23 23 29 20 32 25 29 25 32 24 35 38 22 35 26 28 44 29 28 35 74 21 20 26 21 55
internal_value=0 0.00939292 -0.00245364 -0.00614421 -0.00846888 0.00633411 -0.00178336 0.00143786 0.0055794 0.00967674 0.014852 -0.00623116 0.015414 0.00981549 0.00277236 -0.00501471 0.0131051 0.0123848 0.00737491 -0.0152212 -0.00561593 -0.0195696 -0.0252925 -0.0156052 0.00326168 0.0133 0.0181679 0.0220121
internal_weight=210.642 43.243 167.399 118.688 106.926 48.711 55.1281 47.2493 40.187 34.0742 27.0636 15.4955 35.431 27.4311 18.7484 13.5005 11.7614 33.2154 26.7201 51.7983 17.6433 34.155 25.549 12.1039 9.57996 21.8674 15.5764 19.2556
internal_count=873 184 689 486 437 203 227 195 166 141 112 64 152 117 79 57 49 139 111 210 72 138 103 49 40 91 65 80
is_linear=0
shrinkage=0.03


Tree=18
num_leaves=28
num_cat=0
split_feature=33 12 12 25 17 1 12 12 16 1 25 26 2 15 16 32 16 2 16 25 27 16 33 21 2 16 25
split_gain=5.26397 7.47749 5.83385 5.83267 4.97347 3.56491 5.3804 3.58467 2.73888 2.63662 2.56964 3.73698 5.46568 3.39905 2.3929 2.23165 4.65567 2.19706 2.00216 3.34414 2.6881 1.97096 3.03953 1.63993 1.54431 1.20351 1.17615
threshold=0.6730234288447553 -0.65908381229517599 -0.54080413558490203 -1.2875689112769677 1.0000000180025095e-35 0.15607704012194443 -0.3434207988409424 -0.48077132150870061 0.40068271276568507 -0.35094787840410163 -0.86069375574575391 -0.22652679745887752 0.010168598889801586 0.80284854207517931 -1.1732025886716289 -0.70159502640761462 -1.0000000180025095e-35 -0.76433855720468225 0.92531114657812308 1.1883069908040729 0.27503846414692912 0.66299692967190416 -0.34720714419953513 1.0000000180025095e-35 -0.37165256423493392 -0.6485741548591909 1.8713072396540149
decision_type=2 2 2 2 2 2 2 2 2 2 2 2 2 2 2 2 2 2 2 2 2 2 2 2 2 2 2
left_child=2 -2 10 17 14 6 7 -6 -8 -9 13 12 -12 -1 -5 16 -16 -4 19 20 -3 -17 -23 25 -13 -11 -21
right_child=1 18 3 4 5 -7 8 9 -10 23 11 24 -14 -15 15 21 -18 -19 -20 26 -22 22 -24 -25 -26 -27 -28
leaf_value=0.011053892302225102 -0.017107664654066893 -0.006093034844711495 -0.00040251520605119427 -0.00032955601847860667 -0.017295620847773443 0.015958704352154601 -0.031381838622448657 0.023951969792329362 -0.005129034068871427 -0.0015416067840658995 -0.019656048144757403 0.02133884107433524 0.014447489281657446 -0.01781720558852699 0.010883702222376298 -0.02872460555929781 -0.021687768515952312 0.023256418832868664 0.0013650915449913835 0.037356625525415202 0.017477091522184584 0.0056431582754578593 -0.021595533011325118 -0.0082936314299056173 0.0017598758932034367 0.014230862926710426 0.012151963793656939
leaf_weight=5.0137785822153074 6.6356430053710929 6.5242538601160067 5.563740074634552 9.37491327524185 5.3897848576307217 7.1050710678100577 6.7191114127635947 4.8086348026990846 8.7737952321767789 6.3377624452114096 6.6512600630521757 17.254546940326691 7.2258121967315674 6.7694200575351715 6.3061816543340683 17.595532640814785 6.4167704880237562 6.1667843759059888 9.0906320214271528 7.2018250823020917 7.9146985113620758 5.1714410334825516 6.9297513663768751 7.8272977322340003 5.7103358507156399 8.141864076256768 5.7584619224071503
leaf_count=21 27 27 23 38 22 30 27 20 36 26 27 73 30 28 26 71 26 26 39 32 34 21 28 32 24 34 25
internal_value=1.1411e-06 0.00919206 -0.00239378 -0.00598823 -0.00825492 -0.00175937 -0.00490749 0.00199125 -0.0186328 0.00674026 0.00617252 0.0100343 -0.001831 -0.00521978 -0.0148088 -0.0177516 -0.00567652 0.0128082 0.0146192 0.01851 0.00687934 -0.0222109 -0.0101754 0.00150259 0.0171221 0.00745507 0.028995
internal_weight=210.379 43.1255 167.254 118.628 106.898 55.1033 47.9983 32.5053 15.4929 27.1156 48.6252 36.842 13.8771 11.7832 51.7946 42.4197 12.723 11.7305 36.4899 27.3992 14.439 29.6967 12.1012 22.3069 22.9649 14.4796 12.9603
internal_count=873 184 689 486 437 227 197 134 63 112 203 154 57 49 210 172 52 49 157 118 61 120 49 92 97 60 57
is_linear=0
shrinkage=0.03


Tree=19
num_leaves=32
num_cat=0
split_feature=36 10 13 22 31 35 22 25 28 21 25 25 15 15 21 20 17 19 15 7 22 33 20 38 30 24 28 32 11 11 14
split_gain=5.0469 5.23584 4.43629 4.2346 4.34095 3.50991 6.60209 5.47786 4.62126 9.03397 3.06951 3.73753 5.84631 3.44289 2.9768 2.75876 2.75359 4.0351 2.71955 2.68133 2.30557 2.26344 2.2158 2.06621 1.99468 1.84071 1.72022 1.32287 0.958212 0.467617 0.430406
threshold=0.10230465786834701 -0.27012371355775383 -1.3491702987158183 -0.24163655993433358 0.37991669066987993 0.43549980287752471 0.41689221266506443 0.84680686637910163 1.2581325532104091 1.0000000180025095e-35 -0.17769350689581179 -0.86069375574575391 -0.16849735967501522 0.43859382891885629 0.44418654610779645 1.0000000180025095e-35 -0.52521432699307258 -0.80562938344882362 -1.2612614991439837 0.80846410162547266 -0.33571209887710474 -0.34720714419953513 -1.1007818173320729 1.0000000180025095e-35 0.58400578615202692 -0.6435561309144251 -0.044594229904941718 -0.47821243623820647 -0.58878451528085574 -0.91202809917463001 1.5710696857810287
decision_type=2 2 2 2 2 2 2 2 2 2 2 2 2 2 2 2 2 2 2 2 2 2 2 2 2 2 2 2 2 2 2
left_child=5 19 30 4 22 6 14 8 9 15 11 13 -13 -5 20 29 -6 23 -9 -2 -1 -12 -4 -18 -23 -10 -16 -17 -22 -7 -3
right_child=1 2 3 10 16 7 -8 18 25 -11 21 12 -14 -15 26 27 17 -19 -20 -21 28 24 -24 -25 -26 -27 -28 -29 -30 -31 -32
leaf_value=-0.014901876569821568 0.02399629716019842 -0.030998546709661363 0.0033147032562643314 0 -0.0068970427564944998 -0.0019060767947087465 -0.021740884921596187 9.3969745017763391e-05 -0.02372581857653264 -0.021596490637658502 -0.0026417483042473792 -0.012085474090213676 0.021360617970435147 -0.030665826894345733 0.02127094367566507 0.033175858401661651 0.011924763117222998 0.026400593198321196 0.027640841745873588 -0.002305114202927284 0.011785524464263012 -0.036989523989316153 -0.019101290254371284 -0.0100332590273181 -0.0075619576121576434 0 0 0.0079526378994289014 -0.003600596202511627 0.0093172111887074496 -0.011156192948932371
leaf_weight=7.0743919759988776 6.7274870276451093 5.174663379788397 5.3457347005605689 7.0806866884231532 6.1123748719692257 4.8236161470413208 9.5495332628488523 4.5693157166242626 5.1713242530822754 5.3936787694692603 5.9131108373403576 7.4201205819845173 8.3693752139806765 5.2073405385017395 9.3014198839664441 7.9069491028785714 6.5364269912242907 10.337081879377363 15.003282532095907 4.9786259084939957 6.4961948394775364 6.4237071424722689 8.3282586932182294 5.8145810514688492 4.9104022830724716 4.7895108908414823 5.0775575935840598 4.7393114119768116 4.8780100345611617 4.7841372638940864 5.8666073828935623
leaf_count=29 29 21 22 29 25 20 39 20 21 22 24 30 35 21 39 34 27 43 66 21 27 26 34 24 20 20 21 20 20 20 24
internal_value=3.89055e-06 -0.00435241 -0.00667894 -0.00413307 0.00253342 0.00489318 -0.00151487 0.00966178 0.00251171 0.00889678 -0.0103895 -0.00362886 0.00561104 -0.0152556 0.00488699 0.0174371 0.00912351 0.0138477 0.0219591 0.0133647 -0.00283227 -0.0199044 -0.0104811 0.00118716 -0.0270817 -0.0135323 0.0145008 0.0259929 0.00507019 0.00364586 -0.0235294
internal_weight=210.105 110.547 98.8405 87.7992 42.4745 99.5582 42.3771 57.1811 37.6085 27.6477 45.3247 28.0775 15.7895 12.288 32.8276 22.254 28.8005 22.6881 19.5726 11.7061 18.4486 17.2472 13.674 12.351 11.3341 9.96084 14.379 12.6463 11.3742 9.60775 11.0413
internal_count=873 455 405 360 175 418 175 243 157 116 185 115 65 50 136 94 119 94 86 50 76 70 56 51 46 41 60 54 47 40 45
is_linear=0
shrinkage=0.03


Tree=20
num_leaves=33
num_cat=0
split_feature=36 22 19 12 25 41 39 17 12 31 0 34 35 34 32 12 25 35 25 32 32 34 0 22 33 40 1 22 29 37 28 29
split_gain=4.89464 5.43226 5.51188 4.47738 3.99225 3.73195 4.24856 4.25083 3.33415 3.66783 4.90718 3.26468 3.18103 3.16068 3.5629 3.12433 3.08861 2.27284 2.23615 2.21856 4.61856 3.16505 2.16388 1.76082 1.67856 1.64042 1.62562 1.42009 2.13351 0.997302 0.810486 0.753008
threshold=0.29339229684074747 -0.52386317676264682 -0.80562938344882362 -0.44656248821773487 1.0000000180025095e-35 687.00000000000011 1.2295442005046764 -0.52521432699307258 -0.42207539012213768 -0.51723210609896741 -0.45318148535451525 0.47183684342942528 -0.33665126842970577 -0.29610631292250916 -0.14313855098409409 0.6271081973142254 1.0000000180025095e-35 0.43549980287752471 -1.0000000180025095e-35 0.86208310477824301 1.3407600837126894 0.58154300862255892 -0.86106381237170981 -0.17891953397248603 -0.81231225838149113 300.00000000000006 -0.35094787840410163 1.3576476020927759 -0.2245393789210077 -0.65722634519330536 0.74836989894788075 -0.59945117838322426
decision_type=2 2 2 2 2 2 2 2 2 2 2 2 2 2 2 2 2 2 2 2 2 2 2 2 2 2 2 2 2 2 2 2
left_child=5 2 3 26 19 6 7 18 9 27 -11 -5 -12 15 -15 -10 -8 -7 -1 21 31 25 -17 -23 -4 -3 -2 28 -9 -13 -19 -21
right_child=1 4 24 11 -6 17 16 8 13 10 12 29 -14 14 -16 22 -18 30 -20 20 -22 23 -24 -25 -26 -27 -28 -29 -30 -31 -32 -33
leaf_value=0.0038852867212792446 -0.0013050600778567675 -0.011209546704307842 0.0036299084318990168 -0.028461240759981396 -0.028284745418074183 2.6954047615545949e-05 -0.026635629204710635 0.033280033200469621 -0.025202253986311318 -0.016870081839460042 -0.0045698891883212446 0.006469426061186047 0.023782586496766164 0.025659307913144098 -0.0033912636776183423 -0.012412667914354089 3.394665922751334e-05 0.027697690652475248 -0.017748690498548183 0.002877010187826802 -0.013649170600545693 -0.0049039613248868111 0.011235560763313845 -0.031081165405175821 0.028286387337532436 0.0073525245858757499 0.019894431827861044 0.0039626446919740323 0.0068890163065879169 -0.0088450051041240683 0.0075499074280850056 0.02140468646331414
leaf_weight=5.7523290663957605 4.8203106671571732 6.8573307543993014 5.27470763027668 5.9298346638679567 8.940239802002905 6.7881113886833218 6.1081532686948758 9.951541975140568 5.1059377491474214 6.0528446733951595 4.6859456449747094 4.8662397265434274 7.5415129214525232 5.4400846362113953 7.0623453110456449 4.7539725899696377 7.119353249669075 8.3118775039911252 9.2956119030714 4.8958573639392853 8.5813994556665403 4.8822386264801025 6.3045115917921022 7.1681150346994382 6.3943253308534604 7.1000653654336929 5.5453102588653547 4.8979964554309836 5.7422889918088922 7.5667011886835072 5.2105187177658072 4.8691403269767779
leaf_count=24 20 28 22 24 36 28 25 43 21 25 20 20 32 23 29 20 30 36 39 20 35 20 26 29 27 29 24 21 24 31 22 20
internal_value=0 -0.00504244 0.00308697 -0.00392205 -0.0112299 0.00410781 0.0014646 0.0041015 0.00736269 0.0129222 0.00239351 -0.0126101 0.0131679 -0.000244783 0.0102154 -0.00885537 -0.0133326 0.0153437 -0.00951361 -0.00684857 0.000863011 -0.012257 0.000323254 -0.0226351 0.0192796 -0.00158175 0.0106117 0.0212003 0.0254161 -0.00236914 0.0218627 0.0142681
internal_weight=209.817 93.6918 40.3974 28.7284 53.2944 116.125 95.8144 82.5869 67.539 38.8721 18.2803 18.3628 12.2275 28.6669 12.5024 16.1644 13.2275 20.3105 15.0479 44.3541 18.3464 26.0077 11.0585 12.0504 11.669 13.9574 10.3656 20.5918 15.6938 12.4329 13.5224 9.765
internal_count=873 385 168 119 217 488 402 347 284 165 77 75 52 119 52 67 55 86 63 181 75 106 46 49 49 57 44 88 67 51 58 40
is_linear=0
shrinkage=0.03


Tree=21
num_leaves=33
num_cat=0
split_feature=36 22 19 37 1 41 39 17 12 31 0 27 35 21 17 19 1 21 35 35 40 12 12 22 22 35 22 29 31 13 30 35
split_gain=4.64875 5.16433 5.26909 4.32076 4.01051 3.5711 4.03663 4.03169 3.18436 3.52015 4.66783 3.0588 3.0488 2.53032 2.47825 2.74403 2.30399 2.25608 2.17536 1.99023 1.71812 1.67902 1.50558 3.5205 3.22295 1.50118 1.35735 2.04965 1.11561 1.10114 0.204269 0.125605
threshold=0.29339229684074747 -0.52386317676264682 -0.80562938344882362 -0.65722634519330536 0.099107948152725944 687.00000000000011 1.2295442005046764 -0.52521432699307258 -0.42207539012213768 -0.51723210609896741 -0.45318148535451525 0.43765200957365974 -0.33665126842970577 -1.0157245780675204 1.0000000180025095e-35 0.60546799508484062 -0.35094787840410163 0.44418654610779645 0.43549980287752471 0.62459802442215262 300.00000000000006 -0.30493275601018827 -0.64059125162092456 -0.17891953397248603 0.60504329055060657 -0.33665126842970577 1.3576476020927759 -0.2245393789210077 1.049787792257286 0.66944499160253856 0.83028016787807302 -1.2138569072617298
decision_type=2 2 2 2 2 2 2 2 2 2 2 2 2 2 2 2 2 2 2 2 2 2 2 2 2 2 2 2 2 2 2 2
left_child=5 2 3 -2 20 6 7 19 9 26 -11 -8 -12 16 15 -10 -3 21 -7 -1 -5 22 -15 -24 -25 -16 27 -9 -4 -27 -20 -22
right_child=1 13 28 4 -6 18 11 8 14 10 12 -13 -14 17 25 -17 -18 -19 30 -21 31 -23 23 24 -26 29 -28 -29 -30 -31 -32 -33
leaf_value=0.00053794136655426243 0.012566655805563999 0.013477299760947159 0.025841509809347265 -0.003052223666346826 0.010263274423815968 2.6291775054540122e-05 -0.023263839384316125 0.03266501398236981 -0.018019969773052296 -0.016430742157932693 -0.0044627860813487973 0.0035762734886991623 0.023295138441871525 -0.022437243506466836 0.019248844782611227 0.0067987766260223922 -0.010990989894329419 0.0028410044383157186 0.025324297598610206 -0.019496789747161427 -0.031560284167301181 -0.029677775535952682 0.012584439624906366 -0.021894161107983742 0.0034401119659035594 -0.0084400011957872188 0.0038743765821142358 0.0067317205047090619 0.0041545157954481163 0.0091352867681178604 0.0089317248095910923 -0.012030653169369465
leaf_weight=8.1402427703142148 8.387457877397539 5.6394010037183762 6.8525692671537382 5.9062103331089046 4.5934410542249671 6.7880886048078564 8.021995082497595 9.864307358860966 9.0207990109920484 6.0681211948394802 4.6903828978538522 5.2230789214372626 7.5003519058227548 8.3186458945274335 4.8026596754789361 5.0190958380699167 5.1327796727418882 5.1383576840162268 8.7123402059078199 6.928602695465087 4.9278987646102905 7.1858583688735989 4.886298909783366 11.087488129734995 5.9113264679908744 4.8966765552759153 4.8935387581586829 5.7353271394968042 4.7742438912391663 4.9151252806186676 4.7416882365941992 4.8886908739805204
leaf_count=34 35 23 29 24 20 28 33 43 37 25 20 22 32 34 20 21 21 21 38 29 20 29 20 45 24 20 21 24 20 21 20 20
internal_value=0 -0.00491179 0.00302097 -0.00382539 -0.0112665 0.00400997 0.00142392 0.00400009 0.00718443 0.0126299 0.00231229 -0.0129857 0.0128582 -0.0109421 -0.000243004 -0.00896162 0.00141124 -0.0141489 0.015021 -0.00924294 -0.0182509 -0.0166576 -0.0121131 -0.00674483 -0.0131953 0.00781503 0.0207652 0.0249082 0.0188857 0 0.0214236 -0.0252485
internal_weight=209.593 93.6307 40.3305 28.7037 20.3162 115.962 95.7203 82.4752 67.4064 38.752 18.2589 13.2451 12.1907 53.3002 28.6544 14.0399 10.7722 42.528 20.2421 15.0688 15.7228 37.3896 30.2038 21.8851 16.9988 14.6145 20.4932 15.5996 11.6268 9.8118 13.454 9.81659
internal_count=873 385 168 119 84 488 402 347 284 165 77 55 52 217 119 58 44 173 86 63 64 152 123 89 69 61 88 67 49 41 58 40
is_linear=0
shrinkage=0.03


Tree=22
num_leaves=29
num_cat=0
split_feature=33 12 12 25 17 36 41 1 12 12 36 22 36 1 26 35 36 26 13 16 40 32 16 12 2 40 15 2
split_gain=4.56286 7.16497 5.3021 5.49369 4.37784 4.11041 3.5293 3.28565 4.88397 3.2405 3.10311 2.86298 2.81858 2.60604 2.50087 4.18939 2.48808 3.83452 2.43206 2.25454 3.05623 3.6059 5.60719 2.22093 2.11907 1.7942 1.63965 1.17958
threshold=0.6730234288447553 -0.62797981210935228 -0.54080413558490203 -1.2875689112769677 1.0000000180025095e-35 0.73395546447155979 362.50000000000006 0.15607704012194443 -0.3434207988409424 -0.48077132150870061 -1.4263964539108562 -0.17891953397248603 0.10230465786834701 -0.35094787840410163 -0.22652679745887752 0.43549980287752471 0.19784847735454733 0.41678755120715877 -0.83953252241208631 -1.1732025886716289 177.50000000000003 -0.70159502640761462 -1.0000000180025095e-35 -0.626480102661365 -0.76433855720468225 510.50000000000006 -1.0184250237064352 -0.13417842619393985
decision_type=2 2 2 2 2 2 2 2 2 2 2 2 2 2 2 2 2 2 2 2 2 2 2 2 2 2 2 2
left_child=2 -2 5 24 19 14 10 8 9 -6 -3 -12 -10 -11 15 -1 -15 -18 -7 -5 -21 22 -22 -16 -4 27 -8 -23
right_child=1 6 3 4 7 18 26 -9 12 13 11 -13 -14 16 23 -17 17 -19 -20 20 21 25 -24 -25 -26 -27 -28 -29
leaf_value=-0.011391757709592026 -0.015092451432960636 0.019838529529035271 -0.00036516090951406644 -2.7425084987305555e-06 -0.016492051790390542 0.003932788731725952 0.0062541586954332293 0.015328103454753047 -0.00081082417725109632 0.023509554392369743 0.0091419902319446866 -0.017236349184298609 -0.027315215001551599 0.013907446640323369 0.026060495880723566 0.019472180507439492 -0.023937318887874367 0.0050233633943153706 -0.017865198986994412 0.0014805941963023871 0.013164676137120433 -0.037399853484078739 -0.023187281525171924 0.0040703294119203912 0.022894505080523122 -0.0091494372125846719 0.029365405645413005 -0.012331212535132471
leaf_weight=8.0918341875076276 7.7841734290122977 5.5352234542369869 5.5505273342132568 9.3665722459554654 5.3894727379083553 8.5301026999950391 5.6254274696111706 7.0422201156616202 6.3390454351901999 4.774343833327289 5.5195635110139856 6.1894190013408634 9.1363738328218442 7.5410201847553422 11.603465482592581 5.2026302814483634 4.9425106644630423 9.7063993364572507 6.8944824188947669 6.1698855459690085 6.0379280298948288 12.1241208165884 6.172940298914904 8.039685785770418 6.1331653743982297 6.6699270009994498 12.075400635600088 5.1823979616165259
leaf_count=33 32 24 23 38 22 36 25 30 26 20 23 26 37 32 50 22 20 40 28 25 25 49 25 34 26 27 54 21
internal_value=0 0.00859824 -0.00223075 -0.00566142 -0.00786623 0.00595715 0.0144441 -0.00174299 -0.00476778 0.00182256 0.00379871 -0.00472139 -0.0178429 0.00637016 0.0118347 0.00103059 0.00117412 -0.00569219 -0.0061758 -0.0140172 -0.0168733 -0.0200962 -0.00530092 0.0182713 0.0126052 -0.02664 0.0233954 -0.0317944
internal_weight=209.37 42.7292 166.641 118.279 106.595 48.3622 34.945 54.8714 47.8292 32.3537 17.2442 11.709 15.4754 26.9643 32.9376 13.2945 22.1899 14.6489 15.4246 51.7238 42.3572 36.1873 12.2109 19.6432 11.6837 23.9764 17.7008 17.3065
internal_count=873 184 689 486 437 203 152 227 197 134 73 49 63 112 139 55 92 60 64 210 172 147 50 84 49 97 79 70
is_linear=0
shrinkage=0.03


Tree=23
num_leaves=31
num_cat=0
split_feature=33 12 12 25 17 36 1 12 19 41 36 12 26 14 9 16 40 32 16 12 11 29 40 40 16 36 29 40 36 24
split_gain=4.34239 6.83125 5.04054 5.23016 4.15763 3.91721 3.13222 4.63744 3.20533 3.12372 2.66752 2.45849 2.38088 3.74071 2.28556 2.13831 2.91221 3.4233 5.3405 2.12362 2.03507 1.99593 1.701 1.67047 1.61702 2.17732 1.47203 1.14687 0.6888 0.564147
threshold=0.6730234288447553 -0.65908381229517599 -0.54080413558490203 -1.2875689112769677 1.0000000180025095e-35 0.73395546447155979 0.15607704012194443 -0.3434207988409424 -0.80562938344882362 362.50000000000006 0.10230465786834701 -0.42207539012213768 -0.22652679745887752 -0.58190014704219595 -0.81012069235788586 -1.1732025886716289 177.50000000000003 -0.70159502640761462 -1.0000000180025095e-35 -0.626480102661365 0.90985462181699239 -0.39495383322201527 510.50000000000006 449.50000000000006 0.13836849585946603 0.19784847735454733 -0.59945117838322426 321.50000000000006 -1.2353088149384559 0.19955780506831908
decision_type=2 2 2 2 2 2 2 2 2 2 2 2 2 2 2 2 2 2 2 2 2 2 2 2 2 2 2 2 2 2
left_child=2 -2 5 20 15 12 7 8 -6 11 -9 28 13 -1 23 -5 -17 18 -18 -14 -4 -11 27 -7 25 -10 -26 -19 -3 -28
right_child=1 9 3 4 6 14 -8 10 24 21 -12 -13 19 -15 -16 16 17 22 -20 -21 -22 -23 -24 -25 26 -27 29 -29 -30 -31
leaf_value=0.014395883019041355 -0.016701422146887742 0.019853441709223495 0.022439669498404424 -2.6716675463820262e-06 -0.016435598255219348 0.013808089739662658 0.014992953939670066 -0.00079109810740499024 0.011234225335448071 0.029324367012733513 -0.026602907479228131 -0.0082277735598955699 0.025523115505154237 -0.01443430076850977 -0.018657643177314647 0.0014449907310502051 0.012870363111932301 -0.018445905410725862 -0.022609022042765433 0.003970221815514245 -0.00035652097847552482 0.0060415601835751903 -0.008919576077649382 -0.0079600853426781814 0.024001052665509316 -0.011459654991235002 -0.0024427050062310477 -0.041821142074224701 0.003040834444602852 0.0099574372871468614
leaf_weight=7.3779509365558624 6.6175896972417823 4.7383849173784265 6.1006538271903974 9.3665738701820356 5.3902271091937974 4.7572545707225782 7.0175585448741904 6.3395864516496649 5.209378927946096 11.312798738479614 9.1396793574094755 7.2366296947002402 11.525113344192503 5.9007688015699369 5.9232591390609732 6.169220194220542 6.0252154320478439 10.124386593699464 6.1791625618934578 8.0330551415681857 5.5508344620466232 6.7422512024641046 6.6751341074705115 4.7475776076316833 4.9802852571010545 7.1460845321416855 4.7864907085895556 7.1562474071979514 5.9541595876216897 4.7997869849205017
leaf_count=31 27 21 26 38 22 20 30 26 22 52 37 30 50 24 24 25 25 41 25 34 23 29 27 20 21 29 20 29 25 20
internal_value=0 0.00840295 -0.00217468 -0.00552093 -0.0076724 0.00581613 -0.00169758 -0.00465176 0.0017732 0.0136634 -0.0173888 0.0038415 0.0115698 0.00101369 -0.00601551 -0.0136677 -0.0164511 -0.0195995 -0.00516376 0.0178691 0.0123212 0.0220671 -0.0259806 0.00278691 0.006305 -0.00127794 0.0126292 -0.0310126 0.0125093 0.00373197
internal_weight=209.023 42.6018 166.421 118.157 106.505 48.265 54.8091 47.7915 32.3123 35.9842 15.4793 17.9292 32.8369 13.2787 15.4281 51.6959 42.3294 36.1601 12.2044 19.5582 11.6515 18.055 23.9558 9.50483 26.922 12.3555 14.5666 17.2806 10.6925 9.58628
internal_count=873 184 689 486 437 203 227 197 134 157 63 76 139 55 64 210 172 147 50 84 49 81 97 40 112 51 61 70 46 40
is_linear=0
shrinkage=0.03


Tree=24
num_leaves=32
num_cat=0
split_feature=33 15 17 33 14 25 25 31 16 20 39 1 23 37 34 35 35 1 19 11 20 23 34 16 30 40 19 33 36 34 35
split_gain=4.13826 3.58298 3.86448 5.61953 3.78644 3.57733 6.38426 4.22997 4.28501 3.35239 3.28472 3.88502 3.19125 3.17037 4.03713 2.99534 5.73595 5.10437 3.69973 3.61845 2.68062 2.55753 2.2448 1.72911 3.60705 1.65489 1.86911 1.50951 0.999821 0.769261 0.703437
threshold=0.6730234288447553 1.0000000180025095e-35 -1.3360226514226961 -0.55725461512041852 1.2750573647572201 1.1883069908040729 1.8713072396540149 -0.51723210609896741 -0.91088837176540982 -0.54564821513832484 -0.81403902089576596 0.030745037789663459 -0.89565038415826925 -0.65722634519330536 0.087865265253458058 0.79005896827370237 0.057303359788268858 1.0000000180025095e-35 1.0000000180025095e-35 -0.8432750075296026 -1.1007818173320729 0.22088837046088164 0.58154300862255892 -0.6485741548591909 0.20091230346706615 457.50000000000006 0.60546799508484062 -0.13715967327865189 -0.37541443956265402 0.58154300862255892 0.62459802442215262
decision_type=2 2 2 2 2 2 2 2 2 2 2 2 2 2 2 2 2 2 2 2 2 2 2 2 2 2 2 2 2 2 2
left_child=1 2 -1 4 23 7 -7 8 -2 10 -3 20 -10 14 -5 16 18 21 22 -17 -12 -18 -11 -4 -25 26 27 -15 -28 -20 -8
right_child=5 9 3 13 -6 6 30 -9 12 15 11 -13 -14 25 -16 19 17 -19 29 -21 -22 -23 -24 24 -26 -27 28 -29 -30 -31 -32
leaf_value=-0.027421013516347022 -0.013375790617130456 0.026526398748449247 -0.00051491795662298888 0.017529021372340331 -0.015492425607280567 0.031926902530752192 -0.007934221335356954 -0.021480128599317146 -8.9142190168243465e-05 0.0048846090429514148 0.0082143674967678822 0.018803071701952698 0.027743110598516522 -0.0075381289978124306 -0.014955053335307538 -0.0036721772656724376 -0.0081826403291064328 0.0017288318676078132 0.0052503539454468165 0.025729500027092976 -0.016702141948714399 -0.037363942707295872 -0.017554452751065784 0.02442492479649893 -0.001487625015340338 -0.00051173691639569798 0.001908207030223222 -0.031881917726889697 -0.014094381447967947 0.024855488221001899 0.0061408459707256047
leaf_weight=5.9608923941850653 5.0616202503442826 6.877553969621661 9.0177362263202685 5.840968191623686 5.1124349981546393 10.205650195479395 4.7446004003286344 4.7795309871435157 5.8637837022542989 7.1787966489791888 5.2399379312992131 7.520967185497283 6.8986147195100731 5.1927868425846055 4.9197553694248199 6.8905456066131592 6.3121778219938296 8.4208655804395658 5.3053546100854856 5.4481615126132947 7.5257485657930356 7.4132089018821716 5.8208014518022537 10.929407238960268 6.9665919989347449 6.1498183012008658 4.8383550643920898 10.301809981465345 6.1868075877428037 4.8274839222431183 4.9060416966676712
leaf_count=24 21 29 37 25 21 46 20 20 25 30 22 33 30 21 20 29 26 35 22 23 31 30 24 46 29 25 20 42 25 20 22
internal_value=0 -0.00212376 -0.00658071 -0.00435402 0.00492552 0.00821688 0.0170216 0 0.00686091 0.00212678 0.0105519 0.00340745 0.0158702 -0.0112664 0.00217542 -0.00191079 -0.0055778 -0.016062 0.0045827 0.0102583 -0.00626573 -0.0264661 -0.00552568 0.00962832 0.0146934 -0.0157706 -0.0188782 -0.0254619 -0.00720517 0.017107 -0.000377335
internal_weight=208.659 166.199 81.4174 75.4565 32.0262 42.4598 19.8563 22.6035 17.824 84.7816 27.1642 20.2867 12.7624 43.4303 10.7607 57.6174 45.2787 22.1463 23.1324 12.3387 12.7657 13.7254 12.9996 26.9137 17.896 32.6696 26.5198 15.4946 11.0252 10.1328 9.65064
internal_count=873 689 335 311 133 184 88 96 76 354 115 86 55 178 45 239 187 91 96 52 53 56 54 112 75 133 108 63 45 42 42
is_linear=0
shrinkage=0.03


Tree=25
num_leaves=32
num_cat=0
split_feature=33 12 12 33 1 23 36 24 29 26 41 30 36 22 8 32 26 29 15 26 35 36 12 15 32 20 32 38 12 26 15
split_gain=3.92635 6.50617 4.64445 4.53167 7.87906 4.50006 3.69591 3.59037 7.89961 3.26684 3.25667 3.03004 2.91401 2.77514 2.64127 3.88906 4.57967 3.91503 2.31316 2.28686 3.88785 2.19927 1.99159 1.59453 1.51796 4.20983 3.57228 1.30233 1.1112 0.591053 0.064143
threshold=0.6730234288447553 -0.62797981210935228 -0.54080413558490203 -0.55725461512041852 0.15607704012194443 1.0582924364252451 0.73395546447155979 0.46580431116813314 0.42303554742282068 1.0601018998731953 362.50000000000006 0.36509522461776339 -1.4263964539108562 -0.17891953397248603 0.82519774491794096 -0.31067549361115021 -0.68603704650604602 -0.87211430526483624 0.92426677979395355 -0.22652679745887752 0.43549980287752471 1.2140872846168589 -0.626480102661365 -1.0184250237064352 -1.0000000180025095e-35 -0.82321501623519899 0.52700921952413071 -1.0000000180025095e-35 -0.65243026098393753 -0.31842884726831139 0.68143030435640495
decision_type=2 2 2 2 2 2 2 2 2 2 2 2 2 2 2 2 2 2 2 2 2 2 2 2 2 2 2 2 2 2 2
left_child=2 -2 6 4 5 7 19 8 11 -7 12 -4 -3 -14 15 16 -5 -17 -8 20 -1 -11 30 -12 -19 -26 -27 -16 -20 -18 -21
right_child=1 10 3 14 -6 9 18 -9 -10 21 23 -13 13 -15 27 17 29 24 28 22 -22 -23 -24 -25 25 26 -28 -29 -30 -31 -32
leaf_value=-0.011043828694409631 -0.014511988630083992 0.019100604963315941 0.02505044201958119 -0.011398962061720886 0.026823311075817369 -0.0073257902508089053 -0.018626797514524684 -0.028021038178883836 -0.02699129786880284 0.027272101790451135 0.0055769841461739585 -0.0039476375765378127 0.0089049802171251823 -0.017077655055984887 -0.0053786390212601978 0.0069306967314905843 0.023928431821462835 -0.029530174068989938 -0.0056552723155820356 0.031151618953241391 0.018752040434818908 0.00052086486678425581 0.0039057555928349529 0.028262350774732447 0.0084295264101487116 -0.00043946914018282856 -0.028627749330094363 -0.027530461706582604 0.012031755591733383 0.0057069660136574371 0.013241769489611383
leaf_weight=8.089759483933447 7.7859794795513144 5.4659788012504604 5.4313978999853187 7.7432317137718227 7.6622777581214896 7.3007195591926601 5.9046898484230033 7.1229916661977759 6.153375804424285 5.735847666859625 5.562573730945588 4.8642543405294418 5.5015337467193612 6.1921317875385258 5.1573445796966562 6.5555103421211234 4.7749647647142419 6.4012241363525382 4.8221021443605414 5.4510103017091733 5.1567048430442801 5.3385796844959259 8.0140154361724871 11.820158809423447 5.8229084610939053 6.8973941653966966 10.311311930418013 9.3371250182390177 4.6783441156148902 5.310437232255933 5.9670850187540054
leaf_count=33 32 24 23 32 33 30 24 29 25 24 25 20 23 26 21 27 20 26 20 24 22 22 34 54 24 28 42 38 20 22 26
internal_value=0 0.00801144 -0.00207423 -0.00528879 0.00149679 -0.00375772 0.00560968 -0.0121924 -0.00323492 0.00686418 0.0136474 0.0120816 0.00343197 -0.00477616 -0.0102289 -0.00665137 0.00432797 -0.0122061 -0.00587647 0.0112202 0.000876084 0.0164539 0.0174169 0.0223404 -0.0167918 -0.0114176 -0.0185914 -0.0212673 0.00296198 0.016833 0.0248808
internal_weight=208.333 42.3284 166.005 117.921 49.6094 41.9472 48.0837 23.572 16.449 18.3751 34.5424 10.2957 17.1596 11.6937 68.3115 53.817 17.8286 35.9883 15.4051 32.6786 13.2465 11.0744 19.4321 17.3827 29.4328 23.0316 17.2087 14.4945 9.50045 10.0854 11.4181
internal_count=873 184 689 486 206 173 203 97 68 76 152 43 73 49 280 221 74 147 64 139 55 46 84 79 120 94 70 59 40 42 50
is_linear=0
shrinkage=0.03


Tree=26
num_leaves=32
num_cat=0
split_feature=33 25 25 32 23 15 17 33 14 30 17 40 36 29 35 23 26 24 15 31 35 36 40 32 35 13 32 32 23 35 30
split_gain=3.73088 3.42141 6.14347 4.07092 4.63605 3.29815 3.65757 5.17451 3.60117 3.20529 4.55801 2.6494 2.91103 2.84948 2.44792 2.32343 6.42321 4.80336 4.44597 4.02166 3.49311 2.44378 2.14697 2.53207 1.73144 1.36893 2.63383 4.05209 1.2793 0.685667 0.17652
threshold=0.6730234288447553 1.1883069908040729 1.8713072396540149 -0.047403155197205032 -0.66303814361261282 1.0000000180025095e-35 -1.3360226514226961 -0.55725461512041852 1.2750573647572201 -1.2220063465056441 -1.0000000180025095e-35 495.00000000000006 -0.27987062007645375 -0.59945117838322426 0.6802151484058665 0.50002305911566947 -0.31842884726831139 -0.6435561309144251 0.80284854207517931 0.21244891527302842 0.057303359788268858 0.10230465786834701 510.50000000000006 0.52700921952413071 0.53004891364983886 -0.021586156319996382 0.86208310477824301 0.35947227689707434 0.50002305911566947 0.62459802442215262 -0.34636410036859172
decision_type=2 2 2 2 2 2 2 2 2 2 2 2 2 2 2 2 2 2 2 2 2 2 2 2 2 2 2 2 2 2 2
left_child=5 3 -3 4 14 6 -1 8 25 10 -7 12 13 -9 -2 16 17 18 -11 21 22 -18 23 -17 -22 26 27 -8 -14 -4 -28
right_child=1 2 29 -5 -6 9 7 11 -10 15 -12 -13 28 -15 -16 20 19 -19 -20 -21 24 -23 -24 -25 -26 -27 30 -29 -30 -31 -32
leaf_value=-0.026571855264552399 -0.018713105715189655 0.031243733937736926 -0.0079770315959678383 -0.02126179676352781 0.022733830646446927 -0.0031460515665463228 0.0099243430276556473 0.010711335350233222 -0.01510492483201736 -0.01037982547510115 0.031547247255707088 0.0055156600133195151 -0.025054524246739332 -0.013430211789675281 0.0068596905743864515 0.020161175024936976 0.011799243104875791 -0.023980333540703534 0.020432157498547734 0.027140965711770843 -0.030547239659379194 -0.011643016607771338 -0.012049954868331287 -0.004633230878731181 -0.0039768335289266576 0.022125332103061456 0.020244490171764346 -0.02132305377735828 -0.0063619258695760674 0.0059182889840852333 0.006119374119153022
leaf_weight=5.9543425738811484 5.0439762324094808 10.06049717962742 4.7345392853021604 4.771328091621398 7.3849069327116021 5.3895048648118973 6.8765827864408582 6.3888362795114508 5.1145506203174582 8.0721528977155703 5.817300543189047 6.3223878890275946 15.502149894833567 8.2681563794612867 5.3189552873373032 5.9888547360897117 8.4761957973241824 8.0644854158163053 5.9545109570026389 10.267273783683775 4.9360894560813886 5.0817418694496146 5.590088725090026 5.84756900370121 5.0529762506484985 4.8961837142705908 5.0504429787397385 5.1609888672828674 6.8840826600790015 4.8829368948936462 4.8395493626594526
leaf_count=24 21 46 20 20 32 23 29 27 21 33 26 26 63 34 23 25 36 33 25 44 20 21 23 24 21 21 21 21 28 22 20
internal_value=0 0.00783122 0.0164905 -4.3046e-05 0.00656208 -0.00201302 -0.00629338 -0.00412418 0.0047882 0.0020695 0.0159888 -0.0107624 -0.0138029 -0.00251832 -0.00587394 -0.000255354 0.00375504 -0.0074776 0.00302412 0.0142331 -0.00702594 0.00232968 0.00103061 0.00831866 -0.0199028 0.00939218 0.00505831 -0.00390768 -0.020318 -0.000535828 0.0155755
internal_weight=207.994 42.1971 19.678 22.5192 17.7478 165.797 81.2583 75.3039 31.9383 84.5387 11.2068 43.3656 37.0432 14.657 10.3629 73.3319 45.9164 22.0911 14.0267 23.8252 27.4156 13.5579 17.4265 11.8364 9.98907 26.8237 21.9276 12.0376 22.3862 9.61748 9.88999
internal_count=873 184 88 96 76 689 335 311 133 354 49 178 152 61 44 305 192 91 58 101 113 57 72 49 41 112 91 50 91 42 41
is_linear=0
shrinkage=0.03


Tree=27
num_leaves=31
num_cat=0
split_feature=33 12 12 25 17 36 16 21 40 29 41 12 35 15 26 35 16 40 2 40 16 31 29 12 34 26 31 12 36 15
split_gain=3.54074 6.18869 4.27909 4.67449 3.69524 3.56013 3.03692 4.19225 3.8434 3.81189 2.86869 2.32263 2.26548 2.13558 2.1187 3.70912 2.04435 2.77447 2.83176 4.47087 3.08593 1.98848 1.94048 1.90993 1.60785 1.08754 1.06187 1.05137 0.610185 0.0835743
threshold=0.6730234288447553 -0.65908381229517599 -0.54080413558490203 -1.2875689112769677 1.0000000180025095e-35 0.73395546447155979 -0.6485741548591909 -0.22961858812696531 320.00000000000006 -0.87211430526483624 362.50000000000006 -0.42207539012213768 0.86843520483496239 0.92426677979395355 -0.22652679745887752 0.43549980287752471 -1.1732025886716289 177.50000000000003 -0.13417842619393985 510.50000000000006 0.40068271276568507 1.049787792257286 -0.39495383322201527 -0.626480102661365 -0.076693982536242211 0.14108140177885739 -0.12248663552067453 -0.65243026098393753 -1.2353088149384559 0.68143030435640495
decision_type=2 2 2 2 2 2 2 2 2 2 2 2 2 2 2 2 2 2 2 2 2 2 2 2 2 2 2 2 2 2
left_child=2 -2 5 21 16 14 9 12 25 -6 11 28 26 -7 15 -1 -5 -18 19 -19 -20 -4 -12 29 -11 -9 -8 -15 -3 -16
right_child=1 10 3 4 6 13 7 8 -10 24 22 -13 -14 27 23 -17 17 18 20 -21 -22 -23 -24 -25 -26 -27 -28 -29 -30 -31
leaf_value=-0.01066842495086914 -0.01620542994561679 0.018846756124616677 0.023114988306961137 0 -0.027553108269884129 -0.018081327156385274 0.0063295174600326949 -0.0037374620741460907 0.0076001235041287044 -0.012474633883589456 0.028107665615277617 -0.0083589407231496587 -0.0012972879420119778 -0.0056712300477918826 0.030539303029046734 0.018457183256152348 0.0018947705095445097 -0.033989976525797071 0.0069009634912766109 -0.0039162763158980783 -0.018663951054186997 0 0.0052356457095942225 0.0037147001831179137 0.0068174192329756291 -0.025674284364695658 0.028849080816032865 0.011555326447691651 0.0028580598117656456 0.012788893308567797
leaf_weight=8.0922768414020521 6.6086905002593985 4.6470425277948388 5.2900477796792966 9.3422988504171354 6.118477642536166 5.9054126888513556 4.9950041621923456 4.8719348907470721 9.1044942289590818 4.8573192656040201 10.998090580105782 7.2177774757146826 4.9733386486768714 4.8157295286655417 5.3863205164670926 5.1339825689792624 6.1648758202791205 14.717146351933478 6.7614363133907336 7.3876652866601935 7.1460651159286499 6.2745782732963562 6.6638404428958902 7.9907529801130321 8.3985929042100871 5.1067054569721222 6.1569862961769113 4.649078056216239 5.9339835643768319 5.9296938180923462
leaf_count=33 27 21 23 38 25 24 21 20 38 20 52 30 21 20 24 22 25 60 28 30 29 26 29 34 35 21 26 20 25 26
internal_value=0 0.0076397 -0.00196292 -0.00505147 -0.00709039 0.00542522 -0.00144371 0.0036713 -0.00548225 -0.0106224 0.0127233 0.00332804 0.0143889 -0.00584836 0.0109507 0.000958162 -0.0127496 -0.015474 -0.0185642 -0.0250808 -0.00638376 0.0118621 0.0208766 0.0169453 -0.000394579 -0.0173746 0.021183 0.00266641 0.0118449 0.0242916
internal_weight=207.64 42.0694 165.57 117.667 106.102 47.9032 54.5829 35.2085 19.0831 19.3744 35.4607 17.7988 16.1253 15.3702 32.533 13.2263 51.5195 42.1772 36.0123 22.1048 13.9075 11.5646 17.6619 19.3068 13.2559 9.97864 11.152 9.46481 10.581 11.316
internal_count=873 184 689 486 437 203 227 147 79 80 157 76 68 64 139 55 210 172 147 90 57 49 81 84 55 41 47 40 46 50
is_linear=0
shrinkage=0.03


Tree=28
num_leaves=31
num_cat=0
split_feature=36 10 39 26 18 31 30 30 25 31 12 12 4 12 28 27 26 20 26 1 14 10 12 36 34 30 31 36 30 30
split_gain=3.42978 4.0159 3.1814 6.00644 5.49876 5.67893 5.52955 3.56163 2.8884 3.30744 3.19154 3.82657 3.10775 2.70297 2.68365 3.2096 2.559 2.53039 3.30932 2.48981 2.27425 3.45991 2.26685 1.79378 1.39962 1.14807 1.11794 0.76136 1.01098 0.688733
threshold=0.10230465786834701 -0.27012371355775383 1.2295442005046764 1.0000000180025095e-35 1.0000000180025095e-35 -0.79235773710808055 -0.16393863242337239 0.41982286500132943 -1.2875689112769677 1.3847233430509893 -0.32192896132689347 1.9287828693274234 -0.31246324529620301 -0.60021850959850742 0.40852812943952799 -1.3510969901203771 -0.31842884726831139 -0.82321501623519899 0.83034677534961066 0.65170814025414703 -1.2083657979533287 -1.8111096548164787 -0.40681296487198165 0.73395546447155979 0.087865265253457933 0.9670992688369876 1.0000000180025095e-35 -1.5244545844361672 0.47455050538489507 0.5840057861520267
decision_type=2 2 2 2 2 2 2 2 2 2 2 2 2 2 2 2 2 2 2 2 2 2 2 2 2 2 2 2 2 2
left_child=2 19 3 4 22 20 -7 -4 9 -3 12 24 13 23 15 -15 25 -17 -19 -2 21 -6 -1 -10 -12 -8 -5 -22 -29 -16
right_child=1 8 7 26 5 6 16 -9 10 -11 11 -13 -14 14 29 17 -18 18 -20 -21 27 -23 -24 -25 -26 -27 -28 28 -30 -31
leaf_value=-0.022082456497747538 0.022494662331489966 0.017439012523504004 -0.018950727362583426 0.028626449520458081 0.018202800229996492 0.018651246132728474 -0.026565933269803273 0.0086688297965272984 0.017133961318092659 -0.0097224127231161101 -0.010753266078682809 -0.0022840585754442979 -0.022743362340699107 -0.017072280751603306 -0.024462843502938817 0.018499092384061066 0.0035728555814972343 0.0076192317472168333 -0.014886648996371448 -0.0029078463040541546 0.030410975643246914 -0.013778614507688311 8.5977633202475351e-05 -0.0028250657266452308 -0.039415398428158388 -0.0049640580244853291 0.0097519037097494599 0.020396208185494303 0.002103529283468672 -0.0057486106637984202
leaf_weight=8.5644013881683332 6.5436134189367277 8.2289505749940854 8.9097012579441053 9.0489043295383471 4.5426035821437836 5.5010407865047481 7.0499560534954107 5.5454035848379126 8.1104160249233157 5.331852674484252 4.8738409578800219 9.0484483093023282 5.8301654905080857 7.1141189485788265 5.4206912964582425 6.2401274442672685 5.2133024185895929 13.089257925748841 8.2769155055284482 4.9207107275724411 6.5153018832206717 4.5635345727205259 6.1436180621385565 5.5961135476827613 5.4069480895996094 5.1774548441171646 8.8245920240879041 6.1482347846031207 6.0886155962944031 5.4064943045377731
leaf_count=36 29 35 37 39 21 23 29 24 35 22 20 37 24 29 22 26 22 54 34 21 29 19 26 23 22 22 38 26 27 22
internal_value=2.80852e-06 -0.00359411 0.00408018 0.00637957 0.00189299 0.00666223 -0.00407995 -0.00816015 -0.00563958 0.00645657 -0.00773143 -0.0180935 -0.00422564 -0.00178834 -0.00538319 -0.000890765 -0.0124757 0.00373798 -0.00124142 0.0120537 0.0154694 0.00192768 -0.0133014 0.00911566 -0.029436 -0.019398 0.0210939 0.0211193 0.0129548 -0.0174413
internal_weight=207.275 109.439 97.8367 83.3816 65.5081 50.8 22.9418 14.4551 97.9743 13.5608 84.4135 19.3292 65.0843 59.2541 45.5476 34.7204 17.4407 27.6063 21.3662 11.4643 27.8583 9.10614 14.708 13.7065 10.2808 12.2274 17.8735 18.7522 12.2369 10.8272
internal_count=873 455 418 357 280 218 96 61 405 57 348 79 269 245 187 143 73 114 88 50 122 40 62 58 42 51 77 82 53 44
is_linear=0
shrinkage=0.03


Tree=29
num_leaves=30
num_cat=0
split_feature=33 12 12 25 17 36 41 16 21 40 27 28 24 35 3 8 35 16 40 0 40 16 22 8 28 35 15 23 31
split_gain=3.33452 5.89639 3.96843 4.35311 3.46101 3.37399 2.95022 2.84635 3.89727 3.64834 2.88023 3.23574 2.72236 2.15384 2.15252 4.08946 2.08401 1.91709 2.64861 2.60165 4.24967 2.88987 1.89539 1.87402 1.73677 2.14239 1.58722 1.4653 1.06778
threshold=0.6730234288447553 -0.62797981210935228 -0.54080413558490203 -1.2875689112769677 1.0000000180025095e-35 0.73395546447155979 362.50000000000006 -0.6485741548591909 -0.22961858812696531 320.00000000000006 -0.70064280841345461 0.74836989894788075 -0.86542821933093672 0.86843520483496239 1.0682831679693638 -0.78422032988066881 -0.50999130484561495 -1.1732025886716289 177.50000000000003 -0.50252208942917576 510.50000000000006 0.40068271276568507 -0.053485482048791284 -0.93900662484692354 0.57844901419370431 0.43549980287752471 -1.0184250237064352 0.22088837046088164 -0.12248663552067453
decision_type=2 2 2 2 2 2 2 2 2 2 2 2 2 2 2 2 2 2 2 2 2 2 2 2 2 2 2 2 2
left_child=2 -2 5 23 17 14 12 10 13 27 -6 -12 -3 28 15 -1 -7 -5 -19 21 -21 -20 -14 -4 25 -17 -8 -10 -9
right_child=1 6 3 4 7 16 26 8 9 -11 11 -13 22 -15 -16 24 -18 18 19 20 -22 -23 -24 -25 -26 -27 -28 -29 -30
leaf_value=-0.015646141608941875 -0.013965567121338502 0.017519908706434731 -0.00061250396687729072 0 0.0071777227988422216 0.0046413607679476158 0.0047508541410044803 0.0059010007572288933 -0.0021766215833528093 0.0075043532892888811 -0.027342878610118162 0 0.0063922313013615806 -0.0013081886855556193 0.024984796195463805 0.0036230847510759661 -0.015474414698629476 0.0019634315012288881 0.0066028372352103896 -0.032973331214384519 -0.0036643924011568983 -0.018142419068942473 -0.015483345808316744 0.021285956515535207 0 0.027759943384627148 0.027186016527586069 -0.026197084186255899 0.028251551155981509
leaf_weight=4.7879579812288275 7.7769106477498999 5.9490164965391186 5.5140831023454666 9.332727909088133 4.9446104764938381 7.5094840526580811 5.4844335168600091 4.9748506098985681 4.8583342880010623 9.090463384985922 8.3569642156362516 6.0569256991147986 5.1906611025333413 4.9705633819103232 6.2343391776084891 7.4240927994251305 7.8413201719522458 6.1640580147504798 6.7453742325305885 14.657496571540838 7.3923141807317725 7.1430277675390244 5.9228585809469196 5.9969344884157163 7.0561533719301215 6.870073065161705 11.541410326957703 5.114060640335083 6.114140748977662
leaf_count=20 32 26 23 38 21 32 25 21 20 38 34 25 22 21 28 31 32 25 28 60 30 29 25 26 30 30 54 21 26
internal_value=0 0.00743711 -0.00190142 -0.00487791 -0.00684627 0.005226 0.0128713 -0.00137283 0.00358306 -0.0052344 -0.0102631 -0.0167357 0.00314309 0.0139442 0.0106274 0.0058157 -0.00574069 -0.0123273 -0.0149686 -0.0179954 -0.0242614 -0.00626203 -0.00524536 0.0114736 0.0116024 0.0171383 0.0212528 -0.0168325 0.0205989
internal_weight=207.016 41.8653 165.15 117.427 105.916 47.7234 34.0884 54.4809 35.1224 19.0629 19.3585 14.4139 17.0625 16.0596 32.3726 26.1383 15.3508 51.435 42.1023 35.9382 22.0498 13.8884 11.1135 11.511 21.3503 14.2942 17.0258 9.97239 11.089
internal_count=873 184 689 486 437 203 152 227 147 79 80 59 73 68 139 111 64 210 172 147 90 57 47 49 91 61 79 41 47
is_linear=0
shrinkage=0.03


Tree=30
num_leaves=32
num_cat=0
split_feature=33 12 12 25 17 36 41 10 12 12 36 4 30 36 26 2 15 26 35 31 12 12 30 30 36 15 15 12 24 15 12
split_gain=3.16826 5.62107 3.77066 4.14113 3.28186 3.21436 2.82766 2.73486 4.00798 3.00472 2.64987 2.30997 2.2345 2.20886 3.3945 2.19894 2.01454 1.95585 3.43929 1.86062 1.84148 1.82592 3.17404 6.09817 1.57496 1.52509 1.47819 0.969585 0.702509 0.113835 0.0386209
threshold=0.6730234288447553 -0.62797981210935228 -0.54080413558490203 -1.2875689112769677 1.0000000180025095e-35 0.73395546447155979 362.50000000000006 -0.4017595973128148 -0.3434207988409424 -0.48077132150870061 -1.4263964539108562 -0.42052752826447443 -0.16393863242337239 0.19784847735454733 0.41678755120715877 -0.77985974269755765 0.92426677979395355 -0.22652679745887752 0.43549980287752471 1.049787792257286 -0.626480102661365 2.22332061866903 -0.23690881960146024 -1.2220063465056441 0.48447993581314786 -1.0184250237064352 1.0000000180025095e-35 -0.65243026098393753 -1.0000000180025095e-35 0.68143030435640495 -0.36706136425848607
decision_type=2 2 2 2 2 2 2 2 2 2 2 2 2 2 2 2 2 2 2 2 2 2 2 2 2 2 2 2 2 2 2
left_child=2 -2 5 19 21 17 10 -6 9 -9 -3 -11 -12 -13 -15 -10 -7 18 -1 -4 29 22 23 -5 -25 -8 -24 -18 -17 -19 -27
right_child=1 6 3 4 7 16 25 8 15 11 12 13 -14 14 -16 28 27 20 -20 -21 -22 -23 26 24 -26 30 -28 -29 -30 -31 -32
leaf_value=-0.010357612254934081 -0.013600273050031383 0.018177453095036728 0.0221902958284989 -0.025300797674039623 0.014335715903039798 -0.017470214274693526 0.0046447326679842482 -0.01577517366043657 0 0.022529132863757531 0.007957684333141533 0.013375656791666562 -0.015387657158824274 -0.022355655667001727 0.0049235368512122934 -0.0085120109205710313 -0.0053059923583661231 0.029671818267689058 0.017755256472299603 0 0.003264167276658098 0.0026806814483747612 -0.027435517248534779 -0.0042935743756854008 0.013411316214675202 0.01438867548666279 -0.0087619576296357176 0.011235198754774132 -0.030093121832865173 0.012118032792297513 0.033220734093918645
leaf_weight=8.0931699126958829 7.7863611131906501 5.3685567229986217 5.216708689928053 7.1334929615259197 6.9303143620491019 5.9071871042251578 5.4758507907390603 5.3766828328370968 4.8398791998624793 4.6991706043481782 5.2672834396362314 7.4704687893390824 6.4102482944726917 4.9217869043350211 9.6549977362155897 4.8965757191181174 4.8197600543498984 5.2891191840171796 5.0828611254692069 6.260571300983429 7.948140665888789 5.6110037118196479 14.456852331757547 6.4910047799348822 8.5857304632663709 5.9378914088010788 9.0988582968711835 4.6235463917255393 5.6413139104843131 5.8659872114658356 5.4883001744747162
leaf_count=33 32 24 23 29 30 24 25 22 20 20 22 32 27 20 40 20 20 24 22 26 34 23 59 27 35 28 37 20 23 26 26
internal_value=5.13472e-06 0.00726888 -0.00184597 -0.0047491 -0.00666949 0.00510743 0.0125977 -0.00133414 -0.00411165 0.00185961 0.00307259 0.00626651 -0.00469498 0.00133114 -0.00514041 -0.0159974 -0.00558669 0.0103929 0.000784821 0.011217 0.0161891 -0.0120103 -0.0139663 -0.00495488 0.00572808 0.0208444 -0.0214183 0.00267439 -0.0228738 0.0234456 0.0267038
internal_weight=206.65 41.7345 164.915 117.285 105.808 47.6298 33.9481 54.4312 47.5009 32.1231 17.0461 26.7464 11.6775 22.0473 14.5768 15.3778 15.3505 32.2793 13.176 11.4773 19.1032 51.3769 45.7659 22.2102 15.0767 16.902 23.5557 9.44331 10.5379 11.1551 11.4262
internal_count=873 184 689 486 437 203 152 227 197 134 73 112 49 92 60 63 64 139 55 49 84 210 187 91 62 79 96 40 43 50 54
is_linear=0
shrinkage=0.03


Tree=31
num_leaves=32
num_cat=0
split_feature=9 3 36 22 41 15 35 26 22 26 29 25 39 12 37 24 32 25 1 30 29 20 35 1 29 0 35 1 22 30 41
split_gain=3.13555 4.23045 5.45551 4.19746 4.21807 4.12458 3.55312 3.39044 3.92438 3.88127 3.32308 3.32182 3.23106 3.51604 2.98155 2.74996 2.60171 2.42973 3.03417 2.38576 4.85458 2.36445 2.09657 1.91945 1.55299 1.47816 2.56665 1.4162 1.00267 0.43959 0.407197
threshold=1.6581349170541522 -0.84808365400444863 -1.5244545844361672 -0.24163655993433358 362.50000000000006 0.68143030435640495 0.34095069210521084 -0.31842884726831128 0.13466559583675095 -0.96174319593434732 -1.0960875880604461 0.41993171084788761 -0.81403902089576596 -0.58706061490386585 -0.65722634519330536 0.73205081726794707 -0.31067549361115021 -0.51919363132078267 1.0000000180025095e-35 -1.3314616272727757 0.83203023774523899 0.56461898924917198 1.0027944675114089 -0.66997479343172617 -0.2245393789210077 0.33626817984005519 -0.71484771151896165 -0.35094787840410163 0.41689221266506443 0.83028016787807302 430.50000000000006
decision_type=2 2 2 2 2 2 2 2 2 2 2 2 2 2 2 2 2 2 2 2 2 2 2 2 2 2 2 2 2 2 2
left_child=1 5 28 6 7 -1 12 9 24 -5 -10 16 13 -4 -12 27 -6 18 25 -19 23 -16 -2 -21 -9 26 -14 -15 -3 -11 -8
right_child=22 2 3 4 11 -7 30 8 10 29 14 -13 17 15 21 -17 -18 19 -20 20 -22 -23 -24 -25 -26 -27 -28 -29 -30 -31 -32
leaf_value=-0.02986142600072229 0.0002598016053107149 0.0064629213169038529 0.03020280056019907 0.00040461445192185001 0.0079747554551059079 0.0030507227706734331 0.025471455970202807 -0.028530839038968064 0.016434887550339353 -0.031733744632583653 0.013224259522398545 0.018879178836096449 -0.007790007686489576 -0.015043619481754332 -0.021118227330444755 0.018723460137817085 -0.014598167456134733 -0.021556349171536562 0.021374087714219638 0.0015197818144801268 0.016687690588893082 -0.00067114218895235095 0.026164515739928208 -0.019174715057102512 -0.0055959359884832638 -0.0098277186075182658 0.0179703546370623 0.0043365634513872452 0.029204587415775633 -0.01123206850215986 0.0071792937803081538
leaf_weight=7.0208077728748304 5.7533779293298704 5.1053091138601285 4.7720956802368191 5.9400017410516766 7.7311208695173264 4.7997957170009613 5.1837417185306531 5.3153475970029831 7.8946188092231671 9.5469505190849215 5.2351638525724367 8.2462538033723813 5.335893943905833 5.2996702343225479 7.7181129604578187 4.782835215330123 7.4749891459941882 7.3950530290603629 5.2938422262668601 5.2795303612947491 6.4279276281595221 13.03695288300514 5.1572183221578598 9.3876143246889132 7.2405211925506645 9.1473916321992856 5.4593024551868465 5.0647472739219648 4.8004195243120193 4.79697561264038 4.6432651728391647
leaf_count=29 26 22 21 25 33 21 22 22 33 39 22 37 22 22 32 20 31 31 24 22 27 54 23 39 30 38 23 21 22 20 20
internal_value=1.73473e-05 -0.000875996 0.000274305 -0.00100445 -0.00547573 -0.0172083 0.00376672 -0.00930158 -0.00438705 -0.0192013 0.000933747 0.00507362 0.00124718 0.0111697 -0.00419636 0.00263186 -0.00307687 -0.00252646 0.00397892 -0.00839975 -0.00239719 -0.00945522 0.0146703 -0.0119046 -0.0177406 -0.00153107 0.00535245 -0.00571652 0.0204012 -0.0269686 0.0194534
internal_weight=206.287 195.376 183.556 173.65 90.177 11.8206 83.4729 66.7246 46.4407 20.2839 33.8848 23.4524 73.6459 19.9193 25.9902 15.1473 15.2061 53.7266 25.2364 28.4901 21.0951 20.7551 10.9106 14.6671 12.5559 19.9426 10.7952 10.3644 9.90573 14.3439 9.82701
internal_count=873 824 774 730 378 50 352 277 193 84 141 101 310 84 108 63 64 226 107 119 88 86 49 61 52 83 45 43 44 59 42
is_linear=0
shrinkage=0.03


Tree=32
num_leaves=33
num_cat=0
split_feature=36 22 28 39 26 17 31 30 30 1 13 32 22 13 26 22 28 34 16 29 14 31 16 11 1 32 19 17 27 30 41 15
split_gain=3.00366 3.6269 4.10621 3.04158 5.75296 5.05963 5.11181 5.2686 3.32131 2.82695 4.29746 3.35014 2.64337 3.39168 2.39704 2.30031 3.28339 3.99114 2.63929 2.22824 2.72363 1.96405 1.74385 1.74473 1.63686 1.38659 1.35821 1.87744 1.03721 0.980355 0.578422 0.51714
threshold=0.10230465786834701 -0.24163655993433358 -0.44107629433135281 1.2295442005046764 1.0000000180025095e-35 -0.52521432699307258 -0.79235773710808055 -0.16393863242337239 0.41982286500132943 0.059229583774272697 -1.2835685400989278 -0.14313855098409409 -0.52386317676264682 -0.67595572307237151 -0.31842884726831139 0.32281667372229333 0.23860724468535185 0.19757143044659167 0.13836849585946603 -0.39495383322201527 -1.0267449409083336 0.71485224146358339 0.13836849585946603 -0.52481978138100993 1.2555805151278656 0.86208310477824301 -0.57044648702654632 1.0000000180025095e-35 -1.1884834446936463 0.9670992688369876 449.50000000000006 -1.0184250237064352
decision_type=2 2 2 2 2 2 2 2 2 2 2 2 2 2 2 2 2 2 2 2 2 2 2 2 2 2 2 2 2 2 2 2
left_child=3 2 9 4 5 24 19 -8 -5 10 -2 -12 13 -13 29 18 -17 -18 -3 31 -21 -20 -6 -24 30 -19 27 -4 -15 -9 -1 -7
right_child=1 15 26 8 22 6 7 14 -10 -11 11 12 -14 28 -16 16 17 25 21 20 -22 -23 23 -25 -26 -27 -28 -29 -30 -31 -32 -33
leaf_value=-0.02626354132966283 -0.022569392478330019 -0.026785001327363826 -0.0068900331621352898 -0.018524586643063837 0.032872913400945766 0.0076045361188672887 0.018378024566904131 -0.025450698086455278 0.0082162808073627715 0.013138860354160934 -0.01747303228412761 0.028713529930223705 -0.010452299098938401 -0.0075009679147090905 0.0034884432179785709 0.011516325324354973 0.0097614530310056249 -0.025194100890468463 -0.014831167761973256 -0.0087175137766542891 0.016260408792483999 0.006945437794987199 -0.0022566798459269931 0.018965010319305437 0.00041715789893168411 -0.0047087400240593243 0.024014277170591358 0.015280048596595456 0.0091107878039624821 -0.0050483265725847042 -0.0068424919872969335 0.026204048291378495
leaf_weight=4.8235253691673261 9.3859882205724698 9.9105208963155764 4.7908687591552752 8.8886865228414518 6.1247502118349102 4.506007924675937 5.4698147028684643 7.0487673729658162 5.4920978248119345 6.2361562252044669 6.0153158307075492 5.0842996984720239 5.0954662710428265 5.1333483904600143 5.1825747936964044 8.1041242033243197 5.5567095428705242 7.8429288566112501 6.5333867371082288 6.0990068465471268 6.4719433933496457 5.2888847589492798 4.7055437713861474 6.8725470006465885 4.850315496325492 6.8403139859437943 5.9236140698194495 5.8648782819509506 5.287081241607666 5.1627116799354553 4.9728771299123764 10.454275622963907
leaf_count=20 39 41 20 37 27 21 23 29 24 28 25 22 21 21 22 34 23 32 27 26 28 22 20 30 21 28 25 25 22 22 21 47
internal_value=3.23925e-05 -0.00333797 0.00162977 0.00386527 0.00612752 0.00172496 0.00633011 -0.00385015 -0.00812284 -0.00327318 -0.00668788 0 0.00571035 0.0118283 -0.0120618 -0.0091668 -0.0029879 -0.00946531 -0.0162539 0.0147533 0.00407809 -0.00495356 0.0205922 0.0106118 -0.0128645 -0.0173426 0.0136877 0.00519848 0.000509975 -0.0187586 -0.0191538 0.0221699
internal_weight=206.019 108.894 58.817 97.1254 82.7447 65.0418 50.3951 22.8639 14.3808 42.2377 36.0015 26.6155 20.6002 15.5047 17.3941 50.0769 28.3441 20.24 21.7328 27.5312 12.571 11.8223 17.7028 11.5781 14.6467 14.6832 16.5794 10.6557 10.4204 12.2115 9.7964 14.9603
internal_count=873 455 248 418 357 280 218 96 61 178 150 111 86 65 73 207 117 83 90 122 54 49 77 50 62 60 70 45 43 51 41 68
is_linear=0
shrinkage=0.03


Tree=33
num_leaves=34
num_cat=0
split_feature=9 3 36 22 41 19 21 33 30 35 35 22 25 39 39 12 36 24 20 25 1 30 29 33 35 35 12 21 1 21 25 22 41
split_gain=2.9552 4.00812 5.14925 3.86716 3.87657 4.41131 3.86257 3.40881 3.99598 3.64109 3.36937 3.21202 4.67455 3.3062 3.06492 3.35607 2.88293 2.60553 2.48824 2.26733 2.82212 2.22853 4.56163 2.0702 2.01608 1.98178 1.90639 3.15066 1.7891 1.5226 3.27635 0.934873 0.377333
threshold=1.6581349170541522 -0.84808365400444863 -1.5244545844361672 -0.24163655993433358 362.50000000000006 -1.0000000180025095e-35 -0.22961858812696531 -0.34720714419953513 0.36509522461776373 0.23064339620417781 0.34095069210521084 1.1694965242072337 0.41993171084788761 1.0000000180025095e-35 -0.81403902089576596 -0.58706061490386585 0.73395546447155979 0.73205081726794707 1.0000000180025095e-35 -0.51919363132078267 1.0000000180025095e-35 -1.3314616272727757 0.83203023774523899 -0.34720714419953513 1.0027944675114089 -0.22634397252867283 -0.50813931252187916 -1.0157245780675204 -0.66997479343172617 0.44418654610779645 -0.86069375574575391 0.41689221266506443 430.50000000000006
decision_type=2 2 2 2 2 2 2 2 2 2 2 2 2 2 2 2 2 2 2 2 2 2 2 2 2 2 2 2 2 2 2 2 2
left_child=1 6 31 10 5 25 -1 9 18 -7 14 12 13 -6 15 -4 -11 23 -9 20 29 -21 28 -17 -2 -5 -10 -28 -23 -16 -31 -3 -12
right_child=24 2 3 4 11 7 -8 8 26 16 32 -13 -14 -15 19 17 -18 -19 -20 21 -22 22 -24 -25 -26 -27 27 -29 -30 30 -32 -33 -34
leaf_value=0 0.00017386251937546933 0.0063449811838337655 0.029558328707088723 -0.0077389251072023137 0.013515484474583225 0.017455434949474723 -0.033101493182940485 -0.0061136555681851265 0.011650288391052621 0.005206538653184792 0.02480543435061857 -0.0099593976343349665 0.031299729235541078 -0.016090897431108586 -0.010840124496814908 -0.016413819787612329 -0.020954765849388421 0.0182391746375745 -0.035616956050470577 -0.020889476799988357 0.020684084665343976 0.0013928617375477228 0.016189505319457769 0.0071290809156728998 0.02562846181086539 -0.033378520195278163 0.008877990194371568 -0.017440006617508511 -0.018571445809769809 0.017117449622674124 -0.011033520521104762 0.028511690810326059 0.0069838862645782386
leaf_weight=6.749184787273407 5.741471663117407 5.0951904505491239 4.7202455699443844 6.7816975116729736 5.8005979508161598 9.1292418539524025 5.073912173509596 6.039721742272393 5.184610471129413 7.6326497346162778 5.1466232091188413 7.251864716410636 5.4648518264293662 4.8417573720216751 7.9392378181219163 5.6077375560998917 4.8970250636339188 4.7587812840938559 5.793297678232193 7.3908160775899878 5.2258469611406317 5.2740797549486187 6.3996250033378592 4.7449036389589292 5.1061216294765472 7.0872866362333209 5.2200522571802095 8.8996122628450482 9.3906998932361621 6.8732229471206701 5.1026725620031304 4.7352257370948792 4.6301751881837845
leaf_count=29 26 22 21 28 25 38 21 25 22 32 22 31 25 20 33 23 20 20 24 31 24 22 27 20 23 29 22 37 39 29 21 22 20
internal_value=3.67703e-05 -0.000829727 0.00029196 -0.00094855 -0.00524356 -0.00891033 -0.0167249 -0.00450588 -0.0107145 0.00427651 0.00363822 0.00488599 0.0121896 0 0.00118099 0.0108698 -0.00573774 0.002529 -0.0233901 -0.00249348 0.0038014 -0.00816733 -0.00234572 -0.00558059 0.0142994 -0.0232105 -0.00153003 -0.00740789 -0.0115573 -0.00148703 0.00478465 0.0199131 0.0189491
internal_weight=205.73 194.882 183.059 173.229 90.0243 66.6652 11.8231 52.7962 31.1373 21.6589 83.2047 23.3591 16.1072 10.6424 73.4279 19.8317 12.5297 15.1114 11.833 53.5962 25.141 28.4552 21.0644 10.3526 10.8476 13.869 19.3043 14.1197 14.6648 19.9151 11.9759 9.83042 9.7768
internal_count=873 824 774 730 378 277 50 220 130 90 352 101 70 45 310 84 52 63 49 226 107 119 88 43 49 57 81 59 61 83 50 44 42
is_linear=0
shrinkage=0.03


Tree=34
num_leaves=32
num_cat=0
split_feature=9 3 36 15 22 35 26 26 36 39 12 24 40 27 21 25 20 26 9 22 30 10 5 27 22 35 12 26 19 22 30
split_gain=2.8298 3.83 4.94067 3.84001 3.70454 3.22483 3.21413 4.62821 7.27996 2.93294 3.23244 2.78653 2.60365 2.33569 4.572 3.61299 3.34659 2.81888 2.3158 5.68519 3.10397 2.17134 4.19935 2.03864 3.58796 1.9396 1.74953 1.46194 1.29846 0.905947 0.0166461
threshold=1.6581349170541522 -0.84808365400444863 -1.5244545844361672 0.68143030435640495 -0.24163655993433358 0.34095069210521084 -1.3293513951720819 -0.31842884726831139 0.10230465786834701 -0.81403902089576596 -0.58706061490386585 1.0000000180025095e-35 510.50000000000006 -1.1884834446936463 0.44418654610779645 -0.86069375574575391 -0.54564821513832484 -1.0000000180025095e-35 0.3055285048637334 0.60504329055060657 0.91237162845342168 -0.19093406931893464 -0.82274819802462495 0.11242491872019847 0.32281667372229306 1.0027944675114089 -0.42207539012213768 0.50868960101659255 0.60546799508484062 0.41689221266506443 0.14618466308350037
decision_type=2 2 2 2 2 2 2 2 2 2 2 2 2 2 2 2 2 2 2 2 2 2 2 2 2 2 2 2 2 2 2
left_child=1 3 29 -1 5 9 -6 18 26 10 -4 -10 27 21 17 -16 -17 -15 20 -20 -8 -11 -23 24 -13 -2 -9 -12 -25 -3 -7
right_child=25 2 4 -5 6 30 7 8 11 13 12 23 -14 14 15 16 -18 -19 19 -21 -22 22 -24 28 -26 -27 -28 -29 -30 -31 -32
leaf_value=-0.028530487491179285 0.00016973375306972142 0.0062043955748987819 0.029084740190550032 0.0031476185235768625 0.014802923894450386 0.0084782559241201837 -0.032074772044120611 0.021817999056782937 0.0057691873551030653 0.004355518035841075 -0.015043472416485669 -0.013555993806560645 0.018218194067593133 0.0060147435756672408 0.027833605123504333 0.017279627940817457 -0.010284755350708717 -0.018704905414564446 0.016356423190536221 -0.022210006236414843 -0.0024690615275376614 -0.031655454417699902 0 -0.027116804286579532 0.01455890007315931 0.025193681790378654 0 0.0046606817516003851 -0.0090869196308260188 0.028075703293718817 0.022941204135992783
leaf_weight=7.0383942276239377 5.7412016093730909 5.0884160697460157 4.6782535463571575 4.7974138259887695 5.2194778323173514 4.6836841404438001 10.581202775239939 9.8927680104970914 8.8907717466354352 5.3004319518804577 5.3403911441564542 8.6781016141176206 4.7417356371879569 5.3055493086576471 6.2496698796749106 5.4134234637021992 7.6912809014320418 9.3658362179994548 4.8964218348264676 5.8683682084083557 5.3183976113796225 6.3406790494918832 7.889815300703046 7.7646077573299435 5.2559357285499564 5.0649253129959106 5.1800367683172288 5.0117678940296173 12.376140072941778 4.6884987205266953 5.0588800311088562
leaf_count=29 26 22 21 21 23 20 44 43 37 24 22 36 20 22 27 23 32 39 21 24 23 26 33 32 22 23 22 21 51 22 22
internal_value=4.62117e-05 -0.000800902 0.000296959 -0.0163307 -0.000916382 0.00357601 -0.00512273 -0.00665639 -0.00165328 0.00116978 0.0106643 -0.00802839 0.00248038 -0.00242149 0.00220465 0.0115387 0.00129625 -0.00966589 -0.0166652 -0.00432367 -0.0235831 -0.0103486 -0.0161 -0.0118886 -0.002178 0.0140275 0.015239 -0.00561534 -0.0177128 0.0195642 0.0185808
internal_weight=205.412 194.606 182.771 11.8358 172.994 83.0714 89.9222 84.7028 58.0384 73.3288 19.7721 42.9656 15.0939 53.5567 34.0258 19.3544 13.1047 14.6714 26.6644 10.7648 15.8996 19.5309 14.2305 34.0748 13.934 10.8061 15.0728 10.3522 20.1407 9.77691 9.74256
internal_count=873 824 774 50 730 352 378 355 243 310 84 178 63 226 143 82 55 61 112 45 67 83 59 141 58 49 65 43 83 44 42
is_linear=0
shrinkage=0.03


Tree=35
num_leaves=33
num_cat=0
split_feature=9 0 36 22 35 26 26 36 10 39 12 24 9 22 30 40 27 21 25 20 26 10 2 27 22 35 29 26 29 20 22 30
split_gain=2.70631 3.47764 4.42035 3.50514 3.08792 3.0501 4.07638 6.53161 3.03903 2.80565 3.11538 2.64804 2.50896 4.9678 2.93513 2.48979 2.23125 4.35018 3.46183 3.19309 2.67582 2.07383 4.00143 1.94096 3.41701 1.8664 1.63178 1.39529 1.0405 0.935369 0.79301 0.0131614
threshold=1.6581349170541522 -0.86106381237170981 -1.5244545844361672 -0.24163655993433358 0.34095069210521084 -1.3293513951720819 -0.31842884726831139 0.10230465786834701 -1.9086242174448407 -0.81403902089576596 -0.58706061490386585 1.0000000180025095e-35 0.3055285048637334 0.60504329055060657 0.91237162845342168 510.50000000000006 -1.1884834446936463 0.44418654610779645 -0.86069375574575391 -0.54564821513832484 -1.0000000180025095e-35 -0.19093406931893464 -0.82487118062689657 0.11242491872019847 0.32281667372229306 1.0027944675114089 -0.39495383322201527 0.50868960101659255 -1.0960875880604461 0.84218579034604601 0.41689221266506443 0.14618466308350037
decision_type=2 2 2 2 2 2 2 2 2 2 2 2 2 2 2 2 2 2 2 2 2 2 2 2 2 2 2 2 2 2 2 2
left_child=1 8 30 4 9 -5 12 26 -1 10 -4 -9 14 -14 -7 27 21 20 -19 -20 -18 -11 -23 24 -13 -2 29 -12 -25 -8 -3 -6
right_child=25 2 3 5 31 6 7 11 -10 16 15 23 13 -15 -16 -17 17 18 19 -21 -22 22 -24 28 -26 -27 -28 -29 -30 -31 -32 -33
leaf_value=0.0020100483051492765 0.00016570275604965831 0.0060669073190455901 0.028624810463398865 0.014500274370165812 0.0082964587599250583 -0.031237260122193067 0.0073310939554628212 0.0056244598736208858 -0.02673333946810141 0.0042582306391692141 -0.014682027563629511 -0.013203346306243566 0.016014675308517745 -0.019800619354475444 -0.002410437311325763 0.017853326484221391 0.0058776358579993929 0.02730181193945343 0.016919714572376086 -0.010019912041671904 -0.018186671806482382 -0.030925695986752773 0 -0.0044787317414302858 0.014241803333771353 0.024769768479814408 0 0.0045550445966072326 -0.021748936788879004 0.029093459350598136 0.027042417875348387 0.022511777441248458
leaf_weight=4.5726586580276489 5.7409379631280881 5.0817135423421842 4.6355672329664257 5.2001689076423636 4.6757170408964139 10.579187184572215 5.7781298011541349 8.8846516907215101 6.8133891373872739 5.2932648658752468 5.3445677012205106 8.6825803816318494 4.8830947577953321 6.0901181250810623 5.3207591772079459 4.7244020104408255 5.3014851659536371 6.2100789546966544 5.3949092030525181 7.6972914487123534 9.3861620724201167 6.3311267495155343 7.889815300703046 6.3500983864068887 5.2453306317329398 5.0233616828918457 4.9902166426181855 5.0089865773916245 13.786785379052173 4.7121666669845581 4.4234018176794052 5.0297758132219315
leaf_count=20 26 22 21 23 20 44 25 37 28 24 22 36 21 25 23 20 22 27 23 32 39 26 33 26 22 23 21 21 57 21 21 22
internal_value=6.54452e-05 -0.000762251 0.000264467 -0.00086515 0.00351594 -0.00493639 -0.00642049 -0.00172686 -0.015834 0.00115894 0.0104609 -0.00782012 -0.0157835 -0.0033725 -0.0229749 0.00242991 -0.00235108 0.00216953 0.011297 0.00126806 -0.00939027 -0.0101034 -0.015727 -0.0115847 -0.00209869 0.0137621 0.0140225 -0.00547038 -0.0172682 0.0200237 0.0187289 0.0182262
internal_weight=205.082 194.318 182.932 173.426 82.9232 90.5033 85.3031 58.43 11.386 73.2177 19.7135 42.9494 26.8732 10.9732 15.8999 15.078 53.5041 33.9899 19.3023 13.0922 14.6876 19.5142 14.2209 34.0648 13.9279 10.7643 15.4805 10.3536 20.1369 10.4903 9.50512 9.70549
internal_count=873 824 776 733 352 381 358 245 48 310 84 178 113 46 67 63 226 143 82 55 61 83 59 141 58 49 67 43 83 46 43 42
is_linear=0
shrinkage=0.03


Tree=36
num_leaves=32
num_cat=0
split_feature=9 6 36 22 41 19 35 21 22 25 39 39 12 34 16 32 24 25 26 27 21 25 20 26 34 32 35 35 1 22 41
split_gain=2.58649 3.31259 4.23733 3.33634 4.02564 3.88569 2.95706 2.94035 2.88451 4.26662 2.77224 2.68438 3.00339 2.49437 2.88282 2.43905 2.40168 2.33728 4.22974 2.13187 4.13971 3.3179 3.04689 2.54061 1.98735 4.0898 1.90148 1.79633 1.32077 0.769344 0.418555
threshold=1.6581349170541522 -1.1695730930944228 -1.5244545844361672 -0.24163655993433358 362.50000000000006 -1.0000000180025095e-35 0.34095069210521084 -0.22961858812696531 1.1694965242072337 0.41993171084788761 1.0000000180025095e-35 -0.81403902089576596 -0.58706061490386585 1.0203676693950932 0.66299692967190416 1.0000000180025095e-35 0.73205081726794707 -0.51919363132078267 -1.0000000180025095e-35 -1.1884834446936463 0.44418654610779645 -0.86069375574575391 -0.54564821513832484 -1.0000000180025095e-35 0.25242451304315833 0.69454616215118703 -0.22634397252867283 1.0027944675114089 -0.35094787840410163 0.41689221266506443 430.50000000000006
decision_type=2 2 2 2 2 2 2 2 2 2 2 2 2 2 2 2 2 2 2 2 2 2 2 2 2 2 2 2 2 2 2
left_child=1 7 29 6 5 26 11 -1 9 10 -6 12 -4 14 17 -16 28 -7 -19 24 23 -22 -23 -21 -13 -26 -5 -2 -14 -3 -8
right_child=27 2 3 4 8 13 30 -9 -10 -11 -12 19 16 -15 15 -17 -18 18 -20 20 21 22 -24 -25 25 -27 -28 -29 -30 -31 -32
leaf_value=-0.00030918235407703047 0.00016176683815941417 0.0059324461137597873 0.028177781034201661 -0.0070101910078978324 0.013206544312139678 -0.025924390351221405 0.023768025610821936 -0.030011896775595501 -0.0084660131097882164 0.030766138603664821 -0.013696250484357044 -0.020898056655333501 -0.014414793073783891 0.009179830211438058 0.013188152383175937 -0.0077782156757908241 0.017531661899013395 -0.015956983759507711 0.010757872153666376 0.0057436707978755679 0.026785430733437122 0.016568347324488964 -0.009762403971457426 -0.017685965259154411 0.013885149986117808 -0.017093323312610497 -0.031915287468540582 0.024356188820391828 0.00429786348245219 0.026638287969812203 0.0061115868450052719
leaf_weight=6.5472904443740845 5.7406805008649808 5.0750852525234205 4.5922888070344952 6.7701161205768585 5.7595267891883903 7.7890179008245424 5.0846752226352674 4.8427838087081891 7.4510845839977256 5.4084706455469123 5.050908625125885 7.2141556590795544 5.2869999408721924 8.4089339822530729 7.9681131392717388 8.8760888576507551 4.7234270870685569 12.948672071099276 6.896902590990087 5.2974306046962747 6.1694399863481513 5.3761368244886372 7.702797651290898 9.4045158624649012 6.1242077201604825 6.1566418260335922 7.075553208589545 4.9815077483654022 5.0506807863712293 4.3792212009429932 4.5833598673343658
leaf_count=28 26 22 21 28 25 32 22 20 32 25 21 30 22 35 34 37 20 54 29 22 27 23 32 39 27 26 29 23 21 21 20
internal_value=8.96977e-05 -0.000718807 0.000284101 -0.000820454 -0.00479486 -0.00855272 0.00345753 -0.0154264 0.00543971 0.0123426 1.22154e-05 0.00114843 0.0102629 -0.00441119 -0.00732679 0.00208019 0.00238074 -0.0130785 -0.00628816 -0.0022827 0.00213536 0.0110618 0.00124047 -0.00912327 -0.00986535 -0.00137975 -0.022004 0.013503 -0.00537937 0.0184054 0.0178799
internal_weight=204.737 194.015 182.624 173.17 90.4034 66.7334 82.7668 11.3901 23.67 16.2189 10.8104 73.0987 19.6534 52.8877 44.4788 16.8442 15.0611 27.6346 19.8456 53.4453 33.9503 19.2484 13.0789 14.7019 19.495 12.2808 13.8457 10.7222 10.3377 9.45431 9.66804
internal_count=873 824 776 733 381 278 352 48 103 71 46 310 84 221 186 71 63 115 83 226 143 82 55 61 83 53 57 49 43 43 42
is_linear=0
shrinkage=0.03


Tree=37
num_leaves=31
num_cat=0
split_feature=33 12 12 33 40 17 1 13 20 16 20 37 35 33 22 27 25 40 16 32 34 16 25 27 29 12 29 25 38 29
split_gain=2.55018 5.20439 3.15709 4.59538 5.3102 3.7342 2.88442 3.83527 2.94212 4.94177 3.17153 2.81971 2.68172 2.47023 2.57538 3.2055 2.39014 2.16285 4.2813 1.98183 2.62809 1.88267 2.82381 2.18054 1.61728 1.45313 1.41419 1.38694 1.32579 0.10518
threshold=0.6730234288447553 -0.65908381229517599 -0.55236705315790879 -0.34720714419953513 510.50000000000006 -1.3360226514226961 0.15607704012194443 -1.2835685400989278 -0.82321501623519899 0.40068271276568507 0.56461898924917198 -0.65722634519330536 1.0838365624591064 -0.97734955696218517 -0.73553313938388187 -0.21280217213326272 0.84680686637910163 320.00000000000006 -1.0000000180025095e-35 0.35947227689707434 1.3024692370345792 0.92531114657812308 1.1883069908040729 0.27503846414692912 0.15037242054120867 -0.67025277964559649 0.83203023774523899 1.8713072396540149 1.0000000180025095e-35 -0.87211430526483624
decision_type=2 2 2 2 2 2 2 2 2 2 2 2 2 2 2 2 2 2 2 2 2 2 2 2 2 2 2 2 2 2
left_child=2 -2 13 5 11 -4 7 -7 28 10 24 -5 16 -1 -15 -16 26 18 -17 -11 -21 22 23 -3 -10 -20 29 -24 -9 -13
right_child=1 21 3 4 -6 6 -8 8 9 19 -12 12 -14 14 15 17 -18 -19 25 20 -22 -23 27 -25 -26 -27 -28 -29 -30 -31
leaf_value=-0.0089929348916533512 -0.015178221008538733 -0.0067441380252207276 -0.019261313505284646 0.00094472531596683255 0.014649514691973318 -0.018639668555520694 0.018580988982869803 0.026885414010567765 -0.0061075944964480251 0.024402974154698762 0.0071846121718303789 -0.012939327478048738 0.0015841296137729627 0.020819078007631265 -0.013907027789552955 0.030943269009434591 -0.00049201889832738057 -0.0066848870949755609 0.012331185543511836 -0.010914708834160607 0.015580037033005638 -3.0871358519401656e-05 0.034107123392234845 0.014726632584276535 -0.029179498194451522 -0.0069849885720227028 -0.0054477841621954912 0.0087455949595400314 0.0039518665070210849 -0.029009152073268131
leaf_weight=7.634512171149253 6.556872382760047 6.4237875640392321 5.6146932989358893 8.762951657176016 5.2957121580839148 6.3322185426950446 8.3175905197858793 4.6941514760255796 7.6656825393438357 5.1084164381027213 5.0861481875181189 5.8069638907909384 5.2435820102691642 9.3455359786748868 6.0210528671741477 6.0234720110893312 5.5155671983957282 5.019404098391532 4.5683956444263494 5.1350032836198789 5.2306498438119888 8.6842015236616117 6.5279694944620115 7.4667599350214005 5.3917031288146973 6.6272513270378095 5.1955663263797751 5.3940671533346176 5.698230117559433 18.04807314276696
leaf_count=33 27 27 23 37 22 26 37 20 32 22 21 24 22 42 25 26 23 21 20 21 22 39 32 34 22 28 22 25 24 74
internal_value=0.000102712 0.00667654 -0.00155844 -0.00415648 -0.0105045 0.00119078 0.00367955 0.000635403 0.00406352 -0.000286128 -0.0106782 -0.0137234 -0.0170145 0.0050136 0.00824648 0.00304727 -0.0199508 0.00847909 0.0134014 0.0114121 0.00222867 0.0114566 0.0153305 0.0047179 -0.0180717 0.00095007 -0.0232433 0.0253392 0.0168998 -0.0263309
internal_weight=204.436 41.0537 163.383 118.143 53.8684 64.2745 58.6598 50.3422 44.01 33.6176 18.1435 48.5727 39.8098 45.2396 37.6051 28.2596 34.5662 22.2385 17.2191 15.4741 10.3657 34.4968 25.8126 13.8905 13.0574 11.1956 29.0506 11.922 10.3924 23.855
internal_count=873 184 689 494 224 270 247 210 184 140 75 202 165 195 162 120 143 95 74 65 43 157 118 61 54 48 120 57 44 98
is_linear=0
shrinkage=0.03


Tree=38
num_leaves=32
num_cat=0
split_feature=36 22 19 37 25 41 12 40 41 36 25 24 37 20 14 16 24 16 23 37 19 28 21 6 28 31 19 20 29 12 5
split_gain=2.44668 3.2977 4.42689 3.58975 3.44202 2.85275 2.7864 2.91082 2.26067 4.30602 3.79144 4.64547 3.79431 3.45569 5.29632 2.63122 2.42336 2.21421 2.21204 2.20167 2.48695 2.00586 1.81191 1.19113 1.11893 1.09413 1.02093 0.858166 0.551273 0.409834 0.102758
threshold=0.29339229684074747 -0.52386317676264682 -0.80562938344882362 -0.65722634519330536 1.0000000180025095e-35 687.00000000000011 -0.59062470582586024 300.00000000000006 510.50000000000006 -1.5244545844361672 -0.17769350689581179 0.19955780506831908 1.0000000180025095e-35 -0.54564821513832484 -1.1691184565221746 0.66299692967190416 -0.39949683365626237 -0.91088837176540982 0.22088837046088164 -1.0000000180025095e-35 1.0000000180025095e-35 0.23860724468535185 -0.22961858812696531 -1.1695730930944228 0.74836989894788075 1.049787792257286 0.84065089150711814 -0.33747311431566929 -0.39495383322201527 -0.44656248821773487 0.055153878657912214
decision_type=2 2 2 2 2 2 2 2 2 2 2 2 2 2 2 2 2 2 2 2 2 2 2 2 2 2 2 2 2 2 2
left_child=5 2 3 -2 18 8 -5 -8 9 23 12 13 15 -12 -15 27 26 -7 -3 22 -21 -22 29 -1 -19 -4 -16 -11 -13 -20 -14
right_child=1 4 25 6 -6 17 7 -9 -10 10 11 28 30 14 16 -17 -18 24 19 20 21 -23 -24 -25 -26 -27 -28 -29 -30 -31 -32
leaf_value=0.0027766228629521961 0.011662027331101844 0.009932222151104465 0.024545531254522034 0.0073974667632323741 -0.024162846580148192 -0.0018155619307498683 0 -0.025568172153790033 -0.014232496174726326 -0.017435371600502639 0.0050270381270200587 0.017550084363681263 0.024967641444870677 0.0065100658339869001 -0.035946507730259959 0.013395393035171533 -0.0055843145668945937 0.025252250899860735 -0.0083378023793999577 -0.011822722721029133 0.020962309416251632 -0.0026138057331456413 -0.002447549932066452 0.024510028407531477 0.0047508384600862151 0.0032743515915278467 -0.013157660541819648 0 0.0017307903812911675 -0.026951338277965527 0.0090007017434318125
leaf_weight=4.5392516702413559 8.1637827455997485 6.5360973179340354 6.653540685772894 4.6852827072143581 8.76244108378887 5.4797690510749844 5.7906850278377524 9.2820326983928663 6.6935038715600959 4.9935427308082572 8.9384386837482399 4.9256598949432373 6.3557764738798124 6.8066713213920549 8.4432875812053663 5.1597760021686545 7.808167859911932 8.5697057396173459 4.8254071474075291 6.7499164789915147 4.9845164418220502 5.1446116864681244 9.3803504407405836 7.3380376845598203 5.3110967576503745 4.6749654561281204 6.6922832131385794 4.886366248130801 4.759633928537367 6.0869498699903497 4.6419689506292343
leaf_count=20 35 27 29 21 36 24 24 39 29 21 38 22 28 30 35 23 33 39 20 28 21 21 39 34 23 20 28 21 20 25 20
internal_value=0.000108525 -0.00346585 0.00294199 -0.00341464 -0.00831895 0.00308669 -0.0103097 -0.0163473 0.000756 0.00221033 -0.000518322 -0.0055147 0.00834117 -0.0102179 -0.0150117 -0.00131368 -0.0216496 0.0131333 -0.00431355 -0.00726169 0.000491116 0.00967938 -0.0135756 0.0178952 0.0190264 0.0176445 -0.0283259 -0.0102758 0.0115871 -0.0212062 0.0205975
internal_weight=204.064 91.7206 39.2503 27.9218 52.4703 112.343 19.758 15.0727 92.9824 86.2889 74.4116 48.3741 26.0374 38.6888 29.7504 15.0397 22.9437 19.3606 43.7078 37.1718 16.879 10.1291 20.2927 11.8773 13.8808 11.3285 15.1356 9.87991 9.68529 10.9124 10.9977
internal_count=873 385 168 119 217 488 84 63 402 373 319 206 113 164 126 65 96 86 181 154 70 42 84 54 62 49 63 42 42 45 48
is_linear=0
shrinkage=0.03


Tree=39
num_leaves=29
num_cat=0
split_feature=33 12 12 33 40 1 13 36 20 34 36 22 37 35 15 16 16 35 22 19 35 12 19 19 16 6 15 15
split_gain=2.37477 4.89807 2.95925 4.34218 5.09639 3.30156 3.7883 3.24954 3.00185 4.52048 4.6385 4.15768 2.7221 2.51796 2.18763 4.01379 2.87694 1.73606 1.57851 4.00749 1.72324 1.4752 1.37211 1.27991 1.26366 1.17795 1.16553 1.81051
threshold=0.6730234288447553 -0.62797981210935228 -0.55236705315790879 -0.34720714419953513 510.50000000000006 0.15607704012194443 -1.2835685400989278 0.73395546447155979 -0.82321501623519899 1.5140454127641938 0.36846244072276185 0.60504329055060657 -0.65722634519330536 1.0838365624591064 0.43859382891885629 0.92531114657812308 -0.91088837176540982 -0.41544219407330091 -0.73553313938388187 1.0000000180025095e-35 0.53004891364983886 0.58686283259227701 0.32324851937810761 -1.0878488591555564 0.66299692967190416 -0.16461305878841589 -1.0000000180025095e-35 0.31717559120008199
decision_type=2 2 2 2 2 2 2 2 2 2 2 2 2 2 2 2 2 2 2 2 2 2 2 2 2 2 2 2
left_child=2 -2 7 5 12 6 -4 18 23 10 21 24 -5 26 15 16 -3 -9 -1 -20 -21 -10 -7 -8 -12 -18 -14 -28
right_child=1 14 3 4 -6 22 8 17 9 -11 11 -13 13 -15 -16 -17 25 -19 19 20 -22 -23 -24 -25 -26 -27 27 -29
leaf_value=0.021462169689423331 -0.013008674143442653 -0.00048535662583555498 -0.020419599674885932 0.0010439532390533975 0.014466511051377124 0.0018895499648486347 0.00157076929971761 0.0033216428050518916 -0.0020853385474007293 0.017809040128284003 -0.029224434064971827 0.0062515500582717969 -0.024206677011458778 0.0014392304974907026 0.025033072307500213 -0.013859283829827785 0.0043373831092979381 -0.015183023334303448 -0.013541226349303973 0.0015175597023258777 0.021227009078158974 0.018032425623930183 0.025628542172477477 0.022686593303970364 -0.007387318674920481 0.027287909966712348 0.0017524355663429633 -0.018360957732096665
leaf_weight=7.5821812152862575 7.7201377153396598 8.4898356050252932 6.8172840327024451 8.7601519078016263 5.2822604179382315 4.6787606775760633 5.4753736406564713 7.7255696952342987 5.4713746160268801 6.2256136536598197 9.7390357404947299 4.8516191095113745 20.900359645485874 5.2344616949558249 7.2186666578054419 5.2809619754552832 4.2743341922760019 7.3117363154888135 5.7166735827922848 8.2325906902551669 8.5174428820610029 4.6517234295606613 4.7736865431070328 5.6121966242790204 5.7691234648227683 7.869607314467431 5.8308794647455233 7.7541763633489609
leaf_count=35 32 38 28 37 22 21 23 33 23 26 40 20 87 22 35 23 19 30 24 35 38 20 21 24 24 37 24 32
internal_value=0.000113762 0.00647426 -0.00148926 -0.00400846 -0.0101839 0.00119674 -0.00167509 0.00488269 0.00141676 -0.00268181 -0.00769329 -0.0156656 -0.0133434 -0.0165846 0.0115539 0.00641606 0.0124639 -0.00587428 0.0104793 0.00541115 0.0127896 0.007777 0.0162941 0.0141654 -0.0228216 0.0210146 -0.0194331 -0.0100145
internal_weight=203.768 40.8535 162.914 117.828 53.7623 64.0658 54.6133 45.0862 47.7961 36.7085 30.4829 20.3598 48.48 39.7199 33.1334 25.9147 20.6338 15.0373 30.0489 22.4667 16.75 10.1231 9.45245 11.0876 15.5082 12.1439 34.4854 13.5851
internal_count=873 184 689 494 224 270 228 195 200 153 127 84 202 165 152 117 94 63 132 97 73 43 42 47 64 56 143 56
is_linear=0
shrinkage=0.03


Tree=40
num_leaves=33
num_cat=0
split_feature=25 35 22 22 29 41 25 25 15 12 27 19 12 17 16 14 11 13 22 35 21 26 5 15 21 27 4 34 37 14 31 34
split_gain=2.26716 4.35988 3.25757 2.70886 3.02286 3.60567 5.04152 3.21387 4.78604 3.48798 2.62693 2.48987 2.00364 2.6967 3.02946 2.75238 2.40838 3.06657 2.40098 2.26584 1.88059 2.07361 1.87931 1.8285 1.80231 2.91622 1.43932 0.916203 0.497038 0.495959 0.428297 0.200501
threshold=1.1883069908040729 0.43549980287752471 0.41689221266506443 -0.24163655993433358 -1.0960875880604461 362.50000000000006 -0.17769350689581179 -0.86069375574575391 1.0000000180025095e-35 -0.44656248821773487 0.27503846414692912 0.60546799508484062 -0.46518439136821238 -1.3360226514226961 -0.6485741548591909 1.2005171410831694 1.0367555304037726 -0.7368046491705692 -1.4646185661903577 -1.3609333017964402 -0.56652115524434599 -0.31842884726831128 0.44567971348110502 -1.0184250237064352 1.0000000180025095e-35 0.43765200957365974 0.25060854490689549 -0.51551864330877628 1.0000000180025095e-35 1.5710696857810287 -1.0000000180025095e-35 0.47183684342942528
decision_type=2 2 2 2 2 2 2 2 2 2 2 2 2 2 2 2 2 2 2 2 2 2 2 2 2 2 2 2 2 2 2 2
left_child=3 26 -3 10 11 6 7 9 -9 -6 12 -5 16 -14 19 23 17 -1 -18 -15 -8 -22 30 -16 25 -7 -2 -27 -21 -17 -13 -20
right_child=1 2 -4 4 5 24 20 8 -10 -11 -12 22 13 14 15 29 18 -19 31 28 21 -23 -24 -25 -26 27 -28 -29 -30 -31 -32 -33
leaf_value=-0.017880597510508706 0.0049104036993699732 -0.0012140321994035033 0.028008858784604483 -0.011245762017439162 -0.029002349163366616 0.022292624572644713 -0.031518533107639697 -0.010877295338028933 0.01947711813422465 0.00074742331232225518 0.017576520362590491 0.0064143088791716527 -0.020751283029144491 0.0060563161938730747 0.0012568370356111913 -0.011140253323828873 -0.0013606739565772254 0.0095766391676724467 0.029216948304396098 -0.020561971194357116 -0.02148741048442572 0 -4.9507539499765444e-05 0.021913999624309094 -0.011632469745709183 -0.0076635644906098378 -0.015010036367540284 0.0067722743871289626 -0.0046099968645142864 0.00054346474270312666 0.023920711178258437 0.0099685270182241648
leaf_weight=4.851960763335228 4.6848449409008044 4.3289341181516638 9.1406230181455594 5.1564267277717617 5.1240348070859909 5.5345926135778489 9.7212014794349688 6.9502922445535669 8.8639515787363035 6.6712328195571899 8.3161018937826139 4.8939074277877834 4.9252568185329428 4.8232286721467998 7.5481087118387231 4.7160408496856672 4.4599216580390921 7.0064177215099352 4.8053987473249418 7.2693070620298332 7.1239865124225616 6.9902662783861143 8.6557637453079206 8.7394125908613276 4.775744915008544 7.5808760821819341 5.1856653541326523 5.3122567832469887 4.9898642748594284 4.7427444756031036 5.052028000354766 4.4286533892154694
leaf_count=20 20 20 45 22 21 24 40 29 38 28 36 21 20 20 32 20 20 30 22 30 30 29 38 38 20 33 22 23 21 20 21 20
internal_value=0.000129338 0.00865429 0.0190356 -0.00100522 -0.0043515 -0.00731631 -0.0116628 -0.00240683 0.00600336 -0.013539 0.00296271 0.00460772 0.000905466 -0.00262652 0 0.00645603 0.0075077 -0.00195488 0.0154808 -0.00925268 -0.0213702 -0.0116399 0.00981205 0.0135915 0.00220049 0.00669229 -0.00562701 -0.0012129 -0.0157155 -0.00546188 0.0178004 0.0232274
internal_weight=203.369 23.3401 13.4696 180.029 98.4066 74.6484 51.445 27.6095 15.8142 11.7953 81.6224 23.7581 73.3063 47.754 42.8287 25.7463 25.5524 11.8584 13.694 17.0824 23.8355 14.1143 18.6017 16.2875 23.2035 18.4277 9.87051 12.8931 12.2592 9.45879 9.94594 9.23405
internal_count=873 107 65 766 417 315 215 116 67 49 349 102 313 201 181 110 112 50 62 71 99 59 80 70 100 80 42 56 51 40 42 42
is_linear=0
shrinkage=0.03


Tree=41
num_leaves=33
num_cat=0
split_feature=9 3 36 15 22 41 19 33 27 30 22 25 39 23 39 27 12 39 15 33 34 32 28 1 1 32 41 27 21 22 25 22
split_gain=2.29759 3.37169 4.02055 3.41424 2.95574 2.99084 3.70863 2.97609 4.74759 3.5309 2.85022 4.22857 2.84947 2.55197 2.42315 3.24933 2.69082 2.23485 2.00828 1.91567 1.86725 3.77274 1.80692 3.10067 2.71457 1.90577 1.65927 1.93516 1.32942 1.13416 1.01697 0.8279
threshold=1.6581349170541522 -0.84808365400444863 -1.5244545844361672 0.68143030435640495 -0.24163655993433358 362.50000000000006 -1.0000000180025095e-35 -0.34720714419953513 0.11242491872019847 0.36509522461776373 1.1694965242072337 0.41993171084788761 1.0000000180025095e-35 0.22088837046088164 -0.81403902089576596 -1.1884834446936463 -0.58706061490386585 1.2295442005046764 -1.1398432614252094 -0.34720714419953513 0.25242451304315833 0.69454616215118703 0.23860724468535185 -0.35094787840410163 -0.84657897853630437 0.52700921952413071 320.00000000000006 1.0339016761383391 -0.56652115524434599 0.22874113477952199 -0.17769350689581179 0.41689221266506443
decision_type=2 2 2 2 2 2 2 2 2 2 2 2 2 2 2 2 2 2 2 2 2 2 2 2 2 2 2 2 2 2 2 2
left_child=1 3 31 -1 14 6 30 8 -8 29 11 12 -7 -10 16 20 -4 22 -18 -20 -16 -22 23 24 -17 -25 27 -11 -2 -9 -6 -3
right_child=28 2 4 -5 5 10 7 9 13 26 -12 -13 -14 -15 15 17 18 -19 19 -21 21 -23 -24 25 -26 -27 -28 -29 -30 -31 -32 -33
leaf_value=-0.026757349281153944 0.0016071107776061359 0.0054018221950565071 0.02843687383367444 0.003103899188623944 -0.0097174677130938188 0.012555126438152478 0.022051521261924206 -0.0057203965014128704 0.0094894663090584735 0.014816245090823627 -0.0094709166711937753 0.029939131546591197 -0.015054113569299934 -0.014253837841704657 -0.020240663949477617 0.016604264184857078 0.017313994869398205 -0.0098040829277850888 -0.013187262622318049 0.0087871387645100472 0.013503317504505903 -0.016336373943230245 -0.0048308444000179579 0.03105195819476932 -0.0072130947263153878 0.0059144360944173163 -0.013187872297460034 -0.0054516256543983574 0.023169792188462816 -0.028549804643911571 -0.030239044172960802 0.026306505482849921
leaf_weight=7.0155768245458585 6.1717768162488937 5.0296309888362867 4.9222160726785686 4.7666998654603958 7.9958337545394897 5.6915800124406832 7.3409559130668596 4.7316982746124427 4.9998242855072013 6.6318215429782885 7.2138031721115103 5.2849949598312369 4.8139294981956482 9.1484205275773984 7.1578186899423626 5.2445260137319556 5.3678686320781752 6.1228499263525 5.9877802878618276 5.1622452288865972 6.0410732924938184 6.1512683779001236 6.5465702265501013 6.7524296194314974 10.233681052923201 6.387546643614769 5.4572947621345511 7.1097230911254883 4.4027034640312177 6.9600450843572617 5.768081307411185 4.4533453434705734
leaf_count=29 29 22 23 21 33 25 31 20 21 28 31 25 20 38 30 22 23 26 25 22 27 26 28 30 43 27 23 30 20 29 24 22
internal_value=0.000124262 -0.000637524 0.000399152 -0.0152386 -0.000689848 -0.00446492 -0.007696 -0.00364758 0.00456108 -0.00948999 0.00448287 0.0114732 0 -0.00537447 0.00334516 0.000100502 0.0116537 0.00492314 0.00436838 -0.00270365 -0.00951573 -0.00125358 0.00794726 0.0111646 0.0012576 0.0211001 -0.000879559 0.00443171 0.0128448 -0.0214665 -0.0208371 0.0180173
internal_weight=203.066 192.491 180.709 11.7823 171.226 89.148 66.1437 52.3798 21.4892 30.8906 23.0043 15.7905 10.5055 14.1482 82.0779 60.6378 21.4401 41.2876 16.5179 11.15 19.3502 12.1923 35.1648 28.6182 15.4782 13.14 19.1988 13.7415 10.5745 11.6917 13.7639 9.48298
internal_count=873 824 774 50 730 378 277 220 90 130 101 70 45 59 352 259 93 176 70 47 83 53 150 122 65 57 81 58 49 49 57 44
is_linear=0
shrinkage=0.03


Tree=42
num_leaves=31
num_cat=0
split_feature=37 22 19 35 31 33 9 31 28 35 21 34 28 31 27 31 36 40 29 29 36 29 23 36 35 41 31 26 9 13
split_gain=2.21833 3.36225 5.19297 3.36305 2.80843 4.55335 4.0949 3.35376 4.59781 5.01112 3.99584 3.15058 4.44488 4.66539 3.49961 3.08521 2.79546 2.73522 2.69751 3.16312 2.35427 2.10256 1.97272 1.52916 1.34587 1.15918 1.00359 0.65833 0.648604 0.00464199
threshold=-0.65722634519330536 -1.0883164104192735 0.60546799508484062 1.0838365624591064 1.3847233430509893 -0.34720714419953513 -0.67839303094987036 -0.51723210609896741 1.4280534379645853 0.43549980287752471 0.44418654610779645 -0.076693982536242211 0.23860724468535185 0.37991669066987993 -1.0258698992669157 -1.2947610632986351 0.36846244072276185 552.50000000000011 -0.87211430526483624 0.15037242054120867 -0.47095825904885436 -0.39495383322201527 0.50002305911566947 0.10230465786834701 0.62459802442215262 320.00000000000006 1.049787792257286 -0.77793909631547986 -0.67839303094987036 -1.309304828126217
decision_type=2 2 2 2 2 2 2 2 2 2 2 2 2 2 2 2 2 2 2 2 2 2 2 2 2 2 2 2 2 2
left_child=1 -1 20 -4 5 11 -6 8 9 10 21 -2 13 28 29 -11 -14 18 -9 24 25 -7 -22 -21 -20 -3 -16 -17 -13 -15
right_child=4 2 3 -5 6 7 -8 17 -10 15 -12 12 16 14 26 27 -18 -19 19 23 22 -23 -24 -25 -26 -27 -28 -29 -30 -31
leaf_value=0.0235874666113054 0.022615003562055539 0.014213791335034339 0.029038419130676542 0 -0.032016230691241807 1.1948085818129223e-05 0.00057764845172274205 0.00097136032157504057 -0.022099958567313317 9.3631859649542345e-05 0.012572708273502342 -0.014431517387883262 0.0033832120134557812 0.00082031468077555111 0.028522073978674813 0.031793826409575558 -0.022069672955892558 0.0058015075508793179 -0.034442305524423941 0.0045696551223444156 -0.021487726799931779 -0.022921683215523427 -0.00085388322468200179 -0.012955445340916048 -0.011291296560685223 -0.0032667195232812031 0.0070474230915809014 0.010629112686364179 0 -0.0001835097515284577
leaf_weight=6.5478788614273062 7.657273367047309 4.838891386985777 6.8831214308738691 5.8517668098211288 4.9190330058336258 4.9897857308387765 6.6779256016015989 8.7249102443456596 4.9034513831138602 8.2294304370880127 5.8351141959428778 4.6037941575050354 5.8193532824516279 4.3967946916818619 10.71638695895672 5.9665317088365546 7.0787027180194855 6.9781019240617743 8.3956017792224937 5.9694021344184867 7.9655712842941346 7.9042142182588586 8.8310388624668104 9.3273067027330381 6.9721287786960593 5.5650386959314346 4.8008538037538537 5.7262773513793954 4.9100562483072263 4.7282485067844355
leaf_count=29 33 21 31 26 20 21 28 37 21 38 25 20 25 20 47 28 29 30 35 25 33 33 37 40 30 25 20 25 21 20
internal_value=0.000130186 0.00580427 0.00199537 0.0168511 -0.00155913 -0.000308848 -0.0148729 -0.00447569 0.00138349 0.00522645 -0.00550002 0.0063696 0.00298539 0.00868067 0.0153979 0.0152696 -0.011013 -0.00997569 -0.0130278 -0.017057 -0.00526802 -0.0145535 -0.0119265 -0.00596188 -0.0262329 0.00512605 0.0234375 0.0242707 -0.00790064 0
internal_weight=202.714 46.4833 39.9354 12.7349 156.231 144.634 11.597 89.9223 43.5548 38.6514 18.7291 54.7115 47.0542 34.1561 24.6423 19.9222 12.8981 46.3675 39.3893 30.6644 27.2005 12.894 16.7966 15.2967 15.3677 10.4039 15.5172 11.6928 9.51385 9.12504
internal_count=873 202 173 57 671 623 48 388 191 170 79 235 202 148 107 91 54 197 167 130 116 54 70 65 65 46 67 53 41 40
is_linear=0
shrinkage=0.03


Tree=43
num_leaves=30
num_cat=0
split_feature=9 3 36 21 22 41 19 33 30 35 35 22 25 30 36 20 1 0 21 20 40 30 35 35 41 20 26 22 41
split_gain=2.15179 3.20481 3.84159 3.38093 2.74565 2.79752 3.48094 2.77949 3.29199 3.17504 2.6882 2.67516 4.04604 2.41663 2.37689 2.37387 2.15904 4.51428 3.35583 2.98684 2.61505 3.29473 1.87848 1.74408 1.58711 2.14586 0.890806 0.800837 0.455462
threshold=1.6581349170541522 -0.84808365400444863 -1.5244545844361672 -0.22961858812696531 -0.24163655993433358 362.50000000000006 -1.0000000180025095e-35 -0.34720714419953513 0.36509522461776373 0.23064339620417781 0.34095069210521084 1.1694965242072337 0.41993171084788761 0.74818870730272413 0.73395546447155979 1.0000000180025095e-35 1.0000000180025095e-35 1.2638715364436754 1.7917968145773202 -0.54564821513832484 177.50000000000003 -0.89364050420424967 -0.22634397252867283 1.0027944675114089 320.00000000000006 1.1197525914429203 0.69249370063546001 0.41689221266506443 430.50000000000006
decision_type=2 2 2 2 2 2 2 2 2 2 2 2 2 2 2 2 2 2 2 2 2 2 2 2 2 2 2 2 2
left_child=1 3 27 -1 10 6 22 9 15 -8 16 12 13 -7 -11 -9 17 18 20 -18 26 -22 -6 -2 25 -10 -4 -3 -12
right_child=23 2 4 -5 5 11 7 8 24 14 28 -13 -14 -15 -16 -17 19 -19 -20 -21 21 -23 -24 -25 -26 -27 -28 -29 -30
leaf_value=0 0 0.0052721347189184148 0.0051302494161638438 -0.030143153318902396 -0.0056563444048588537 -0.011893586688614595 0.016778469172250145 -0.0043957148083622315 -0.00497316105151364 0.0049419928419303935 0.0230335677948127 -0.0091253962601465684 0.029366568382365187 0.013626101552371721 -0.018894909844602761 -0.032712780651381751 0.021536245847012771 -0.019313814975942825 -0.015964025425692783 -0.005759839325778335 0.012618718489033285 -0.0056505247296312448 -0.029937976208429265 0.023259518576451612 -0.012861715969072778 0.016592936403255567 0.026290880866879352 0.0258868587225651 0.0053913689872992316
leaf_weight=6.6831858456134796 5.6575666815042478 5.0253363549709302 5.0315263867378217 5.0689651221036893 6.7166193872690201 5.8915088474750537 9.0361673831939644 6.0093625485897224 8.0036817044019717 7.5404911339282972 5.0012404024600965 7.2183098495006552 5.2114249765872946 4.5827073901891708 4.8351324647665024 5.6474184095859528 7.9824851751327515 9.0117214173078519 6.2467188835144034 4.5215765833854658 12.599359691143027 22.272788524627693 7.0115274786949069 4.8557301908731461 5.4669925868511191 5.7145542204380027 4.6378527879714966 4.3970025032758713 4.5167216211557388
leaf_count=29 26 22 21 21 28 25 38 25 34 32 22 31 25 20 20 24 37 38 26 20 54 94 29 23 23 24 20 22 20
internal_value=0.000129797 -0.000606933 0.000404881 -0.0148586 -0.000659196 -0.00430391 -0.00743188 -0.0035016 -0.0091516 0.00444125 0.00323436 0.00436427 0.0111758 0 -0.00497446 -0.0207361 0.00102039 -0.00134136 0.00219545 0.0116776 0.00530966 0.0010334 -0.0201793 0.0124724 -0.000829586 0.00436629 0.0179847 0.0176755 0.0170798
internal_weight=202.396 191.882 180.13 11.7522 170.708 88.8859 65.9819 52.2538 30.842 21.4118 81.822 22.904 15.6856 10.4742 12.3756 11.6568 72.304 59.8 50.7882 12.5041 44.5415 34.8721 13.7281 10.5133 19.1852 13.7182 9.66938 9.42234 9.51796
internal_count=873 824 774 50 730 378 277 220 130 90 352 101 70 45 52 49 310 253 215 57 189 148 57 49 81 58 41 44 42
is_linear=0
shrinkage=0.03


Tree=44
num_leaves=30
num_cat=0
split_feature=37 1 35 19 19 31 0 12 15 13 36 19 35 39 37 1 19 27 23 27 32 32 28 12 21 35 31 39 39
split_gain=2.11463 2.7819 3.13045 5.05101 3.64998 2.6596 3.9147 2.78137 4.58463 5.12946 3.4258 2.9942 4.02312 3.09707 2.71669 2.42039 2.25975 4.15397 1.76449 2.40334 1.68538 2.25461 3.53541 1.67226 1.58781 1.11723 0.965992 0.944344 0.594522
threshold=-0.65722634519330536 -0.43070460716100784 1.0838365624591064 0.32324851937810761 -1.0878488591555564 1.3847233430509893 0.2803488285554398 2.1681573968093555 1.0000000180025095e-35 1.0615995642103786 0.10230465786834701 0.84065089150711814 0.79005896827370237 1.2295442005046764 -1.0000000180025095e-35 1.0000000180025095e-35 -0.24119043203535809 -1.0258698992669157 -0.4071646790123909 0.43765200957365974 0.86208310477824301 -0.47821243623820647 -1.1207598333480571 -0.69072709946941258 1.0000000180025095e-35 -0.33665126842970577 -0.289954410917526 1.0000000180025095e-35 1.0000000180025095e-35
decision_type=2 2 2 2 2 2 2 2 2 2 2 2 2 2 2 2 2 2 2 2 2 2 2 2 2 2 2 2 2
left_child=1 25 3 4 -3 7 -7 8 9 10 18 13 -13 15 -9 20 17 -12 19 -2 21 -10 -23 -17 -25 -1 -14 -6 -18
right_child=5 2 -4 -5 27 6 -8 14 11 -11 16 12 26 -15 -16 23 28 -19 -20 -21 -22 22 -24 24 -26 -27 -28 -29 -30
leaf_value=0.0016404322402125329 0.010893933779599539 0.020522022978726538 -0.005155996630800061 0.032591902819118349 0.0015557202082023323 0.00060218880899526577 -0.031251653370936425 -0.0019428259219228814 0.01414065689080992 -0.032961345206386633 -0.016038332307335656 -0.022991382165144424 0.012474609190346899 -0.012348075433595502 0.026168183071054413 0 -0.025339808657645024 0.013425329322486218 0.015292828094849423 -0.01283120514249898 0.014153074089425639 0.014134004613968538 -0.010709327472789852 0.028059145345805541 0.0072331293493565624 -0.015194871205359829 -0.0040281566001536817 -0.013418862029367212 -0.0071456045695894276
leaf_weight=5.942962259054184 5.4400147646665591 6.7269019633531562 8.2858154624700529 8.044154077768324 7.4745409935712868 6.6761453151702863 4.9137878268957138 4.686490073800087 5.9074184596538499 5.3215694427490225 7.6604103446006766 7.1285480409860638 4.8133684396743783 6.084999978542327 5.2456154823303205 4.5913632363081005 7.4986969083547574 6.5499802529811886 7.0035770684480658 6.9496279805898666 7.757837399840354 5.2976176291704169 19.202414497733127 8.7722973376512545 8.343326121568678 5.0829382538795453 4.6098560392856571 4.7544869929552078 5.2728751748800278
leaf_count=25 24 30 37 37 32 28 20 20 25 22 32 30 22 26 23 20 32 28 31 31 33 23 81 40 38 21 20 20 22
internal_value=0.000131147 0.00568177 0.00977203 0.0145939 0.00483314 -0.00151985 -0.0144781 -0.000298303 -0.00153233 -0.0084382 -0.00455427 0.0027966 -0.00799018 0.00570993 0.0138646 0.00789993 -0.0112796 -0.0020906 0.00465361 -0.00193056 0.00292803 -0.000278481 -0.0046012 0.0156287 0.0196303 -0.00653184 0.00440761 -0.0046592 -0.0197891
internal_weight=202.04 46.3118 35.2859 27.0001 18.9559 155.728 11.5899 144.138 134.206 51.6968 46.3752 82.509 16.5518 65.9573 9.93211 59.8723 26.982 14.2104 19.3932 12.3896 38.1653 30.4075 24.5 21.707 17.1156 11.0259 9.42322 12.229 12.7716
internal_count=873 202 156 119 82 671 48 623 580 222 200 358 72 286 43 260 114 60 86 55 162 129 104 98 78 46 42 52 54
is_linear=0
shrinkage=0.03


Tree=45
num_leaves=33
num_cat=0
split_feature=9 3 36 15 22 34 26 25 22 23 35 39 12 32 2 40 27 22 25 27 38 35 31 34 28 20 26 41 13 22 41 15
split_gain=2.05727 3.03738 3.66 3.1296 2.5869 2.69833 4.20493 4.83411 2.66982 2.6302 2.58363 2.30681 2.65223 2.25596 3.54339 2.15001 1.86068 3.26241 2.10773 4.61936 1.80234 1.64453 1.34202 2.10848 1.24721 1.19234 1.189 1.12469 0.872916 0.783684 0.445023 0.138208
threshold=1.6581349170541522 -0.84808365400444863 -1.5244545844361672 0.68143030435640495 -0.24163655993433358 0.58154300862255892 -0.31842884726831139 1.1883069908040729 0.22874113477952199 -0.89565038415826925 0.34095069210521084 -0.81403902089576596 -0.58706061490386585 0.86208310477824301 -0.37165256423493392 510.50000000000006 -1.1884834446936463 -1.0883164104192735 -0.86069375574575391 -0.37541571755999348 1.0000000180025095e-35 1.0027944675114089 0.37991669066987993 -0.35095939551907596 -1.2906807181022335 0.84218579034604601 0.50868960101659255 321.50000000000006 -1.309304828126217 0.41689221266506443 430.50000000000006 0.19575735348130766
decision_type=2 2 2 2 2 2 2 2 2 2 2 2 2 2 2 2 2 2 2 2 2 2 2 2 2 2 2 2 2 2 2 2
left_child=1 3 29 -1 10 6 7 9 31 -6 11 12 -4 -7 -15 26 20 -18 -19 -20 24 -2 23 -10 -13 -25 -14 -11 -22 -3 -12 -8
right_child=21 2 4 -5 5 13 8 -9 22 27 30 16 15 14 -16 -17 17 18 19 -21 28 -23 -24 25 -26 -27 -28 -29 -30 -31 -32 -33
leaf_value=-0.025551058690641056 0 0.0050780165047886842 0.02663545345190901 0.0030425395815894974 -0.00030695374787627442 -0.022395454215529048 -0.00010503406403402041 0.012075390278206652 0 -0.026984797156013051 0.022621365335574913 0.010144612549539285 -0.013728468049934852 0.0086905396320793599 -0.016475878637870041 0.016577478370799852 0.019463849853364971 0.0085192041984716495 0.0026593799447046096 -0.025917566648777205 -0.025763702020639715 0.022777685907001455 0 0.0090072892011611935 -0.0089901503736011471 0.032731019991685012 0.0040582380339490021 -0.00573631216299235 -0.0052545824298110616 0.02546990629876688 0.0052119047949072657 -0.0084511075815222585
leaf_weight=6.9733449816703779 5.6496546119451505 5.0072727948427183 4.4105912744998959 4.7494392842054367 8.5429991334676778 9.8882079124450701 4.7331992834806531 6.5412203818559638 4.6244116127491006 10.293683916330329 4.9746101200580579 4.5089669674634933 5.3179858177900297 8.3533093780279177 8.6401457190513593 4.6329639852046958 6.0903529971837953 8.5856055766344053 12.316096395254135 6.5616263598203739 4.5684615671634674 4.7976756691932678 5.8793361634016028 6.1966308802366292 4.7369443625211733 5.2153761088848114 4.9441827386617661 4.9744103699922571 5.4435816556215268 4.3401780277490616 4.5030136108398438 4.7487654685974121
leaf_count=29 26 22 21 21 37 41 20 30 20 43 22 20 22 35 36 20 27 37 52 27 20 23 25 27 20 23 21 21 23 22 20 20
internal_value=0.000127897 -0.00059199 0.000394065 -0.0144817 -0.000643103 -0.00418677 -0.000551452 -0.00839409 0.00688473 -0.0146367 0.00314005 0.000966771 0.00949988 -0.0118556 -0.00407913 0.00208724 -0.00221832 0.00192457 -0.00256442 -0.00815574 -0.00934312 0.012231 0.0124683 0.0166269 0 0.0228568 -0.00522425 -0.0215522 -0.0172716 0.0173122 0.0167387 -0.00541467
internal_weight=201.744 191.297 179.574 11.7228 170.227 88.6317 61.75 30.3523 31.3977 23.8111 81.595 72.1174 19.3057 26.8817 16.9935 14.8951 52.8116 33.5537 27.4633 18.8777 19.258 10.4473 21.9158 16.0364 9.24591 11.412 10.2622 15.2681 10.012 9.34745 9.47762 9.48196
internal_count=873 824 774 50 730 378 266 131 135 101 352 310 84 112 71 63 226 143 116 79 83 49 95 70 40 50 43 64 43 44 42 40
is_linear=0
shrinkage=0.03


Tree=46
num_leaves=32
num_cat=0
split_feature=37 22 19 35 31 33 16 34 27 36 31 30 35 23 10 32 21 29 40 29 29 36 16 23 33 22 35 35 41 30 35
split_gain=2.025 3.05153 4.74742 3.14191 2.52559 4.26686 3.76591 2.98258 3.39616 5.73838 2.97693 3.47089 4.32525 2.75056 3.58745 3.10553 2.49486 3.63426 2.44902 2.4829 3.02113 2.18219 3.95172 4.41455 2.17834 2.12643 1.51187 1.1787 1.11941 1.01752 0.87555
threshold=-0.65722634519330536 -1.0883164104192735 0.60546799508484062 1.0838365624591064 1.3847233430509893 -0.34720714419953513 0.40068271276568507 -0.076693982536242211 0.11242491872019847 0.48447993581314786 -0.51723210609896741 1.1860098303712507 0.53004891364983886 0.77915774777045721 -1.0000000180025095e-35 1.029620047405299 0.44418654610779645 -0.59945117838322426 552.50000000000011 -0.87211430526483624 0.15037242054120867 -0.47095825904885436 0.13836849585946603 0.50002305911566947 -0.81231225838149113 0.32281667372229333 -0.33665126842970577 0.62459802442215262 320.00000000000006 -0.16393863242337239 -1.2138569072617298
decision_type=2 2 2 2 2 2 2 2 2 2 2 2 2 2 2 2 2 2 2 2 2 2 2 2 2 2 2 2 2 2 2
left_child=1 -1 21 -4 5 7 -6 -2 13 -10 11 12 16 14 -9 -15 17 -7 19 -12 27 28 -23 -24 -16 -14 30 -21 -3 -19 -22
right_child=4 2 3 -5 6 10 -8 8 9 -11 18 -13 25 15 24 -17 -18 29 -20 20 26 22 23 -25 -26 -27 -28 -29 -30 -31 -32
leaf_value=0.022646377544000687 0.022063450916174232 0.013998960175756501 0.028157047852668572 0 -0.02896544584966184 0.0095044021410929692 0.0020442830571253436 0.019197381471801413 0.0067350637767901126 -0.027246836025315697 0.00099984559864880855 -0.016192398235819222 0.0030307957142506649 0.027987929678700531 -0.018569033568936286 0 0.01089829094974464 -0.004272179678005499 0.005416300031649033 -0.033113389454052726 -0.0015809987439373836 -0.027971827800985123 -0.016386417561405436 0.017712518752681639 0.0036186414437212044 0.026965251465565082 0.0066884498390821527 -0.011016205756172973 -0.0032051235217461162 -0.025718826577761523 -0.01950736824319459
leaf_weight=6.4458238780498496 7.5936779528856269 4.7975785881280881 6.7524726837873441 5.8234326243400574 5.6062299609184247 4.8120693713426581 5.9739165455102921 4.8369719386100796 9.0376733988523466 6.2652967125177375 8.6879042387008614 6.8355953246355048 7.0199684500694257 8.2692869007587415 6.4762397557497025 5.4683776944875708 6.2594882994890204 4.6913021653890583 6.9415184855461112 8.3066987842321449 5.8925056457519522 6.0841508507728639 5.4897551834583265 5.1816191375255585 6.424436107277872 7.4509527236223221 4.6312125474214545 6.9590749442577353 5.5553184002637863 6.1351407021284148 4.6927539855241767
leaf_count=29 33 21 31 26 23 21 25 23 39 26 37 30 31 37 27 23 27 20 30 35 25 25 23 22 27 36 20 30 25 26 20
internal_value=0.000138225 0.00558121 0.00193981 0.0162458 -0.00147854 -0.000283988 -0.0141097 0.00619827 0.00289305 -0.00801096 -0.00433338 0.0012069 0.00514742 0.00849968 0.000115289 0.0178545 -0.00308828 -0.00950052 -0.00952488 -0.0124223 -0.0163029 -0.00499101 -0.011412 0 -0.00787709 0.0171053 -0.00547266 -0.0252848 0.00502378 -0.0185631 -0.0114596
internal_weight=201.398 46.1302 39.6843 12.5759 155.268 143.688 11.5801 54.372 46.7783 15.303 89.3162 43.2045 36.3689 31.4753 17.7376 13.7377 21.898 15.6385 46.1117 39.1702 30.4822 27.1084 16.7555 10.6714 12.9007 14.4709 15.2165 15.2658 10.3529 10.8264 10.5853
internal_count=873 202 173 57 671 623 48 235 202 65 388 191 161 137 77 60 94 67 197 167 130 116 70 45 54 67 65 65 46 46 45
is_linear=0
shrinkage=0.03


Tree=47
num_leaves=19
num_cat=0
split_feature=41 36 25 22 27 40 25 32 20 41 30 41 30 25 15 1 36 16
split_gain=1.93889 1.94117 2.08377 2.72452 2.31062 2.86544 4.11988 3.9954 2.35168 2.56177 2.14879 3.53275 4.13012 2.88527 1.64914 1.61558 1.09155 1.03317
threshold=727.50000000000011 1.7265495891337508 -1.2875689112769677 -0.52386317676264682 1.5759468275607746 510.50000000000006 -0.86069375574575391 -1.0000000180025095e-35 1.6748861936366686 134.00000000000003 1.1860098303712507 321.50000000000006 0.20091230346706615 -0.17769350689581179 -1.0000000180025095e-35 0.75425250579874048 -0.66204589802125469 0.13836849585946603
decision_type=2 2 2 2 2 2 2 2 2 2 2 2 2 2 2 2 2 2
left_child=1 2 3 -1 5 8 -7 -8 9 14 11 13 -13 -11 -4 -2 -6 -9
right_child=15 -3 4 -5 16 6 7 17 -10 10 -12 12 -14 -15 -16 -17 -18 -19
leaf_value=0.022457232282094019 0 -0.015487788528237461 0 -0.0014317387822324183 0.021568168183566046 -0.01277064916182432 -0.003864073122428641 0.0075078478098192895 -0.020481881073909074 -0.00018639241017843022 -0.018234265751938709 -0.0075988559866292348 0.012966958188971714 -0.011738674170673671 0.020554540681123962 0.023006024236675179 0.00052335342531122445 0.030115359771048192
leaf_weight=6.760909765958786 5.6940010786056501 6.030002534389495 6.3105102777481079 7.7046969532966596 4.2332115769386292 5.4464218020439175 6.4914457798004213 4.9725041240453667 5.6251736134290686 39.179910734295831 7.4209967553615561 12.63758237659931 21.366736054420471 39.499431774020209 5.1225886642932874 4.4392003118991852 4.7443291246891004 7.3202411234378815
leaf_count=31 25 25 28 33 20 23 28 22 24 167 32 54 97 168 22 21 21 32
internal_value=0.000135432 -0.000555019 2.06937e-05 0.0104185 -0.000910464 -0.00181349 0.00733094 0.0139685 -0.003534 -0.00254137 -0.00390155 -0.00267796 0.00515663 -0.00617193 0.0100787 0.012051 0.0126865 0.0232165
internal_weight=201 190.867 184.837 14.4656 170.371 161.394 24.2306 18.7842 137.163 131.538 120.105 112.684 34.0043 78.6793 11.4331 10.1332 8.97754 12.2927
internal_count=873 827 802 64 738 697 105 82 592 568 518 486 151 335 50 46 41 54
is_linear=0
shrinkage=0.03


end of trees

feature_importances:
Column_12=107
Column_35=94
Column_25=84
Column_36=77
Column_22=73
Column_33=72
Column_15=55
Column_26=53
Column_30=52
Column_16=51
Column_29=51
Column_40=49
Column_32=43
Column_19=40
Column_31=39
Column_41=39
Column_34=37
Column_1=36
Column_17=33
Column_21=32
Column_27=32
Column_23=31
Column_20=29
Column_28=28
Column_37=26
Column_39=22
Column_24=20
Column_2=19
Column_13=17
Column_9=14
Column_10=13
Column_0=12
Column_14=11
Column_3=10
Column_11=9
Column_4=6
Column_6=5
Column_8=5
Column_5=4
Column_38=4
Column_7=3
Column_18=2

parameters:
[boosting: gbdt]
[objective: binary]
[metric: binary_logloss]
[tree_learner: serial]
[device_type: cpu]
[data_sample_strategy: bagging]
[data: ]
[valid: ]
[num_iterations: 900]
[learning_rate: 0.03]
[num_leaves: 96]
[num_threads: 2]
[seed: 42]
[deterministic: 0]
[force_col_wise: 1]
[force_row_wise: 0]
[histogram_pool_size: -1]
[max_depth: 10]
[min_data_in_leaf: 20]
[min_sum_hessian_in_leaf: 0.001]
[bagging_fraction: 0.85]
[pos_bagging_fraction: 1]
[neg_bagging_fraction: 1]
[bagging_freq: 0]
[bagging_seed: 400]
[bagging_by_query: 0]
[feature_fraction: 0.8]
[feature_fraction_bynode: 1]
[feature_fraction_seed: 30056]
[extra_trees: 0]
[extra_seed: 12879]
[early_stopping_round: 0]
[early_stopping_min_delta: 0]
[first_metric_only: 0]
[max_delta_step: 0]
[lambda_l1: 0.2]
[lambda_l2: 1.5]
[linear_lambda: 0]
[min_gain_to_split: 0]
[drop_rate: 0.1]
[max_drop: 50]
[skip_drop: 0.5]
[xgboost_dart_mode: 0]
[uniform_drop: 0]
[drop_seed: 17869]
[top_rate: 0.2]
[other_rate: 0.1]
[min_data_per_group: 100]
[max_cat_threshold: 32]
[cat_l2: 10]
[cat_smooth: 10]
[max_cat_to_onehot: 4]
[top_k: 20]
[monotone_constraints: ]
[monotone_constraints_method: basic]
[monotone_penalty: 0]
[feature_contri: ]
[forcedsplits_filename: ]
[refit_decay_rate: 0.9]
[cegb_tradeoff: 1]
[cegb_penalty_split: 0]
[cegb_penalty_feature_lazy: ]
[cegb_penalty_feature_coupled: ]
[path_smooth: 0]
[interaction_constraints: ]
[verbosity: -1]
[saved_feature_importance_type: 0]
[use_quantized_grad: 0]
[num_grad_quant_bins: 4]
[quant_train_renew_leaf: 0]
[stochastic_rounding: 1]
[linear_tree: 0]
[max_bin: 255]
[max_bin_by_feature: ]
[min_data_in_bin: 3]
[bin_construct_sample_cnt: 200000]
[data_random_seed: 175]
[is_enable_sparse: 1]
[enable_bundle: 1]
[use_missing: 1]
[zero_as_missing: 0]
[feature_pre_filter: 1]
[pre_partition: 0]
[two_round: 0]
[header: 0]
[label_column: ]
[weight_column: ]
[group_column: ]
[ignore_column: ]
[categorical_feature: ]
[forcedbins_filename: ]
[precise_float_parser: 0]
[parser_config_file: ]
[objective_seed: 16083]
[num_class: 1]
[is_unbalance: 0]
[scale_pos_weight: 1]
[sigmoid: 1]
[boost_from_average: 1]
[reg_sqrt: 0]
[alpha: 0.9]
[fair_c: 1]
[poisson_max_delta_step: 0.7]
[tweedie_variance_power: 1.5]
[lambdarank_truncation_level: 30]
[lambdarank_norm: 1]
[label_gain: ]
[lambdarank_position_bias_regularization: 0]
[eval_at: ]
[multi_error_top_k: 1]
[auc_mu_weights: ]
[num_machines: 1]
[local_listen_port: 12400]
[time_out: 120]
[machine_list_filename: ]
[machines: ]
[gpu_platform_id: -1]
[gpu_device_id: -1]
[gpu_device_id_list: ]
[gpu_use_dp: 0]
[num_gpu: 1]

end of parameters

pandas_categorical:null
