tree
version=v4
num_class=3
num_tree_per_iteration=3
label_index=0
max_feature_idx=62
objective=multiclass num_class:3
feature_names=Column_0 Column_1 Column_2 Column_3 Column_4 Column_5 Column_6 Column_7 Column_8 Column_9 Column_10 Column_11 Column_12 Column_13 Column_14 Column_15 Column_16 Column_17 Column_18 Column_19 Column_20 Column_21 Column_22 Column_23 Column_24 Column_25 Column_26 Column_27 Column_28 Column_29 Column_30 Column_31 Column_32 Column_33 Column_34 Column_35 Column_36 Column_37 Column_38 Column_39 Column_40 Column_41 Column_42 Column_43 Column_44 Column_45 Column_46 Column_47 Column_48 Column_49 Column_50 Column_51 Column_52 Column_53 Column_54 Column_55 Column_56 Column_57 Column_58 Column_59 Column_60 Column_61 Column_62
feature_infos=[-1.0020511882799306:6.7399673375610503] [-1.2000243906328716:5.6849286408121138] [-1.0165586796265287:5.2457688995986915] [-0.98639263462814131:6.7104197944746318] [-1.188405898854938:6.1964207026109195] [-1.0281280651309852:5.1675687655899267] [-1.5425402441203908:3.5554257782136718] [-1.5059857017805882:4.3909140014470331] [-1.761908840460227:2.8277041765058639] [-2.006639324656958:2.1623387027651488] [-3.4436821315599824:1.848850317685566] [-1.5649478614920524:2.8035219416679102] [-1.1242085278337213:2.6708534587367212] [-2.0194982306206555:2.130773544603104] [-1.570233657523276:2.8673982112631604] [-2.0194982306206555:2.130773544603104] [-3.4277762992856906:1.6093327958257124] [-1.570233657523276:2.8673982112631604] [-3.7538091237448699:1.2925814293834521] [-1.6864274909318862:1.7058117149655683] [-1.5690655878004469:1.3191073482445523] [-4.1779320960677451:0.68983166433075971] [-2.0071710520491113:0.49821364202074941] [-2.360878573653046:1.8753888755107737] [-2.3513538247743511:3.1982809441814619] [-2.0795711306957414:3.9807943625891022] [-3.0627265443515905:3.1389000589947145] [-2.4332811661248406:1.7547874580901186] [-2.319643093901818:3.7706115991608287] [-2.0546808839155171:4.4319368797789664] [-3.0633487685566241:3.1569848266537113] [-2.7366674601673142:2.1452769109722567] [-2.5665132435930333:3.8878110163115398] [-1.9261818824833756:3.5940120146112693] [-3.2481316551313122:3.4255415612764502] [-2.7211995335869514:2.1377379823356799] [-2.569095470805896:3.7875129335500826] [-2.1283444418416102:4.1637597833666087] [-3.0868349991614279:3.1507087173047275] [-3.2082994267125313:2.4710829132982766] [-3.0201488941144743:2.44485353604066] [-2.8156610269260827:1.402447403656397] [-2.7537115300512496:2.6317126595749216] [-1.9931659573085807:2.234989610346267] [-3.1919135487500059:2.9136642666791137] [-2.2905759267556647:1.6830703642441687] [-2.5619244977806845:1.777704349678602] [-1.8910047132887933:2.1145500293284836] [-1.7734877036228918:1.5788162178704541] [-1.2186991942395866:3.6354920362708789] [-1.2211753924693622:3.6279003150670031] [-8.8781764259906968:8.5239972320269093] [-2.9039066067376225:6.4623008531191113] [-4.3029347305508239:6.4519438378677405] [-2.6595969942679232:2.1026267468809006] [-2.6926006485839276:2.0197242079598898] [-1.1347917304602839:2.1596434525282642] [-1.0174975428799957:3.7626922558850846] [-1.198781188475549:2.1101574232471809] [-1.8159491446751987:1.8818760859294066] [6:798] [6:798] none
tree_sizes=2843 3045 2790 2988 3390 2947 2993 3192 2633 2884 3498 2660 2986 3756 2897 3107 3108 3085 2787 3212 2784 2999 3206 2942 3093 3420 2990 2782 3689 3199 3088 3317 2877 2859 3320 2748 2903 3532 2957 3191 3306 3084 3068 3313 2873 2873 3344 3109 2781 3546 3217 2850 3314 3303 2824 3321 3211 3314 3312 3201 2979 3426 3001 2861 3203 2785 3197 3637 3108 3041 3331 3310 3434 3423 3012 3221 3634 2882 3210 3321 2892 2832 3414 3302 2938 3659 2972 3234 3333 3015 3204 3504 3210 2950 3655 3245 3422 3718 3096 3202 3743 3226 3342 3486 3010 3110 3436 3078

Tree=0
num_leaves=26
num_cat=0
split_feature=48 48 46 54 23 61 48 25 43 33 10 47 44 39 12 24 39 32 55 42 24 24 37 24 32
split_gain=75.9399 10.7842 8.63214 7.28148 6.70455 5.44638 2.98454 2.45526 2.39139 2.35315 2.31685 2.48084 2.0665 3.45647 1.18849 2.68223 0.893542 0.838752 0.778395 0.500308 0.980155 0.704229 0.473306 0.296763 0.257005
threshold=0.053373702803876912 0.84448303556673088 0.14751527502228287 0.61696298387527004 1.0000000180025095e-35 495.00000000000006 -0.36709530479451613 -0.22779278552537258 -0.44284224916846998 -0.39279468884597418 1.1400675322634577 -0.59917920548658621 -1.7147576256623156 1.3825346314628721 -0.41197780012261526 -0.33961122102786895 0.43597090812773709 0.23602229031289992 0.50418429881604487 -0.24670371763906643 1.0000000180025095e-35 -1.727019913266822 0.87788313242453908 -1.102686001759293 1.2551261208241484
decision_type=2 2 2 2 2 2 2 2 2 2 2 2 2 2 2 2 2 2 2 2 2 2 2 2 2
left_child=3 2 5 10 9 7 -5 8 -2 -3 14 -12 -6 16 19 23 -14 -18 -4 21 -21 -1 -11 -16 -19
right_child=1 4 18 6 12 -7 -8 -9 -10 22 11 -13 13 -15 15 -17 17 24 -20 20 -22 -23 -24 -25 -26
leaf_value=-0.99321708705112954 -0.99565559334198572 -0.98961078251290291 -0.97278287452852119 -0.96752009935532535 -0.97570771756998254 -0.97189804191644347 -0.99227030026890428 -1.0027764214967283 -0.97428246452782463 -0.96612041812138594 -0.97766364711407427 -0.99997945222362883 -0.96678503691979845 -0.97402168104684028 -0.99263318792744437 -0.98104482970032392 -0.96436244167404284 -0.94254743137758668 -0.9554236978973063 -1.0039120995331792 -0.99092810915235252 -1.0076194279352362 -0.97959656061690081 -1.0048978889458027 -0.96286793190398279
leaf_weight=7.3726355731487265 8.4258692264556867 8.4258692264556903 9.830180764198305 7.3726355731487274 8.4258692264556867 12.989881724119185 7.021557688713072 13.692037492990494 7.3726355731487283 7.7237134575843793 7.3726355731487274 7.3726355731487256 10.883414417505263 11.58557018637657 8.425869226455692 7.3726355731487265 10.883414417505263 21.064673066139225 8.074791342020033 15.09634903073311 13.692037492990492 60.736474007368088 7.0215576887130737 11.234492301940918 7.7237134575843802
leaf_count=21 24 24 28 21 24 37 20 39 21 22 21 21 31 33 24 21 31 60 23 43 39 173 20 32 22
internal_value=-0.984264 -0.96947 -0.979648 -0.999158 -0.963153 -0.987005 -0.979587 -0.99413 -0.985334 -0.97802 -1.00126 -0.988873 -0.958586 -0.956615 -1.00261 -0.995383 -0.953151 -0.95033 -0.963021 -1.00437 -0.998571 -1.00637 -0.971145 -1.00089 -0.946472
internal_weight=307.193 154.123 60.3854 153.07 93.7378 42.4804 14.3942 29.4905 15.7985 23.1711 138.676 14.7453 70.5667 62.1408 123.93 27.033 50.5552 39.6718 17.905 96.8975 28.7884 68.1091 14.7453 19.6604 28.7884
internal_count=875 439 172 436 267 121 41 84 45 66 395 42 201 177 353 77 144 113 51 276 82 194 42 56 82
is_linear=0
shrinkage=1


Tree=1
num_leaves=28
num_cat=0
split_feature=48 23 16 39 48 48 48 46 59 38 55 27 16 46 28 14 24 14 1 48 36 6 49 52 28 45 31
split_gain=11.9933 6.92367 4.12941 3.79946 3.4826 5.15867 9.50886 5.66738 5.13826 4.23952 5.46677 4.3783 4.1775 3.32967 3.28273 3.10983 1.80751 2.02001 1.74049 1.72464 3.83448 1.69155 1.59008 1.35577 0.821862 0.712425 0.421508
threshold=0.83295204778273912 1.0000000180025095e-35 1.2998970680288926 1.3825346314628721 0.74381148675418995 0.053373702803876912 -0.34062853513704444 0.12086592240083195 0.21785473215733422 -0.24163961972072553 0.19818006173229666 0.49836687082563108 0.61725930870907841 1.0706392267935805 1.5198652995507203 -1.168219896755762 0.56220442892745093 -1.0320920990798821 1.8782893201206301 -1.2186016961643973 0.19101081003288412 -0.71394895716265316 -0.26519734538931666 -0.45085227201323974 0.19589688801536217 0.75125736061972537 0.43659638107340681
decision_type=2 2 2 2 2 2 2 2 2 2 2 2 2 2 2 2 2 2 2 2 2 2 2 2 2 2 2
left_child=2 15 4 16 5 6 9 8 -7 -1 19 23 14 -14 -13 -2 26 18 -18 -11 -21 -10 -8 -12 -9 -6 -3
right_child=1 3 -4 -5 25 7 22 24 21 10 11 12 13 -15 -16 -17 17 -19 -20 20 -22 -23 -24 -25 -26 -27 -28
leaf_value=-0.98632267488605607 -0.95608819659118438 -0.98430513197455338 -0.98808153804070165 -0.97089227265104361 -0.94673857347946477 -0.98302464969607473 -0.95962584143530683 -0.9981844223006463 -0.97055802801948698 -0.94494462302040394 -0.98830347306060073 -0.97771857159841891 -0.9477732302141102 -0.97001957603466404 -0.95996877886460052 -0.97648277792423044 -0.96427101408583415 -0.99023927876978801 -0.98232481431617424 -0.9514625892632036 -0.97797865378075699 -0.95075888025366684 -0.93785716897636473 -0.97374760942777716 -0.98077095295909789 -0.96427101408583415 -0.9974880069075267
leaf_weight=9.8777961730957013 10.583353042602541 10.230574607849123 7.4083471298217765 12.347245216369627 7.0555686950683576 12.347245216369631 9.5250177383422869 7.4083471298217765 7.761125564575198 8.819460868835451 11.288909912109377 31.044502258300781 13.052802085876467 11.994466781616209 11.641688346862791 13.405580520629881 7.0555686950683656 13.052802085876463 9.1722393035888654 9.5250177383422869 7.4083471298217765 8.8194608688354474 9.5250177383422834 13.052802085876463 8.4666824340820295 7.0555686950683594 19.755592346191406
leaf_count=28 30 29 21 35 20 35 27 21 22 25 32 88 37 34 33 38 20 37 26 27 21 25 27 37 24 20 56
internal_value=-0.972106 -0.980854 -0.968147 -0.985479 -0.967289 -0.968471 -0.965745 -0.977187 -0.969364 -0.968887 -0.967215 -0.970802 -0.966832 -0.957481 -0.972494 -0.967307 -0.988571 -0.982045 -0.974138 -0.95539 -0.962923 -0.958797 -0.946744 -0.981279 -0.990792 -0.953525 -0.993976
internal_weight=308.681 95.603 213.078 71.614 205.67 191.559 146.756 44.8029 28.9278 127.706 117.828 92.0752 67.7335 25.0473 42.6862 23.9889 59.2668 29.2806 16.2278 25.7528 16.9334 16.5806 19.05 24.3417 15.875 14.1111 29.9862
internal_count=875 271 604 203 583 543 416 127 82 362 334 261 192 71 121 68 168 83 46 73 48 47 54 69 45 40 85
is_linear=0
shrinkage=1


Tree=2
num_leaves=26
num_cat=0
split_feature=45 32 1 46 46 46 59 54 59 40 33 60 29 2 54 28 32 38 58 2 50 14 40 45 35
split_gain=48.7178 8.31248 7.53151 6.6746 6.0499 6.0063 5.08978 4.63815 4.13091 5.87567 3.34538 3.2825 3.26596 3.21655 3.03099 2.83778 2.24707 2.24022 2.71765 1.59853 1.15133 1.42392 0.787431 0.281199 0.252769
threshold=-0.3308751119946351 0.57572356714998296 -0.40910829859084424 0.40404172088115464 0.75435472994720298 -0.5267990431091224 -0.89149283702404747 0.46853159781384457 0.58763725521779475 0.57992145675022055 1.0000000180025095e-35 321.50000000000006 -0.17697574179342987 -0.87846473647711221 -0.30799843590983988 0.19589688801536217 1.4249767592426903 -1.3177071029707348 -0.86788732730327589 -0.62089625824336925 -0.26867837848900472 -0.27399771333486062 1.0444466633134071 0.34252430120175853 -1.4645777622276499
decision_type=2 2 2 2 2 2 2 2 2 2 2 2 2 2 2 2 2 2 2 2 2 2 2 2 2
left_child=1 2 3 -1 -5 15 11 8 9 12 -6 -4 -7 -13 22 17 20 18 24 -11 21 -9 -8 -19 -2
right_child=5 -3 6 4 10 7 14 16 -10 19 -12 13 -14 -15 -16 -17 -18 23 -20 -21 -22 -23 -24 -25 -26
leaf_value=-1.3659408771677779 -1.4161479464478999 -1.4075756524693901 -1.3674379567443515 -1.413461292249836 -1.369462299432971 -1.3629082216153068 -1.3484255395015228 -1.4092253163935122 -1.4088523508989135 -1.3907746761090438 -1.3948805190296665 -1.3774129677551579 -1.3902021215875475 -1.4025977437522918 -1.3837822670256275 -1.3943265328171548 -1.391229327714455 -1.4049227464183325 -1.3927468567383743 -1.410631092697072 -1.4147533567282535 -1.3922072904674483 -1.3722882071133491 -1.4182444892417483 -1.4017685192021314
leaf_weight=8.392319977283476 8.1125759780406934 6.4341119825839987 9.7910399734973925 8.6720639765262622 6.1543679833412197 8.3923199772834796 15.106175959110262 7.55308797955513 7.2733439803123465 5.5948799848556519 10.630271971225737 7.55308797955513 8.3923199772834796 7.5530879795551282 5.8746239840984371 9.2315519750118238 6.7138559818267813 6.9935999810695639 10.350527971982954 5.8746239840984327 15.665663957595825 6.9935999810695648 7.8328319787979117 38.045183897018433 5.5948799848556545
leaf_count=30 29 23 35 31 22 30 54 27 26 20 38 27 30 27 21 33 24 25 37 21 56 25 28 136 20
internal_value=-1.39433 -1.37753 -1.37507 -1.38686 -1.39474 -1.40486 -1.36814 -1.3984 -1.39084 -1.3855 -1.38461 -1.37986 -1.37477 -1.38998 -1.35944 -1.41058 -1.40568 -1.41262 -1.40387 -1.40119 -1.40907 -1.40124 -1.35448 -1.41671 -1.41199
internal_weight=244.776 93.994 87.5599 33.849 25.4567 150.782 53.7108 72.4537 35.5275 28.2541 16.7846 24.8972 16.7846 15.1062 28.8136 78.3283 36.9262 69.0968 24.058 11.4695 30.2124 14.5467 22.939 45.0388 13.7075
internal_count=875 336 313 121 91 539 192 259 127 101 60 89 60 54 103 280 132 247 86 41 108 52 82 161 49
is_linear=0
shrinkage=1


Tree=3
num_leaves=27
num_cat=0
split_feature=48 48 54 25 44 52 54 33 39 48 34 36 47 45 18 47 12 61 50 51 24 20 54 42 51 24
split_gain=71.823 10.0222 7.03783 5.76557 4.34361 5.49856 4.08161 6.42857 3.01368 2.84709 2.79171 3.4387 2.76562 3.2571 2.24808 6.53304 2.23485 2.20335 1.67293 1.26693 1.56491 1.11916 0.902849 0.299507 0.260422 0.218888
threshold=0.053373702803876912 0.84448303556673088 0.61696298387527004 -0.22779278552537258 0.40249919743004015 0.44116748606835393 0.48223598803006856 -0.59724631466429434 0.15200179112719683 -0.36709530479451613 1.6203676584776294 1.0000000180025095e-35 0.57921471096003441 0.40242373334668952 1.2051180298559647 -0.41334271902736214 1.9123980958947093 362.50000000000006 0.59722799785677483 0.1931694170184812 -1.3801677402070835 -0.65010147178612876 -0.90277520161713343 0.31040912956364092 1.0000000180025095e-35 1.0000000180025095e-35
decision_type=2 2 2 2 2 2 2 2 2 2 2 2 2 2 2 2 2 2 2 2 2 2 2 2 2 2
left_child=2 3 14 4 5 17 7 -3 -9 -4 11 18 13 -5 16 -16 19 -2 23 24 -21 -10 -18 -8 -1 -22
right_child=1 6 9 12 -6 -7 10 8 21 -11 -12 -13 -14 -15 15 -17 22 -19 -20 20 25 -23 -24 -25 -26 -27
leaf_value=-0.017048370483489457 0.0029221819195106792 -0.0093292105198891639 0.016409695815584494 -0.010480161487426965 0.026589951598129536 -0.012789101799766289 0.022239480078906915 0.0021873551007385817 0.01127586717074943 -0.0077601789716081598 0.0065321905310323789 0.01069973532133173 -0.018248523942172495 0.01495268001636739 0.0091019675084859104 -0.023478573182745033 -0.01220184771896852 0.025565351443411242 0.014188761473557935 -0.00061430770248463126 -0.019122546876049716 0.031346333614433119 0.0013162747391567619 0.040317163181871264 -0.026613806314000548 -0.0097887291616926449
leaf_weight=22.684723645448685 9.1446043252945 8.7985140383243543 7.4030475914478302 8.0518361926078814 10.949660718441008 9.1337764263153058 10.267870962619783 8.4644567668437976 7.7596614062786129 6.9915789961814863 8.1157828867435438 11.330815583467482 9.1012863516807538 7.0452533364295951 10.510552227497103 8.7209325134754163 7.3546037673950195 7.039425164461135 7.7906877994537345 6.9824980497360221 29.262811630964279 10.956199705600737 7.0031309127807599 20.931709200143814 33.4353346824646 11.882229566574095
leaf_count=65 26 25 21 23 31 26 29 24 22 20 23 32 26 20 30 25 21 20 22 20 84 31 20 59 96 34
internal_value=0 0.0143193 -0.0145568 0.00449716 0.0119272 0.00422937 0.0203783 0.011382 0.0184329 0.00466825 0.0253937 0.0280427 -0.00645131 0.00130563 -0.0166363 -0.00601275 -0.0182123 0.0144435 0.0323514 -0.0197692 -0.0148399 0.0247759 -0.00572907 0.0358443 -0.0233959 -0.0170069
internal_weight=307.113 154.882 152.231 60.4658 36.2675 25.3178 94.4157 35.9788 27.1803 14.3946 58.4369 50.3211 24.1984 15.0971 137.837 19.2315 118.605 16.184 38.9903 104.248 48.1275 18.7159 14.3577 31.1996 56.1201 41.145
internal_count=875 439 436 172 103 72 267 102 77 41 165 142 69 43 395 55 340 46 110 299 138 53 41 88 161 118
is_linear=0
shrinkage=0.03


Tree=4
num_leaves=31
num_cat=0
split_feature=47 23 16 39 47 48 48 46 59 18 46 0 61 50 18 60 47 56 38 28 26 33 60 47 47 49 24 47 28 26
split_gain=11.5409 6.71501 3.96529 3.74486 3.35677 4.73974 9.02141 5.51343 4.67353 4.14932 4.89457 4.16456 3.30555 3.27424 3.13489 2.79247 4.25157 4.18383 3.75471 4.61601 2.97295 2.20873 2.20009 2.04882 4.31509 1.49241 0.993932 0.904937 0.819311 0.747116
threshold=0.74972232100217806 1.0000000180025095e-35 1.2998970680288926 1.3825346314628721 0.65105684330299318 0.053373702803876912 -0.34062853513704444 0.12086592240083195 0.21785473215733422 0.5238026050134047 0.42988864954146372 0.33766035084306228 430.50000000000006 -0.26867837848900472 -0.68735785808598782 449.50000000000006 -1.1858826864789915 -0.80534821216142893 0.25079804210555007 1.2550716172436487 -0.90155363712484793 1.0000000180025095e-35 474.50000000000006 1.2087576662646617 1.4506016077648967 -0.26519734538931666 0.56220442892745093 -1.3409071568816853 0.19589688801536217 0.71932604329520911
decision_type=2 2 2 2 2 2 2 2 2 2 2 2 2 2 2 2 2 2 2 2 2 2 2 2 2 2 2 2 2 2
left_child=2 14 4 23 5 6 9 8 -7 15 -11 13 -10 -12 -2 18 20 -18 -1 27 -17 -13 -23 29 26 -8 -25 -20 -9 -3
right_child=1 3 -4 -5 -6 7 25 28 12 10 11 21 -14 -15 -16 16 17 -19 19 -21 -22 22 -24 24 -26 -27 -28 -29 -30 -31
leaf_value=0.0071210825107820008 0.013514405664328715 -0.027169269916006062 -0.015722400631320306 0.0011859192121843705 0.018172876419118467 -0.0098030684262111981 0.012095386285414558 -0.02566761465156326 0.025948821485672114 -0.011662851822710808 0.012427527058521541 0.0075605476639366087 0 -0.012771842997321137 -0.007015640888251789 0.025007831728971103 0.0064636938025683819 -0.018597272060721707 -0.0091976137774101487 0.0037233212398653285 0.00014527173459025859 0.035858181839949252 0.010948397522571362 -0.0064292917266727135 -0.022634930016014226 0.033160364279910579 0.007092386290359476 -0.02747655005208709 -0.0083659986503633304 -0.013366541817757965
leaf_weight=10.244875580072401 13.811569869518282 16.463189095258716 7.3733949959278098 12.351729631423948 14.172862261533735 13.035213619470598 9.5691335499286669 7.3398617506027213 7.4492554962635067 7.0378904342651358 8.1499872803688032 12.369587481021883 9.1945779919624311 7.4286424219608298 10.219572156667708 9.1908039450645465 12.004235029220579 9.162411451339727 7.402764409780505 8.8406417667865735 8.1321523189544624 9.2239733934402484 8.4928603768348676 7.7046985924243989 10.860364973545073 9.625641316175459 8.7861628234386426 10.215813964605333 8.4252992868423444 14.374603778123854
leaf_count=29 39 47 21 35 40 37 27 21 21 20 23 35 26 21 29 26 34 26 21 25 23 26 24 22 31 27 25 29 24 41
internal_value=0 -0.00865086 0.00385095 -0.0132676 0.0046862 0.00352969 0.00615131 -0.00475343 0.00278351 0.00308521 0.00942982 0.0130754 0.0129673 0 0.00464948 -0.00138092 0.00409478 -0.00463256 -0.00721537 -0.0130652 0.0145967 0.0193377 0.0260161 -0.0163889 -0.00921979 0.0245867 0.000432094 -0.0214344 -0.0182989 -0.0218393
internal_weight=308.654 94.5719 214.082 70.5407 206.708 192.536 147.091 45.4442 29.679 127.897 52.7029 45.6651 16.6438 15.5786 24.0311 75.1937 38.4896 21.1666 36.7041 26.4592 17.323 30.0864 17.7168 58.189 27.3512 19.1948 16.4909 17.6186 15.7652 30.8378
internal_count=875 269 606 201 585 545 416 129 84 362 149 129 47 44 68 213 109 60 104 75 49 85 50 166 78 54 47 50 45 88
is_linear=0
shrinkage=0.03


Tree=5
num_leaves=27
num_cat=0
split_feature=45 26 46 34 1 46 46 59 19 38 33 59 28 33 28 54 38 58 40 20 55 54 42 27 45 35
split_gain=46.1452 7.69963 5.83401 7.21745 5.67911 6.13596 6.01268 5.19788 4.61073 3.08594 3.04356 4.89611 3.00737 2.98215 2.78003 2.24108 2.20342 2.65622 2.15978 1.87347 1.614 1.82395 1.09635 1.00389 0.280181 0.255074
threshold=-0.3308751119946351 0.13205079676620279 -0.5267990431091224 0.36221615046632966 -0.40910829859084424 0.40404172088115464 0.75435472994720298 -0.89149283702404747 0.31257061254339952 0.74323570393182536 1.4472699435189076 -1.2612753600845079 0.72548425262950544 -1.0000000180025095e-35 0.19589688801536217 -0.21474663655192169 -1.3177071029707348 -0.86788732730327589 1.0444466633134071 0.66270440823432541 -0.27621207791667762 1.4211583888502071 -1.0000000180025095e-35 1.0567760207209591 0.34252430120175853 -1.4645777622276499
decision_type=2 2 2 2 2 2 2 2 2 2 2 2 2 2 2 2 2 2 2 2 2 2 2 2 2 2
left_child=1 4 14 8 5 -1 -7 10 13 -3 11 -6 -8 -4 16 -10 17 25 19 -9 -5 23 -17 -22 -18 -2
right_child=2 9 3 20 7 6 12 18 15 -11 -12 -13 -14 -15 -16 22 24 -19 -20 -21 21 -23 -24 -25 -26 -27
leaf_value=0.028914764526589178 -0.021624234671002308 -0.013618660612926775 0.032290457148036668 -0.00040354765388110771 0.019140925781603924 -0.018516438962302879 0.021933147930160962 0.050762692667115229 -0.016276928235279875 0.011888013423909657 0.02612315872236292 -0.013411228272867179 -0.0028067296394121903 0.0030370677599948705 0 -0.0041284178116141757 -0.01041837038884183 0.0015998432908123255 0.017749445356398181 0.019702845568992104 -0.021604488471659956 0 0.01174235457903235 -0.004796661807063592 -0.02368748156796845 -0.0072801640530634022
leaf_weight=8.2613880038261431 8.0052683353424055 8.9603983759880048 6.1976935863494873 9.4464277029037458 7.0849970579147339 8.0275862812995928 8.4540089666843397 10.90972968935967 5.8654028773307827 5.6112407445907584 8.7872046530246717 6.4820719361305255 6.7269596159458152 6.7249925434589404 9.2125301063060743 5.87996378540993 6.9414412379264823 10.344654113054274 9.3696849346160871 6.3121560811996451 20.020365983247764 5.5565645396709433 6.4282052516937211 6.1260110139846793 37.458442032337189 5.5591654479503658
leaf_count=29 29 32 22 34 25 29 30 38 21 20 31 23 24 24 33 21 25 37 33 22 72 20 23 22 136 20
internal_value=0 0.0162089 -0.0103425 -0.0039724 0.0197993 0.00894946 0.000275813 0.0261828 0.00663524 -0.00323042 0.0136667 0.00340314 0.0113442 0.0193821 -0.016015 -0.0029104 -0.0180601 -0.00936619 0.0351993 0.0421898 -0.0120806 -0.0152039 0.00410107 -0.0183574 -0.022152 -0.0174541
internal_weight=244.755 94.9874 149.767 72.2456 80.4158 31.4699 23.2086 48.9458 31.0963 14.5716 22.3543 13.5671 15.181 12.9227 77.5215 18.1736 68.309 23.9091 26.5916 17.2219 41.1494 31.7029 12.3082 26.1464 44.3999 13.5644
internal_count=875 336 539 259 284 112 83 172 111 52 79 48 54 46 280 65 247 86 93 60 148 114 44 94 161 49
is_linear=0
shrinkage=0.03


Tree=6
num_leaves=27
num_cat=0
split_feature=48 48 25 43 52 26 47 9 26 44 12 25 47 45 32 2 39 49 16 30 61 9 36 38 36 47
split_gain=67.9933 9.33977 5.54503 5.82844 7.88362 4.95356 3.75494 4.00757 3.67963 4.49141 3.23423 2.69779 2.66816 3.11514 2.52398 2.40561 2.7177 1.92661 1.31506 2.09823 0.875427 0.525804 0.487123 0.479885 0.216161 0.213157
threshold=0.053373702803876912 0.84448303556673088 -0.22779278552537258 1.0000000180025095e-35 0.44116748606835393 0.31997887565548477 -0.32087565156196712 -0.62428618444423212 -0.18116266804926703 -1.7147576256623156 -0.41197780012261526 0.44558115817294347 0.57921471096003441 0.40242373334668952 -0.95293217861688972 2.3101088946695252 1.3825346314628721 -0.26519734538931666 1.0185532597862939 0.50419549928459795 321.50000000000006 -1.2475402831129856 0.86012748417561868 -1.3177071029707348 1.3380679657061436 -1.3941049218123436
decision_type=2 2 2 2 2 2 2 2 2 2 2 2 2 2 2 2 2 2 2 2 2 2 2 2 2 2
left_child=5 2 3 4 20 10 7 -7 11 -10 18 -3 13 -4 21 16 23 -16 22 -20 -2 -12 25 -11 -24 -1
right_child=1 8 12 -5 -6 6 -8 -9 9 15 14 -13 -14 -15 17 -17 -18 -19 19 -21 -22 -23 24 -25 -26 -27
leaf_value=-0.012918539570834801 0.0044731679749889395 -0.0022906732832242405 -0.010320264762935103 0.025667430497004356 -0.019924688938851361 -0.0090272094485121107 -0.018564044129676091 0.016416681028475676 0.0027385669778569963 0.017467964151269624 -0.0087204962634689614 0.018660786039732171 -0.017995727665091065 0.01453915308756602 -0.0090743529423388865 0.010194485772103119 0.010789680470431429 0.0079623223795673541 0.0017682244342257134 -0.019068512524856064 0.021486045485968504 -0.022815125661256073 -0.0097634725763537725 0.034092345072406896 -0.019937408424910815 -0.02622654300651802
leaf_weight=7.9422622025012961 7.0395802855491656 11.312237143516542 8.0285239517688769 14.193510621786116 8.0542984008789045 8.753320604562763 7.290140986442565 10.53027281165123 9.934362977743147 8.9137142300605685 10.072213858366014 8.1474090516567212 9.0547616779804212 7.0807786881923667 11.506117463111879 11.394659548997877 9.9142414629459363 9.4041846394538862 6.9522145092487317 7.6374589800834656 7.0851190090179443 8.0101210474967939 13.493667483329775 35.403608709573753 11.071922123432158 38.718925595283508
leaf_count=23 20 32 23 40 23 25 21 30 28 25 29 23 26 20 33 32 28 27 20 22 20 23 39 99 32 112
internal_value=0 0.013869 0.00437782 0.0116471 0.00136377 -0.0142361 -0.00207462 0.0047604 0.0196916 0.0227089 -0.0167225 0.00690277 -0.00637156 0.00122945 -0.00876924 0.0255138 0.0282639 -0.00112446 -0.0200548 -0.00952737 0.0146345 -0.0165399 -0.0218877 0.0315609 -0.0154626 -0.0245589
internal_weight=306.94 155.557 60.5366 36.3725 22.179 151.383 26.5737 19.2836 95.0202 75.5606 124.809 19.4596 24.1641 15.1093 38.9926 65.6262 54.2316 20.9103 85.8165 14.5897 14.1247 18.0823 71.2268 44.3173 24.5656 46.6612
internal_count=875 439 172 103 63 436 76 55 267 212 360 55 69 43 112 184 152 60 248 42 40 52 206 124 71 135
is_linear=0
shrinkage=0.03


Tree=7
num_leaves=29
num_cat=0
split_feature=47 48 48 48 25 38 18 18 24 60 33 28 20 26 47 45 42 38 27 25 45 55 28 54 39 49 0 38
split_gain=10.8491 3.61491 3.9294 7.44291 5.39403 5.08302 5.19298 5.21244 5.07428 4.68649 4.12328 3.83953 3.72376 3.4427 2.90066 2.79224 2.65523 3.03154 2.46585 2.1125 2.05619 1.96834 1.87105 1.83617 1.78763 1.72479 1.67622 1.60191
threshold=0.74972232100217806 0.74381148675418995 0.053373702803876912 -0.34062853513704444 1.0000000180025095e-35 -0.24163961972072553 0.27095206141107359 1.2062694531224525 -1.102686001759293 449.50000000000006 -0.86984848242205459 1.2550716172436487 -0.65010147178612876 -0.18116266804926703 1.0414059255840613 -1.2106692228820195 0.68181769436544604 -0.51521609851310057 -1.1768605788603523 -0.56447975737453049 0.93080034614236695 0.12236169013002431 0.92407951435980906 -0.070192889405554779 1.2642141660459802 -0.26519734538931666 -0.87696755563454043 0.74323570393182536
decision_type=2 2 2 2 2 2 2 2 2 2 2 2 2 2 2 2 2 2 2 2 2 2 2 2 2 2 2 2
left_child=1 2 3 5 10 -1 9 8 -8 12 -4 21 -7 14 -2 -11 17 18 -15 -3 -20 -10 -14 -6 26 -5 -18 -17
right_child=13 19 4 25 23 6 7 -9 11 15 -12 -13 22 16 -16 27 24 -19 20 -21 -22 -23 -24 -25 -26 -27 -28 -29
leaf_value=-0.015926801915928115 -0.0092861308180724987 0.0041782569726835353 0.0004956164573922244 0.0090950962695522455 -0.001506642691938473 0.0029948919582610182 -0.0032479680910970825 -0.0065416907654238729 0.038083003864934233 0.015379450578659104 -0.02109415717699889 0 -0.023932196273841935 -0.0087420944539689221 0.012159066851445114 -0.011824322273597868 -0.0073342211224301035 -0.017544016261094395 -0.0020362930298239105 0.027802308289548053 0.018622549087850663 0.017119124417678058 -0.0036828420428947242 0.017817083182302088 -0.0057928249744649976 0.029033054148760812 -0.026968062451431133 0.0062174680872197378
leaf_weight=11.23324930667877 8.7912083864212054 7.8236542344093323 12.676361590623854 10.316555052995684 7.0772822797298431 11.640651404857634 10.638694971799842 12.335761517286299 7.1443240940570929 13.824435889720919 17.499072521924976 7.4485769271850577 12.650454223155977 12.576853036880491 10.943146616220472 7.0561478137969953 8.0479157269000989 10.809840023517607 7.3532557189464587 7.1351648569107038 7.0308299362659454 24.140469908714294 7.7654269337654105 7.7521837651729566 11.97004187107086 10.773702234029768 16.702270627021793 7.4112013578414917
leaf_count=32 25 22 36 29 20 33 30 35 20 39 50 21 36 36 31 20 23 31 21 20 20 68 22 22 34 30 48 21
internal_value=0 0.00372066 0.00254895 0.00483619 -0.00507085 0.00206284 0.0039403 0.00997269 0.014288 -0.00222324 -0.0122411 0.0191952 -0.00993606 -0.00841357 0.00234203 0.00637477 -0.0113319 -0.00519947 0.000202973 0.017318 0.00848887 0.0236129 -0.0172831 0.00893624 -0.0170312 0.0207973 -0.0215963 -0.00249043
internal_weight=308.569 214.343 199.385 154.38 45.0049 133.289 122.056 61.7078 49.3721 60.3483 30.1754 38.7334 32.0565 94.2254 19.7344 28.2918 74.491 37.7708 26.9609 14.9588 14.3841 31.2848 20.4159 14.8295 36.7202 21.0903 24.7502 14.4673
internal_count=875 606 564 436 128 377 345 174 139 171 86 109 91 269 56 80 213 108 77 42 41 88 58 42 105 59 71 41
is_linear=0
shrinkage=0.03


Tree=8
num_leaves=24
num_cat=0
split_feature=45 32 1 46 46 34 46 54 45 37 30 27 33 28 45 32 39 16 54 18 47 27 45
split_gain=43.7541 7.60857 6.44591 5.8682 5.67149 6.95321 5.66 4.43628 4.46934 3.3341 3.94625 3.38701 3.1366 2.70633 2.34045 2.15828 2.07799 2.32859 2.06293 1.61993 1.20177 0.589742 0.538254
threshold=-0.3308751119946351 0.57572356714998296 -0.40910829859084424 0.40404172088115464 -0.5267990431091224 0.36221615046632966 0.75435472994720298 -0.30799843590983988 0.074971909465789785 0.21371657531922689 1.6019014278511281 0.21916229587796701 1.0000000180025095e-35 0.19589688801536217 0.80754175083869939 1.4249767592426903 0.057345418793683253 -2.4070587990865397 -1.0630287682349773 1.148186936133692 0.68694564634147104 1.0567760207209591 0.34252430120175853
decision_type=2 2 2 2 2 2 2 2 2 2 2 2 2 2 2 2 2 2 2 2 2 2 2
left_child=1 2 3 -1 13 7 -5 -6 -9 10 11 18 -8 16 -10 19 -2 -18 -4 20 -7 -13 -19
right_child=4 -3 9 6 5 15 12 8 14 -11 -12 21 -14 -15 -16 -17 17 22 -20 -21 -22 -23 -24
leaf_value=0.026271287781715658 -0.0034975236959267591 -0.013124954450272107 0 -0.018778213968702998 -0.010214648072589856 -0.021593443100954061 0.023748265685830834 -0.0075827843259535553 0.028779516253929389 0.0016025079597851535 0.0032445073260077913 0.040047104335307004 -0.00069296536964292426 0 0.0040092320173936886 0.0022139822907237647 -0.0013551502747576336 -0.0084647799810128876 0.02342780683347687 -0.0013433438106608914 -0.0036430561923498296 0.021330690097710936 -0.023380043625658355
leaf_weight=8.7037713527679426 9.6524745225906354 6.396026909351348 5.7219155132770538 8.4931259453296679 8.6449353396892565 20.603324294090275 6.287358999252322 5.6243828237056759 10.460650414228441 6.0133738815784445 6.5958435237407675 20.901332795619968 10.672319382429121 9.2080902159214002 6.4574891626834861 6.9739055037498465 6.3175529539585105 6.0599853992462149 5.7341617643833143 7.4805904328823081 5.7793055772781363 10.382155388593672 45.475060850381851
leaf_count=30 35 23 20 31 31 75 22 20 37 21 23 72 38 33 23 25 23 22 20 27 21 36 167
internal_value=0 0.0156635 0.017969 0.00703697 -0.0101513 -0.00387127 -0.000413752 0.00650022 0.0133972 0.0242461 0.0267594 0.0300197 0.00923642 -0.0157834 0.0207472 -0.0118834 -0.0178229 -0.0199632 0.0127734 -0.0149271 -0.018284 0.0352788 -0.0220283
internal_weight=244.639 95.9014 89.5054 34.1566 148.738 72.0246 25.4528 31.1875 22.5425 55.3488 49.3354 42.7396 16.9597 76.7132 16.9181 40.8371 67.5051 57.8526 11.4561 33.8632 26.3826 31.2835 51.535
internal_count=875 336 313 121 539 259 91 111 80 192 171 148 60 280 60 148 247 212 40 123 96 108 189
is_linear=0
shrinkage=0.03


Tree=9
num_leaves=26
num_cat=0
split_feature=47 47 46 54 61 26 44 25 25 2 39 10 47 25 24 30 30 26 53 32 55 55 30 42 38
split_gain=63.6409 8.95632 7.08352 6.62991 5.24066 3.90241 4.32825 2.89942 2.45068 2.26579 2.58428 2.15781 2.32904 1.99164 1.06499 1.08521 1.381 2.28513 1.28542 1.64481 1.00299 0.912855 0.840212 0.698917 0.803276
threshold=-0.026892079264261921 0.74972232100217806 0.14751527502228287 0.61696298387527004 495.00000000000006 -0.18116266804926703 -1.7147576256623156 1.0000000180025095e-35 -0.56447975737453049 2.3101088946695252 1.3825346314628721 1.1400675322634577 -0.59917920548658621 -0.56447975737453049 -1.727019913266822 1.6019014278511281 0.96157296952065197 0.31997887565548477 -0.64627601728851192 -0.44338026336126568 0.50418429881604487 -0.076025056580228692 0.32124451119017622 0.31040912956364092 -0.51521609851310057
decision_type=2 2 2 2 2 2 2 2 2 2 2 2 2 2 2 2 2 2 2 2 2 2 2 2 2
left_child=3 2 4 11 8 7 -7 -3 -2 10 23 14 -13 -5 -1 16 17 18 -16 -20 -4 -10 -21 24 -8
right_child=1 5 20 13 -6 6 9 -9 21 -11 -12 12 -14 -15 15 -17 -18 -19 19 22 -22 -23 -24 -25 -26
leaf_value=-0.0057509623344264441 3.2308181597853606e-05 -0.006950233371771094 0.0092739298793191299 -0.0052378065361319368 0.011853070745187601 0.0024810653574993701 0.01206605294077928 0.014738618491617216 -0.0080328911230849852 0.0098829425877904852 0.010397012762636311 0.0068074066322477119 -0.01489557380910375 0.014951115325696785 -0.006241089590541482 -0.0074161117551918912 -0.025590308413664806 -0.0009954477552559821 -0.024243370636814046 -0.017687300763928063 0.026564407355266693 -0.025121122640404284 -0.0031944263864346649 0.035519516622179802 0.029218343075232203
leaf_weight=10.005095034837721 11.960299879312517 7.7674022018909481 10.291603624820711 7.3253245651721954 13.062792390584944 9.9665471017360669 10.757426947355272 12.084905952215193 9.7261034846305865 11.434247404336928 9.9602383673191053 7.348718672990799 7.2488923072814924 7.042302340269087 10.30279365181922 12.07326555252075 29.927858352661133 9.0598642230033857 32.944853395223603 6.8872757852077724 8.2647004127502424 6.9365474581718436 10.014373213052748 26.030604243278503 8.2959810793399793
leaf_count=29 34 22 29 21 37 28 30 34 28 32 28 21 21 20 30 35 87 26 96 20 23 20 29 72 23
internal_value=0 0.013319 0.00397919 -0.0138846 -0.00284967 0.0189498 0.0220338 0.00607954 -0.0100149 0.0247575 0.0273971 -0.0159309 -0.0039809 0.00475759 -0.0172549 -0.0181463 -0.0192634 -0.0159578 -0.0180351 -0.0201024 0.0186848 -0.0169641 -0.0103866 0.0305683 0.0214135
internal_weight=306.72 156.539 60.242 150.181 41.6857 96.2974 76.445 19.8523 28.623 66.4785 55.0443 135.813 14.5976 14.3676 121.215 111.21 99.137 69.2092 60.1493 49.8465 18.5563 16.6627 16.9016 45.084 19.0534
internal_count=875 440 171 435 119 269 213 56 82 185 153 394 42 41 352 323 288 201 175 145 52 48 49 125 53
is_linear=0
shrinkage=0.03


Tree=10
num_leaves=32
num_cat=0
split_feature=47 23 16 39 14 25 45 51 16 54 45 25 18 27 53 47 14 27 11 47 42 3 47 47 52 45 45 58 49 55 18
split_gain=10.2211 6.24982 3.75907 3.5286 3.1307 3.10026 4.8401 5.85048 4.73146 3.61277 3.27611 4.24084 2.94081 2.86926 2.65792 4.54179 3.44853 3.81229 2.5694 2.42762 2.1 1.98099 1.94639 4.1487 2.25343 1.78638 1.78633 1.1939 0.944831 0.657654 0.514178
threshold=0.74972232100217806 1.0000000180025095e-35 1.2998970680288926 1.3825346314628721 1.5725922515717701 -0.22779278552537258 0.72157368566488811 0.1931694170184812 1.0062466948195004 0.46853159781384457 -0.44401292073224768 1.0000000180025095e-35 -0.68735785808598782 0.49836687082563108 -0.21608087455176947 -1.0949865667465957 0.7905069315494756 1.0567760207209591 -0.1765495017759606 0.54237437253447407 0.31040912956364092 2.1097663920117751 1.2087576662646617 1.4506016077648967 0.88717736510915091 -1.2561667552305376 -0.36619224890861429 1.1174758397303621 -0.26519734538931666 0.68163533286260314 1.0763751866309954
decision_type=2 2 2 2 2 2 2 2 2 2 2 2 2 2 2 2 2 2 2 2 2 2 2 2 2 2 2 2 2 2 2
left_child=2 12 4 22 5 6 7 8 9 13 14 20 -2 -1 15 -7 17 29 -13 -8 -12 -6 24 28 -3 -18 -9 -23 -24 -16 -20
right_child=1 3 -4 -5 21 10 19 26 -10 -11 11 18 -14 -15 16 -17 25 -19 30 -21 -22 27 23 -25 -26 -27 -28 -29 -30 -31 -32
leaf_value=-0.02441147874786339 0.013174182341054835 -0.026273908341927645 -0.015484310265062305 0.0013283343686551622 -0.013670357139060375 0.01066058902044195 -0.018700215678815638 0.0076064371814472467 0.018702167041132388 0.0052351340812534491 0.012165717736202652 0.0094006062379242156 -0.0067144950323758824 0 -0.0012595603219215763 -0.018566398918835599 0.0036998669579172343 0.012743466465308211 0.037753615166014651 0.00028239823805669426 -0.0079236591978216111 -0.0058255155544782011 -0.0048628374646017391 -0.022011836023950845 -0.0061710764161163195 0.024725129779810593 0.030925668302714652 0.0092815633072728648 0.0084038440527597919 -0.01503952651809539 0.017927536175683604
leaf_weight=9.495980113744741 13.862001508474352 21.394332259893421 7.3378475606441489 12.327433347702025 11.249669671058657 7.1109926402568844 11.857297927141191 7.8007199466228485 7.4871976375579825 13.129525005817412 7.4766943454742423 13.837286025285723 10.169658929109572 7.4510731697082511 7.0491068363189715 9.1505959331989271 7.1100796163082149 11.367155641317366 7.1633990108966854 9.9110235273838025 8.1200253367423993 7.4004407525062552 9.4313601851463336 10.711962848901747 8.9824057221412641 10.7124827504158 7.1566163897514325 8.1524394750595075 6.9990901350975063 7.0160026550292969 9.9895338118076307
leaf_count=27 39 62 21 35 32 20 34 22 21 37 21 39 29 21 20 26 20 32 20 28 23 21 27 31 26 30 20 23 20 20 28
internal_value=0 -0.00818172 0.00360935 -0.0126759 0.00442074 0.00585586 0.00102824 0.00600676 -0.000357497 -0.00595521 0.00911876 0.015019 0.00462273 -0.0146708 0.00414632 -0.00562703 0.00802011 0.000487423 0.0212136 -0.0103386 0.0015782 -0.00482474 -0.0157364 -0.00874717 -0.0210878 0.0175862 0.0209303 0.00186127 0.000684177 -0.00930573 0.0288991
internal_weight=308.411 93.8782 214.533 69.8466 207.195 180.393 74.2894 52.5211 37.5638 30.0766 106.103 46.5869 24.0317 16.9471 59.5164 16.2616 43.2548 25.4323 30.9902 21.7683 15.5967 26.8025 57.5192 27.1424 30.3767 17.8226 14.9573 15.5529 16.4305 14.0651 17.1529
internal_count=875 269 606 201 585 509 210 148 106 85 299 131 68 48 168 46 122 72 87 62 44 76 166 78 88 50 42 44 47 40 48
is_linear=0
shrinkage=0.03


Tree=11
num_leaves=24
num_cat=0
split_feature=45 32 7 46 46 34 46 19 37 33 33 44 58 40 23 39 32 27 46 18 47 48 45
split_gain=41.47 7.22629 5.97624 5.54482 5.49704 6.68016 5.47494 4.38118 3.09769 2.97769 2.77664 2.61623 2.57556 4.01405 2.78013 2.1935 2.11177 2.04221 1.98286 1.58864 1.18364 0.988755 0.721348
threshold=-0.3308751119946351 0.57572356714998296 -0.39320625478306687 0.40404172088115464 -0.5267990431091224 0.36221615046632966 0.75435472994720298 0.31257061254339952 0.21371657531922689 1.0000000180025095e-35 -1.0000000180025095e-35 -1.7147576256623156 1.1174758397303621 1.0444466633134071 -0.80758050895964539 0.057345418793683253 1.4249767592426903 1.0567760207209591 1.0058043748069536 1.148186936133692 0.68694564634147104 0.84448303556673088 1.3367808367842793
decision_type=2 2 2 2 2 2 2 2 2 2 2 2 2 2 2 2 2 2 2 2 2 2 2
left_child=1 2 3 -1 11 7 -5 10 12 -8 -6 -2 13 -4 -14 -13 19 -15 -9 20 -7 -17 -23
right_child=4 -3 8 6 5 16 9 18 -10 -11 -12 15 14 17 -16 21 -18 -19 -20 -21 -22 22 -24
leaf_value=0.025367557254249572 0 -0.012985916916671609 0.040443942981632584 -0.018618315646995079 0.030975015760541937 -0.021387194436038783 0.023012209969422423 -0.010739495100721813 0.0015096204315800156 -0.00070580779451755225 0.0028759660014246184 -0.0028036592263639688 0.0028542278503272869 0.026128868369654713 0.026286139803243777 -0.0056620831260956565 0.0022393619729405923 0.0019335106795301262 0.0077549738054296536 -0.0012711177225863508 -0.0035435636717327645 -0.022616771082516599 -0.0065247927636767136
leaf_weight=8.8391964435577375 9.3301344811916334 6.3539288640022269 18.443039119243625 8.4113799631595629 6.337873637676239 20.333337873220447 6.3760119974613216 10.875914603471758 6.0287604928016654 10.676200896501539 6.754540830850603 9.3422432839870435 10.688981145620348 5.888030678033827 8.1347534358501417 6.5290696918964377 6.9683995544910422 6.9370528757572174 7.3249827325344077 7.4630631804466239 5.7584426701068869 45.288485139608383 5.3908523321151725
leaf_count=30 34 23 62 31 22 75 22 39 21 38 24 34 37 20 28 24 25 24 26 27 21 168 20
internal_value=0 0.0151383 0.0173595 0.00682621 -0.00996012 -0.00377895 -0.000440699 0.00634411 0.0233483 0.00898278 0.0186753 -0.015546 0.0257401 0.0313698 0.0144683 -0.0175902 -0.0116865 0.0150334 -0.00296807 -0.0147217 -0.0180733 -0.0197694 -0.0212568
internal_weight=244.475 96.7773 90.4234 34.3028 147.697 71.8166 25.4636 31.2933 56.1206 17.0522 13.0924 75.8808 50.0919 31.2681 18.8237 66.5507 40.5232 12.8251 18.2009 33.5548 26.0918 57.2084 50.6793
internal_count=875 336 313 121 539 259 91 111 192 60 46 280 171 106 65 246 148 44 65 123 96 212 188
is_linear=0
shrinkage=0.03


Tree=12
num_leaves=27
num_cat=0
split_feature=47 47 46 54 61 23 29 34 39 32 30 25 18 47 12 25 23 49 51 24 32 16 18 30 24 51
split_gain=60.2058 8.34793 6.72881 6.39326 5.43542 5.39769 2.66089 2.25038 2.41709 2.1199 3.23819 2.10326 2.05821 6.18005 2.04935 1.91311 1.61772 1.34648 1.2724 1.53061 1.07208 0.916334 0.866351 0.364498 1.58335 0.299957
threshold=-0.026892079264261921 0.74972232100217806 -0.012489938222121643 0.61696298387527004 495.00000000000006 1.0000000180025095e-35 -0.51837667672471832 1.6203676584776294 0.43597090812773709 0.23602229031289992 -0.13613295904587799 0.44558115817294347 1.2051180298559647 -0.41334271902736214 1.9123980958947093 -0.56447975737453049 0.32209081081737329 -0.26519734538931666 0.1931694170184812 -1.3801677402070835 0.57572356714998296 0.65568381080708005 0.64852593369869083 -0.13613295904587799 -1.0000000180025095e-35 1.0000000180025095e-35
decision_type=2 2 2 2 2 2 2 2 2 2 2 2 2 2 2 2 2 2 2 2 2 2 2 2 2 2
left_child=3 2 4 12 16 11 -4 8 -7 -10 -11 17 14 -14 18 -5 -2 -3 25 -20 -18 -16 -8 -21 -25 -1
right_child=1 5 6 15 -6 7 22 -9 9 10 -12 -13 13 -15 21 -17 20 -19 19 23 -22 -23 -24 24 -26 -27
leaf_value=-0.016021700069079336 -0.019757747159271942 0.0062709391811339877 0.0006812572001919817 -0.0051044412202943716 0.011786287365773588 0.010006299371804953 0.010257312029022645 0.0053925159663676938 0.013008533916413118 0.035010287489518399 0.0091127286410066666 0.01666068127559546 0.0091843001879568942 -0.022651494270707728 -0.011751595889657563 0.014672168453969785 0.0033996910128290259 -0.0095499168117745507 0 -0.0068605058558593732 -0.011336803300844718 0.0019019189409222512 0.029767426648404434 -0.02211586873902071 -0.0057331211091521143 -0.025512100103579176
leaf_weight=22.22827810049057 11.025186955928804 8.8734861016273534 7.8475647866725948 7.3079552054405212 11.682609707117079 12.619941234588621 7.1434054374694815 8.2304973602294904 12.293728291988371 32.245860904455178 7.2369029223918977 7.8564149141311637 10.495585203170778 8.5449197888374311 7.2906916439533216 7.0660920441150648 7.3471626043319684 7.4410665631294259 6.8911014497280112 8.1941480934619886 6.9913365840911865 6.9372459650039673 8.2498797476291639 22.112019956111904 10.000457137823107 32.250146627426147
leaf_count=65 32 25 22 21 33 35 20 23 34 89 20 22 30 25 21 20 21 21 20 24 20 20 23 65 29 95
internal_value=0 0.0128939 0.00386767 -0.0135816 -0.00395064 0.0183098 0.0160566 0.0223706 0.0242774 0.0272635 0.0309171 0.00528026 -0.015604 -0.00542155 -0.017135 0.00470727 -0.0116759 -0.000804676 -0.0186521 -0.0137841 -0.00380004 -0.00516646 0.0227834 -0.0159458 -0.017676 -0.0222801
internal_weight=306.404 157.085 60.2871 149.319 37.0463 96.7979 23.2408 72.6269 64.3964 51.7765 39.4828 24.171 134.945 19.0405 115.904 14.374 25.3637 16.3146 101.676 47.1977 14.3385 14.2279 15.3933 40.3066 32.1125 54.4784
internal_count=875 440 171 435 106 269 65 201 178 143 109 68 394 55 339 41 73 46 298 138 41 41 43 118 94 160
is_linear=0
shrinkage=0.03


Tree=13
num_leaves=34
num_cat=0
split_feature=47 16 42 46 20 18 51 50 20 47 60 37 43 18 27 18 16 35 27 27 45 4 51 54 35 25 52 39 46 29 14 24 55
split_gain=9.62824 3.60729 3.11695 3.04908 3.045 8.52839 6.56275 5.4033 4.16451 3.10414 3.04227 3.00866 4.28779 2.80346 2.63594 3.74409 2.59352 2.37211 2.36019 2.31713 2.31623 2.30381 1.97378 1.95469 1.88681 1.84038 1.65297 1.11917 1.00861 1.94522 0.880373 0.840018 0.579974
threshold=0.74972232100217806 1.2998970680288926 0.68181769436544604 -1.0359011389705495 -0.65010147178612876 0.19581424814163975 1.0000000180025095e-35 0.77040927312593077 0.92526558423841632 -1.1697628549652539 505.50000000000006 1.3323128820229104 -0.72471928701212629 1.1980541928022552 0.21916229587796701 0.51472354332042813 0.21957208384027277 0.3784675024326582 -1.4560651538080165 -0.66498552478963557 1.0538996897792994 -0.67714867259960931 1.0000000180025095e-35 -0.18487787932659031 -0.96192905368392956 -1.0000000180025095e-35 -0.45085227201323974 0.53062728046125074 0.17733432684221864 -0.17697574179342987 -0.96940976464796058 0.28472269047966009 0.35242775442087954
decision_type=2 2 2 2 2 2 2 2 2 2 2 2 2 2 2 2 2 2 2 2 2 2 2 2 2 2 2 2 2 2 2 2 2
left_child=1 4 3 18 5 26 23 8 9 16 28 12 24 22 15 -10 -6 -9 -2 27 -5 -16 -11 -7 -4 -23 -1 -20 -8 -30 -14 32 -24
right_child=2 -3 11 20 7 6 10 17 14 13 -12 -13 30 -15 21 -17 -18 -19 19 -21 -22 25 31 -25 -26 -27 -28 -29 29 -31 -32 -33 -34
leaf_value=-0.017743980783167749 -0.0089551922483686545 -0.015241774463607414 -0.0067100686662265423 -0.022771309035755648 -0.0058031863236051714 -0.012740521999050547 0.010510185525469427 0.026016633641993848 0.024684077533222472 -0.0010427920990684879 0.0038568400701747842 -0.027062179875309882 -0.025678907718332953 0.0072408265435419932 0.012071722437881734 -0.0010238730666917457 0.016735679101266176 0.0033298103260159884 0.021203214073068417 -0.0040026803877458569 -0.00081613572116130478 0.0041908111890382981 -0.026233916234825107 0.0071738139705339252 0.012282610643929335 -0.014141737460808908 0.00034375042782540567 0.0038208719796435048 0.016641858621959153 0.037251739484904935 -0.0073721919966600212 -0.006682017189307196 -0.011942490061002219
leaf_weight=8.4698718786239606 10.106929570436476 7.3015464544296256 7.9540270864963514 8.2788763940334338 7.3946146070957166 7.4162853062152863 8.52863562107086 8.9164924025535601 10.712062060832979 13.736152023077009 10.329216212034224 10.738630533218382 7.9441207647323608 7.100209414958953 7.480769187211993 7.8177893459796897 7.8459961414337158 8.8791215121746045 7.7371375858783713 9.0791834592819232 9.03060135245323 7.0615767538547578 8.0551144480705279 7.1089231967926008 7.6491234004497528 9.8575783669948525 7.1008344590663901 8.0624302923679334 15.708510041236872 11.080171436071401 6.9357984066009539 12.345489531755446 14.457859337329863
leaf_count=24 29 21 23 24 21 21 24 25 30 39 29 31 23 20 21 22 22 25 22 26 26 20 23 20 22 28 20 23 44 31 20 35 41
internal_value=0 0.00349975 -0.00795792 -0.00281003 0.00429297 0.00903976 0.0141426 0.00144608 -0.000979505 -0.00544735 0.0195993 -0.0140203 -0.00818455 -0.00873114 0.00620261 0.0142739 0.00590149 0.0161468 0.00219556 0.00720461 -0.0126145 -0.000166896 -0.0113315 -0.00286045 0.00251053 -0.00644633 -0.00983841 0.0137803 0.0236959 0.0269017 -0.0189687 -0.0150105 -0.0186251
internal_weight=308.222 214.705 93.5169 52.2952 207.403 75.7424 60.1717 131.661 113.865 70.9354 45.6465 41.2217 30.4831 55.6948 42.9298 18.5299 15.2406 17.7956 34.9857 24.8788 17.3095 24.3999 48.5946 14.5252 15.6032 16.9192 15.5707 15.7996 35.3173 26.7887 14.8799 34.8585 22.513
internal_count=875 606 269 150 585 213 169 372 322 201 128 119 88 158 121 52 43 50 100 71 50 69 138 41 45 48 44 45 99 75 43 99 64
is_linear=0
shrinkage=0.03


Tree=14
num_leaves=26
num_cat=0
split_feature=45 32 1 46 34 46 46 54 45 59 60 49 33 58 44 39 45 32 30 18 48 45 24 60 45
split_gain=39.2452 6.8615 5.57294 5.35749 6.43206 5.23088 5.29884 4.25432 4.27084 4.05764 2.88891 4.47549 2.82393 2.55735 2.52995 2.15692 2.13114 2.05897 1.82194 1.55019 1.04102 0.649616 0.316981 0.096808 0.0133873
threshold=-0.3308751119946351 0.57572356714998296 -0.40910829859084424 -0.5267990431091224 0.36221615046632966 0.40404172088115464 0.75435472994720298 -0.30799843590983988 0.074971909465789785 -0.89149283702404747 321.50000000000006 -0.26519734538931666 1.0000000180025095e-35 1.0000000180025095e-35 -1.7147576256623156 0.057345418793683253 0.80754175083869939 1.4249767592426903 0.22976901714296533 1.148186936133692 0.78216142933740984 0.35111636986115041 -0.54772252486371198 449.50000000000006 1.2883341492676272
decision_type=2 2 2 2 2 2 2 2 2 2 2 2 2 2 2 2 2 2 2 2 2 2 2 2 2
left_child=1 2 5 14 7 -1 -7 -5 -9 10 -4 -12 -8 23 -2 -16 -10 19 21 20 -6 -17 -15 -11 -23
right_child=3 -3 9 4 17 6 12 8 16 13 11 -13 -14 22 15 18 -18 -19 -20 -21 -22 24 -24 -25 -26
leaf_value=0.024451590452120187 -2.5708416322665925e-05 -0.012848664341974942 0.023536174777516908 -0.010160814396754005 -0.021114604886036427 -0.01847396978468533 0.022278362119328148 -0.0075671292545893458 0.027644597863565337 0.020389767872657758 -0.0091193604094803784 0.020718628835322748 -0.00072520414201236261 0.04452892086815767 -0.0026830824126589554 -0.0073432598701761139 0.0039651474480266822 0.0022514092477207859 -0.003348884901768775 -0.0012136135306052556 -0.0041636158101741056 -0.024059910809221024 0.020855712524572866 0.0080056615128761988 -0.010690340431674366
leaf_weight=8.9776371121406537 9.3386664390563947 6.3118677139282218 10.370099097490312 8.6225660145282763 19.785909116268162 8.3370074927806872 6.4649652540683773 5.6194148063659695 10.656826287508013 7.3893990218639392 9.493166118860243 6.1151590049266806 10.681849271059034 10.602807044982912 9.305490314960478 5.6793532669544211 6.4639399647712699 6.9655227661132804 7.0433740317821494 7.4489608705043784 5.985693931579589 38.368763625621796 6.6371188461780539 6.2475965619087219 5.3423608839511862
leaf_count=30 34 23 35 31 74 31 22 20 37 25 33 21 38 35 34 21 23 25 26 27 22 145 22 21 20
internal_value=0 0.0146226 0.016763 -0.00976513 -0.00366181 0.00659257 -0.000486089 0.00623568 0.0129444 0.0224968 0.0122606 0.00301169 0.00872063 0.0299568 -0.0153175 -0.0173516 0.0200662 -0.0114765 -0.0195346 -0.0145007 -0.0178431 -0.0215582 0.0381341 0.0164681 -0.0229675
internal_weight=244.256 97.6287 91.3168 146.627 71.5488 34.4615 25.4838 31.3627 22.7402 56.8553 25.9784 15.6083 17.1468 30.8769 75.078 65.7393 17.1208 40.1861 56.4339 33.2206 25.7716 49.3905 17.2399 13.637 43.7111
internal_count=875 336 313 539 259 121 91 111 80 192 89 54 60 103 280 246 60 148 212 123 96 186 57 46 165
is_linear=0
shrinkage=0.03


Tree=15
num_leaves=28
num_cat=0
split_feature=48 45 25 54 46 14 46 46 46 30 48 0 44 42 10 47 26 40 47 12 32 26 45 32 26 26 26
split_gain=57.7207 7.55531 6.39034 6.20436 4.11244 3.25833 2.87039 2.68543 5.3795 2.75088 2.53308 2.29543 2.2939 4.38749 2.04294 2.19454 1.95172 1.83406 1.34354 1.07997 2.15317 1.69411 0.846955 0.516438 1.17176 0.322339 0.281253
threshold=0.053373702803876912 0.20963056482259682 -0.22779278552537258 0.61696298387527004 -0.57911722124907217 -1.168219896755762 -0.2095637832604926 -0.31789440192725799 0.17733432684221864 0.046818029048543701 -0.36709530479451613 -0.66300871032005759 -0.5822714179617533 0.31040912956364092 1.1400675322634577 -0.59917920548658621 1.5415113884358176 -1.0777959470635032 1.2378024483673362 -0.41197780012261526 -0.44338026336126568 0.31997887565548477 -1.4008383528549386 -0.95293217861688972 -0.90155363712484793 -0.33776940045700216 -0.73711656809672621
decision_type=2 2 2 2 2 2 2 2 2 2 2 2 2 2 2 2 2 2 2 2 2 2 2 2 2 2 2
left_child=3 -2 7 14 5 18 -6 9 11 12 -5 -9 13 -3 19 -16 -15 -7 -4 21 22 23 -21 24 -1 26 -25
right_child=1 2 4 10 6 17 -8 8 -10 -11 -12 -13 -14 16 15 -17 -18 -19 -20 20 -22 -23 -24 25 -26 -27 -28
leaf_value=-0.018923255457878232 -0.0080204940419533518 0.0044507419867371298 -0.0066247368408618905 0.015646140570128211 -0.015786874110629411 0.0065836871013497285 0.0056629797848052176 0.0085608297893738066 0.024152739993671457 0.0066061161969061021 -0.0071554500576232428 -0.012815741933143616 0.034546200457749032 0.032172451120853159 0.0067179776890621849 -0.014390092098906659 0.0094240625256893553 0.029674928778531666 0.00983384582407878 -0.020865590019510688 0.0026999598237449798 -0.0064082474139306638 -0.0057629428342023756 -0.020641164177224218 -0.0051790826120091549 -0.028048000248206171 -0.0093986562439264641
leaf_weight=21.261608362197876 13.307684153318403 13.984442889690397 7.4820616245269793 7.4663740396499634 9.3922898173332232 7.1575584709644309 9.8785172998905164 7.5009395480155945 11.20144087076187 10.80972972512245 6.911105275154112 7.4257808327674883 19.253398239612579 16.755625128746036 7.354866236448288 7.1644987165927869 7.2127426564693442 8.6641629040241224 7.1797754168510437 9.8752192854881322 7.6244553923606864 12.742322027683256 8.9126297533512115 19.21064671874046 11.180897593498221 19.628623455762877 9.4775357544422132
leaf_count=63 38 39 21 21 27 20 28 21 31 30 20 21 53 46 21 21 20 24 20 29 22 37 26 57 33 58 28
internal_value=0 0.0126035 0.0146151 -0.0133375 0.00552055 0.0122085 -0.00488758 0.0191968 0.00975235 0.0224499 0.00466723 -0.00190756 0.0250963 0.019019 -0.0153374 -0.00369529 0.0265206 0.0210498 0.00122831 -0.0166346 -0.00977069 -0.0183255 -0.0149527 -0.0199817 -0.0148015 -0.0227891 -0.0177774
internal_weight=306.017 157.206 143.898 148.811 49.7544 30.4836 19.2708 94.1441 26.1282 68.0159 14.3775 14.9267 57.2062 37.9528 134.433 14.5194 23.9684 15.8217 14.6618 119.914 26.4123 93.5016 18.7878 80.7593 32.4425 48.3168 28.6882
internal_count=875 439 401 436 140 85 55 261 73 188 41 42 158 105 395 42 66 44 41 353 77 276 55 239 96 143 85
is_linear=0
shrinkage=0.03


Tree=16
num_leaves=28
num_cat=0
split_feature=47 23 16 39 47 1 20 51 45 37 47 9 24 60 18 19 45 47 47 52 46 16 13 48 33 24 59
split_gain=9.06078 5.83001 3.46022 3.39164 2.97999 4.19431 5.76775 8.45607 5.01778 4.16517 4.16294 5.29198 3.9398 3.12836 2.81389 2.5153 1.96631 1.87718 3.97732 2.24136 1.83824 1.49327 1.30327 1.27469 1.15929 0.986353 0.697233
threshold=0.74972232100217806 1.0000000180025095e-35 1.2998970680288926 1.3825346314628721 0.65105684330299318 -0.073395712760055853 -0.65010147178612876 1.0000000180025095e-35 0.61626821362053763 0.49336565199514765 -0.50005545997988754 -0.80113513670621705 -0.54772252486371198 449.50000000000006 -0.68735785808598782 -1.0200947897734574 -1.3312688583740229 1.2087576662646617 1.4506016077648967 0.88717736510915091 0.80525960745206171 0.71664167456831207 0.10087895459294501 0.053373702803876912 -0.22241833399737396 0.56220442892745093 -0.89149283702404747
decision_type=2 2 2 2 2 2 2 2 2 2 2 2 2 2 2 2 2 2 2 2 2 2 2 2 2 2 2
left_child=2 14 4 17 5 6 7 21 9 10 11 16 26 -13 -2 -9 -8 19 25 -3 -14 -1 -10 -12 -17 -19 -7
right_child=1 3 -4 -5 -6 12 8 15 22 -11 23 13 20 -15 -16 24 -18 18 -20 -21 -22 -23 -24 -25 -26 -27 -28
leaf_value=-0.01517582306717744 0.012943539840361576 -0.025637826679767363 -0.01500539654774203 0.001593049833567703 0.016781311221740359 -0.0074038462457933713 0.021277182499928517 0.0069577164305044377 -0.0025107122217568837 -0.015759826978042134 0.024499301635262975 -0.015605440073667723 -0.0048785117231419867 0.0042784473337596695 -0.0065148527385313366 0.012359717268056852 0.00448038807558215 -0.0059737297875020225 -0.021401267038569809 -0.0056265660397394682 0.014056635350248805 0.0022570000518902463 -0.020640690181272663 0.0068614941077519854 0.029222266899637202 0.0075032572564551463 -0.022720205599591724
leaf_weight=7.0324326753616315 13.894974768161775 21.044664889574054 7.2646051645278922 12.28104257583618 14.365424662828444 9.1649341881275159 8.1817234158515877 13.907333076000212 7.3883836865425137 7.3673290312290183 10.106380164623262 16.481594711542133 8.1276707053184492 10.277226388454435 10.134500354528425 10.710416555404661 25.336439788341526 7.6408984661102357 10.551682889461516 8.8906414508819562 7.1178437769412986 7.4601816833019257 9.0047720372676832 9.5332005321979505 18.348315179347995 8.7342193722724897 7.6990095078945187
leaf_count=20 39 62 21 35 40 26 23 39 21 21 28 47 23 29 29 30 71 22 31 26 20 21 26 27 51 25 22
internal_value=0 -0.00774008 0.00338752 -0.0121207 0.00416283 0.00307196 0.00506681 0.0125659 0.000733791 0.00369797 0.00582274 0.00165134 -0.0065397 -0.0079346 0.00460129 0.0191186 0.00948758 -0.0151502 -0.00829276 -0.0204375 0.00407089 -0.00645695 -0.0137003 0.017316 0.0241152 0.000905433 -0.0160077
internal_weight=308.048 93.1726 214.875 69.1431 207.611 193.245 161.136 57.4587 103.677 87.2839 79.9166 60.277 32.1095 26.7588 24.0295 42.9661 33.5182 56.8621 26.9268 29.9353 15.2455 14.4926 16.3932 19.6396 29.0587 16.3751 16.8639
internal_count=875 269 606 201 585 545 454 161 293 246 225 170 91 76 68 120 94 166 78 88 43 41 47 55 81 47 48
is_linear=0
shrinkage=0.03


Tree=17
num_leaves=28
num_cat=0
split_feature=45 32 46 34 7 46 46 19 59 14 33 28 33 60 58 38 58 54 32 18 47 42 13 35 45 60 38
split_gain=37.2087 6.52282 5.20662 6.16437 5.19361 4.98191 5.1248 4.10915 3.78696 2.80649 2.69432 2.68943 2.58911 2.42097 2.33952 2.19801 2.62414 2.05053 2.01242 1.50834 1.15816 1.07089 0.785363 0.312963 0.26215 0.0861996 0.0653554
threshold=-0.3308751119946351 0.57572356714998296 -0.5267990431091224 0.36221615046632966 -0.39320625478306687 0.40404172088115464 0.75435472994720298 0.31257061254339952 -0.89149283702404747 1.5816475338153451 1.0000000180025095e-35 0.19589688801536217 -1.0000000180025095e-35 362.50000000000006 1.0000000180025095e-35 -1.3177071029707348 -0.86788732730327589 -0.21474663655192169 1.4249767592426903 1.148186936133692 0.68694564634147104 -1.0000000180025095e-35 -1.5754625472137345 -1.4645777622276499 0.34252430120175853 449.50000000000006 1.1262427742411509
decision_type=2 2 2 2 2 2 2 2 2 2 2 2 2 2 2 2 2 2 2 2 2 2 2 2 2 2 2
left_child=1 4 11 7 5 -1 -7 12 9 13 -8 15 -4 -6 25 16 23 -9 19 20 -5 -19 -11 -2 -17 -10 -16
right_child=2 -3 3 18 8 6 10 17 14 22 -12 -13 -14 -15 26 24 -18 21 -20 -21 -22 -23 -24 -25 -26 -27 -28
leaf_value=0.023699923701792806 -0.021045957321089177 -0.012707162211741379 0.02965434402905107 -0.02095149967547863 0.012908540502177292 -0.018329206577319915 0.021611571343415726 -0.015901102712559363 0.019690789332599934 0.009350397491850999 -0.00077012216756197768 0 0.0026708195753849724 -0.010074487554306091 0.024677305343370249 -0.0098940158690925106 0.0024290903357697411 -0.0044090463499313675 0.0022834651284666823 -0.0011764656387271487 -0.0032655558707268121 0.011204548883587743 0.029121906574890388 -0.0064078142261626983 -0.022900322792229939 0.0077400464654968281 0.046256939774640599
leaf_weight=9.0916348993778211 7.6737031638622284 6.2683090865612021 6.4807845652103424 19.751468062400821 6.8054471313953417 8.2618089616298693 6.5463140606880215 5.7428385913372066 7.4859424233436602 6.7975002825260162 10.695628374814985 9.0224833190441114 6.7911983728408831 6.5893528461456299 10.524938136339189 6.7853165864944449 10.10500594973564 5.9347909092903164 6.9586206972599021 7.4394600391387931 5.70025810599327 6.5094877183437303 5.9956257045268995 5.3644035756588 35.324619323015213 6.2866834402084351 7.0571376383304587
leaf_count=30 29 23 22 75 23 31 22 21 25 23 38 33 24 23 34 25 37 21 25 27 21 23 20 20 136 21 23
internal_value=0 0.0141457 -0.00957912 -0.00356224 0.016211 0.00638852 -0.000534179 0.00608641 0.0217024 0.0118314 0.00845704 -0.0150916 0.0179265 0.00132362 0.0288476 -0.0171698 -0.00847562 -0.00295659 -0.0112689 -0.0142851 -0.0176153 0.00365471 0.0211201 -0.0167185 -0.0213546 0.0159245 0.0366087
internal_weight=243.991 98.4063 145.584 71.3089 92.138 34.5954 25.5038 31.4591 57.5426 26.1879 17.2419 74.2755 13.272 13.3948 31.3547 65.253 23.1431 18.1871 39.8498 32.8912 25.4517 12.4443 12.7931 13.0381 42.1099 13.7726 17.5821
internal_count=875 336 539 259 313 121 91 111 192 89 60 280 46 46 103 247 86 65 148 123 96 44 43 49 161 46 57
is_linear=0
shrinkage=0.03


Tree=18
num_leaves=25
num_cat=0
split_feature=48 45 25 54 46 18 45 46 46 46 38 42 18 48 18 47 12 49 12 24 32 20 47 32
split_gain=54.713 7.17333 6.01984 5.95709 3.90345 3.32085 2.9551 2.77461 2.50907 5.11117 3.21946 4.4777 2.79614 2.42927 1.99902 5.88975 1.95188 1.75163 0.876804 0.73984 0.615449 0.802884 0.562018 1.02449
threshold=0.053373702803876912 0.20963056482259682 -0.22779278552537258 0.61696298387527004 -0.57911722124907217 -0.54850693134614592 0.73455674070650845 -0.2095637832604926 -0.31789440192725799 0.17733432684221864 -1.3177071029707348 0.31040912956364092 0.061125455449197376 -0.36709530479451613 1.2051180298559647 -0.41334271902736214 1.9123980958947093 0.77498648972006878 2.1837163548817875 -1.727019913266822 0.57572356714998296 -1.4377849997984014 1.2087576662646617 0.9154248439870657
decision_type=2 2 2 2 2 2 2 2 2 2 2 2 2 2 2 2 2 2 2 2 2 2 2 2
left_child=3 -2 8 14 5 6 -4 -6 10 12 11 -3 -10 -5 16 -16 19 22 -18 -1 21 -21 23 -12
right_child=1 2 4 13 7 -7 -8 -9 9 -11 17 -13 -14 -15 15 -17 18 -19 -20 20 -22 -23 -24 -25
leaf_value=-0.0063904359953920343 -0.0078910203820024491 -0.0067358416543173115 -0.0098593204894047732 0.015289648320608766 -0.015561068258534382 0.023881147700275124 0.012294326252213559 0.0055405461856609774 0.010138779094202841 0.023453631982591292 0.037545576357644592 0.019931394146834574 -0.013490001399168059 -0.0070282819746808048 0.009175389736630804 -0.022026272200243412 0.0020242826973446057 0.0088927966763139524 -0.011344596112189301 -0.0077987649439322064 -0.0065665122822101563 -0.020760659511405301 0.017600751879818417 0.017216014063222592
leaf_weight=8.1137272417545301 13.277477294206617 7.491945534944537 7.467960983514792 7.4955755770206451 9.3475089669227618 11.214653909206389 11.892914414405821 9.890603691339491 7.1541754603385943 11.266160458326338 18.643757760524753 14.221287369728087 7.7674302756786346 6.8938650190830213 10.49276649951935 8.3947357535362226 6.9215959608554822 7.2447627782821646 7.2302258908748627 8.7596316337585431 6.8245134353637686 76.813568919897079 12.038156509399412 8.7037739157676679
leaf_count=24 38 21 21 21 27 31 33 28 20 31 51 39 22 20 30 25 20 20 21 26 20 229 33 24
internal_value=-2.55459e-06 0.0122203 0.0141735 -0.0130574 0.00534343 0.0118433 0.00336701 -0.00480703 0.0186079 0.00946765 0.0217458 0.010631 -0.0019045 0.00456559 -0.0150303 -0.00499845 -0.0165452 0.026304 -0.00485523 -0.0180367 -0.0188771 -0.0196599 0.0289162 0.032515
internal_weight=305.563 157.623 144.345 147.94 49.8136 30.5755 19.3609 19.2381 94.5315 26.1878 68.3437 21.7132 14.9216 14.3894 133.551 18.8875 114.663 46.6305 14.1518 100.511 92.3977 85.5732 39.3857 27.3475
internal_count=875 439 401 436 140 85 54 55 261 73 188 60 42 41 395 55 340 128 41 299 275 255 108 75
is_linear=0
shrinkage=0.03


Tree=19
num_leaves=29
num_cat=0
split_feature=47 23 16 39 47 1 20 51 45 37 47 14 24 60 14 57 60 46 44 47 47 46 23 15 24 26 3 14
split_gain=8.53432 5.55374 3.30907 3.29032 2.88348 4.01035 5.49061 8.11583 4.80164 4.02565 3.9643 4.61539 3.81403 2.8995 2.57566 2.17265 2.15147 2.17152 1.91697 1.84073 3.85898 1.76094 1.66501 1.25499 0.95478 0.901037 0.7701 0.506636
threshold=0.74972232100217806 1.0000000180025095e-35 1.2998970680288926 1.3825346314628721 0.65105684330299318 -0.073395712760055853 -0.65010147178612876 1.0000000180025095e-35 0.61626821362053763 0.49336565199514765 -0.51049827959170957 0.72528252129757143 -0.54772252486371198 449.50000000000006 -1.168219896755762 -1.0000000180025095e-35 505.50000000000006 0.17733432684221864 0.40249919743004015 1.2087576662646617 1.4506016077648967 0.80525960745206171 1.0000000180025095e-35 0.10087895459294501 0.56220442892745093 0.71932604329520911 2.2711928271859105 0.21883489793910096
decision_type=2 2 2 2 2 2 2 2 2 2 2 2 2 2 2 2 2 2 2 2 2 2 2 2 2 2 2 2
left_child=2 14 4 19 5 6 7 18 9 10 11 13 26 -8 -2 -13 17 -9 -1 25 24 -14 -12 -10 -21 -3 -7 -19
right_child=1 3 -4 -5 -6 12 8 16 23 -11 22 15 21 -15 -16 -17 -18 27 -20 20 -22 -23 -24 -25 -26 -27 -28 -29
leaf_value=-0.015939352884471548 0.01458896148462087 -0.025609575387293547 -0.014747497543225803 0.0016619321213106862 0.016428845681250408 -0.021338376841448518 -0.015059555307394125 0.0053648729464732502 -0.0024768409635745124 -0.01558381483070651 0.024790902398322642 0.017096991646566594 -0.0047872303201059382 0.0041481565840460408 -0.0039124147558571801 0.0014979646468691375 0.0041677419140774014 0.018302048065815684 0.0038402270883431833 -0.0057930625308459053 -0.021036798080700778 0.013731067866783891 0.0059900512386508228 -0.020322332174965631 0.0074668585065189481 -0.011514824394199003 -0.0056050584432181727 0.033933551911040798
leaf_weight=7.3916924595832807 10.749365150928499 15.813752412796022 7.2234393060207358 12.268664836883543 14.411482632160185 9.4259800314903277 16.067235171794895 7.4837175905704489 7.3808432519435909 7.341321349143981 10.077243566513063 14.313776671886439 8.1139754354953748 10.292741090059279 13.303717017173765 18.916020005941395 9.3143356144428235 16.170662432909015 7.0902497470378876 7.6153094768524232 10.44873461127281 7.1437000334262839 10.353191256523131 8.9366180002689344 8.7383939921855909 13.866431951522825 7.3709014952182761 10.176430046558378
leaf_count=21 30 47 21 35 40 27 46 21 21 21 28 40 23 29 38 53 26 45 20 22 31 20 29 26 25 41 21 28
internal_value=0 -0.00753295 0.00328029 -0.0118315 0.00403693 0.00296319 0.00491144 0.0122137 0.000679328 0.00357347 0.00565903 0.00149475 -0.00644329 -0.00752465 0.00449211 0.00883825 0.0186112 0.0220722 -0.00642846 -0.0148331 -0.00804595 0.00397805 0.0165985 -0.0134751 0.000988203 -0.0200877 -0.0157876 0.0260577
internal_weight=307.8 92.8044 214.996 68.7513 207.772 193.361 161.306 57.6271 103.679 87.3615 80.0202 59.5898 32.0546 26.36 24.0531 33.2298 43.1451 33.8308 14.4819 56.4826 26.8024 15.2577 20.4304 16.3175 16.3537 29.6802 16.7969 26.3471
internal_count=875 269 606 201 585 545 454 161 293 246 225 168 91 75 68 93 120 94 41 166 78 43 57 47 47 88 48 73
is_linear=0
shrinkage=0.03


Tree=20
num_leaves=26
num_cat=0
split_feature=45 26 46 34 54 45 12 47 18 46 46 28 38 28 38 58 45 55 55 54 60 54 27 35 45
split_gain=35.3807 6.27558 5.05009 5.92805 3.9937 4.03362 3.91982 3.0942 3.2656 4.63905 5.52739 3.65192 2.76567 2.62537 2.16735 2.56657 1.96662 1.76564 1.61716 1.73613 1.54917 2.60093 1.01388 0.310836 0.258984
threshold=-0.3308751119946351 0.13205079676620279 -0.5267990431091224 0.36221615046632966 -0.30799843590983988 0.074971909465789785 1.941526440373621 -1.5351939375658448 0.28622923731092803 0.40404172088115464 0.64929312058372934 1.5198652995507203 0.74323570393182536 0.19589688801536217 -1.3177071029707348 -0.86788732730327589 0.80754175083869939 0.84607215850768358 -0.27621207791667762 1.4211583888502071 430.50000000000006 -1.0630287682349773 1.0567760207209591 -1.4645777622276499 0.34252430120175853
decision_type=2 2 2 2 2 2 2 2 2 2 2 2 2 2 2 2 2 2 2 2 2 2 2 2 2
left_child=1 6 13 4 -4 -6 7 -1 11 -10 -11 20 -3 14 15 23 -7 -12 -5 22 -9 -22 -20 -2 -16
right_child=2 12 3 18 5 16 -8 8 9 10 17 -13 -14 -15 24 -17 -18 -19 19 -21 21 -23 -24 -25 -26
leaf_value=0 -0.020852666682385581 -0.013592776776468704 -0.010004391457126558 0 -0.0075471459526105468 0.026428501390871193 0 0.040149724432215005 0.028863205904215324 -0.019371738331367041 0.019730032838843361 0.0038606607112256033 0.010351123820816816 0 -0.0097449567497350682 0.0024516059632837825 0.0037594092555554193 0 -0.0207926717544024 4.7317354010322563e-05 0.0076957796362521818 0.032294602581774683 -0.003981258670700363 -0.0062755410235964182 -0.022689954036750493
leaf_weight=6.5953744649887076 7.560126781463623 8.9287175536155683 8.5611423850059527 9.1647434234619123 5.612566918134692 10.869451940059664 10.24758470058441 13.938672304153441 8.6136953532695788 5.3070732355117824 9.416292726993559 6.2876967191696158 5.8169352710247031 9.0134426355361921 6.7411254346370688 10.098262012004851 6.4988722503185263 5.7374093234539023 18.979937255382545 5.461022049188613 9.6451227366924233 8.5495897829532677 5.9408274292945853 5.3345739543437976 34.726904854178429
leaf_count=22 29 32 31 34 20 37 36 45 28 20 32 21 20 33 25 37 23 20 72 20 32 28 22 20 136
internal_value=4.10331e-06 0.0137205 -0.00940047 -0.00347533 0.00595127 0.0123892 0.0168466 0.0192081 0.0210851 0.0121191 0.0033069 0.0270093 -0.00369433 -0.0148689 -0.0169446 -0.00830378 0.0192374 0.0126391 -0.0110828 -0.0142755 0.0309864 0.0211386 -0.0174657 -0.0165213 -0.0211389
internal_weight=243.647 99.0842 144.563 71.0886 31.542 22.9809 84.3385 74.0909 67.4956 29.0745 20.4608 38.4211 14.7457 73.4744 64.461 22.993 17.3683 15.1537 39.5465 30.3818 32.1334 18.1947 24.9208 12.8947 41.468
internal_count=875 336 539 259 111 80 284 248 226 100 72 126 52 280 247 86 60 52 148 114 105 60 94 49 161
is_linear=0
shrinkage=0.03


Tree=21
num_leaves=27
num_cat=0
split_feature=48 48 54 33 23 44 12 37 48 48 33 10 47 53 39 47 24 43 40 24 30 30 26 53 32 30
split_gain=51.8142 6.69605 5.6975 4.80696 4.50737 4.08851 3.51199 3.13671 3.2078 2.33591 2.07279 1.94664 2.07928 1.69727 3.43822 1.88795 1.74129 1.74623 1.16987 1.0758 1.12494 1.42414 2.14378 1.3581 1.55429 0.957022
threshold=0.053373702803876912 0.84448303556673088 0.61696298387527004 0.15240964666954621 1.0000000180025095e-35 -0.5822714179617533 -0.53313030916060056 1.0000000180025095e-35 0.68022620615477092 -0.36709530479451613 -0.39279468884597418 1.1400675322634577 -0.59917920548658621 -0.21608087455176947 0.43597090812773709 1.3821782815005961 0.56220442892745093 -0.44284224916846998 -1.2371918512763611 -1.727019913266822 1.6019014278511281 0.96157296952065197 0.31997887565548477 -0.64627601728851192 -0.44338026336126568 0.32124451119017622
decision_type=2 2 2 2 2 2 2 2 2 2 2 2 2 2 2 2 2 2 2 2 2 2 2 2 2 2
left_child=2 3 11 5 10 -2 -7 8 -8 -4 -3 19 -13 14 -6 -16 -15 -18 -12 -1 21 22 23 -21 -25 -26
right_child=1 4 9 -5 13 6 7 -9 -10 -11 18 12 -14 16 15 -17 17 -19 -20 20 -22 -23 -24 24 25 -27
leaf_value=-0.0046397258036822066 -0.0076275864438937087 -0.0061496013815232576 0.014933847053928261 -0.012808970949132571 0.005297186685948938 0.025932795642347045 0.0077406227091083328 0.019564019941204082 -0.015441453368607607 -0.0069376879696537537 0.018408917939794218 0.006735558414247755 -0.013867817717165403 0.020886699141217983 0.03371823296947854 0.015263421435865072 -0.0038115839687717589 0.014430011979674242 0.0011901130079431433 -0.0049084509645019887 -0.006200938045585116 -0.02439096652957707 -0.0002817488740103687 -0.022980826387764986 -0.017064161303940249 -0.0020750117484054243
leaf_weight=9.7941232323646528 10.518202751874922 8.5214710533618945 7.524185985326767 11.049804866313933 8.733872324228285 10.81066614389419 12.813531637191781 8.5081932544708234 7.057369500398635 6.8804322183132154 7.5123700201511383 7.3474622666835785 7.069832891225813 12.130059063434603 23.912714779376984 13.179107278585432 8.3407142758369428 7.3304841518402091 7.5579901635646802 10.033303529024115 11.790878504514692 28.966458857059479 8.9473850131034833 31.840674072504033 7.0153704881668295 9.809550464153288
leaf_count=29 30 24 21 32 24 30 36 24 20 20 21 21 21 33 65 36 23 20 21 30 35 87 26 96 21 29
internal_value=-3.23222e-06 0.0118518 -0.0127732 0.00377925 0.016702 0.00785108 0.0122809 0.0058388 -0.000717919 0.00444053 0.00458555 -0.0147165 -0.00334556 0.0203354 0.0242392 0.0281647 0.0127845 0.00488698 0.011025 -0.015994 -0.016888 -0.0180163 -0.01473 -0.0167708 -0.0188769 -0.00953756
internal_weight=304.996 157.977 147.02 60.7578 97.2188 49.708 39.1898 28.3791 19.8709 14.4046 23.5918 132.615 14.4173 73.627 45.8257 37.0918 27.8013 15.6712 15.0704 118.198 108.404 96.6127 67.6463 58.6989 48.6656 16.8249
internal_count=875 439 436 172 267 140 110 80 56 41 66 395 42 201 125 101 76 43 42 353 324 289 202 176 146 50
is_linear=0
shrinkage=0.03


Tree=22
num_leaves=29
num_cat=0
split_feature=47 23 39 16 47 1 48 48 6 50 46 46 46 59 60 24 27 28 42 18 47 47 52 46 49 24 3 3
split_gain=8.05911 5.29933 3.19016 3.17375 2.79275 3.83269 4.06301 5.46809 3.83695 4.27301 4.05229 4.15486 3.75261 3.96424 3.717 3.70415 3.14119 3.69752 2.82991 2.58904 1.77554 3.7505 2.18869 1.67613 1.2731 0.928842 0.736975 0.338799
threshold=0.74972232100217806 1.0000000180025095e-35 1.3825346314628721 1.2998970680288926 0.65105684330299318 -0.073395712760055853 0.053373702803876912 -0.34062853513704444 0.63876709386574027 -0.26867837848900472 0.45088665535807798 0.69041963858246957 0.12086592240083195 0.21785473215733422 430.50000000000006 -0.54772252486371198 1.0567760207209591 0.46069057032243393 -0.24670371763906643 -0.68735785808598782 1.2087576662646617 1.4506016077648967 0.88717736510915091 0.80525960745206171 -0.26519734538931666 0.56220442892745093 2.2711928271859105 -0.47305657077439095
decision_type=2 2 2 2 2 2 2 2 2 2 2 2 2 2 2 2 2 2 2 2 2 2 2 2 2 2 2 2
left_child=3 19 20 4 5 6 7 8 9 16 -10 -12 13 -8 -13 26 17 -1 -11 -2 22 25 -3 -17 -9 -22 -7 -14
right_child=1 2 -4 -5 -6 15 12 24 10 18 11 14 27 -15 -16 23 -18 -19 -20 -21 21 -23 -24 -25 -26 -27 -28 -29
leaf_value=0.0074742835245288405 0.012356454504912887 -0.02491698063150698 0.0017127315579973862 -0.014510840710256106 0.016100808910239711 -0.021043455101332275 -0.0094657638701213572 0.010171523950731011 -0.0069701012846769854 -0.0016565049225028459 0.032479247491010853 0.018437637124140475 -0.020704849996393149 0.013993538314029845 -0.00044589454260899404 -0.0046474786398460945 0.015795339588386741 -0.015519598954693915 -0.025614355962845139 -0.006296004302822825 -0.0056722704072510975 -0.020733637917651104 -0.0051314094497521895 0.013407837267736519 0.029048035874694556 0.0074062376792312099 -0.0055603024608820535 -0.0068415510710160944
leaf_weight=13.805745810270311 13.978277653455736 20.59989216923714 12.25925090909004 7.1838030219078055 14.452326536178587 9.3657450377941185 10.187810450792314 9.7651692032814044 8.8512856960296613 10.979888588190081 7.666570007801055 16.150624364614487 6.7817053198814392 12.843878716230391 18.601582169532776 8.0936940014362317 12.8877777159214 9.0964729487895948 7.0120087265968314 10.095056056976317 7.5973602235317292 10.359482347965239 8.8036281168460828 7.168560951948165 9.9419960975646955 8.7451941072940809 7.3651117384433737 6.8626675605773908
leaf_count=39 39 62 35 21 40 27 29 27 25 31 21 45 20 36 52 23 36 26 20 29 22 31 26 20 27 25 21 20
internal_value=0 -0.00733812 -0.0115592 0.00318351 0.00392321 0.00286566 0.00476818 0.00734602 0.00439739 -0.00111241 0.0101582 0.0139848 -0.00378765 0.00342771 0.00856424 -0.00633878 0.00475211 -0.00180531 -0.0125541 0.0043895 -0.0145324 -0.0078581 -0.0197238 0.00391595 0.0213584 0.00102427 -0.015575 -0.0154965
internal_weight=307.503 92.4381 68.3648 215.064 207.881 193.428 161.435 124.759 105.052 53.7819 51.2701 42.4188 36.6761 23.0317 34.7522 31.9931 35.79 22.9022 17.9919 24.0733 56.1056 26.702 29.4035 15.2623 19.7072 16.3426 16.7309 13.6444
internal_count=875 269 201 606 585 545 454 349 295 152 143 118 105 65 97 91 101 65 51 68 166 78 88 43 54 47 48 40
is_linear=0
shrinkage=0.03


Tree=23
num_leaves=27
num_cat=0
split_feature=45 26 46 34 19 12 47 18 46 46 28 38 28 33 38 12 54 54 60 54 28 54 29 42 12 45
split_gain=33.5451 5.93091 4.89541 5.69561 3.84888 3.65786 2.93307 3.0174 4.39952 5.31036 3.4276 2.68289 2.58268 2.40421 2.123 2.02413 1.92294 1.44157 1.36852 1.69336 1.35878 1.08481 1.17858 1.02992 0.622681 0.260723
threshold=-0.3308751119946351 0.13205079676620279 -0.5267990431091224 0.36221615046632966 0.31257061254339952 1.941526440373621 -1.5351939375658448 0.28622923731092803 0.40404172088115464 0.64929312058372934 1.5198652995507203 0.74323570393182536 0.19589688801536217 -1.0000000180025095e-35 -1.3177071029707348 -0.29588650591972765 -0.21474663655192169 1.4211583888502071 449.50000000000006 -1.2316609867376191 0.19589688801536217 0.22626041822113374 -0.51837667672471832 -1.0000000180025095e-35 -0.57033547548257668 0.34252430120175853
decision_type=2 2 2 2 2 2 2 2 2 2 2 2 2 2 2 2 2 2 2 2 2 2 2 2 2 2
left_child=1 5 12 4 13 6 -1 10 -9 -10 18 -3 14 -4 15 24 -6 21 -8 -20 -11 -5 -23 -18 -2 -16
right_child=2 11 3 17 16 -7 7 8 9 20 -12 -13 -14 -15 25 -17 23 -19 19 -21 -22 22 -24 -25 -26 -27
leaf_value=0 -0.0028905741096354738 -0.013466738213689275 0.028339017631047719 -0.00068881860983311467 -0.015613712580987614 0 0.037613622702208221 0.02791778303491434 -0.019222002158207033 0.0019046072231965908 0.0036397824626470858 0.010105825745282295 0 0.0024724955719023392 -0.0095682294026757757 0.0047385650707740907 -0.0045023702195126905 0.0012310385435742937 0.0043253000724601783 0.026374393038176604 0.020393883384462373 -0.0051054045106962648 -0.020339142192505568 0.010766637501453884 -0.01746826633760365 -0.02248246353672357
leaf_weight=6.6120066046714774 5.6182163655757948 8.8768604397773725 6.6242709457874298 6.1703045070171347 5.6483696699142483 10.241049528121946 15.794437557458876 8.7389132380485552 5.2478937655687359 7.9010206162929517 6.3227705359458914 5.8499889075756064 8.9860520362853986 6.8260589241981524 6.6884165704250327 6.3961093574762335 5.9502489268779781 6.2596249282360068 6.105496376752849 10.728902578353887 7.3785251677036285 9.2762114256620425 17.539644539356232 6.5753673315048173 10.85561491549015 34.128413259983063
leaf_count=22 21 32 22 23 21 36 50 28 20 27 21 20 33 24 25 24 21 23 20 35 25 35 67 23 41 136
internal_value=3.61533e-06 0.0132749 -0.00922368 -0.00339076 0.00581471 0.0162893 0.0185491 0.0203609 0.0117373 0.00314448 0.0260164 -0.00366459 -0.0146474 0.0171782 -0.0167266 -0.00816541 -0.00295882 -0.0108968 0.0298262 0.019713 0.0122156 -0.0133256 -0.015831 0.00337959 -0.0134867 -0.0209222
internal_weight=243.341 99.7979 143.543 70.8701 31.6243 85.071 74.83 68.218 29.2664 20.5274 38.9516 14.7268 72.6728 13.4503 63.6868 22.8699 18.174 39.2458 32.6288 16.8344 15.2795 32.9862 26.8159 12.5256 16.4738 40.8168
internal_count=875 336 539 259 111 284 248 226 100 72 126 52 280 46 247 86 65 148 105 55 52 125 102 44 62 161
is_linear=0
shrinkage=0.03


Tree=24
num_leaves=28
num_cat=0
split_feature=48 45 26 54 46 20 43 12 48 54 10 47 17 40 26 38 32 54 12 16 1 45 33 20 36 12 54
split_gain=49.0662 6.60012 5.50175 5.48672 4.32221 4.87735 3.55202 2.3264 2.21287 2.11502 1.8872 2.0028 1.71098 1.68992 1.5422 1.6697 3.31557 1.23679 1.09062 2.18893 2.36612 1.19686 1.10254 0.842995 1.02946 0.663464 0.112233
threshold=0.053373702803876912 0.20963056482259682 -0.33776940045700216 0.61696298387527004 -0.5267990431091224 -0.91266264779021966 -0.2079447176320896 -0.64053200557599177 -0.36709530479451613 -0.22917499951273121 1.1400675322634577 -0.59917920548658621 -0.58090927229231237 1.0000000180025095e-35 -0.055877282123079151 -1.3177071029707348 0.9154248439870657 0.72067386979909398 -0.60241998861063639 0.32426855206007849 -0.59687974490298046 -1.0409245568605456 1.231459894044014 -0.91266264779021966 0.52556914710425151 -0.44436094633652856 1.2774731892598667
decision_type=2 2 2 2 2 2 2 2 2 2 2 2 2 2 2 2 2 2 2 2 2 2 2 2 2 2 2
left_child=3 -2 9 10 7 12 -7 -4 -5 -3 18 -12 -6 -8 -9 17 -17 -16 22 23 21 -21 -1 24 -20 -23 -18
right_child=1 2 4 8 5 6 13 14 -10 -11 11 -13 -14 -15 15 16 26 -19 19 20 -22 25 -24 -25 -26 -27 -28
leaf_value=-0.02442596644080923 -0.0078025866452333843 0.0065397542502418421 0.0061451840502142882 0.014560832061186456 0.0031651843422985933 0.0011882831999157593 0.0080535953263511043 0.0090200301827639568 -0.0067237480335717971 -0.012855297712783497 0.0066459809891472668 -0.013597578721839917 -0.015657426605099396 0.03017098933467521 0.0019744420944970628 0.035070097050908841 0.019465970218802944 0.019552670507072878 0 -0.0024400837897386894 0.0077828233453809221 -0.0057627672034796197 -0.0077304829959440879 -0.019866320847728623 -0.015271854681232124 -0.021801730621991072 0.0090019602114577938
leaf_weight=24.477506339550018 13.248690903186796 9.5651917755603808 12.784008175134657 7.5532453656196594 7.1400517821311951 12.837291628122331 7.5213624536991146 11.499435693025587 6.8495016098022443 7.6545709967613211 7.3547365963459015 7.0198066830635053 7.0650293231010419 9.8553282320499402 7.2503127753734544 23.638626933097846 9.1832528114318865 9.1887088119983655 7.011144131422042 12.128656268119812 6.6666778922080985 6.7077379524707785 7.5974444746971121 36.704588413238525 8.2324939668178541 7.7970526516437539 9.8578841984271985
leaf_count=74 38 27 35 21 20 36 21 32 20 22 21 21 20 27 20 64 25 25 21 36 20 20 23 111 25 23 27
internal_value=-8.38391e-06 0.0114917 0.0133569 -0.0124987 0.0154859 0.00735062 0.0140094 0.0195415 0.00438181 -0.00210051 -0.0144184 -0.00321271 -0.00641569 0.0223162 0.0217052 0.0237894 0.0272482 0.0129477 -0.015683 -0.0132181 -0.00648522 -0.0104945 -0.0211721 -0.0171187 -0.00895728 -0.0159947 0.0153937
internal_weight=304.39 158.29 145.041 146.101 127.821 44.4191 30.214 83.4022 14.4027 17.2198 131.698 14.3745 14.2051 17.3767 70.6182 59.1188 42.6798 16.439 117.323 85.2484 33.3001 26.6334 32.075 51.9482 15.2436 14.5048 19.0411
internal_count=875 439 401 436 352 124 84 228 41 49 395 42 40 48 193 161 116 45 353 256 99 79 97 157 46 43 52
is_linear=0
shrinkage=0.03


Tree=25
num_leaves=31
num_cat=0
split_feature=47 23 39 16 48 48 48 25 33 38 18 60 20 28 60 45 55 55 18 25 28 47 47 54 38 49 12 24 32 55
split_gain=7.56965 5.02363 3.09707 3.03852 2.6615 3.51461 6.86646 4.44691 4.12103 3.68425 5.12539 4.01846 3.34773 3.03217 4.38801 2.5445 2.50064 2.92953 2.48809 1.97961 1.80394 1.72431 3.66942 1.7204 1.49598 1.21005 1.15812 0.887241 0.599829 0.034521
threshold=0.74972232100217806 1.0000000180025095e-35 1.3825346314628721 1.2998970680288926 0.74381148675418995 0.053373702803876912 -0.34062853513704444 1.0000000180025095e-35 -0.86984848242205459 -0.24163961972072553 0.27095206141107359 449.50000000000006 -0.65010147178612876 0.19589688801536217 321.50000000000006 -1.2106692228820195 0.1821278351278551 0.79186028755367321 -0.68735785808598782 -0.56447975737453049 0.92407951435980906 1.2087576662646617 1.4506016077648967 -0.070192889405554779 0.74323570393182536 -0.26519734538931666 -0.59554631589365192 0.56220442892745093 0.9154248439870657 0.50418429881604487
decision_type=2 2 2 2 2 2 2 2 2 2 2 2 2 2 2 2 2 2 2 2 2 2 2 2 2 2 2 2 2 2
left_child=3 18 21 4 5 6 9 8 -7 -1 11 12 -11 16 -15 -13 -12 -18 -2 -6 -14 28 27 -9 -17 -8 -16 -23 -3 -10
right_child=1 2 -4 -5 19 7 25 23 29 10 13 15 20 14 26 24 17 -19 -20 -21 -22 22 -24 -25 -26 -27 -28 -29 -30 -31
leaf_value=-0.014019954397569062 0.012061111159546724 -0.022287599801011724 0.0017976346323140869 -0.014272158744620608 0.0030082550730783906 0.0017025493806476285 0.0098908319073593379 -0.0019331856092117596 -0.012396147975177544 0.0027747687378828103 0.02839237981095534 0.014233345594840036 -0.023069754336295323 0.01609387242525737 0.0029820882775118962 -0.011775025729153977 -0.0025853494863079642 0.020561513913568467 -0.0062161160755227892 0.025372940858431607 -0.0031866729612431569 -0.0054308096275404848 -0.020438658241114207 0.016650195528167603 0.0056284863538971332 0.028287247911899058 -0.01096949026764053 0.0073510206016580929 -0.0082296326878511083 -0.025155015094153878
leaf_weight=9.8165410757064802 14.019174933433534 21.426555335521702 12.243566393852232 7.1433756351470938 7.9312847256660461 12.233195364475248 9.7906917631626147 7.1089161038398743 9.2865607738494926 11.650834143161772 10.194576084613802 13.974724590778353 12.399553030729299 12.629531592130663 7.1669797301292446 7.0371171534061414 9.2468626201152819 7.5921643376350394 10.080306410789488 7.2871349155902845 7.6963039934635153 7.5633881390094819 10.270243495702742 7.8422079682350141 7.4655077159404755 9.9862239062786085 11.812515288591383 8.7515310943126661 7.684973180294036 7.8182149529457083
leaf_count=28 39 65 35 21 22 35 27 20 27 33 28 39 36 35 20 20 26 21 29 20 22 22 31 22 21 27 33 25 23 23
internal_value=0 -0.0071317 -0.0112657 0.00308022 0.00380283 0.00274514 0.00496842 -0.00449503 -0.0111788 0.00227738 0.00383108 -0.00222409 -0.00942874 0.0100497 0.00323818 0.00567744 0.0172148 0.00835182 0.00426548 0.0153918 -0.016483 -0.0142141 -0.007635 0.0080789 -0.00275346 0.0208013 -0.00557562 0.00113038 -0.0193576 -0.0201084
internal_weight=307.151 92.0397 67.9403 215.111 207.968 192.749 148.46 44.2891 29.338 128.683 118.867 60.224 31.7467 58.6426 31.609 28.4773 27.0336 16.839 24.0995 15.2184 20.0959 55.6967 26.5852 14.9511 14.5026 19.7769 18.9795 16.3149 29.1115 17.1048
internal_count=875 269 201 606 585 543 416 127 85 362 334 171 91 163 88 80 75 47 68 42 58 166 78 42 41 54 53 47 88 50
is_linear=0
shrinkage=0.03


Tree=26
num_leaves=27
num_cat=0
split_feature=45 32 46 52 1 46 46 59 33 60 40 39 33 59 33 28 58 38 58 54 30 35 35 45 18 60
split_gain=31.8406 5.80753 4.77062 4.32796 4.19074 4.15303 4.75507 3.51164 3.09219 3.80679 4.55661 3.02351 2.73981 3.56941 2.55817 2.53457 2.13731 2.09893 2.50898 1.56312 1.06046 0.624837 0.324933 0.256761 0.133908 0.0834768
threshold=-0.3308751119946351 0.57572356714998296 -0.5267990431091224 -0.45085227201323974 -0.40910829859084424 0.40404172088115464 0.75435472994720298 -0.89149283702404747 -0.39279468884597418 449.50000000000006 0.10173374411164646 0.53062728046125074 1.4472699435189076 -1.2612753600845079 1.0000000180025095e-35 0.19589688801536217 1.0000000180025095e-35 -1.3177071029707348 -0.86788732730327589 1.4323611322952352 0.82435972844983585 0.86914838458248078 -1.4645777622276499 0.34252430120175853 1.1458087843376152 449.50000000000006
decision_type=2 2 2 2 2 2 2 2 2 2 2 2 2 2 2 2 2 2 2 2 2 2 2 2 2 2
left_child=1 4 15 11 5 -1 -7 12 19 10 -10 -4 13 -6 -8 17 25 18 22 20 -5 -18 -2 -19 -12 -9
right_child=2 -3 3 8 7 6 14 16 9 -11 24 -13 -14 -15 -16 -17 21 23 -20 -21 -22 -23 -24 -25 -26 -27
leaf_value=0.021380376426833412 -0.020602089862101419 -0.012531146220804939 -0.0021872719954802024 -0.020363062720948108 0.013578563397300467 -0.017916274759480485 0.020770013133804444 0.017773829936236142 0.011083334868672919 0.019411168194609276 -0.020593435809747176 0.022684762285996789 0.021634643408111522 -0.011951989226626887 -0.00091921038939297723 0 0.021391387920975516 -0.0094390398573266747 0.0026072217129233734 0.00017904962005579444 -0.0046144829400273013 0.04326948956326096 -0.0059718808992534744 -0.022291828916524817 -0.0073626300848628669 0.0068300384888286998
leaf_weight=9.4432565569877607 7.4091750383377075 6.2104738354682913 7.760998383164404 17.538330718874938 9.4570743739604968 8.0417361408472079 6.6479954719543484 7.7423771023750287 7.3222537636756959 5.7084344029426566 6.6810896992683393 7.0577608793973923 10.09457018971443 7.3644025027751949 10.739415377378462 8.9672358334064466 10.555027067661287 6.6491900980472556 10.052432775497435 5.4369247853755942 7.5400746762752524 7.7227444350719443 5.2663779556751269 33.566775634884834 5.5643760859966278 6.4200552701950073
leaf_count=30 29 23 28 67 31 31 22 25 26 20 25 25 33 25 38 33 33 25 37 20 28 24 20 136 20 21
internal_value=1.00324e-05 0.0128642 -0.00904664 -0.0032875 0.0147708 0.00591113 -0.000481597 0.0196033 -0.00717274 0.000418843 -0.00582451 0.0102872 0.010335 0.00201043 0.00804681 -0.0144371 0.0263199 -0.0165176 -0.00800049 -0.0133733 -0.0163815 0.0335193 -0.016222 -0.0207264 -0.0164774 0.0143252
internal_weight=242.961 100.439 142.521 70.6102 94.2287 34.8724 25.4291 59.3563 55.7915 25.2762 19.5677 14.8188 26.916 16.8215 17.3874 71.9112 32.4402 62.944 22.728 30.5153 25.0784 18.2778 12.6756 40.216 12.2455 14.1624
internal_count=875 336 539 259 313 121 91 192 206 91 71 53 89 56 60 280 103 247 86 115 95 57 49 161 45 46
is_linear=0
shrinkage=0.03


Tree=27
num_leaves=25
num_cat=0
split_feature=47 45 26 26 46 12 20 47 9 44 12 26 24 34 26 23 16 47 51 47 17 36 30 27
split_gain=45.9698 6.22562 5.60601 4.10779 4.07338 4.74363 5.34582 3.38594 3.65973 2.93224 2.80697 2.58881 2.57843 2.20883 1.86911 1.37668 1.28393 2.0745 1.39832 1.36958 1.1689 1.05197 0.856905 0.849195
threshold=-0.026892079264261921 0.20963056482259682 -0.33776940045700216 0.31997887565548477 -0.5267990431091224 -0.58076093462998857 -0.91266264779021966 -0.32087565156196712 -0.62428618444423212 -1.7147576256623156 -0.41197780012261526 0.97772715176797176 -0.33961122102786895 -0.45831744171495253 -0.73711656809672621 1.0000000180025095e-35 1.0185532597862939 -0.65874241456369631 0.1931694170184812 -1.3941049218123436 -1.3511173303150106 0.86012748417561868 0.046818029048543701 0.21916229587796701
decision_type=2 2 2 2 2 2 2 2 2 2 2 2 2 2 2 2 2 2 2 2 2 2 2 2
left_child=3 -2 14 10 9 -6 -7 8 -5 -4 16 -8 13 23 -3 -11 18 -18 -1 -20 -17 -21 -22 -12
right_child=1 2 4 7 5 6 11 -9 -10 15 12 -13 -14 -15 -16 20 17 -19 19 21 22 -23 -24 -25
leaf_value=-0.02408953775491671 -0.0076904046900518035 0.0071895403020096858 0.0032495482221663206 -0.0080395839367946934 0.022080765513838901 -0.016525243109955484 0 -0.017104143852900502 0.016408471863532774 0.0078588193967447876 -0.0069268967287453159 0.019510340987800103 0.0053660598789487014 0.002148112078729599 -0.010872487222212863 0.011026488418675415 0.003573994202058776 -0.017357270015865862 -0.00098734394331813553 -0.022149304964971656 0.027292557839754251 -0.0067648873564114141 0.012299415605742476 -0.021634762680389334
leaf_weight=36.115175157785416 13.22159495949745 7.8262467682361629 10.900102734565733 8.5714799463748967 12.012539029121397 9.5040201246738416 13.554477840662004 7.0217120349407187 10.494996190071106 9.7112695574760419 9.7061436772346514 9.4078401029109937 9.5368497967720014 6.887713015079501 9.7134097218513471 11.773401200771323 6.7218028903007507 7.2808282673358899 7.5740271210670498 13.415690094232561 41.716368228197105 9.8731698691844922 9.5454030334949476 11.666673064231871
leaf_count=111 38 22 30 25 33 27 38 21 30 27 29 26 28 20 28 32 20 22 23 41 113 30 26 35
internal_value=-1.60789e-05 0.0110587 0.0128623 -0.0121925 0.015026 0.0071261 0.000685471 -0.00108407 0.00534117 0.0189567 -0.0145385 0.0086307 -0.0071058 -0.0115745 -0.00256655 0.0211162 -0.0177427 -0.00754882 -0.0195742 -0.0132334 0.0228356 -0.0166732 0.0250435 -0.01611
internal_weight=303.753 158.887 145.665 144.866 128.125 44.4789 32.4663 26.0882 19.0665 83.6465 118.778 22.9623 37.7974 28.2605 17.5397 72.7464 80.9807 14.0026 66.9781 30.8629 63.0352 23.2889 51.2618 21.3728
internal_count=875 440 402 435 352 124 91 76 55 228 359 64 112 84 50 198 247 42 205 94 171 71 139 64
is_linear=0
shrinkage=0.03


Tree=28
num_leaves=34
num_cat=0
split_feature=47 48 42 37 43 46 52 38 54 40 38 36 9 46 40 44 34 26 59 7 40 44 45 33 20 32 25 35 30 29 14 38 14
split_gain=7.15403 2.92645 2.91662 3.0277 4.18672 2.8745 4.0031 5.1013 4.21289 3.4582 3.40307 3.35686 3.32041 2.73214 2.52874 2.75808 2.99694 3.50161 2.66306 2.4548 2.40899 2.26786 2.23494 2.08022 2.09158 1.99539 1.89445 1.77957 1.47524 1.46815 0.884107 0.543432 0.293547
threshold=0.74972232100217806 0.74381148675418995 0.68181769436544604 1.3323128820229104 -0.72471928701212629 0.49739750568426705 1.0000000180025095e-35 0.30551333786402496 0.34461715874422727 -0.08954134094378341 0.36022863362250024 -0.4781058641098504 -1.2958457198616067 -1.0359011389705495 0.57992145675022055 1.0426000974347061 -0.89593535754496967 0.2260148362108437 -1.2612753600845079 -0.39320625478306687 -0.4720915110546427 -0.72998701027052226 1.0538996897792994 1.0000000180025095e-35 0.13758205622614361 -0.61323090177980699 -0.56447975737453049 -0.96192905368392956 0.82435972844983585 -0.51837667672471832 -0.96940976464796058 1.2356733657581012 0.7905069315494756
decision_type=2 2 2 2 2 2 2 2 2 2 2 2 2 2 2 2 2 2 2 2 2 2 2 2 2 2 2 2 2 2 2 2 2
left_child=1 5 13 4 27 6 7 20 -8 -10 11 -7 -13 21 29 16 -16 28 -17 -20 -1 23 -15 24 -2 -9 -3 -4 -18 -12 -6 -21 -14
right_child=2 26 3 -5 30 10 8 25 9 -11 14 12 32 22 15 18 17 -19 19 31 -22 -23 -24 -25 -26 -27 -28 -29 -30 -31 -32 -33 -34
leaf_value=0 0.013704848221739415 0.0029628438957236634 -0.0056229153831599482 -0.02606265753959134 -0.024623185458707394 -0.0031565502401480639 0.018875641101415565 -0.0052229746754151188 0.010986732882987568 -0.014072471479898496 -0.015047141128927383 0.001145785842796351 0.015220512545573736 -0.021562796313719729 -0.0041824765928742654 0.011712981244044934 0.01053587537725984 -0.00017671771602509361 0.0041158186810048569 -0.0051993440568387297 -0.01963451340871954 0.012348887469931621 0 -0.014924954301274294 -0.006510261874316265 0.014518152975821045 0.024851663826042883 0.012943720715508518 0.03237466197073658 0.0005602778157243961 -0.0065138734257124669 -0.019516173190263789 0.029692777330356298
leaf_weight=7.4127481579780605 7.319190055131914 7.9346126914024353 7.7574503123760206 10.397325009107588 7.6731723248958588 9.5435961782932264 11.425032049417498 7.0758662223815909 7.0631423294544264 10.058829307556149 10.218937665224077 10.309836834669111 13.592071741819387 7.9694619476795223 8.8438789248466474 7.5081993639469173 8.9916446208953911 8.4725856482982618 9.3057251870632207 7.0717088878154719 22.861064314842224 12.435146450996397 8.8768412470817548 6.9776113331317893 7.8984337151050568 8.2069427371025068 7.3165077567100507 7.554571658372879 7.2720236480236045 8.5927222073078138 6.8033031523227709 7.9669797122478485 8.0468169748783094
leaf_count=21 21 22 23 31 23 27 32 20 20 29 29 29 38 24 25 21 25 24 26 20 66 36 26 20 23 23 20 22 20 24 20 23 22
internal_value=0 0.00299568 -0.00694609 -0.0128794 -0.00705733 0.00193593 -0.00266595 -0.00813793 0.00583712 -0.00336056 0.00469468 0.01158 0.0161056 -0.00196738 0.00109026 0.00394673 0.009792 0.0149704 -0.0021989 -0.0071525 -0.0150778 0.00274658 -0.011417 -0.00282118 0.00321095 0.00537069 0.0151069 0.00351808 0.0225477 -0.00810775 -0.0178988 -0.0142288 0.0224376
internal_weight=306.754 215.091 91.6625 40.1858 29.7885 199.84 74.1036 45.5566 28.547 17.122 125.737 41.4923 31.9487 51.4767 84.2444 65.4327 33.5801 24.7363 31.8526 24.3444 30.2738 34.6304 16.8463 22.1952 15.2176 15.2828 15.2511 15.312 16.2637 18.8117 14.4765 15.0387 21.6389
internal_count=875 606 269 119 88 564 211 130 81 49 353 116 89 150 237 184 94 69 90 69 87 100 50 64 44 43 42 45 45 53 43 43 60
is_linear=0
shrinkage=0.03


Tree=29
num_leaves=29
num_cat=0
split_feature=45 32 34 47 7 24 45 19 30 37 23 32 30 20 44 37 24 32 30 4 4 35 20 45 61 34 37 26
split_gain=30.2258 5.56243 4.60882 4.59541 3.91301 4.0027 3.61352 3.40732 2.54878 3.18015 3.02704 2.5463 2.24599 2.90352 2.1849 1.79322 2.57187 1.35081 1.22489 1.18961 4.93982 1.33557 1.08729 0.415678 0.690421 0.297279 0.17392 0.0130556
threshold=-0.3308751119946351 0.57572356714998296 0.36221615046632966 0.35844949243610996 -0.39320625478306687 -1.102686001759293 -0.70697538424277984 0.31257061254339952 1.6019014278511281 0.21371657531922689 -0.80758050895964539 -0.047062107051335685 0.68714648737901951 0.40014323223023446 -1.7147576256623156 -0.34558157803261458 0.56220442892745093 1.085275482405607 0.32124451119017622 0.11814034601979063 0.57259121380230493 -0.29173077562563565 1.0000000180025095e-35 1.3632855533245094 704.00000000000011 0.58102510838133836 0.87788313242453908 0.13205079676620268
decision_type=2 2 2 2 2 2 2 2 2 2 2 2 2 2 2 2 2 2 2 2 2 2 2 2 2 2 2 2
left_child=1 4 3 7 5 -1 18 -2 9 10 12 -9 13 -6 -4 16 25 -18 -7 21 -21 -5 -12 24 27 -16 -22 -17
right_child=2 -3 14 19 8 6 -8 11 -10 -11 22 -13 -14 -15 15 23 17 -19 -20 20 26 -23 -24 -25 -26 -27 -28 -29
leaf_value=0.01987797309266091 0.019587494092528922 -0.012429060781163796 0.0027947593236314419 -0.019957688824615016 0.016426102563835646 0 0.013616764154389706 -0.012291440381523107 0.00083907079492943307 6.902263190173404e-05 0.014914827478355725 0.011261879069640421 0.025261504658794277 -0.0073247360309696028 -0.0057154554864465397 -0.010894060477763487 -0.0059986622122196439 0.01250010316122605 -0.016147843408892533 0.017877890884240022 -0.018679047033219952 -0.0027177127337499286 0.038572861746678844 -0.0054219419507043733 -0.0067027119965435812 -0.02011105617437001 -0.0055516453896960298 -0.021742491707298722
leaf_weight=10.604135960340498 10.067280083894731 6.1781345009803763 5.8807754367589942 11.383875638246534 9.3333643674850446 7.7730380445718792 8.1431213915348071 8.0360467731952649 7.0156111419200888 6.2688362896442404 6.2529133856296601 5.6849806904792777 10.816732585430143 6.51145976781845 5.1993892937898654 7.5335184931755057 5.359765097498892 5.5808563530445099 8.4360441863536817 5.3736407160758963 5.0224415361881238 7.9839839488267925 13.707235962152479 5.1421449780464163 7.1792544871568671 6.6198153644800186 5.1669370979070663 34.303898945450783
leaf_count=36 34 23 22 44 30 27 28 29 23 21 20 20 34 21 20 29 21 21 30 20 20 29 43 20 28 26 20 136
internal_value=1.3046e-05 0.0124676 -0.00887473 -0.00223496 0.0143196 0.00574822 -0.000968835 0.00752437 0.0189608 0.0211648 0.0237861 -0.00199036 0.0152835 0.00653037 -0.0133888 -0.0147324 -0.00660459 0.00332476 -0.00916787 -0.00908203 -0.00210744 -0.0138446 0.0330016 -0.0177702 -0.0187473 -0.0155856 -0.0141022 -0.0203722
internal_weight=242.559 101.041 141.519 58.7192 94.8625 34.9563 24.3522 23.7883 59.9062 52.8905 46.6217 13.721 26.6616 15.8448 82.7994 76.9186 22.7598 10.9406 16.2091 34.9309 15.563 19.3679 19.9601 54.1588 49.0167 11.8192 10.1894 41.8374
internal_count=875 336 539 216 313 121 85 83 192 169 148 49 85 51 323 301 88 42 57 133 60 73 63 213 193 46 40 165
is_linear=0
shrinkage=0.03


Tree=30
num_leaves=28
num_cat=0
split_feature=48 45 54 25 46 14 46 53 54 32 3 47 48 10 47 30 47 24 30 30 26 53 32 20 30 47 42
split_gain=44.1339 5.96162 5.19469 5.0552 3.29041 2.8112 2.56397 2.4631 3.33079 3.65546 2.55466 2.23033 2.05345 1.78543 1.93833 1.22439 1.21504 1.08108 1.11751 1.43068 2.00432 1.37185 1.57789 1.07514 0.967037 0.933433 0.197634
threshold=0.053373702803876912 0.20963056482259682 0.61696298387527004 -0.22779278552537258 -0.57911722124907217 -1.168219896755762 -0.2095637832604926 -0.21608087455176947 1.225088482992071 1.0000000180025095e-35 -0.68936799390773218 0.74972232100217806 -0.36709530479451613 1.1400675322634577 -0.59917920548658621 -1.7140852313602644 1.2378024483673362 -1.727019913266822 1.6019014278511281 0.96157296952065197 0.31997887565548477 -0.64627601728851192 -0.44338026336126568 1.0000000180025095e-35 0.32124451119017622 1.0931608400547408 -0.61811228244087124
decision_type=2 2 2 2 2 2 2 2 2 2 2 2 2 2 2 2 2 2 2 2 2 2 2 2 2 2 2
left_child=2 -2 13 7 5 16 -6 11 9 -9 -11 -3 -4 17 -15 -13 -5 -1 19 20 21 -19 26 -17 -24 -7 -23
right_child=1 3 12 4 6 25 -8 8 -10 10 -12 15 -14 14 -16 23 -18 18 -20 -21 -22 22 24 -25 -26 -27 -28
leaf_value=-0.0038656571543704693 -0.007544878729957385 0.0079413880206366631 0.014188750096001615 -0.0070690711748764602 -0.015229475419577736 0.025068520131751069 0.0050825938881445621 0.00062090074754975698 -0.0015679076892849988 0.0093020562033008791 0.032090794008936309 0.010818493110736918 -0.0063300263068066936 0.0066972282154932252 -0.013260267587848778 0.013806479221175819 0.0085822481354224257 -0.0040817763303802055 -0.005462199836720698 -0.023537638182722177 0 -0.024699808500916354 -0.016277924553875254 0.03260965767084234 -0.0013147450600894902 0.0071798150693593186 -0.011973923005357845
leaf_weight=9.6364957690238935 13.186303824186323 11.84726247191429 7.5771379470825195 7.5086897015571612 9.2461254596710223 8.7501145899295825 9.923028349876402 10.876577019691466 13.056298434734343 10.967955917119978 11.084266215562822 8.4717319309711403 6.7911492586135846 7.3470556139945984 6.9548617601394636 8.4724292457103783 7.259959876537323 9.8543044030666263 11.607018172740935 28.171039968729019 8.8832431733608228 22.641272783279412 6.8501603603363241 20.775819092988968 9.6613272726535779 7.3435607552528372 8.3756781816482526
leaf_count=29 38 33 21 21 27 24 28 30 36 30 30 23 20 21 21 23 20 30 35 87 26 70 21 56 29 20 26
internal_value=-2.6552e-05 0.0108204 -0.0119867 0.0125846 0.00450886 0.0104426 -0.00481874 0.0166162 0.0107545 0.0156701 0.0223256 0.0214612 0.00443085 -0.013877 -0.00296565 0.0250885 0.000337894 -0.0151196 -0.0160183 -0.0171475 -0.0138815 -0.0158871 -0.0180127 0.0282973 -0.00869432 0.018555 -0.0221588
internal_weight=303.121 158.77 144.351 145.584 50.0315 30.8623 19.1692 95.5523 45.9851 32.9288 22.0522 49.5672 14.3683 129.982 14.3019 37.72 14.7686 115.681 106.044 94.437 66.266 57.3827 47.5284 29.2482 16.5115 16.0937 31.017
internal_count=875 439 436 401 140 85 55 261 126 90 60 135 41 395 42 102 41 353 324 289 202 176 146 79 50 44 96
is_linear=0
shrinkage=0.03


Tree=31
num_leaves=30
num_cat=0
split_feature=47 23 39 48 37 7 20 51 45 24 12 54 46 27 53 46 41 25 59 47 47 52 30 59 46 57 36 60 38
split_gain=6.74416 4.66666 2.99855 2.83401 2.75318 2.62242 3.83459 6.40659 4.01469 3.71196 2.91025 2.37103 3.99181 4.62761 2.3066 2.27911 2.79973 1.81028 1.80089 1.66594 3.56584 2.17107 1.52967 1.47187 1.176 1.07608 0.963339 0.73235 0.546497
threshold=0.74972232100217806 1.0000000180025095e-35 1.3825346314628721 0.74381148675418995 1.0992719847929762 1.0000000180025095e-35 -0.65010147178612876 1.0000000180025095e-35 0.61626821362053763 -0.54772252486371198 -0.59554631589365192 -1.4208013234340011 0.040058032400431577 1.0567760207209591 -0.64627601728851192 0.48316974279129993 -0.14419235422384538 -0.56447975737453049 -0.5217103139635868 1.2087576662646617 1.4506016077648967 0.88717736510915091 0.13829352309575449 0.21785473215733422 0.80525960745206171 1.0000000180025095e-35 -1.1472225382525847 362.50000000000006 0.4696592251394503
decision_type=2 2 2 2 2 2 2 2 2 2 2 2 2 2 2 2 2 2 2 2 2 2 2 2 2 2 2 2 2
left_child=3 14 19 4 5 6 7 22 10 27 18 -12 -13 -14 -2 16 -9 -5 -8 21 26 -3 -1 -10 -11 -16 -21 -7 -17
right_child=1 2 -4 17 -6 9 8 15 23 24 11 12 13 -15 25 28 -18 -19 -20 20 -22 -23 -24 -25 -26 -27 -28 -29 -30
leaf_value=-0.014925932737857825 0.01689237121668807 -0.024036585161365202 0.0020691639639982256 0.0029211491660045049 -0.014802987740339626 -0.021540470981628274 0.0037771479378508124 0.016272835940339604 -0.021497260101632922 -0.0024780283838404167 0.012372436501547682 0.012180679018829726 -0.012566144858337775 0.0066709615931005353 0.0057200730178688609 0.026693189895830575 -0.0064959772988889128 0.024333841669022607 0.023397628042619117 0.009122072589797461 -0.019978914917849856 -0.0043518977872445512 0.0023983018081412933 -0.0025011333467366242 0.012878597674990982 -0.0081689354230957897 -0.0042934211469475266 -0.0061280340218093244 0.012992979014062298
leaf_weight=6.9768397808074942 7.164394527673724 19.982558041810993 12.191783666610716 7.9373458623886108 6.9630949199199668 7.2047968506813076 10.831749618053438 8.9879992008209246 7.1444951295852652 7.3820386826992017 10.68442267179489 12.084765702486036 31.828413784503937 15.386523336172102 7.44925129413605 13.86073011159897 7.4336635470390311 7.3426696062087995 7.5959126353263846 6.9185731709003475 10.119796127080916 8.6588395237922651 8.1947900354862195 8.5965042114257795 7.1999858319759369 9.486660420894621 9.3332588672637957 8.7388536334037763 12.722442954778669
leaf_count=20 20 62 35 22 20 21 30 25 21 21 30 34 91 43 21 38 21 20 21 20 31 26 23 25 20 27 27 25 35
internal_value=0 -0.00674868 -0.0107724 0.00291697 0.00187298 0.00261555 0.00415408 0.0102248 0.000609338 -0.00519008 0.00319718 0.000224698 -0.0021166 -0.00616157 0.00421101 0.016031 0.00595015 0.0148238 0.0133183 -0.0137038 -0.00724277 -0.0187973 -0.00583468 -0.0125912 0.00522532 -0.00176606 0.00136792 -0.0146901 0.0213943
internal_weight=306.403 91.3051 67.2048 215.098 199.818 192.855 162.329 58.1765 104.153 30.5257 88.4118 69.9841 59.2997 47.2149 24.1003 43.0048 16.4217 15.28 18.4277 55.013 26.3716 28.6414 15.1716 15.741 14.582 16.9359 16.2518 15.9437 26.5832
internal_count=875 269 201 606 564 544 457 162 295 87 249 198 168 134 68 119 46 42 51 166 78 88 43 46 41 48 47 46 73
is_linear=0
shrinkage=0.03


Tree=32
num_leaves=26
num_cat=0
split_feature=45 32 46 34 1 14 19 24 28 30 48 18 30 38 19 33 42 37 32 24 34 18 48 45 33
split_gain=28.6641 5.29129 4.50605 5.10681 3.71355 4.47528 3.48961 3.47881 3.05577 3.03822 2.45768 3.58936 2.85158 2.43362 2.48055 2.22083 2.20677 2.13566 1.93466 1.7955 1.77857 1.45451 1.07048 0.141998 0.114472
threshold=-0.3308751119946351 0.57572356714998296 -0.5267990431091224 0.36221615046632966 -0.073395712760055853 1.0887682279174673 0.31257061254339952 -0.54772252486371198 0.46069057032243393 -0.13613295904587788 -1.2337495812431787 1.0964353900027553 1.2359994516622845 -1.3177071029707348 0.79717621338589317 -1.0000000180025095e-35 -0.43240800003996888 -0.80999879465512603 1.4249767592426903 -0.33961122102786895 1.0000000180025095e-35 1.148186936133692 0.78216142933740984 0.34252430120175853 1.231459894044014
decision_type=2 2 2 2 2 2 2 2 2 2 2 2 2 2 2 2 2 2 2 2 2 2 2 2 2
left_child=1 4 8 6 5 10 15 9 13 -7 -1 12 16 14 20 -4 -12 -6 21 -8 -2 22 -5 -15 -19
right_child=2 -3 3 18 17 7 19 -9 -10 -11 11 -13 -14 23 -16 -17 -18 24 -20 -21 -22 -23 -24 -25 -26
leaf_value=0.0024190523057189424 0 -0.012278818051808393 0.026798375580158604 -0.020174156260298181 0.037052090305619081 -0.0068478515528143675 -0.012381548785027516 -0.013750587229159065 0.0060603171858231199 0.016521518761811859 0.039404665705516428 0.0016283956427338682 0.0050418611001840476 -0.0096596399130280969 0.0067154482228492839 0.0021493606723033331 0.014812208983276327 0.0065258473118786509 0.002932693716805919 0.0050541863408909374 -0.019541514698541741 -0.0005767546128033717 -0.0030981945171801323 -0.02145930996866463 0.017930303451137358
leaf_weight=11.393352419137953 5.5558317452669206 6.1315292716026297 6.7921876013278961 18.506025299429901 8.1072431802749652 6.643736451864247 8.1937266290187853 8.8144499510526639 5.1190834641456595 11.446387648582458 10.859674125909804 8.8972782343626005 6.783299356698989 6.8185826689004889 6.8541913926601401 6.8850862979888934 9.7875953912735039 6.4474272131919843 6.8219980597496024 9.9165194034576398 10.588781952857969 7.2910196781158438 5.7474639117717734 35.455371871590614 6.3478369116783142
leaf_count=37 21 23 22 74 25 23 30 31 19 38 34 30 22 26 26 24 32 21 25 35 41 27 22 147 20
internal_value=1.06308e-05 0.012071 -0.00870601 -0.00310946 0.0138614 0.0102252 0.00552512 0.000151284 -0.0140189 0.00776549 0.0156052 0.0193222 0.0244719 -0.0157843 -0.00688075 0.0162242 0.0298106 0.0250216 -0.0103526 -0.00287208 -0.0130732 -0.0134101 -0.0167767 -0.0200894 0.0138912
internal_weight=242.206 101.66 140.546 70.154 95.5283 74.6258 31.7875 26.9046 70.3918 18.0901 47.7212 36.3278 27.4306 65.2728 22.9988 13.6773 20.6473 20.9025 38.3665 18.1102 16.1446 31.5445 24.2535 42.274 12.7953
internal_count=875 336 539 259 313 247 111 92 280 61 155 118 88 261 88 46 66 66 148 65 62 123 96 173 41
is_linear=0
shrinkage=0.03


Tree=33
num_leaves=26
num_cat=0
split_feature=48 48 54 61 46 23 32 20 14 34 49 48 48 18 47 53 51 59 24 34 28 28 19 32 37
split_gain=41.857 5.36625 4.98162 4.39616 6.62269 3.1297 2.79649 2.76489 2.4966 2.44823 2.25512 2.63616 1.99323 1.82577 5.50986 1.94378 1.35781 2.13322 2.24619 1.13313 1.00775 0.921962 0.738953 0.573157 0.547161
threshold=0.053373702803876912 0.95312726669492076 0.61696298387527004 495.00000000000006 0.20167528452548844 1.0000000180025095e-35 0.23602229031289992 -0.65010147178612876 -1.3511173303150106 0.82718518603572333 -0.26519734538931666 0.83295204778273912 -0.36709530479451613 1.2051180298559647 -0.41334271902736214 -0.64627601728851192 0.1931694170184812 1.0000000180025095e-35 -1.3801677402070835 0.19810943203007339 -0.39988889717554899 -0.39988889717554899 -1.1412461899840809 -0.27352962494272415 1.5420496895298508
decision_type=2 2 2 2 2 2 2 2 2 2 2 2 2 2 2 2 2 2 2 2 2 2 2 2 2
left_child=2 3 13 4 10 7 23 -3 -8 -5 11 21 -4 15 -15 -1 19 18 -18 -17 -12 -2 -20 -7 -10
right_child=1 5 12 9 -6 6 8 -9 24 -11 20 -13 -14 14 -16 16 17 -19 22 -21 -22 -23 -24 -25 -26
leaf_value=-0.0022555029575097481 -0.011723473398974959 -0.0079649215894051963 0.013920652488715024 0.022152203481617245 0.017992833581290169 0.011525700058944707 0.0072419249422000743 0.013832010110385441 0.029012060064217107 0.00054969876856221349 -0.0053600546832459749 0.012490454727660617 -0.0062856510871665411 0.0095671034043682962 -0.020908858460229243 -0.021589961855871552 0 0.0023974835165001241 -0.0063039614354377634 -0.0053988141169657418 -0.021589949475085954 0.00074570127031225834 -0.020791364273344506 0 0.012789756984615451
leaf_weight=11.215034544467924 10.081214040517809 7.868310451507571 7.5954259932041168 14.754138290882112 12.849391520023344 7.7324205636978149 9.9788331389427167 10.122073531150816 28.992778182029724 7.5850199460983267 10.487975627183916 8.7895772159099561 6.7834036350250226 10.421075850725176 8.0856029987335187 48.1048703789711 8.0067940950393659 7.1965748369693747 7.1393883228301993 6.636670619249343 6.8837186992168453 8.0300633907318097 22.281921029090885 7.3855492472648603 7.3918172121047965
leaf_count=34 29 22 21 41 35 21 27 28 78 21 30 24 20 30 25 149 24 22 22 20 20 23 69 20 20
internal_value=-4.03078e-05 0.0104976 -0.0117434 0.00474105 0.00011569 0.0159848 0.0191831 0.00411171 0.0228465 0.0155651 -0.00536138 0 0.00431692 -0.0136074 -0.00401735 -0.0150835 -0.0164168 -0.0114691 -0.0142791 -0.01993 -0.0133141 -0.00625484 -0.0179462 0.00653923 0.0265116
internal_weight=302.4 158.933 143.467 79.4611 57.1219 79.4718 61.4814 17.9904 46.3634 22.3392 44.2725 26.9009 14.3788 129.088 18.5067 110.581 99.3662 44.6247 37.4281 54.7415 17.3717 18.1113 29.4213 15.118 36.3846
internal_count=875 439 436 223 161 216 166 50 125 62 126 76 41 395 55 340 306 137 115 169 50 52 91 41 98
is_linear=0
shrinkage=0.03


Tree=34
num_leaves=30
num_cat=0
split_feature=47 23 39 48 37 1 20 51 45 24 12 54 46 27 14 46 41 44 26 44 47 47 52 46 36 36 60 45 47
split_gain=6.36288 4.4639 2.9086 2.74171 2.67083 2.49732 3.66222 6.14926 3.8539 3.58106 2.77922 2.27169 3.83797 4.4292 2.25888 2.16077 2.68827 1.92815 1.76779 1.63772 1.62737 3.4618 2.12806 1.14556 0.939081 0.866298 0.716153 0.349351 0.911027
threshold=0.74972232100217806 1.0000000180025095e-35 1.3825346314628721 0.74381148675418995 1.0992719847929762 -0.073395712760055853 -0.65010147178612876 1.0000000180025095e-35 0.61626821362053763 -0.54772252486371198 -0.59554631589365192 -1.4208013234340011 0.040058032400431577 1.0567760207209591 -1.168219896755762 0.48316974279129993 -0.14419235422384538 0.40249919743004015 -0.33776940045700216 -1.0000000180025095e-35 1.2087576662646617 1.4506016077648967 0.88717736510915091 0.80525960745206171 -1.1472225382525847 -0.4781058641098504 362.50000000000006 -0.016430106717578 -1.1858826864789915
decision_type=2 2 2 2 2 2 2 2 2 2 2 2 2 2 2 2 2 2 2 2 2 2 2 2 2 2 2 2 2
left_child=3 14 20 4 5 6 7 17 10 26 18 -12 -13 -14 -2 16 -9 -1 -8 -10 22 24 -3 -11 -22 -5 -7 28 -17
right_child=1 2 -4 25 -6 9 8 15 19 23 11 12 13 -15 -16 27 -18 -19 -20 -21 21 -23 -24 -25 -26 -27 -28 -29 -30
leaf_value=-0.015614905244631926 0.013536199393707185 -0.02371509857202482 0.0021109449288047501 0.021529688473460779 -0.014638757760023579 -0.021246989222435474 0.00060870675860569517 0.015905791875105778 -0.00012251577554528618 -0.0024722787436227134 0.012069467772252108 0.011892998533223606 -0.012363929188588883 0.0064517082826907098 -0.0037483704995418424 0.021684230438968031 -0.0063924826702416995 0.003837152832133435 0.019993450442150271 -0.019978140564327358 0.009059675160166274 -0.019670889189193175 -0.004193203410321914 0.012673342751921033 -0.0041825447182515102 0.0051318715563352787 -0.0059887593598066374 0.027129074313236134 0.005340591913906542
leaf_weight=7.3331674039363843 10.857419282197954 19.738407820463184 12.182790756225584 7.305012345314025 6.9394178986549369 7.1493080556392696 7.5820527672767666 9.017323315143587 6.8723448216915139 7.3788425922393781 10.717499285936354 12.120518535375593 31.712731391191483 15.420627087354658 13.252570658922194 7.2993719279766056 7.4212639033794394 7.8166351914405823 10.890967696905134 8.7976117134094203 6.9244779050350216 10.017842710018156 8.6278202533721906 7.2127170264720917 9.3149839043617266 8.0024597048759443 8.7182525396347028 10.674073457717896 8.6969822645187396
leaf_count=21 30 62 35 20 20 21 21 25 20 21 30 34 91 43 38 20 21 22 30 26 20 31 26 20 27 22 25 29 24
internal_value=5.3279e-06 -0.00656549 -0.0105222 0.00283682 0.00180881 0.00254 0.00404034 0.00996697 0.000572727 -0.00508456 0.0031046 0.000195527 -0.00209837 -0.00607552 0.00413801 0.0156424 0.0058119 -0.00577663 0.0129808 -0.012391 -0.0134278 -0.00704237 -0.0184871 0.00512494 0.0014143 0.0145373 -0.0144503 0.0208565 0.014361
internal_weight=305.995 90.9163 66.8063 215.079 199.772 192.832 162.373 58.2588 104.114 30.4591 88.4444 69.9714 59.2539 47.1334 24.11 43.109 16.4386 15.1498 18.473 15.67 54.6235 26.2573 28.3662 14.5916 16.2395 15.3075 15.8676 26.6704 15.9964
internal_count=875 269 201 606 564 544 457 162 295 87 249 198 168 134 68 119 46 43 51 46 166 78 88 41 47 42 46 73 44
is_linear=0
shrinkage=0.03


Tree=35
num_leaves=25
num_cat=0
split_feature=45 26 58 34 26 36 12 48 52 55 45 12 16 38 40 60 20 20 24 20 60 50 36 45
split_gain=27.2459 5.02395 4.38212 4.19032 3.70116 3.67635 3.03544 3.84003 2.88186 2.7594 3.51636 3.55808 2.54748 2.47457 2.30385 2.26646 2.47944 2.4597 1.3589 0.65318 0.531262 0.474827 0.425724 0.361823
threshold=-0.3308751119946351 0.13205079676620279 -0.86788732730327589 0.36221615046632966 1.5415113884358176 0.35828997856856776 1.941526440373621 -1.5775678489565232 -0.45085227201323974 -0.66237415839559011 0.065284452377443472 -0.43416940070649779 1.0185532597862939 0.74323570393182536 -1.1415543087486466 362.50000000000006 0.92526558423841632 1.0000000180025095e-35 -0.33961122102786895 -1.1752238237943102 134.00000000000003 0.59722799785677483 0.69284831563993532 1.1301797332038592
decision_type=2 2 2 2 2 2 2 2 2 2 2 2 2 2 2 2 2 2 2 2 2 2 2 2
left_child=1 6 5 9 8 21 7 -1 -5 14 -11 18 15 -3 -4 20 17 19 -12 -17 -9 -2 -19 -10
right_child=2 13 3 4 -6 -7 -8 12 23 10 11 -13 -14 -15 -16 16 -18 22 -20 -21 -22 -23 -24 -25
leaf_value=-0.005132978264919986 -0.021229438696578437 -0.013331703756900114 0.0037846144377900468 0.0017905573590580345 0.0078016350006763447 0.0052761512488368701 -0.00027663343002276618 0.014336058758236583 -0.018882740231440008 -0.0085075164171640513 -0.0055691951391367341 0.028962287899522644 0.0037571140905408012 0.0092371457044355884 -0.020009996653571047 0.01265049649040411 0 0.031834720150430131 0.011106793295434719 0 0.032923814226718758 -0.0087190074473735748 0.013119196468102645 -0.0082160782949901486
leaf_weight=5.8044092059135428 31.730536937713623 8.7959405332803708 5.6794450581073761 8.3558998852968198 7.5058589130640021 5.29922130703926 10.306841760873793 6.9695183187723186 27.915680572390556 7.5865314602851894 6.3772016167640713 7.0871102809905997 10.995817229151724 5.9589357525110236 6.0370350927114469 7.4260250926017761 7.6080260872840872 9.485914349555971 8.0308485925197584 6.3739470839500445 15.9126800596714 8.2754217237234098 6.5568988025188437 9.6734997630119306
leaf_count=19 129 32 22 32 29 20 36 22 111 27 23 24 37 20 23 24 25 30 28 21 49 33 21 38
internal_value=1.89567e-05 0.0117174 -0.00853874 -0.00463296 -0.0100698 -0.0161269 0.0144299 0.0164392 -0.0132702 0.00245262 0.00743536 0.0135111 0.0183466 -0.00383658 -0.00890136 0.0207529 0.0148007 0.0185319 0.00351944 0.00741231 0.0287386 -0.0191948 0.0263033 -0.0167118
internal_weight=241.749 102.195 139.554 94.2491 53.4509 45.3052 87.4401 77.1332 45.9451 40.7982 29.0817 21.4952 71.3288 14.7549 11.7165 60.333 37.4508 29.8428 14.4081 13.8 22.8822 40.006 16.0428 37.5892
internal_count=875 336 539 357 210 182 284 248 181 147 102 75 229 52 45 192 121 96 51 45 71 162 51 149
is_linear=0
shrinkage=0.03


Tree=36
num_leaves=26
num_cat=0
split_feature=45 46 0 18 23 44 37 2 20 41 14 40 46 18 32 53 30 38 19 38 30 19 57 38 44
split_gain=35.5333 9.58027 5.95072 5.32258 4.59763 4.38085 3.65022 3.70349 3.0417 2.85419 2.1101 2.07903 2.07839 1.89528 1.6685 2.07899 1.59606 1.2962 0.930614 0.756487 0.877083 0.530762 0.371665 0.263002 0.00432405
threshold=0.20963056482259682 -0.5267990431091224 -0.32396623236018468 1.2051180298559647 0.32209081081737329 -0.5822714179617533 0.49336565199514765 0.60798467405256107 -0.91266264779021966 0.69942933189265066 -1.2816700928695963 0.8668340843333654 0.46093428290497124 0.5332705079784249 0.40587292873144137 -0.64627601728851192 -0.13613295904587799 -1.3177071029707348 -0.41433778872034072 -0.2963549154792004 1.6019014278511281 -0.17203498829909397 1.0000000180025095e-35 1.2982051323392156 -0.92694113334888106
decision_type=2 2 2 2 2 2 2 2 2 2 2 2 2 2 2 2 2 2 2 2 2 2 2 2 2
left_child=3 4 5 9 6 -3 -2 -8 -7 14 -9 18 -5 -10 15 -1 17 21 -4 -17 23 -6 -18 -21 -19
right_child=1 2 11 12 16 8 7 10 13 -11 -12 -13 -14 -15 -16 19 22 24 -20 20 -22 -23 -24 -25 -26
leaf_value=-0.0027489984693963602 0.019380366778520862 -0.0098621752634112207 -0.0062250267601721317 -0.0057225642144476761 0.019481751903976285 -6.3217805919694181e-05 0.014771214937252726 0.0020718078991242856 0.0086389028616183083 5.525295331505962e-06 -0.018181521269563204 0.0016806085338707177 0.014949538365882011 0.028195821817025568 -0.0024912163862877944 -0.0068724535255696058 0.0027137433783517746 0.016522465920885694 -0.022357841099265408 -0.020778979059065505 -0.0066187541409328983 0.0064702104178696214 0.013840153280430291 -0.010014988031139023 0.030665612095396779
leaf_weight=11.300442814826964 10.240475535392759 8.7402255535125715 8.912537038326267 6.6907803416252118 8.9070058763027209 11.03443196415901 7.2614735662937191 7.2336001098155966 12.936538547277452 12.29214435815811 8.4923585355281812 7.8524855077266684 7.6708609759807587 9.535246789455412 10.866784095764158 9.663081616163252 7.3910559415817243 8.8869564533233625 8.8978062868118286 61.902091056108475 8.5194480121135694 9.5584689080715126 7.7590547204017639 8.9640134871005994 20.12086549401284
leaf_count=34 28 25 26 20 24 31 20 20 36 36 24 23 22 26 32 29 20 24 27 193 26 26 21 28 54
internal_value=-5.23511e-05 0.00933728 0.000583603 -0.0112288 0.015373 0.00749959 0.00574093 -0.000905131 0.0124284 -0.0132406 -0.00914793 -0.0103661 0.00531016 0.0184327 -0.0147385 -0.0159496 0.0201363 0.0230112 -0.0157061 -0.0174852 -0.0185514 0.0140391 0.00950593 -0.0197361 0.0275547
internal_weight=301.63 163.761 67.9093 137.87 95.8513 42.2464 33.2279 22.9874 33.5062 123.508 15.726 25.6628 14.3616 22.4718 111.216 100.349 62.6234 47.4733 17.8103 89.0486 79.3856 18.4655 15.1501 70.8661 29.0078
internal_count=875 455 194 420 261 118 92 64 93 378 44 76 42 62 342 310 169 128 53 276 247 50 41 221 78
is_linear=0
shrinkage=0.03


Tree=37
num_leaves=32
num_cat=0
split_feature=48 23 39 48 37 1 20 51 45 24 12 18 39 54 39 18 25 60 17 44 59 24 17 37 44 39 32 48 54 60 44
split_gain=5.86497 4.15198 2.76978 2.6819 2.58033 2.42335 3.49394 5.92258 3.67826 3.46357 2.65345 2.47332 2.44739 3.60736 3.01573 2.32326 2.1543 3.89413 2.32078 1.86844 1.76764 1.71111 1.75967 1.98268 1.59238 1.05928 0.816644 1.27308 0.762348 0.6821 0.288794
threshold=0.83295204778273912 1.0000000180025095e-35 1.3825346314628721 0.74381148675418995 1.0992719847929762 -0.073395712760055853 -0.65010147178612876 1.0000000180025095e-35 0.61626821362053763 -0.54772252486371198 -0.59554631589365192 0.19581424814163975 0.15200179112719683 -1.042449320281625 0.53062728046125074 -0.68735785808598782 0.74018225854095687 449.50000000000006 0.24013564759706255 0.40249919743004015 -0.5217103139635868 0.56220442892745093 -1.0320920990798821 0.67314005842966829 -1.0000000180025095e-35 -0.22662369820685699 0.23602229031289992 1.0883900504930772 0.71559447421148514 362.50000000000006 0.40249919743004015
decision_type=2 2 2 2 2 2 2 2 2 2 2 2 2 2 2 2 2 2 2 2 2 2 2 2 2 2 2 2 2 2 2
left_child=3 15 21 4 5 6 7 19 10 29 20 -12 13 -13 -14 -2 17 18 30 -1 -8 26 23 -23 -10 -11 27 -3 -5 -7 -9
right_child=1 2 -4 28 -6 9 8 16 24 25 11 12 14 -15 -16 -17 -18 -19 -20 -21 -22 22 -24 -25 -26 -27 -28 -29 -30 -31 -32
leaf_value=-0.015439020523247995 0.011555305674069765 -0.018562157690843198 0.0022464068601259274 0.021008939445605754 -0.014447238585519219 -0.020979019955411505 0.003306303278017746 0.002175199531586102 -6.0625481903398909e-05 0.012207651247799808 0.014959839519793875 0.0053104710641790221 0.018628592296915047 -0.011719469374007198 -0.0043863888898030279 -0.0060985776197863663 0.027123256506757246 -0.0039396804450047614 0.029953255213276658 0.0037154262796104754 0.022586996418555862 0.010280363036581327 -0.014620544347591065 -0.0093539436668858347 -0.019670393601200382 -0.0023325906660325185 -0.023832835040022458 -8.9486118939806494e-05 0.0049450343020638913 -0.0059698593934299007 0.01211446057541095
leaf_weight=7.3066635429859144 14.076991796493532 6.3104123175144213 12.158422976732252 7.3290554881095868 6.9110953211784354 7.0952172577381161 10.87398272752762 7.189295172691347 6.8632138669490823 7.2461541891098022 7.5095454454421988 16.010411560535424 8.5659829974174517 28.999496728181846 8.8600327968597394 10.049224764108656 10.274646639823912 10.438706725835798 7.3783541321754447 7.8248621225357056 7.6388252079486838 7.4785792529583004 11.996649265289305 8.0490281879901868 8.7210887074470484 7.3623443543910962 14.034337639808653 7.0899513363838196 7.2794835269451141 8.7145611941814405 7.9132971465587616
leaf_count=21 39 20 35 20 20 21 30 20 20 20 21 45 24 83 25 29 28 29 20 22 21 22 37 24 26 21 44 21 20 25 22
internal_value=1.35838e-05 -0.00627617 -0.0100796 0.00274434 0.00174625 0.0024647 0.00394255 0.00972632 0.000551198 -0.00505043 0.00302067 0.000173614 -0.00182022 -0.00555687 0.00718968 0.00404129 0.0152862 0.0103964 0.0171333 -0.00573131 0.0126584 -0.0129 -0.006696 0 -0.0121492 0.00497239 -0.0182471 -0.0101841 0.0145826 -0.0142866 0.00836845
internal_weight=305.55 91.2436 67.1174 214.306 199.698 192.787 162.368 58.3258 104.043 30.4183 88.4583 69.9455 62.4359 45.0099 17.426 24.1262 43.1943 32.9197 22.4809 15.1315 18.5128 54.959 27.5243 15.5276 15.5843 14.6085 27.4347 13.4004 14.6085 15.8098 15.1026
internal_count=875 271 203 604 564 544 457 162 295 87 249 198 177 128 49 68 119 91 62 43 51 168 83 46 46 41 85 41 40 46 42
is_linear=0
shrinkage=0.03


Tree=38
num_leaves=27
num_cat=0
split_feature=47 34 1 20 38 51 0 58 46 9 16 40 9 46 50 34 32 44 24 39 38 25 14 46 28 47
split_gain=25.8363 9.95563 3.7935 4.74026 5.55257 5.15909 4.43679 3.84345 3.57093 3.63009 4.74691 3.96407 2.73606 3.31109 2.32285 2.55646 2.08018 1.79443 2.30621 2.48257 2.41242 2.5238 0.757949 0.603837 0.26897 0.033046
threshold=0.35844949243610996 0.36221615046632966 -0.073395712760055853 -0.65010147178612876 -0.46050080275462563 0.1931694170184812 -0.17584087791169667 1.1174758397303621 0.37710698864127429 -1.0220497623538221 1.038810198499118 1.0444466633134071 -1.2162304707084948 1.0224971068334001 -0.26867837848900472 0.74513182681759493 -0.44338026336126568 -1.7147576256623156 -0.82520426331150254 0.057345418793683253 -0.24163961972072553 -1.0133957198400745 -1.3821754354016245 -0.44247972740773528 0.19589688801536217 -0.56266052214983042
decision_type=2 2 2 2 2 2 2 2 2 2 2 2 2 2 2 2 2 2 2 2 2 2 2 2 2 2
left_child=1 2 3 4 -1 6 -6 -4 25 12 11 16 13 -10 15 -3 -11 -2 -19 -20 22 -22 -21 -24 -23 -5
right_child=17 14 7 8 5 -7 -8 -9 9 10 -12 -13 -14 -15 -16 -17 -18 18 19 20 21 24 23 -25 -26 -27
leaf_value=0.022616137623057714 0.00026030626780031353 -0.009955043069285437 0.035040091134231614 0.03237581382037831 0.01995900873416347 -0.020891177693151377 -0.0079914290180179582 0.008076322155767774 -0.006023865760895919 0.013269558836480956 -0.0030815497382816466 0.0029364682515384383 -0.016199861427649124 0.020776857612447141 -0.017646259047441954 0.012851129731881567 0.04277982899913773 0.0019998332322501908 0 -0.0059823078346375961 0.0044750561915350706 -0.018359587368690804 -0.023817751248873188 -0.0085069683863936707 -0.0061875033349843038 0.015062943145331669
leaf_weight=6.2445701360702506 8.9275160282850248 8.82860314846039 10.615381419658663 7.3040714859962463 7.3457141071558025 10.84128116071224 10.436465442180635 10.947796911001204 7.6453574448823947 6.5110794901847857 7.9603838324546805 7.2219619750976554 5.652823150157924 6.0148384273052216 11.209983542561529 6.2335978448390952 6.9609621465206217 7.2211882323026648 9.2213799953460676 5.4253013134002606 8.5066095143556613 8.9641766101121885 35.098590776324265 6.2585699707269802 6.8308383226394644 6.8887796998023969
leaf_count=20 34 34 32 22 24 38 37 35 26 21 28 23 20 20 43 23 22 28 35 22 33 36 147 24 26 22
internal_value=2.34674e-05 0.00802875 0.0117314 0.00884802 0 -0.00586459 0.00389802 0.0230262 0.013718 0.00909469 0.0156104 0.0227933 -0.000712555 0.00626933 -0.00819957 0 0.0316765 -0.0118772 -0.0131661 -0.0146148 -0.0164776 -0.00770823 -0.0205277 -0.0220196 -0.0144357 0.026598
internal_weight=241.318 144.864 118.591 97.0283 34.868 28.6235 17.7822 21.5632 62.1603 47.9674 28.6544 20.694 19.313 13.6602 26.2722 15.0622 13.472 96.4542 87.5267 80.3055 71.0841 24.3016 46.7825 41.3572 15.795 14.1929
internal_count=875 490 390 323 119 99 61 67 204 160 94 66 66 46 100 57 43 385 351 323 288 95 193 171 62 44
is_linear=0
shrinkage=0.03


Tree=39
num_leaves=29
num_cat=0
split_feature=47 25 54 46 46 25 20 39 54 18 47 54 12 2 20 9 20 51 34 24 44 55 57 30 29 19 32 44
split_gain=37.2093 5.43186 4.61998 3.62403 2.8677 2.83647 2.34913 2.03414 1.81006 2.89719 4.27551 2.50434 2.3321 1.80718 1.773 1.74495 3.55972 1.65167 1.57544 1.55614 1.35412 2.99179 1.22556 1.16644 0.785104 0.740106 0.452392 0.326302
threshold=-0.026892079264261921 -0.22779278552537258 0.61696298387527004 -0.57911722124907217 -0.2095637832604926 0.44558115817294347 1.1878267602425072 0.15200179112719683 0.32691687683835263 1.1980541928022552 -0.54012520048261992 1.0000000180025095e-35 1.9123980958947093 0.73676891316943249 0.40014323223023446 1.2521698490019468 -0.91266264779021966 0.1931694170184812 0.69042958733884274 -1.3801677402070835 -0.5822714179617533 -1.1108157884344434 1.0000000180025095e-35 1.0000000180025095e-35 -0.17697574179342987 -0.53548918893096398 -0.44338026336126568 -0.13912464103544631
decision_type=2 2 2 2 2 2 2 2 2 2 2 2 2 2 2 2 2 2 2 2 2 2 2 2 2 2 2 2
left_child=2 6 8 5 -5 13 7 -2 9 11 -11 12 17 -3 -4 16 18 27 -9 -19 21 -18 -17 -21 -22 -14 -25 -1
right_child=1 3 14 4 -6 -7 -8 15 -10 10 -12 -13 25 -15 -16 22 20 19 -20 23 24 -23 -24 26 -26 -27 -28 -29
leaf_value=-0.010522858118099295 0.0019334904280181244 0.010552874479516729 -0.0052223768306974665 -0.017087964911209005 0.003555341044827626 0.017727084179720107 0.00080665166159289193 0.009500372543288272 -0.025301658692408639 0.014923000094499745 -0.013078557837888896 0 -0.0091371297828572 -0.005825167874994778 0.013797754867609785 0.01333114862290226 0.021912570383323858 0.00093407173888087345 -0.0081219129846452926 -0.0019553765932664694 0.011614532424139941 -0.0011337207040385993 0.031354504948703427 -0.021327676257836839 0.028179720139293672 0.0033952386108914313 -0.0080082531138139668 -0.023541501040130627
leaf_weight=7.6658349931240002 10.197399437427519 8.6935378909111041 7.2723555266857129 10.849991530179979 10.298443436622618 14.144277721643446 12.016331136226652 7.6038915514945966 10.423813372850416 7.6977460682392147 9.0213079154491407 11.118664979934691 6.6606131494045258 13.27891221642494 7.1080252826213837 11.444361686706545 7.7895238101482418 6.5978942215442649 7.5794611573219299 7.0061649978160885 9.0756881535053218 9.8478346467018039 13.033549815416334 13.517009139060976 13.606263488531123 6.7495863735675794 8.0070733428001386 32.521138519048698
leaf_count=24 28 24 21 32 29 39 33 21 32 22 28 34 20 37 20 31 21 20 21 22 25 27 35 43 37 20 25 104
internal_value=-5.87049e-05 0.00981276 -0.0112216 0.00220743 -0.00720088 0.00794351 0.013923 0.0155635 -0.0130454 -0.011591 0 -0.0134998 -0.0151554 0.00065956 0.00421645 0.0171601 0.013297 -0.0171951 0.000404461 -0.011234 0.0178199 0.00965087 0.0244152 -0.0141539 0.0229312 -0.00271997 -0.0174779 -0.0216701
internal_weight=300.827 159.459 141.367 57.2652 21.1484 36.1167 102.194 90.178 126.987 116.563 16.7191 99.844 88.7253 21.9725 14.3804 79.9806 55.5027 75.3151 15.1834 35.1281 40.3193 17.6374 24.4779 28.5302 22.682 13.4102 21.5241 40.187
internal_count=875 440 435 161 61 100 279 246 394 362 50 312 278 61 41 218 152 238 42 110 110 48 66 90 62 40 68 128
is_linear=0
shrinkage=0.03


Tree=40
num_leaves=30
num_cat=0
split_feature=47 23 39 16 14 20 51 50 4 40 54 43 16 18 55 18 38 38 20 19 3 24 47 47 52 38 54 36 54
split_gain=5.65291 4.02321 2.78516 2.71874 2.26411 2.97123 5.15751 4.48281 3.81997 3.16424 2.90121 2.6252 2.31991 2.20608 2.1844 3.35205 2.74604 3.76296 2.21774 2.16398 1.76879 1.69224 1.59051 3.371 2.10307 1.25518 1.10605 0.911226 0.583061
threshold=0.74972232100217806 1.0000000180025095e-35 1.3825346314628721 1.2998970680288926 1.5725922515717701 -0.65010147178612876 1.0000000180025095e-35 0.77040927312593077 -0.31358797837359781 0.10173374411164646 0.33768287169835404 0.36755423463204262 1.042256057846459 -0.68735785808598782 0.49255474454592024 0.50692278461811247 0.57908981665640036 0.90738159120725081 0.92526558423841632 -1.0200947897734574 2.1097663920117751 1.0000000180025095e-35 1.2087576662646617 1.4506016077648967 0.88717736510915091 0.4696592251394503 -1.3886737685909132 -1.1472225382525847 -0.085009296338466531
decision_type=2 2 2 2 2 2 2 2 2 2 2 2 2 2 2 2 2 2 2 2 2 2 2 2 2 2 2 2 2
left_child=3 13 22 4 5 6 10 8 12 -8 -1 -9 14 -2 15 18 -16 -18 -7 -11 -6 -14 24 27 -3 -21 -22 -24 -17
right_child=1 2 -4 -5 20 7 9 11 -10 19 -12 -13 21 -15 16 28 17 -19 -20 25 26 -23 23 -25 -26 -27 -28 -29 -30
leaf_value=-0.012266536085115191 0.011225133084898456 -0.023179192531607305 0.0023348719725352876 -0.013814322606074007 -0.012982165215360258 -0.002122958086429302 0.00052198410505181238 0.023752898141515232 0.013189270830115143 0.006991444874274869 0.0094947092425080853 0 0.013626185325176161 -0.0059716416311802207 -0.023886062561524729 -0.0026086400822494158 0.0096559122554513727 -0.01336339857347647 0.018013464396866307 0.030873520417913119 0.0094956545352292421 -0.0037273172131062752 0.0092256374226181055 -0.019183916406244596 -0.0037584380728933747 0.01256838731455755 -0.0050517502700751027 -0.0038236029098283114 -0.015442379215024156
leaf_weight=11.605288892984392 14.119191080331804 19.30901670455933 12.141010493040083 7.0553665757179251 11.036582261323931 8.1264919042587298 11.879207044839857 10.113538295030596 12.890565574169157 12.67862883210182 7.8751836419105521 7.1050844192504874 9.4077062010765093 10.02813410758972 9.5552450418472272 8.1703841984271985 8.557536184787752 15.713040262460707 8.6214017271995527 13.178672492504122 7.3994961977004996 7.7078610658645621 6.9050086736679104 9.8464576303958875 8.5420623719692212 10.657564580440519 8.1211835443973523 9.2514442205429095 7.4998547136783591
leaf_count=33 39 62 35 21 32 23 33 28 36 35 22 20 26 29 28 23 24 45 24 36 21 22 20 31 26 29 23 27 22
internal_value=1.69496e-05 -0.00620871 -0.0100076 0.00268035 0.00336371 0.00457886 0.00948985 0.00150353 -0.00103515 0.0146329 -0.00313348 0.0149608 -0.00349975 0.00391798 -0.00607135 -0.000245322 -0.0112376 -0.00492461 0.00854262 0.018864 -0.00452108 0.00581824 -0.0128864 -0.00658975 -0.0179237 0.0241545 0.00175685 0.00172358 -0.00991283
internal_weight=305.098 90.1423 65.995 214.956 207.901 181.343 67.8745 113.469 96.2501 48.3941 19.4805 17.2186 83.3595 24.1473 66.244 32.4181 33.8258 24.2706 16.7479 36.5149 26.5573 17.1156 53.854 26.0029 27.8511 23.8362 15.5207 16.1565 15.6702
internal_count=875 269 201 606 585 509 188 321 273 133 55 48 237 68 189 92 97 69 47 100 76 48 166 78 88 65 44 47 45
is_linear=0
shrinkage=0.03


Tree=41
num_leaves=28
num_cat=0
split_feature=48 34 1 20 37 51 14 29 34 18 42 59 59 44 19 37 40 34 28 54 52 20 51 34 48 28 26
split_gain=24.0862 9.32147 3.64576 4.25454 5.79842 3.28746 3.12158 2.80303 4.24 2.55024 3.27353 2.29218 2.17831 2.20357 1.91833 3.41917 2.65008 1.87696 1.88996 1.60162 4.02596 1.34442 1.22076 0.855322 0.746768 1.17087 0.308936
threshold=0.4744537170989796 0.36221615046632966 -0.073395712760055853 -0.65010147178612876 -0.34558157803261458 0.1931694170184812 1.0364223850250547 -0.17697574179342987 0.74513182681759493 1.0257420866405587 -0.24670371763906643 -0.89149283702404747 -0.5217103139635868 0.25478360512127113 0.79717621338589317 1.3323128820229104 -0.4720915110546427 0.19810943203007339 0.46069057032243393 -0.35058751242616892 1.0000000180025095e-35 1.0000000180025095e-35 0.1931694170184812 -1.4429577523324908 -1.1863363375887952 0.46069057032243393 1.5415113884358176
decision_type=2 2 2 2 2 2 2 2 2 2 2 2 2 2 2 2 2 2 2 2 2 2 2 2 2 2 2
left_child=1 2 3 4 22 -6 9 8 -3 24 -11 23 13 -8 17 16 -16 19 26 -2 -21 -18 -1 -4 -5 -26 -19
right_child=14 7 11 6 5 -7 12 -9 -10 10 -12 -13 -14 -15 15 -17 21 18 -20 20 -22 -23 -24 -25 25 -27 -28
leaf_value=-0.003927844962506026 -0.016737985570864346 -0.011478860288380398 0.018973790334105536 0.010881460565401723 0.021046435152889013 -0.0036975223587932646 0.019754041960490545 -0.01924441463996672 0.017487256459899812 -0.0048002588033906265 0.020077355067520047 0.034880381546764358 -0.0087700782483371206 -0.0015907229149180499 -0.019205796976588283 0.014504824545334333 0.010519329324902021 -0.022015314418957481 -0.0014626057054369806 0.013854071576798983 -0.014243843139741478 -0.0078490837446700858 -0.021058560009521523 0.0028684226434353968 0.013462940166788598 0.035276295214261122 -0.0091124805185263356
leaf_weight=10.836896136403086 6.8662278205156353 9.8940791636705416 6.7582230567932138 7.6713936924934414 10.76140169799328 6.7357767969369879 7.4268496185541171 10.174377918243406 6.0691270381212226 8.7511276006698626 7.3196893930435172 7.7901301085948935 7.2401309609413138 7.1726963222026825 10.897040918469433 5.2470183819532386 5.1804046034812927 31.995821699500084 6.4950362294912329 7.5791002213954908 7.7700280696153641 6.1625293344259262 6.4867455214262 7.2350336909294137 7.8662590980529812 9.6280421018600446 6.8192270845174781
leaf_count=38 27 38 21 24 35 23 25 40 22 31 24 23 24 24 45 20 20 133 25 29 31 25 23 23 25 29 28
internal_value=2.70346e-05 0.00768316 0.0112309 0.00842252 0 0.0116652 0.0129802 -0.00807214 0 0.0177441 0.00693582 0.0222386 0.00316602 0.0097236 -0.0115976 -0.00428127 -0.0096026 -0.0143312 -0.0178791 -0.00616867 -1.53314e-05 0.000321542 -0.011828 0.0121179 0.0236428 0.0276216 -0.0203207
internal_weight=240.83 145.818 119.68 97.897 34.8208 17.4972 63.0762 26.1376 15.9632 41.2365 16.0708 21.7834 21.8397 14.5995 95.0124 27.487 22.24 67.5254 45.3101 22.2154 15.3491 11.3429 17.3236 13.9933 25.1657 17.4943 38.815
internal_count=875 492 392 325 119 58 206 100 60 133 55 67 73 49 383 110 90 273 186 87 60 45 61 44 78 54 161
is_linear=0
shrinkage=0.03


Tree=42
num_leaves=28
num_cat=0
split_feature=48 45 54 26 46 12 20 44 5 48 54 18 47 54 53 54 14 32 24 36 50 39 14 12 24 55 12
split_gain=35.8502 5.15526 4.48296 4.22296 3.16041 4.35002 4.58861 2.71807 2.57786 1.94472 1.88224 2.8067 4.1271 2.41317 2.3071 1.8764 1.79586 1.79213 1.79388 1.20273 1.18898 1.09936 1.32158 2.62883 0.200256 0.109019 0.0561941
threshold=0.053373702803876912 0.20963056482259682 0.61696298387527004 -0.33776940045700216 -0.5267990431091224 -0.61243186391613957 -0.91266264779021966 -1.7147576256623156 0.28814522829082145 -0.36709530479451613 0.32691687683835263 1.1980541928022552 -0.54012520048261992 1.0000000180025095e-35 -0.64627601728851192 -0.22917499951273121 -0.277399133566615 1.0000000180025095e-35 -1.727019913266822 -0.31082669557416664 0.77040927312593077 1.4771910037963856 -1.1688241280674114 -0.31630625529646511 -0.33961122102786895 -0.34299862598926917 -0.58921751477735107
decision_type=2 2 2 2 2 2 2 2 2 2 2 2 2 2 2 2 2 2 2 2 2 2 2 2 2 2 2
left_child=2 -2 10 15 7 -6 -7 -5 16 -4 11 13 -13 14 -1 -3 -8 18 -16 -20 21 22 23 26 -21 -24 -9
right_child=1 3 9 4 5 6 8 20 -10 -11 -12 12 -14 -15 17 -17 -18 -19 19 24 -22 -23 25 -25 -26 -27 -28
leaf_value=-0.00016482233741540127 -0.0074524655292303142 0.0058275194495563684 0.013634797785036597 0.0017659851289965464 0.022592414196970011 -0.014778666127402819 0.023235052116841584 0.011741557656385328 -0.0038579365256522649 -0.0063177362463463886 -0.025150474673119306 0.014657437593827633 -0.012868261045936216 0 -0.0037973182544077198 -0.012462863678028327 0.0020426180557349899 -0.0029203050034041678 -0.0057249071024836487 -0.023355073879126116 0.0081194069439021951 0.0065791006995981451 0.030231604591706866 0 -0.012620829507253507 0.014950857537212574 0.025247606272189763
leaf_weight=9.4225080013275129 13.130886584520338 9.6185730695724505 7.6089673042297363 11.005032330751417 9.5424620211124402 10.14599350094795 8.4035453498363442 7.4045155346393612 9.3211360871791822 6.7759481370449048 10.639674961566923 7.7228563427925137 8.9651475548744184 11.116745889186857 8.7097751200198967 7.5497142076492301 7.211595267057425 9.412155866622923 7.1913225948810426 42.32611826062201 12.908497065305708 7.3842211067676535 20.431277990341183 8.0811118781566531 10.958723366260569 7.3867763578891887 9.6462216973304766
leaf_count=29 38 27 21 30 26 29 23 20 26 20 33 22 28 34 27 22 20 29 23 135 35 20 55 22 35 20 26
internal_value=-6.57779e-05 0.0096273 -0.0110479 0.0112638 0.0131152 0.00614682 0.00076661 0.0165642 0.00779825 0.00414945 -0.0128518 -0.0113638 0 -0.0132533 -0.0148904 -0.00224936 0.014835 -0.0165447 -0.0182119 -0.020049 0.0186274 0.020527 0.0221271 0.0149046 -0.021663 0.0273512 0.0211295
internal_weight=300.022 159.172 140.85 146.041 128.872 44.6247 35.0823 84.2477 24.9363 14.3849 126.465 115.825 16.688 99.1373 88.0206 17.1683 15.6151 78.5981 69.1859 60.4762 73.2426 60.3341 52.9499 25.1318 53.2848 27.8181 17.0507
internal_count=875 439 436 401 352 124 98 228 69 41 395 362 50 312 278 49 43 249 220 193 198 163 143 68 170 75 46
is_linear=0
shrinkage=0.03


Tree=43
num_leaves=30
num_cat=0
split_feature=25 58 42 25 40 33 50 49 42 33 33 18 4 37 13 20 19 45 33 32 55 25 50 29 42 38 42 32 32
split_gain=5.40325 5.653 7.32429 3.94177 4.80757 3.60339 3.6032 3.52041 3.50461 3.2691 4.33184 3.13156 3.23956 2.80037 2.63384 2.60944 4.7541 3.95282 4.23557 2.49286 2.18388 2.13384 1.96021 1.70731 2.12399 3.88436 1.4503 0.599527 0.396986
threshold=-0.22779278552537258 0.45568811738581605 -0.43240800003996888 0.44558115817294347 0.1973712866393614 1.231459894044014 0.77040927312593077 0.94835046223829955 -1.6162728003457218 0.83391506606394705 0.4250118144273064 1.2226682816970296 -0.56353595565398062 -0.13584477052567406 1.2982613318313849 0.40014323223023446 0.31257061254339952 0.64239038647043645 0.4250118144273064 0.23602229031289992 0.4035734888366877 1.1189551018712596 -0.78822220429647238 -0.85977761165600697 0.68181769436544604 -1.3906608306487012 0.31040912956364092 1.5948273976612317 0.40587292873144137
decision_type=2 2 2 2 2 2 2 2 2 2 2 2 2 2 2 2 2 2 2 2 2 2 2 2 2 2 2 2 2
left_child=1 6 -3 7 13 9 22 11 -7 10 -6 12 -2 -5 15 17 -17 18 -14 -8 -4 -15 -1 -24 25 -25 28 -26 -27
right_child=3 2 20 4 5 8 19 -9 -10 -11 -12 -13 14 21 -16 16 -18 -19 -20 -21 -22 -23 23 24 27 26 -28 -29 -30
leaf_value=0.0021047615296656504 0.024973365886096621 -0.012911479336734253 0.025022301263593436 0.0013502877655890862 0.014653217270052008 0.0097100495403635023 0.016487801883313981 -0.0095053011215711237 -0.013790140930761407 0.024000145701076701 -0.009996712648239375 -0.0064241919982858872 -0.023313385685814488 -0.022128925186686563 0.023208875676024105 0.023603840004213901 -0.004441904657227113 0.01477341680589196 0.0053055735236746705 -0.0056948131412032435 0.0047348878456362599 -0.0016035301081685463 -0.00056172332218362806 0.0085923696878747388 -0.021842254493000333 -0.020172362805949893 -0.0012008867416393129 -0.0076627190907533477 -0.0069846462165716805
leaf_weight=9.5264889001846296 14.202919065952299 10.238846510648729 10.809583425521852 12.950459063053129 12.873488754034044 7.8544857203960445 7.312724828720091 7.3793676793575278 12.887169450521467 10.092751830816267 9.9624855220317823 7.4152121245861045 8.332911282777788 13.751741558313372 7.7847400605678549 11.811903595924379 7.9825975000858298 6.9922435581684104 7.4626418352127066 7.7577875852584839 10.637529999017714 7.803797334432601 12.281492829322813 8.5128098130226046 23.505557805299762 14.180152624845517 8.3637660443782789 7.1276246607303611 6.8466488420963278
leaf_count=28 39 29 30 37 36 22 21 21 37 28 28 21 24 40 22 33 23 20 21 23 30 22 35 25 72 42 25 21 20
internal_value=2.24512e-05 -0.00434873 0.00644604 0.00364179 -0.000671542 0.00483393 -0.00769449 0.0084318 -0.00456659 0.0108705 0.00369949 0.0105087 0.0126458 -0.009246 0.00843219 0.00489685 0.0124958 -0.00182096 -0.0101579 0.00522501 0.0161887 -0.0155461 -0.00996507 -0.0114731 -0.0132888 -0.00777638 -0.0128987 -0.0192414 -0.0168956
internal_weight=304.642 137.101 31.686 167.541 88.1764 53.6704 105.415 79.3645 20.7417 32.9287 22.836 71.9852 64.57 34.506 50.367 42.5823 19.7945 22.7878 15.7956 15.0705 21.4471 21.5555 90.3445 80.8181 68.5366 37.9034 29.3906 30.6332 21.0268
internal_count=875 401 89 474 250 151 312 224 59 92 64 203 182 99 143 121 56 65 45 44 60 62 268 240 205 112 87 93 62
is_linear=0
shrinkage=0.03


Tree=44
num_leaves=26
num_cat=0
split_feature=47 34 1 20 37 58 14 12 51 29 34 20 19 37 40 12 28 32 45 40 34 51 55 47 32
split_gain=23.5577 9.0167 3.31389 4.2312 5.59844 3.46223 3.225 4.65901 3.11059 2.73228 4.08424 2.11954 1.93529 3.31853 2.60276 2.14103 1.70685 2.41097 2.24927 1.30042 1.96518 1.18406 0.65775 0.314037 0.223476
threshold=0.35844949243610996 0.36221615046632966 -0.073395712760055853 -0.65010147178612876 -0.34558157803261458 1.1174758397303621 1.0364223850250547 -0.62806875360956205 0.1931694170184812 -0.17697574179342987 0.74513182681759493 0.66270440823432541 0.79717621338589317 1.3323128820229104 -0.4720915110546427 -0.57114893797348232 0.72548425262950544 1.0000000180025095e-35 0.36267377716254373 0.73400416415598368 -0.81388199832684116 0.1931694170184812 -0.41093396932979281 -0.63952060034017877 0.9154248439870657
decision_type=2 2 2 2 2 2 2 2 2 2 2 2 2 2 2 2 2 2 2 2 2 2 2 2 2
left_child=1 2 3 4 21 -4 7 -5 -6 10 -3 -8 16 14 -14 -16 17 18 -2 23 -21 -1 -20 -9 -19
right_child=12 9 5 6 8 -7 11 19 -10 -11 -12 -13 13 -15 15 -17 -18 24 22 20 -22 -23 -24 -25 -26
leaf_value=-0.0039094624884974819 0.0063493350752656507 -0.01133826084735298 0.032789652095042546 -0.0013327359084652896 0.020449640462007763 0.0074362109328675119 0.012036829470306348 0.037319669086731982 -0.0035895756570576394 -0.019060478910116002 0.017059327501162139 -0.0053695630397277505 -0.019030832471012921 0.014302770097149052 0.012344956963889925 -0.010816917956991152 0.00086075841790969143 -0.023224419481117531 -0.017666347920026526 0.025995047759020437 0.0048546819221111145 -0.020859421788101344 -0.0023717358814166925 0.016831884281114904 -0.013656421477563518
leaf_weight=10.82817515730858 6.9063379466533688 9.8298460543155688 10.892955124378206 8.3908430486917478 10.86314231157303 11.078417629003523 10.583696544170381 7.530114471912384 6.7122246325016013 10.04106369614601 6.1259018927812567 11.32357135415077 10.746063917875293 5.2732165306806555 5.657286137342453 5.6623195558786392 5.3003261983394614 23.254404038190842 8.4321707934141159 6.6583378016948691 11.184405326843263 6.4046399593353263 5.4536071866750691 7.203627020120619 18.013530001044273
leaf_count=38 26 38 32 29 35 35 35 23 23 40 22 38 45 20 22 23 20 98 35 20 36 23 21 23 75
internal_value=2.87789e-05 0.00760019 0.0110828 0.00837671 0 0.0215538 0.0129331 0.0178013 0.0113939 -0.00794078 0 0.00301583 -0.0114909 -0.0041366 -0.00942772 0.000380836 -0.0142335 -0.0156069 -0.00621667 0.0227475 0.0144579 -0.0116951 -0.0128663 0.0301532 -0.0198137
internal_weight=240.35 145.651 119.654 97.6828 34.8082 21.9714 62.8746 40.9673 17.5754 25.9968 15.9557 21.9073 94.6993 27.3389 22.0657 11.3196 67.3604 62.06 20.7921 32.5765 17.8427 17.2328 13.8858 14.7337 41.2679
internal_count=875 490 390 323 119 67 204 131 58 100 60 73 385 110 90 45 275 255 82 102 56 61 56 46 173
is_linear=0
shrinkage=0.03


Tree=45
num_leaves=26
num_cat=0
split_feature=48 45 54 30 36 46 40 23 61 16 52 48 54 18 47 54 12 51 24 38 32 47 30 12 32
split_gain=33.9774 4.93489 4.33881 3.99786 2.95856 2.63291 4.29462 3.89444 3.798 2.83664 2.63706 1.87953 1.85919 2.71197 3.98423 2.3465 2.27519 1.65438 1.50377 1.15388 1.44318 1.25775 1.12829 0.694194 0.438787
threshold=0.053373702803876912 0.20963056482259682 0.61696298387527004 0.50419549928459795 0.69284831563993532 -0.4818638045260189 0.10173374411164646 0.32209081081737329 362.50000000000006 -0.33328094140392583 -0.45085227201323974 -0.36709530479451613 0.32691687683835263 1.1980541928022552 -0.54012520048261992 1.0000000180025095e-35 1.9123980958947093 0.1931694170184812 -1.3801677402070835 -1.3177071029707348 1.2551261208241484 1.4419463837705913 1.0000000180025095e-35 2.1837163548817875 -0.44338026336126568
decision_type=2 2 2 2 2 2 2 2 2 2 2 2 2 2 2 2 2 2 2 2 2 2 2 2 2
left_child=2 -2 12 5 -5 7 8 9 -7 10 -3 -4 13 15 -15 16 17 -1 -19 21 -21 -9 -20 -18 -24
right_child=1 3 11 4 -6 6 -8 19 -10 -11 -12 -13 -14 14 -16 -17 23 18 22 20 -22 -23 24 -25 -26
leaf_value=-0.021151626651804183 -0.0073700605991691669 -0.012554759210198635 0.013436149016360815 -0.015967232598289936 0.0084712719428374286 -0.012634033991126606 0.017417630104804776 0.0032860464937421812 0.010622491070959018 0.01720758735280167 0.0076288115320939558 -0.0061810354163334882 -0.024865238646046593 0.014401222064430659 -0.012657168582598273 0 0.0035416880820245181 0.0012238125569138463 -0.0016479228377694018 0.026574673704244257 0.010887164464131481 0.019521259985801485 -0.020738974378934398 -0.0086363772686505729 -0.0076319494990605783
leaf_weight=39.373987764120102 13.109092175960539 8.2011893391609174 7.6223316788673401 7.0589270591735822 7.6372729241847992 13.299055188894274 14.155771791934965 11.020222872495653 9.4093972742557508 11.704130023717878 13.024783104658129 6.7542449831962568 10.518858194351195 7.7475876510143307 8.9111244082450849 11.099731683731077 6.7223486304283124 6.5554694533348075 6.9495252370834377 30.533691316843033 11.859289318323134 8.1949977278709394 13.195158243179323 6.5834156572818756 7.9247707724571219
leaf_count=128 38 23 21 20 21 38 39 30 26 32 36 20 33 22 28 34 20 20 22 82 32 22 43 20 25
internal_value=-7.22504e-05 0.0093463 -0.0108141 0.0109465 -0.00328831 0.0126029 0.00525489 0.0152788 -0.0026886 0.00628003 -0.00021954 0.00412868 -0.0126005 -0.0111223 0 -0.0129909 -0.0146163 -0.0166533 -0.0107061 0.0197301 0.0228449 0.0114119 -0.0136159 -0.00234304 -0.0169184
internal_weight=299.166 159.208 139.959 146.099 14.6962 131.403 36.8642 94.5383 22.7085 32.9301 21.226 14.3766 125.582 115.063 16.6587 98.4044 87.3047 73.9989 34.6249 61.6082 42.393 19.2152 28.0695 13.3058 21.1199
internal_count=875 439 436 401 41 360 103 257 64 91 59 41 395 362 50 312 278 238 110 166 114 52 90 40 68
is_linear=0
shrinkage=0.03


Tree=46
num_leaves=30
num_cat=0
split_feature=47 23 39 16 47 1 20 51 45 37 47 9 24 60 53 19 45 44 44 24 46 37 46 33 44 23 60 31 49
split_gain=5.09599 3.73984 2.6435 2.62409 2.19302 3.04776 3.97507 6.41471 3.59823 3.48412 3.35414 3.89234 3.05519 2.73396 2.14987 2.05259 1.93962 1.61187 1.56541 1.55853 2.09607 1.85026 1.47487 1.22757 1.07308 0.983822 0.597467 0.507619 0.00306864
threshold=0.74972232100217806 1.0000000180025095e-35 1.3825346314628721 1.2998970680288926 0.65105684330299318 -0.073395712760055853 -0.65010147178612876 1.0000000180025095e-35 0.61626821362053763 0.49336565199514765 -0.50005545997988754 -0.80113513670621705 -0.54772252486371198 449.50000000000006 -0.64627601728851192 -1.0200947897734574 -1.3312688583740229 -0.72998701027052226 0.40249919743004015 0.56220442892745093 -1.0359011389705495 0.87788313242453908 0.80525960745206171 -0.22241833399737396 -1.0000000180025095e-35 -1.0000000180025095e-35 362.50000000000006 0.43659638107340681 -0.43856131790754754
decision_type=2 2 2 2 2 2 2 2 2 2 2 2 2 2 2 2 2 2 2 2 2 2 2 2 2 2 2 2 2
left_child=3 14 19 4 5 6 7 18 9 10 11 16 26 -13 -2 -9 -8 -16 -1 27 21 -21 -14 -17 -10 -12 -7 -3 -29
right_child=1 2 -4 -5 -6 12 8 15 24 -11 25 13 22 -15 17 23 -18 -19 -20 20 -22 -23 -24 -25 -26 -27 -28 28 -30
leaf_value=-0.015129547766624292 0.016041273499183033 -0.0085121210153163551 0.0023935730321053878 -0.013679668307947293 0.013938055987956723 -0.020868166580989219 0.019171325741606442 0.0050261166783875516 -0.0021697367781256093 -0.015084947391279257 0.02152326975475868 -0.014600147846787931 -0.004741453027055113 0.0040413876905329629 -0.0094182471692099493 0.0092996277236474158 0.0028596999229125444 0.0077172140457922415 0.0027672290626958728 0.010707962846947286 -0.01543806219193806 -0.0083347094491527038 0.012154350736036896 0.025073066903446923 -0.018842752804769214 0.0060737038279636852 -0.0065189399575474481 -0.011051440175313398 -0.024358468811639625
leaf_weight=7.2566237747669202 7.216507405042651 9.4117386043071765 12.125183492898939 7.0250089764595023 14.655650883913038 7.32635065913201 8.3154108822345645 14.120797157287596 7.4956370890140542 7.2487125098705283 9.8782892823219317 16.095221877098087 8.0747098028659803 10.279881566762922 9.9002153575420415 10.942455410957335 25.621240645647049 7.0298181772232029 7.1419661343097687 7.4237907528877276 11.082401424646376 7.8569034039974213 7.2372891008853903 18.751158177852634 8.255944818258282 10.030810862779623 9.0052454173564893 6.3261408209800747 11.077539831399916
leaf_count=21 20 29 35 21 40 22 23 39 22 21 27 47 23 29 28 30 71 20 20 22 35 24 20 51 25 28 26 20 36
internal_value=2.82189e-05 -0.00591013 -0.00960738 0.00255322 0.00322498 0.00227979 0.00397382 0.0101387 0.000344335 0.00282575 0.00476476 0.00101028 -0.00597023 -0.00729274 0.00383211 0.0157562 0.00766814 -0.00192857 -0.00645148 -0.012444 -0.00634098 0.000689396 0.00325946 0.0201794 -0.0121349 0.0149905 -0.0145064 -0.0175785 -0.0210996
internal_weight=304.209 89.4502 65.3037 214.758 207.733 193.078 161.434 58.213 103.221 87.4696 80.2209 60.3118 31.6436 26.3751 24.1465 43.8144 33.9367 16.93 14.3986 53.1785 26.3631 15.2807 15.312 29.6936 15.7516 19.9091 16.3316 26.8154 17.4037
internal_count=875 269 201 606 585 545 454 161 293 246 225 170 91 76 68 120 94 48 41 166 81 46 43 81 47 55 48 85 56
is_linear=0
shrinkage=0.03


Tree=47
num_leaves=28
num_cat=0
split_feature=47 34 46 1 31 58 59 24 50 36 29 34 19 23 44 19 37 46 28 32 45 24 39 44 46 46 31
split_gain=22.4897 8.57037 3.25716 5.62178 3.33619 3.84742 3.10459 4.72139 2.83359 4.43936 2.6753 3.91889 2.35238 1.95139 1.92731 1.90905 3.21111 2.5176 1.67538 2.38027 2.17333 1.96148 0.520765 0.51874 0.334071 0.182279 0.143903
threshold=0.35844949243610996 0.36221615046632966 0.19121021719552012 -0.44893860538432778 0.11113342299743546 0.45568811738581605 -0.89149283702404747 -1.0000000180025095e-35 -0.44185965375816061 0.86012748417561868 -0.17697574179342987 0.74513182681759493 -1.1412461899840809 -0.80758050895964539 1.0000000180025095e-35 0.79717621338589317 1.3323128820229104 -0.2681488825961213 0.72548425262950544 1.0000000180025095e-35 0.36267377716254373 -0.54772252486371198 -0.33705613259595602 0.64869185127798856 -0.2681488825961213 -0.97044563116864502 -0.5940363195005024
decision_type=2 2 2 2 2 2 2 2 2 2 2 2 2 2 2 2 2 2 2 2 2 2 2 2 2 2 2
left_child=1 2 26 4 5 22 8 12 -5 -10 11 -3 -8 -7 -15 18 17 25 19 20 -2 -22 -4 -14 -21 -17 -1
right_child=15 10 3 6 -6 13 7 -9 9 -11 -12 -13 23 14 -16 16 -18 -19 -20 24 21 -23 -24 -25 -26 -27 -28
leaf_value=0.013087676513915283 0.0062196486152795152 -0.011165966980006894 -0.006620743803236585 -0.0060139703860814181 0.018033098464248141 0.014251820092459446 0.0093403134637292645 -0.00023447980585761526 0.023632783834791796 -0.002939587865651962 -0.018893952579087006 0.016629270746333205 0.018186419273580275 0.009534654950210969 -0.010533258835027278 -0.0073721768771672176 0.014074833753199182 0.0034544133383038762 0.00089743621542010368 -0.021132757767252808 0.0005196552803696774 -0.0207653028011365 -0.020082271630889308 0.04131633001973449 -0.0080605713963521567 -0.020305712266469957 0.030424999222348037
leaf_weight=6.4580300152301788 6.9293945133686092 9.749380826950075 10.945682957768442 8.774310961365698 7.1196556389331809 10.032974272966385 7.0192118585109773 6.3760427236557033 12.224773317575456 8.5021505951881391 9.9161675274372083 6.1824187487363806 6.6992455422878256 5.9010342806577691 8.5566656589508039 6.106120645999912 5.3026902526617041 7.8078205138444909 5.2936905324459067 34.467459663748741 5.4768978357315072 8.2711084485053981 5.9128603339195243 8.9490382075309736 6.2175411134958258 7.9696158319711685 6.6878095269203168
leaf_count=20 26 38 38 29 24 34 21 20 38 27 40 22 20 20 30 26 20 30 20 148 22 34 22 26 25 34 21
internal_value=2.94033e-05 0.00739357 0.0107691 0.00870761 0.000944089 -0.0023866 0.0148509 0.0217577 0.00713401 0.0130001 -0.00780876 0 0.0278226 0.00496342 -0.00184006 -0.0113015 -0.00399011 -0.00924615 -0.014042 -0.0154169 -0.00608036 -0.0126754 -0.0129241 0.034221 -0.0196349 -0.0163306 0.0245303
internal_weight=239.85 146.007 120.159 107.014 48.4689 41.3492 58.5448 29.0435 29.5012 20.7269 25.848 15.9318 22.6675 24.4907 14.4577 93.8423 27.1862 21.8836 66.6561 61.3624 20.6774 13.748 16.8585 15.6483 40.685 14.0757 13.1458
internal_count=875 490 390 349 168 144 181 87 94 65 100 60 67 84 50 385 110 90 275 255 82 56 60 46 173 60 41
is_linear=0
shrinkage=0.03


Tree=48
num_leaves=25
num_cat=0
split_feature=47 25 54 46 46 25 43 49 52 54 47 30 46 54 18 45 54 53 32 24 30 20 36 24
split_gain=31.8409 4.74064 4.14121 3.23655 2.70729 2.63109 2.40567 4.6598 3.38401 5.04625 3.35316 1.85642 2.1478 1.73733 2.95205 3.92497 2.72563 2.27271 1.73626 1.77319 1.65898 1.64938 1.19876 0.228303
threshold=-0.026892079264261921 -0.22779278552537258 0.61696298387527004 -0.57911722124907217 -0.2095637832604926 0.44558115817294347 -0.2079447176320896 0.77498648972006878 0.44116748606835393 0.41737036482465156 0.95759564842011513 0.32124451119017622 -0.2681488825961213 0.24657040163597749 1.1980541928022552 0.074971909465789785 1.0000000180025095e-35 -0.64627601728851192 1.0000000180025095e-35 -1.727019913266822 -1.0508878995179858 0.40014323223023446 -0.31082669557416664 -0.33961122102786895
decision_type=2 2 2 2 2 2 2 2 2 2 2 2 2 2 2 2 2 2 2 2 2 2 2 2
left_child=2 6 13 5 -5 20 7 8 9 -2 -10 12 -8 14 16 -16 17 -1 19 -19 -3 -4 -21 -24
right_child=1 3 21 4 -6 -7 11 -9 10 -11 -12 -13 -14 -15 15 -17 -18 18 -20 22 -22 -23 23 -25
leaf_value=0 0.0026426558142700197 0.010371545853389494 -0.0050906188779794017 -0.016722567359713496 0.0033843688282049799 0.016688429520427702 0.029846236669133681 -0.0088882939315181892 -0.011804300761837264 0.026515647745457602 0.011298979908120088 0.0069048834821365595 0.0087215067876508078 -0.023156439348802065 0.012477876241081313 -0.015165580072808415 0.0020064985023692241 -0.0033652433346260612 -0.0026006035541364823 -0.0052743561188410351 -0.0055345786228693317 0.013243470638067129 -0.022844051685270275 -0.012091091403270244
leaf_weight=9.3340108096599561 13.787355214357374 7.9954762458801261 7.2363909482955915 10.71460744738579 10.290781468152998 14.20190382003784 16.735488653182983 9.795906186103819 7.8325448036193874 21.121470540761948 12.62563320994377 11.356662720441816 9.072083532810213 12.624536871910093 9.6332055926322955 6.368107169866561 9.1500716805458051 8.6142110824584801 9.3353796005249006 7.0957059860229341 13.96406275033951 7.1431677639484406 41.421400278806672 10.772038578987162
leaf_count=29 38 22 21 32 29 39 45 27 22 57 34 31 25 40 28 20 28 27 29 23 39 20 135 35
internal_value=-8.24488e-05 0.00900084 -0.0105527 0.00188489 -0.00703633 0.00730019 0.0128338 0.00883943 0.0122332 0.0177491 0.00197836 0.0190677 0.023527 -0.0123147 -0.010746 0.000776762 -0.0127162 -0.0143481 -0.0160078 -0.0176685 0.00029394 0.00402983 -0.0195136 -0.0211363
internal_weight=298.222 159.494 138.728 57.1668 21.0054 36.1614 102.327 65.1629 55.367 34.9088 20.4582 37.1642 25.8076 124.349 111.724 16.0013 95.7228 86.5727 77.2387 67.9034 21.9595 14.3796 59.2891 52.1934
internal_count=875 440 435 161 61 100 279 178 151 95 56 101 70 394 354 48 306 278 249 220 61 41 193 170
is_linear=0
shrinkage=0.03


Tree=49
num_leaves=32
num_cat=0
split_feature=25 58 42 25 1 50 60 60 14 48 37 55 55 12 43 25 33 10 32 55 54 50 29 44 42 24 23 54 54 19 47
split_gain=4.95107 5.20005 7.02305 3.73517 4.11493 3.47093 3.42818 3.22846 3.00755 4.90181 2.95808 3.67388 3.34344 2.81087 2.80757 3.58534 2.68049 2.62303 2.3875 2.0586 1.99019 1.8891 1.58685 2.13901 2.92618 1.45063 2.33728 0.824708 0.803882 0.57298 0.522566
threshold=-0.22779278552537258 0.45568811738581605 -0.43240800003996888 0.44558115817294347 -0.073395712760055853 0.77040927312593077 457.50000000000006 362.50000000000006 0.72528252129757143 -0.55161894787646804 -0.13584477052567406 0.21785643448872158 1.3006147582827401 -0.44508215109958099 -1.0065963248557828 1.0000000180025095e-35 -0.39279468884597418 0.86682719186488966 0.23602229031289992 0.4035734888366877 -0.51628036404837052 -0.78822220429647238 -0.85977761165600697 0.40249919743004015 0.68181769436544604 1.1171679058230322 0.32209081081737329 1.2774731892598667 -0.93687555288245206 0.19141921233277615 0.94483044307238118
decision_type=2 2 2 2 2 2 2 2 2 2 2 2 2 2 2 2 2 2 2 2 2 2 2 2 2 2 2 2 2 2 2
left_child=1 5 -3 6 10 21 8 30 9 -2 11 -5 13 -13 -11 16 -16 -12 -7 -4 -8 -1 -23 24 25 26 -24 -26 -15 -17 -6
right_child=3 2 19 4 7 18 20 -9 -10 14 17 12 -14 28 15 29 -18 -19 -20 -21 -22 22 23 -25 27 -27 -28 -29 -30 -31 -32
leaf_value=0.0021999948652041685 -0.01033552966014171 -0.012813337401990314 0.02424908844711051 0.024336496118400969 -0.023064702220083791 0.016271827690105812 -0.013697012427382357 0.0019263107244000925 0.026030031048137194 -0.0012904054405855118 0.0025094361118911711 0.010082517827899483 0.016111459210940881 -0.0017293560574502325 0.016694038920228266 0.030431496005517457 -0.0051871789193587209 -0.018296617687189404 -0.0054545309440549201 0.0045522861838093948 0.0057698020331313779 -0.00058336183823265897 0.003749356399765496 -0.024097337080173281 -0.020803115814800998 0.0073677340090773846 -0.014477161083716607 -0.0063086611475823111 -0.016691014031742446 0.01229801298912221 -0.0076826667032708689
leaf_weight=9.4939247667789441 9.3766949474811536 10.20433694124222 10.854405611753466 8.350247383117674 9.3843195140361839 7.3216229081153852 7.7357162237167358 10.969505667686461 9.4938964545726758 10.029058516025534 12.814397990703585 7.3495284020900717 10.124205142259596 7.0421483516693089 7.7645596265792802 10.591950684785845 9.3212865293026095 7.1831353902816764 7.7109420895576477 10.63414281606674 7.9193674027919752 12.252888977527617 9.6446452438831383 12.459928810596464 17.202235281467441 7.3797163069248191 12.943736940622328 8.2045980691909772 7.8716940879821822 7.1555234491825095 6.8914573490619651
leaf_count=28 27 29 30 23 28 21 22 31 26 29 36 20 28 20 22 29 27 21 23 30 22 35 28 38 53 22 39 25 23 20 20
internal_value=3.27759e-05 -0.00416716 0.00617149 0.00349542 -0.000708642 -0.00739877 0.00815543 -0.0101405 0.0112187 0.00788781 0.00356843 0.00816883 0.00293066 -0.00344943 0.0120373 0.0159345 0.00497857 -0.0054402 0.00528064 0.0156957 -0.00385622 -0.00964428 -0.0111365 -0.0129023 -0.00970873 -0.00285672 -0.00669697 -0.0169581 -0.0107955 0.0249603 -0.0180871
internal_weight=303.676 136.307 31.6929 167.369 87.9806 104.614 79.3881 27.2453 63.733 54.2391 60.7354 40.7378 32.3876 22.2634 44.8624 34.8333 17.0858 19.9975 15.0326 21.4885 15.6551 89.5817 80.0877 67.8349 55.3749 29.9681 22.5884 25.4068 14.9138 17.7475 16.2758
internal_count=875 401 89 474 250 312 224 79 180 154 171 114 91 63 127 98 49 57 44 60 44 268 240 205 167 89 67 78 43 49 48
is_linear=0
shrinkage=0.03


Tree=50
num_leaves=29
num_cat=0
split_feature=45 34 46 1 26 46 46 48 40 59 39 58 28 44 38 12 32 42 26 13 32 12 48 19 57 18 38 31
split_gain=21.0933 4.68753 4.86487 3.3037 3.08757 3.23451 3.96992 4.0043 2.82305 3.51818 2.66815 2.34551 2.16451 2.1516 2.27326 2.61981 3.74875 2.07319 1.86603 1.70062 1.69649 1.52478 1.45912 1.11191 1.01168 0.960722 0.944441 0.717946
threshold=-0.47738118357869525 0.36221615046632966 -0.60375470755715199 -0.073395712760055853 0.13205079676620279 0.37710698864127429 0.64929312058372934 -1.2337495812431787 1.0444466633134071 0.58763725521779475 -1.1153418606715111 1.1174758397303621 -0.86327784121292417 -1.7147576256623156 -0.24163961972072553 -0.41625569569352938 1.2551261208241484 -0.24670371763906643 0.60187099398940769 -1.0198710068353589 -1.122782817035431 -0.59107459881592084 0.78216142933740984 0.67602481317526975 1.0000000180025095e-35 0.84548357186814094 -0.77055414538598399 -0.21432953507853583
decision_type=2 2 2 2 2 2 2 2 2 2 2 2 2 2 2 2 2 2 2 2 2 2 2 2 2 2 2 2
left_child=3 2 12 4 5 20 -7 10 9 17 -8 -5 24 -3 23 16 22 27 -6 -9 -1 -19 25 -15 -2 -16 -25 -4
right_child=1 13 8 11 18 6 7 19 -10 -11 -12 -13 -14 14 15 -17 -18 21 -20 -21 -22 -23 -24 26 -26 -27 -28 -29
leaf_value=0.031110882540782092 0.00722440072650961 0.0040134067722066473 -0.0030763535997864948 0.031038940100134058 -0.016477309810096766 -0.0093040395100631584 -0.0092081046171012659 0.0065437699363911934 -0.01208290010492351 -0.0093871707875629543 0.012426898883132777 0.0089447860713583582 -0.019681045625142377 -0.022961400747425764 -0.019698256569717815 -0.017790013255755039 0.017868309470689046 0.0050859682308197528 0.0046281444103495502 0.027311917007168316 0.0091993036577457457 0.026981819488093639 0.0031600344874491851 -0.0010375081005053119 -0.0085796700253208229 -0.0015583135207459242 -0.017848596203345352 0.0096288171819634994
leaf_weight=7.4169101715087917 4.9821265041828173 5.6489065885543814 6.6259162425994873 10.110909789800646 5.7156157791614515 10.837975800037382 10.565109729766844 8.1785201430320758 5.6284871995449057 6.4710189104080191 7.4255091547965995 11.25947594642639 12.157820552587507 23.866695806384087 6.9879604876041466 12.45107653737068 5.3703122437000266 6.0417046397924397 6.2032136619091034 10.139077812433245 9.4794971346855146 9.4713963866233843 5.9301846772432318 7.7474102824926376 6.547442302107811 5.3334386795759201 4.8014292716979963 5.8715540170669556
leaf_count=22 20 22 23 29 20 38 35 27 20 24 24 35 51 105 30 51 20 21 22 31 29 31 24 32 27 21 21 20
internal_value=3.61731e-05 -0.00728716 -0.00109663 0.0107247 0.00740266 0.0100189 0.00547311 0.0102369 0.00512876 0.00849159 0 0.0210106 -0.011554 -0.0121504 -0.0135469 -0.00744674 -0.00101928 0.0130925 -0.00575627 0.0195392 0.0208963 0.0200072 -0.00781543 -0.0188978 -0.00124447 -0.0133016 -0.00911577 0.00285631
internal_weight=239.267 141.935 63.7975 97.3318 75.9614 64.0426 47.1462 36.3082 40.1101 34.4816 17.9906 21.3704 23.6874 78.1374 72.4885 36.073 23.6219 28.0106 11.9188 18.3176 16.8964 15.5131 18.2516 36.4155 11.5296 12.3214 12.5488 12.4975
internal_count=875 563 237 312 248 206 155 117 139 119 59 64 98 326 304 146 95 95 42 58 51 52 75 158 47 51 53 43
is_linear=0
shrinkage=0.03


Tree=51
num_leaves=26
num_cat=0
split_feature=48 45 54 26 20 16 2 20 53 36 44 41 54 18 45 54 12 48 54 51 47 45 44 19 44
split_gain=30.5998 4.55842 4.02962 3.75776 2.90281 5.09214 3.0577 2.17687 1.99773 1.86228 4.0777 2.0208 1.81134 2.51328 3.7478 2.22967 2.2516 1.80255 1.75634 1.64587 1.53826 1.44013 1.20704 0.695654 0.366403
threshold=0.053373702803876912 0.20963056482259682 0.61696298387527004 -0.33776940045700216 -0.91266264779021966 -1.5161709712376492 2.3101088946695252 1.1878267602425072 -0.21608087455176947 -1.007823231139515 -0.5822714179617533 0.69942933189265066 0.32691687683835263 1.1980541928022552 0.074971909465789785 1.0000000180025095e-35 1.9123980958947093 -0.36709530479451613 -0.22917499951273121 0.1931694170184812 -1.3086968863737189 0.72157368566488811 0.40249919743004015 -0.53548918893096398 -0.13912464103544631
decision_type=2 2 2 2 2 2 2 2 2 2 2 2 2 2 2 2 2 2 2 2 2 2 2 2 2
left_child=2 -2 12 18 5 -5 7 9 -7 -6 11 -11 13 15 -15 16 19 -4 -3 24 -21 -12 -22 -18 -1
right_child=1 3 17 4 6 8 -8 -9 -10 10 21 -13 -14 14 -16 -17 23 -19 -20 20 22 -23 -24 -25 -26
leaf_value=-0.0095728122858307566 -0.0072610603117885539 0.0054111073176679849 0.013103712901226328 0.022767966254505587 0.026730463650360508 0.0054433769423643131 0 0.0037143233860507949 -0.010244946018173572 0.012343834031193126 0.0060956073127160001 -0.0066310795731788653 -0.024326240817326976 0.011157665551613696 -0.01546533828727141 0 -0.0082851689106973759 -0.0061051261496489666 -0.012293140110636071 -0.00019795338215732568 -0.020538986862389037 0.023757800303127796 -0.0052176432317562575 0.0039761950921608866 -0.022561816892577215
leaf_weight=7.4483726918697277 13.061157822608946 9.647875905036928 7.6387203335762024 8.169542193412779 21.515840351581566 12.6421802341938 10.689054399728773 12.099773347377775 13.253911226987841 7.7257146835327104 7.5753792524337902 9.4242027997970563 10.267273545265196 9.9681729078292864 6.6333483457565299 11.053484946489332 6.5120224952697754 6.7349290549755079 7.4951311051845542 10.849572241306303 12.382617771625521 25.839761912822723 10.918095529079435 6.668359309434889 31.111251920461662
leaf_count=24 38 27 21 22 58 35 29 33 37 21 21 26 33 29 21 34 20 20 22 35 40 70 35 20 104
internal_value=-9.2055e-05 0.00881789 -0.0103805 0.0103554 0.0121017 0.00410464 0.0148024 0.0166903 -0.00248838 0.0186668 0.0144491 0.00190035 -0.0121256 -0.0106674 0 -0.0124884 -0.0140943 0.00399882 -0.00237387 -0.0161407 -0.0102208 0.0203594 -0.0143515 -0.00190063 -0.020655
internal_weight=297.326 159.14 138.186 146.078 128.935 34.0656 94.8697 84.1807 25.8961 72.0809 50.5651 17.1499 123.813 113.545 16.6015 96.9438 85.8903 14.3736 17.143 72.7099 34.1503 33.4151 23.3007 13.1804 38.5596
internal_count=875 439 436 401 352 94 258 229 72 196 138 47 395 362 50 312 278 41 49 238 110 91 75 40 128
is_linear=0
shrinkage=0.03


Tree=52
num_leaves=30
num_cat=0
split_feature=25 58 42 25 40 49 50 45 39 53 17 60 17 48 37 54 25 32 25 55 50 31 39 54 55 32 55 38 29
split_gain=4.68655 4.93404 6.758 3.53233 4.45209 3.36953 3.31623 3.22473 2.98962 3.29048 3.24505 2.66865 3.52979 4.81725 2.63069 2.43262 2.83082 2.29233 2.0174 1.97727 1.85893 4.07125 2.68927 1.94907 1.82236 1.72788 1.61768 0.651783 1.1612
threshold=-0.22779278552537258 0.45568811738581605 -0.43240800003996888 0.44558115817294347 0.1973712866393614 0.94835046223829955 0.77040927312593077 -0.45429402852395934 -1.1153418606715111 1.0000000180025095e-35 1.7537680660517134 457.50000000000006 0.72528252129757143 -0.55161894787646804 -0.13584477052567406 -0.1136112102637596 1.0000000180025095e-35 0.23602229031289992 1.1189551018712596 0.4035734888366877 -0.44185965375816061 0.73493742597638068 1.3825346314628721 -0.14614864608547271 0.70956535095876971 0.40587292873144137 -0.26792925765785319 -1.3906608306487012 -0.85977761165600697
decision_type=2 2 2 2 2 2 2 2 2 2 2 2 2 2 2 2 2 2 2 2 2 2 2 2 2 2 2 2 2
left_child=1 6 -3 5 14 11 20 8 10 -10 24 12 13 -2 -5 -15 25 -8 -16 -4 21 -1 23 -22 -6 -17 -23 -25 -29
right_child=3 2 19 4 7 -7 17 -9 9 -11 -12 -13 -14 15 18 16 -18 -19 -20 -21 22 26 -24 27 -26 -27 -28 28 -30
leaf_value=0.010963632377427073 -0.0094717885984463533 -0.012645591386773968 0.023700316484997243 0.0012903433263562372 0.024997168607791484 -0.0095922035179053892 0.015909913504351381 0.020865741705517988 -0.017517860253959714 0.0048641516459648907 -0.005843796096672486 -0.0015381809286754752 0.029221165374608789 0.0005334677046070559 -0.021585165724838516 -0.0025788970893602632 0.026868672035254101 -0.0053649270577650551 -0.0015379400146757775 0.0044095014006525083 0 -0.02055273208158221 0.0038052005299717248 -0.0045747192890166159 0.0041341771667255164 0.015687788622633515 -0.00019493107515164166 -0.0039218423867834005 -0.019844754385342767
leaf_weight=10.582743912935259 9.0020469427108676 10.173019409179689 10.886827826499941 12.896953105926512 7.689832538366324 7.376388579607009 7.3484548926353437 7.6993226408958426 10.691597133874895 9.88464307785034 8.6256618201732618 13.493252784013746 8.8328580558300001 11.071609526872626 13.561140924692156 7.4686912298202666 14.159214317798615 7.6951320767402649 7.7723260521888724 10.643235743045805 7.3047596812248221 7.4315351247787476 7.2771284878253928 6.4186327755451194 9.0130154192447645 8.0635262131690961 6.8438838422298414 6.677011013031005 36.579057961702347
leaf_count=31 26 29 30 37 21 21 21 21 31 28 25 38 24 31 40 22 39 23 22 30 21 23 21 20 25 23 20 19 113
internal_value=4.25148e-05 -0.00405239 0.00600863 0.00340988 -0.00068298 0.00793662 -0.00721332 0.00460523 0.00117744 -0.00689402 0.00797697 0.00997066 0.0126929 0.00887303 -0.0089778 0.0132586 0.0175575 0.00516496 -0.0151251 0.0153329 -0.00942004 -0.00200026 -0.0120881 -0.014266 0.0153373 0.00709839 -0.0121197 -0.0163355 -0.0177348
internal_weight=303.164 135.861 31.7031 167.302 87.8345 79.4676 104.158 53.6041 45.9047 20.5762 25.3285 72.0912 58.5979 49.7651 34.2304 40.763 29.6914 15.0436 21.3335 21.5301 89.1148 24.8582 64.2566 56.9795 16.7028 15.5322 14.2754 49.6747 43.2561
internal_count=875 401 89 474 250 224 312 151 130 59 71 203 165 141 99 115 84 44 62 60 268 74 194 173 46 45 43 152 132
is_linear=0
shrinkage=0.03


Tree=53
num_leaves=30
num_cat=0
split_feature=47 34 46 1 54 23 31 58 58 60 29 34 31 60 54 19 37 40 60 34 28 54 52 47 20 54 46 1 54
split_gain=20.4587 7.77538 3.08748 5.06686 3.62828 5.03969 3.09628 3.70853 3.08462 2.60866 2.59685 3.73073 2.07736 2.01662 2.50274 1.83855 3.08812 2.56171 1.77246 1.64228 1.81855 1.63762 3.99454 1.63691 1.27384 1.25816 0.740164 0.386231 0.234459
threshold=0.35844949243610996 0.36221615046632966 0.19121021719552012 -0.44893860538432778 -0.3692482390555003 -0.80758050895964539 0.11113342299743546 0.45568811738581605 1.1174758397303621 454.50000000000006 -0.17697574179342987 0.74513182681759493 -0.21432953507853583 449.50000000000006 -0.55650929903242619 0.79717621338589317 1.3323128820229104 -0.4720915110546427 278.00000000000006 0.19810943203007339 0.46069057032243393 -0.35058751242616892 1.0000000180025095e-35 -1.368124822996976 1.0000000180025095e-35 -0.77874583707062872 -0.2681488825961213 -0.75051092824927323 1.5835289684400369
decision_type=2 2 2 2 2 2 2 2 2 2 2 2 2 2 2 2 2 2 2 2 2 2 2 2 2 2 2 2 2
left_child=1 2 18 6 5 8 7 27 9 -5 11 -3 -6 14 -9 19 17 -17 -1 21 26 -2 -23 -10 -19 -15 28 -4 -21
right_child=15 10 3 4 12 -7 -8 13 23 -11 -12 -13 -14 25 -16 16 -18 24 -20 20 -22 22 -24 -25 -26 -27 -28 -29 -30
leaf_value=0.0083749784215652601 -0.016617320109859987 -0.010919019212999077 -0.004948924696089878 0.026874657674962013 -0.010867478536568158 0.03269842484596943 0.017148848874006552 0.0082399253556537794 -0.010644121072143815 0.0029913458161134662 -0.018625172453266975 0.016200562707246222 0.010414603853231215 0.0017554984827597058 -0.016312538655708027 -0.018662362403254078 0.013913810192822448 0.010605918410508144 0.033604653117036108 -0.023000739914472962 -0.001023952162220651 0.014087883250666488 -0.013973446775608441 0.0081246358938835209 -0.0073394113714677182 0.021155835824071198 -0.0052972823772612964 -0.017029730633139322 -0.0081702329018700833
leaf_weight=6.6943341195583326 6.929017215967181 9.6297214925289172 7.4923600852489498 10.413701772689821 6.4152920246124268 13.533018082380293 7.2316224426031104 6.1280879080295563 6.2087187469005585 7.8743909597396842 9.7098871320486051 6.237281307578086 7.1186284720897657 6.7952783256769171 5.6739797443151492 10.420612543821338 5.3226250708103171 5.1635672003030777 6.6389113664627075 26.75596804916859 6.3880092650651923 7.5179590582847577 7.7457924336194992 7.5918781459331495 6.0033764988183975 5.9620486944913855 5.1743566244840613 9.2701916098594648 4.6843129247426978
leaf_count=21 28 38 27 30 21 39 24 21 20 24 40 22 23 23 20 45 20 20 20 120 25 29 32 24 25 20 21 33 20
internal_value=3.56153e-05 0.00699827 0.0101805 0.00818071 0.0139695 0.0179024 0.000800714 -0.00242069 0.0103021 0.0179006 -0.00756968 0 0 0.00476823 -0.00362131 -0.0109184 -0.00372878 -0.00895997 0.0234698 -0.0136454 -0.0171196 -0.00600265 0 -0.000142761 0.000758106 0.0125148 -0.0196195 -0.0128085 -0.0214459
internal_weight=238.725 146.619 121.042 107.709 59.1556 45.6217 48.5536 41.3219 32.0887 18.2881 25.5769 15.867 13.5339 24.5594 11.8021 92.1056 26.9102 21.5876 13.3332 65.1954 43.0026 22.1928 15.2638 13.8006 11.1669 12.7573 36.6146 16.7626 31.4403
internal_count=875 490 390 349 181 137 168 144 98 54 100 60 44 84 41 385 110 90 41 275 186 89 61 44 45 43 161 60 140
is_linear=0
shrinkage=0.03


Tree=54
num_leaves=26
num_cat=0
split_feature=47 45 54 26 20 16 2 20 53 54 36 44 54 18 45 54 53 12 20 45 45 51 24 44 44
split_gain=28.5726 4.32247 3.88633 3.8804 2.76948 4.87292 2.90406 2.07194 1.8969 1.83047 1.77746 3.92832 1.67347 2.42208 3.63321 2.15831 2.24138 1.6626 1.55169 1.47395 1.35622 1.23075 2.21331 0.563717 0.183201
threshold=-0.026892079264261921 0.20963056482259682 0.61696298387527004 -0.33776940045700216 -0.91266264779021966 -1.5161709712376492 2.3101088946695252 1.1878267602425072 -0.21608087455176947 -0.22917499951273121 -1.007823231139515 -0.5822714179617533 0.32691687683835263 1.1980541928022552 0.074971909465789785 1.0000000180025095e-35 -0.64627601728851192 1.9123980958947093 0.40014323223023446 0.92521410556122896 0.72157368566488811 0.1931694170184812 -1.3801677402070835 0.40249919743004015 -0.13912464103544631
decision_type=2 2 2 2 2 2 2 2 2 2 2 2 2 2 2 2 2 2 2 2 2 2 2 2 2
left_child=2 -2 12 9 5 -5 7 10 -7 -3 -6 19 13 15 -15 16 -1 21 -4 -12 -13 24 -23 -24 -18
right_child=1 3 18 4 6 8 -8 -9 -10 -11 11 20 -14 14 -16 -17 17 -19 -20 -21 -22 22 23 -25 -26
leaf_value=0 -0.0071920087172475146 0.00520962850554908 -0.0048805155846914118 0.022189997516677749 0.026034545847909311 0.0052097942097857515 0 0.003564692494891033 -0.010076377981182445 -0.012694545378894789 0.0090373194534455505 0.0059442320894056719 -0.023880883210015757 0.010970792326131068 -0.015273829293169601 0 -0.010127671373572785 -0.0040305582142800686 0.012903995834215195 -0.007210083944183575 0.023132841472345581 0.0031167219237720118 -0.020245415040588986 -0.0079584599678017044 -0.023645378965446835
leaf_weight=9.2472689449787122 13.03967425227165 9.6686677634716052 7.1951053738594037 8.1787974238395673 21.520163625478737 12.65398272871971 10.685085833072661 12.09685108065605 13.225447475910189 7.7856795191764823 9.7844528853893227 7.5756104886531963 9.7973168194293958 9.9909744858741778 6.5880458652973166 11.042778015136717 6.1443437039852062 12.130049914121626 7.162722110748291 7.354874610900878 25.862972050905228 6.1476319432258633 12.904057919979097 11.324415087699888 27.290711671113975
leaf_count=29 38 27 21 22 58 35 29 33 37 23 27 21 32 29 21 34 20 37 20 20 70 19 43 37 93
internal_value=-0.000108137 0.00846862 -0.0101187 0.00996293 0.0117537 0.00394093 0.014391 0.0162303 -0.00250699 -0.00283275 0.0181579 0.014038 -0.0118481 -0.0104509 0 -0.0122497 -0.0138411 -0.0155081 0.00399469 0.00172414 0.0198328 -0.0174554 -0.0116025 -0.0155345 -0.0218745
internal_weight=296.398 159.432 136.965 146.393 128.938 34.0582 94.88 84.1949 25.8794 17.4543 72.0981 50.5779 122.608 112.81 16.579 96.2313 85.1885 75.9412 14.3578 17.1393 33.4386 63.8112 30.3761 24.2285 33.4351
internal_count=875 440 435 402 352 94 258 229 72 50 196 138 394 362 50 312 278 249 41 47 91 212 99 80 113
is_linear=0
shrinkage=0.03


Tree=55
num_leaves=30
num_cat=0
split_feature=25 58 42 25 40 33 42 50 33 33 60 14 48 43 25 37 33 32 55 54 55 50 29 39 42 35 45 19 19
split_gain=4.47209 4.67746 6.50001 3.37277 4.29073 3.33101 3.2898 3.21371 3.16638 4.1236 3.11789 2.7243 4.55638 2.61686 3.29026 2.53943 2.51647 2.19768 1.97529 1.92589 1.88392 1.80797 1.47187 2.41642 2.75974 2.66047 1.41436 3.00365 0.581446
threshold=-0.22779278552537258 0.45568811738581605 -0.43240800003996888 0.44558115817294347 0.1973712866393614 1.231459894044014 -1.6162728003457218 0.77040927312593077 0.83391506606394705 0.4250118144273064 457.50000000000006 0.72528252129757143 -0.55161894787646804 -1.0065963248557828 1.0000000180025095e-35 -0.13584477052567406 -0.39279468884597418 0.23602229031289992 -0.87223368908879351 -0.51628036404837052 0.4035734888366877 -0.78822220429647238 -0.85977761165600697 1.3825346314628721 0.68181769436544604 1.0000000180025095e-35 0.9777816812226281 0.31257061254339952 0.19141921233277615
decision_type=2 2 2 2 2 2 2 2 2 2 2 2 2 2 2 2 2 2 2 2 2 2 2 2 2 2 2 2 2
left_child=1 7 -3 10 15 8 -7 21 9 -6 11 12 -2 -14 16 -5 -15 -9 -17 -12 -4 -1 -23 24 25 26 27 -24 -16
right_child=3 2 20 4 5 6 -8 17 -10 -11 19 -13 13 14 28 18 -18 -19 -20 -21 -22 22 23 -25 -26 -27 -28 -29 -30
leaf_value=0.0023559618426861766 -0.010101658323187952 -0.01248804561529376 0.023118158537031121 0.0012528782203887112 0.013989922260230454 0.0092657519027934971 -0.0135341085341 0.015631819795606017 0.023206355595624249 -0.010069793085900598 -0.013424508065968946 0.024740078087943256 -0.0013522180613230706 0.016049065302503371 0.029212361320731288 -0.00044457787317423201 -0.0051244994607114666 -0.0051987623118662984 -0.020734216242729742 0.0057478061249045895 0.004285775941943985 -0.00051864636520553324 -0.0077702655492091583 0.0024207892776348891 -0.02231055724000439 -0.020647852326449265 -0.012819990109767285 0.014669123732719096 0.011561738697590668
leaf_weight=9.4532900750637037 9.3327887356281263 10.141938477754595 10.919918268918993 12.895039975643156 12.876469790935518 7.858635455369952 12.759625703096388 7.3671634793281537 10.124202311038969 9.941108286380766 7.6915190517902374 9.5586053729057294 10.036059945821753 7.8078143894672349 10.657683849334719 6.876853495836257 9.3029776513576632 7.6662198901176453 14.339877724647524 7.9131593108177167 10.64800977706909 12.228927075862883 11.043200194835668 7.6279453933238974 23.852264374494553 9.6606353819370252 7.0301339924335471 7.7891879379749289 7.1962279081344596
leaf_count=28 27 29 30 37 36 22 37 21 28 28 22 26 29 22 29 20 27 23 42 22 30 35 33 22 76 29 22 23 20
internal_value=5.65447e-05 -0.00395154 0.00583574 0.00334546 -0.00065852 0.00452951 -0.00453365 -0.00704135 0.0103267 0.00328635 0.00776568 0.0106784 0.00749893 0.0114863 0.0152399 -0.00882058 0.00472961 0.00513851 -0.0148856 -0.00369996 0.014964 -0.00922365 -0.0106977 -0.0124158 -0.0144331 -0.00829208 -0.00257856 0.0016132 0.0238555
internal_weight=302.597 135.429 31.7099 167.169 87.6718 53.56 20.6183 103.719 32.9418 22.8176 79.4968 63.8922 54.3336 45.0008 34.9647 34.1118 17.1108 15.0334 21.2167 15.6047 21.5679 88.6856 79.2323 67.0034 59.3754 35.5232 25.8625 18.8324 17.8539
internal_count=875 401 89 474 250 151 59 312 92 64 224 180 154 127 98 99 49 44 62 44 60 268 240 205 183 107 78 56 49
is_linear=0
shrinkage=0.03


Tree=56
num_leaves=29
num_cat=0
split_feature=47 34 46 7 54 23 31 58 58 60 50 37 31 60 54 21 38 20 19 60 61 46 47 54 36 45 7 28
split_gain=19.5588 7.39953 2.95114 4.77715 3.45715 4.7403 2.96036 3.58729 2.95582 2.50771 2.28724 2.33089 2.00975 1.91584 2.42289 1.83288 3.03681 2.20133 3.13183 1.67752 1.59448 2.90174 1.57375 1.20906 0.716783 0.604813 0.376018 0.2435
threshold=0.35844949243610996 0.36221615046632966 0.19121021719552012 -0.44401138923854694 -0.3692482390555003 -0.80758050895964539 0.11113342299743546 0.45568811738581605 1.1174758397303621 454.50000000000006 -0.26867837848900472 -0.80999879465512603 -0.21432953507853583 449.50000000000006 -0.55650929903242619 1.0000000180025095e-35 -1.7189526051995516 -0.91266264779021966 0.67602481317526975 278.00000000000006 321.50000000000006 -0.57911722124907217 -1.368124822996976 -0.77874583707062872 -0.81266420118121763 0.34252430120175853 -0.84539775601222478 0.19589688801536217
decision_type=2 2 2 2 2 2 2 2 2 2 2 2 2 2 2 2 2 2 2 2 2 2 2 2 2 2 2 2
left_child=1 2 19 6 5 8 7 26 9 -5 11 -3 -6 14 -9 16 -2 18 -17 -1 -19 24 -10 -15 -22 -18 -4 -27
right_child=15 10 3 4 12 -7 -8 13 22 -11 -12 -13 -14 23 -16 17 25 20 -20 -21 21 -23 -24 -25 -26 27 -28 -29
leaf_value=0.0081517695013131088 0.0040452531421244298 0.01284034780992945 -0.0048739573304294901 0.026168339582675618 -0.010787960300806339 0.031653522666011034 0.016699016307008534 0.0080734076100152409 -0.010538971404858139 0.0028184220006931258 -0.017025845670942421 -0.0091066361025558904 0.010139069886481505 0.0016367105497554315 -0.016117997784030585 -0.0079271249391402194 -0.0061564696595084378 -0.017802721899917166 0.017770301728663822 0.032658868793885472 -0.0020873253010788412 0.01177793923313703 0.0078550343322891618 0.020593273441706184 -0.018501218540580042 -0.021114746157187295 -0.016841800508725011 -0.0085208177646431977
leaf_weight=6.7227426469326002 5.6330781430006018 6.2070718407630912 7.4723843336105373 10.489718765020372 6.3957369327545166 13.671462029218672 7.2893028259277335 6.1476812064647675 6.186594158411026 7.8972474932670584 10.740918397903441 8.4766692668199557 7.1562719345092756 6.8142762780189505 5.6139502227306384 8.0624189525842649 6.8975415229797354 12.923372998833658 6.0944344103336325 6.7184576094150543 5.6825885027647027 5.7211498469114295 7.6299876570701581 6.0246505737304679 5.5846150070428857 28.350705400109291 9.18329970538616 6.3469780683517447
leaf_count=21 22 23 27 30 21 39 24 21 20 24 43 34 23 23 20 34 27 55 23 20 25 22 24 20 25 127 33 25
internal_value=3.7635e-05 0.00681991 0.00990905 0.00795197 0.0135533 0.0173757 0.000774518 -0.00238589 0.00999729 0.0174102 -0.00743944 0.000130229 0 0.00466065 -0.00353801 -0.01074 -0.0148989 -0.00580748 0.00339486 0.0228519 -0.010308 -0.00330025 -0.000214959 0.0121742 -0.0119107 -0.0176551 -0.0126493 -0.0194254
internal_weight=238.135 146.838 121.414 107.973 59.427 45.875 48.5455 41.2562 32.2035 18.387 25.4247 14.6837 13.552 24.6006 11.7616 91.2969 47.2283 44.0686 14.1569 13.4412 29.9117 16.9884 13.8166 12.8389 11.2672 41.5952 16.6557 34.6977
internal_count=875 490 390 349 181 137 168 144 98 54 100 57 44 84 41 385 201 184 57 41 127 72 44 43 50 179 60 152
is_linear=0
shrinkage=0.03


Tree=57
num_leaves=30
num_cat=0
split_feature=47 45 54 26 20 16 32 16 47 32 41 31 54 54 54 18 45 54 53 32 25 54 51 55 49 29 44 55 19
split_gain=27.1021 4.14351 3.77684 3.70657 2.61282 4.66508 2.79813 3.00046 3.33093 2.06736 1.8938 1.87351 2.2199 1.7626 1.63868 2.66423 3.57003 2.47933 2.18146 1.72315 1.53637 1.17631 1.04912 1.33304 1.61787 0.904559 0.860042 0.716469 0.429773
threshold=-0.026892079264261921 0.20963056482259682 0.61696298387527004 -0.33776940045700216 -0.91266264779021966 -1.5161709712376492 0.9154248439870657 -1.5195515295730884 1.0580377462004986 -0.047062107051335685 0.41822210318715197 0.91316714111322217 0.22248345042502427 -0.22917499951273121 0.24657040163597749 1.1980541928022552 0.074971909465789785 1.0000000180025095e-35 -0.64627601728851192 -1.0000000180025095e-35 -0.56447975737453049 1.2034470165750202 0.1931694170184812 0.70956535095876971 -0.26519734538931666 -0.17697574179342987 -0.13912464103544631 1.1699339267587503 0.070267812122152759
decision_type=2 2 2 2 2 2 2 2 2 2 2 2 2 2 2 2 2 2 2 2 2 2 2 2 2 2 2 2 2
left_child=2 -2 14 13 5 -5 9 -8 21 10 -6 12 -7 -3 15 17 -17 18 -1 22 -4 -9 26 24 -24 -11 -20 -25 -27
right_child=1 3 20 4 6 11 7 8 -10 25 -12 -13 -14 -15 -16 16 -18 -19 19 -21 -22 -23 23 27 -26 28 -28 -29 -30
leaf_value=0 -0.0071200196121228368 0.0050482211222792461 -0.0048509849494632884 0.021685826610830523 0.017462586169889521 -0.0092740010346147855 -0.007086063250941247 0.0095970409318389509 0.024908946284185073 0.010601583330754984 -0.00049857035682619353 -0.01412114971672649 0.010270229495583505 -0.01252937634022341 -0.022315057702954184 0.011884974847386204 -0.014573196832934083 0.0019814247684614094 -0.0070274969923297542 -0.0019478827454658463 0.012849267356877418 -0.0055039580386137318 -0.0026158807957801606 0.0032692143970247767 -0.023636984448804362 0.031220627641997314 -0.023096537411096376 -0.009010076543340741 0.017806260285470901
leaf_weight=9.2370516657829267 13.016065359115599 9.6832299232482928 7.1819920539855957 8.1811290979385358 8.1246286034584063 7.0612039268016877 9.2030010819435102 7.9517091810703295 8.9332877397537214 10.996863186359404 10.169604122638701 7.1979999542236319 11.593704283237455 7.7507443428039542 12.162500590085982 9.6997100710868818 6.235693782567977 9.1465660631656629 6.4430955350398902 9.1778905987739687 7.1654264032840711 7.3017981350421906 6.1861528754234341 6.2458654940128309 9.9383366107940692 12.591869622468947 29.962623268365856 7.3163328468799591 19.593087613582611
leaf_count=29 38 27 21 22 22 20 25 22 24 30 28 20 32 23 40 28 20 28 21 29 20 20 20 20 33 34 102 24 53
internal_value=-0.000123047 0.00821872 -0.00991662 0.00968205 0.0114324 0.00383284 0.0139945 0.00631428 0.0117627 0.0178208 0.00789385 -0.00247678 0.00243508 -0.002823 -0.0116327 -0.0101078 0.000824442 -0.0120147 -0.0136074 -0.0152648 0.00398981 0.00216454 -0.016941 -0.0112416 -0.0168217 0.021486 -0.0208016 -0.00319428 0.0243891
internal_weight=295.449 159.35 136.099 146.334 128.9 34.034 94.8658 33.3898 24.1868 61.4761 18.2942 25.8529 18.6549 17.434 121.752 109.589 15.9354 93.6539 84.5073 75.2703 14.3474 15.2535 66.0924 29.6867 16.1245 43.1818 36.4057 13.5622 32.185
internal_count=875 440 435 402 352 94 258 91 66 167 50 72 52 50 394 354 48 306 278 249 41 42 220 97 53 117 123 44 87
is_linear=0
shrinkage=0.03


Tree=58
num_leaves=30
num_cat=0
split_feature=25 58 42 25 40 49 33 42 50 33 33 18 4 13 20 19 45 33 37 32 25 55 20 37 24 56 31 54 34
split_gain=4.27662 4.42923 6.25223 3.2276 4.11376 3.2371 3.19231 3.18033 3.10507 3.03596 3.95542 2.80801 2.75346 2.46319 2.46385 4.34952 3.58744 3.94822 2.44963 2.10524 1.94797 1.80348 1.78113 2.80768 2.41814 1.3093 1.77591 0.886659 1.04405
threshold=-0.22779278552537258 0.45568811738581605 -0.43240800003996888 0.44558115817294347 0.1973712866393614 0.94835046223829955 1.231459894044014 -1.6162728003457218 0.77040927312593077 0.83391506606394705 0.4250118144273064 1.2226682816970296 -0.56353595565398062 1.2982613318313849 0.40014323223023446 0.31257061254339952 0.64239038647043645 0.4250118144273064 -0.13584477052567406 0.23602229031289992 1.1189551018712596 0.4035734888366877 1.1878267602425072 -0.9747920005534364 1.6721313827186133 1.1713128976317002 0.59932786011139272 -0.1369128106496719 0.82718518603572333
decision_type=2 2 2 2 2 2 2 2 2 2 2 2 2 2 2 2 2 2 2 2 2 2 2 2 2 2 2 2 2
left_child=1 8 -3 5 18 11 9 -8 22 10 -6 12 -2 14 16 -16 17 -14 -5 -10 -20 -4 23 -1 25 27 -27 -25 -29
right_child=3 2 21 4 6 -7 7 -9 19 -11 -12 -13 13 -15 15 -17 -18 -19 20 -21 -22 -23 -24 24 -26 26 -28 28 -30
leaf_value=0.0055325342811547735 0.022962543869590176 -0.01234085862145242 0.022561369099083371 0.0012321817920334316 0.013673266049026328 -0.0095692434536525442 0.0090970716305757357 -0.013328479661199995 0.015333085983139408 0.022699551278812003 -0.0098967481316722151 -0.0064266571998618047 -0.022947599719684929 0.021924001908053839 0.022286284944522925 -0.0045138169662770821 0.013536644516077473 0.0047237427925544331 -0.021031156031598618 -0.0050514277469426239 -0.0013032745452099394 0.0041440792148485714 0.0012769379761812941 -0.0048973957226650855 0.0019842983828536236 0.0039460316379132335 -0.013897608932903274 -0.023769780241463586 -0.010504837138823681
leaf_weight=7.3236440122127524 14.292644083499907 10.111419439315798 10.947991937398912 12.890545248985289 12.894672185182573 7.366082251071929 7.867392927408221 12.701485484838484 7.387394577264784 10.154296427965162 9.9146636724472028 7.3736588656902304 8.2420608997344988 7.8552285730838767 11.877612143754961 7.9347746074199668 7.0561828613281241 7.4978935420513144 13.362484216690065 7.6399133205413818 7.7386515438556662 10.65696597099304 11.718611180782316 6.9670596122741619 8.0053505301475507 7.3923938274383572 9.7430163323879224 22.417381435632713 14.687048524618147
leaf_count=21 39 29 30 37 36 21 22 37 21 28 28 21 24 22 33 23 20 21 40 23 22 30 35 20 24 22 31 70 45
internal_value=6.93489e-05 -0.00385788 0.0056577 0.00328531 -0.000635231 0.00760768 0.00443979 -0.00444374 -0.0068764 0.0101092 0.00320264 0.00960253 0.0116225 0.00772506 0.0043148 0.0117092 -0.00219093 -0.0101539 -0.00864664 0.00508864 -0.0146283 0.0145953 -0.00903156 -0.010681 -0.0125625 -0.0145627 -0.00617971 -0.0173797 -0.0192867
internal_weight=302.019 134.998 31.7164 167.02 87.5242 79.4961 53.5325 20.5689 103.282 32.9636 22.8093 72.1301 64.7564 50.4638 42.6085 19.8124 22.7961 15.74 33.9917 15.0273 21.1011 21.605 88.2545 76.5359 69.2123 61.2069 17.1354 44.0715 37.1044
internal_count=875 401 89 474 250 224 151 59 312 92 64 203 182 143 121 56 65 45 99 44 62 60 268 233 212 188 53 135 115
is_linear=0
shrinkage=0.03


Tree=59
num_leaves=29
num_cat=0
split_feature=47 54 59 58 59 45 37 46 60 27 33 44 40 16 18 54 21 38 20 19 40 61 46 36 45 55 36 58
split_gain=18.6561 5.0217 2.84952 4.13421 4.21336 3.73933 2.82071 4.1378 3.67814 2.72732 3.48347 2.38226 2.29357 2.14292 2.10211 2.08277 1.79557 2.98428 2.1254 2.99814 1.6006 1.55936 2.8051 0.713451 0.588807 0.54628 0.250538 0.0650201
threshold=0.35844949243610996 -0.55650929903242619 1.0000000180025095e-35 1.1174758397303621 -1.2612753600845079 -1.5362949469954505 -0.9747920005534364 0.36908980706012223 449.50000000000006 0.49836687082563108 -0.39279468884597418 -0.13912464103544631 1.0444466633134071 0.81274853856184626 0.3295131078986635 -0.044195930697365944 1.0000000180025095e-35 -1.7189526051995516 -0.91266264779021966 0.67602481317526975 0.48428391422250577 321.50000000000006 -0.57911722124907217 -0.81266420118121763 0.34252430120175853 0.48363993090471941 -1.0000000180025095e-35 -1.0000000180025095e-35
decision_type=2 2 2 2 2 2 2 2 2 2 2 2 2 2 2 2 2 2 2 2 2 2 2 2 2 2 2 2
left_child=1 2 3 12 5 -5 8 11 -3 10 -9 -8 13 25 -4 -12 17 -2 19 -18 -11 -20 23 -23 -19 -1 27 -26
right_child=16 6 14 4 -6 -7 7 9 -10 20 15 -13 -14 -15 -16 -17 18 24 21 -21 -22 22 -24 -25 26 -27 -28 -29
leaf_value=0.018173724423721394 0.0040560659820100377 -0.0016067365510993154 0.0092017387799134612 -0.0032401073258576155 -0.012406820011255069 0.021921135973994813 -0.00074149976074818359 -0.012784158751232519 0.024974066099102469 0 -0.001215714427076619 0.022111698275435531 0.0046256393245673946 0.0094377885388655224 -0.012353164689468121 0.02011296715887027 -0.0077904885727223339 -0.0060821749667599786 -0.017598815179401966 0.017322078560446368 -0.018695399876306883 -0.0019653699825895941 0.01154779843883488 -0.018353775307345329 -0.022606525924034417 0.038857983874325999 -0.0084992816421463821 -0.0091485883505086543
leaf_weight=8.4176697283983284 5.6300141662359229 8.5961671918630618 7.7096753120422346 7.5540023148059889 7.1053111255168906 12.096207320690155 6.9457334280014038 8.9508106708526611 7.513052985072135 5.3909300118684795 7.0352885723113996 6.8441534340381605 7.3032516539096823 8.1344301551580411 5.7876029461622238 6.636360779404642 8.0106466114521009 6.8751845806837073 12.728550493717195 6.1559390574693671 15.510097920894621 5.6518687456846246 5.7548265904188147 5.5050193667411813 22.682745337486267 9.527089595794676 6.498352229595187 4.9761204570531836
leaf_count=25 22 31 23 25 23 38 24 36 24 19 24 22 22 27 21 22 34 27 55 23 57 25 22 25 104 27 27 21
internal_value=3.97032e-05 0.00663818 0.0120988 0.0148338 0.00530671 0.0124211 0.000949115 -0.0021383 0.0115207 -0.00675206 0.000317756 0.011265 0.021741 0.0258042 0 0.00970691 -0.0105542 -0.0146989 -0.00566645 0.00335263 -0.0141809 -0.0101236 -0.00319619 -0.0117426 -0.0174656 0.0316142 -0.0192364 -0.0209862
internal_weight=237.527 147.058 73.6352 60.138 26.7555 19.6502 73.4226 57.3134 16.1092 43.5235 22.6225 13.7899 33.3824 26.0792 13.4973 13.6716 90.4693 46.6624 43.8069 14.1666 20.901 29.6403 16.9117 11.1569 41.0324 17.9448 34.1572 27.6589
internal_count=875 490 231 187 86 63 259 204 55 158 82 46 101 79 44 46 385 201 184 57 76 127 72 50 179 52 152 125
is_linear=0
shrinkage=0.03


Tree=60
num_leaves=27
num_cat=0
split_feature=48 45 54 30 46 12 46 46 38 26 31 49 54 18 47 54 12 48 51 28 38 12 35 19 16 34
split_gain=26.0556 3.99961 3.67144 3.46203 2.72008 2.48795 2.95807 6.24184 4.8282 2.28106 2.10452 2.07194 1.72619 2.2557 3.46527 2.04444 2.19798 1.71985 1.60036 1.54363 2.64396 1.17541 1.09872 0.645587 0.590924 0.31296
threshold=0.053373702803876912 0.20963056482259682 0.61696298387527004 0.50419549928459795 -0.053748256691068245 2.1407559814266852 -0.31789440192725799 -0.012489938222121643 -1.3906608306487012 -0.18116266804926703 0.73493742597638068 -0.091833372871085811 0.32691687683835263 1.1980541928022552 -0.54012520048261992 1.0000000180025095e-35 1.9123980958947093 -0.36709530479451613 0.1931694170184812 0.46069057032243393 0.4696592251394503 -0.35691481835813393 -0.79437948416935622 -0.53548918893096398 0.61725930870907841 -0.56772192067245653
decision_type=2 2 2 2 2 2 2 2 2 2 2 2 2 2 2 2 2 2 2 2 2 2 2 2 2 2
left_child=2 -2 12 5 -5 6 8 -8 10 -10 -3 21 13 15 -15 16 18 -4 -1 20 -20 -11 -13 -18 -9 -21
right_child=1 3 17 4 -6 -7 7 24 9 11 -12 22 -14 14 -16 -17 23 -19 19 25 -22 -23 -24 -25 -26 -27
leaf_value=-0.019931669838051783 -0.0070246146432568013 -0.0072987002799769236 0.012823598611798832 -0.016001179824841814 0.0074814404319883919 0.02343883294774186 -0.014775316566494279 0.004050384173485664 0.0040326247179727258 0.026628864980556586 0.0098138110385968969 0.016197589096060117 -0.023542322202070372 0.013383172044432354 -0.011915239661382341 0 -0.0076152556482502612 -0.0059511743628937117 -0.011328921218074646 -0.019011624113659822 0.011209091719712213 0.010937923332789135 0.00082248631541538184 0.0042854306598973275 0.018031042736458912 -0.0061035731202249604
leaf_weight=37.295833364129066 12.991153717041014 13.466171503067018 7.6470081806182861 6.9321266114711761 7.6844505369663221 12.910609632730482 11.805932998657228 7.2510257661342612 14.095753610134116 25.890719771385186 9.8881556391715986 7.382667243480685 9.8653330504894239 7.8311555087566402 8.6952142119407636 11.005760937929152 6.390135794878006 6.6975001990795118 10.153252482414247 10.991614609956743 6.2266220450401297 10.650642454624174 9.9160569608211642 6.6192978322505933 8.05155500769615 6.1348228454589835
leaf_count=128 38 37 21 20 21 35 34 20 39 70 27 20 33 22 28 34 20 20 33 37 20 29 27 20 22 20
internal_value=-0.000134141 0.0080528 -0.00975901 0.00949359 -0.00373597 0.011037 0.00935826 0.000386953 0.0119083 0.0158772 0 0.0186764 -0.0114582 -0.0100356 0 -0.0117928 -0.0133634 0.00394539 -0.0154181 -0.00958387 -0.00220417 0.0228248 0.00847224 -0.00132953 0.0127165 -0.0155739
internal_weight=294.471 158.917 135.554 145.926 14.6166 131.309 118.399 27.1085 91.2902 67.9358 23.3543 53.8401 121.209 111.344 16.5264 94.8173 83.8116 14.3445 70.8021 33.5063 16.3799 36.5414 17.2987 13.0094 15.3026 17.1264
internal_count=875 439 436 401 41 360 325 76 249 185 64 146 395 362 50 312 278 41 238 110 53 99 47 40 42 57
is_linear=0
shrinkage=0.03


Tree=61
num_leaves=31
num_cat=0
split_feature=25 45 25 40 49 33 51 16 33 33 18 21 14 4 37 14 26 16 54 55 45 55 44 47 34 37 47 29 20 12
split_gain=4.07514 4.25457 3.0839 3.94294 3.10845 3.05925 3.00184 5.2428 2.90563 3.78984 2.69921 2.6891 2.66917 2.60278 2.38017 2.36998 2.76288 2.51921 2.22565 2.35051 2.05901 1.96871 1.78993 2.40912 2.33427 2.3545 1.87823 1.77526 1.75479 0.912298
threshold=-0.22779278552537258 0.77874346789663962 0.44558115817294347 0.1973712866393614 0.94835046223829955 1.231459894044014 0.1931694170184812 1.0560969802106688 0.83391506606394705 0.4250118144273064 1.2226682816970296 1.0000000180025095e-35 -0.92681773284943714 -0.56353595565398062 -0.13584477052567406 -1.0855821643200962 0.41394291510012587 -0.050330923708322338 0.61696298387527004 0.83205443062084383 -0.27708899543873783 -0.87223368908879351 0.40249919743004015 1.4607140627421431 0.96394078473260381 1.0000000180025095e-35 1.2041316840472505 1.0000000180025095e-35 0.40014323223023446 -0.55489912019283583
decision_type=2 2 2 2 2 2 2 2 2 2 2 2 2 2 2 2 2 2 2 2 2 2 2 2 2 2 2 2 2 2
left_child=1 6 4 14 10 8 7 12 9 -5 13 -7 -1 -2 -4 -15 17 -17 19 -14 -8 -16 23 24 26 -26 29 -20 -19 -3
right_child=2 22 3 5 -6 11 20 -9 -10 -11 -12 -13 18 15 21 16 -18 28 27 -21 -22 -23 -24 -25 25 -27 -28 -29 -30 -31
leaf_value=0.0069295598938826086 0.022399214180654155 -0.022631630756881682 0.0012446858903330286 0.013357513933900446 -0.0094060923970533429 0.0040746774020663486 0 0.01878618198379494 0.022186793552961458 -0.0097175180848593952 -0.0063238701180550099 -0.016448679008605371 -0.022125089263317414 0.019081958007917302 -4.0741596529144957e-05 -0.0059662389231139625 -0.0097110808360755772 0.0033982168358051277 -0.010778042489959019 -0.00057183394660919652 0.018978977505015794 -0.020267782311837401 -0.019344837837259318 -0.018838169723479087 0.016411226386803812 -0.0037531388728155382 0.0031015466903395921 0.0086012248708726684 0.020684783814205486 -0.0059006216710060068
leaf_weight=8.8416826426982862 14.320676624774931 6.260350733995435 12.885216563940046 12.916527301073076 7.3428606986999503 12.382070273160934 9.6370370984077471 7.1328276097774497 10.186534345149992 9.8898572325706464 7.359676480293273 8.1400616466999054 14.953686058521273 11.086972445249556 6.8243227005004874 7.3066708147525743 8.9409014880657178 11.990621685981759 6.5773924589157087 7.2163844406604758 10.401748299598692 14.163358867168428 12.396431297063826 9.6098718941211683 7.5093834698200252 10.552869379520414 6.7544875144958487 7.4291282594203949 11.14813509583473 9.2845670282840764
leaf_count=26 39 20 37 36 21 35 27 20 28 28 21 24 45 31 20 21 26 34 19 20 29 42 39 31 22 32 20 22 31 29
internal_value=8.09572e-05 -0.00376043 0.00321978 -0.000615633 0.00744333 0.00434741 0.00113343 -0.002599 0.00989115 0.00312214 0.00939614 -0.00435931 -0.00661283 0.0113749 -0.00847812 0.00757537 0.00360837 0.00798002 -0.010226 -0.0158438 0.0106302 -0.014399 -0.00941252 -0.00634009 -0.00265265 0.00493905 -0.00897768 -0.000274532 0.0127226 -0.0143893
internal_weight=301.442 134.558 166.884 87.3879 79.4965 53.5151 72.1899 52.1511 32.9929 22.8064 72.1537 20.5221 45.0183 64.794 33.8729 50.4733 39.3863 30.4454 36.1766 22.1701 20.0388 20.9877 62.368 49.9715 40.3617 18.0623 22.2994 14.0065 23.1388 15.5449
internal_count=875 401 474 250 224 151 208 152 92 64 203 59 132 182 99 143 112 86 106 65 56 62 193 154 123 54 69 41 65 49
is_linear=0
shrinkage=0.03


Tree=62
num_leaves=27
num_cat=0
split_feature=47 34 20 1 51 20 40 0 42 40 55 32 29 39 50 21 35 20 19 61 48 52 51 53 28 28
split_gain=17.8349 6.79938 2.63822 3.92256 4.47952 2.92983 3.20057 2.894 2.57685 3.2259 3.10447 3.64281 2.48643 3.70079 2.35567 1.76589 2.42803 2.03272 2.86937 1.53743 1.99328 1.45428 1.44037 1.2703 0.560334 0.0034746
threshold=0.35844949243610996 0.36221615046632966 -0.65010147178612876 -0.05632558127713453 0.1931694170184812 0.66270440823432541 1.0444466633134071 -0.17584087791169667 1.0000000180025095e-35 0.36815261258170923 0.49255474454592024 -0.61323090177980699 -0.17697574179342987 0.53062728046125074 -0.26867837848900472 1.0000000180025095e-35 -1.4645777622276499 -0.91266264779021966 0.67602481317526975 321.50000000000006 0.9376987191879832 0.44116748606835393 1.0000000180025095e-35 -0.21608087455176947 0.19589688801536217 -1.0000000180025095e-35
decision_type=2 2 2 2 2 2 2 2 2 2 2 2 2 2 2 2 2 2 2 2 2 2 2 2 2 2
left_child=1 2 3 4 7 6 14 -1 9 -7 -11 -12 13 -3 -4 16 21 18 -17 25 -21 -2 -9 -6 -18 -19
right_child=15 12 5 -5 23 8 -8 22 -10 10 11 -13 -14 -15 -16 17 24 19 -20 20 -22 -23 -24 -25 -26 -27
leaf_value=0.0183484214859902 -0.01035129218379602 -0.010906475562578212 0.032205449082705347 0.02045235239457301 -0.0020178371570152434 0.015936923085946107 0.0035344138535604109 0.0069401742697584841 0.018429545807995561 -0.019012968848123504 0.017880330396368806 -0.0090075043566604281 -0.018270205997200601 0.016118978292172726 0.01119161086754546 -0.0076909128541010532 -0.020156403139228229 -0.020204930723215029 0.016835253481129974 0.0070491866068857238 -0.011912391548384511 0.0096449680979174921 -0.010873014044975725 -0.021617392030829623 -0.0070089237432734083 -0.0074015036723704018
leaf_weight=9.3042919337749463 5.5027508288621885 9.4944003373384493 14.721206545829771 7.906520962715148 6.1394724696874619 8.5764323174953478 10.63363280892372 6.299473702907564 10.502714097499846 6.9499409198761013 6.7943679243326196 8.3505139350891078 9.4293690323829633 6.2857683449983588 11.792970895767214 7.973506033420561 28.758198976516724 8.1341768503189069 6.2225338071584702 7.6816698312759426 9.1291271150112134 4.5634425282478333 6.8199039995670319 7.2685357481241208 7.3212669789791098 4.404470399022105
leaf_count=29 23 37 44 23 21 27 34 21 33 23 21 27 40 23 37 34 130 36 23 30 42 19 24 26 29 19
internal_value=3.84819e-05 0.00646645 0.00940518 0.00316826 -0.00115342 0.012688 0.0187867 0.00676773 0.00657804 0.00166317 -0.00428403 0.00321886 -0.00726682 0 0.0241728 -0.010383 -0.0145182 -0.00553005 0.00325884 -0.0099274 -0.00305257 -0.000692173 -0.00207483 -0.0141513 -0.0180344 -0.0174062
internal_weight=236.961 147.27 122.06 43.7382 35.8317 78.3218 37.1478 22.4237 41.174 30.6713 22.0948 15.1449 25.2095 15.7802 26.5142 89.6911 46.1457 43.5455 14.196 29.3494 16.8108 10.0662 13.1194 13.408 36.0795 12.5386
internal_count=875 490 390 144 121 246 115 74 131 98 71 48 100 60 81 385 201 184 57 127 72 42 45 47 159 55
is_linear=0
shrinkage=0.03


Tree=63
num_leaves=26
num_cat=0
split_feature=48 45 54 30 46 46 40 61 23 37 18 15 54 18 45 54 53 48 47 34 38 39 24 30 24
split_gain=24.7452 3.829 3.53595 3.32925 2.62668 2.06936 3.8864 3.474 3.20064 3.74585 3.12408 1.72073 1.70194 2.18141 3.3885 1.98027 2.14814 1.65755 1.49912 1.51381 1.12637 1.47052 0.899212 0.839367 0.0470836
threshold=0.053373702803876912 0.20963056482259682 0.61696298387527004 0.50419549928459795 -0.053748256691068245 -0.4818638045260189 0.10173374411164646 362.50000000000006 0.32209081081737329 0.49336565199514765 -0.54850693134614592 1.5398699680169849 0.32691687683835263 1.1980541928022552 0.074971909465789785 1.0000000180025095e-35 -0.64627601728851192 -0.36709530479451613 -1.3941049218123436 -1.3335532733749866 -1.3177071029707348 0.92502883185089024 -1.0000000180025095e-35 -0.13613295904587799 1.3946496442708227
decision_type=2 2 2 2 2 2 2 2 2 2 2 2 2 2 2 2 2 2 2 2 2 2 2 2 2
left_child=2 -2 12 5 -5 8 7 -7 9 -3 11 -11 13 15 -15 16 -1 -4 19 -18 21 -10 -20 24 -22
right_child=1 3 17 4 -6 6 -8 -9 20 10 -12 -13 -14 14 -16 -17 18 -19 22 -21 23 -23 -24 -25 -26
leaf_value=0 -0.0069280475743391913 0.018802779619954749 0.01258508654004898 -0.015810036904080706 0.0072795870069511156 -0.012788807328148813 0.015838175470829607 0.0094394186142783658 0.0010964375477017748 -0.017798921148039763 0.012563802194058714 0.00066480808590584745 -0.023294228033506812 0.010615301910017277 -0.014821462984496979 0 -0.012662373261770677 -0.0058459047150015778 -0.018784947583593455 0.0040973060402811562 0.026269961406319861 0.017932497142330958 -0.0057203936686464549 0.010754354286332812 0.013912701628932909
leaf_weight=9.1519237756729108 12.962463915348051 10.277644008398054 7.6608926057815552 6.9073472619056702 7.6845058500766736 13.241731733083727 14.168150693178175 9.4434354901313764 11.030840128660204 8.1030015945434553 7.2990645468235043 7.295448124408721 9.7315092682838422 10.022447228431703 6.4719702303409568 10.994892567396162 9.5754921734333056 6.6783954501152021 48.875111728906624 6.8997320532798687 19.932011902332306 8.1822878122329694 8.6171234250068789 12.981205254793169 9.2544728219509107
leaf_count=29 38 28 21 20 21 38 39 26 30 23 20 20 33 29 21 34 32 20 167 22 54 22 28 35 25
internal_value=-0.000136952 0.00783296 -0.00955894 0.00924321 -0.00373239 0.0107573 0.00424801 -0.00327595 0.0131309 0.00501597 -0.00175746 -0.00941363 -0.0112378 -0.00982603 0 -0.0115646 -0.0131217 0.00388152 -0.0147877 -0.00555352 0.0171713 0.00933547 -0.0171237 0.0201609 0.0234188
internal_weight=293.443 158.764 134.679 145.801 14.5919 131.209 36.8533 22.6852 94.356 32.9752 22.6975 15.3984 120.34 110.609 16.4944 94.1143 83.1194 14.3393 73.9675 16.4752 61.3808 19.2131 57.4922 42.1677 29.1865
internal_count=875 439 436 401 41 360 103 64 257 91 63 43 395 362 50 312 278 41 249 54 166 52 195 114 79
is_linear=0
shrinkage=0.03


Tree=64
num_leaves=29
num_cat=0
split_feature=25 58 42 25 40 33 42 50 60 33 33 17 48 43 25 33 37 32 25 12 20 37 24 56 36 16 34 19
split_gain=3.86606 4.08842 5.93522 2.97201 3.78607 2.96437 3.04955 2.9558 2.82268 2.78153 3.66159 2.46935 4.28057 2.44127 3.0508 2.31499 2.30892 2.00939 1.8972 1.745 1.72384 2.67913 2.32302 1.29759 1.59659 1.2827 0.859222 0.59523
threshold=-0.22779278552537258 0.45568811738581605 -0.43240800003996888 0.44558115817294347 0.1973712866393614 1.231459894044014 -1.6162728003457218 0.77040927312593077 457.50000000000006 0.83391506606394705 0.4250118144273064 0.72528252129757143 -0.55161894787646804 -1.0065963248557828 1.0000000180025095e-35 -0.39279468884597418 -0.13584477052567406 0.23602229031289992 1.1189551018712596 -0.44508215109958099 1.1878267602425072 -0.9747920005534364 1.6721313827186133 1.1713128976317002 -1.1472225382525847 0.38739298841754954 0.82718518603572333 0.19141921233277615
decision_type=2 2 2 2 2 2 2 2 2 2 2 2 2 2 2 2 2 2 2 2 2 2 2 2 2 2 2 2
left_child=1 7 -3 8 16 9 -7 20 11 10 -6 12 -2 -14 15 -15 -5 -9 -18 -4 21 -1 23 26 -25 -10 -23 -16
right_child=3 2 19 4 5 6 -8 17 25 -11 -12 -13 13 14 27 -17 18 -19 -20 -21 -22 22 -24 24 -26 -27 -28 -29
leaf_value=0.005488085172457538 -0.010039694609220046 -0.012111123729831282 0.0022032851068163523 0.0012232407011203105 0.013108875073412999 0.0088920316892092365 -0.013082273112352868 0.01507394369473976 0.0035359282344642274 0.021704257807214182 -0.0095796927899646413 0.023425882850143995 -0.0014806141272889462 0.015225212764127704 0.028050807926825124 -0.0050614292557581014 -0.020561558920806813 -0.0048525555366186459 -0.0010752958290949539 0.020592741569692114 0.0014409607316118371 -0.020344387286432338 0.002048318630594253 0.004571071426367492 -0.012610799029234123 -0.012137105880960486 -0.0089115169485282225 0.010811092943762524
leaf_weight=7.3108420968055716 9.3059262037277204 10.049505591392519 8.5699925124645251 12.878083944320677 12.92482426762581 7.8744063079357174 12.62364226579666 7.3964144587516767 8.5248740911483747 10.213726341724394 9.8678098917007429 9.5884715020656568 10.033715158700934 7.848080605268474 10.697138875722887 9.271823108196271 13.183832854032518 7.5986585915088654 7.7076517641544333 13.037100255489348 11.66319093108177 28.609395995736122 7.9877173304557791 6.5312948524951961 10.442715048789976 7.0097305178642264 14.916652768850325 7.2159863114356986
leaf_count=21 27 29 24 37 36 22 37 21 24 28 28 26 29 22 29 27 40 23 22 36 35 89 24 20 33 20 46 20
internal_value=8.90942e-05 -0.00366021 0.0054791 0.00314563 -0.000621991 0.00423637 -0.00433729 -0.00658005 0.00729088 0.00969186 0.00305414 0.0100574 0.00702686 0.0108897 0.0145122 0.00439345 -0.00834248 0.00508954 -0.0141939 0.0141751 -0.00870029 -0.010336 -0.0121924 -0.0141734 -0.0058404 -0.00363004 -0.0169869 0.0227871
internal_weight=300.883 134.113 31.6566 166.77 87.274 53.5044 20.498 102.457 79.4957 33.0064 22.7926 63.9611 54.3727 45.0667 35.033 17.1199 33.7696 14.9951 20.8915 21.6071 87.4618 75.7986 68.4878 60.5001 16.974 15.5346 43.526 17.9131
internal_count=875 401 89 474 250 151 59 312 224 92 64 180 154 127 98 49 99 44 62 60 268 233 212 188 53 44 135 49
is_linear=0
shrinkage=0.03


Tree=65
num_leaves=25
num_cat=0
split_feature=47 34 38 20 4 20 42 59 40 59 60 40 29 39 38 44 24 39 38 25 30 14 46 9
split_gain=17.0254 6.46469 2.87948 4.44648 5.47882 3.34663 3.03077 3.69582 3.01805 2.59625 3.54167 2.47686 2.42911 3.54994 1.78523 1.74011 2.08903 2.33089 2.39384 2.42291 1.08162 0.846005 0.626103 0.613422
threshold=0.35844949243610996 0.36221615046632966 -0.46050080275462563 -0.65010147178612876 1.0000000180025095e-35 0.66270440823432541 1.0000000180025095e-35 -0.5217103139635868 1.0444466633134071 -0.89149283702404747 457.50000000000006 0.57992145675022055 -0.17697574179342987 0.53062728046125074 0.30551333786402496 -1.7147576256623156 -0.82520426331150254 0.057345418793683253 -0.24163961972072553 -1.0133957198400745 0.50419549928459795 -1.3821754354016245 -0.44247972740773528 -0.62428618444423212
decision_type=2 2 2 2 2 2 2 2 2 2 2 2 2 2 2 2 2 2 2 2 2 2 2 2
left_child=1 2 -1 4 9 8 7 11 14 -4 -11 -7 13 -3 -5 -2 -17 -18 21 -20 -21 -19 -23 -9
right_child=15 12 3 5 -6 6 -8 23 -10 10 -12 -13 -14 -15 -16 16 17 18 19 20 -22 22 -24 -25
leaf_value=0.023713374329025715 0.0018539099077408789 -0.010742841645152846 -0.015946287311721437 0.0098087809001470138 0.020962420228976222 0.01978437177108611 0.01820260441178061 -0.017790781719880931 0.0034440144806253078 -0.0089664930935746748 0.016731958615418069 -0.0011930601825825978 -0.01810632245047367 0.01570869990586753 0.029880710976318847 0.0029004950291822073 0.00068603948741096841 -0.0043545685771222411 0.0057763930704767107 -0.018272389092310003 -4.9598726431437087e-05 -0.022825186304890169 -0.0074238659299636044 -0.0026070779252959086
leaf_weight=10.29113447666168 8.4585977345705015 9.4205291420221346 13.136099621653559 9.254344120621683 6.60933032631874 7.7017643749713924 9.9050445258617383 6.2066353857517242 10.645090937614439 10.771079808473589 6.4128690958023062 9.8230074942111951 9.3045669794082624 6.3399930298328391 15.737206250429152 6.9883599728345862 8.8221069723367673 5.0140731483697811 8.1513861268758792 9.7785914242267591 4.8786406815052024 30.89435410499572 5.9306250065565242 5.9095359742641467
leaf_count=31 34 37 46 29 19 24 31 21 34 38 20 31 40 23 47 28 35 22 33 43 19 147 24 19
internal_value=3.13278e-05 0.00628911 0.00914158 0.00745575 -0.000911569 0.0115814 0.00506065 0 0.0181593 -0.00663174 0.000876113 0.00854371 -0.00714443 0 0.0236508 -0.010213 -0.0115655 -0.013052 -0.0149906 -0.00619751 -0.013146 -0.0192652 -0.020889 -0.0119288
internal_weight=236.385 147.468 122.403 112.112 36.9294 75.1826 39.546 29.6409 35.6366 30.32 17.1839 17.5248 25.0651 15.7605 24.9916 88.9167 80.4581 73.4698 64.6477 22.8086 14.6572 41.8391 36.825 12.1162
internal_count=875 490 390 359 123 236 126 95 110 104 58 55 100 60 76 385 351 323 288 95 62 193 171 40
is_linear=0
shrinkage=0.03


Tree=66
num_leaves=29
num_cat=0
split_feature=48 54 25 48 25 48 61 54 52 44 30 59 61 5 0 46 30 54 18 48 54 12 51 48 48 44 54 44
split_gain=23.4771 3.42047 3.41647 2.55689 2.71879 2.44394 2.29219 3.15994 2.92255 5.24999 4.8324 3.46898 2.43079 2.46365 2.27092 2.02421 1.96233 1.6778 2.38621 2.94967 2.27508 2.17087 1.59855 1.59248 1.49987 1.25001 0.617343 0.407313
threshold=0.053373702803876912 0.61696298387527004 -0.22779278552537258 0.83295204778273912 0.44558115817294347 0.69014327407095266 727.50000000000011 0.41737036482465156 0.44116748606835393 0.25478360512127113 -0.22760845309308872 0.58763725521779475 177.50000000000003 0.28814522829082145 -0.69921713029635468 -0.2095637832604926 -1.0508878995179858 0.24657040163597749 1.1980541928022552 -0.55161894787646804 1.0000000180025095e-35 1.9123980958947093 0.1931694170184812 -0.36709530479451613 -1.3451779986086716 0.40249919743004015 -0.97790255560743333 -0.13912464103544631
decision_type=2 2 2 2 2 2 2 2 2 2 2 2 2 2 2 2 2 2 2 2 2 2 2 2 2 2 2 2
left_child=1 17 6 5 16 15 7 14 12 10 11 -10 -9 -14 -2 -4 -5 18 20 -20 21 22 27 -3 -24 -26 -23 -1
right_child=2 23 3 4 -6 -7 -8 8 9 -11 -12 -13 13 -15 -16 -17 -18 -19 19 -21 -22 26 24 -25 25 -27 -28 -29
leaf_value=-0.0084864830811971024 -0.01221720156462865 0.012367108161615107 -0.0084013538325061372 0.010707659911566161 0.016730592330266029 -0.018211949737467436 0.022679024092884383 0.0016040978664874821 -0.0047955724596773037 0.02230997641423111 -0.017208797956926553 0.019187667103700078 0.0097684196878722995 0.031152220036546642 0.0072235296426673354 0.011660899447377929 -0.0069408421705159555 -0.021772737785506653 0.013034684722837914 -0.010640219256162955 0.0020479700428498275 -0.0071638895674510979 0 -0.0057012819695899993 -0.019614827116406323 -0.0041268540415949247 0.0045440127278818304 -0.021446447042643757
leaf_weight=7.1909844279289166 8.7245960235595721 7.6714867055416107 7.8074789941310891 7.6918465495109549 12.903531461954115 7.6363268494606009 12.644084572792051 7.2909853756427756 9.3847038745880145 10.332646250724791 9.6522787511348742 9.270454138517378 11.717164427042009 13.25105160474777 9.7699828147888166 7.1989483535289773 13.283817678689958 12.05104675889015 7.8572770953178397 8.0159613490104658 9.1249775588512403 6.3268758952617645 10.578372210264204 6.654973626136778 11.876182675361635 10.580694705247877 6.5622118413448316 29.320377022027976
leaf_count=24 24 21 24 21 35 23 34 20 26 28 27 25 32 36 27 20 37 41 22 26 28 20 35 20 40 35 20 104
internal_value=-0.000145839 -0.00936387 0.00761078 0.00151051 0.00669293 -0.00592924 0.0108611 0.00877687 0.0116199 0.00549402 -0.00125659 0.00736593 0.0182096 0.0224661 -0.00187585 0.00104457 0 -0.0110259 -0.00948213 0.000847121 -0.0113221 -0.0128837 -0.0149475 0.00384994 -0.00912758 -0.0132833 -0.000933769 -0.0194874
internal_weight=292.371 133.811 158.56 56.5219 33.8792 22.6428 102.038 89.3939 70.8993 38.6401 28.3074 18.6552 32.2592 24.9682 18.4946 15.0064 20.9757 119.485 107.434 15.8732 91.5607 82.4357 69.5466 14.3265 33.0352 22.4569 12.8891 36.5114
internal_count=875 436 439 160 93 67 279 245 194 106 78 51 88 68 51 44 58 395 354 48 306 278 238 41 110 75 40 128
is_linear=0
shrinkage=0.03


Tree=67
num_leaves=33
num_cat=0
split_feature=25 45 25 40 49 45 58 19 32 18 37 53 49 19 44 47 47 45 39 55 55 1 13 20 19 50 41 20 20 45 45 19
split_gain=3.66571 3.93738 2.85986 3.6488 2.98962 2.91961 2.8001 2.68945 3.22866 2.54469 2.24109 2.23221 2.19776 1.99452 2.09498 3.12456 2.54682 3.36104 1.92987 2.64074 1.92099 1.65621 2.1276 2.70436 3.26398 2.48005 1.39588 1.20824 1.16664 1.00279 1.364 0.229819
threshold=-0.22779278552537258 0.77874346789663962 0.44558115817294347 0.1973712866393614 0.94835046223829955 -0.45429402852395934 1.1174758397303621 -1.0200947897734574 -0.95293217861688972 1.2226682816970296 -0.13584477052567406 1.0000000180025095e-35 -0.26519734538931666 -1.0200947897734574 0.25478360512127113 1.4770977662440481 1.2087576662646617 1.1157599472222728 -1.1153418606715111 0.70956535095876971 -0.87223368908879351 -0.54566935045421594 1.2982613318313849 0.40014323223023446 0.31257061254339952 -0.26867837848900472 -0.77690861881121731 -1.1752238237943102 -1.0000000180025095e-35 0.3249000448907689 -0.57145521494443863 0.67602481317526975
decision_type=2 2 2 2 2 2 2 2 2 2 2 2 2 2 2 2 2 2 2 2 2 2 2 2 2 2 2 2 2 2 2 2
left_child=1 7 4 10 9 6 18 29 -9 21 -4 12 28 -3 15 16 17 31 19 -5 -12 -2 23 25 -25 27 -8 -23 -10 30 -1 -15
right_child=2 13 3 5 -6 -7 26 8 11 -11 20 -13 -14 14 -16 -17 -18 -19 -20 -21 -22 22 -24 24 -26 -27 -28 -29 -30 -31 -32 -33
leaf_value=-0.0093852389808649697 0.019723337450069895 0.0042452727009907191 0.0011948485310789925 0.013544459142595409 -0.0093831794585102751 0.019587281132164527 0.015612427653859007 -0.0098367224095428918 0.011447835371454799 -0.0062148867485230276 0 -0.0017907759549506035 0.02141095234620511 -0.022476046843902229 -0.020481479547025006 -0.022701307939115518 0.0087634091338735631 0.0053766567647779715 -0.013015479078348345 -0.0094557119715167892 -0.019842478200840976 -0.00017315409732855005 0.020917176897200684 0.021215678402311838 -0.0020626054656427617 0.0096439909695812155 -0.00013732874245102927 -0.017710633919145048 -0.0034748015268490345 -0.015821310580283122 0.0066913899576756357 -0.0082863068789972259
leaf_weight=8.9437644481658936 14.999636888504027 7.4901132881641379 12.872485339641569 7.5425267815589905 7.3271013498306266 7.7150656878948203 11.203860878944399 8.9082189798355085 7.9050943255424464 7.3298748135566703 6.7921794950962058 11.589402973651884 13.496065467596056 6.1814036667346972 14.726558923721312 7.2917685210704795 10.812136262655256 8.6354919075965864 12.576026350259781 7.2901253402233124 13.992159247398378 7.4397808611392939 7.9034222066402426 11.933244287967684 7.9515088200569144 7.7566010951995894 7.1495122015476218 6.8189821839332581 7.5322262048721331 6.5910897850990287 6.9721971750259408 6.5949404835700989
leaf_count=26 41 23 37 21 21 21 31 26 22 21 20 33 38 20 47 24 32 26 37 21 42 21 22 33 23 22 20 20 22 21 20 21
internal_value=0.000100403 -0.00355769 0.00307681 -0.000621815 0.0071431 0.00414357 0.000873921 0.00114657 0.00509591 0.00906024 -0.0082179 0.00875531 0.0130568 -0.0090317 -0.0110376 -0.00675151 -0.00211521 -0.00808445 -0.00497591 0.00204249 -0.0140048 0.01098 0.00773011 0.00446747 0.0121348 -0.00253502 0.0096281 -0.00982834 0.00414958 -0.00705368 -0.0020284 -0.017212
internal_weight=300.265 133.67 166.594 87.1339 79.4602 53.4771 45.7621 71.9381 49.431 72.1331 33.6568 40.5228 28.9334 61.7324 54.2423 39.5157 32.224 21.4118 27.4087 14.8327 20.7843 64.8032 49.8035 41.9001 19.8848 22.0154 18.3534 14.2588 15.4373 22.5071 15.916 12.7763
internal_count=875 401 474 250 224 151 130 208 141 203 99 115 82 193 170 123 99 67 79 42 62 182 141 119 56 63 51 41 44 67 46 41
is_linear=0
shrinkage=0.03


Tree=68
num_leaves=28
num_cat=0
split_feature=47 34 38 20 4 51 0 20 27 42 59 29 34 40 18 21 38 20 19 61 48 15 45 36 36 45 28
split_gain=16.2506 6.13142 2.73334 4.2554 5.29071 3.88892 3.67267 3.19303 4.63866 2.91184 3.56757 2.38404 3.41872 2.36843 2.22223 1.73052 2.87204 1.95274 2.67742 1.55482 1.88063 0.58917 0.574931 0.293284 0.27392 0.33622 0.00643244
threshold=0.35844949243610996 0.36221615046632966 -0.46050080275462563 -0.65010147178612876 1.0000000180025095e-35 0.1931694170184812 -0.17584087791169667 0.66270440823432541 1.0567760207209591 1.0000000180025095e-35 -0.5217103139635868 -0.17697574179342987 0.74513182681759493 0.57992145675022055 0.79146553963038657 1.0000000180025095e-35 -1.7189526051995516 -0.91266264779021966 0.67602481317526975 321.50000000000006 0.9376987191879832 -0.67994426746669789 0.34252430120175853 -0.81266420118121763 -1.0000000180025095e-35 1.2515091682964801 -1.0000000180025095e-35
decision_type=2 2 2 2 2 2 2 2 2 2 2 2 2 2 2 2 2 2 2 2 2 2 2 2 2 2 2
left_child=1 2 -1 4 5 6 -4 8 14 10 13 12 -3 -9 -5 16 -2 18 -17 26 -21 -12 -18 -22 25 -24 -19
right_child=15 11 3 7 -6 -7 -8 9 -10 -11 21 -13 -14 -15 -16 17 22 19 -20 20 23 -23 24 -25 -26 -27 -28
leaf_value=0.023028858863517878 0.0041738112630014734 -0.010486184310789608 0.016204707158607085 0.029132375134095872 0.020481259063957331 -0.019055714724968833 -0.0087652161471706274 0.019238361693049637 0 0.017727887214264975 -0.017614226157634746 -0.017950341416063293 0.015498847737415703 -0.0012241813025644129 0.0058785853915915096 -0.0073494211614390792 -0.0057516764153075356 -0.019977115007431087 0.016355734428606106 0.0070455954346667661 -0.0029967447896637688 -0.0026401603443642761 -0.022431383209331801 -0.016665100575676609 -0.0079940169159661116 -0.0068921854544955353 -0.0072220623152419623
leaf_weight=10.380562663078306 5.6056157350540152 9.4100988805294055 7.7742424011230495 19.180219739675525 6.6434801816940299 11.750180348753927 10.722929671406748 7.7620015144348171 10.21260032057762 9.9716480970382673 6.1581592261791229 9.1839223206043226 6.3146862238645545 9.8234072923660261 6.4416514784097663 7.8389573544263822 6.7737533152103415 7.932808592915535 6.287336602807045 7.6750115901231792 4.7095237672328958 5.9113983064889926 22.061048209667206 4.1733461618423435 6.3304190933704403 4.3930781334638587 4.3579684197902697
leaf_count=31 22 38 24 56 19 42 38 24 33 31 21 40 22 31 21 34 27 36 23 30 22 19 104 20 27 21 19
internal_value=2.76456e-05 0.00611995 0.00888498 0.0072393 -0.000952133 -0.006594 0.00185775 0.0112623 0.0176654 0.00489299 0 -0.00700779 4.14127e-05 0.00829554 0.0241558 -0.0100423 -0.0141791 -0.00522827 0.00337455 -0.00959709 -0.00268646 -0.011825 -0.0169834 -0.0114761 -0.0187758 -0.0205738 -0.017167
internal_weight=235.78 147.641 122.732 112.352 36.8908 30.2474 18.4972 75.4611 35.8345 39.6266 29.655 24.9087 15.7248 17.5854 25.6219 88.1389 45.1639 42.975 14.1263 28.8487 16.5579 12.0696 39.5583 8.88287 32.7845 26.4541 12.2908
internal_count=875 490 390 359 123 104 62 236 110 126 95 100 60 55 77 385 201 184 57 127 72 40 179 42 152 125 55
is_linear=0
shrinkage=0.03


Tree=69
num_leaves=28
num_cat=0
split_feature=47 54 47 46 61 23 29 34 39 53 54 18 47 32 53 33 20 42 36 36 20 34 37 24 18 14 18
split_gain=22.0109 3.27848 3.19089 3.96817 4.21886 2.03527 1.89595 1.78149 1.86644 2.28829 1.56299 2.29866 2.84516 2.31809 2.3957 1.71109 1.45487 1.44855 1.34195 1.2849 1.64165 1.19607 1.1037 1.04034 0.795776 0.521737 0.45391
threshold=-0.026892079264261921 0.61696298387527004 0.74972232100217806 -0.012489938222121643 495.00000000000006 1.0000000180025095e-35 -0.51837667672471832 1.6203676584776294 0.43597090812773709 -0.21608087455176947 0.24657040163597749 1.1980541928022552 -0.54012520048261992 0.23602229031289992 -0.64627601728851192 -0.59724631466429434 0.40014323223023446 0.86752197676634835 -0.4781058641098504 -0.70114475549076183 -0.65010147178612876 0.30751391098757769 0.67314005842966829 -1.727019913266822 0.64852593369869083 -0.81251245841256725 0.8585867909244117
decision_type=2 2 2 2 2 2 2 2 2 2 2 2 2 2 2 2 2 2 2 2 2 2 2 2 2 2 2
left_child=1 10 3 4 17 19 -5 8 -7 21 11 13 -13 14 -1 -16 -3 25 -17 20 -4 -10 -11 -20 -8 -2 -25
right_child=2 16 5 6 -6 7 24 -9 9 22 -12 12 -14 -15 15 18 -18 -19 23 -21 -22 -23 -24 26 -26 -27 -28
leaf_value=0.0012235039951525692 -0.0064486580020676476 -0.0048212274288854115 -0.010525828060671469 -0.00035921750347451268 0.0094192288424897498 0.0033986809264153774 0.006116597545399954 0 0.0080642844167091009 0.013990320222490494 -0.021372292607707878 0.012790238711592747 -0.010473768434290653 0.0016143218611383591 0 -0.00072161348118584103 0.012410133536654811 0 -0.0038112158765784272 0.011126942410826164 0.0070870665793449708 0.025648579102292693 0 -0.020222304377112539 0.022663891242893402 -0.020439935399672784 -0.0086356552422332637
leaf_weight=8.7569410204887372 7.531689882278445 7.1384060680866224 8.6096341013908368 7.942592233419421 11.745736658573149 12.846778720617293 7.2492846846580496 8.4861851036548597 7.3670003712177268 11.041813641786577 11.588998973369597 7.8768959045410156 7.9727622866630536 10.265834152698515 6.1658446192741385 5.7191711962222973 7.1786295771598816 7.3153656125068656 6.6717108190059582 8.6170487999916059 7.2832099497318294 24.636362195014954 9.6442734003066999 44.423235550522818 8.4856790006160718 9.8368198275566119 8.8763876855373365
leaf_count=28 22 21 24 22 33 35 20 23 20 30 40 22 26 32 20 19 20 21 22 24 20 67 26 155 23 30 30
internal_value=-0.00014563 -0.00912971 0.00734344 0.00171298 -0.00434769 0.010641 0.0109796 0.0131092 0.0147487 0.0172346 -0.0107719 -0.00928519 0.000848271 -0.0111025 -0.012795 -0.0145752 0.00379687 -0.0112921 -0.0159641 0.00263003 -0.0021943 0.0223221 0.00811623 -0.017267 0.0165843 -0.0156857 -0.0186914
internal_weight=291.274 132.635 158.639 60.1072 36.4296 98.5323 23.6776 74.0224 65.5362 52.6894 118.318 106.729 15.8497 90.8791 80.6133 71.8563 14.317 24.6839 65.6905 24.5099 15.8928 32.0034 20.6861 59.9713 15.735 17.3685 53.2996
internal_count=875 435 440 171 106 269 65 201 178 143 394 354 48 306 274 246 41 73 226 68 44 87 56 207 43 52 185
is_linear=0
shrinkage=0.03


Tree=70
num_leaves=30
num_cat=0
split_feature=47 23 48 19 16 1 20 24 41 50 37 18 37 60 55 60 4 9 30 26 39 46 19 46 58 55 36 24 55
split_gain=3.51476 2.90108 2.48702 2.46492 2.07995 2.20385 3.16695 3.12327 3.01678 2.96839 2.32807 2.04547 1.97183 3.82865 2.68001 3.51099 2.80943 1.48322 1.93091 1.80969 1.25839 1.8128 1.71551 1.09236 0.966441 0.845551 0.77932 0.545022 0.0699863
threshold=0.74972232100217806 1.0000000180025095e-35 0.74381148675418995 -1.262397590194704 1.2998970680288926 -0.073395712760055853 -0.65010147178612876 -0.54772252486371198 1.1212401749508987 -0.095497103219848847 0.49336565199514765 -0.68735785808598782 -0.34558157803261458 474.50000000000006 0.93968329450641941 449.50000000000006 -0.56353595565398062 -0.38214173350218211 0.68714648737901951 0.13205079676620268 0.53062728046125074 -1.1784966739292253 1.2817818142283868 0.80525960745206171 1.1174758397303621 0.43284431892921021 -0.4781058641098504 1.3946496442708227 0.47261891611377665
decision_type=2 2 2 2 2 2 2 2 2 2 2 2 2 2 2 2 2 2 2 2 2 2 2 2 2 2 2 2 2
left_child=2 11 4 -3 5 6 9 24 10 17 12 -2 14 25 15 -8 -16 28 19 -19 21 -5 27 -9 -7 -14 -4 -22 -1
right_child=1 3 26 20 -6 7 8 23 -10 -11 -12 -13 13 -15 16 -17 -18 18 -20 -21 22 -23 -24 -25 -26 -27 -28 -29 -30
leaf_value=0.023587720613622947 0.010663092855732482 0.0043328517146775632 0.019916721559407703 0.0042888796440813193 -0.013326354073394844 -0.019593479721010835 -0.013135114536038738 -0.0029952760490343819 -0.01491822414417786 -0.0032890890432926202 -0.013426480521923086 -0.0059261964580146573 0.021042853375856364 -0.0071411593888410872 0.018141555481808267 0.0062798957697704182 -0.00059929543347455238 0.0084379449413717143 0.016266101363612662 -0.009725365639336082 -0.021019585340449815 -0.014296361810358538 -0.0014367843688611773 0.011705257566677342 -0.0029223668784452385 0.0054531760029903793 0.004459209972642402 -0.0082857392244596734 0.011000652180027048
leaf_weight=9.1002314090728742 14.100887358188631 10.172639787197111 7.3104020953178406 10.098880499601366 6.9019093215465537 9.4485427439212852 19.823007255792614 7.5329228043556196 9.2787036895751935 12.716573774814604 6.6345789432525626 9.9480466246604902 12.524233877658856 7.4037595689296714 10.276964843273165 12.168539285659788 16.79369193315506 9.7731170058250516 10.66862368583679 7.243558704853057 18.046041011810306 6.2815803885459891 8.9058848321437818 7.226832389831543 6.5619545578956595 7.3371121883392325 7.9755956530570966 9.3105006515979749 8.0602490305900556
leaf_count=25 39 32 20 31 21 29 58 22 28 36 20 29 35 21 28 34 48 27 29 21 60 21 28 20 19 21 22 29 22
internal_value=0.000104936 -0.0049091 0.00220007 -0.00827638 0.00121453 0.00187234 0.00331434 -0.0052366 5.92359e-05 0.00884605 0.00183084 0.00362091 0.00328102 0.00972418 4.03881e-05 -0.00562062 0.00688431 0.0124117 0.00712769 0.000220754 -0.0108763 -0.00310406 -0.0139656 0.00424937 -0.0139391 0.016352 0.0133283 -0.0175497 0.0193566
internal_weight=299.626 86.8645 212.761 62.8155 197.475 190.573 159.803 30.7703 102.241 57.5624 92.9619 24.0489 86.3273 27.2651 59.0622 31.9915 27.0707 44.8458 27.6853 17.0167 52.6429 16.3805 36.2624 14.7598 16.0105 19.8613 15.286 27.3565 17.1605
internal_count=875 269 606 201 564 543 453 90 293 160 265 68 245 77 168 92 76 124 77 48 169 52 117 42 48 56 42 89 47
is_linear=0
shrinkage=0.03


Tree=71
num_leaves=30
num_cat=0
split_feature=47 1 56 46 32 20 60 55 55 33 0 40 27 19 44 38 46 28 32 45 24 12 40 19 60 21 55 32 46
split_gain=15.5157 4.26834 4.71409 4.36186 2.46766 2.42871 2.36368 2.35923 2.12573 1.97712 2.78115 3.42832 1.818 1.71155 2.98334 2.19614 1.55315 1.52774 2.41484 1.90753 1.95347 1.39505 1.38612 1.37907 1.36624 1.29762 1.19587 0.402428 0.134879
threshold=0.35844949243610996 -0.073395712760055853 0.51242586103399035 0.37710698864127429 -1.122782817035431 -0.91266264779021966 505.50000000000006 0.27563136087466683 0.68163533286260314 -0.39279468884597418 0.33766035084306228 0.96247162686108034 0.77757144577329507 0.79717621338589317 -1.1238952564272398 -0.24163961972072553 0.93424873064911296 0.72548425262950544 1.0000000180025095e-35 0.36267377716254373 -0.54772252486371198 -0.55918916775627026 0.8668340843333654 1.0000000180025095e-35 300.00000000000006 -1.0000000180025095e-35 0.32154260578003641 0.9154248439870657 -0.62222649366701632
decision_type=2 2 2 2 2 2 2 2 2 2 2 2 2 2 2 2 2 2 2 2 2 2 2 2 2 2 2 2 2
left_child=1 2 3 4 -1 6 8 -3 -5 16 11 25 26 17 -15 -16 -7 18 19 -2 -21 -17 -9 24 -6 -11 -12 -20 -29
right_child=13 7 -4 5 23 9 -8 22 -10 10 12 -13 -14 14 15 21 -18 -19 27 20 -22 -23 -24 -25 -26 -27 -28 28 -30
leaf_value=0.028004680057192536 0.0068334707226296778 0.0015604552189296939 -0.017660046131511443 0 -0.0070336885111472224 -0.012496023240830269 0.0065647123868278791 0.030521440812761987 -0.021378898570794842 0.031153479155650241 -0.0020252025063166117 -0.00048384145130414964 -0.0096585511456867938 0.012788332364194613 -0.017929925610974229 0.010753410220444735 0.0056407981609718138 0.0016189196894909005 -0.022263123907587966 0.0019777857188270297 -0.01972773550359359 -0.0088652578511384094 0.008782851169278497 0.018055973929087209 0.0094576195441554659 0.011177595524118313 0.014692387837015288 -0.013933910828589479 -0.0036519088174119538
leaf_weight=8.098370164632799 6.7858103960752514 7.1935900300741222 7.2179564088582984 7.854766979813582 6.4845635443925884 8.0894292145967466 7.3176284879446021 9.4924611151218432 8.6654360145330411 6.763616830110549 6.0014741420745867 9.5266462266445142 9.4467803537845594 6.3404919654130962 9.7063127458095586 5.1179119944572449 5.9045336097478858 5.1606152206659308 20.610977590084076 5.1712353229522714 7.4850889295339558 4.8293317258357966 6.8906817436218253 6.7763604372739783 8.5693536549806577 11.250777304172521 6.204292505979538 11.464383363723757 4.7183392196893683
leaf_count=23 26 22 28 29 22 31 25 27 34 20 20 31 32 25 45 20 21 20 98 22 34 20 20 21 27 37 20 55 20
internal_value=2.12889e-05 0.00595593 0.00356603 0.00513371 0.0147416 0.00156792 -0.00623721 0.0173374 -0.0123152 0.00468156 0.00751378 0.0135886 -0.000333768 -0.00987595 -0.00289545 -0.00878691 -0.00465099 -0.0125964 -0.014013 -0.00455734 -0.0111654 0.00079093 0.0232174 0.00808001 0.00199779 0.0208033 0.00671268 -0.0184786 -0.0118394
internal_weight=235.139 147.749 124.172 116.954 29.9286 87.0254 23.8378 23.5767 16.5202 63.1876 49.1936 27.541 21.6525 87.3905 25.994 19.6536 13.994 61.3965 56.2358 19.4421 12.6563 9.94724 16.3831 21.8303 15.0539 18.0144 12.2058 36.7937 16.1827
internal_count=875 490 421 393 93 300 88 69 63 212 160 88 72 385 110 85 52 275 255 82 56 40 47 70 49 57 40 173 75
is_linear=0
shrinkage=0.03


Tree=72
num_leaves=31
num_cat=0
split_feature=48 45 54 30 46 12 46 46 38 26 49 31 54 18 45 34 12 30 46 48 44 53 32 13 35 54 32 44 32 28
split_gain=21.1735 3.40667 3.15142 3.11595 2.48555 2.41055 2.57545 5.66537 4.41878 2.07405 1.9597 1.8942 1.66022 1.95638 3.19016 1.87356 3.6413 3.2498 2.83511 1.53194 1.44773 1.37809 1.26806 1.25017 1.02421 0.889013 0.701645 0.887996 0.561703 0.0976292
threshold=0.053373702803876912 0.20963056482259682 0.61696298387527004 0.50419549928459795 -0.053748256691068245 2.1407559814266852 -0.31789440192725799 -0.012489938222121643 -1.3906608306487012 -0.18116266804926703 -0.091833372871085811 0.73493742597638068 0.32691687683835263 1.1980541928022552 0.074971909465789785 -0.81388199832684116 -0.54892342766993074 0.96157296952065197 0.84769713668500712 -0.36709530479451613 1.0000000180025095e-35 -0.64627601728851192 -0.44338026336126568 1.3931155649645717 -0.79437948416935622 -0.39164491286284969 -1.8021853707095967 1.0426000974347061 0.9154248439870657 0.46069057032243393
decision_type=2 2 2 2 2 2 2 2 2 2 2 2 2 2 2 2 2 2 2 2 2 2 2 2 2 2 2 2 2 2
left_child=2 -2 12 5 -5 6 8 -8 11 -10 23 -3 13 15 -15 21 29 18 -18 -4 -9 -1 26 28 -12 -19 -23 -28 -11 -17
right_child=1 3 19 4 -6 -7 7 20 9 10 24 -13 -14 14 -16 16 17 25 -20 -21 -22 22 -24 -25 -26 -27 27 -29 -30 -31
leaf_value=-0.00089330460222458491 -0.0067442545755394042 -0.0075049466101254165 0.012033692779542152 -0.015765599794700505 0.0067182407176214548 0.022145789171990768 -0.014500964668579289 0.019810001105839102 0.0033400899465480241 0.029880717158538763 0.014877151261585295 0.0087392160359340901 -0.022656449072589235 0.010344834481096309 -0.014432005364177165 -0.021871421588927208 -0.0036687889002062759 -0.016806795883982515 0.020528186151579839 -0.0056851768845065341 0.00098843489807581191 -0.0057377057263257852 -0.0020335138468405498 0.010236875921525061 0.00014978208614116267 -0.00054174520288568086 -0.023814564619428102 -0.0091783709915028832 0.01355372914627772 -0.0084588146208354736
leaf_weight=6.7955482304096213 12.875352561473845 13.434074282646181 7.683017760515213 6.8702199161052704 7.6774454712867719 12.884067624807356 11.710486531257631 7.7117666900157911 14.091669231653205 15.796436131000513 7.3349902927875545 9.834069758653639 9.3561901897191984 10.029125124216081 6.3611974120140067 7.0215632170438749 6.5942012816667583 5.9838671684265137 8.1471240818500501 6.641578793525694 7.5890819132328033 6.1570152789354244 6.0741213560104432 11.716901808977125 9.891544878482831 6.603600084781645 23.407441154122353 9.4420121312141401 8.6959591507911664 5.7829884588718414
leaf_count=22 38 37 21 20 21 35 34 21 39 43 20 27 33 29 21 24 22 21 25 20 21 21 20 32 27 21 83 33 24 20
internal_value=-0.000152094 0.00720308 -0.00898392 0.00853669 -0.00400714 0.010008 0.00836851 0 0.0107537 0.0145673 0.0172468 -0.000283774 -0.0106015 -0.00921143 0 -0.0108882 -0.00547186 0.000699722 0.00999562 0.00367904 0.0117535 -0.0146945 -0.0165504 0.0212765 0.0074304 -0.00966603 -0.0185038 -0.0203668 0.0254314 -0.0177555
internal_weight=290.195 158.114 132.081 145.239 14.5477 130.691 117.807 27.0113 90.7956 67.5275 53.4358 23.2681 117.756 108.4 16.3903 92.0095 40.1333 27.3288 14.7413 14.3246 15.3008 51.8761 45.0806 36.2093 17.2265 12.5875 39.0065 32.8495 24.4924 12.8046
internal_count=875 439 436 401 41 360 325 76 249 185 146 64 395 362 50 312 133 89 47 41 42 179 157 99 47 42 137 116 67 44
is_linear=0
shrinkage=0.03


Tree=73
num_leaves=31
num_cat=0
split_feature=25 58 42 50 25 40 49 33 42 33 33 18 4 42 13 20 19 45 33 55 20 37 24 12 38 0 38 34 44 54
split_gain=3.36405 3.62898 5.60302 2.81039 2.69075 3.44025 2.84568 2.80146 2.88948 2.71596 3.54642 2.4348 2.31354 2.19269 2.17952 2.1778 3.87865 3.34127 3.69765 2.02277 1.69172 2.48012 2.24054 1.67934 1.4659 1.37464 1.22218 0.681768 0.890385 0.585199
threshold=-0.22779278552537258 0.45568811738581605 -0.43240800003996888 0.77040927312593077 0.44558115817294347 0.1973712866393614 0.94835046223829955 1.231459894044014 -1.6162728003457218 0.83391506606394705 0.4250118144273064 1.2226682816970296 -0.56353595565398062 1.0000000180025095e-35 1.2982613318313849 0.40014323223023446 0.31257061254339952 0.64239038647043645 0.4250118144273064 -0.65090760306917272 1.1878267602425072 -0.9747920005534364 1.6721313827186133 -0.44508215109958099 0.086652154830124908 -0.71896717755615314 -1.3906608306487012 0.82718518603572333 -0.5822714179617533 0.19291094529573022
decision_type=2 2 2 2 2 2 2 2 2 2 2 2 2 2 2 2 2 2 2 2 2 2 2 2 2 2 2 2 2 2
left_child=1 3 -3 20 6 13 11 9 -9 10 -7 12 -2 19 15 17 -17 18 -14 -6 21 -1 26 -4 -21 -5 -23 29 -29 -28
right_child=4 2 23 25 5 7 -8 8 -10 -11 -12 -13 14 -15 -16 16 -18 -19 -20 24 -22 22 -24 -25 -26 -27 27 28 -30 -31
leaf_value=0.0052949234670505553 0.021056520107643074 -0.011939972531567171 0.0019306958878508218 -0.0027241099805801736 0.0092639130800655084 0.012678943509897636 -0.0092318691343444368 0.0084928864634767533 -0.012911407740495181 0.021143350085530605 -0.0096679422842457716 -0.0061702380068763326 -0.022503800272766952 -0.018721348481684878 0.020356088967240078 0.020742812831683579 -0.0045405306989045619 0.012868573429064029 0.0043423310233725995 -0.016032200160790839 0.0017884215368374349 -0.0030957325429736382 0.0022504559824968913 0.019935415985137362 0.00069987518875541015 0.013768546495246654 -0.0095516933743476137 0 -0.013843481935584321 -0.022292924684287032
leaf_weight=7.2944887876510611 14.317206054925917 9.9834129214286822 8.5536654293537158 7.9175719916820526 7.3517325520515433 12.888517767190935 7.3009054362773886 7.8866401612758663 12.531627446413038 10.224237650632857 9.8591635823249799 7.3065234124660483 8.1171112358570117 10.214934229850767 7.923197776079177 11.941387861967089 7.8796890676021567 7.0722722411155692 7.5144741535186759 8.2281578481197375 11.542399525642393 10.477735787630072 7.9438263475894919 13.026640892028807 7.6540044844150534 6.9989615976810438 10.382527321577081 7.0575863718986538 11.313472181558607 20.312191620469093
leaf_count=21 39 29 24 24 21 36 21 22 37 28 28 21 24 31 22 33 23 20 21 25 35 33 24 36 22 20 31 22 36 66
internal_value=0.00010976 -0.00340822 0.00519886 -0.00618677 0.00296177 -0.000631907 0.00690648 0.00399074 -0.00435474 0.00929746 0.00274713 0.00877775 0.0106562 -0.00803674 0.00706624 0.00384461 0.0107979 -0.00227091 -0.00999777 -0.00224613 -0.00827786 -0.00991484 -0.0117252 0.0136482 -0.00825888 0.00519987 -0.0136975 -0.0156838 -0.00912411 -0.0188154
internal_weight=299.016 132.804 31.5637 101.241 166.212 86.839 79.3728 53.3902 20.4183 32.9719 22.7477 72.0719 64.7653 33.4488 50.4481 42.5249 19.8211 22.7039 15.6316 23.2339 86.3242 74.7818 67.4873 21.5803 15.8822 14.9165 59.5435 49.0658 18.3711 30.6947
internal_count=875 401 89 312 474 250 224 151 59 92 64 203 182 99 143 121 56 65 45 68 268 233 212 60 47 44 188 155 58 97
is_linear=0
shrinkage=0.03


Tree=74
num_leaves=27
num_cat=0
split_feature=47 34 38 20 4 51 0 20 27 42 59 40 50 37 18 21 38 20 19 61 46 36 2 34 37 28
split_gain=14.8353 5.60469 2.59521 3.96936 4.92177 3.74647 3.42489 2.94453 4.32265 2.78649 3.38768 2.20995 2.18116 2.15522 2.04493 1.71628 2.82779 1.89015 2.51718 1.57027 2.55593 0.759834 0.672414 0.563406 0.0119217 0.00522233
threshold=0.35844949243610996 0.36221615046632966 -0.46050080275462563 -0.65010147178612876 1.0000000180025095e-35 0.1931694170184812 -0.17584087791169667 0.66270440823432541 1.0567760207209591 1.0000000180025095e-35 -0.5217103139635868 0.57992145675022055 -0.26867837848900472 -0.80999879465512603 0.79146553963038657 1.0000000180025095e-35 -1.7189526051995516 -0.91266264779021966 0.67602481317526975 321.50000000000006 -0.57911722124907217 -0.81266420118121763 -0.63796404896970171 -0.075401765363687326 -0.55531838553955526 -1.0000000180025095e-35
decision_type=2 2 2 2 2 2 2 2 2 2 2 2 2 2 2 2 2 2 2 2 2 2 2 2 2 2
left_child=1 2 -1 4 5 6 -4 8 14 10 11 -9 13 -3 24 16 -2 18 -17 25 21 -21 -12 -18 -5 -19
right_child=15 12 3 7 -6 -7 -8 9 -10 -11 22 -13 -14 -15 -16 17 23 19 -20 20 -22 -23 -24 -25 -26 -27
leaf_value=0.022141264882585065 0.0043387734394310018 0.012676410205080256 0.015475258076846644 0.033448903838208102 0.01947099026019462 -0.018877207381315216 -0.0086133206375403736 0.018358928228784124 0 0.017090033858126925 -0.017665166658778975 -0.0013295651226680298 -0.016418100265835078 -0.0085337540344674247 0.0055386195963263692 -0.0069919383205079384 -0.0072120905025702016 -0.019736179987441312 0.01602692204748089 -0.0009811380115363822 0.011581739281434798 -0.017757548243840657 -0.0020195900853852253 -0.018981892502233724 0.017631743383601524 -0.0070758055074749094
leaf_weight=10.481358736753462 5.5719066113233557 6.2087625712156287 7.8539692014455822 9.8580128252506274 6.7117013931274405 11.618781417608259 10.640810310840608 7.8455663621425655 10.243847399950026 10.056582212448118 6.3318568170070648 9.8344386518001539 10.262779846787451 8.1950204670429247 6.476672261953353 7.7021748125553113 9.214177265763281 7.7247584313154221 6.3311901092529297 5.4044906795024881 5.7377673536539069 5.1684159785509118 5.6739673465490359 29.478435382246971 9.5370686054229754 4.3200426399707812
leaf_count=31 22 23 24 28 19 42 38 24 33 31 22 31 43 34 21 34 39 36 23 25 22 25 18 140 28 19
internal_value=2.28001e-05 0.0058088 0.00843522 0.00683367 -0.00108476 -0.00656249 0.00170957 0.0107017 0.0168201 0.00458672 -7.4868e-05 0.00784696 -0.00680785 0.00056493 0.0230418 -0.00971097 -0.013867 -0.0049087 0.00355163 -0.00926483 -0.00232237 -0.0108664 -0.0117608 -0.0167021 0.0277824 -0.0169248
internal_weight=234.485 147.831 123.165 112.683 36.8253 30.1136 18.4948 75.858 36.1156 39.7424 29.6858 17.68 24.6666 14.4038 25.8718 86.6534 44.2645 42.3888 14.0334 28.3555 16.3107 10.5729 12.0058 38.6926 19.3951 12.0448
internal_count=875 490 390 359 123 104 62 236 110 126 95 55 100 57 77 385 201 184 57 127 72 50 40 179 56 55
is_linear=0
shrinkage=0.03


Tree=75
num_leaves=29
num_cat=0
split_feature=48 54 25 48 47 25 61 54 52 44 30 52 61 5 9 30 46 54 18 47 54 33 55 48 47 28 39 39
split_gain=20.1382 3.06159 2.97232 2.31573 2.70339 2.52615 2.18534 2.89682 2.79359 5.02575 4.54324 3.15063 2.28503 2.35034 2.15436 1.86364 1.66171 1.63532 1.89014 2.99582 1.83325 1.57626 1.69585 1.48538 1.23193 1.20161 1.7544 0.818625
threshold=0.053373702803876912 0.61696298387527004 -0.22779278552537258 0.83295204778273912 0.57921471096003441 0.44558115817294347 727.50000000000011 0.41737036482465156 0.44116748606835393 0.25478360512127113 -0.22760845309308872 1.3331872441499477 177.50000000000003 0.28814522829082145 0.83413054069889914 -1.0508878995179858 -0.2095637832604926 0.32691687683835263 1.1980541928022552 -0.54012520048261992 1.0000000180025095e-35 1.0000000180025095e-35 0.68163533286260314 -0.36709530479451613 -1.5351939375658448 -0.39988889717554899 -1.2152569203568864 -0.41593644287388404
decision_type=2 2 2 2 2 2 2 2 2 2 2 2 2 2 2 2 2 2 2 2 2 2 2 2 2 2 2 2
left_child=1 17 6 4 16 15 7 14 12 10 11 -10 -9 -14 -2 -5 -4 18 20 -20 21 22 -1 -3 -23 26 -26 -27
right_child=2 23 3 5 -6 -7 -8 8 9 -11 -12 -13 13 -15 -16 -17 -18 -19 19 -21 -22 24 -24 -25 25 27 -28 -29
leaf_value=-0.011233477290121514 0.006718589306596804 0.011882732110379277 -0.0071400280964541455 0.01023011138874442 -0.018424190040999617 0.015923066955641423 0.021547584632252176 0.0011595673615551203 -0.0038192614825219339 0.021288270814259325 -0.017281324268183469 0.019192622953265615 0.0090288879501139122 0.029849672431714266 -0.012221321550554734 -0.0069677941258985869 0.011208945536992499 -0.022443008798201613 0.0124600054090848 -0.01114263418018095 0.00031448844729977375 -0.0020003185081892373 0.0082225342315703619 -0.0055692429169215546 0.00028468268964797016 -0.02021077869124106 -0.017751776254226581 -0.0050375051698235453
leaf_weight=6.9512840658426267 9.7516383528709429 7.6883532404899597 7.3730907440185556 7.6891396045684806 7.9017684161663047 12.887040466070173 12.611824363470076 7.2657167315483084 10.487239420413973 10.290496766567228 9.5990232825279254 8.0877063274383527 11.674718737602236 13.105820983648298 8.7048967778682691 13.245961934328081 7.193999946117402 9.2274571508169156 7.8981904983520534 8.4643301963806135 10.869240492582319 8.3661396652460009 6.0408866405487061 6.6212848424911481 10.406067416071894 36.090955853462212 6.6141400933265606 6.0168403387069906
leaf_count=24 27 21 23 21 24 35 34 20 29 28 27 22 32 36 24 37 20 33 22 28 34 28 20 20 35 127 23 21
internal_value=-0.000161968 -0.00881147 0.00700693 0.00130161 -0.00580434 0.00623815 0.0100454 0.00801835 0.0107556 0.00478986 -0.00180545 0.00658686 0.017203 0.021344 -0.00216081 -0.00012217 0.0017487 -0.0104159 -0.00903664 4.0654e-06 -0.0106944 -0.0122329 -0.00185839 0.0036657 -0.0140591 -0.0155746 -0.00727049 -0.0184281
internal_weight=289.125 131.255 157.87 56.291 22.4689 33.8221 101.579 88.9673 70.5107 38.4645 28.174 18.5749 32.0463 24.7805 18.4565 20.9351 14.5671 116.946 107.718 16.3625 91.3556 80.4863 12.9922 14.3096 67.4941 59.128 17.0202 42.1078
internal_count=875 436 439 160 67 93 279 245 194 106 78 51 88 68 51 58 43 395 362 50 312 278 44 41 234 206 58 148
is_linear=0
shrinkage=0.03


Tree=76
num_leaves=33
num_cat=0
split_feature=29 19 7 7 37 55 28 54 7 23 58 12 33 0 46 33 54 60 54 26 12 37 49 43 32 42 34 54 32 38 33 47
split_gain=3.30065 4.24522 5.75542 2.88859 3.22835 4.54933 5.84129 4.16074 3.22366 4.11764 2.82283 2.6506 2.37371 2.25648 2.05042 1.81044 3.72835 1.64009 1.62463 1.57113 2.04163 1.44046 1.18242 1.15099 1.16107 1.13927 0.933231 0.792313 0.76496 0.540441 0.247809 0.0783293
threshold=-0.85977761165600697 -0.17203498829909397 -0.7364007395476514 0.16880543873081807 1.0992719847929762 0.49255474454592024 1.5198652995507203 0.97411187185568338 -0.7364007395476514 0.32209081081737329 -0.86788732730327589 -0.61243186391613957 0.4250118144273064 0.3837437944492586 0.66493324594951408 -0.39279468884597418 0.70052138156483901 449.50000000000006 -0.15650614260049869 0.2260148362108437 -0.49180445231997399 1.0000000180025095e-35 -0.26519734538931666 1.0000000180025095e-35 -0.047062107051335685 0.68181769436544604 0.19810943203007339 -0.93687555288245206 -0.7830815401983483 0.086652154830124783 0.15240964666954621 1.2087576662646617
decision_type=2 2 2 2 2 2 2 2 2 2 2 2 2 2 2 2 2 2 2 2 2 2 2 2 2 2 2 2 2 2 2 2
left_child=1 12 -3 4 5 7 13 8 18 23 15 -4 14 17 -1 16 -5 30 27 20 -12 -11 -9 24 28 -6 -13 -2 -10 -25 -7 -21
right_child=3 2 11 10 25 6 -8 22 9 21 19 26 -14 -15 -16 -17 -18 -19 -20 31 -22 -23 -24 29 -26 -27 -28 -29 -30 -31 -32 -33
leaf_value=0.00093091576828388436 -0.0029087790503372728 0.030323284954213301 -0.0086991047494167605 0.019300371481615872 -0.0029604534000395675 -0.025340381413825341 0.012346696225912498 0.0077618274070560623 0.0075079738558468685 -0.014379338450927754 -0.014074343118999178 0.0029071127154833517 0.0086289803752624631 0 -0.018216925500777349 -0.0076144820528693223 -0.0064120604402672157 -0.0030969763733430704 0.0025065082487841167 -0.021815954484109445 0.0030334855074228514 0.0019527540711572985 0.025742735634402488 0.0079311780062717527 0.01574797618962934 -0.017985495582548982 0.017957935641876952 -0.018646060584143063 -0.004017025231556239 0.023443363884792436 -0.010415583214423737 -0.0096935174872626144
leaf_weight=8.578670829534536 6.9214576184749603 10.253577053546904 7.953583449125289 8.5219941437244469 12.197088330984117 9.9664084315300041 11.343354195356367 9.2618102729320544 8.6081763207912463 7.1318395435810116 10.558821409940721 9.5420014262199455 9.0536378026008588 11.964916825294493 8.6819184720516187 12.88593143224716 8.6894735097885114 8.0786082744598371 10.01741775870323 10.231983885169031 11.281961411237715 9.2174904048442823 9.168937534093855 7.2363960146903983 7.0006315410137203 8.1715224981307966 7.4126620292663565 7.0639405846595782 8.6527875661849958 8.7164180278778058 6.7167194187641135 7.2404125332832328
leaf_count=25 20 28 23 25 37 31 32 27 24 22 32 27 25 34 25 38 28 23 28 34 33 28 26 20 20 26 21 21 25 24 20 23
internal_value=0.000118976 0.00624506 0.0128832 -0.00147524 0.000636024 0.00224776 -0.00515442 0.00592502 0.00274497 0.00665788 -0.00655847 0.00416217 -0.00262577 -0.0109891 -0.00906693 0.000207336 0.00652502 -0.0159095 -0.00608997 -0.0117025 -0.00535312 -0.00544511 0.0182722 0.0117411 0.00655921 -0.0100828 0.0107373 -0.0122812 0.00155152 0.018037 -0.0210165 -0.0182723
internal_weight=298.323 61.4761 35.1618 236.846 167.436 147.067 48.07 98.9973 80.5666 56.5637 69.4106 24.9082 26.3142 36.7267 17.2606 30.0974 17.2115 24.7617 24.0028 39.3132 21.8408 16.3493 18.4307 40.2144 24.2616 20.3686 16.9547 13.9854 17.261 15.9528 16.6831 17.4724
internal_count=875 174 99 701 488 425 140 285 232 163 213 71 75 108 50 91 53 74 69 122 65 50 53 113 69 63 48 41 49 44 51 57
is_linear=0
shrinkage=0.03


Tree=77
num_leaves=26
num_cat=0
split_feature=48 34 29 39 38 20 14 51 0 20 27 42 59 18 14 21 38 20 19 36 36 36 2 34 37
split_gain=13.7875 5.23872 2.32485 3.30988 2.17766 3.73842 4.81231 3.68651 3.28922 2.91643 4.14018 2.75339 3.39036 1.94104 1.85858 1.68055 2.7511 1.7898 2.40266 1.55391 4.74514 1.66474 0.728477 0.539586 0.00266074
threshold=0.4744537170989796 0.36221615046632966 -0.17697574179342987 0.53062728046125074 -0.46050080275462563 -0.65010147178612876 1.7464273629460054 0.1931694170184812 -0.17584087791169667 0.66270440823432541 1.0567760207209591 1.0000000180025095e-35 -0.5217103139635868 0.79146553963038657 1.0044424492757498 1.0000000180025095e-35 -1.7189526051995516 -0.91266264779021966 0.67602481317526975 -1.007823231139515 -0.70114475549076183 0.35828997856856776 -0.62089625824336925 -0.075401765363687326 -0.55531838553955526
decision_type=2 2 2 2 2 2 2 2 2 2 2 2 2 2 2 2 2 2 2 2 2 2 2 2 2
left_child=1 4 3 -3 -1 6 7 8 -6 10 13 12 14 24 -11 16 -2 18 -17 -19 -21 -22 -14 -18 -7
right_child=15 2 -4 -5 5 9 -8 -9 -10 11 -12 -13 22 -15 -16 17 23 19 -20 20 21 -23 -24 -25 -26
leaf_value=0.020497430386332029 0.0043014892984827736 -0.010290267793693459 -0.017645258726526846 0.0153128367889457 0.015091826899684548 0.032569733766085997 0.019181454645695699 -0.018811856710731826 -0.008503707776920142 0.017826596166027733 0 0.016698217525146993 -0.017836824580804878 0.0053963480709345079 -0.00032179556789339642 -0.0068552297636117832 -0.0071151951245348073 -0.019507838473377889 0.015613628417917705 0.019005578812118826 -0.018134769833149871 0.00077536958663570836 -0.0018066240595168079 -0.018743008343030099 0.017192658406325376
leaf_weight=10.821871429681776 5.5774894654750815 9.2003412693738955 8.9432169795036298 6.377015992999076 7.8961964696645763 9.9257668256759661 6.7315993309020987 11.534808710217474 10.593889936804773 7.2869075536727932 10.255199223756788 10.109317809343336 6.565126046538353 6.490481808781623 10.438946813344954 7.6503767371177656 9.17248986661434 7.6523172557354 6.3885727822780609 4.5850736647844341 10.23640017211437 5.4217983335256568 5.6320541352033633 28.730642691254616 9.5782621651887911
leaf_count=32 22 37 40 23 24 28 19 42 38 22 33 31 23 21 33 34 39 37 23 19 48 22 18 139 28
internal_value=2.29507e-05 0.00556059 -0.00667791 0.000264097 0.00808221 0.00658838 -0.00110705 -0.00654232 0.00164896 0.0103234 0.0163991 0.00428371 -0.000316406 0.022467 0.00763549 -0.0094578 -0.0136082 -0.00469489 0.00350354 -0.00899324 -0.003671 -0.0117419 -0.0118814 -0.0164594 0.0270709
internal_weight=233.796 148.381 24.5206 15.5774 123.86 113.039 36.7565 30.0249 18.4901 76.2821 36.2497 40.0324 29.923 25.9945 17.7259 85.4152 43.4806 41.9345 14.0389 27.8956 20.2433 15.6582 12.1972 37.9031 19.504
internal_count=875 492 100 60 392 360 123 104 62 237 110 127 96 77 55 383 200 183 57 126 89 70 41 178 56
is_linear=0
shrinkage=0.03


Tree=78
num_leaves=29
num_cat=0
split_feature=48 45 30 54 36 12 61 47 30 30 12 32 5 54 18 45 32 53 48 57 51 55 20 31 44 41 55 26
split_gain=19.1995 3.16703 2.96591 2.93118 2.41341 2.3057 2.1855 3.67697 3.16008 3.20282 1.85152 1.7768 1.73968 1.61988 2.08126 3.07136 2.18568 2.33908 1.39922 1.35505 0.93532 1.89045 0.927273 0.924534 0.893618 1.11115 0.83108 0.49048
threshold=0.053373702803876912 0.20963056482259682 0.50419549928459795 0.61696298387527004 0.69284831563993532 2.1407559814266852 362.50000000000006 1.3821782815005961 -1.3253143816596182 -0.3190839471402997 -0.16655303155807136 0.9154248439870657 0.13200367509725003 0.24657040163597749 1.1980541928022552 0.074971909465789785 0.23602229031289992 -0.64627601728851192 -0.36709530479451613 0.77507363165690957 0.1931694170184812 0.84607215850768358 -0.65010147178612876 -0.86525545123047853 -0.13912464103544631 -0.14419235422384538 -0.41729047779303469 -0.73711656809672621
decision_type=2 2 2 2 2 2 2 2 2 2 2 2 2 2 2 2 2 2 2 2 2 2 2 2 2 2 2 2
left_child=3 -2 5 13 -4 6 8 10 -3 12 11 26 -10 14 16 -16 17 -1 -5 22 24 27 -11 -23 -19 -26 -8 -22
right_child=1 2 4 18 -6 -7 7 -9 9 19 -12 -13 -14 -15 15 -17 -18 20 -20 -21 21 23 -24 -25 25 -27 -28 -29
leaf_value=0.0017085270144234707 -0.0066333542653314965 0.016164813674267552 -0.015599876298406874 0.011518966737722198 0.0065691158384706023 0.021419814865454811 0.024600148194352134 -0.0032158648673156743 -0.0007733463049835232 -0.0071589607940992167 0.00020754363786624087 0.0054958632375644691 -0.019953478890577137 -0.020949420545499409 0.011069076236312881 -0.013670062017211727 0.00187356263156166 -0.0052982947158215551 -0.0054184097182845559 0.013604591112413248 -0.018749713786735206 -0.0069934204034950015 0.0063510470550110229 0.0075034556025498182 -0.022507138531894344 -0.005075310573426875 0.010512444369250832 -0.0056517043596425185
leaf_weight=8.6532887518405897 12.819458097219465 11.59860062599182 6.9332017600536329 7.7049360275268555 7.5733707249164581 12.863980382680891 22.181562423706044 11.017113149166105 9.8295072019100207 7.0659727752208683 7.4053645730018678 11.635848760604857 7.3028669357299796 11.498384207487105 9.744853734970091 5.9984322786331168 10.178295105695723 7.3372325450181881 6.5943779647350294 10.220388025045395 11.357395842671396 6.6699924170970917 8.3060086965560931 6.1818628907203657 25.073949590325348 6.0236551463604142 10.826386332511904 7.4301484525203731
leaf_count=28 38 32 20 21 21 35 61 30 28 20 20 32 21 41 28 20 32 25 20 28 40 23 23 20 92 21 30 25
internal_value=-0.000168157 0.00682932 0.00811836 -0.00864812 -0.00412036 0.00955833 0.00795419 0.0117389 0.0032555 -0.00054276 0.0150178 0.0172579 -0.0102193 -0.0102277 -0.00871374 0.000925932 -0.0104741 -0.0121505 0.00355539 0.00592071 -0.0139457 -0.00896331 0 0 -0.0174061 -0.0197035 0.0208112 -0.0146663
internal_weight=288.026 157.58 144.76 130.447 14.5066 130.254 117.39 63.0663 54.3233 42.7247 52.0492 44.6438 17.1324 116.147 104.649 15.7433 88.9058 78.7275 14.2993 25.5924 70.0742 31.6394 15.372 12.8519 38.4348 31.0976 33.0079 18.7875
internal_count=875 439 401 436 41 360 325 173 152 120 143 123 49 395 354 48 306 274 41 71 246 108 43 43 138 113 91 65
is_linear=0
shrinkage=0.03


Tree=79
num_leaves=30
num_cat=0
split_feature=29 19 4 50 10 57 28 12 46 41 46 40 41 35 30 43 18 47 47 14 34 47 12 39 35 30 25 25 34
split_gain=3.16356 4.07739 6.00595 3.92723 3.29339 2.57074 2.5464 2.37102 2.25063 2.57525 1.9959 3.54994 1.98838 1.90165 3.06905 2.72883 2.19548 2.05975 2.44076 2.20424 2.75107 1.81408 1.66264 2.28579 1.28894 1.27889 1.53203 1.25997 0.735701
threshold=-0.85977761165600697 -0.17203498829909397 -0.67714867259960931 0.77040927312593077 -0.26812197127220805 0.77507363165690957 -0.39988889717554899 -0.61243186391613957 -1.2165788171158691 0.69942933189265066 0.81261951564613133 -0.18517888347149811 -0.14419235422384538 0.86914838458248078 1.053048463567863 -0.2079447176320896 0.64167360965984088 0.8802956308926444 0.56301804242578923 0.97036962138828364 -1.0000000180025095e-35 1.1152736929434572 -0.52672638381154357 0.53062728046125074 0.21091793291808472 -0.3190839471402997 1.0000000180025095e-35 -0.56447975737453049 0.19810943203007339
decision_type=2 2 2 2 2 2 2 2 2 2 2 2 2 2 2 2 2 2 2 2 2 2 2 2 2 2 2 2 2
left_child=1 12 -3 4 8 13 21 -4 9 -2 11 -7 -1 15 -15 17 25 18 19 20 -6 -5 -10 -24 -8 -17 -27 -19 -9
right_child=3 2 7 6 5 10 24 28 22 -11 -12 -13 -14 14 -16 16 -18 27 -20 -21 -22 -23 23 -25 -26 26 -28 -29 -30
leaf_value=0.0051226333237151976 0.0073997290721201031 0.029983682079044335 -0.0085440614835616529 -0.011991577917573024 -0.01911275190095536 0.0018584219518623512 0.020082483700676591 0.0028542674558118698 -0.020150869684645627 -0.011871216392911676 0.0028692194905923394 -0.021625403636817593 -0.01042520117232441 -0.014523141188227095 0.0079791639593209552 0.023091548645269307 -0.0012191021506832295 -0.018715402979049073 0.015232050853936885 0.0084438430016841558 0.0030056257928622763 0.0075630190914096427 0.0028222161386624949 -0.016724122460040267 0.0033388746685450283 0 0.015408465440693924 -0.00058893684730966717 0.016558042015576889
leaf_weight=13.124562442302706 12.355674833059313 10.643166482448576 7.9268572330474845 6.7484604120254499 8.5777445733547211 8.3968170583248174 11.913622200489046 9.5421167612075859 17.171359539031982 9.7513392269611341 9.1914510428905469 13.400844901800156 13.137249588966368 13.252412080764772 7.0767972767353049 7.8596289753913906 12.766908526420591 6.6625065505504608 8.4343088865280134 9.6617910563945753 8.6821693480014837 7.1599684953689575 10.413626968860628 8.1697382628917676 8.4084154963493329 11.942586600780489 10.859531253576277 7.4022386819124204 7.0674254894256583
leaf_count=37 36 29 23 20 26 25 34 27 55 31 26 41 38 39 20 22 37 22 24 27 25 21 30 28 24 35 30 23 20
internal_value=0.000122502 0.00612078 0.0126209 -0.00144094 -0.00306414 -0.000564742 0.00769778 0.00356552 -0.00901891 -0.00106065 -0.00803864 -0.0127843 -0.00258196 0.00150772 -0.00640498 0.00337807 0.00875094 -0.00134422 0.00242996 -0.00196192 -0.00831612 -0.00177932 -0.0135376 -0.00607941 0.0141353 0.0129521 0.00800064 -0.0105371 0.00990511
internal_weight=297.701 61.4414 35.1796 236.26 202.029 144.168 34.2305 24.5364 57.8617 22.107 30.9891 21.7977 26.2618 113.179 20.3292 92.8494 43.4287 49.4208 35.356 26.9217 17.2599 13.9084 35.7547 18.5834 20.322 30.6617 22.8021 14.0647 16.6095
internal_count=875 174 99 701 602 422 99 70 180 67 92 66 75 330 59 271 124 147 102 78 51 41 113 58 58 87 65 45 47
is_linear=0
shrinkage=0.03


Tree=80
num_leaves=26
num_cat=0
split_feature=48 34 29 39 7 58 17 9 30 44 18 51 34 40 48 31 44 25 23 31 39 26 46 46 45
split_gain=13.1518 4.98633 2.2723 3.19779 2.03439 2.74387 2.67078 2.80847 2.22957 3.2893 2.06247 3.28672 4.25356 2.91901 2.00141 1.94872 1.65839 1.59175 4.08111 1.89313 1.73733 1.28666 2.15382 1.20681 0.46397
threshold=0.4744537170989796 0.36221615046632966 -0.17697574179342987 0.53062728046125074 1.0000000180025095e-35 1.1174758397303621 1.0887682279174673 -1.2162304707084948 -0.13613295904587788 0.25478360512127113 1.0257420866405587 0.1931694170184812 -0.81388199832684116 0.8668340843333654 -1.1166819744520629 -0.37706101411652165 -1.7147576256623156 -1.0133957198400745 0.60450864076162814 1.2502537762633354 0.057345418793683253 -0.24380536101236117 -0.60375470755715199 0.12086592240083195 1.2858351109457444
decision_type=2 2 2 2 2 2 2 2 2 2 2 2 2 2 2 2 2 2 2 2 2 2 2 2 2
left_child=1 4 3 -3 6 -6 10 8 -8 -10 11 14 -13 15 -1 -12 -2 18 -18 -20 -19 22 -22 -16 -23
right_child=16 2 -4 -5 5 -7 7 -9 9 -11 13 12 -14 -15 23 -17 17 20 19 -21 21 24 -24 -25 -26
leaf_value=0.0048834498457673466 0.0025298748613568301 -0.010149984321065579 -0.017485508554194999 0.0150095918528676 0.025436695454966445 0.004057714199866524 -0.0097333144909215567 -0.015981548812304572 0.023919211786613281 -0.0016860704053256259 -0.0019160350522117735 0.015395368666691021 -0.010697459229340579 -0.013295362359094754 0.011121079054559726 0.015268508889819173 0.015634968918886619 -1.0872525952068602e-05 -0.018010229515355233 0.002341771788831513 -0.015854290354480268 -0.020573272424675524 0.0059005883315008259 0.032512537454646724 -0.0067211222902543357
leaf_weight=7.7877573370933559 8.2550853341817838 9.139182776212694 8.8237896114587766 6.4156813174486151 11.567846179008486 11.699755251407622 6.0628739297390046 7.4673744440078726 6.4394080191850653 9.1436886191368085 9.4071793854236638 10.167524978518488 9.233220160007475 6.6110562980175009 7.2902540266513851 11.451463535428047 5.7872745692729977 8.4182577431201917 10.09034889936447 5.1530299335718146 7.2702410370111465 27.729753315448761 6.0467288345098478 9.7004438042640668 5.9145253002643576
leaf_count=23 34 37 40 23 32 35 21 26 20 30 32 31 30 25 22 37 23 34 48 23 35 136 23 28 27
internal_value=2.57202e-05 0.00541925 -0.00655726 0.000282829 0.00787132 0.0158257 0.00577067 -0.00166483 0.00373052 0.00971477 0.00884617 0.0127865 0.00281366 0.00196797 0.0197602 0.00764138 -0.00928865 -0.0106666 -0.00298388 -0.0111784 -0.0133231 -0.0155114 -0.00597395 0.0253053 -0.0186996
internal_weight=233.074 148.408 24.3787 15.5549 124.03 23.2676 100.762 29.1133 21.646 15.5831 71.6489 44.1792 19.4007 27.4697 24.7785 20.8586 84.6652 76.4102 21.0307 15.2434 55.3795 46.9612 13.317 16.9907 33.6443
internal_count=875 492 100 60 392 67 325 97 71 50 228 134 61 94 73 69 383 349 94 71 255 221 58 50 163
is_linear=0
shrinkage=0.03


Tree=81
num_leaves=26
num_cat=0
split_feature=48 54 25 43 49 52 54 47 46 46 25 39 39 32 30 46 2 48 18 24 28 27 30 47 52
split_gain=18.2835 2.8245 2.7548 2.23338 3.73589 2.97983 4.10325 2.52319 2.13635 2.46774 1.84388 1.63987 2.07617 2.51742 1.60394 1.90798 1.54659 1.34281 1.33625 1.72662 1.52696 1.03404 0.673143 1.32061 0.377781
threshold=0.053373702803876912 0.61696298387527004 -0.22779278552537258 -0.2079447176320896 0.77498648972006878 0.44116748606835393 0.41737036482465156 0.95759564842011513 -0.57911722124907217 -0.2095637832604926 0.44558115817294347 0.15200179112719683 -0.14487501300973163 1.0000000180025095e-35 0.32124451119017622 -0.2681488825961213 0.73676891316943249 -0.36709530479451613 1.2051180298559647 -1.727019913266822 -0.39988889717554899 -0.40904799775427692 1.6019014278511281 -1.0949865667465957 -1.0000000180025095e-35
decision_type=2 2 2 2 2 2 2 2 2 2 2 2 2 2 2 2 2 2 2 2 2 2 2 2 2
left_child=1 11 3 4 5 6 -2 -7 10 -10 16 12 13 18 15 -5 -4 -3 19 -1 21 -21 23 -22 -8
right_child=2 17 8 14 -6 7 24 -9 9 -11 -12 -13 -14 -15 -16 -17 -18 -19 -20 20 22 -23 -24 -25 -26
leaf_value=0 0.0006889141186136714 0.011281943650981242 0.0089269156844872469 0.02548340851270341 -0.0099742713601990024 -0.012402822948793786 0.027042970370494319 0.0077997458773020239 -0.015685984317496147 0.0038296416853559564 0.013370763255332948 -0.021192042559396225 0.0031284953224710974 0.0022203785984994556 0.0045500214172945466 0.0061681494915341931 -0.0063299238592525488 -0.0053119926764938442 0 -0.013932455473274293 -0.024557813556760188 0 -0.0047657943784091559 -0.011549326648175992 0.012280246382034966
leaf_weight=8.6986340284347516 13.706634521484373 7.7127939462661743 8.6012150943279284 16.500527590513229 9.7192528545856458 7.7401670515537289 11.619740307331082 12.462988018989561 10.297577798366548 9.8596237301826459 14.214358627796171 10.703501492738722 10.777225792407988 11.934874057769774 11.340760082006453 9.0620643198490161 13.149188935756682 6.5744183957576734 7.6064993143081656 6.567077279090884 21.49181292951106 10.754753574728957 5.8474703580141059 20.990182995796221 9.0495866239070928
leaf_count=29 38 21 24 45 27 22 32 34 32 28 39 37 35 38 31 25 37 20 23 23 78 37 20 75 25
internal_value=-0.000179465 -0.00848808 0.00664584 0.0095764 0.00582422 0.00893609 0.0141271 0 0.00114547 -0.00625904 0.00554007 -0.0100481 -0.00856863 -0.0100023 0.0154749 0.0195792 0 0.00348681 -0.011862 -0.0130642 -0.0146943 -0.00580972 -0.0174875 -0.0188799 0.0221183
internal_weight=286.983 129.659 157.324 101.202 64.2984 54.5791 34.376 20.2032 56.122 20.1572 35.9648 115.372 104.669 93.8913 36.9034 25.5626 21.7504 14.2872 81.9564 74.3499 65.6513 17.3218 48.3295 42.482 20.6693
internal_count=875 436 439 279 178 151 95 56 160 60 100 395 358 323 101 70 61 41 285 262 233 60 173 153 57
is_linear=0
shrinkage=0.03


Tree=82
num_leaves=31
num_cat=0
split_feature=29 19 1 50 20 20 0 18 10 25 41 28 0 25 41 47 47 45 45 46 16 37 47 35 36 38 45 46 47 61
split_gain=3.02455 3.93251 5.30657 3.79825 3.33486 4.25313 3.13608 4.87471 2.98219 4.08341 6.33423 2.43957 2.3924 1.99071 1.91038 1.89876 1.76107 1.58063 4.28142 1.47538 1.31962 3.00381 1.29737 1.24437 1.15762 2.02887 1.11075 1.22648 0.986874 0.244595
threshold=-0.85977761165600697 -0.17203498829909397 -0.67085031466230638 0.77040927312593077 -0.65010147178612876 0.92526558423841632 -0.73213387572935196 0.70252630044833009 -0.22531773583521661 0.74018225854095687 0.69942933189265066 -0.39988889717554899 0.33766035084306228 0.44558115817294347 -0.14419235422384538 0.69091184860953347 1.1152736929434572 0.54307687285786821 -0.47738118357869525 -0.94861263781760863 0.32426855206007849 -1.2194849426448671 1.3924946747055602 0.21091793291808472 0.86012748417561868 0.25079804210555007 0.74421902098255222 0.26330208743410438 -0.35460648590250082 449.50000000000006
decision_type=2 2 2 2 2 2 2 2 2 2 2 2 2 2 2 2 2 2 2 2 2 2 2 2 2 2 2 2 2 2
left_child=1 14 -3 4 8 17 -7 13 19 10 12 16 26 15 -1 -8 -5 18 24 -2 21 -4 29 -13 25 -6 27 -10 -20 -19
right_child=3 2 20 11 5 6 7 -9 9 -11 -12 23 -14 -15 -16 -17 -18 22 28 -21 -22 -23 -24 -25 -26 -27 -28 -29 -30 -31
leaf_value=0.0049913726462258107 0.00060018564039292851 0.029107234847331503 -0.0039187011571379868 -0.011803096976123088 -0.016693097168727279 -0.011355933775219526 0.025534054164705836 -0.010682576866362318 -0.021136025390783394 0.020849655116470762 0.020143856523136144 0.019714850674808146 0.008676419536083519 0.00029382331743609588 -0.010256259463455706 0.0032784826005355676 0.0074810532789120355 -0.012456201228276103 -0.0027069867525560481 -0.014259529903427709 -0.0034689320114260837 0.021082720527072218 -0.0024398990328307522 0.0032593540377538438 -0.022326093249497473 0.0021971012815322328 0 -0.0046097416388999829 0.010530278508782237 -0.023943299592523476
leaf_weight=13.125362366437914 9.9562427699565905 10.280624270439146 6.8621345460414869 6.7128096818923932 8.6306704878807121 12.29343895614147 10.017316251993185 10.462767422199247 7.9966542422771516 10.798996537923811 10.447640806436537 11.941643416881563 7.2654143869876853 9.4114326834678632 13.094597190618513 6.6078214943408957 7.1674245297908783 14.85210967063904 7.0435650348663357 10.996159881353377 10.452119886875151 7.5877593159675634 7.1018578708171836 8.4101696908473951 8.5731657445430738 8.7541851699352247 8.3537334799766523 11.072520345449446 10.212962612509726 10.590251713991163
leaf_count=37 30 28 20 20 26 39 28 31 25 30 29 34 20 27 38 20 21 47 20 34 29 22 23 24 26 25 25 31 30 36
internal_value=0.00013681 0.00600263 0.0123837 -0.00139449 -0.00299567 -0.00601323 0.00078422 0.00531793 0.00183751 0.00549058 0.00113478 0.00758998 -0.00502234 0.0121973 -0.00254998 0.0180228 -0.00169667 -0.010399 -0.00606657 -0.00736284 0.00399079 0.00958163 -0.015455 0.0138799 -0.0135289 -0.00744421 -0.00912088 -0.0128677 0.00502297 -0.0185272
internal_weight=297.074 61.4026 35.1826 235.671 201.439 124.552 48.7928 36.4993 76.8874 55.935 45.136 34.232 34.6883 26.0366 26.22 16.6251 13.8802 75.7588 43.2145 20.9524 24.902 14.4499 32.5442 20.3518 25.958 17.3849 27.4229 19.0692 17.2565 25.4424
internal_count=875 174 99 701 602 378 145 106 224 160 130 99 101 75 75 48 41 233 127 64 71 42 106 58 77 51 81 56 50 83
is_linear=0
shrinkage=0.03


Tree=83
num_leaves=30
num_cat=0
split_feature=47 34 46 1 54 23 31 58 58 60 29 34 31 29 21 55 20 55 60 60 54 47 42 54 55 35 32 38 14
split_gain=12.9309 4.8284 2.42915 3.32721 2.82215 4.06707 2.55206 3.05791 2.47913 2.27095 2.22218 3.12635 1.77461 1.68049 1.77617 2.40455 2.25855 2.99983 1.65231 1.61665 2.07575 1.41885 1.21565 1.17647 1.0585 0.944917 0.631712 0.461048 0.0771034
threshold=0.35844949243610996 0.36221615046632966 0.19121021719552012 -0.44893860538432778 -0.3692482390555003 -0.80758050895964539 0.11113342299743546 0.45568811738581605 1.1174758397303621 454.50000000000006 -0.17697574179342987 0.74513182681759493 -0.21432953507853583 1.871429867794302 1.0000000180025095e-35 -0.87223368908879351 -0.65010147178612876 -0.20982893041187253 278.00000000000006 449.50000000000006 -0.55650929903242619 -1.368124822996976 -0.98952084724267608 -0.77874583707062872 0.34425283201915097 -1.4645777622276499 -0.44338026336126568 -0.35107021123767562 -1.1712656568481834
decision_type=2 2 2 2 2 2 2 2 2 2 2 2 2 2 2 2 2 2 2 2 2 2 2 2 2 2 2 2 2
left_child=1 2 18 6 5 8 7 22 9 -5 11 -3 -6 14 25 28 17 -17 -1 20 -9 -10 -4 -21 27 -2 -27 -18 -16
right_child=13 10 3 4 12 -7 -8 19 21 -11 -12 -13 -14 -15 15 16 24 -19 -20 23 -22 -23 -24 -25 -26 26 -28 -29 -30
leaf_value=0.005782614340021172 -0.0037010034331571009 -0.0099756764571308689 0 0.022333754939063026 -0.011403505490039987 0.026949199520529855 0.014707332775376952 0.006614260539183992 -0.011325734679464527 0.00087442690471089765 -0.017331866738914542 0.014931207619054428 0.0080579671185723022 0.0025907385253903796 -0.0059016111021648904 0.023366302958940228 -0.0025653470160609763 -0.0041675729574557072 0.028548404882598216 0.00041389485025182955 -0.015784578162760413 0.0058992311328476656 -0.017712088994491858 0.018469053822534328 0.002324317956239609 -0.0040952053577057758 -0.019382660224777064 -0.018080160894135871 -0.019089267442019289
leaf_weight=6.9806136488914472 7.647301390767093 9.161186024546625 5.5413647294044521 10.753823637962343 6.4376116096973419 14.127011179924009 7.4659658074378958 6.270379826426506 6.2689487934112549 8.1079023182392103 8.7064299881458265 6.3690211176872245 7.371456176042555 8.3647624403238279 4.0171477496623993 5.2107266932725906 4.4593111127614948 6.1650480031967163 7.0101610720157623 6.9582875221967688 5.475635305047037 7.8694089502096158 10.849542096257208 6.2163103967905036 5.0081670880317697 4.8419999033212653 26.245040506124504 5.3177751451730737 7.1828341037034971
leaf_count=21 34 38 19 30 21 39 24 21 20 24 40 22 23 37 19 20 20 25 20 23 20 24 41 20 20 21 128 25 36
internal_value=2.10536e-05 0.00537899 0.00779203 0.00603888 0.0106263 0.0140353 4.26059e-05 -0.00288995 0.00740168 0.0141479 -0.00644043 0.000301902 -0.000851175 -0.00922425 -0.0106253 -0.00537495 0 0.00923131 0.0192367 0.0035314 -0.00397947 -0.00170841 -0.0124658 0.010359 -0.00757907 -0.0151512 -0.0174838 -0.0128184 -0.0160873
internal_weight=232.401 147.941 123.704 109.714 60.9362 47.1271 48.7775 41.3115 33.0001 18.8617 24.2366 15.5302 13.8091 84.4601 76.0954 37.361 26.161 11.3758 13.9908 24.9206 11.746 14.1384 16.3909 13.1746 14.7853 38.7343 31.087 9.77709 11.2
internal_count=875 490 390 349 181 137 168 144 98 54 100 60 44 385 348 165 110 45 41 84 41 44 60 43 65 183 149 45 55
is_linear=0
shrinkage=0.03


Tree=84
num_leaves=27
num_cat=0
split_feature=48 45 30 54 46 12 46 46 38 39 12 39 50 39 39 32 40 20 18 24 28 51 25 30 47 52
split_gain=17.3664 2.93253 2.78641 2.72128 2.32867 2.20992 2.24141 5.19605 4.16003 2.50448 1.63976 2.59414 2.85669 1.61432 2.00913 2.46048 1.55962 1.34466 1.2968 1.69189 1.49442 1.69841 1.0985 0.654808 1.31265 0.38605
threshold=0.053373702803876912 0.20963056482259682 0.50419549928459795 0.61696298387527004 -0.053748256691068245 2.1407559814266852 -0.31789440192725799 -0.012489938222121643 -1.3906608306487012 0.92502883185089024 -0.16655303155807136 1.3825346314628721 0.250865447318463 0.15200179112719683 -0.14487501300973163 1.0000000180025095e-35 -1.722929896219755 0.40014323223023446 1.2051180298559647 -1.727019913266822 -0.39988889717554899 0.1931694170184812 -0.22779278552537258 1.6019014278511281 -1.0949865667465957 1.0000000180025095e-35
decision_type=2 2 2 2 2 2 2 2 2 2 2 2 2 2 2 2 2 2 2 2 2 2 2 2 2 2
left_child=3 -2 5 13 -4 6 8 -8 9 16 11 12 22 14 15 18 -3 -5 19 -1 21 -21 -10 24 -22 -9
right_child=1 2 4 17 -6 -7 7 25 10 -11 -12 -13 -14 -15 -16 -17 -18 -19 -20 20 23 -23 -24 -25 -26 -27
leaf_value=0 -0.0065038363847214247 0.0011701204842646635 -0.015583546615766455 -0.0048613393433942732 0.006232075630610086 0.020715993037732774 -0.014235877804123824 0.015606732114125386 0.026009492967511223 0.011862103130286097 0.0017101613440015616 0 0.0034763820134638907 -0.020964784849112825 0.0031068774394198066 0.0022705409683104654 -0.016060046128220158 0.011716501653018038 0 -0.013893243486435719 -0.024347501247386886 0.003379881327508538 0.01150932244832069 -0.004682605376968272 -0.011343674398634823 0.0038341728378895254
leaf_weight=8.6793064773082715 12.765059918165205 7.9646109640598306 6.8038488924503326 7.0773222446441633 7.6505277156829816 12.826670438051222 11.593947350978853 7.6835547983646375 24.785512268543233 7.3556466698646537 10.57540979981423 7.738986760377883 11.212812602519987 10.570425823330877 10.77567410469055 11.91530194878578 7.8793911337852487 7.1945568919181824 7.6022610366344443 8.9742256104946083 21.150982916355122 8.2736908197402936 12.642954707145693 5.8297456949949256 20.822530522942561 7.5762163698673248
leaf_count=29 38 22 20 21 21 35 34 21 69 20 29 21 31 37 35 38 22 20 23 32 78 28 35 20 75 21
internal_value=-0.000184803 0.00646418 0.0077077 -0.0083154 -0.0041604 0.00910707 0.00753775 0 0.00977107 -0.000911435 0.013499 0.015505 0.018002 -0.00985595 -0.00838829 -0.00980815 -0.00770057 0.00343475 -0.0116592 -0.0128525 -0.0144779 -0.00567994 0.0218978 -0.0172613 -0.0186485 0.0109861
internal_weight=285.921 157.055 144.29 128.866 14.4544 129.836 117.009 26.8537 90.1553 23.1996 66.9557 56.3803 48.6413 114.594 104.024 93.248 15.844 14.2719 81.3327 73.7305 65.0512 17.2479 37.4285 47.8033 41.9735 15.2598
internal_count=875 439 401 436 41 360 325 76 249 64 185 156 135 395 358 323 44 41 285 262 233 60 104 173 153 42
is_linear=0
shrinkage=0.03


Tree=85
num_leaves=33
num_cat=0
split_feature=29 19 4 50 16 1 51 12 33 46 45 45 32 47 46 61 35 19 35 2 59 59 59 35 47 34 29 26 40 34 55 54
split_gain=2.91294 3.77806 5.52831 3.63075 3.00752 2.58509 2.47898 2.26503 2.2005 2.06825 3.14146 2.02812 5.20562 3.05301 2.02537 1.98188 1.96103 1.88767 1.97699 1.77836 1.75069 2.71815 1.7071 1.3669 3.33601 1.3288 1.32246 0.888746 0.854586 0.689518 0.662875 0.62106
threshold=-0.85977761165600697 -0.17203498829909397 -0.67714867259960931 0.77040927312593077 -0.01342870874304423 -0.33513772883151804 1.0000000180025095e-35 -0.61243186391613957 0.4250118144273064 0.37710698864127429 0.92521410556122896 0.97071649489385259 0.40587292873144137 1.0414059255840613 0.66493324594951408 474.50000000000006 0.21091793291808472 0.31257061254339952 0.86914838458248078 -0.94052943002741174 1.0000000180025095e-35 0.58763725521779475 1.327202301338716 -0.29173077562563565 0.81332256903298417 -0.89593535754496967 -0.17697574179342987 -0.52569747934628408 0.36815261258170923 0.19810943203007339 -0.48022263622845701 -0.091546693777508195
decision_type=2 2 2 2 2 2 2 2 2 2 2 2 2 2 2 2 2 2 2 2 2 2 2 2 2 2 2 2 2 2 2 2
left_child=1 8 -3 4 11 6 20 -4 14 10 23 12 13 19 -1 16 30 18 25 -2 31 -22 -13 24 -8 -11 -19 -21 -25 -9 -5 -6
right_child=3 2 7 15 5 -7 9 29 -10 17 -12 22 -14 -15 -16 -17 -18 26 -20 27 21 -23 -24 28 -26 -27 -28 -29 -30 -31 -32 -33
leaf_value=0.0011912662372542745 -0.0010386943373186502 0.028793750095959851 -0.0084043133552907916 0.0076773823182590484 -0.021679735420404599 0.015638246694261625 0.0076134806901373602 0.002771831926072236 0.0083162962868741017 0.022121661146070795 0.010148333464822461 -0.021168838286221091 0.012338241875455385 0.0043590995589837239 -0.017882616639928302 -0.0049636992840816803 3.1386151397450851e-05 -0.010473657418911967 -0.00066165521566400177 -0.02585179105829688 0.0094817864211519665 -0.012680254381449178 -0.0028441665893536405 -0.019487627582641411 -0.015977984480516582 0.0059023596798220444 0.0049921273924894991 -0.0079626798118391795 -0.0039108254952508765 0.016066907008012166 0.02326566740648385 -0.0061241372883249637
leaf_weight=8.5185613334178978 6.884278178215026 10.662727177143095 7.9037479162216178 8.2673760950565356 7.3523193001747131 7.0536121428012839 11.936705678701403 9.5364504754543358 9.0573647618293744 9.6072297394275648 10.034339010715483 14.179690763354303 11.341348350048063 8.5180424749851209 8.6020704805850965 7.492769479751586 10.174711495637892 8.2992042303085345 11.055764168500898 10.215101301670074 8.5524171888828295 8.2660006880760175 8.3694726228713971 9.0719377398490924 7.4319899529218665 12.616293758153917 8.2452433705329877 7.0498494952917143 7.4842334389686576 7.0953563153743735 8.3170548677444476 7.2312765717506426
leaf_count=25 20 29 23 24 22 20 35 27 25 26 30 48 34 25 25 23 29 24 32 31 25 26 27 28 25 36 23 22 22 20 23 21
internal_value=0.000143049 0.00589971 0.0121496 -0.00136266 -0.00293358 -0.000279396 -0.0013808 0.00344375 -0.00249001 0.00098907 -0.00346653 -0.00807441 -0.00390114 -0.0100089 -0.00873852 0.00741547 0.0111735 0.00519717 0.00922164 -0.0152693 -0.00850732 -0.00122939 -0.0152185 -0.007684 -0.00164913 0.0141223 -0.00265921 -0.0200872 -0.0136883 0.00963456 0.017108 -0.0156301
internal_weight=296.425 61.3763 35.1983 235.048 200.796 134.239 127.185 24.5356 26.178 95.7829 45.9592 66.5578 44.0086 32.6673 17.1206 34.2519 26.7591 49.8237 33.2793 24.1492 31.402 16.8184 22.5492 35.9249 19.3687 22.2235 16.5444 17.265 16.5562 16.6318 16.5844 14.5836
internal_count=875 174 99 701 602 395 375 70 75 281 140 207 132 98 50 99 76 141 94 73 94 51 75 110 60 62 47 53 50 47 47 43
is_linear=0
shrinkage=0.03


Tree=86
num_leaves=27
num_cat=0
split_feature=47 34 46 4 50 12 60 49 50 36 37 33 28 19 44 37 34 28 54 60 30 46 1 46 25 54
split_gain=12.3502 4.61828 2.34476 3.21623 2.12476 2.09655 3.21171 3.22085 2.01531 2.69132 1.98402 1.84969 2.73402 1.6356 2.79037 1.93397 1.59135 1.82805 1.79953 1.56037 1.44285 1.38785 1.05601 0.77207 0.56144 0.332401
threshold=0.35844949243610996 0.36221615046632966 0.19121021719552012 -0.67714867259960931 -0.26867837848900472 -0.61243186391613957 449.50000000000006 -0.26519734538931666 -0.44185965375816061 0.86012748417561868 -0.80999879465512603 -0.22241833399737396 0.19589688801536217 0.79717621338589317 -1.1238952564272398 -0.34558157803261458 0.19810943203007339 0.46069057032243393 -0.35058751242616892 278.00000000000006 0.68714648737901951 0.91677386762855784 -1.0000000180025095e-35 -0.2681488825961213 -0.56447975737453049 1.5835289684400369
decision_type=2 2 2 2 2 2 2 2 2 2 2 2 2 2 2 2 2 2 2 2 2 2 2 2 2 2
left_child=1 2 19 11 10 20 8 21 -7 -10 -3 -4 -13 16 -15 -16 18 23 -2 -1 -5 -8 -20 25 -17 -18
right_child=13 4 3 5 -6 6 7 -9 9 -11 -12 12 -14 14 15 24 17 -19 22 -21 -22 -23 -24 -25 -26 -27
leaf_value=0.0056862120498165315 -0.015749115055633294 0.012437538106818115 0.0072016278940605629 0.0082996164755227975 -0.016008990737296478 0 -6.8085649382703341e-05 0.0083132562310383965 0.0245719394028182 0.0027426710202555966 -0.007995370511414357 -0.017750020806793703 0.002901499715101191 0.012899709376957435 0.0052988581159974157 -0.0044594986875238184 -0.021913294900582043 0 -0.0047894468653640627 0.027845693152151751 0.02646240165081104 -0.019579279630880627 0.01004786330055784 -0.0038408469635666442 -0.019374414452739682 -0.0064969732094706089
leaf_weight=6.9892280399799329 6.4719909727573421 6.2244151085615158 10.30297100543976 12.515052214264871 9.934445381164549 10.267555415630335 6.3291129469871539 12.272978782653807 13.216088578104978 9.4358061850070936 7.9506973326206225 9.8297787904739398 10.189065754413603 6.3030773401260403 5.4161696135997834 6.3926326781511342 22.833150535821918 5.9964140951633444 8.0020847916603088 7.0572458505630493 8.276598393917082 7.1259139478206635 6.1665751636028263 4.8034686595201519 7.125790834426871 4.2634906172752371
leaf_count=21 28 23 35 39 43 33 20 37 39 29 34 35 35 25 23 28 120 25 35 20 24 23 26 21 34 20
internal_value=1.92911e-05 0.00524364 0.00759757 0.00587338 -0.00634697 0.00901498 0.00569655 -0.00201719 0.0117247 0.0164623 0.000925727 -0.00220564 -0.00749055 -0.00906469 -0.00220706 -0.00810728 -0.0117923 -0.0154315 -0.00424689 0.018818 0.017093 -0.01173 0.00162892 -0.0181699 -0.0138708 -0.0201655
internal_weight=231.692 147.917 123.807 109.761 24.1096 79.4391 58.6475 25.728 32.9195 22.6519 14.1751 30.3218 20.0188 83.7748 25.2377 18.9346 58.5372 37.8965 20.6407 14.0465 20.7917 13.455 14.1687 31.9001 13.5184 27.0966
internal_count=875 490 390 349 100 244 181 80 101 68 57 105 70 385 110 85 275 186 89 41 63 43 61 161 62 140
is_linear=0
shrinkage=0.03


Tree=87
num_leaves=29
num_cat=0
split_feature=47 45 26 54 46 12 47 45 11 44 54 10 54 53 42 33 32 54 26 24 53 57 30 39 26 43 24 45
split_gain=16.2749 2.78423 2.68091 2.60458 1.75693 3.73599 2.96742 3.47944 2.45914 2.25019 1.527 1.84677 2.16473 1.74591 2.02317 2.13433 1.65253 1.51055 1.34375 1.23394 0.996977 3.86143 0.904625 0.786871 0.789954 0.441311 0.352577 0.033914
threshold=-0.026892079264261921 0.20963056482259682 -0.33776940045700216 0.61696298387527004 -0.5267990431091224 -0.61243186391613957 0.54237437253447407 0.64239038647043645 -0.96155497920797373 -1.7147576256623156 0.24657040163597749 1.1400675322634577 0.1069478149624833 -0.64627601728851192 -0.80381656484177377 1.231459894044014 -0.95293217861688972 -0.22917499951273121 0.13205079676620279 -1.727019913266822 -0.21608087455176947 1.0000000180025095e-35 0.50419549928459795 0.43597090812773709 0.60187099398940769 -0.2079447176320896 1.3946496442708227 1.008979694321354
decision_type=2 2 2 2 2 2 2 2 2 2 2 2 2 2 2 2 2 2 2 2 2 2 2 2 2 2 2 2
left_child=3 -2 17 10 9 -6 7 -7 -8 -4 11 12 13 -1 19 16 -16 -3 -18 -15 23 -22 -5 -11 -25 -21 -26 -23
right_child=1 2 4 22 5 6 8 -9 -10 20 -12 -13 -14 14 15 -17 18 -19 -20 25 21 27 -24 24 26 -27 -28 -29
leaf_value=0.00085672915452676842 -0.0064086473018460247 0.0040639268085874702 -0.00052372610277388789 -0.0036681420404336166 0.019002351401035272 -0.0083478757862467251 0.0026235653890306276 0.016522436826861178 -0.018917334062981909 0.0072496267451446677 -0.020288826696053971 0.0025501684277401395 0.0058016888873736149 -0.0034490297206489578 0.0021386959340740567 0.0075138553153058394 -0.017286179694467066 -0.012284884403600831 -0.00047175276200785908 -0.0090363690720368962 -0.0027264700541616404 0.021976075259734103 0.0098832603429390466 0.010793188051106689 0.028858721317567934 -0.022237814592095288 0.01238074278675513 0.0098680092718588189
leaf_weight=9.0725177228450757 12.737381756305693 9.6895214319229144 11.001553446054457 6.7162804901599866 9.5045857131481153 6.7772433161735561 7.1698184907436397 11.416672855615614 9.3455368578433973 10.956989139318464 10.869521781802176 11.36830250918865 6.2308144569396964 6.7019023597240368 6.7574918121099499 6.2320650815963736 18.317545041441928 7.5392253994941703 6.5186362266540518 7.7631201744079545 14.290295302867891 7.9745457768440229 7.5461883842945099 13.41514176130295 10.6522134244442 23.714641630649574 7.2585475742816916 7.3129946291446686
leaf_count=30 38 27 30 20 26 20 20 31 27 30 40 35 19 23 24 21 65 23 21 28 39 22 21 37 30 88 20 20
internal_value=-0.000188851 0.00623303 0.00744448 -0.00810675 0.008952 0.00374083 -0.00088666 0.00702336 -0.00979291 0.0115455 -0.00962692 -0.00816476 -0.00958312 -0.0108601 -0.0123257 -0.00672828 -0.00993218 -0.0031808 -0.013379 -0.017256 0.013448 0.0081128 0.00337938 0.0166372 0.0192566 -0.0197231 0.0239627 0.0179407
internal_weight=284.851 157.042 144.305 127.809 127.076 44.2139 34.7093 18.1939 16.5154 82.8623 113.547 102.677 91.3087 85.0779 76.0054 37.8257 31.5937 17.2287 24.8362 38.1797 71.8607 29.5778 14.2625 42.2829 31.3259 31.4778 17.9108 15.2875
internal_count=875 440 402 435 352 124 98 51 47 228 394 354 319 300 270 131 110 50 86 139 198 81 41 117 87 116 50 42
is_linear=0
shrinkage=0.03


Tree=88
num_leaves=30
num_cat=0
split_feature=29 19 4 50 20 20 0 18 55 39 28 12 55 46 12 32 25 47 47 36 46 46 30 47 35 34 25 30 34
split_gain=2.81335 3.64669 5.2792 3.48959 3.19253 4.05294 2.90036 4.6202 2.7991 3.42088 2.32388 2.17298 2.10381 3.14643 1.96719 3.56272 1.94327 1.74865 1.71966 1.70923 1.53236 1.37888 2.84868 1.45683 1.13562 1.06039 2.19816 0.984219 0.662349
threshold=-0.85977761165600697 -0.17203498829909397 -0.67714867259960931 0.77040927312593077 -0.65010147178612876 0.92526558423841632 -0.73213387572935196 0.70252630044833009 -0.20982893041187253 -1.2152569203568864 -0.39988889717554899 -0.61243186391613957 -1.0790077622381855 0.17733432684221864 -0.16655303155807136 -0.047062107051335685 0.44558115817294347 0.69091184860953347 1.1152736929434572 1.3380679657061436 0.66493324594951408 0.37710698864127429 0.50419549928459795 1.3924946747055602 0.21091793291808472 0.58102510838133836 1.0000000180025095e-35 -1.3253143816596182 0.19810943203007339
decision_type=2 2 2 2 2 2 2 2 2 2 2 2 2 2 2 2 2 2 2 2 2 2 2 2 2 2 2 2 2
left_child=1 19 -3 4 8 14 -7 16 12 -10 18 -4 27 -14 21 -16 17 -8 -5 20 -1 23 -23 -6 -12 26 -11 -2 -13
right_child=3 2 11 10 5 6 7 -9 9 25 24 28 13 -15 15 -17 -18 -19 -20 -21 -22 22 -24 -25 -26 -27 -28 -29 -30
leaf_value=0.00033666198926700586 -0.0027409206044726872 0.028215222603506264 -0.0082019471084333728 -0.011780110640940826 -0.019839886050327604 -0.010953770483663248 0.024787547405849791 -0.010470342035857477 -0.0071154431718002736 -0.0015276184602445214 0.018974582527817335 0.0027316977192805413 -0.018242185044298493 0.0028691437241443285 -0.013786990715334003 0.01117103844007592 0.00010305523452238668 0.0033041380501598154 0.0072712115092617626 0.0085961867950242899 -0.015490016867291619 0.0034315877987024517 -0.015661675925045294 -0.0018447825566168779 0.003186297465181558 0.021402484780221435 0.016429869664876855 0.011307136489958229 0.015782122465003781
leaf_weight=10.313993841409689 6.943558394908905 10.664393424987791 7.8728823959827414 6.6949171125888807 26.596397399902344 12.136488914489744 10.045206755399709 10.403681755065916 9.4616799652576429 10.970578193664556 11.983217388391497 9.5399224460125023 13.121095567941667 9.8499464988708478 8.5918402373790759 8.9377489387989026 9.4079774022102338 6.5891453027725211 7.1857440769672394 7.1406911313533774 8.6773339211940748 12.15330755710602 12.826166480779646 5.9982779920101157 8.4041092395782453 8.1273182034492475 10.493516981601713 7.5546444058418256 7.1091293394565573
leaf_count=30 22 29 23 20 87 39 28 31 27 32 34 27 41 28 26 27 27 20 21 20 25 35 38 20 24 23 29 22 20
internal_value=0.000150816 0.00581009 0.0119492 -0.00133125 -0.00287622 -0.00584165 0.000799132 0.00514925 0.00186018 0.00739902 0.00726948 0.00342604 -0.0038214 -0.00932351 -0.0101472 -0.000868942 0.0118374 0.0175857 -0.00178023 -0.00243894 -0.00720645 -0.0127768 -0.00647744 -0.0169311 0.0134048 0.0123523 0.00749002 0.00457795 0.00947863
internal_weight=295.795 61.3183 35.1863 234.477 200.209 123.686 48.5825 36.446 76.5223 39.0531 34.268 24.5219 37.4692 22.971 75.1037 17.5296 26.0423 16.6344 13.8807 26.132 18.9913 57.5741 24.9795 32.5947 20.3873 29.5914 21.4641 14.4982 16.6491
internal_count=875 174 99 701 602 378 145 106 224 111 99 70 113 69 233 53 75 48 41 75 55 180 73 107 58 84 61 44 47
is_linear=0
shrinkage=0.03


Tree=89
num_leaves=27
num_cat=0
split_feature=48 34 29 34 38 27 21 49 16 60 40 42 27 2 14 21 38 56 48 3 51 37 38 23 24 40
split_gain=11.4156 4.30467 2.15047 2.97921 2.07862 2.47574 4.31877 3.40161 3.27219 3.19228 2.65139 2.0093 1.72956 2.34184 1.64149 1.62255 2.61881 1.70309 3.20532 2.85508 1.5907 1.3166 1.14342 0.86845 0.791926 0.62414
threshold=0.4744537170989796 0.36221615046632966 -0.17697574179342987 0.74513182681759493 -0.46050080275462563 0.21916229587796701 -0.52710927576886635 -0.091833372871085811 1.038810198499118 321.50000000000006 0.96247162686108034 -1.6162728003457218 0.49836687082563108 -0.78071284413539044 0.49617499091247558 1.0000000180025095e-35 -1.7189526051995516 0.51242586103399035 1.0250607348570542 -0.67645387909380139 0.1931694170184812 -0.13584477052567406 -0.24163961972072553 0.83985683238184039 -0.82520426331150254 -1.5266212562944457
decision_type=2 2 2 2 2 2 2 2 2 2 2 2 2 2 2 2 2 2 2 2 2 2 2 2 2 2
left_child=1 4 3 -3 -1 9 10 8 11 -6 -7 -8 -13 -14 -11 16 -2 22 19 -19 -9 -16 -17 -20 -18 -26
right_child=15 2 -4 -5 5 6 7 20 -10 14 -12 12 13 -15 21 17 24 18 23 -21 -22 -23 -24 -25 25 -27
leaf_value=0.019271985713217473 0.0044528012818661139 -0.0097511144848341034 -0.017075802772092183 0.014576314407960225 0.011553618407397244 0.029632987258156548 0.025264560229433592 0.0010215878215446099 -0.0096681166207535224 0.0034779154831875805 0.0047041061537281357 0.017689915397992272 -0.0082760190266427131 0.0096270373104888618 -0.001823677802787091 -0.01748484096584315 -0.0011386213144245006 0.023882413841401964 -0.0010285091035836832 -0.0013756732991786196 -0.017677424618272829 -0.019673793163598317 -9.7378876962017017e-05 -0.01755311992700977 -0.0044155027679707408 -0.019310140885778957
leaf_weight=10.944698065519331 5.5409458428621283 9.0488821268081683 8.513955816626547 6.4103370755910865 11.004271045327185 10.954139381647112 6.8952929675579062 7.3224300742149335 6.3156016469001761 7.6457781642675426 7.4306127279996863 9.290868937969206 9.0921513438224721 15.384519353508956 7.9245859235525158 9.2003361731767637 4.0369061827659598 5.7210129350423813 6.7416732609271985 7.8390701711177844 6.1194194406270981 8.166719436645506 6.054751828312873 5.3084804862737656 5.1473178565502122 26.989547982811931
leaf_count=32 22 38 40 22 36 32 20 23 23 24 24 27 29 47 26 44 17 22 32 33 21 28 24 28 25 136
internal_value=1.39368e-05 0.00500046 -0.00622444 0.000379746 0.00725802 0.00581168 0.00871306 0.00446766 0.0082989 -0.00069232 0.0209741 0.0114765 0.00753601 0.00265188 -0.00695644 -0.00880886 -0.0129688 -0.00411205 0.00050243 0.0101997 -0.00800964 -0.0121292 -0.0115684 -0.00988821 -0.0158676 -0.0174062
internal_weight=231.044 148.464 23.9732 15.4592 124.491 113.546 78.805 60.4203 46.9784 34.7414 18.3848 40.6628 33.7675 24.4767 23.7371 82.58 41.7147 40.8653 25.6102 13.5601 13.4418 16.0913 15.2551 12.0502 36.1738 32.1369
internal_count=875 492 100 60 392 360 246 190 146 114 56 123 103 76 78 383 200 183 115 55 44 54 68 60 178 161
is_linear=0
shrinkage=0.03


Tree=90
num_leaves=29
num_cat=0
split_feature=48 45 30 54 46 12 46 46 24 39 44 2 54 49 54 47 12 16 42 29 24 12 44 25 12 47 51 54
split_gain=15.7313 2.70786 2.61297 2.5156 2.21267 2.13785 2.01864 4.91379 2.84834 3.29678 3.13157 2.26746 1.60392 1.79358 1.56898 3.08292 3.69068 3.14296 3.71386 2.10443 1.63354 1.60426 1.34257 1.27834 1.13257 1.00534 0.5492 0.275962
threshold=0.053373702803876912 0.20963056482259682 0.50419549928459795 0.61696298387527004 -0.053748256691068245 2.1407559814266852 -0.31789440192725799 -0.012489938222121643 -0.82520426331150254 0.15200179112719683 -1.7147576256623156 2.3101088946695252 0.32691687683835263 -0.61192529042577848 -1.1136557949317636 -0.54012520048261992 -0.59554631589365192 0.32426855206007849 -0.43240800003996888 -0.85977761165600697 -1.727019913266822 -0.54148461899785738 1.0000000180025095e-35 -0.56447975737453049 -0.72719029956174241 0.73715681683497658 0.1931694170184812 -0.15650614260049869
decision_type=2 2 2 2 2 2 2 2 2 2 2 2 2 2 2 2 2 2 2 2 2 2 2 2 2 2 2 2
left_child=3 -2 5 12 -4 6 8 -8 -3 -10 -11 25 13 -1 20 16 24 18 26 -19 -15 -22 -9 -5 -16 -12 -18 -17
right_child=1 2 4 23 -6 -7 7 22 9 10 11 -13 -14 14 15 27 17 19 -20 -21 21 -23 -24 -25 -26 -27 -28 -29
leaf_value=-0.019049633590694233 -0.0063410269963421863 -0.0066036784992316829 -0.015339292553050584 -0.0048012263073075167 0.0059593882853336382 0.020100709609686542 -0.013921446334572539 0.018376699212626423 -0.0042340994265905865 -0.0023123890455332818 0.0051067972296803673 0.00083443440438000214 -0.02160120223057984 0 -0.0015368389919238289 -0.0072304207243685456 -0.019823074592197815 0.00026966869401083988 0.012015550237235936 0.020990916688619569 -0.0026353121714158332 -0.020587232680355481 0.00035269287325088772 0.011361850314013097 -0.02075121633752908 0.019551687156391127 -0.0040185649730857202 -0.02096551843710056
leaf_weight=11.433741152286528 12.707445651292799 7.8102069497108451 6.75898477435112 7.0512300431728363 7.6332724988460523 12.796339243650435 11.50632017850876 7.7059828937053663 9.9924111664295179 9.1771855652332217 7.4835523664951387 9.124040871858595 8.7055211663246137 7.3877125978469875 5.7914954423904419 6.8324592113494873 5.5855368971824557 7.8770237267017391 6.7410405278205969 10.789852350950239 7.773894444108012 16.096244409680359 7.5219146311283112 7.2089383602142316 6.3430882692336947 46.195624589920044 5.6969221383333206 6.0348247587680941
leaf_count=41 38 22 20 21 21 35 34 21 28 25 21 25 33 25 20 24 21 25 22 33 28 59 21 20 23 128 20 21
internal_value=-0.000191947 0.0061347 0.00733331 -0.00798998 -0.00416922 0.00869251 0.00714922 0 0.00927271 0.0109487 0.0131815 0.01554 -0.00948952 -0.00813105 -0.00644323 -0.003387 8.31931e-05 0.0049789 -0.00360375 0.0132149 -0.0118607 -0.0154787 0.0106623 0.00329268 -0.0131988 0.0178402 -0.0137202 -0.0156062
internal_weight=283.763 156.413 143.706 127.35 14.3923 129.314 116.517 26.7342 89.783 81.9728 71.9804 62.8032 113.089 104.384 92.9501 61.6922 48.825 36.6904 18.0235 18.6669 31.2579 23.8701 15.2279 14.2602 12.1346 53.6792 11.2825 12.8673
internal_count=875 439 401 436 41 360 325 76 249 227 199 174 395 362 321 209 164 121 63 58 112 87 42 41 43 149 41 45
is_linear=0
shrinkage=0.03


Tree=91
num_leaves=32
num_cat=0
split_feature=25 58 41 25 35 25 12 49 20 18 60 20 18 20 54 0 35 36 41 54 4 14 24 24 32 36 50 0 28 58 61
split_gain=2.73191 2.959 3.71803 2.36161 2.8555 3.13415 3.71418 2.79357 2.37088 2.58911 3.66897 2.35484 2.23588 2.12867 3.15013 2.87844 2.25911 2.47783 3.03379 2.02064 1.99372 2.0448 2.12432 1.9338 1.92845 2.02784 3.1544 1.33791 1.13096 1.08137 0.348896
threshold=-0.22779278552537258 0.45568811738581605 -0.77690861881121731 0.44558115817294347 0.21091793291808472 1.1189551018712596 -1.0000000180025095e-35 0.94835046223829955 -0.65010147178612876 0.3704150412821221 505.50000000000006 1.1878267602425072 1.2226682816970296 0.40014323223023446 1.2483173821733333 -0.59059187036746341 0.86914838458248078 -0.70114475549076183 1.0000000180025095e-35 0.27653874749039392 -0.56353595565398062 -1.0855821643200962 0.83968616737524149 -0.33961122102786895 0.57572356714998296 0.69284831563993532 -0.26867837848900472 0.51211910163794838 0.92407951435980906 0.45568811738581605 199.00000000000003
decision_type=2 2 2 2 2 2 2 2 2 2 2 2 2 2 2 2 2 2 2 2 2 2 2 2 2 2 2 2 2 2 2
left_child=1 11 -3 7 5 6 -5 12 29 10 28 13 20 14 16 -16 17 18 -1 -4 -2 -22 24 -15 25 26 -23 -7 -10 -6 -25
right_child=3 2 19 4 8 27 -8 -9 9 -11 -12 -13 -14 23 15 -17 -18 -19 -20 -21 21 22 -24 30 -26 -27 -28 -29 -30 -31 -32
leaf_value=0.011065894089041368 0.019812304077799908 -0.012236266764645513 0 -0.021695217717242348 0.020875464483727246 0.011162785318698186 0.0030316017953821934 -0.0095424663585283852 -0.021300008962759576 0.010258661321661894 0.0089019585340054316 0.0058447066177518565 -0.0060587004795548786 0 -0.0045562118482748593 0.020840883898265099 0.0065801230188052839 -0.019319405477874699 -0.011720160968615972 0.017273296143098107 0.017371924814408014 -0.01393067207260768 -0.010628818310563287 -0.0083799007596984578 0.018604273835263752 0.013587155014937064 0.0096024700539580794 -0.0051673830416602657 -0.0031582311647187144 0.0032787518807375756 -0.020151128472052231
leaf_weight=7.0809437632560686 14.258597701787947 7.1528935134410885 10.182976216077806 14.893878370523451 7.2240212261676771 7.8030475378036481 7.1160673201084164 7.28513479232788 8.3067998588085192 11.657095611095427 7.8105540573596945 12.407167032361029 7.228129267692565 7.2149259299039832 6.5496099442243576 6.5425239801406843 6.8676877021789542 14.986548513174062 11.808972179889677 13.935053229331968 11.149877756834028 10.128611594438549 6.6322765648365012 8.8699934780597705 7.2165530025959006 7.4713841676712027 7.5311081409454426 6.9484323859214783 6.6929640769958487 7.4408548176288605 16.724284276366234
leaf_count=21 39 21 29 46 20 22 21 21 26 32 22 38 21 22 21 19 20 48 39 39 31 30 20 27 20 21 21 20 20 21 57
internal_value=0.000159552 -0.00304536 0.00473929 0.00273475 -0.000650249 -0.00688308 -0.0137622 0.00643774 0.0039605 -0.000303159 -0.00624747 -0.00559669 0.00830779 -0.00737468 -0.00338909 0.00856198 -0.00753897 -0.0107285 -0.00269876 0.0104298 0.0101128 0.0067423 0.00302251 -0.0133056 0.00634571 0.00175067 -0.00361558 0.00333457 -0.0145917 0.0134509 -0.0169829
internal_weight=295.119 130.324 31.2709 164.795 85.8937 36.7614 22.0099 78.9017 49.1323 34.4674 22.8103 99.0527 71.6165 86.6455 53.8363 13.0921 40.7442 33.8765 18.8899 24.118 64.3884 50.1298 38.9799 32.8092 32.3477 25.1311 17.6597 14.7515 14.9998 14.6649 25.5943
internal_count=875 401 89 474 250 109 67 224 141 100 68 312 203 274 168 40 128 108 60 68 182 143 112 106 92 72 51 42 46 41 84
is_linear=0
shrinkage=0.03


Tree=92
num_leaves=29
num_cat=0
split_feature=47 34 38 20 14 21 54 20 54 33 38 55 46 29 39 37 29 21 55 20 55 55 47 55 35 43 38 14
split_gain=11.2848 4.17349 2.26035 3.42112 4.19823 2.52452 3.20394 2.14389 2.7391 2.70862 2.68226 2.65218 2.34758 2.10738 2.96795 2.10363 1.62241 1.71786 2.32794 2.20449 2.78652 1.54622 1.21648 1.16717 0.921921 0.798608 0.500145 0.171026
threshold=0.35844949243610996 0.36221615046632966 -0.46050080275462563 -0.65010147178612876 1.7464273629460054 -0.52710927576886635 -1.042449320281625 0.66270440823432541 0.0215782287632581 1.231459894044014 0.30551333786402496 1.202515553766514 1.0224971068334001 -0.17697574179342987 0.53062728046125074 -0.34558157803261458 1.871429867794302 1.0000000180025095e-35 -0.87223368908879351 -0.65010147178612876 -0.20982893041187253 0.12236169013002431 -0.66397503759185905 0.37310249232291731 -1.4645777622276499 -1.0065963248557828 -0.35107021123767562 -1.1767136505643192
decision_type=2 2 2 2 2 2 2 2 2 2 2 2 2 2 2 2 2 2 2 2 2 2 2 2 2 2 2 2
left_child=1 2 -1 4 15 6 -5 10 9 12 -7 -12 -9 14 -3 22 17 24 27 20 -20 -17 -4 26 -2 -26 -21 -19
right_child=16 13 3 5 -6 7 -8 8 -10 -11 11 -13 -14 -15 -16 21 -18 18 19 23 -22 -23 -24 -25 25 -27 -28 -29
leaf_value=0.019807470726422232 -0.0033927827933170162 -0.009790727222359014 -0.018548994436729607 0.0029018677115101137 0.017166743316267451 -0.0017290634785484304 0.030250825740950608 -0.019056178643122951 0.015504455364506313 0.0089647934372436809 0.023756979665791936 4.1024412526395001e-05 0.0023908361998723378 -0.016931508349583332 0.014486679334083858 -0.007334689120632518 0.0028574179025251207 -0.0047590380578357259 0.02285386874874748 -0.0022213202157356699 -0.0037414214618208975 0.011147871983985761 -0.00053199950320425584 0.0033114636549047174 -0.0053652722322632121 -0.019861586926577295 -0.018074501576912524 -0.01890849557538167
leaf_weight=10.728810191154478 7.5332460105419115 8.9610006660223025 11.171909615397455 7.4920242577791241 6.8341957926750174 8.6292330324649829 8.97535592317581 10.332250714302072 6.6298716217279425 7.474171668291091 14.299501299858095 6.508747309446334 6.2770674377679816 8.4040307998657209 6.4633831679821006 6.408152639865877 8.2695784419774991 3.7062923461198807 5.2594196498394012 4.3723993003368351 6.0514431446790695 6.6829030364751816 5.6810534745454779 4.7732975929975519 7.0437264740467063 22.9028908610344 5.4135726243257531 7.1305793374776822
leaf_count=31 34 37 41 23 19 27 26 35 21 22 42 20 20 40 23 22 37 18 20 20 25 21 20 19 34 115 26 37
internal_value=6.162e-06 0.00497581 0.0071992 0.00571105 -0.00163493 0.00927776 0.0194231 0.00599797 0.00017437 -0.00447289 0.011577 0.0171092 -0.0110928 -0.00610966 0.000410188 -0.00673112 -0.00876912 -0.0101753 -0.00499836 0 0.00938467 0.0018654 -0.0133423 -0.00729984 -0.0147042 -0.0170613 -0.0127595 -0.0157226
internal_weight=230.41 147.954 124.125 113.396 36.7782 76.6182 16.4674 60.1508 30.7134 24.0835 29.4375 20.8082 16.6093 23.8284 15.4244 29.944 82.4564 74.1869 36.707 25.8701 11.3109 13.0911 16.853 14.5593 37.4799 29.9466 9.78597 10.8369
internal_count=875 490 390 359 123 236 49 187 98 77 89 62 55 100 60 104 385 348 165 110 45 43 61 65 183 149 46 55
is_linear=0
shrinkage=0.03


Tree=93
num_leaves=27
num_cat=0
split_feature=48 45 30 54 46 12 61 48 30 27 19 61 12 32 39 39 32 48 18 24 28 51 20 30 48 45
split_gain=14.9078 2.57969 2.50183 2.4516 2.1409 2.06561 1.91711 3.45376 2.90459 5.03242 2.29231 1.80239 1.72193 1.6783 1.59738 1.92205 2.37334 1.2678 1.24459 1.5958 1.45631 1.65852 0.766235 0.664928 1.34909 0.513413
threshold=0.053373702803876912 0.20963056482259682 0.50419549928459795 0.61696298387527004 -0.053748256691068245 2.1407559814266852 362.50000000000006 1.2801022288846882 -1.3253143816596182 -0.40904799775427692 -0.41433778872034072 177.50000000000003 -0.16655303155807136 0.9154248439870657 0.15200179112719683 -0.14487501300973163 1.0000000180025095e-35 -0.36709530479451613 1.2051180298559647 -1.727019913266822 -0.39988889717554899 0.1931694170184812 0.13758205622614361 1.6019014278511281 -1.1467919868025473 0.88729235386849348
decision_type=2 2 2 2 2 2 2 2 2 2 2 2 2 2 2 2 2 2 2 2 2 2 2 2 2 2
left_child=3 -2 5 14 -4 6 8 12 -3 10 -10 -11 13 22 15 16 18 -5 19 -1 21 -21 -8 24 -22 -12
right_child=1 2 4 17 -6 -7 7 -9 9 11 25 -13 -14 -15 -16 -17 -18 -19 -20 20 23 -23 -24 -25 -26 -27
leaf_value=0 -0.0062339321677344064 0.015004305974460128 -0.015148010569942904 0.010881167786893305 0.0058194512451681165 0.019672741479105544 0.010679618306905562 -0.0039397617792606863 0.0022737098228945993 0.018293617582431025 -0.022803388507454486 0.00049660161866146965 0 0.004548144472020948 -0.020466229602473542 0.0034007763227972012 0.0026049105567675836 -0.0052581150295276588 0 -0.013463181249955972 -0.023931064303078894 0.003705022133714988 0.023668309285074247 -0.0041814524580710702 -0.010757288405888554 -0.0073863647686657069
leaf_weight=8.6329920291900546 12.675069063901899 11.448535293340681 6.7331207096576691 7.7141444385051727 7.6256248354911786 12.773823529481886 13.019438832998267 10.981629759073256 6.9696812331676492 8.7274276316165942 7.7190741896629333 11.891619592905043 7.392757982015616 11.506372570991514 10.247561469674109 10.664153799414633 11.797375485301016 6.5307326316833478 7.5382537543773642 8.7918039858341164 20.430135518312444 8.1863137334585172 19.518015921115875 5.7255141884088507 20.333398491144205 7.0432705283164978
leaf_count=29 38 32 20 21 21 35 36 30 20 24 23 33 20 32 37 35 38 20 23 32 78 28 55 20 75 20
internal_value=-0.000209553 0.00595041 0.00712258 -0.00782934 -0.0041371 0.00845508 0.00693618 0.0104908 0.00253091 -0.00110203 -0.0109363 0.00903054 0.0137094 0.0158897 -0.00931872 -0.00786183 -0.00927364 0.00330483 -0.0111229 -0.0123129 -0.0139234 -0.00523172 0.019347 -0.0167099 -0.0181168 -0.0171765
internal_weight=282.618 156.025 143.35 126.592 14.3587 128.992 116.218 62.4182 53.7996 42.3511 21.732 20.619 51.4366 44.0438 112.348 102.1 91.4358 14.2449 79.6384 72.1002 63.4672 16.9781 32.5375 46.489 40.7635 14.7623
internal_count=875 439 401 436 41 360 325 173 152 120 63 57 143 123 395 358 323 41 285 262 233 60 91 173 153 43
is_linear=0
shrinkage=0.03


Tree=94
num_leaves=33
num_cat=0
split_feature=25 58 42 50 25 40 33 33 33 42 60 42 14 48 43 25 55 33 32 50 29 36 55 42 38 34 39 54 55 38 42 19
split_gain=2.60371 2.819 5.04683 2.28498 2.28344 2.97461 2.50926 2.65631 3.38762 2.59393 2.4092 2.11482 2.11286 3.71278 2.0255 2.58661 1.86124 1.85355 1.73468 1.60743 1.91534 2.52793 2.67009 3.12341 3.39936 2.01873 1.58269 1.5744 1.47713 1.27722 1.06046 0.561643
threshold=-0.22779278552537258 0.45568811738581605 -0.43240800003996888 0.77040927312593077 0.44558115817294347 0.1973712866393614 1.231459894044014 0.83391506606394705 0.4250118144273064 -1.6162728003457218 457.50000000000006 1.0000000180025095e-35 0.72528252129757143 -0.55161894787646804 -1.0065963248557828 1.0000000180025095e-35 -0.65090760306917272 -0.39279468884597418 0.23602229031289992 -0.095497103219848847 -0.85977761165600697 0.86012748417561868 -0.076025056580228692 0.68181769436544604 -1.3906608306487012 0.69042958733884274 1.2642141660459802 -0.51628036404837052 0.4035734888366877 0.086652154830124908 0.12470484716273846 0.19141921233277615
decision_type=2 2 2 2 2 2 2 2 2 2 2 2 2 2 2 2 2 2 2 2 2 2 2 2 2 2 2 2 2 2 2 2
left_child=1 3 -3 19 10 11 7 8 -7 -8 12 16 13 -2 -15 17 -6 -16 -5 20 -1 22 23 24 -22 -24 -25 -12 -4 -18 -26 -17
right_child=4 2 28 18 5 6 9 -9 -10 -11 27 -13 -14 14 15 31 29 -19 -20 -21 21 -23 25 26 30 -27 -28 -29 -30 -31 -32 -33
leaf_value=0.0055086632410738488 -0.0098527837780957427 -0.011746345348529714 0.019896547989380151 0.014025317294385562 0.0090979534389925027 0.012022706873579769 0.0078772668229308111 0.020376892801169194 -0.0098945480214299684 -0.012494154935576231 -0.012710723411657705 -0.018235780392572419 0.021280147408738077 -0.0015290163827895386 0.013373860866875963 0.025606709170268489 -0.015190183605928706 -0.0048286974556435765 -0.004527546520843014 -0.01882270295342886 0.013184851762310535 -0.023238268086807685 -0.0058195594150556073 -0.022244270608424977 -0.01645134416730417 0.013999540842797975 -0.0019254496928243858 0.0047284574632210198 0.0032226430192413666 0.00053876472184594625 -1.204177759870253e-06 0.0094191697546523907
leaf_weight=10.278727948665617 9.1922031044960004 9.809074282646181 10.852882176637651 7.3997926414012891 7.3177339136600486 12.742526084184648 7.8362492024898556 10.206699818372725 9.8176447749137861 12.294802516698836 7.4676239490509033 9.9262402951717359 9.5275480747222883 9.9662029147148044 7.823325008153911 10.660719811916353 7.9510257542133349 9.1112866997718935 7.4737990498542786 9.0044965147972089 8.0359167456626821 6.9195092320442191 6.877792149782187 13.954797923564913 7.2574747949838638 8.5470189005136472 5.7064161151647559 7.8626310527324659 10.568593859672545 7.574418306350708 7.152485266327858 7.1745780110359183
leaf_count=30 27 29 30 21 21 36 22 28 28 37 22 31 26 29 22 29 25 27 23 29 24 22 22 50 24 26 18 22 30 22 23 20
internal_value=0.000176538 -0.00295859 0.00463885 -0.0054582 0.0026923 -0.000640495 0.00365798 0.00869052 0.00221323 -0.0042906 0.00633518 -0.00761078 0.00890361 0.00609208 0.00971149 0.0130288 -0.00190815 0.00365889 0.00477556 -0.00739844 -0.00559989 -0.00754746 -0.00501611 -0.00889785 -0.000766437 0.00507531 -0.017185 -0.00378569 0.0126812 -0.00779268 -0.00943325 0.0206412
internal_weight=294.292 129.839 31.2306 98.6082 164.453 85.6673 52.8979 32.7669 22.5602 20.1311 78.7861 32.7694 63.4559 53.9283 44.7361 34.7699 22.8432 16.9346 14.8736 83.7346 74.7301 64.4514 57.5319 42.1071 22.4459 15.4248 19.6612 15.3303 21.4215 15.5254 14.41 17.8353
internal_count=875 401 89 312 474 250 151 92 64 59 224 99 180 154 127 98 68 49 44 268 239 209 187 139 71 48 68 44 60 47 47 49
is_linear=0
shrinkage=0.03


Tree=95
num_leaves=29
num_cat=0
split_feature=48 34 29 39 38 20 14 21 60 33 59 60 42 60 20 30 29 21 55 20 55 55 45 38 45 28 37 14
split_gain=10.4375 3.89146 2.06598 2.86022 1.90344 3.21435 4.02817 2.46424 2.86531 3.05482 2.38374 3.19358 2.32298 2.16776 2.16488 1.77725 1.55927 1.69805 2.32014 2.04362 2.66515 1.11535 0.968862 0.462615 0.427262 0.708304 0.327891 0.17357
threshold=0.4744537170989796 0.36221615046632966 -0.17697574179342987 0.53062728046125074 -0.46050080275462563 -0.65010147178612876 1.7464273629460054 -0.52710927576886635 505.50000000000006 1.231459894044014 -0.89149283702404747 457.50000000000006 1.0000000180025095e-35 704.00000000000011 0.66270440823432541 0.82435972844983585 1.871429867794302 1.0000000180025095e-35 -0.87223368908879351 -0.65010147178612876 -0.20982893041187253 0.34425283201915097 0.34252430120175853 -0.35107021123767562 1.2515091682964801 0.19589688801536217 -0.34558157803261458 -1.1767136505643192
decision_type=2 2 2 2 2 2 2 2 2 2 2 2 2 2 2 2 2 2 2 2 2 2 2 2 2 2 2 2
left_child=1 4 3 -3 -1 6 10 15 9 12 26 -12 14 -10 -9 -7 17 22 27 20 -20 23 -2 -21 25 -24 -6 -19
right_child=16 2 -4 -5 5 7 -8 8 13 -11 11 -13 -14 -15 -16 -17 -18 18 19 21 -22 -23 24 -25 -26 -27 -28 -29
leaf_value=0.01833747100558453 -0.0027169377275026788 -0.0096285071813590039 -0.016784061724364866 0.014207798857249316 -0.020839160610769118 0.0073219422298137597 0.016739505452416283 0.0076637495051528736 -0.012694797845704842 0.022854504933472051 -0.0089087280288862262 0.015555176353966339 0.015262916338737912 0.0067962309618335073 -0.009986208714596977 0.029145539875736284 0.0028594749685121987 -0.0046213033551831375 0.022281536056074091 -0.0022025173576737892 -0.0036719881750371464 0.0033854130387785241 -0.021534256929417395 -0.017706361067928535 -0.0054163477602275877 -0.0052503809121393699 -0.0066461727689768541 -0.018753320377766537
leaf_weight=11.046174973249434 7.103960156440734 8.8884370028972643 8.2913038432598096 6.4982448369264594 6.4989905655384064 9.2155795395374316 6.8585934340953818 10.977705985307695 9.8981834352016467 10.66361480951309 10.541462510824205 6.4534352570772162 10.349905729293821 7.6396178901195517 10.900537043809889 7.3188204467296591 8.2652958929538709 3.6770643442869186 5.3197785168886185 4.3640600889921162 6.0331031382083893 4.7596664428710946 18.857792660593994 5.1056847274303445 5.5520653873682013 5.2603795677423468 6.3317192792892474 6.9967446476221067
leaf_count=32 30 37 40 23 24 28 19 34 31 30 38 20 32 24 37 21 37 18 20 20 25 19 101 25 28 23 22 37
internal_value=5.70535e-06 0.00475413 -0.0059864 0.000450788 0.00688809 0.00549877 -0.0016337 0.00894111 0.00571725 0.00983627 -0.00664952 0.000564641 0.00452606 -0.00402266 -0.000949958 0.0189354 -0.00851729 -0.00991701 -0.00475844 0.000133183 0.00920367 -0.00690978 -0.0144603 -0.0123866 -0.0168135 -0.0187322 -0.0156826 -0.0155471
internal_weight=229.668 148.372 23.678 15.3867 124.694 113.648 36.6842 76.964 60.4296 42.8918 29.8256 16.9949 32.2281 17.5378 21.8782 16.5344 81.2956 73.0303 36.2561 25.5823 11.3529 14.2294 36.7742 9.46974 29.6702 24.1182 12.8307 10.6738
internal_count=875 492 100 60 392 360 123 237 188 133 104 58 103 55 71 49 383 346 164 109 45 64 182 45 152 124 46 55
is_linear=0
shrinkage=0.03


Tree=96
num_leaves=31
num_cat=0
split_feature=47 45 26 54 20 3 32 4 47 50 42 49 39 41 33 43 51 46 54 54 54 54 1 20 4 50 44 19 54 28
split_gain=13.9575 2.43833 2.41414 2.35166 2.06386 3.34976 2.48775 2.59658 2.51728 1.89709 1.7254 1.51479 1.86291 1.94006 2.62356 2.08617 2.90258 2.24541 2.0033 1.47083 1.41532 1.37024 1.34512 1.22122 1.14933 1.14457 1.01697 0.672885 0.769078 0.596266
threshold=-0.026892079264261921 0.20963056482259682 -0.33776940045700216 0.61696298387527004 -0.91266264779021966 -0.85402295778535031 0.9154248439870657 1.5098961286037411 1.0580377462004986 0.77040927312593077 0.12470484716273846 -0.61192529042577848 0.15200179112719683 -0.14419235422384538 -0.59724631466429434 1.0000000180025095e-35 0.1931694170184812 0.79976475047357842 -1.1136557949317636 -0.19077364819182452 -0.22917499951273121 1.2034470165750202 -0.63671005169646344 0.40014323223023446 -0.67714867259960931 -0.44185965375816061 1.0426000974347061 0.070267812122152759 0.48585639931955843 -0.64261643929036449
decision_type=2 2 2 2 2 2 2 2 2 2 2 2 2 2 2 2 2 2 2 2 2 2 2 2 2 2 2 2 2 2
left_child=3 -2 20 11 5 -4 9 8 21 25 -7 -1 13 14 -13 17 -17 18 -16 22 -3 -8 -15 -5 -21 -6 -18 -27 -29 -12
right_child=1 2 4 23 6 10 7 -9 -10 -11 29 12 -14 19 15 16 26 -19 -20 24 -22 -23 -24 -25 -26 27 -28 28 -30 -31
leaf_value=-0.019131032774260929 -0.0061214854042035971 0.0037742777683240397 0.017396141402461648 -0.0046633272503964736 0.0069354344641202265 0.0054521268237046911 0.0083100315609197523 -0.010253515156975255 0.019266132531514945 0.0020726301296875981 -0.0022265198751117554 0.0084517513211692513 -0.019777905405550952 0.016355155503193265 -0.020565299507616399 -0.022579745601857 -0.010953247381998063 0.0078807016366126068 0 -0.013652439525864776 -0.012090518293503704 -0.0079234474900356944 -0.0013434631538965991 0.011144659149741765 0.002472661106315385 0.025097200792213989 0.0026550603580741102 0.019703561967172736 0.0058230420283161971 -0.014913541583460012
leaf_weight=12.001814931631086 12.635125666856764 9.6809988617897051 7.6498517394065848 7.0102526247501356 12.570801973342894 9.9266229569911975 8.1062380373477954 7.6029481291770926 9.4416294991970044 11.144045799970625 8.2789454460144025 5.8341964334249417 9.2914429903030378 6.2838311195373535 6.5714355856180182 19.428871154785156 8.7443258911371249 8.7258062213659269 8.1070488989353269 6.2653186619281769 7.4435222446918479 7.5799338221549979 6.1430316716432589 7.2127869427204132 6.339868560433386 16.500676155090332 7.5872061550617209 8.6786637008190173 11.02155491709709 7.6707044839859
leaf_count=44 38 27 21 21 35 28 23 21 26 31 23 19 34 19 25 74 31 30 27 22 23 21 22 20 21 46 26 24 31 22
internal_value=-0.000214032 0.00573485 0.00687429 -0.00763037 0.00831274 0.00162538 0.0106045 0.00348661 0.00821272 0.0142151 -0.0035155 -0.00910117 -0.00756308 -0.00593347 -0.00862426 -0.0105744 -0.0150468 -0.00300511 -0.00997786 0.000919923 -0.00321789 0.000109609 0.00797291 0.00327004 -0.00571635 0.0167256 -0.00460317 0.0195549 0.0131824 -0.00942946
internal_weight=281.48 155.932 143.297 125.547 126.173 33.5261 92.6465 32.7307 25.1278 59.9157 25.8763 111.324 99.3224 90.0309 64.9989 59.1647 35.7604 23.4043 14.6785 25.0321 17.1245 15.6862 12.4269 14.223 12.6052 48.7717 16.3315 36.2009 19.7002 15.9496
internal_count=875 440 402 435 352 94 258 91 70 167 73 394 350 316 232 213 131 82 52 84 50 44 41 41 43 136 57 101 55 45
is_linear=0
shrinkage=0.03


Tree=97
num_leaves=34
num_cat=0
split_feature=29 19 4 50 20 20 0 18 55 39 28 55 18 34 34 25 47 36 47 36 45 32 43 36 34 35 42 31 53 55 42 39 45
split_gain=2.54255 3.47069 4.96142 3.26737 2.97245 3.82132 2.64911 4.42728 2.54016 3.19463 2.15481 2.01946 2.21827 1.90812 3.5498 1.84506 1.70469 1.63686 1.58601 1.39201 2.15686 2.88847 1.33331 2.24093 1.1732 1.10918 0.910341 0.909476 0.883003 0.699015 0.694452 0.632633 0.0512212
threshold=-0.85977761165600697 -0.17203498829909397 -0.67714867259960931 0.77040927312593077 -0.65010147178612876 0.92526558423841632 -0.73213387572935196 0.70252630044833009 -0.20982893041187253 -1.2152569203568864 -0.39988889717554899 -1.0790077622381855 0.14964132400617108 -0.81388199832684116 0.19810943203007339 0.44558115817294347 1.1152736929434572 1.3380679657061436 0.69091184860953347 0.86012748417561868 0.54307687285786821 -0.13198742626060625 0.36755423463204262 0.52556914710425151 0.5810251083813387 0.21091793291808472 0.31040912956364092 1.0332784708793545 -0.64627601728851192 -0.46874904833339176 -0.43240800003996888 -1.0154268009861358 -0.47738118357869525
decision_type=2 2 2 2 2 2 2 2 2 2 2 2 2 2 2 2 2 2 2 2 2 2 2 2 2 2 2 2 2 2 2 2 2
left_child=1 17 -3 4 8 19 -7 15 11 -10 16 28 -13 -4 -15 18 -5 30 -8 20 21 31 -11 -24 -22 -12 -23 -26 -2 -14 -1 -6 -21
right_child=3 2 13 10 5 6 7 -9 9 22 25 12 29 14 -16 -17 -18 -19 -20 32 24 26 23 -25 27 -27 -28 -29 -30 -31 -32 -33 -34
leaf_value=-0.013525285760221439 0.01075611579405107 0.027357522626656611 0.015398633194230956 -0.011663307758560412 -0.0017609390011692726 -0.0104866209443003 0.024032120712003301 -0.010350963285303424 -0.006939049094043445 0.018266895257467018 0.018502491022452449 -0.020629926271209874 0.0038454246513977843 -0.015346795343025344 0.0094620973602494111 6.9285205709284389e-05 0.0073648078752385718 0.0083065133432760133 0.0033718750155238438 -0.021738299559062525 -0.021236443263448847 0.014707202858696448 -0.0064065259874905994 0.014527005953425164 0 0.0029381198157869695 0 -0.012714792508678156 -0.0025912874904148193 -0.0079124691121602222 -0.0014329156364094649 -0.014570955498521585 -0.009859446810257258
leaf_weight=7.4968585073947969 7.8511474281549454 10.633655667304991 6.6650474369525936 6.6299126744270307 7.8177901804447201 11.927934661507605 10.027926683425909 10.314443618059157 9.3949324488639814 14.264524608850481 11.959001094102861 7.7695535272359875 8.2278295457363111 8.0578545629978198 9.7277084589004499 9.3553891777992231 7.154868096113205 7.1367858648300162 6.5510658621788016 8.3772617280483264 9.6550433635711688 7.0751230418682081 7.2648378014564496 7.9550464153289795 8.678813114762308 8.3799779415130597 6.5795789062976837 9.5595553666353208 6.5609913617372495 6.6990461051464072 11.405715942382811 8.6376357376575488 7.7291842997074118
leaf_count=22 24 29 19 20 23 39 28 31 27 40 34 25 24 23 28 27 21 20 20 26 33 20 22 22 28 24 20 33 20 20 33 26 24
internal_value=0.00018435 0.00556972 0.0115687 -0.00123305 -0.00274 -0.00562216 0.00084215 0.00499748 0.00183985 0.00712171 0.00710125 -0.00360033 -0.00903841 0.00328647 -0.00178604 0.0115527 -0.00164086 -0.00248504 0.0171574 -0.00983711 -0.00716049 -0.0012291 0.0119147 0.00449772 -0.0129697 0.0130067 0.00826614 -0.00700812 0.00463129 -0.00130683 -0.00716468 -0.00947475 -0.0177043
internal_weight=293.522 61.1236 35.0843 232.398 198.275 122.287 48.1768 36.2488 75.9879 38.8793 34.1238 37.1086 22.6964 24.4506 17.7856 25.9344 13.7848 26.0394 16.579 74.11 58.0035 30.1101 29.4844 15.2199 27.8934 20.339 13.6547 18.2384 14.4121 14.9269 18.9026 16.4554 16.1064
internal_count=875 174 99 701 602 378 145 106 224 111 99 113 69 70 51 75 41 75 48 233 183 89 84 44 94 58 40 61 44 44 55 49 50
is_linear=0
shrinkage=0.03


Tree=98
num_leaves=28
num_cat=0
split_feature=47 34 46 4 50 29 12 60 49 20 34 19 44 37 34 28 0 60 27 52 61 46 36 0 46 25 23
split_gain=10.3253 3.78468 2.22237 2.78993 2.05572 2.36357 1.96113 3.00279 3.02493 2.63572 1.73021 1.58053 2.55831 1.87203 1.57539 1.77659 1.54791 1.49574 1.44236 1.36695 2.80139 1.29438 1.11143 1.10487 0.77434 0.577324 0.55144
threshold=0.35844949243610996 0.36221615046632966 0.19121021719552012 -0.67714867259960931 -0.26867837848900472 -0.17697574179342987 -0.61243186391613957 449.50000000000006 -0.26519734538931666 -0.65010147178612876 -0.16657216449494089 0.79717621338589317 -1.1238952564272398 -0.34558157803261458 0.19810943203007339 0.46069057032243393 0.6009943143070412 278.00000000000006 0.77757144577329507 1.0000000180025095e-35 505.50000000000006 0.91677386762855784 1.0000000180025095e-35 1.265912572053588 -0.2681488825961213 -0.56447975737453049 1.5929710455665194
decision_type=2 2 2 2 2 2 2 2 2 2 2 2 2 2 2 2 2 2 2 2 2 2 2 2 2 2 2
left_child=1 2 17 10 5 -3 23 9 21 -8 18 14 -13 -14 19 24 -11 -1 22 20 -2 -9 -4 -5 26 -15 -16
right_child=11 4 3 6 -6 -7 7 8 -10 16 -12 12 13 25 15 -17 -18 -19 -20 -21 -22 -23 -24 -25 -26 -27 -28
leaf_value=0.005030442139721333 0.012528900591431082 0.010148472212012828 -0.0086363949450072985 0.0073491331666882325 -0.015581573968774307 -0.012915791323398301 -0.0011651314003366961 -0.00053136704094683537 0.0074731486189602665 0.022131664314344289 0.0073449779248763343 0.012636912245504926 0.005627519879788585 -0.0039469249798354368 -0.021649845231815582 0 0.0043349835225051387 0.026434950808254695 -0.016998219009042883 -0.012841613016962444 -0.013176936045950735 -0.019544758043741204 0.0066712191899670767 0.023361233490342269 -0.0034178064267009738 -0.0189968284188144 -0.0042965934689708375
leaf_weight=7.0350025296211225 7.9099363535642642 9.0973755270242673 6.9698994755744987 11.637747332453729 9.5907398313283903 4.8558717668056515 10.456024914979933 6.3724926114082354 12.342205375432966 13.890477478504183 9.3323848545551282 6.327618986368182 5.3362914621830049 6.2171258181333577 22.043133631348613 5.9263511449098578 8.7265270054340345 7.1302470266819 6.9433118849992743 7.413642317056655 4.838846430182457 7.1011259108781815 6.9500012993812561 9.3480355739593488 4.690234541893008 6.8045007884502322 3.6649220138788214
leaf_count=21 32 34 24 37 43 23 35 20 37 39 31 25 23 28 122 25 27 20 27 35 22 23 23 26 21 34 18
internal_value=7.78399e-07 0.00473697 0.00684363 0.00517533 -0.00588385 0.00125903 0.00808787 0.00490443 -0.00252034 0.0107314 -0.00235791 -0.00847866 -0.00171201 -0.00754091 -0.0112115 -0.0149116 0.0162105 0.0176872 -0.00716797 -0.00369746 0.00199102 -0.0119069 -0.00069894 0.0158311 -0.0177142 -0.0133744 -0.0197698
internal_weight=228.952 147.779 124.235 110.07 23.544 13.9532 79.8746 58.8889 25.8158 33.073 30.1956 81.1726 24.6855 18.3579 56.4871 36.3246 22.617 14.1652 20.8632 20.1624 12.7488 13.4736 13.9199 20.9858 30.3983 13.0216 25.7081
internal_count=875 490 390 349 100 57 244 181 80 101 105 385 110 85 275 186 66 41 74 89 54 43 47 63 161 62 140
is_linear=0
shrinkage=0.03


Tree=99
num_leaves=29
num_cat=0
split_feature=48 39 26 12 61 24 43 26 57 12 54 23 46 41 42 43 54 30 61 18 26 16 51 36 47 43 50 36
split_gain=13.4888 2.36854 2.79306 3.66575 2.50609 2.88928 2.81108 2.29506 3.3313 2.48245 2.52589 2.38713 2.94099 1.81149 3.16625 3.7351 2.29192 2.18294 1.66517 1.6471 1.17408 2.83177 1.70358 1.3419 1.26661 1.15702 0.771014 0.387806
threshold=0.053373702803876912 -0.14487501300973163 -0.33776940045700216 -0.32537501997517226 474.50000000000006 1.3946496442708227 -1.3589426221603533 0.31997887565548477 0.77507363165690957 -0.41197780012261526 -1.1102060812070838 -0.24274484907113611 0.72800220297273877 -0.14419235422384538 0.68181769436544604 -1.0065963248557828 0.60161767247582076 0.13829352309575449 321.50000000000006 0.49339582522854947 -0.33776940045700216 0.84642547072071073 0.1931694170184812 0.86012748417561868 -1.2836401127124586 -0.44284224916846998 -0.44185965375816061 1.0274066527113024
decision_type=2 2 2 2 2 2 2 2 2 2 2 2 2 2 2 2 2 2 2 2 2 2 2 2 2 2 2 2
left_child=7 -2 3 -3 13 6 -6 9 19 20 -11 12 -12 -4 15 -15 -16 18 -17 -9 21 22 -1 24 -24 -18 -8 -22
right_child=1 2 4 -5 5 -7 26 8 -10 10 11 -13 -14 14 16 17 25 -19 -20 -21 27 -23 23 -25 -26 -27 -28 -29
leaf_value=-0.018458960796708869 -0.0081091202180615038 -0.014970088413641513 0.014686329670551926 0.010414119895023022 0.00061710418403647545 -0.00095606108619958037 0.0088267328185600222 0.0038660095086512675 0.016933361529425008 -0.013464737312832922 -0.0037822597005421491 -0.0084035380838811107 0.021239898774067477 0.013161144326252677 -0.0032734583469108728 -0.022000532910119719 0.0041640701577540518 0.0024163704447657522 -0.002293551863287118 -0.013105682119709063 -0.023352876871072719 0.0061245436030757071 0 0.0029668443087113041 -0.019944525453167532 0.018468957061895806 0.024121940438503024 -0.0089709893011708109
leaf_weight=20.862457677721977 8.9504158198833448 10.326893672347071 12.303817242383955 7.4137002825736991 8.3476428389549202 9.1017783284187299 7.7415340244770041 7.3343228101730409 6.5163857340812674 10.83934849500656 6.3609896749258024 8.2339085489511508 7.8886652141809464 7.2164305746555319 9.1842102408409101 10.365449935197836 10.892564266920084 8.4991455376148206 7.3864444494247428 10.472864866256712 12.256743341684343 7.3945578336715689 5.6590791046619415 8.5495057106018049 5.6588997244834918 14.68330198526383 22.916023761034019 7.063606619834899
leaf_count=82 26 31 34 21 23 25 22 23 19 39 21 28 24 20 26 30 31 24 21 34 45 25 20 30 21 41 64 25
internal_value=-0.000214965 0.0056444 0.00659967 -0.00406543 0.00814651 0.0135561 0.0170006 -0.00751877 0.00050285 -0.00949269 -0.00241977 0.00316395 0.0103927 0.00465307 0.00248066 -0.003905 0.00870152 -0.0092705 -0.0149298 -0.00604744 -0.0127716 -0.00948019 -0.0125722 -0.00524802 -0.0115426 0.0131664 0.0210381 -0.0194081
internal_weight=280.421 155.329 146.379 17.7406 128.638 48.107 39.0052 125.091 24.3236 100.768 33.3229 22.4836 14.2497 80.5314 68.2275 33.4675 34.7601 26.251 17.7519 17.8072 67.4449 48.1245 40.7299 19.8675 11.318 25.5759 30.6576 19.3203
internal_count=875 439 413 52 361 134 109 436 76 360 112 73 45 227 193 95 98 75 51 57 248 178 153 71 41 72 86 70
is_linear=0
shrinkage=0.03


Tree=100
num_leaves=34
num_cat=0
split_feature=25 45 51 16 14 25 40 49 45 39 27 14 18 42 45 4 14 26 46 19 44 47 47 45 55 39 55 26 38 19 55 19 35
split_gain=2.45504 2.69505 2.31559 4.23793 2.64145 2.12465 2.84742 2.68388 2.43729 2.45669 2.64577 2.36188 2.10874 2.03116 1.84635 1.81081 1.98341 2.13716 2.09049 1.80876 2.04917 3.12659 2.4337 2.90347 1.78108 1.54638 1.50341 1.44498 1.21422 1.00165 0.926966 0.274889 0.128824
threshold=-0.22779278552537258 0.77874346789663962 0.1931694170184812 1.0560969802106688 -0.92681773284943714 0.44558115817294347 0.1973712866393614 0.94835046223829955 -0.45429402852395934 -1.1153418606715111 1.0567760207209591 1.7537680660517134 1.2226682816970296 1.0000000180025095e-35 -0.27708899543873783 -0.56353595565398062 -1.0855821643200962 0.41394291510012587 -0.4818638045260189 -1.0200947897734574 0.25478360512127113 1.4770977662440481 1.2087576662646617 1.1157599472222728 -0.65090760306917272 -1.1153418606715111 0.70956535095876971 0.71932604329520911 0.086652154830124908 -1.1412461899840809 0.85317895368934826 0.67602481317526975 0.21091793291808472
decision_type=2 2 2 2 2 2 2 2 2 2 2 2 2 2 2 2 2 2 2 2 2 2 2 2 2 2 2 2 2 2 2 2 2
left_child=1 2 3 4 -1 7 13 12 9 11 -11 26 15 24 -4 -2 -17 18 -18 -3 21 22 23 31 -7 -20 -8 30 -26 -29 32 -21 -6
right_child=5 19 14 -5 27 6 8 -9 -10 10 -12 -13 -14 -15 -16 16 17 -19 25 20 -22 -23 -24 -25 28 -27 -28 29 -30 -31 -32 -33 -34
leaf_value=0.0075349396741963715 0.019032819154256142 0.0051226259583596022 0 0.017017262019063849 -0.010398294092502812 0.0089011819989899283 0.021721808877349605 -0.0095170448405786454 0.017781839936671456 -0.014765163883094626 0.0059662259727214723 -0.0051385104350964795 -0.0059758351671330553 -0.017914281580078576 0.017330474591633241 0.016980589569649356 -0.0045019152074646223 -0.0090326165177517913 0.00058346783515036223 -0.021066218828469312 -0.019130680127158715 -0.021624500431784485 0.0099992376986964577 0.00565690062611276 -0.014896144898009937 0.017688053711565923 0.0029126091610661604 -0.0090445667864014773 0.0004674454732068753 0.0057614190115994959 -0.0032505677213355549 -0.0068693693348269623 -0.023741727220926895
leaf_weight=8.6400760859251005 14.190291881561278 7.2867205888032904 9.544033497571947 6.9966461956500998 8.1033495664596575 7.3229976892471305 7.7435891628265443 7.2640620172023764 7.6303658485412589 12.512546241283419 7.5807375311851493 8.3364090323448163 7.186806231737136 9.8061491250991804 10.289188355207441 11.136811941862105 8.924866825342173 8.6379548311233503 8.4045037031173653 5.6724970489740425 13.686944484710692 6.8535777926444998 10.523807138204573 8.4206558316946012 7.8602033853530902 12.821716308593762 8.9120130240917188 6.3664465248584747 7.5649015307426453 6.8612863421440107 7.0434488058090201 6.1814175397157669 6.5503345131874076
leaf_count=26 39 23 27 20 26 21 21 21 21 38 21 25 21 31 29 31 26 26 24 20 47 24 32 26 25 36 25 20 22 20 20 21 20
internal_value=0.000187837 -0.00286701 0.00102204 -0.00231917 -0.00602085 0.00263398 -0.000587716 0.00615098 0.00361895 0.000597813 -0.0067947 0.00681598 0.00799278 -0.0074352 0.00938531 0.00975079 0.00651771 0.0028444 0.00670342 -0.00754557 -0.00955155 -0.00531664 -0.000666127 -0.00678515 -0.00184173 0.011665 0.0130601 -0.00971134 -0.00763325 -0.00115264 -0.0142586 -0.0157155 -0.0183851
internal_weight=292.857 129.02 70.3948 50.5616 43.5649 163.837 85.2699 78.567 52.7157 45.0853 20.0933 24.992 71.303 32.5543 19.8332 64.1161 49.9259 38.789 30.1511 58.6256 51.3389 37.652 30.7984 20.2746 22.7481 21.2262 16.6556 34.9249 15.4251 13.2277 21.6971 11.8539 14.6537
internal_count=875 401 208 152 132 474 250 224 151 130 59 71 203 99 56 182 143 112 86 193 170 123 99 67 68 60 46 106 47 40 66 41 46
is_linear=0
shrinkage=0.03


Tree=101
num_leaves=29
num_cat=0
split_feature=47 56 54 31 54 25 40 44 20 27 40 54 37 40 58 29 21 55 20 55 30 55 35 43 38 18 54 14
split_gain=9.86682 3.08413 2.38274 3.20785 2.91548 2.60213 2.78293 4.34068 2.46943 2.13451 4.56248 2.10667 1.76033 1.71649 1.62885 1.56033 1.6741 2.18853 2.0421 2.48602 1.47922 1.09187 0.944727 0.805573 0.503818 0.459809 0.414612 0.183478
threshold=0.35844949243610996 0.51242586103399035 -0.55650929903242619 -0.21432953507853583 -0.77874583707062872 -0.56447975737453049 0.57992145675022055 1.2395542205130645 0.40014323223023446 0.21916229587796701 1.0444466633134071 0.28869482529075885 -0.55531838553955526 0.29300882916707616 1.1174758397303621 1.871429867794302 1.0000000180025095e-35 -0.87223368908879351 -0.65010147178612876 -0.20982893041187253 -0.13613295904587788 0.37310249232291731 -1.4645777622276499 -1.0065963248557828 -0.35107021123767562 0.5332705079784249 -1.3586941711558891 -1.1767136505643192
decision_type=2 2 2 2 2 2 2 2 2 2 2 2 2 2 2 2 2 2 2 2 2 2 2 2 2 2 2 2
left_child=1 2 4 8 9 12 11 -8 -4 13 14 -7 -5 -1 25 16 22 27 19 -19 -14 24 -2 -24 -20 -11 -15 -18
right_child=15 -3 3 5 -6 6 7 -9 -10 10 -12 -13 20 26 -16 -17 17 18 21 -21 -22 -23 23 -25 -26 -27 -28 -29
leaf_value=0.0075060008873380803 -0.0028928908753097435 -0.01224685914473232 0.00070989793709495385 0.0075664818410344876 0.02265052771986413 0.026260333890968737 -0.011162579778285293 0.017514781847655141 -0.019810448566012693 0.026536806022176996 -0.0038484963860292479 0.0026945570697138157 0.00024035362771495178 -0.013122722737035892 0.0041230770785963457 0.0030734862271914135 -0.0043365223213982637 0.021660025419222403 -0.0018683006945183999 -0.0034031381589488315 -0.019693403619694964 0.0032371773091938497 -0.0049945335381461542 -0.019558197748248234 -0.017728017404976527 0.0098272653493433771 -0.0011397218616855229 -0.018511299549678294
leaf_weight=10.152936756610872 7.3620470166206315 7.5997901409864417 10.579491421580316 6.211205959320071 11.565382555127142 10.109572619199755 9.508263975381853 6.8147169053554526 7.915228769183158 11.691555321216589 12.236118242144583 6.2352332621812812 5.2720267474651346 5.8436279892921448 7.9488760083913794 8.1951771825551969 3.612020805478096 5.3838787823915482 4.2914312183856937 5.9619972407817841 5.4759333431720707 4.7800821363925943 6.9029042571783057 22.051883101463325 5.2122557312250146 6.1529885828495017 6.4161679744720441 6.7843551039695722
leaf_count=31 34 30 35 22 35 32 38 22 27 32 37 22 21 20 24 37 18 20 20 25 22 19 34 115 26 20 20 37
internal_value=0 0.00461739 0.00569439 0.00150979 0.00945995 0.00553639 0.0103742 0.000939788 -0.00859951 0.00635174 0.0105583 0.0185888 -0.00354325 -0.000749545 0.0174485 -0.00833439 -0.00974414 -0.00461805 8.20283e-05 0.00916331 -0.0105938 -0.00693658 -0.0142856 -0.0167002 -0.0123427 0.0222941 -0.00809537 -0.0152586
internal_weight=228.267 147.729 140.129 68.1217 72.0077 49.627 32.6678 16.323 18.4947 60.4423 38.0295 16.3448 16.9592 22.4127 25.7934 80.538 72.3429 36.026 25.6296 11.3459 10.748 14.2838 36.3168 28.9548 9.50369 17.8445 12.2598 10.3964
internal_count=875 490 460 241 219 179 114 60 62 184 113 54 65 71 76 385 348 165 110 45 43 65 183 149 46 52 40 55
is_linear=0
shrinkage=0.03


Tree=102
num_leaves=30
num_cat=0
split_feature=48 45 30 54 36 12 38 46 46 39 32 26 49 54 49 33 55 24 38 57 26 26 15 48 46 15 35 32 38
split_gain=12.8072 2.32171 2.33984 2.25627 2.0736 1.92599 1.82923 3.56288 5.28675 1.97464 1.79464 1.78122 1.70773 1.59067 1.76741 1.54527 3.15348 2.04968 2.58694 2.86213 1.81606 2.21548 1.24765 1.2337 1.06195 0.945138 0.887877 0.548998 0.352342
threshold=0.053373702803876912 0.20963056482259682 0.50419549928459795 0.61696298387527004 0.69284831563993532 2.1407559814266852 -1.3906608306487012 -0.31789440192725799 -0.012489938222121643 0.92502883185089024 0.40587292873144137 -0.18116266804926703 -0.091833372871085811 0.32691687683835263 -0.61192529042577848 -0.22241833399737396 0.69405581721254761 -0.33961122102786895 0.74323570393182536 1.0000000180025095e-35 -0.24380536101236117 0.31997887565548477 1.3931155649645717 -0.36709530479451613 0.81261951564613133 -0.84072876491135662 -0.79437948416935622 0.9154248439870657 0.14136745058859995
decision_type=2 2 2 2 2 2 2 2 2 2 2 2 2 2 2 2 2 2 2 2 2 2 2 2 2 2 2 2 2
left_child=3 -2 5 13 -4 6 9 11 -9 10 -3 -8 22 14 -1 16 -16 18 19 24 -19 -22 27 -5 -17 -21 -14 -13 -10
right_child=1 2 4 23 -6 -7 7 8 28 -11 -12 12 26 -15 15 17 -18 20 -20 25 21 -23 -24 -25 -26 -27 -28 -29 -30
leaf_value=-0.0184326137873023 -0.0060779142946353172 0.0016946567511246791 -0.015002684931364378 0.010786038834260287 0.0056661511664796074 0.018765399079322755 0.0017428215414928146 -0.015651693802626893 0.014492024801613958 0.010601959265010782 -0.01673852349593331 0.026589749448705655 0.012516225053966023 -0.021034227485100369 -0.010389510169028764 -0.0022116271936110394 0.013298469529658741 0.0078519980016975247 -0.019549085927908726 -0.019136423117792581 -0.018115991568326318 0.0038355743175876077 0.0077360774741992667 -0.0051593174051928091 0.012508480288735772 -0.0025710818254041654 -8.4381787811771809e-05 0.011306303553823612 0.0033178030171964086
leaf_weight=11.018224865198134 12.604450553655623 9.0425225198268944 6.7984440326690656 7.6989346444606781 7.478801503777504 12.671022742986677 13.979464918375006 11.057105839252474 7.6303374767303449 7.2948341071605673 7.0267247259616843 15.172510594129557 7.1527940332889584 8.3179001659154874 8.0592151284217852 8.502885669469828 9.0984097123146039 11.155598774552347 18.941760241985321 9.0981814861297554 6.8191214054822975 6.6777229607105255 11.30600583553314 6.4870342612266523 6.0428207963705054 6.4482406675815609 9.8037404119968539 8.4365597665309888 7.5264439582824707
leaf_count=41 38 25 20 21 21 35 39 33 21 20 20 43 20 33 28 30 29 39 72 34 24 21 32 20 21 23 27 24 21
internal_value=-0.000215364 0.00549419 0.00661304 -0.00735882 -0.00428615 0.00790964 0.00644121 0.00832343 -0.000803746 -0.000788943 -0.00676516 0.0119828 0.0145036 -0.00881301 -0.00746623 -0.00579336 0.00190952 -0.00766907 -0.0111339 -0.00497023 -0.000304795 -0.00755778 0.0183092 0.00331586 0.00412737 -0.0134484 0.00549109 0.022369 0.0101019
internal_weight=279.348 154.982 142.377 124.366 14.2772 128.1 115.429 92.065 26.2139 23.3641 16.0692 65.8511 51.8716 110.18 101.862 90.844 17.1576 73.6863 49.0339 30.0921 24.6524 13.4968 34.9151 14.186 14.5457 15.5464 16.9565 23.6091 15.1568
internal_count=875 439 401 436 41 360 325 260 75 65 45 185 146 395 362 321 57 264 180 108 84 45 99 41 51 57 47 67 42
is_linear=0
shrinkage=0.03


Tree=103
num_leaves=32
num_cat=0
split_feature=51 25 58 42 25 1 3 20 20 50 27 19 4 14 20 3 19 20 34 30 24 34 61 46 30 26 41 51 26 35 35
split_gain=2.43248 2.5264 2.5905 5.01486 2.22027 2.86163 2.44712 2.13519 2.01656 2.77687 2.09752 2.87449 2.00391 1.79862 2.37324 2.40664 1.88908 1.69831 1.96538 4.72099 1.8825 1.48981 1.27869 1.21157 1.1391 1.12229 1.05249 0.76785 0.721907 0.528413 2.4916
threshold=1.6742054730199798 -0.22779278552537258 0.45568811738581605 -0.43240800003996888 0.44558115817294347 -0.073395712760055853 2.2711928271859105 1.1878267602425072 -0.65010147178612876 0.250865447318463 1.0567760207209591 -0.41433778872034072 -0.42152005947194493 -1.2036209433273644 0.40014323223023446 -0.3116301356002556 0.91832761359651649 0.40014323223023446 0.96394078473260381 -0.22760845309308872 -0.33961122102786895 -0.075401765363687326 278.00000000000006 0.48316974279129993 0.50419549928459795 0.13205079676620279 -0.77690861881121731 0.1931694170184812 0.2260148362108437 -1.0000000180025095e-35 -0.79437948416935622
decision_type=2 2 2 2 2 2 2 2 2 2 2 2 2 2 2 2 2 2 2 2 2 2 2 2 2 2 2 2 2 2 2
left_child=1 2 7 -4 13 8 27 17 12 10 11 -10 -6 -3 15 21 23 18 22 -20 -19 -15 25 -16 -5 -1 -17 -7 -24 30 -22
right_child=-2 4 3 24 5 6 -8 -9 9 -11 -12 -13 -14 14 16 26 -18 20 19 -21 29 -23 28 -25 -26 -27 -28 -29 -30 -31 -32
leaf_value=-0.0090145870130845986 -0.016299040969743439 0.019439304537339355 -0.01156684257549761 0.018967992520075604 0 -0.0070586635812995438 0.0038477649874971258 0.0059071241699652222 -0.021835391279255063 0.013447608134282746 0.0057674032857512403 0 0.018174100655270607 -0.014339902769201848 0.020763073485246111 0.014811708557300182 -0.0017659783853518846 0.00077969672631360819 -0.0081235622636525746 0.021691405844161758 -0.018385211789080494 0.00057860178327757592 -0.002707346155156368 0.0059955670025334694 0.0036204957648996901 0.0051052681740627092 0 -0.022462194194354475 -0.017014490885965104 -0.023270048962626348 0.004087045751097136
leaf_weight=7.3521276414394405 6.3100628256797782 7.9256946742534629 9.7087588310241717 11.401539832353594 9.5906649529933929 10.732933759689336 8.5954802334308607 12.312983915209768 8.8767640888690966 7.8695625662803641 9.0405661165714246 11.154307186603548 11.544679045677185 10.177393823862074 12.527025908231737 7.8570134341716766 7.5041871964931479 6.8481484204530743 9.3624329864978808 6.9549489915370932 10.426494002342229 10.713109523057939 6.6754834949970272 12.751313328742979 9.5858530104160291 10.08794468641281 7.3632536530494672 6.435140296816825 10.771206408739088 7.904751747846599 5.7395990341901806
leaf_count=22 20 22 29 32 28 33 25 38 28 22 25 32 32 30 35 22 22 21 31 20 37 31 21 36 27 31 21 21 37 26 18
internal_value=0.000192097 0.000660293 -0.00249247 0.00482053 0.00315323 -0.000167178 -0.00828006 -0.00497029 0.00344896 -0.000693243 -0.00518936 -0.0104704 0.0105201 0.00678751 0.00486356 -0.000330372 0.010524 -0.00674963 -0.00308141 0.00500399 -0.0122158 -0.00689516 -0.00707842 0.014291 0.012934 -0.000772896 0.00813149 -0.0144947 -0.0125047 -0.0159765 -0.0103975
internal_weight=292.101 285.791 125.132 30.6962 160.659 83.8401 25.7636 94.4361 58.0765 36.9412 29.0716 20.0311 21.1353 76.819 68.8933 36.1108 32.7825 82.1231 51.2041 16.3174 30.919 20.8905 34.8868 25.2783 20.9874 17.4401 15.2203 17.1681 17.4467 24.0708 16.1661
internal_count=875 855 390 88 465 246 79 302 167 107 85 60 60 219 197 104 93 264 162 51 102 61 111 71 59 53 43 54 58 81 55
is_linear=0
shrinkage=0.03


Tree=104
num_leaves=27
num_cat=0
split_feature=47 34 46 4 50 29 12 60 49 20 33 36 19 42 34 36 0 60 23 52 20 30 46 23 26 46
split_gain=9.41596 3.49778 2.11851 2.58953 1.98684 2.25583 1.85835 2.85915 2.87705 2.53103 1.67273 2.53108 1.53069 2.30445 1.55662 1.6447 1.46063 1.42622 1.37434 2.31166 1.30738 1.25834 1.24411 0.733704 0.678086 0.106621
threshold=0.35844949243610996 0.36221615046632966 0.19121021719552012 -0.67714867259960931 -0.26867837848900472 -0.17697574179342987 -0.61243186391613957 449.50000000000006 -0.26519734538931666 -0.65010147178612876 -0.22241833399737396 0.35828997856856776 0.79717621338589317 0.86752197676634835 0.19810943203007339 0.52556914710425151 0.6009943143070412 278.00000000000006 -0.24274484907113611 1.0000000180025095e-35 -0.91266264779021966 0.68714648737901951 0.91677386762855784 0.83985683238184039 1.5415113884358176 -0.2681488825961213
decision_type=2 2 2 2 2 2 2 2 2 2 2 2 2 2 2 2 2 2 2 2 2 2 2 2 2 2
left_child=1 2 17 10 5 -3 21 9 22 -8 -4 -12 14 20 18 24 -11 -1 -2 -20 -14 -5 -9 -22 25 -16
right_child=12 4 3 6 -6 -7 7 8 -10 16 11 -13 13 -15 15 -17 -18 -19 19 -21 23 -23 -24 -25 -26 -27
leaf_value=0.0047536879430847209 -0.011666576177893611 0.0098800262106463581 0.0065307277643367008 0.0071112621286862536 -0.015373090962545554 -0.012718484276537363 -0.0013519773164696147 -0.00063501586991579473 0.0070711503919040058 0.021382805127449517 -0.016391285963930302 0.0036483124385137317 0.0023789203569934696 0.010550144749011971 -0.020379138593803862 0.0011678908855248069 0.0041073730037183556 0.025582328933416373 0.014611983610347603 -0.0093754825437727066 -0.018902056954403893 0.023815751805809433 -0.019365920670323281 -0.001217232313850268 -0.0037826884443424584 -0.007045738904642768
leaf_weight=7.0525601208209974 8.6045152246952075 9.1392463147640211 10.333614081144335 12.625117287039759 9.4447301179170591 4.7792814224958446 10.458614677190779 6.3710942566394824 12.375789791345595 13.927510201931002 10.851309686899187 8.9274773895740491 5.9652442783117356 7.6954277902841559 21.913895040750507 4.309304252266883 8.728168457746504 7.1691760420799255 5.9465309232473356 5.3815233260393143 6.6071401536464673 8.4323811382055265 7.0422057658433914 4.1946090310811996 5.0522722750902167 4.2454855293035534
leaf_count=21 38 34 35 39 43 23 35 20 37 39 39 31 24 33 122 19 27 20 25 26 33 24 23 20 26 19
internal_value=0 0.00449668 0.0065163 0.00488723 -0.00575151 0.0012487 0.00768974 0.00459276 -0.00264971 0.0102769 -0.00237657 -0.00744456 -0.00818798 -0.00151762 -0.0109077 -0.0146305 0.0156441 0.0170741 -0.00343375 0.00298494 -0.00779625 0.0152053 -0.0118301 -0.0135081 -0.0169487 -0.0189316
internal_weight=227.574 147.658 124.295 110.073 23.3633 13.9185 79.9609 58.9034 25.7891 33.1143 30.1124 19.7788 79.9159 24.4624 55.4535 35.521 22.6557 14.2217 19.9326 11.3281 16.767 21.0575 13.4133 10.8017 31.2117 26.1594
internal_count=875 490 390 349 100 57 244 181 80 101 105 70 385 110 275 186 66 41 89 51 77 63 43 53 167 141
is_linear=0
shrinkage=0.03


Tree=105
num_leaves=28
num_cat=0
split_feature=48 39 26 12 61 54 38 52 41 39 26 61 54 52 54 49 33 46 41 43 44 51 41 12 48 34 44
split_gain=12.1876 2.23402 2.59228 3.48853 2.39964 2.19507 2.00535 1.79417 2.25262 3.11806 2.55234 2.07868 1.99498 4.65649 1.57455 1.7471 1.49626 2.77284 1.71002 2.4519 2.56776 2.31741 2.31435 1.47823 1.19636 1.17041 0.783376
threshold=0.053373702803876912 -0.14487501300973163 -0.33776940045700216 -0.32537501997517226 474.50000000000006 0.61696298387527004 -1.3177071029707348 -0.45085227201323974 1.1212401749508987 1.2642141660459802 0.13205079676620279 168.00000000000003 0.49232977369887682 0.44116748606835393 0.32691687683835263 -0.61192529042577848 -0.22241833399737396 1.0285882914907856 -0.14419235422384538 1.0000000180025095e-35 -1.0000000180025095e-35 0.1931694170184812 -1.0000000180025095e-35 -0.54148461899785738 -0.36709530479451613 0.96394078473260381 1.0426000974347061
decision_type=2 2 2 2 2 2 2 2 2 2 2 2 2 2 2 2 2 2 2 2 2 2 2 2 2 2 2
left_child=5 -2 3 -3 7 14 -6 -4 10 -10 -9 -12 -13 -14 15 -1 17 -17 19 20 23 -21 -20 -18 -7 -8 -23
right_child=1 2 4 -5 6 24 25 8 9 -11 11 12 13 -15 -16 16 18 -19 22 21 -22 26 -24 -25 -26 -27 -28
leaf_value=-0.01825650673613724 -0.0080108780793768878 -0.014702910682958023 -0.0052237750987887696 0.010093963077143506 0.0012272459144923166 0.010664289654175908 0.020568251590691936 0.013229132171308366 0.02340548804958037 0 0.010927151016404752 -0.017662914863098247 0.015255377403835941 -0.012171673139034219 -0.020871702763162397 -0.0068659864607186179 0.0031153168512024821 0.015834730645307549 0.010211884500829957 -0.021976958014183388 0.013203273945618188 -0.010627636131353176 -0.009463815237577276 -0.014467279186926167 -0.0050443723367434544 0.0072858318289419997 0.0015606758016653817
leaf_weight=10.912837997078894 8.9192109405994398 10.239786833524706 12.849179357290266 7.4149107038974753 11.302019238471983 7.7022367715835571 23.34159442782402 12.514394015073774 11.891713321208956 8.6848947405815107 7.1457616686820975 7.3170190453529385 8.2426213026046771 11.487087219953535 8.2049614340066892 10.701297953724863 5.4390202313661584 6.4340405166149131 9.2288202643394488 18.234914213418961 5.722619041800491 8.6134846657514554 9.2657758444547706 9.8169339299201965 6.462317228317259 13.210920363664625 6.9291299730539313
leaf_count=41 26 31 36 21 31 21 66 35 34 24 20 21 24 33 33 37 19 20 30 72 19 31 32 37 20 37 24
internal_value=-0.000217111 0.00535509 0.00628773 -0.00400018 0.0077831 -0.00720992 0.0130857 0.00436064 0.00635222 0.0143245 0.00237913 -0.00181293 -0.00578635 -0.000162377 -0.00865218 -0.00731395 -0.00565103 0.00192427 -0.00750642 -0.0101107 -0.00154573 -0.0149682 8.38306e-05 -0.00812296 0.00331771 0.0164018 -0.00518273
internal_weight=278.23 154.561 145.642 17.6547 127.987 123.668 47.8545 80.1327 67.2835 20.5766 46.7069 34.1925 27.0467 19.7297 109.504 101.299 90.386 17.1353 73.2507 54.7561 20.9786 33.7775 18.4946 15.256 14.1646 36.5525 15.5426
internal_count=875 439 413 52 361 436 134 227 191 58 133 98 78 57 395 362 321 57 264 202 75 127 62 56 41 103 55
is_linear=0
shrinkage=0.03


Tree=106
num_leaves=31
num_cat=0
split_feature=29 50 16 1 51 21 16 39 60 47 28 47 58 24 24 59 59 47 39 26 57 55 45 32 9 55 47 44 54 39
split_gain=2.38903 3.12024 2.4045 2.32676 2.23005 2.27652 2.14991 3.15548 2.27934 3.16581 2.03451 1.96937 1.91868 1.95406 2.09668 1.75528 2.3764 1.69755 1.38868 1.85211 2.53164 1.34748 1.09089 2.76029 1.38205 0.989442 1.35402 0.679609 0.539594 0.177893
threshold=-0.85977761165600697 0.77040927312593077 -0.01342870874304423 -0.33513772883151804 1.0000000180025095e-35 -1.3384032358352835 0.85976470859302812 -0.14487501300973163 510.50000000000006 -0.75813732695424085 -0.39988889717554899 -0.92222422723064967 -0.86788732730327589 0.56220442892745093 -0.33961122102786895 1.0000000180025095e-35 0.58763725521779475 1.1152736929434572 -0.41593644287388404 -0.33776940045700216 1.0000000180025095e-35 0.21122031618944445 0.94839422759364989 -1.0000000180025095e-35 -1.5789091930331873 0.97077565925483233 0.60982998155672397 -0.13912464103544631 -0.091546693777508195 -0.60524918754091084
decision_type=2 2 2 2 2 2 2 2 2 2 2 2 2 2 2 2 2 2 2 2 2 2 2 2 2 2 2 2 2 2
left_child=6 2 12 4 15 -6 8 -8 9 -1 17 21 13 14 -2 28 -17 -3 -13 -20 -21 -7 23 24 -14 26 -11 -12 -4 -26
right_child=1 10 3 -5 5 11 7 -9 -10 25 27 18 22 -15 -16 16 -18 -19 19 20 -22 -23 -24 -25 29 -27 -28 -29 -30 -31
leaf_value=-0.012859618215908702 0.002887190742982102 -0.011610472067839075 -0.021159174664488047 0.014848282924274812 -0.013995744068505494 0.017694228164838406 0.026485277853645125 0 0.01243205426171258 -0.0085785677910108458 0.018474646660791835 -0.0085610916841894497 -0.00055993385566733384 0.0084977372818525257 -0.017376838611734561 0.0090966708675107154 -0.011841787946023951 0.0074353968828177975 0.013424252626688029 0.0076389468881083149 -0.006505043671126632 0.0022216819565451114 -0.01913215766604676 0.0068589768300340312 -0.022996521774542103 0.012929336398823689 0.0085769545368688457 0.0054911354096986026 -0.0061490556552512097 -0.0088505321150504409
leaf_weight=13.234722912311549 7.7850515693426132 6.5688741505146009 7.1638704538345337 7.0161978006362906 6.8244912326335898 9.4036459326744097 7.6892944276332855 7.3061242103576642 11.897374302148817 6.8172990381717735 9.5184410810470581 12.867500126361845 6.7395004928112057 10.350615307688711 7.519344165921213 8.4892683923244494 7.9466906338930121 7.1220679879188538 8.761544466018675 17.711059644818306 26.254114478826523 12.343438237905501 11.61540114879608 7.5773370414972332 6.6320107877254504 7.1697631478309622 6.7449493408203125 10.787564486265182 7.1335505843162554 6.3752313703298533
leaf_count=39 23 20 22 20 21 26 21 21 33 20 27 39 20 33 25 25 26 21 25 54 81 35 42 23 21 20 20 31 21 20
internal_value=0.000197607 -0.00118339 -0.00266661 -0.000275918 -0.00133911 0.000921358 0.00542704 0.0147855 0.00186923 -0.00203071 0.00697129 0.00237108 -0.00734105 -0.00063401 -0.00737426 -0.00817181 -0.00083612 -0.00155191 -0.000194315 0.00191721 -0.000611225 0.00988026 -0.0114241 -0.0071142 -0.0128642 0.00501351 0 0.0127045 -0.0153448 -0.0181087
internal_weight=291.366 230.507 196.51 131.915 124.899 94.1658 60.8595 14.9954 45.8641 33.9667 33.9969 87.3413 64.5945 25.655 15.3044 30.7334 16.436 13.6909 65.5942 52.7267 43.9652 21.7471 38.9395 27.3241 19.7467 20.732 13.5622 20.306 14.2974 13.0072
internal_count=875 701 602 395 375 281 174 42 132 99 99 260 207 81 48 94 51 41 199 160 135 61 126 84 61 60 40 58 43 41
is_linear=0
shrinkage=0.03


Tree=107
num_leaves=28
num_cat=0
split_feature=47 34 46 1 54 54 29 12 46 33 49 46 29 34 33 47 44 24 39 25 38 30 41 45 12 30 16
split_gain=8.98375 3.34247 2.05653 2.43212 2.35126 3.38681 2.33069 2.29405 2.2552 2.06097 3.24879 2.45512 1.94022 2.71504 1.56215 1.54709 1.54201 1.72791 2.10105 2.4195 2.00607 1.62403 1.01383 0.929576 0.912866 0.488256 0.308761
threshold=0.35844949243610996 0.36221615046632966 0.19121021719552012 -0.44893860538432778 -0.3692482390555003 -1.042449320281625 -0.51837667672471832 -0.62659158772157586 0.95419132005528584 1.0000000180025095e-35 -0.26519734538931666 0.99142568682541399 -0.17697574179342987 0.74513182681759493 -0.39279468884597418 -0.93556937791768191 -1.7147576256623156 -0.82520426331150254 0.057345418793683253 -1.0133957198400745 -0.24163961972072553 0.50419549928459795 -1.2690212690458398 1.2858351109457444 -0.43178501794411617 0.68714648737901951 0.66891409375421906
decision_type=2 2 2 2 2 2 2 2 2 2 2 2 2 2 2 2 2 2 2 2 2 2 2 2 2 2 2
left_child=1 2 26 9 5 7 -7 -5 22 14 11 -11 13 -3 -4 -6 -2 -18 -19 20 24 23 -9 -21 -20 -12 -1
right_child=16 12 3 4 15 6 -8 8 -10 10 25 -13 -14 -15 -16 -17 17 18 19 21 -22 -23 -24 -25 -26 -27 -28
leaf_value=0.0077615367204624166 0.0034118201654353688 -0.009326475983905699 -0.00045579161264063238 0.019070954278954711 0.0076086333028534568 0.0064898525420285201 0.031189083766473231 0.014618535831186096 -0.0095603242960786879 -0.0051500534847962135 -0.01909056781297359 0.016552045234896652 -0.016364083423782875 0.013957372425708645 0.015852080441186113 -0.010469669862857503 0.0036846775539770074 0.0022009300836116938 -0.01785066125803194 -0.021273640873797448 0.007371271489985249 0 -4.8397209432785443e-05 -0.0041264169576173855 0 -0.0046398715021299629 0.021745928705146546
leaf_weight=6.9028265774250013 7.979340359568595 8.8242639899253863 9.7873618304729479 6.4308639466762534 6.4875375628471375 7.4683467149734524 9.516445606946947 7.2922208309173575 10.1423964202404 9.5344097167253548 8.6962398141622526 6.5085660964250556 7.9685729891061774 6.4569576680660239 8.3365241885185224 7.3963789641857129 6.750240445137023 8.2852095216512662 5.6224848777055749 29.466738849878311 7.6821240186691275 4.8406759202480307 6.6421486586332348 5.0437548905611029 3.6226159781217584 5.8462434858083716 7.3482275903224945
leaf_count=20 34 38 34 18 20 21 26 21 31 33 33 21 40 22 26 24 28 35 30 161 33 20 20 25 19 21 21
internal_value=0 0.00437827 0.00634884 0.00474331 0.00864407 0.0117544 0.0220612 0.00506377 0.000188853 -0.000163766 -0.00495574 0.00397483 -0.0056637 0.000522562 0.00737798 -0.00171399 -0.00804377 -0.00945182 -0.0109686 -0.013018 -0.00277037 -0.0170156 0.00791321 -0.0192104 -0.0116085 -0.0146323 0.0167374
internal_weight=226.88 147.587 124.337 110.086 61.3763 47.4924 16.9848 30.5076 24.0768 48.7093 30.5855 16.043 23.2498 15.2812 18.1239 13.8839 79.2932 71.3138 64.5636 56.2784 16.9272 39.3512 13.9344 34.5105 9.2451 14.5425 14.2511
internal_count=875 490 390 349 181 137 47 90 72 168 108 54 100 60 60 44 385 351 323 288 82 206 41 186 49 54 41
is_linear=0
shrinkage=0.03


end of trees

feature_importances:
Column_47=162
Column_54=161
Column_46=157
Column_45=128
Column_48=105
Column_20=104
Column_32=87
Column_25=85
Column_34=83
Column_38=79
Column_18=78
Column_24=76
Column_39=76
Column_55=76
Column_12=75
Column_33=72
Column_30=70
Column_44=66
Column_19=62
Column_26=62
Column_60=61
Column_42=58
Column_37=57
Column_28=54
Column_40=51
Column_36=48
Column_51=48
Column_14=46
Column_29=44
Column_50=44
Column_16=42
Column_58=40
Column_23=39
Column_49=37
Column_59=35
Column_1=34
Column_61=32
Column_35=31
Column_27=29
Column_52=28
Column_53=27
Column_4=24
Column_43=24
Column_0=22
Column_31=21
Column_41=21
Column_21=17
Column_2=14
Column_9=14
Column_7=11
Column_57=11
Column_3=10
Column_10=10
Column_13=8
Column_17=8
Column_56=6
Column_15=5
Column_5=4
Column_6=2
Column_11=2

parameters:
[boosting: gbdt]
[objective: multiclass]
[metric: multi_logloss]
[tree_learner: serial]
[device_type: cpu]
[data_sample_strategy: bagging]
[data: ]
[valid: ]
[num_iterations: 1800]
[learning_rate: 0.03]
[num_leaves: 96]
[num_threads: 2]
[seed: 42]
[deterministic: 0]
[force_col_wise: 1]
[force_row_wise: 0]
[histogram_pool_size: -1]
[max_depth: 10]
[min_data_in_leaf: 20]
[min_sum_hessian_in_leaf: 0.001]
[bagging_fraction: 0.85]
[pos_bagging_fraction: 1]
[neg_bagging_fraction: 1]
[bagging_freq: 0]
[bagging_seed: 400]
[bagging_by_query: 0]
[feature_fraction: 0.8]
[feature_fraction_bynode: 1]
[feature_fraction_seed: 30056]
[extra_trees: 0]
[extra_seed: 12879]
[early_stopping_round: 0]
[early_stopping_min_delta: 0]
[first_metric_only: 0]
[max_delta_step: 0]
[lambda_l1: 0.2]
[lambda_l2: 1.5]
[linear_lambda: 0]
[min_gain_to_split: 0]
[drop_rate: 0.1]
[max_drop: 50]
[skip_drop: 0.5]
[xgboost_dart_mode: 0]
[uniform_drop: 0]
[drop_seed: 17869]
[top_rate: 0.2]
[other_rate: 0.1]
[min_data_per_group: 100]
[max_cat_threshold: 32]
[cat_l2: 10]
[cat_smooth: 10]
[max_cat_to_onehot: 4]
[top_k: 20]
[monotone_constraints: ]
[monotone_constraints_method: basic]
[monotone_penalty: 0]
[feature_contri: ]
[forcedsplits_filename: ]
[refit_decay_rate: 0.9]
[cegb_tradeoff: 1]
[cegb_penalty_split: 0]
[cegb_penalty_feature_lazy: ]
[cegb_penalty_feature_coupled: ]
[path_smooth: 0]
[interaction_constraints: ]
[verbosity: -1]
[saved_feature_importance_type: 0]
[use_quantized_grad: 0]
[num_grad_quant_bins: 4]
[quant_train_renew_leaf: 0]
[stochastic_rounding: 1]
[linear_tree: 0]
[max_bin: 255]
[max_bin_by_feature: ]
[min_data_in_bin: 3]
[bin_construct_sample_cnt: 200000]
[data_random_seed: 175]
[is_enable_sparse: 1]
[enable_bundle: 1]
[use_missing: 1]
[zero_as_missing: 0]
[feature_pre_filter: 1]
[pre_partition: 0]
[two_round: 0]
[header: 0]
[label_column: ]
[weight_column: ]
[group_column: ]
[ignore_column: ]
[categorical_feature: ]
[forcedbins_filename: ]
[precise_float_parser: 0]
[parser_config_file: ]
[objective_seed: 16083]
[num_class: 3]
[is_unbalance: 0]
[scale_pos_weight: 1]
[sigmoid: 1]
[boost_from_average: 1]
[reg_sqrt: 0]
[alpha: 0.9]
[fair_c: 1]
[poisson_max_delta_step: 0.7]
[tweedie_variance_power: 1.5]
[lambdarank_truncation_level: 30]
[lambdarank_norm: 1]
[label_gain: ]
[lambdarank_position_bias_regularization: 0]
[eval_at: ]
[multi_error_top_k: 1]
[auc_mu_weights: ]
[num_machines: 1]
[local_listen_port: 12400]
[time_out: 120]
[machine_list_filename: ]
[machines: ]
[gpu_platform_id: -1]
[gpu_device_id: -1]
[gpu_device_id_list: ]
[gpu_use_dp: 0]
[num_gpu: 1]

end of parameters

pandas_categorical:null
