tree
version=v4
num_class=1
num_tree_per_iteration=1
label_index=0
max_feature_idx=62
objective=binary sigmoid:1
feature_names=Column_0 Column_1 Column_2 Column_3 Column_4 Column_5 Column_6 Column_7 Column_8 Column_9 Column_10 Column_11 Column_12 Column_13 Column_14 Column_15 Column_16 Column_17 Column_18 Column_19 Column_20 Column_21 Column_22 Column_23 Column_24 Column_25 Column_26 Column_27 Column_28 Column_29 Column_30 Column_31 Column_32 Column_33 Column_34 Column_35 Column_36 Column_37 Column_38 Column_39 Column_40 Column_41 Column_42 Column_43 Column_44 Column_45 Column_46 Column_47 Column_48 Column_49 Column_50 Column_51 Column_52 Column_53 Column_54 Column_55 Column_56 Column_57 Column_58 Column_59 Column_60 Column_61 Column_62
feature_infos=[-1.9484116923332366:9.4381744379825854] [-1.9165751047951511:14.653332280421893] [-1.6549597404018197:11.779407415420303] [-1.9403794897061832:9.371601354014965] [-1.624166809071083:14.627216858176068] [-1.6562305130393713:11.709414940663848] [-2.9831909043089713:5.867452892394085] [-2.4027904109635974:11.385423890466827] [-2.9195590556610513:6.1571346833643563] [-3.6597745504122718:4.219412016459521] [-8.8767496126954502:2.8884586611612861] [-3.300246304722422:4.5130410800620098] [-1.9640130480831672:2.4712355678920481] [-3.6841396766900902:4.6486910537894595] [-3.2384692436990377:4.5160893094261123] [-3.6841396766900902:4.6486910537894595] [-9.3104229726658936:3.1175046809441893] [-3.2384692436990377:4.5160893094261123] [-9.534756080171487:0.80892745917284981] [-1.720230698159761:1.6998348554509217] [-1.4515134754370462:1.428371364016658] [-2.2297159746437862:1.1290572592561359] [-1.6516033713561602:0.6054722443311974] [-2.1417194685931027:2.7533884785382692] [-2.3942634244608034:4.1973062352551338] [-2.422829594924492:3.5551969383473909] [-3.0062987422029348:3.1655835382245137] [-2.1575847815714719:2.6078353863895871] [-2.3421418167977541:3.9117069587728386] [-2.2922999318485537:4.1267703266225695] [-3.9611270917229469:3.991563503654397] [-2.8511107393966322:3.1942028114542715] [-3.1458341428600742:3.6645810485884174] [-2.4198471300658468:3.3958340481419644] [-3.1810704812067887:3.1857890237409032] [-2.9384264330914465:3.6346354469841673] [-3.1363239739098052:4.3409702686718799] [-2.4010717766261989:3.8794957169317787] [-3.6949001205361096:4.1373175845753538] [-3.5969674717263955:3.3473280123668805] [-3.6366191321535521:4.5587309000108345] [-2.4667274032063706:2.3183408391281675] [-2.856612660826122:3.1620363529315201] [-1.8395488361027084:3.0925077039977182] [-4.0755848563265014:3.1837078771723939] [-2.4240364962362886:3.3920091198120184] [-3.2826696992275792:3.4490123839858824] [-3.2323086378145782:3.0603112036249862] [-3.2099312989339488:2.5866536846493644] [-1.1665365484295567:4.9369522098146179] [-1.1720559910692825:4.9730941599942193] [-10.447380426519869:10.051686859059339] [-5.5363661014688335:5.0973993406663114] [-4.2920286100753513:4.228408349479138] [-2.6205904628928494:3.162591111201484] [-2.7088225219587994:3.2901080854042388] [-1.2533987169053913:3.2888623713784924] [-1.0750486017836738:3.0115495893647832] [-1.3036885920618382:3.2778858495169074] [-3.0828488466455433:3.1363887862988693] [2:815] [2:815] [0:2]
tree_sizes=4948 5079 5282 5138 4877 5113 5104 5114 5418 5093 5009 5004 5086 4997 5016 5217 5404 5242 5230 5214 5241 5175 5402 5342 5098 5006 5008 5095 5250 5531 4692 5321 5027 5019 5218 5172 5563 4918 5119 5029 5138 5042 5302 5118 5460 4997 5233 4548 5212 5301 4285 5004 5570 5000 4238 4561 4277 5203

Tree=0
num_leaves=46
num_cat=0
split_feature=16 29 39 48 19 61 20 61 13 57 41 40 54 20 55 37 19 19 61 47 31 32 0 61 41 42 57 31 41 7 47 61 20 50 26 10 31 55 39 24 18 54 46 45 45
split_gain=16.2886 14.9687 12.1084 8.52432 8.99528 6.95552 11.8497 9.78584 8.23937 8.20662 6.34864 9.88584 6.83667 7.46851 6.30245 6.11073 5.99906 5.4498 5.18195 5.02981 5.85618 4.64305 4.10035 4.30921 3.83213 3.69995 3.69787 3.64008 3.48952 3.46612 3.36076 3.28517 3.26471 3.15786 7.07208 3.12054 2.89216 2.877 2.80866 2.50164 2.35416 2.18873 2.04622 1.00301 0.743039
threshold=-0.47801565955336117 0.38231267584774786 0.28366823997278828 -0.90331468590503194 1.5229349130227832 478.50000000000006 -0.535186481065413 727.50000000000011 1.0000000180025095e-35 1.0000000180025095e-35 1.0000000180025095e-35 -0.61648087955963893 0.024751254848680817 0.51204436964502487 0.30843767758485074 0.61843182604590607 -0.71779769106697455 -1.1895308708753445 320.00000000000006 -0.16251869894879065 1.1431142852727152 -1.0000000180025095e-35 1.2687507381369487 445.00000000000006 -0.44636525644289909 0.57067358311920258 -0.56422382789011649 1.3590183406602476 -1.031206930506009 -0.15779670518826161 0.13436102614807918 430.00000000000006 0.77385208232263436 -0.64230166770173913 -0.43468112535816461 -0.096977419650802116 -0.16773176529444517 0.22921991870985381 -1.350283638637394 0.41684716571216957 0.41102331743794457 -0.33425201151344724 -0.15459604612445724 -0.061168050715277873 -0.0063821537743528533
decision_type=2 2 2 2 2 2 2 2 2 2 2 2 2 2 2 2 2 2 2 2 2 2 2 2 2 2 2 2 2 2 2 2 2 2 2 2 2 2 2 2 2 2 2 2 2
left_child=1 2 26 22 5 6 8 32 9 17 11 28 14 -14 16 36 -12 21 -3 -15 -21 -5 23 24 38 -11 -1 42 -8 -24 -6 -26 37 -19 -35 -10 -13 -7 -2 -20 -34 -25 -4 -9 -30
right_child=3 18 27 4 30 7 10 43 35 25 12 15 13 19 -16 -17 -18 33 39 20 -22 -23 29 41 31 -27 -28 -29 44 -31 -32 -33 40 34 -36 -37 -38 -39 -40 -41 -42 -43 -44 -45 -46
leaf_value=-0.082681693420114916 -0.12248689977719307 -0.11970979240825846 -0.15548594878579358 -0.13505672088541601 -0.12691446363095366 -0.086599493588232518 -0.10915145588255816 -0.14100094927126483 -0.12711541215071101 -0.098012751959236061 -0.14044087641695002 -0.079054837041760015 -0.13902839144503679 -0.12849754597600785 -0.15681883742178829 -0.12097396642823913 -0.10239065687317604 -0.12188080241214984 -0.075445709283691376 -0.089670931041356372 -0.12159463841970979 -0.10085132170096417 -0.13791884723009576 -0.16263986114113274 -0.1320377074067304 -0.12646038823713229 -0.11748293631189904 -0.11937777514540689 -0.12454716666096484 -0.11006164537065108 -0.15529485881990057 -0.10404392317476507 -0.1290043935173418 -0.12163453595589561 -0.16123711861255846 -0.15882930596148465 -0.10971791136299232 -0.11386311865614883 -0.1520415653449278 -0.105132480575441 -0.10404392317476507 -0.13174392452422895 -0.12711541215071101 -0.12216222191299043 -0.14237607408647271
leaf_weight=4.9815639853477478 4.9815639853477443 4.9815639853477505 6.4760331809520748 5.4797203838825226 8.468658775091173 13.450222760438924 5.7287985831499126 4.9815639853477478 4.9815639853477487 9.2158933728933317 6.476033180952073 11.706675365567211 7.7214241772890082 6.9741895794868496 6.974189579486846 7.2232677787542334 5.4797203838825235 5.9778767824172965 12.702988162636759 12.952066361904146 7.9705023765563956 5.7287985831499046 5.2306421846151343 8.2195805758237821 6.9741895794868487 5.4797203838825217 6.2269549816846865 6.4760331809520713 5.2306421846151361 8.4686587750911695 7.7214241772890082 5.2306421846151352 5.2306421846151334 6.4760331809520713 10.959440767765054 10.959440767765042 6.2269549816846856 6.7251113802194586 7.7214241772890109 6.974189579486846 5.2306421846151352 4.9815639853477469 4.9815639853477469 5.4797203838825208 5.2306421846151325
leaf_count=20 20 20 26 22 34 54 23 20 20 37 26 47 31 28 28 29 22 24 51 52 32 23 21 33 28 22 25 26 21 34 31 21 21 26 44 44 25 27 31 28 21 20 20 22 21
internal_value=-0.121595 -0.106753 -0.121595 -0.124615 -0.121959 -0.120203 -0.123007 -0.109404 -0.13276 -0.126193 -0.116362 -0.107703 -0.123014 -0.115418 -0.137002 -0.0964231 -0.122359 -0.134119 -0.0902792 -0.108123 -0.101057 -0.117661 -0.135374 -0.140268 -0.131551 -0.108459 -0.0987763 -0.136436 -0.12554 -0.121595 -0.142499 -0.11987 -0.101025 -0.142001 -0.148013 -0.15059 -0.0876545 -0.0942466 -0.142192 -0.083773 -0.11639 -0.153614 -0.145681 -0.132943 -0.135451
internal_weight=324.051 53.8009 29.1421 270.25 218.442 202.251 161.154 41.0979 65.2585 49.3175 95.8951 41.347 54.5481 35.6182 18.9299 25.1569 11.9558 34.6219 24.6587 27.8968 20.9226 11.2085 51.8083 38.109 24.9078 14.6956 11.2085 17.9336 16.1901 13.6993 16.1901 12.2048 30.6366 23.4134 17.4355 15.941 17.9336 20.1753 12.703 19.6772 10.4613 13.2011 11.4576 10.4613 10.4613
internal_count=1301 216 117 1085 877 812 647 165 262 198 385 166 219 143 76 101 48 139 99 112 84 45 208 153 100 59 45 72 65 55 65 49 123 94 70 64 72 81 51 79 42 53 46 42 42
is_linear=0
shrinkage=1


Tree=1
num_leaves=47
num_cat=0
split_feature=0 29 42 14 47 48 60 12 61 19 52 53 46 19 56 57 34 61 61 34 40 60 37 24 31 29 12 43 43 37 47 60 12 5 41 0 56 54 42 54 62 31 46 55 10 55
split_gain=11.615 10.3877 6.05587 7.10344 10.4115 6.2204 12.3287 6.15481 5.75107 5.69934 6.01875 5.34324 4.81482 4.78909 5.43095 6.3829 9.64114 5.68566 7.86566 5.64963 5.90352 5.59153 5.34743 6.69756 4.82044 4.62683 6.0445 5.42363 4.57794 4.77135 5.43227 3.8171 3.77781 3.73082 3.65491 2.72394 2.54202 2.51116 2.40631 2.15736 2.04847 1.20051 1.00001 0.946858 0.937891 0.769396
threshold=-1.0022406067427072 0.38231267584774786 -0.72500780178695667 1.7396917905672471 -0.92672631881982725 -0.52774964166582572 221.00000000000003 1.9981014305280211 514.00000000000011 0.81533514331022794 0.40603223384198273 -0.33611145028219497 -0.54053678634972813 -1.4253974607795294 1.9261840448933272 1.0000000180025095e-35 0.98187611818208709 552.00000000000011 698.50000000000011 0.65537050254374385 0.33067531523511701 598.00000000000011 -0.1666391106488414 1.0000000180025095e-35 1.1431142852727152 1.0000000180025095e-35 -0.10051015810286422 -1.0000000180025095e-35 -1.0997403550876441 -0.38806937484479548 -0.16251869894879065 430.00000000000006 -0.0072789341823499233 -0.065287554195342948 0.56381581693883687 0.12105515198606762 -1.0000000180025095e-35 0.41736058272499604 1.0000000180025095e-35 0.23170644886308125 1.0000000180025095e-35 -0.36821410244001085 -1.0000000180025095e-35 0.2075649305830484 0.79827226847112642 -0.6649556441972102
decision_type=2 2 2 2 2 2 2 2 2 2 2 2 2 2 2 2 2 2 2 2 2 2 2 2 2 2 2 2 2 2 2 2 2 2 2 2 2 2 2 2 2 2 2 2 2 2
left_child=1 12 3 4 40 6 -4 13 9 10 11 -6 -1 22 15 17 28 19 -19 20 33 24 -7 -24 34 27 -27 -8 -17 31 -31 -30 36 44 -21 -11 -29 -32 -35 -22 -2 -10 -13 -28 -15 -3
right_child=2 45 5 -5 8 7 25 -9 41 35 -12 42 -14 14 -16 16 -18 18 -20 21 39 -23 23 -25 -26 26 43 32 29 30 37 -33 -34 38 -36 -37 -38 -39 -40 -41 -42 -43 -44 -45 -46 -47
leaf_value=-0.019989416153524366 -0.0039631207137356666 0.037955049861796819 0.020163765297697263 0.031147354782954894 -0.00091723122770876462 0.033855858116752659 -0.042164742054854445 0.024549094292466687 0.032253082039994142 -0.028478659186682291 -0.014794165525430197 0.035425043028890511 0.012970782201821591 -0.036961007550241065 0.02192708940316767 -0.011154468208372275 -0.023321410094493556 0.023079380788160218 -0.019326747054761638 0 0.0095675846187533407 -0.024205386291233668 -0.018686228308500957 0.021952993495826228 -0.0086769286781526057 0.020350680664573937 -0.004146449013087211 -0.028184074329507511 0.015760237428266943 -0.00013458795282462831 0.015636965909549754 -0.015181662103438942 0.0043095397170750636 0.0023291356285843109 0.034167105893406644 0 -0.0059002622731719008 0.045916968103343482 -0.02189273590499393 -0.013217735073318852 -0.029221835264758373 0.0084397697841675674 0.010803186079558992 -0.023700611283439907 -0.014981591810381407 0.014369363616086194
leaf_weight=5.9710246026515961 5.9719795584678632 10.976746007800104 7.7231251299381247 7.2292408049106589 8.7214696407318097 4.9859594255685833 9.2069830298423714 6.478733003139495 7.4751485735177994 4.978313282132147 5.7255221903324118 7.4773066937923396 6.9729889333248156 17.17128317058086 5.2309455424547187 6.4721189737319937 8.4666029661893827 8.4767276942729932 4.980046182870864 5.2331792712211662 6.4772649556398374 5.9744111597537986 6.4727501571178419 5.2310371249914169 9.2102733701467496 4.981906831264495 5.9748700559139234 13.441234514117241 4.9811204373836464 6.4767759144306174 8.7187924534082466 6.4768665432929993 6.2230015248060289 6.4726938009262138 4.9823399037122726 5.2313253134489059 9.2103946954011917 5.9817112833261481 5.4765353947877884 5.4753167182207108 7.4609808474779129 5.2327386140823346 4.9848963767290204 4.9761035740375519 6.4734670519828788 5.4858172982931128
leaf_count=24 24 44 31 29 35 20 37 26 30 20 23 30 28 69 21 26 34 34 20 21 26 24 26 21 37 20 24 54 20 26 35 26 25 26 20 21 37 24 22 22 30 21 20 20 26 22
internal_value=0 0.0174881 -0.00183886 0.00571443 0.0020612 -0.00426332 -0.0122565 -0.00110324 0.00851314 0.00203664 0.00935641 0.016695 -0.00231515 -0.0024312 -0.00431417 -0.00561444 0.00305532 -0.010427 0.00662031 -0.0137224 -0.0196875 -0.00185799 0.0120053 0 0.00597065 -0.0174197 -0.0030156 -0.0229519 0.00956407 0.0141583 0.0221479 -0.00100001 -0.0148485 -0.0256034 0.0191091 -0.0154706 -0.0203009 0.031439 -0.00952961 -0.00073404 -0.0199203 0.024796 0.0282247 -0.0152985 -0.0324348 0.0322859
internal_weight=324.01 29.4066 294.603 70.4889 63.2597 224.115 61.7376 162.377 49.8267 37.1188 26.9092 21.1837 12.944 155.898 139.208 133.978 47.574 86.4035 13.4568 72.9468 47.5466 25.4002 16.6897 11.7038 19.4258 54.0145 15.9329 38.0816 39.1074 32.6353 21.1773 11.458 28.8746 35.594 10.2155 10.2096 22.6516 14.7005 11.9492 11.9526 13.433 12.7079 12.4622 10.951 23.6448 16.4626
internal_count=1301 118 1183 283 254 900 248 652 200 149 108 85 52 626 559 538 191 347 54 293 191 102 67 47 78 217 64 153 157 131 85 46 116 143 41 41 91 59 48 48 54 51 50 44 95 66
is_linear=0
shrinkage=0.03


Tree=2
num_leaves=49
num_cat=0
split_feature=16 29 47 48 60 19 61 20 61 13 37 55 26 61 12 16 5 60 38 38 47 55 43 16 30 47 59 26 26 34 16 42 37 38 24 62 20 38 44 27 35 38 59 32 47 25 30 43
split_gain=14.8956 13.5864 8.19734 7.80208 9.72592 8.31633 6.33007 11.1183 9.09136 7.8518 6.06742 6.60491 5.58364 4.82172 4.71695 5.43855 4.53087 5.48672 4.51729 4.43271 4.8019 4.31966 3.74389 3.65734 3.45213 3.25155 3.09808 4.19346 4.04979 3.04616 2.97336 2.62603 4.66742 3.38033 2.32158 2.27802 2.22251 2.60673 2.17169 2.16171 2.11475 2.09933 1.92678 1.79948 1.59999 1.51209 1.45903 1.293
threshold=-0.47801565955336117 0.38231267584774786 0.2822340363183477 -0.90331468590503194 357.50000000000006 1.5229349130227832 478.50000000000006 -0.535186481065413 727.50000000000011 1.0000000180025095e-35 -0.38806937484479548 0.64883458073388411 1.0000000180025095e-35 320.00000000000006 -0.4655238954602921 0.64010212235358477 -0.16876351899820649 183.50000000000003 -1.0000000180025095e-35 -0.34989047564475545 0.14240491200757152 -0.78189537308740276 -1.0000000180025095e-35 0.21881158519201574 0.26373978707126716 0.13436102614807918 -0.90611567511499869 -0.43468112535816461 -0.82042376788487992 0.48045677988034574 -0.9021659683812645 1.0000000180025095e-35 -1.0859102074623486 0.30279433311453324 0.41684716571216957 1.0000000180025095e-35 0.51204436964502487 -0.18671927345493336 0.58521104643131217 1.0000000180025095e-35 -1.3499364787398398 0.46596553530435536 -1.0000000180025095e-35 -0.74957694586893819 0.49058932705025116 1.0000000180025095e-35 -0.66821614207451541 0.24287503638413829
decision_type=2 2 2 2 2 2 2 2 2 2 2 2 2 2 2 2 2 2 2 2 2 2 2 2 2 2 2 2 2 2 2 2 2 2 2 2 2 2 2 2 2 2 2 2 2 2 2 2
left_child=1 2 30 4 -2 6 7 9 18 14 31 16 38 -3 -5 19 17 -12 46 40 22 -18 -21 -14 -24 -7 -19 28 -28 -11 -1 33 -33 -9 -15 -29 37 -4 39 -6 -16 -34 -20 -40 -37 -10 -8 -44
right_child=3 13 36 5 12 25 8 10 45 29 11 -13 23 34 15 -17 21 26 42 20 -22 -23 24 -25 -26 -27 27 35 -30 -31 -32 32 41 -35 -36 44 -38 -39 43 -41 -42 -43 47 -45 -46 -47 -48 -49
leaf_value=0.033586950111633221 0.014853645676607491 0.0015298557757803834 -0.030977347934678681 -0.026869610574898797 -0.011254119185295302 -0.0048651561523342006 0.014029845893439995 0.0054377905882548021 -0.02048063441582345 -0.036360376849755717 -0.023028643692082077 -0.027146228370863071 -0.017040097650337524 0.044108350130156085 -0.00094523817677937406 0.024858028450825281 0.031040431837212359 -0.014652423380237624 0.019839062607815993 -0.022200921987946962 0.019547290702043939 0.0010976430478252276 0.01895786133468845 0.011243561482546641 -0.010512049668440186 -0.032709736315177478 0.0078481148302447547 0.028266399210653249 -0.023797923531766293 -0.005133114120620905 0.0017732440815283813 -0.013216561615466613 0.029298114529469579 0.037753908173521554 0.015605889331337892 0.014825139060532134 0.0023536383414789236 -0.0032912424011725997 0 -0.041033374523287793 -0.026849175716939417 0.0020920634530358431 0.0079781137742267194 -0.021906489263173876 -0.0042239824183315745 0 0.039801925513525946 -0.010424093102372424
leaf_weight=4.9877045601606369 7.9730749875307074 4.9854047894477871 5.7177866995334652 5.7177930623292914 5.2205039411783281 8.4578896909952181 6.7378602325916299 5.9849536269903201 5.2255737632513029 10.930553957819937 7.4695789515972129 5.7223860323429099 6.2151399552822095 12.741070643067362 4.980877473950386 4.9825273007154456 7.230038836598399 5.7222779989242545 4.9871937036514273 6.4657121747732154 8.2151667773723585 9.7152182757854444 5.4805537164211362 7.216412752866745 5.7227977514266968 7.697098270058631 6.7213622629642487 6.4785302281379744 4.9769639670848829 4.9746458381414405 5.4809039682149905 5.4740845859050742 4.9841912835836393 7.231535479426384 6.985790789127349 6.7266476899385452 5.9729470759630194 6.9715363830327979 5.9702209383249274 10.923954859375952 7.7115337997674889 5.4768271446228027 5.7321943789720535 8.2031696140766126 5.9746488481760025 5.2264474481344223 8.2373045235872251 4.984474390745163
leaf_count=20 32 20 23 23 21 34 27 24 21 44 30 23 25 51 20 20 29 23 20 26 33 39 22 29 23 31 27 26 20 20 22 22 20 29 28 27 24 28 24 44 31 22 23 33 24 21 33 20
internal_value=0 0.0141824 0 -0.00289379 -0.0131966 -0.000352673 0.00133402 -0.00134152 0.0116309 -0.0107973 0.00509192 0 -0.0187641 0.0298524 -0.00438733 -0.000506805 0.00315459 -0.00188906 0.0197005 -0.00474039 0.00231772 0.0156839 -0.00628284 -0.00183927 0.00396824 -0.0201236 0.0030045 0.00698918 -0.00633536 -0.0282223 0.0197417 0.016141 0.0064466 0.0255734 0.0361136 0.0152764 -0.0115999 -0.0181453 -0.0256335 -0.0335193 -0.0182808 0.0176047 0.00690568 -0.01392 0.0059423 -0.0110532 0.0309034 -0.000318867
internal_weight=323.923 53.8431 29.1309 270.08 51.7225 218.357 202.202 161.071 41.131 65.1822 95.8892 66.7377 43.7494 24.7123 49.277 43.5592 61.0153 44.07 30.679 38.5766 25.8842 16.9453 17.6691 13.4316 11.2034 16.155 36.6004 30.8782 11.6983 15.9052 10.4686 29.1516 15.9351 13.2165 19.7269 19.1798 18.6623 12.6893 30.3178 16.1445 12.6924 10.461 15.7039 14.1734 12.7013 10.452 14.9752 10.7167
internal_count=1301 216 117 1085 208 877 812 647 165 262 385 268 176 99 198 175 245 177 123 155 104 68 71 54 45 65 147 124 47 64 42 117 64 53 79 77 75 51 122 65 51 42 63 57 51 42 60 43
is_linear=0
shrinkage=0.03


Tree=3
num_leaves=47
num_cat=0
split_feature=16 29 47 48 46 61 18 38 38 18 2 16 55 2 61 38 37 49 54 55 35 35 56 32 32 38 33 33 41 16 6 56 47 43 10 37 40 45 55 24 38 46 55 58 55 55
split_gain=14.1422 12.8678 7.82386 7.42317 5.26415 4.9836 8.25055 11.2268 5.78417 4.94324 6.13446 8.55956 8.33537 5.50547 4.55464 3.84006 4.75985 5.70852 7.56317 4.99185 7.72724 8.79048 4.66297 6.19626 4.06115 3.83776 3.64184 3.07892 2.94087 2.82724 2.74815 5.64993 2.92099 2.53472 2.74511 2.51787 2.39895 2.37331 2.19983 2.17296 1.71473 1.51182 0.970035 0.793031 0.460216 0.748858
threshold=-0.47801565955336117 0.38231267584774786 0.2822340363183477 -0.90331468590503194 -0.88741713895463759 455.50000000000006 -0.066561811142432134 -0.10513367236002231 0.79230793968399982 0.68906995600188226 -0.350526026239736 0.44001066249709014 -0.28755351528294676 -0.61054603570726074 320.00000000000006 -1.6552600931633323 -0.38806937484479548 -0.64037372444298979 0.47884404134917719 0.50179527374717836 -0.85695683773416886 -0.19965064972660754 1.0000000180025095e-35 0.76384865223072651 0.22784375290376183 0.13962313092471088 -0.84476681096789796 0.57453633371377011 1.0000000180025095e-35 -0.9021659683812645 1.2616884042615797 -1.0000000180025095e-35 -1.1980387084220951 0.24287503638413829 0.28908692075273962 -1.0859102074623486 -1.0000000180025095e-35 -0.01404633016183433 -1.1864881362062389 0.41684716571216957 0.46596553530435536 -0.06707621822227687 0.71939583292229992 -1.0000000180025095e-35 1.0000000180025095e-35 0.76807570413805493
decision_type=2 2 2 2 2 2 2 2 2 2 2 2 2 2 2 2 2 2 2 2 2 2 2 2 2 2 2 2 2 2 2 2 2 2 2 2 2 2 2 2 2 2 2 2 2 2
left_child=1 2 29 26 -4 9 -7 37 33 10 11 12 -5 -14 -3 -12 22 18 -18 20 27 28 23 41 35 43 -2 38 -22 -1 31 44 -32 34 -9 -24 -6 -8 -19 -16 -11 -17 -33 -23 -28 -46
right_child=3 14 4 5 36 6 7 8 -10 40 15 -13 13 -15 39 16 17 19 -20 -21 21 25 24 -25 -26 -27 30 -29 -30 -31 32 42 -34 -35 -36 -37 -38 -39 -40 -41 -42 -43 -44 -45 45 -47
leaf_value=0.03277964767694988 0.0063718032181895295 0.0014944808506283005 -0.033040736529588902 -0.024877294594366026 0.0088347248814514539 -0.02389664849184121 0.012946229486371566 0.012667480891254518 0.017868989854759893 -0.0052684716758350384 0.01578492677508744 0.030766201631771514 -0.0059454595532571113 0.023893622298668017 0.042900293291626666 0.0086959993720044787 -0.041609380313302441 -0.0074085133535301906 0.00022164700650510047 -0.026364568725280799 0.035678116284168032 -0.023905862106760562 -0.03225300364016373 -0.010234712117815443 0.0077366282665603204 0.010659458047927672 -0.012598495173691347 0.00021913449199676229 0.0080086059338765492 0.0017313424853815666 0.0069903477724890563 0.0070083171387173146 -0.018907212698237207 -0.023365680816098886 -0.014655760667788684 -0.0035494548914785898 -0.014604518789331172 0.038449719554645205 -0.034533610950367659 0.015212530911662575 -0.032554486975507432 0.03083176016154238 -0.0093236143285566585 -0.0056368218738423494 -0.041391492233147351 -0.018993981892921171
leaf_weight=4.9940637052059174 6.4671760946512213 4.9858066439628628 5.2096514999866512 7.2058304697275188 8.4597512930631655 4.9758212566375724 8.9803526848554629 5.2335036545991951 7.9756819158792487 4.9759572744369489 6.2237994819879523 9.9703393876552564 9.2090358585119265 10.218837350606917 12.748944878578188 7.9660064727067956 8.9492195844650251 6.4686980545520791 5.7220127731561652 7.6989237368106833 6.4789308458566586 5.9678750336170134 4.961082100868226 6.9655427932739249 7.2148423790931693 5.4761160165071479 5.4621547162532798 6.2228304445743552 9.4601912796497327 5.4814405292272586 8.2194963693618757 4.9723440855741519 4.9717324674129477 6.7177658677101126 4.9771352857351303 6.4650450348854074 4.9779485464096025 10.230014324188231 6.9567202776670394 6.9901500195264807 4.9674577414989471 7.2304496616125116 4.9661430418491364 6.2186680138111337 7.4250229001045254 9.1815357506275159
leaf_count=20 26 20 21 29 34 20 36 21 32 20 25 40 37 41 51 32 36 26 23 31 26 24 20 28 29 22 22 25 38 22 33 20 20 27 20 26 20 41 28 28 20 29 20 25 30 37
internal_value=0 0.0138178 0 -0.00282104 -0.0113319 -0.000342025 0.0078992 0.012285 -0.000996953 -0.0028167 -0.00139428 0.00909763 -8.60802e-06 0.0100505 0.0290614 -0.00464601 -0.00597599 -0.0103776 -0.0264163 -0.00587896 -0.00216637 0.00640355 0.00211833 0.011193 -0.00840264 -0.0077063 -0.0128767 -0.0165208 0.0217012 0.0192861 -0.0158756 -0.0205014 -0.00329583 -0.010942 -0.000310044 -0.0187729 -4.12151e-05 0.0286184 -0.0239241 0.0351447 -0.0219046 0.0214112 -0.000780486 -0.0166612 -0.0285131 -0.031939
internal_weight=323.798 53.8478 29.1229 269.95 18.6474 218.285 49.0903 44.1145 24.9041 169.194 159.251 36.604 26.6337 19.4279 24.7249 122.647 116.423 75.6202 14.6712 60.949 53.25 33.6018 40.803 22.162 18.641 17.6627 51.6656 19.6482 15.9391 10.4755 45.1984 32.0072 13.1912 16.9284 10.2106 11.4261 13.4377 19.2104 13.4254 19.7391 9.94342 15.1965 9.93849 12.1865 22.0687 16.6066
internal_count=1301 216 117 1085 75 877 197 177 100 680 640 147 107 78 99 493 468 304 59 245 214 135 164 89 75 71 208 79 64 42 182 129 53 68 41 46 54 77 54 79 40 61 40 49 89 67
is_linear=0
shrinkage=0.03


Tree=4
num_leaves=45
num_cat=0
split_feature=16 29 39 48 60 19 61 61 57 42 37 16 52 33 59 45 23 61 16 32 33 16 57 31 58 40 52 16 23 32 40 37 55 54 54 19 24 23 47 46 61 45 55 41
split_gain=13.4423 12.206 10.7933 7.06043 9.15502 7.80194 5.71457 8.48114 5.6526 10.2676 6.59039 7.61754 6.7004 5.04061 4.54297 4.46676 4.44003 4.30754 4.21252 4.10587 4.05275 3.37116 3.36146 3.35728 3.23783 3.41779 3.21125 3.16601 3.14839 4.41863 4.05152 3.0819 3.03337 2.8391 3.23419 2.68166 2.04009 1.97104 2.74431 1.85165 1.12039 0.964803 0.8659 0.331834
threshold=-0.47801565955336117 0.38231267584774786 0.28366823997278828 -0.90331468590503194 357.50000000000006 1.5229349130227832 478.50000000000006 727.50000000000011 1.0000000180025095e-35 0.77965445165245406 -0.38806937484479548 0.065639656166811985 1.0000000180025095e-35 -0.84476681096789796 -0.90611567511499869 0.66953962525352273 1.2848560943988581 320.00000000000006 0.89894755148097982 -0.24510174650238337 1.0937935817680391 -0.24218840762574378 -0.56422382789011649 1.3590183406602476 1.0000000180025095e-35 0.52935046753001136 0.40603223384198273 1.0516592693504985 -1.325868144071207 1.0000000180025095e-35 -0.074793925866722386 -0.83092990323670424 0.083133781246809008 0.32285652803082138 0.83194497435297865 -0.95366428097115963 0.41684716571216957 -1.0000000180025095e-35 -1.8222084594366896 -0.15459604612445724 572.00000000000011 -0.061168050715277873 -1.2946536074229271 1.0000000180025095e-35
decision_type=2 2 2 2 2 2 2 2 2 2 2 2 2 2 2 2 2 2 2 2 2 2 2 2 2 2 2 2 2 2 2 2 2 2 2 2 2 2 2 2 2 2 2 2
left_child=1 2 22 4 -2 6 8 33 10 14 12 21 19 -6 -10 20 28 -3 37 -5 26 -12 -1 39 25 -14 -16 -7 -13 32 35 -26 42 40 -35 -31 -19 38 -15 -4 -8 -9 -30 -44
right_child=3 17 23 5 13 27 7 41 9 -11 11 16 24 18 15 -17 -18 36 -20 -21 -22 -23 -24 -25 31 -27 -28 -29 29 30 -32 -33 -34 34 -36 -37 -38 -39 -40 -41 -42 -43 43 -45
leaf_value=0.036860484403314756 0.014600207163280591 0.0014599278967517171 -0.032292519409701841 -0.00063912522430297077 0.0066404259110325325 -0.030862796848311065 0.0096982176884501288 -0.018726848860405893 -0.0088739984837837814 -0.018475120794452744 -0.0046149502614085489 0.0022571731351400948 0.020241583903796406 -0.0085015383489502796 0.034453892578381905 -0.0048656517595185023 0.0083904684751888847 0.041761272777086453 0.00082971676497533306 0.029860789116747874 0 0.024841636547434702 0.0037176743843929144 0.0023045392690811896 -0.027941002732282318 -0.0096907046398791667 0.0059199090421258845 -0.0034370064521020102 -0.014475550916943913 0.015506780197524193 -0.021723298857964923 0 -0.0080599908094943478 -0.0063326378227662999 0.019051877402175132 -0.0093825627612046849 0.01483069200047476 -0.0086538110408310148 -0.035542745666844344 -0.0052052570213301039 0.033388599638765649 -0.00031692698309739877 -0.021481318028108459 -0.045635851456639002
leaf_weight=4.9960915446281433 7.9769050031900397 4.9861935824155834 6.4367271810770061 5.4703858792781839 5.4730981737375251 8.4225714057683962 4.9918938130140331 4.9693845063447952 5.4697416275739661 9.6951563805341703 5.4700552523136139 5.9721231609582892 5.7299993634223956 6.1942777335643759 16.699501425027854 5.4746770560741416 5.7241935878992072 12.744713813066484 5.7122234702110282 9.72184161841869 5.7356364428997031 5.7251901775598508 6.2290097475051898 6.4723715186119071 5.9655011743307096 4.9712370187044144 5.9745552092790595 7.695647105574607 5.7177757918834695 6.2260819375514984 8.9522968381643278 6.9581963866949081 7.9447734951972953 6.7331717610359183 8.4852522611618024 6.2121751606464404 6.9935834854841223 7.4460987746715572 18.805993035435677 4.976227566599845 10.489071652293203 5.4738594740629178 7.2054358571767843 7.930738553404808
leaf_count=20 32 20 26 22 22 34 20 20 22 39 22 24 23 25 67 22 23 51 23 39 23 23 25 26 24 20 24 31 23 25 36 28 32 27 34 25 28 30 76 20 42 22 29 32
internal_value=0 0.013461 0 -0.00276319 -0.0125763 -0.000344964 0.00128716 0.0110687 -0.00125545 0.00705224 -0.00499506 -0.0102547 0.00477147 -0.0179978 0.0139354 0.018007 -0.01439 0.0283061 -0.0218005 0.0194485 0.0226383 0.0111317 0.0215466 -0.0140124 -0.00502552 0.00636294 0.0280173 -0.0195164 -0.0169738 -0.0193774 -0.00784654 -0.0145526 -0.0269315 0.0188624 0.00790147 0.00297359 0.0342232 -0.025822 -0.0299297 -0.0229233 0.0276344 -0.0108313 -0.0328293 -0.0374716
internal_weight=323.652 53.8349 29.1104 269.817 51.6086 218.208 202.09 41.1426 160.947 49.0493 111.898 73.0808 38.8172 43.6317 39.3541 33.8844 61.8856 24.7245 38.1586 15.1922 28.4097 11.1952 11.2251 17.8853 23.6249 10.7012 22.6741 16.1182 56.1614 50.1893 21.3906 12.9237 28.7987 30.6994 15.2184 12.4383 19.7383 32.4464 25.0003 11.413 15.481 10.4432 20.854 15.1362
internal_count=1301 216 117 1085 208 877 812 165 647 197 450 294 156 176 158 136 249 99 154 61 114 45 45 72 95 43 91 65 226 202 86 52 116 123 61 50 79 131 101 46 62 42 84 61
is_linear=0
shrinkage=0.03


Tree=5
num_leaves=47
num_cat=0
split_feature=16 48 19 12 16 44 20 32 20 35 54 19 32 44 45 54 27 37 0 47 40 29 45 56 34 44 19 29 12 55 37 56 0 37 58 45 54 28 34 47 32 62 58 44 47 39
split_gain=12.8824 6.25449 6.0597 6.13909 5.43241 5.83049 4.98589 7.49712 9.0396 8.98709 7.21206 7.07384 7.1701 6.53344 6.02051 5.93909 4.9774 4.80861 4.47315 4.31882 4.87538 4.06745 3.89678 3.88676 3.63879 3.62878 3.50103 3.41263 3.26011 3.15766 2.90936 2.90644 2.79729 2.50389 2.38534 1.96135 1.9187 1.90076 1.80437 1.50076 1.53708 1.2534 1.21628 1.17052 0.937137 0.752661
threshold=-1.5916355642910898 -0.90331468590503194 1.5229349130227832 -1.7997935020974836 0.70244874995918283 0.58521104643131217 -0.535186481065413 0.22784375290376183 -1.0588019064206318 -0.19965064972660754 -1.1700329605177135 -1.0715975759232521 0.51161105254744887 -0.65216839677872673 0.088771763662772576 0.69178023762350915 -1.0000000180025095e-35 -0.38806937484479548 1.2687507381369487 0.17403584046836204 -0.42677370288916744 -0.33091735287126595 0.43654293728833155 -0.79917260807700286 0.24723848299581477 -0.49749596637747195 -0.24606451125860465 0.38231267584774786 -0.085013796809745898 0.88139211287307961 0.37687153783213739 1.0000000180025095e-35 -0.21331285342796852 0.37687153783213739 1.0000000180025095e-35 -0.32450173517593139 0.19540546883314064 1.0000000180025095e-35 -0.24251994046170008 -1.8222084594366896 -0.24510174650238337 1.0000000180025095e-35 1.0000000180025095e-35 0.33773515778930435 -0.40632838292412504 0.056730479054707482
decision_type=2 2 2 2 2 2 2 2 2 2 2 2 2 2 2 2 2 2 2 2 2 2 2 2 2 2 2 2 2 2 2 2 2 2 2 2 2 2 2 2 2 2 2 2 2 2
left_child=22 18 3 -3 6 33 7 9 16 10 -5 13 23 36 34 -12 -9 -15 24 32 -21 42 -1 38 31 30 -10 -24 -4 44 -25 39 -14 -6 -11 -32 -8 -16 -13 -2 -41 -18 -20 -30 -27 -19
right_child=1 2 28 4 5 -7 11 8 26 14 15 12 19 17 37 -17 41 45 21 20 -22 -23 27 25 -26 29 -28 -29 43 -31 35 -33 -34 -35 -36 -37 -38 -39 -40 40 -42 -43 -44 -45 -46 -47
leaf_value=0.041775474161471461 -0.0075351437462370142 -0.020889233183624466 0 0.0063753793175337307 0.036717492183459516 -0.0072088184057658095 -0.0019205190659671112 0.034715366653707294 0.0020544662213509675 0.0022894876527464118 -0.039591745330673861 0.0094889109465954389 0.0017730284931466056 0.00018203898355599805 0.028299050200592767 -0.00076894995390478285 0.013039364029384609 -0.037981205307592254 0.0017793387541060561 -0.0076634978349879434 0.021974943334368256 0.020039093451407163 -0.0026556994236524635 -0.007863579601142515 0.0032041119473236318 0.010481626141514749 -0.025343584951988442 0.025602218718299888 -0.033864508410607577 0.0039300977491467139 0 -0.0045180247859559321 -0.024497691605106547 0.0074842328219755202 -0.021570058644448806 0.023504627680088274 0.020068157335720083 0.0027228928776164632 -0.012214610883318386 -0.036175367093611036 -0.010351810083017398 -0.0049191138804136189 -0.015979564779335442 -0.0086425981957728056 0.032217874112625354 -0.013260772340256325
leaf_weight=5.7427767068147686 5.4452217221260062 8.6996538341045362 6.9464290440082577 4.9767114967107799 8.2297654300928134 5.2180211693048468 5.7133675068616885 8.4722713679075241 7.9658266454935074 5.4690709412097949 15.371966585516931 5.4841274470090866 4.9774642586708069 7.7210638970136687 4.9836392253637296 4.9703773111104956 5.2222675085067749 5.4512014091014827 4.9780866503715533 8.7191594541072863 8.2215088456869108 5.7305973917245856 6.9556067883968336 6.4676518440246609 6.4510338753461829 4.9827143847942343 6.2167338877916318 5.7417581975460052 5.683063328266142 6.7205690592527381 5.2308838814497003 9.6744262576103193 7.9572200030088442 5.7262363880872718 7.20323146879673 7.2284304797649357 5.7326968461275101 5.9602895379066467 5.2228646725416166 11.835071578621866 5.1960178613662746 5.4761742800474167 5.9680882096290588 4.9535541832447052 20.696011766791347 5.4698619693517685
leaf_count=23 22 35 28 20 33 21 23 34 32 22 62 22 20 31 20 20 21 22 20 35 33 23 28 26 26 20 25 23 23 27 21 39 32 23 29 29 23 24 21 48 21 22 24 20 83 22
internal_value=-8.35436e-07 -0.00153918 0.000478362 0.00182611 0.00287052 0.0175537 0.0013453 -0.00427562 0.0064099 -0.0116516 -0.0235532 0.00519116 0.00931991 -0.00707444 0.00151379 -0.0310849 0.0193282 -0.0176129 -0.0105317 -0.00251408 0.0070125 0.00204022 0.0233459 0.0150384 -0.0159858 0.0183864 -0.0108479 0.0110548 -0.0157471 0.0244066 0.00675188 -0.0199858 -0.0148389 0.0270015 -0.011697 0.0147983 0.00967811 0.0168592 -0.000806539 -0.0256941 -0.0300963 0.00388062 -0.00818003 -0.0251327 0.0290322 -0.0291795
internal_weight=323.461 305.021 249.742 232.159 223.459 19.174 204.285 82.2886 33.3533 48.9353 25.3191 121.997 91.9086 30.0882 23.6162 20.3423 19.1707 18.6421 55.2785 29.8754 16.9407 16.6768 18.4401 62.0333 38.6018 51.3263 14.1826 12.6974 17.583 32.3993 18.927 32.1507 12.9347 13.956 12.6723 12.4593 11.4461 10.9439 10.707 22.4763 17.0311 10.6984 10.9462 10.6366 25.6787 10.9211
internal_count=1301 1227 1004 933 898 77 821 331 134 197 102 490 369 121 95 82 77 75 223 120 68 67 74 249 156 206 57 51 71 130 76 130 52 56 51 50 46 44 43 91 69 43 44 43 103 44
is_linear=0
shrinkage=0.03


Tree=6
num_leaves=47
num_cat=0
split_feature=18 42 48 14 56 23 23 19 18 18 55 31 32 60 60 25 28 29 54 45 42 42 19 55 40 55 55 45 55 38 40 34 12 54 41 45 19 46 26 13 55 4 34 49 38 13
split_gain=10.458 7.04306 6.22018 7.23346 5.45304 4.65881 5.71233 5.15266 4.92992 10.6905 6.31526 7.76004 5.98331 5.22775 4.78223 4.5459 4.34914 4.21838 3.71104 6.1416 3.59351 5.41419 5.80691 5.30629 4.79098 4.52032 3.82043 5.73653 4.51315 3.13151 3.11138 2.74475 2.5091 4.80961 3.89608 2.85799 2.61147 2.20622 2.15081 2.09812 2.06323 1.71922 1.71145 0.840697 0.707187 0.645137
threshold=-1.6995386537779575 -0.72500780178695667 -0.94865513163510506 1.3259346314634528 1.9261840448933272 1.0000000180025095e-35 0.95851556459009968 -0.48193110116278959 0.57357753382556831 0.41633568318941672 -0.4359146929748105 1.0000000180025095e-35 -0.24510174650238337 333.00000000000006 466.50000000000006 -1.4887629491007599 -1.1772092017404867 0.38231267584774786 1.1132952923677084 0.56201885479538227 -0.4742307595470549 0.21540610661267498 -1.1895308708753445 0.55514359651334788 -0.15359536848368768 -0.16563512914117748 -0.28755351528294676 0.24647271750939162 0.54859998610822414 0.54755113639926634 1.0000000180025095e-35 -0.21531113915850472 1.5943502716135083 -0.23082839954097792 -1.7489671668561895 0.45132966833374788 1.0000000180025095e-35 0.22493670779177685 0.46538504053750512 2.1550591308657303 -0.92336763284918344 -0.37822739458213489 -0.68693036174722266 -0.2194434652537364 1.0000000180025095e-35 -0.13085662766633419
decision_type=2 2 2 2 2 2 2 2 2 2 2 2 2 2 2 2 2 2 2 2 2 2 2 2 2 2 2 2 2 2 2 2 2 2 2 2 2 2 2 2 2 2 2 2 2 2
left_child=17 2 3 43 5 20 8 30 9 10 11 -7 -10 -12 29 -9 -4 -1 -17 -20 42 22 24 25 -22 31 40 28 -28 -15 -8 -24 33 34 -18 -35 -36 -25 -13 -19 -23 -14 -3 -2 -38 -27
right_child=1 4 16 -5 -6 6 7 15 12 -11 13 38 41 14 -16 18 32 39 19 -21 21 26 23 37 -26 45 27 -29 -30 -31 -32 -33 -34 35 36 -37 44 -39 -40 -41 -42 -43 -44 -45 -46 -47
leaf_value=0.0041571652107402031 -0.0094596769721804249 -0.031343639337143944 -0.0070911908101856736 0.015021167812123901 0.020305326000287571 -0.010610045504400759 0.016389655173216139 0.0041387839940849585 0.01295942322476221 0.034506099706258675 0.012740651239386976 0.0087971989753619362 -0.0066716996374839152 -0.030084927082847865 0.0077632637162732563 -0.035113825975396591 -0.00073306994342948659 0.044618767239765607 0.01175233451019787 -0.02485922003663819 0.0026163778227603382 -0.0099426516816644231 0.011111506509794622 -0.023147273265529459 -0.033754045361845689 0.033200275424560721 0 0.012564508993812319 -0.030798831846654291 -0.0051151078156451008 -0.0074171154481609452 -0.012652906516497742 0.031254992990567339 0.0073158420700521441 0.0090057474709076997 -0.01888796272754201 0.04109894698804991 0.00084913964797692022 0.035744993219997974 0.011457466503336827 -0.041794394550931944 -0.033212066837295322 -0.0066778999141744446 -0.030829665799557447 0.01482699434488499 0.010691567145962982
leaf_weight=9.6851571649312991 6.4289760142564782 8.4208036959171277 8.1994165927171689 6.2267345786094657 6.4762405902147284 6.4455066025257137 7.7218612432479885 6.7099268734455135 5.2236925810575512 9.4634746760129911 8.7078409045934659 6.4778487384319288 5.7174857407808313 10.173316895961767 6.7139181345701209 10.174610018730165 6.9705391973257056 5.2404847592115384 5.7266837358474723 8.1885436177253705 4.9597247391939163 4.9700722843408585 8.9476138353347725 4.9588550031185132 5.9052321761846525 5.9866626262664795 7.4435027241706875 6.9675005972385398 8.4169058054685575 9.6879028975963575 8.9491286277770978 5.96569700539112 6.7328989058732978 7.2138298153877276 9.2143378406763095 4.9642611443996429 6.4901157319545728 6.2100749313831329 7.9855423122644424 4.9878612011671066 5.4355225265026075 5.201817408204076 5.7112125009298316 4.9234647452831277 4.9867164045572281 4.9796422272920662
leaf_count=39 26 34 33 25 26 26 31 27 21 38 35 26 23 41 27 41 28 21 23 33 20 20 36 20 24 24 30 28 34 39 36 24 27 29 37 20 26 25 32 20 22 21 23 20 20 20
internal_value=0 -0.00144075 0.00660871 -0.00822752 -0.00401382 -0.00487184 -0.00107967 -0.00923489 0.00366216 0.00736577 0.00191265 0.0145005 -0.0104063 -0.00567102 -0.012276 -0.0162812 0.0115694 0.0202482 -0.0221127 -0.0097254 -0.00985837 -0.00705378 -0.000375417 0.00525324 -0.0183628 0.0126175 -0.0160774 -0.00790152 -0.0175467 -0.0194005 0.00372246 0.00095203 0.0150983 0.0111877 0.0178606 -0.00382712 0.024021 -0.0108105 0.0260122 0.0324928 -0.0302543 -0.0222826 -0.0233565 -0.021711 0.0331794 0.025977
internal_weight=323.289 303.376 72.3513 17.5792 231.024 224.548 129.269 47.4708 81.7983 65.6554 56.1919 20.9089 16.143 35.283 26.5751 30.7998 54.7721 19.9135 24.0898 13.9152 95.279 81.147 47.9135 37.0485 10.865 25.8796 33.2335 22.8279 15.8604 19.8612 16.671 14.9133 46.5727 39.8398 27.6617 12.1781 20.6912 11.1689 14.4634 10.2283 10.4056 10.9193 14.132 11.3524 11.4768 10.9663
internal_count=1301 1221 291 71 930 904 520 191 329 264 226 84 65 142 107 124 220 80 97 56 384 327 193 149 44 104 134 92 64 80 67 60 187 160 111 49 83 45 58 41 42 44 57 46 46 44
is_linear=0
shrinkage=0.03


Tree=7
num_leaves=47
num_cat=0
split_feature=16 48 60 20 61 41 55 55 31 16 45 60 38 31 47 58 5 45 19 23 52 18 30 32 60 32 33 57 0 25 41 26 35 58 45 47 38 9 43 55 39 19 20 34 56 53
split_gain=11.9474 5.58986 8.56746 6.15918 8.98521 6.67729 6.77622 6.65314 6.46679 5.71896 6.21939 6.63285 5.90065 7.48093 5.97223 4.97889 4.89114 4.6418 4.40271 7.36761 6.41491 6.29211 4.81202 5.69947 5.57951 4.25127 4.04674 4.25 4.35449 3.81891 3.68253 3.39686 6.45537 3.37154 2.67368 2.59932 2.42529 2.32131 2.10147 3.43175 1.84952 1.84668 1.72935 1.40913 0.65611 0.414464
threshold=-1.5147970333911924 -0.90331468590503194 357.50000000000006 -0.535186481065413 478.50000000000006 -0.44636525644289909 -0.93766827094986815 -0.92336763284918344 -0.80002221321507538 0.22510589514995286 0.19439360692932808 430.00000000000006 -0.34989047564475545 1.1431142852727152 0.36360490252366268 1.0000000180025095e-35 -0.16876351899820649 0.43654293728833155 -1.0715975759232521 0.2242493725203937 -0.84499899464450479 0.6606726926565335 0.63652215872958007 0.51161105254744887 466.50000000000006 0.22784375290376183 -0.84476681096789796 -0.56422382789011649 0.19335093694045388 -0.36788297411228221 -1.031206930506009 -1.0000000180025095e-35 1.0000000180025095e-35 1.0000000180025095e-35 0.19439360692932808 -1.5226426134513618 0.30279433311453324 -0.58489442547323922 -1.4696445955951762 -1.2231778792297241 0.65325259346794895 -0.36399780621069711 -1.0588019064206318 -0.079267132642528534 -1.0000000180025095e-35 -1.0000000180025095e-35
decision_type=2 2 2 2 2 2 2 2 2 2 2 2 2 2 2 2 2 2 2 2 2 2 2 2 2 2 2 2 2 2 2 2 2 2 2 2 2 2 2 2 2 2 2 2 2 2
left_child=17 2 -2 4 9 6 30 38 41 12 11 -11 25 14 15 36 34 -1 19 45 -20 22 23 24 31 42 -4 28 -28 -19 -5 -22 -33 -25 -6 -29 -14 -10 -7 -40 -24 -8 -3 -17 -37 -9
right_child=1 3 26 5 16 7 8 18 37 10 -12 -13 13 -15 -16 43 -18 29 20 -21 21 -23 40 33 -26 -27 27 35 -30 -31 -32 32 -34 -35 -36 44 -38 -39 39 -41 -42 -43 -44 -45 -46 -47
leaf_value=0.041274524971612839 0.015084907662132515 -0.035355985743376422 0.0067631973339611958 0.010772871025088449 0.0061577210255187751 0 0.014508162450078873 -0.037833216702928309 0.009234944738157308 0.017157332340910762 -0.036371997065267093 -0.02156721700139087 -0.00094799739569373462 -0.023716173405152356 0.028818215666620475 -0.0003730569168177197 -0.0072381694545394287 0.020519926653048502 0.026267852687100517 0.0051870932608806489 0.030374898010544989 -0.026810024251268959 0.022866154925588945 -0.030162743896937218 -0.017624729777134179 0.0053469886545832925 -0.019301001708822048 -0.0087601999188996124 0.0093125954662508486 -0.008544850794627681 -0.019402854545772251 -0.01910305607005611 0.022422934989786879 -0.0019448126416610775 0.031898039570287487 -0.038650797633248905 0.024941083188575044 0.038616597739517138 0.0038844066683309877 0.036388863272879726 0.00074938073546512176 -0.0070579831560514854 -0.011108701384266766 -0.023068783252531051 -0.015937716971764063 -0.015066247387883015
leaf_weight=5.9804362356662777 8.7226440608501417 6.4078642427921304 5.4683030843734732 5.7322192788124084 9.208741128444677 5.7202693819999721 4.9860455095767975 5.445546418428421 4.9939338564872768 5.2279725968837765 11.6095033288002 8.1721820980310422 4.9674420058727318 5.9570557773113242 8.4626471549272519 4.9616458564996719 8.1996519565582258 8.9622323215007782 6.2290380001068106 8.4582329541444761 5.4876139163970903 6.9334623068571082 8.4695277065038663 7.7010037004947645 5.465158835053443 4.9794173538684836 8.1024397015571576 8.1684739887714368 7.9383938163518897 5.2201727330684635 5.7221097797155362 4.9664144814014488 5.4838332086801529 7.7168479710817337 6.9878468662500373 10.559446454048157 5.7196755409240723 13.218151703476908 6.2177390456199655 5.9828306734561894 6.2098795622587195 6.2320065200328809 8.6613363772630692 4.9550417810678464 6.1875917762518009 5.9405704587698001
leaf_count=24 35 26 22 23 37 23 20 22 20 21 47 33 20 24 34 20 33 36 25 34 22 28 34 31 22 20 33 33 32 21 23 20 22 31 28 43 23 53 25 24 25 25 35 20 25 24
internal_value=0 -0.00154608 -0.0100523 0.000372049 -0.00509977 0.00441407 0.0144309 0.000207506 0.0217867 -0.00996476 -0.0215011 -0.00585014 -0.00418857 0.00314504 0.00974011 0.000208783 0.0102903 0.0215121 -0.00331888 -0.0151431 0.000480217 -0.00275726 0.00103487 -0.00466831 0.00508923 -0.0166054 -0.0152247 -0.018437 -0.00521302 0.00964529 -0.00433969 0.0140681 0.0022652 -0.0178186 0.0193646 -0.0259441 0.0137797 0.0321801 0.0161174 0.0225006 0.0148177 0.00263627 -0.0240488 -0.0137799 -0.0325877 -0.0295569
internal_weight=323.101 302.938 55.1473 247.79 104.478 143.312 40.8845 102.428 29.4301 80.0818 25.0097 13.4002 55.0721 35.0235 29.0665 20.6038 24.3962 20.1628 84.5071 19.8443 64.6628 58.4337 51.5003 36.8209 21.403 20.0486 46.4246 40.9563 16.0408 14.1824 11.4543 15.9379 10.4502 15.4179 16.1966 24.9155 10.6871 18.2121 17.9208 12.2006 14.6794 11.2181 15.0692 9.91669 16.747 11.3861
internal_count=1301 1220 223 997 421 576 164 412 118 323 101 54 222 141 117 83 98 81 340 80 260 235 207 148 86 81 188 166 65 57 46 64 42 62 65 101 43 73 72 49 59 45 61 40 68 46
is_linear=0
shrinkage=0.03


Tree=8
num_leaves=50
num_cat=0
split_feature=16 48 19 30 43 24 61 20 61 13 37 55 49 12 16 38 39 36 19 44 56 4 38 47 54 3 23 61 45 61 47 31 34 62 30 38 45 42 52 27 36 59 23 30 36 55 46 55 45
split_gain=11.4947 5.78291 6.82341 5.36441 7.12959 5.38952 5.20402 9.43495 7.90297 7.11167 5.33249 6.0628 4.42347 4.07948 4.84788 3.93141 3.89174 3.86026 4.04456 11.0002 6.79046 4.16433 3.83362 4.2841 4.11653 3.23191 3.15905 3.13133 3.75826 4.00716 3.12344 2.88703 2.79864 2.43237 2.37901 4.43615 3.55703 3.0904 2.37018 2.18188 1.98395 1.78663 1.73956 1.38855 1.28957 1.23907 1.16058 0.946524 0.922779
threshold=-0.47801565955336117 -0.90331468590503194 1.5229349130227832 -1.1031289090092138 -0.35993187407258037 0.41684716571216957 478.50000000000006 -0.535186481065413 727.50000000000011 1.0000000180025095e-35 -0.38806937484479548 0.64883458073388411 -0.64037372444298979 -0.4655238954602921 0.64010212235358477 -1.0000000180025095e-35 0.28366823997278828 -1.1008383189847908 -1.0715975759232521 -0.65216839677872673 -0.79917260807700286 -0.37822739458213489 -0.34989047564475545 0.14240491200757152 -0.0028157515967687156 -0.62962615384643084 1.0000000180025095e-35 588.00000000000011 -0.97461884751835381 207.00000000000003 0.13436102614807918 -0.58411815782754306 0.48045677988034574 1.0000000180025095e-35 0.63652215872958007 0.46596553530435536 -0.30334344974151639 1.0000000180025095e-35 -0.84499899464450479 0.86051465813719885 -0.51927098900621538 -1.0000000180025095e-35 0.2242493725203937 -0.66821614207451541 0.97618785951012166 -1.4838143080336101 -0.14876118821052337 -0.15236796494744201 -0.061168050715277873
decision_type=2 2 2 2 2 2 2 2 2 2 2 2 2 2 2 2 2 2 2 2 2 2 2 2 2 2 2 2 2 2 2 2 2 2 2 2 2 2 2 2 2 2 2 2 2 2 2 2 2
left_child=3 27 6 45 16 25 7 9 15 13 34 12 33 -3 22 43 -5 -14 19 -19 -20 47 26 24 -24 -6 -15 28 38 -30 -4 -31 -11 -12 35 36 -9 -36 -2 -40 -18 -17 -43 -8 -29 -1 -23 -22 -10
right_child=1 2 30 4 5 -7 8 10 48 32 11 -13 17 14 -16 41 40 18 20 -21 21 46 23 -25 -26 -27 -28 44 29 31 -32 -33 -34 -35 37 -37 -38 -39 39 -41 -42 42 -44 -45 -46 -47 -48 -49 -50
leaf_value=0.039899270697477361 0 -0.024900881927010739 -0.0036209855639875561 0.0098808325939772641 0.035199592226595793 -0.0012872589357562946 0.012497965258137624 0.031850265692431247 -0.01836868243152746 -0.034479476101798572 0.0018552323054470633 -0.026190784400178874 -0.0095731207426240014 -0.027836905595345292 0.023627004468453242 0.018576500724762246 -0.027692021818597805 0.024292744999539692 -0.010133650442613553 -0.029554194023628182 0.014202941305652599 0.01626795252993618 0.0064979458734608555 0.018492478026972955 -0.020341774952402396 0.0045060364155636717 0.00038159992800259392 -0.033492251903555405 -0.018046755103770962 -0.004712547873724578 -0.030678504641460831 0.018890401281020021 -0.0045725502318558053 -0.022618567941313641 0.03847861980523945 -0.013280048570699072 0 0.0073556456074339287 -0.0090232392293874281 -0.035922577967695095 -0.0013609959084363865 0.0093143141137053808 -0.011992673333668706 0.03697966647476935 -0.00804488071251468 0.013578190814316925 0.042828872665877774 -0.0018519082347012255 -0.00031789298301623418
leaf_weight=5.4795853644609451 5.4324443489313152 5.6610415130853644 8.4135308563709277 5.7311573773622539 10.460792586207388 9.2141958326101285 6.7399338632822046 4.9951732754707363 4.9612188190221786 10.833780393004416 5.4701664596796018 5.6925757229328147 8.7038826346397382 7.4090672731399483 4.9862497150897971 4.9939180910587302 5.9357966929674157 4.9816140532493591 5.7046642750501588 5.6786051541566795 4.9884444326162338 6.4782084673643077 9.6952658444643003 8.2186080366373044 7.923828139901171 5.4782880693674114 5.2072543054819107 6.1093674898147565 5.1620806902647081 6.6931996196508434 7.6169454157352439 9.4581775814294797 4.9582592844963065 6.6904850900173187 5.7465220093727094 5.46523693203926 5.7329719513654736 7.2155477404594421 8.3811959475278801 5.157794162631034 4.9639004915952656 5.4811717718839645 5.2274881601333618 8.2369072437286359 4.9332657009363174 6.472191244363783 7.2423862367868583 4.9837223291397077 5.4646122306585294
leaf_count=22 22 23 34 23 42 37 27 20 20 44 22 23 35 30 20 20 24 20 23 23 20 26 39 33 32 22 21 25 21 27 31 38 20 27 23 22 23 29 34 21 20 22 21 33 20 26 29 20 22
internal_value=0 -0.00255909 -0.00036822 0.0124581 0.00668623 0.0164583 0.00115532 -0.00127211 0.0104947 -0.010009 0.00464932 -2.54836e-05 0.0028939 -0.00390774 -0.000298635 0.0180248 -0.00790143 0.00702265 0.0109884 -0.004005 0.01655 0.0234339 -0.00432175 0.00222294 -0.00590777 0.0262892 -0.016962 -0.0114677 -0.00687326 0.00158523 -0.0183447 0.00920005 -0.0266477 -0.0121755 0.0150047 0.0059362 0.0166444 0.0241283 -0.0160889 -0.0222306 -0.0177996 0.00610249 -0.000790893 0.0284672 -0.0249238 0.0291953 0.0335214 0.00646327 -0.0106406
internal_weight=322.863 269.127 217.799 53.7359 41.7841 25.1533 201.769 160.664 41.1053 64.8934 95.7702 66.6148 60.9222 49.1013 43.4403 30.6794 16.6309 48.7615 40.0576 10.6602 29.3974 23.6928 38.454 25.8377 17.6191 15.9391 12.6163 51.3275 40.2849 21.3135 16.0305 16.1514 15.792 12.1607 29.1555 16.1934 10.7281 12.9621 18.9714 13.539 10.8997 15.7026 10.7087 14.9768 11.0426 11.9518 13.7206 9.97217 10.4258
internal_count=1301 1085 877 216 168 101 812 647 165 262 385 268 245 198 175 123 67 196 161 43 118 95 155 104 71 64 51 208 163 86 65 65 64 49 117 65 43 52 77 55 44 63 43 60 45 48 55 40 42
is_linear=0
shrinkage=0.03


Tree=9
num_leaves=47
num_cat=0
split_feature=16 42 16 16 15 16 52 53 48 48 60 20 45 19 60 45 29 43 46 16 37 55 20 55 47 37 26 19 28 47 54 25 33 50 16 55 60 16 14 32 54 55 42 10 20 36
split_gain=10.9813 5.80257 6.86838 10.3697 9.61218 6.06085 6.5786 6.37894 6.09175 5.2483 9.28009 4.80378 6.43812 6.40701 4.70297 4.45723 4.4496 4.62301 4.21616 3.87461 3.79419 3.77315 3.71835 7.97204 3.7117 4.07349 3.78878 8.45972 4.38207 3.69866 3.65148 3.59716 3.59148 3.13741 2.9211 2.69055 2.18722 3.51633 1.98502 1.62459 1.4412 1.30844 0.967582 0.894918 0.487045 0.297204
threshold=-1.5147970333911924 -0.72500780178695667 0.2623493695320766 0.69765602201607113 -0.22440970156675419 -0.51088464605934425 0.40603223384198273 -0.33611145028219497 -0.71757193715237333 -0.52774964166582572 221.00000000000003 -0.535186481065413 -0.90179740941094111 -0.83573098601906703 213.50000000000003 0.43654293728833155 1.0000000180025095e-35 -1.0000000180025095e-35 -0.48628926497583974 0.87564985202991752 0.13531124961836907 -0.098316176956607368 -1.0588019064206318 0.31882733119513534 -0.066415813554161832 -0.38806937484479548 -0.17751936367368756 -0.12813121630651214 1.0000000180025095e-35 0.77398149500332536 0.38473144768190659 -0.36788297411228221 -0.40051338763257899 -0.43039993835472184 0.13418980616909421 -0.39997708379306712 572.00000000000011 0.26833450457803815 -0.024559651325835617 0.22784375290376183 0.31016788135727685 0.30149190216333138 0.21540610661267498 -1.0000000180025095e-35 1.035659795000244 1.0000000180025095e-35
decision_type=2 2 2 2 2 2 2 2 2 2 2 2 2 2 2 2 2 2 2 2 2 2 2 2 2 2 2 2 2 2 2 2 2 2 2 2 2 2 2 2 2 2 2 2 2 2
left_child=15 2 4 45 41 -6 7 -7 -9 10 -3 13 34 32 38 -1 17 -12 20 -5 29 -18 23 33 25 -20 -26 -28 -29 -16 -22 -17 39 42 -13 -24 37 -19 -14 -11 -27 -2 -15 -37 -40 -4
right_child=1 9 3 19 5 6 -8 8 -10 11 16 12 14 22 18 31 21 36 24 -21 30 -23 35 -25 26 40 27 28 -30 -31 -32 -33 -34 -35 -36 43 -38 -39 44 -41 -42 -43 -44 -45 -46 -47
leaf_value=0.040002961727928547 0.014595392864127867 0.017249851946199723 -0.012972065003118838 0.027822222716752987 0.030447285314684755 -0.012739108464725701 -0.026778290390303005 -0.0063793975982437022 0.030286002089245669 -0.014955546219091686 -0.039089327563306409 0.035334532019356941 0.0013007765124685032 -0.0097990280123753312 0 0.019638001325560126 0.012925153284125707 -0.025365679675571285 0.016510697158928091 -0.0015576347443288271 -0.0097386130576476316 -0.014015498843937 -0.0048014628581214257 0.021350799330554941 0.032455247812092282 -0.020458025556448024 0.029745967762067099 -0.01909065407465331 0.010153785804663772 -0.03150641999001895 0.021158095488453248 -0.0085463017815261173 0.018956524778571956 -0.025483252961282718 0.0041587866121173076 -0.0094328855902328645 0.0028110356124646102 -0.00065252028069746719 -0.025324742312330464 0.0055696472975824782 0 0.044759126924290391 0.0062148753819714509 -0.031078359771149925 -0.007457108343244423 -0.033795449996587429
leaf_weight=5.959194257855418 4.9815933704376203 7.4856828600168219 5.4397769272327441 4.9763538390398017 4.9813716113567343 8.9092882871627825 5.6978078484535208 5.4059062004089347 9.4806290268898028 5.1909670978784579 9.0610604584217018 5.9840660840272886 4.9697615355253246 4.9499853551387822 5.711599677801134 8.9600394666194916 6.9511724859476098 15.034897848963746 5.2286874353885677 9.4320238232612592 5.4653891921043378 8.8653324842452967 9.1449714899063128 6.717995971441268 6.9776557832956341 6.1916782706975919 8.2328598946332949 8.1868584603071195 7.2102745473384848 5.944099023938179 5.2233124673366547 5.2146993726491901 9.7060610353946668 8.6318234652280807 5.7130809128284454 4.9606118351221129 4.9548053294420233 8.4067932963371259 6.4343502670526487 5.4733094871044159 5.2236664742231369 6.2354733496904373 5.4416415393352509 12.56937405467033 5.2127030491828918 5.4395507127046585
leaf_count=24 20 30 22 20 20 36 23 22 38 21 37 24 20 20 23 36 28 61 21 38 22 36 37 27 28 25 33 33 29 24 21 21 39 35 23 20 20 34 26 22 21 25 22 51 21 22
internal_value=0 -0.00148617 0.00590425 -0.00624876 0.0127421 0.0041277 -0.00138242 0.00568864 0.01724 -0.00380174 -0.011269 -0.0010339 0.00324781 -0.00682356 0.000187219 0.0206351 -0.0157484 -0.021217 0.00372733 0.00987897 -0.00657216 -0.00173491 -0.0123172 -0.00355316 0.00877319 -0.00223014 0.0147682 0.00768115 -0.00535512 -0.0175687 0.00561333 0.00906098 0.00691346 -0.0135579 0.0227658 -0.0199222 -0.0136383 -0.0173157 -0.0133896 -0.0045402 -0.0121994 0.0351366 -0.00118253 -0.0264948 -0.0195476 -0.0267017
internal_weight=322.57 302.436 70.9798 25.2877 45.6921 34.475 29.4936 23.7958 14.8865 231.457 60.7597 170.697 97.91 72.7867 86.2129 20.1339 53.2741 37.4576 69.5961 14.4084 22.3444 15.8165 52.4164 25.7414 47.2517 16.644 30.6076 23.63 15.3971 11.6557 10.6887 14.1747 20.3703 19.0235 11.6971 26.675 28.3965 23.4417 16.6168 10.6643 11.4153 11.2171 10.3916 17.53 11.6471 10.8793
internal_count=1301 1220 286 102 184 139 119 96 60 934 246 688 394 294 347 81 216 152 280 58 90 64 212 104 190 67 123 95 62 47 43 57 82 77 47 108 115 95 67 43 46 45 42 71 47 44
is_linear=0
shrinkage=0.03


Tree=10
num_leaves=46
num_cat=0
split_feature=16 42 16 16 0 38 16 56 45 47 45 16 49 18 26 18 55 32 32 31 12 46 29 42 55 41 50 1 46 28 32 33 48 53 25 16 60 42 47 27 46 18 55 55 36
split_gain=10.4461 5.50891 6.54653 9.91225 8.44801 8.27716 5.61724 4.98835 4.41469 4.61602 4.27692 4.18933 3.90858 3.78822 7.58673 5.95182 7.61258 6.689 5.70175 5.63233 5.13113 4.19496 6.55138 5.08646 4.71741 5.32535 4.1896 5.98687 4.57882 3.83709 5.54346 4.52688 3.74016 3.75585 3.42305 3.35049 2.57364 2.46744 2.18577 2.15233 1.40863 1.39923 1.15082 0.691836 0.280376
threshold=-1.5147970333911924 -0.72500780178695667 0.2623493695320766 0.69765602201607113 -0.059684310399897585 -0.18671927345493336 -0.51088464605934425 1.9261840448933272 -1.2299392660546082 -0.37808870377971909 0.43654293728833155 0.18700310279130408 -1.0000000180025095e-35 0.66492611875677754 -0.30610024451592605 0.41633568318941672 -0.239583039961283 1.0000000180025095e-35 0.51161105254744887 0.4645586826261851 -0.25497613304312899 0.9273411084331652 -0.33091735287126595 1.2812085361322574 0.76807570413805493 0.56381581693883687 0.20530524968633007 1.0000000180025095e-35 -0.87306999055058498 -0.31883780117197397 0.51161105254744887 -0.40051338763257899 -0.71757193715237333 -0.33611145028219497 -0.36788297411228221 0.57214885049448727 430.00000000000006 -1.3206032771067233 0.78085593640086615 1.0000000180025095e-35 0.72454042641637806 0.5593126383260475 0.30149190216333138 -0.21681678609596577 1.0000000180025095e-35
decision_type=2 2 2 2 2 2 2 2 2 2 2 2 2 2 2 2 2 2 2 2 2 2 2 2 2 2 2 2 2 2 2 2 2 2 2 2 2 2 2 2 2 2 2 2 2
left_child=10 2 4 44 6 -5 -2 8 9 12 -1 37 -3 15 -15 17 35 26 41 -20 39 22 24 29 25 -22 27 28 38 30 -24 -31 -13 -34 -12 -17 -30 -8 -10 -19 -16 -18 -6 -38 -4
right_child=1 7 3 5 42 -7 11 -9 13 -11 34 32 -14 14 40 16 18 20 19 -21 21 -23 23 -25 -26 -27 -28 -29 36 31 -32 -33 33 -35 -36 -37 43 -39 -40 -41 -42 -43 -44 -45 -46
leaf_value=0.039146635034159466 0.029766214478950549 -0.039937064477449942 -0.012676820377765134 0.031054377683920487 0.014152371568086668 -0.010435658292496148 0 0.019564116315184978 0.00897063663277522 0.0038856162776616035 0.019134065812799892 -0.0087274796674996786 -0.007103373901682055 0.0081499339807091717 -0.036530792261797361 -0.023931032750823433 0.034190624912816284 -0.00067648502772602579 -0.020519559088997316 0.017335714649584454 -0.016442647693888646 0.020766858547486701 0.01869071773201178 -0.0098552872393499729 -0.029680616618928037 0.014026168443325174 0.0064048380852425512 0.0070456752807508309 -0.0087663732100062338 0.0072735210770023487 -0.014473612328651138 0.042989178903671973 -0.0021822494512017824 0.028475501592397034 -0.0083493629259994741 0.0042421901439376212 -0.017555599232166062 -0.027809833996886923 -0.014739566797196818 -0.024593656929211633 -0.01097701222987015 0.012253269642087358 0.043131296253704529 -0.037169475643134976 -0.033086931725433769
leaf_weight=5.9399593919515636 4.9768723994493476 7.1146876513957986 5.4344909638166445 6.7217781394720078 4.9841579645872098 7.6874903589487058 5.2126908600330353 6.4682497531175605 5.6947304010391218 5.7030030637979499 8.9596471041440964 7.121211141347886 7.3799084126949319 7.1849175244569805 7.1201949864625913 6.1727771610021573 9.7068030536174827 6.46522109210491 5.2104935944080335 5.9669870585203171 9.1622091382741981 9.9363800734281522 8.1865524798631615 8.7003132849931699 6.6881431043148032 8.4458942115306836 7.9093526303768149 7.6948636323213568 8.6548156589269656 7.9584030210971832 6.9572783410549155 5.7370554208755546 5.1995436549186707 7.2339551746845245 5.2129757553338978 6.1874232143163681 8.8808258473873138 4.952317878603937 5.179642379283905 7.4139583855867386 5.9337345808744431 8.2054970711469633 5.9877190440893173 13.22318409383297 5.4217375665903091
leaf_count=24 20 29 22 27 20 31 21 26 23 23 36 29 30 29 29 25 39 26 21 24 37 40 33 35 27 34 32 31 35 32 28 23 21 29 21 25 36 20 21 30 24 33 24 54 22
internal_value=0 -0.00144333 0.00575885 -0.00610793 0.0124367 0.00964499 0.00441745 -0.00370125 -0.00452252 -0.0174736 0.0201427 -0.000861481 -0.0258289 -0.00309689 -0.0149834 -0.00164916 0.00812189 -0.00458009 0.0163401 -0.000177544 0.000689219 0.00404903 0.000839712 0.00865852 -0.0108094 -0.00156018 -0.0123836 -0.0156143 -0.0200409 0.0146527 0.00316281 0.0253965 0.00697432 0.0163694 0.00881068 -0.010462 -0.0257454 -0.0154083 -0.00225577 -0.0149953 -0.0276559 0.0261737 0.0337336 -0.0311597 -0.0261347
internal_weight=322.29 302.177 70.934 25.2655 45.6685 14.4093 34.6966 231.244 224.775 20.1976 20.1126 29.7197 14.4946 204.578 20.2388 184.339 41.45 142.889 29.0898 11.1775 85.6514 71.7722 61.8358 37.5396 24.2962 17.6081 57.2374 49.3281 41.6332 28.8393 15.1438 13.6955 19.5547 12.4335 14.1726 12.3602 30.7588 10.165 10.8744 13.8792 13.0539 17.9123 10.9719 22.104 10.8562
internal_count=1301 1220 286 102 184 58 140 934 908 82 81 120 59 826 82 744 167 577 117 45 345 289 249 151 98 71 232 200 169 116 61 55 79 50 57 50 125 41 44 56 53 72 44 90 44
is_linear=0
shrinkage=0.03


Tree=11
num_leaves=46
num_cat=0
split_feature=0 30 43 19 48 0 12 15 32 31 23 48 34 56 32 23 33 44 31 38 32 23 12 36 55 19 36 56 41 48 55 44 58 55 55 55 37 48 28 48 46 19 20 30 31
split_gain=7.4707 6.60793 5.69944 4.24849 4.04123 6.93048 4.72107 4.39571 7.35862 5.84459 5.48255 5.20505 8.42224 4.88454 4.86446 6.6475 7.70575 6.23317 4.88634 6.38375 4.10231 3.49822 3.59929 3.21308 4.71346 4.69928 3.05943 3.05586 5.37544 2.84185 2.66013 2.48202 2.47073 2.41475 2.64747 1.9988 1.94866 1.82959 1.5829 1.47184 1.44398 1.36614 1.23006 0.861075 0.353733
threshold=-1.0022406067427072 -1.1031289090092138 -0.35993187407258037 1.5229349130227832 -0.90331468590503194 1.2687507381369487 -1.7997935020974836 -0.123395403230892 0.51161105254744887 0.71130617449765066 -1.325868144071207 -0.3906265882177174 -0.40577274828087145 -0.79917260807700286 1.0000000180025095e-35 -1.0403201804885438 -1.08708686005989 0.33773515778930435 1.1431142852727152 0.38437993420944444 -0.74957694586893819 0.63217503478134163 -0.04403557606278824 -0.7685141304256049 0.75167026117513192 -0.12813121630651214 -0.7685141304256049 1.0000000180025095e-35 -0.44636525644289909 -0.013238756137992557 -1.141762713569497 0.83268693507332003 -0.84553114790396355 -0.14001203766774253 0.76807570413805493 -0.92336763284918344 -1.0000000180025095e-35 0.65515570481256347 0.78478257098754278 0.90703537902931408 -0.54216216867021771 -0.12813121630651214 -1.0000000180025095e-35 0.38800057762403822 -0.16773176529444517
decision_type=2 2 2 2 2 2 2 2 2 2 2 2 2 2 2 2 2 2 2 2 2 2 2 2 2 2 2 2 2 2 2 2 2 2 2 2 2 2 2 2 2 2 2 2 2
left_child=1 -1 26 4 5 27 -6 8 10 -10 -8 12 -9 -12 15 30 -17 29 23 39 -7 22 -5 25 32 35 -3 33 -29 -18 -13 44 -25 -2 -35 -16 -4 -31 -22 -20 -34 -19 -36 -14 -15
right_child=3 2 36 21 6 20 7 11 9 -11 13 14 43 31 18 16 17 41 19 -21 38 -23 -24 24 -26 -27 -28 28 -30 37 -32 -33 40 34 42 -37 -38 -39 -40 -41 -42 -43 -44 -45 -46
leaf_value=0.034347501412939116 -0.00032539112689878002 -0.023331195097773465 0.0029022473810507736 0.0085795321454013446 -0.018887439979704705 0.024497743809104265 -0.0069913085187765754 0.0081770918254925311 -0.020927193795870238 0.012696662288052522 -0.00014168790754613857 0.027056641008590808 -0.033508051294705382 0.037228090683664589 0.021704269116221166 0.014109509998689476 -0.0038792995177913511 0.013394107664726327 0.016288693706810194 -0.029123802860551572 -0.013449502900496371 -0.031979473772916045 -0.020067804130680506 0.0043953285992973023 -0.0027334270254055267 -0.01759174933588524 0.0052895317351812242 -0.018967305846013069 0.017086354589272705 -0.03416502211471821 0 0.0071841446737070094 0.010614436372363567 -0.035553085952671051 -0.0008051082456540247 -0.0013025112898108417 0.029980256788266327 -0.012058798372890185 0.0070090263864748623 -0.0022544658197553216 0.032680786487981575 -0.0055808307717077335 -0.020715487765894793 -0.010720819380499833 0.018082275335175913
leaf_weight=8.41502493619919 5.1587684750556972 5.6899868845939654 5.2292365431785583 7.1845101267099389 8.3927880525588971 6.2176299542188671 6.7208451479673377 8.9248341023921984 9.6564418673515338 6.4550535529851905 7.4411859065294257 5.7190002351999283 8.3750282078981382 11.957037299871446 6.2309133708477029 8.9335890859365445 7.668879702687259 5.4627464711666107 5.2311148941516894 5.4433189630508414 5.4615276008844358 5.6149433553218833 5.6392291784286508 6.9607985615730277 7.9391018897294989 6.2002467811107627 4.954265296459198 6.1540497243404388 5.7054820954799634 13.056207731366166 5.712360665202139 6.7032099813222876 6.7050122320652035 9.6608912646770495 6.3790213912725457 4.959045574069024 4.9707570225000364 8.8818715512752515 4.9459983557462692 7.2197058349847794 14.44137814640999 4.9510798007249814 4.8888544589281056 5.1956304162740699 8.1825639456510562
leaf_count=34 21 23 21 29 34 25 27 36 39 26 30 23 34 48 25 36 31 22 21 22 22 23 23 28 32 25 20 25 23 53 23 27 27 40 26 20 20 36 20 29 58 20 20 21 33
internal_value=0 0.0140598 0.00384501 -0.00147849 -0.00048126 -0.00768844 0.00132167 0.00227991 0.009277 -0.00718113 0.0159101 -0.000337511 -0.0132288 0.0206721 0.00194328 -0.00420559 -0.00910931 -0.0147593 0.00721046 -0.00578696 0.00775804 -0.0148601 -0.00438151 0.0117113 0.0166582 0.000631017 -0.0105079 -0.0146455 -0.00120223 -0.021541 0.0149512 0.0263557 0.0221992 -0.0201418 -0.0244104 0.0120868 0.0187628 -0.0268156 -0.00356488 0.00601992 0.0271155 0.00430235 -0.0113325 -0.0271173 0.0315192
internal_weight=321.991 29.2593 20.8442 292.732 274.293 54.5722 219.721 211.328 57.1163 16.1115 41.0048 154.212 22.4955 34.284 131.716 60.3857 48.9544 40.0208 71.3306 17.8941 16.6252 18.4387 12.8237 53.4365 36.0463 17.3902 10.6443 37.9471 11.8595 29.607 11.4314 26.8428 28.1072 26.0875 20.9288 11.19 10.2 21.9381 10.4075 12.4508 21.1464 10.4138 11.2679 13.5707 20.1396
internal_count=1301 118 84 1183 1108 222 886 852 230 65 165 622 91 138 531 244 198 162 287 72 67 75 52 215 145 70 43 155 48 120 46 108 113 107 86 45 41 89 42 50 85 42 46 55 81
is_linear=0
shrinkage=0.03


Tree=12
num_leaves=47
num_cat=0
split_feature=16 41 51 45 45 18 16 16 42 24 39 33 19 36 44 30 26 26 43 21 52 57 24 45 0 37 56 33 49 27 54 41 18 36 54 2 19 41 18 40 34 20 2 45 54 27
split_gain=9.63066 6.41401 4.68019 4.44998 4.94823 5.38234 7.09035 6.73095 4.98453 5.09586 8.93903 6.27936 4.91295 4.44199 4.37598 4.22379 4.45663 4.4266 4.09043 3.91276 4.57729 4.86856 4.45416 3.88312 3.53835 3.42798 4.91805 4.45364 4.14071 3.42379 3.34685 7.43452 3.32881 2.93506 3.78892 4.96181 2.43099 2.04609 1.88348 1.80629 1.77544 1.16941 0.959441 0.872559 0.526147 0.376169
threshold=-0.47801565955336117 -0.71220238101703992 1.0000000180025095e-35 -1.1720787097297951 -1.0797681093313418 0.68906995600188226 0.79115870971961777 1.0152637083070972 -1.4773389285066618 0.41684716571216957 0.10450684977430362 -0.84476681096789796 0.81533514331022794 0.97618785951012166 0.33773515778930435 -0.48182495624535909 0.7225468022219822 0.3368041596952665 1.0000000180025095e-35 -1.9498182051521258 0.40603223384198273 1.0000000180025095e-35 -0.26169676984682394 0.40972170080752929 -1.071825299761304 -0.38806937484479548 -1.0000000180025095e-35 0.12451338540007034 -0.42990859484836313 0.14570163294303992 0.47159666320633403 0.88282036642780615 0.50799052822647373 0.40846737072151201 -1.0465841077113227 -0.47186869732458087 -0.24606451125860465 -1.031206930506009 0.71435047992017797 0.22690302586680158 -1.0000000180025095e-35 -1.0000000180025095e-35 -0.26385268975056092 0.39785487398557401 -1.0465841077113227 -0.72795873118315402
decision_type=2 2 2 2 2 2 2 2 2 2 2 2 2 2 2 2 2 2 2 2 2 2 2 2 2 2 2 2 2 2 2 2 2 2 2 2 2 2 2 2 2 2 2 2 2 2
left_child=1 -1 15 13 -5 6 8 42 44 19 32 18 14 33 -13 16 -3 -17 -12 -10 21 25 39 38 -19 27 29 28 -21 45 41 43 36 34 37 -36 -11 -2 -7 -23 -28 -22 -8 -32 -6 -27
right_child=3 2 -4 4 5 23 7 -9 9 10 11 12 -14 -15 -16 17 -18 24 -20 20 30 22 -24 -25 -26 26 40 -29 -30 -31 31 -33 -34 -35 35 -37 -38 -39 -40 -41 -42 -43 -44 -45 -46 -47
leaf_value=0.031973473756660584 -0.0081751881585537672 -0.0022246668899366683 0.027214895054859984 0.018980959016431768 0.0054973355907862557 -0.016229794629736404 0.034775963605593735 -0.0040510494825784834 0.014701786749379575 -0.0064086534678504956 -0.022954269560014277 0.03747963786610841 -0.0034503740598366434 -0.031467521711032821 0.0069878280155580424 0.0068882821697693764 0.026455878146155267 0 0.0095801534680609694 0.0083753711103528757 -0.035698602379103224 0.0050112207073793073 -0.0087321561172370443 -0.036005185302306383 -0.031973494458991954 -0.016194557107779395 -0.0098268835307911348 0.015171246716835436 -0.022322487681456088 -0.0027610474267372449 0.015739089798723186 -0.030474015169312672 0.0054423907973627497 0.011525337282170974 0.0029478310807802468 -0.031661962772282712 -0.032949748808805461 0.014432577601218608 0.0055616654769983492 0.026726037729121504 0.0092557001640407293 -0.012449032289822685 0.010642291147823755 0 0.023298666124220831 -0.039829008781702785
leaf_weight=9.6419531702995283 6.151206374168396 8.9122811406850797 6.2120715230703345 9.3890440911054593 4.9565696120262146 5.4174443483352679 7.9625485390424728 8.9006010293960554 5.4590544402599326 8.6730831861495972 4.9460203200578672 11.977539658546453 5.4189325273036948 6.8270501792430869 8.1817394793033582 9.4326207637786919 7.9565065652132025 5.2174328714609119 5.9638662189245224 5.1920548975467673 8.3439526855945569 9.4200179725885409 9.6639318317174894 5.1516974568366996 6.1861347258090982 5.4257325530052132 8.898985877633093 8.6638253927230817 8.38596920669079 5.4059169590473166 4.9566906094551069 5.6857873052358618 5.9475412666797629 5.438191443681716 4.933275610208514 9.0723821073770505 5.4119964241981515 5.1745222955942172 5.6822119504213333 6.2029959708452216 5.9569604098796871 6.6950805038213757 4.9424374252557772 4.9433955550193787 4.9801387935876829 7.336366936564449
leaf_count=39 25 36 25 38 20 22 32 36 22 35 20 48 22 28 33 38 32 21 24 21 34 38 39 21 25 22 36 35 34 22 20 23 24 22 20 37 22 21 23 25 24 27 20 20 20 30
internal_value=0 0.0114222 0.0058711 -0.00234618 -0.00072639 -0.00171226 -0.000307253 0.0152538 -0.00230189 -0.0035692 0.0036891 0.0124369 0.0202715 -0.0117162 0.0267224 0.00129485 0.0120322 -0.00735361 -0.00567763 -0.00713946 -0.00844659 -0.0044321 0.00608908 -0.0175659 -0.0190303 -0.00938547 -0.0153036 0 -0.0105207 -0.0251764 -0.0181192 -0.00682671 -0.0117223 -0.00588891 -0.0102864 -0.0199784 -0.0191814 0.002166 -0.00526392 0.0155693 -0.00166118 -0.0277789 0.0280203 0.00845076 0.0168294 -0.0329617
internal_weight=321.696 53.559 43.917 268.137 230.54 221.151 204.9 21.8056 183.094 173.157 56.5207 36.4881 25.5782 37.5966 20.1593 37.705 16.8688 20.8362 10.9099 116.637 111.178 80.5528 25.2869 16.2514 11.4036 55.2658 33.024 22.2418 13.578 18.168 30.6249 15.5859 20.0326 30.7696 25.3314 14.0057 14.0851 11.3257 11.0997 15.623 14.8559 15.039 12.905 9.90009 9.93671 12.7621
internal_count=1301 216 177 1085 932 894 828 88 740 700 228 147 103 153 81 152 68 84 44 472 450 326 102 66 46 224 134 90 55 74 124 63 81 125 103 57 57 46 45 63 60 61 52 40 40 52
is_linear=0
shrinkage=0.03


Tree=13
num_leaves=46
num_cat=0
split_feature=4 41 29 48 60 61 20 38 41 40 28 17 13 57 38 33 37 19 45 57 54 49 37 46 13 29 34 32 42 20 41 46 57 57 45 61 36 33 0 47 54 36 45 28 46
split_gain=6.84597 5.44214 6.0713 5.25737 7.19115 6.97394 7.98738 6.94704 5.69773 7.69224 6.08604 6.6628 5.61295 5.8355 4.97236 4.91258 4.8274 4.66515 4.61515 4.30573 4.26319 4.19292 4.00596 3.92416 3.90394 3.83436 3.66253 3.55413 3.53304 3.31077 3.16543 3.01183 2.91816 2.77848 2.64555 2.38989 2.34017 2.19134 1.9102 1.78301 1.42291 1.23228 0.994154 0.462621 0.410448
threshold=0.36211341692579113 -0.71220238101703992 0.38231267584774786 -0.90331468590503194 333.00000000000006 455.50000000000006 -0.535186481065413 1.0000000180025095e-35 1.0000000180025095e-35 -0.61648087955963893 -0.68671125855847925 -0.024559651325835617 1.0000000180025095e-35 1.0000000180025095e-35 0.91921887472052821 -0.84476681096789796 0.61843182604590607 -1.1895308708753445 -0.022801840678878631 1.0000000180025095e-35 0.23170644886308125 -0.64037372444298979 0.13531124961836907 -0.54053678634972813 0.7159299953276631 -0.68753236723077271 0.65537050254374385 -1.0000000180025095e-35 0.57067358311920258 1.0000000180025095e-35 1.0000000180025095e-35 0.55515735324772786 -0.56422382789011649 -0.56422382789011649 -1.0000000180025095e-35 727.50000000000011 -0.7685141304256049 0.36683343449206246 0.19335093694045388 -1.5226426134513618 -0.44594282779415556 -1.0000000180025095e-35 0.1083673580041017 1.0000000180025095e-35 -0.56745563088364437
decision_type=2 2 2 2 2 2 2 2 2 2 2 2 2 2 2 2 2 2 2 2 2 2 2 2 2 2 2 2 2 2 2 2 2 2 2 2 2 2 2 2 2 2 2 2 2
left_child=3 41 23 4 -1 6 12 35 9 19 18 26 13 17 25 -6 27 22 -10 44 40 -19 -5 -3 -14 -9 -12 -11 -15 -4 -25 -32 -22 38 -27 36 -7 -23 -17 -35 -13 -2 -34 -41 -8
right_child=1 2 29 5 15 7 8 14 10 16 11 20 24 28 -16 33 -18 21 -20 -21 32 37 -24 30 -26 34 -28 -29 -30 -31 31 -33 42 39 -36 -37 -38 -39 -40 43 -42 -43 -44 -45 -46
leaf_value=0.015035477661957213 0.011398640040720609 -0.024656877273646165 0.028524298552610513 0.019512536665413378 0.0093633804598026709 0.0083515441644651488 -0.0059309182071752963 -0.027946157954832268 0.032032834751586477 0.038871003209909161 0.020960877440949231 -0.010010470881505551 -0.035172622334997218 0.020128058987931106 0.020328401106413162 -0.016152224185945148 0 0 -0.00067375963700640033 0.013080951867748646 0.0095803988663556491 -0.033917299363702455 -0.012317210405910476 -0.015694242907860777 -0.0058327577589512127 -0.012436007775210084 -0.0073754990948779551 0.0097923316335991641 -0.0067732507153230471 0.0028654788004298742 0.02047712667181811 -0.0047186423987851779 -0.0024414532180757368 -0.0087166275086808902 0.012251774169120161 0.0021014534738177004 0.033432633717738407 -0.0084177519748985154 0.0035424928731053341 -0.01572452173211791 -0.03606763381471495 0.038031801967101153 -0.022496190698666166 -0.036528333073160918 -0.022794029517356932
leaf_weight=6.9783475697040549 5.6624619662761688 5.4149419516325024 8.9053473025560397 5.7113400250673276 5.2023465037345877 7.200989887118344 4.9569555371999732 5.1772146373987242 4.9834169894456872 10.46836641430855 6.96100005507469 5.1584737300872794 10.475953653454782 9.4507849067449552 5.232190176844596 7.732713505625723 8.189355254173277 7.4163506776094428 8.6772702485322917 5.4703334420919409 5.9427652209997168 10.761288851499563 5.4339322447776794 5.2031017839908626 8.1067664325237256 6.1729688197374379 6.442984864115715 8.4443343877792376 5.9203485697507849 9.7001844644546491 7.4751761853694898 6.6940314471721649 5.1898499131202716 7.104975312948226 6.456631645560261 5.9524986743926993 11.67161650955677 6.6834667325019828 6.9153758734464645 6.5710722506046357 8.3607136756181735 4.9599810242652875 4.9363464713096619 9.9422351717948896 4.9452929496765128
leaf_count=28 23 22 36 23 21 29 20 21 20 42 28 21 43 38 21 32 33 30 35 22 24 44 22 21 33 25 26 34 24 39 30 27 21 29 26 24 47 27 28 27 34 20 20 41 20
internal_value=0 0.00957659 0.00428397 -0.00199481 -0.0105679 3.00682e-05 -0.00281635 0.00998708 0.00261158 0.0107638 -0.00351723 -0.00911087 -0.0104846 -0.0049165 -0.00169877 -0.015176 0.0200463 -0.0114682 0.0128507 -0.00557302 -0.0168594 -0.0184148 0.00389907 -0.00519567 -0.0240635 -0.00955832 0.0075662 0.0278552 0.00973012 0.0166571 0.00133771 0.00887863 -0.00511251 -0.0188904 0 0.0205389 0.0254768 -0.0259046 -0.00701739 -0.0251564 -0.0285173 0.0274967 -0.014375 -0.0305818 -0.0167695
internal_weight=321.414 54.0152 43.3928 267.399 50.4471 216.952 169.088 47.8641 99.1275 42.4746 56.6528 42.9921 69.9602 51.3775 23.039 43.4687 27.1021 36.0064 13.6607 15.3726 29.5881 24.8611 11.1453 24.7873 18.5827 17.8068 13.404 18.9127 15.3711 18.6055 19.3723 14.1692 16.069 38.2664 12.6296 24.8251 18.8726 17.4448 14.6481 23.6183 13.5192 10.6224 10.1262 16.5133 9.90225
internal_count=1301 218 175 1083 206 877 684 193 400 171 229 174 284 208 93 178 109 146 55 62 120 101 45 100 76 72 54 76 62 75 78 57 65 157 51 100 76 71 60 97 55 43 41 68 40
is_linear=0
shrinkage=0.03


Tree=14
num_leaves=46
num_cat=0
split_feature=16 45 27 18 16 16 16 45 38 27 25 45 45 60 47 47 19 54 54 46 52 38 20 32 59 32 27 25 25 30 16 3 39 46 27 54 20 18 50 54 34 16 54 20 2
split_gain=9.00456 4.56232 4.71129 4.44292 5.73828 5.84716 5.26478 5.0979 4.55496 5.87225 6.6456 4.25427 3.98828 3.94395 5.48563 6.41656 5.74202 6.52005 4.98575 4.95397 4.22431 3.43445 7.90436 4.91767 5.4502 4.88373 3.7361 3.1441 3.10067 2.97822 2.94979 2.62828 2.96058 2.48933 2.27184 2.26915 2.24025 3.04482 2.21023 2.1609 2.34701 1.57456 2.83569 1.32721 0.902559
threshold=-1.5147970333911924 -1.1720787097297951 0.14570163294303992 0.68906995600188226 0.79115870971961777 1.0152637083070972 0.23972331963544549 0.40972170080752929 1.1186503440636444 -0.72795873118315402 0.28596367796432992 -1.0935311028654795 0.43654293728833155 552.00000000000011 -0.16251869894879065 1.3542674677597182 -0.12813121630651214 0.25100626173451274 0.45457733788706872 -0.51680693591273263 0.40603223384198273 -1.0025752844040439 -0.535186481065413 0.51161105254744887 0.33773185147388385 1.0000000180025095e-35 -1.0000000180025095e-35 -0.36788297411228221 -0.36788297411228221 0.13947899651849585 0.57214885049448727 -0.67541274297577825 -0.44253259496507052 1.013068331896166 -0.72795873118315402 0.055387862008276105 -1.0000000180025095e-35 0.48809072744628834 -0.43039993835472184 -0.39876512936950276 -0.97715757564797212 0.26107790723932117 -1.2536861151285981 1.0000000180025095e-35 -0.26385268975056092
decision_type=2 2 2 2 2 2 2 2 2 2 2 2 2 2 2 2 2 2 2 2 2 2 2 2 2 2 2 2 2 2 2 2 2 2 2 2 2 2 2 2 2 2 2 2 2
left_child=12 2 28 4 6 44 11 29 9 30 36 -3 -1 14 16 21 18 33 39 43 -21 22 -16 25 26 31 -25 -14 -2 -5 -8 -23 -33 -18 -17 -27 -11 -38 -30 40 -13 42 -4 -15 -6
right_child=1 3 41 7 5 -7 8 -9 -10 10 -12 13 27 19 15 34 17 -19 -20 20 -22 23 -24 24 -26 35 -28 -29 38 -31 -32 32 -34 -35 -36 -37 37 -39 -40 -41 -42 -43 -44 -45 -46
leaf_value=0.037160723748258864 -0.017483813129607357 0.025639318772516118 -0.0046504608358974957 0.013011821677618083 0.033843081513659105 -0.0024888957412777359 -0.0087857737636178237 -0.035203609325942825 0.01239018436033024 -0.037078964164964659 0.00192232368476946 -0.023637686134698771 0.017842581478538157 0.0039962906898646459 -0.026456605365795301 -0.0006318684629453529 0.0008129416961896287 -0.014974214383942199 0.0050688346989460498 0.029343909587053442 0.00096747767526742239 0.022422036559519722 0.012329805817303953 0.022529768705138526 -0.018147624313485228 0.0096221322420336885 -0.0034270527565658992 -0.008481327702602284 -0.0058821719551288799 -0.013929989532569619 0.019556299958407505 0.014544704630219688 -0.0091628260602312703 0.029303794343486261 -0.025639521623269268 0.037344306152788428 0.0015022752512566131 -0.027630540133368135 0.0144012145304508 -0.034649656294286853 0.0010918737262883471 -0.0034171571034454606 -0.035136617443868631 -0.014899704361730035 0.010332756709546795
leaf_weight=5.8664649724960354 5.6569335013628033 5.1894756108522406 5.1353941112756738 5.1897588819265383 7.9543530344963074 9.1412048339843732 4.9113471508026105 5.11804474890232 6.1796426922082892 11.247153446078302 8.9230038076639158 5.5625662207603481 8.9252075701951981 5.2062072306871432 7.1032344996929195 6.4424482733011246 5.4639534652233142 8.6604993194341642 5.6901834309101096 11.911809161305429 8.1453201323747617 4.9590217024087861 8.929630517959593 7.9458529949188277 8.6729764342308027 6.2045550793409339 9.166781097650528 5.1999942809343311 6.8979286998510405 6.6354688704013824 5.2213507890701294 6.2032429128885278 10.826632499694831 5.4679109454154968 6.6499660611152631 9.4548472762107831 5.4621670842170733 4.9345087707042694 9.6377455145120585 9.7705792784690857 5.6634846180677423 4.8959263116121283 8.7343553453683853 4.9419219791889191 4.9368586391210574
leaf_count=24 23 21 21 21 32 37 20 21 25 46 36 23 36 21 29 26 22 35 23 48 33 20 36 32 35 25 37 21 28 27 21 25 44 22 27 38 22 20 39 40 23 20 36 20 20
internal_value=0 -0.00134813 -0.0104678 0.000116884 0.00120925 0.0152976 -0.000261237 -0.0140572 -0.00904679 -0.0127686 -0.0191458 0.00212551 0.0187482 0.00114931 -0.000981168 0.00318735 -0.00928218 0.00273568 -0.0179941 0.0107144 0.0189676 0.00649377 -0.0053053 0.00962203 -0.000306319 0.0163265 0.0091474 0.00788392 -0.000596451 -0.001522 0.00594154 0.00612711 0 0.0173624 -0.0150749 0.0285112 -0.0276523 -0.0135609 0.00582174 -0.0244322 -0.0120321 -0.0209376 -0.0257947 -0.00542429 0.0272718
internal_weight=321.038 301.046 40.9583 260.088 243.145 22.0324 221.112 16.9433 46.8792 40.6995 30.5668 174.233 19.9917 169.044 138.838 92.5592 46.2792 19.5924 26.6868 30.2053 20.0571 79.4668 16.0329 63.4339 25.7856 37.6483 17.1126 14.1252 22.1926 11.8252 10.1327 21.9889 17.0299 10.9319 13.0924 15.6594 21.6438 10.3967 16.5357 20.9966 11.2261 18.7657 13.8697 10.1481 12.8912
internal_count=1301 1220 167 1053 984 89 895 69 190 165 124 705 81 684 562 374 188 79 109 122 81 321 65 256 104 152 69 57 90 48 41 89 69 44 53 63 88 42 67 86 46 77 57 41 52
is_linear=0
shrinkage=0.03


Tree=15
num_leaves=48
num_cat=0
split_feature=16 42 16 16 0 38 16 56 52 55 48 42 45 34 47 33 27 61 18 30 44 59 36 32 18 40 33 44 25 45 5 40 40 55 36 58 16 46 58 5 47 47 55 57 47 24 43
split_gain=8.57819 4.82151 6.14846 8.63103 7.80879 7.6344 4.99355 4.61066 4.40209 5.59268 7.94514 4.05794 3.83979 3.28977 3.22772 4.98871 5.47363 5.41499 5.39576 5.03416 3.78915 6.12707 5.41783 5.23785 4.91127 4.04964 3.13847 3.07 2.9938 2.90048 4.23568 8.85755 3.48469 5.78557 5.23833 2.50557 2.49647 2.22614 2.16677 1.57923 1.23247 0.803716 0.782343 0.691326 0.596656 0.468791 0.0961451
threshold=-1.5147970333911924 -0.72500780178695667 0.26107790723932117 0.69765602201607113 -0.059684310399897585 -0.18671927345493336 -0.51088464605934425 1.9261840448933272 0.40603223384198273 -0.93766827094986815 -0.70101105095526972 -0.4742307595470549 0.43654293728833155 -0.48739915219045743 -1.4179077392621744 0.36683343449206246 -0.4102640533190835 306.50000000000006 0.6606726926565335 0.38800057762403822 0.83268693507332003 -0.90611567511499869 0.40846737072151201 0.51161105254744887 0.48027169866245184 0.10440639178815413 -0.40051338763257899 -0.21908559165521319 -0.36788297411228221 -0.9476253216890812 0.19771385634526897 -0.29018453568642755 -0.69995203729464661 -0.55084026445376266 -1.1008383189847908 -0.84553114790396355 0.20363360881042833 0.3033254637417272 1.0000000180025095e-35 -0.69907783861288253 0.07283457748139946 0.18306605750527885 0.58239125917529999 -1.0000000180025095e-35 0.047339561973561449 -1.1664220172588151 1.2840869726275621
decision_type=2 2 2 2 2 2 2 2 2 2 2 2 2 2 2 2 2 2 2 2 2 2 2 2 2 2 2 2 2 2 2 2 2 2 2 2 2 2 2 2 2 2 2 2 2 2 2
left_child=12 2 4 43 6 -5 -2 11 9 -8 -11 13 -1 45 36 18 35 -18 20 -19 21 23 29 27 38 -24 -27 -16 -14 -23 32 -32 34 -34 -31 -17 -13 -21 46 -20 -37 -12 -40 -4 -15 -3 -22
right_child=1 7 3 5 -6 -7 8 -9 -10 10 41 14 28 44 15 16 17 19 39 37 24 22 25 -25 -26 26 -28 -29 -30 30 31 -33 33 -35 -36 40 -38 -39 42 -41 -42 -43 -44 -45 -46 -47 -48
leaf_value=0.036434379816990582 0.028324252719282569 -0.011701762452449423 -0.030948140659054917 0.029552884460725126 0.033053914992353418 -0.010321133423117135 -0.016607138807041923 0.018957215895565423 -0.02152801644850301 -0.0099324996169509495 0.036959069198643585 -0.028545429155046129 0.017394359998094688 -0.0090789625598454333 -0.03607785971757492 0.0024176443274024242 -0.024657370358059042 -0.0096515978253908803 -0.005275480246710801 0.0018383709331289534 -0.033709103942878287 -0.01587206811064576 0.03131539480359858 0.006960209382697864 0.00960185134490457 -0.006521268727512337 0.020406160798963024 -0.0044589272583597942 -0.008286080477539098 -0.0014059720732327162 -0.027976664415162635 0.010618908971275586 -0.022532517759961148 0.0078496644527539881 0.033309301761952959 0.035025577971818413 0 0.030391589643065004 -0.01344212365852231 -0.029716016240415467 0.0093405391869255221 0.012491398440977774 0.0010416158805492803 -0.0092630010275911966 0.0031206159560056503 -0.03388064254243308 -0.014159635030498831
leaf_weight=5.8343004286289242 4.9492760151624671 4.8676193207502365 6.3519460111856461 6.7030289024114609 10.444643989205359 7.6597155183553678 6.1648401618003872 6.4467095434665671 5.6564696729183188 6.8220888227224394 5.4856746792793274 6.0325708091258985 8.9192783534526825 5.6383968740701658 7.3031778782606134 6.7159242033958462 5.6220900863409069 8.8642657846212405 5.1504516303539276 4.9574097096919996 5.6469867825508171 8.3467934876680285 7.948409557342532 5.6995721459388724 5.9453677535057059 8.1541438698768616 4.9387365281581852 5.4211344271898279 5.1982197463512394 6.1836815625429153 9.5944567024707812 8.8923815935850126 5.8886008858680681 22.229238152503989 7.4429627507924945 6.447907015681265 4.9468198269605637 5.213332787156105 4.9311729222536069 7.7573297768831235 4.9643816202878952 5.4648812413215637 5.1791270226240158 4.9251149743795413 5.1939655095338821 5.875108554959299 5.6736542582511902
leaf_count=24 20 20 26 27 42 31 25 26 23 28 22 25 36 23 30 27 23 36 21 20 23 34 32 23 24 33 20 22 21 25 39 36 24 90 30 26 20 21 20 32 20 22 21 20 21 24 23
internal_value=0 -0.00131443 0.00543514 -0.00591878 0.0120173 0.00894451 0.00437922 -0.00343373 -0.000605573 0.00508049 0.0136217 -0.00422774 0.0183181 -0.0162212 -0.00280778 -0.00179264 0.00701994 -0.00205465 -0.00441952 0.00564247 -0.00248313 4.11494e-05 0.00338959 -0.0149745 -0.0121379 0.016162 0.00427829 -0.0249194 0.0076667 -0.00070572 0.00163342 -0.0097079 0.00695727 0.000465354 0.0185818 0.0188822 -0.0176577 0.0190134 -0.0186641 -0.0219448 0.0267002 0.0282064 -0.00632986 -0.0241463 -0.00307483 -0.0269863 -0.0271823
internal_weight=320.693 300.742 70.6277 25.6398 44.9879 14.3627 34.5432 230.114 29.594 23.9375 17.7726 223.667 19.9518 21.5751 202.092 191.113 42.7853 24.6571 148.327 19.035 135.42 108.043 89.6194 18.4239 27.3763 21.0413 13.0929 12.7243 14.1175 68.5781 60.2313 18.4868 41.7445 28.1178 13.6266 18.1282 10.9794 10.1707 21.4309 12.9078 11.4123 10.9506 10.1103 11.2771 10.8324 10.7427 11.3206
internal_count=1301 1220 286 104 182 58 140 934 120 97 72 908 81 88 820 775 173 100 602 77 549 438 363 75 111 85 53 52 57 278 244 75 169 114 55 73 45 41 87 53 46 44 41 46 44 44 46
is_linear=0
shrinkage=0.03


Tree=16
num_leaves=50
num_cat=0
split_feature=16 41 20 39 61 47 61 44 60 57 42 20 19 2 54 56 40 42 16 60 16 45 37 38 26 45 50 41 44 42 40 54 36 20 43 55 61 30 16 12 4 45 55 61 55 36 45 39 50
split_gain=8.25306 8.29136 4.67976 6.17158 5.71183 4.15804 6.39904 7.02058 6.22525 5.89519 9.15131 6.05001 6.54183 5.40075 5.28418 5.14655 5.06598 5.03216 4.24744 3.4685 3.05956 2.96669 3.43155 5.4939 2.96403 3.8629 3.4067 2.952 4.52953 3.60846 2.7027 2.6825 2.59805 2.52164 2.78349 2.33989 3.56064 2.33358 2.16049 2.02431 1.73037 1.54318 1.51278 1.04944 0.869151 0.799464 0.623313 0.536438 0.266499
threshold=0.12668463872268504 -0.71220238101703992 -0.79699419374302249 0.82831886617618278 178.50000000000003 -0.92672631881982725 478.50000000000006 -0.49749596637747195 357.50000000000006 1.0000000180025095e-35 0.57067358311920258 0.51204436964502487 -0.95366428097115963 -0.034168348054247281 0.19540546883314064 -0.79917260807700286 -0.83654120449738645 -1.0000000180025095e-35 0.70888836937555444 306.50000000000006 0.054747091205873163 -0.31798674469097782 0.13531124961836907 0.79230793968399982 -0.43468112535816461 -0.32450173517593139 -0.64230166770173913 1.082198209858412 1.0000000180025095e-35 0.21540610661267498 -0.42677370288916744 0.055387862008276105 -0.27002784758682591 -0.535186481065413 1.0000000180025095e-35 0.48229725169126353 377.00000000000006 -0.23330337513981705 0.22172792870124314 -0.1596985336553384 0.36211341692579113 -1.0000000180025095e-35 0.4520809113683486 651.00000000000011 0.19453411823340136 0.14537738811215647 -1.1193405830928898 -0.94179566898484857 -0.21849820900770453
decision_type=2 2 2 2 2 2 2 2 2 2 2 2 2 2 2 2 2 2 2 2 2 2 2 2 2 2 2 2 2 2 2 2 2 2 2 2 2 2 2 2 2 2 2 2 2 2 2 2 2
left_child=1 20 3 40 -4 8 9 41 -2 11 13 12 19 35 16 -16 -13 38 33 -7 32 -9 23 43 25 -14 -26 28 29 30 -6 -21 -1 34 -10 36 -11 -5 -18 -30 -3 -8 -12 -23 -17 -38 -36 -35 -41
right_child=5 2 4 37 27 6 7 21 18 10 42 14 24 -15 15 44 17 -19 -20 31 -22 22 -24 -25 26 -27 -28 -29 39 -31 -32 -33 -34 47 46 -37 45 -39 -40 48 -42 -43 -44 -45 -46 -47 -48 -49 -50
leaf_value=0.010811672552546781 0.012062787243711806 -0.03098120932253413 -0.019349998315255447 0.019570380454980645 -0.014720300964004252 -0.019106149097941085 0.010301002534351174 -0.01399859194595514 -0.027630406424979166 0.040593606894764003 -0.020605681201744989 -0.029470071747354533 -0.022666952520062098 -0.01102796873352511 0.02937910417490194 -0.0095129012642912094 0.021479780378227419 -0.01951400989497715 0.0031961187035655673 0.018320354983759873 0.00019989305510083194 -0.00072078904166220342 0.025354207526544787 0.020221686584342369 -0.0078919636895882495 0.0080081532543908943 -0.036529727842473117 -0.0049737931435866172 0.0054592891739811645 0.018612776222649171 0.0093664428879498534 -0.0046047094056694592 0.037799769948445708 -0.039698616767559002 -0.0090179479153504466 0.0014533957278074366 0.017141751400717869 -0.0050088636390115794 -0.0014159995028075454 0.040114120361058284 -0.0069299688339467839 0.039529380822790124 0 -0.019545764541241333 0.005903834330874754 0.00057352746495666757 0.0033623589446332377 -0.01575329233027379 0.017134126956478674
leaf_weight=7.8438251167535844 6.95351718366146 6.5730549693107623 4.9305827468633643 5.4230483919382095 8.3639779984951002 5.3761659264564541 4.9454878568649292 6.9193197339773205 4.7738132029771831 6.7172055244445845 9.0766454041004163 5.8722885102033642 6.1289980858564377 5.153280287981036 7.2134189754724529 4.9370045959949476 6.1969080418348348 6.1346256881952259 6.9166295379400244 6.9550051093101493 4.9703802466392508 5.4378636032342964 4.9528888165950766 5.9671472162008277 6.8565404564142236 5.6654639244079572 15.296187877655029 7.6525989919900885 4.9710389077663448 8.1797156631946546 5.6706528365612057 8.3981035500764829 9.8480595499277097 6.4575710147619247 4.7973054200410852 5.9364876300096503 7.4515373557806015 5.4422267079353315 5.9518924951553345 5.4630790650844583 6.9184579849243164 5.2169203609228116 4.9286992996931067 5.9127773344516754 4.9635939002037048 4.9635921865701675 6.611305654048917 5.8199193626642245 6.2044717669486973
leaf_count=32 28 27 20 22 34 22 20 28 20 27 37 24 25 21 29 20 25 25 28 28 20 22 20 24 28 23 63 31 20 33 23 34 40 27 20 24 30 22 24 22 28 21 20 24 20 20 27 24 25
internal_value=0 0.0071468 0.0021359 -0.00826625 0.00726968 -0.00322453 -0.00115459 0.00927165 -0.0115265 -0.00419118 0.00467728 -0.00834984 -0.014759 0.0138753 0.000220947 0.012513 -0.0084764 0 -0.0166279 -0.000992216 0.0224842 0.00113582 0.00667701 0 -0.0225985 -0.00823982 -0.0289823 0.0107334 0.0140457 0.00430664 -0.0046372 0.00613067 0.0279272 -0.0215648 -0.0114726 0.019554 0.0243655 0.00765968 0.0109003 0.0252861 -0.0209754 0.0289743 -0.0142063 -0.0121308 -0.00149769 0.0117248 -0.0018217 -0.0317342 0.0316936
internal_weight=320.311 98.4552 75.7929 24.3568 51.4361 221.856 179.526 39.3524 42.3301 140.174 44.2274 95.9462 54.6765 30.2221 41.2697 17.114 24.1557 18.2834 35.3765 20.7293 22.6623 29.19 22.2707 17.3178 33.9472 11.7945 22.1527 46.5055 38.8529 22.2143 14.0346 15.3531 17.6919 28.4599 16.1824 25.0688 19.1323 10.8653 12.1488 16.6386 13.4915 10.1624 14.0053 11.3506 9.9006 12.4151 11.4086 12.2775 11.6676
internal_count=1301 399 307 99 208 902 728 159 174 569 179 390 223 122 167 69 98 74 146 84 92 118 90 70 139 48 91 188 157 90 57 62 72 118 67 101 77 44 49 67 55 41 57 46 40 50 47 51 47
is_linear=0
shrinkage=0.03


Tree=17
num_leaves=48
num_cat=0
split_feature=18 29 48 60 23 46 51 24 55 33 61 46 15 20 27 30 45 30 28 54 0 23 46 55 43 41 57 0 25 33 40 15 46 47 18 62 46 55 37 56 31 31 61 43 20 33 40
split_gain=6.97045 3.4293 3.12202 7.29638 5.52458 4.54712 4.14577 7.35552 4.01099 4.00117 3.96151 4.24482 3.5671 4.65408 3.81015 4.4749 5.79761 4.70608 4.25076 4.92872 6.10343 5.60643 9.95688 4.0769 3.63242 3.61955 3.40449 3.18317 2.93765 3.59634 5.36142 2.38883 2.33752 2.16061 2.08696 1.68265 1.64058 1.59694 3.0844 1.21301 1.14319 1.04843 1.04324 0.925743 1.20896 0.607792 0.142047
threshold=-1.6995386537779575 0.38231267584774786 -0.90331468590503194 357.50000000000006 0.95851556459009968 -0.8171217209304279 -0.97139649262004635 -0.64943616159482009 -1.0153658828695182 -0.84476681096789796 478.50000000000006 0.74391099807274286 0.61069475717489918 1.0000000180025095e-35 1.4959040138653403 0.63652215872958007 0.122601605367247 0.88504373983512241 -0.31883780117197397 -1.1859465762757517 -0.31271955774024934 1.0000000180025095e-35 -0.51680693591273263 -0.62958982847633238 -0.35993187407258037 -0.71220238101703992 -0.56422382789011649 0.19335093694045388 0.75299700087619603 1.0000000180025095e-35 0.22690302586680158 2.1550591308657303 -0.37245049411448189 -1.5226426134513618 0.32421986335365172 1.0000000180025095e-35 -0.23100510769944352 -0.73814331946010103 1.0000000180025095e-35 -1.0000000180025095e-35 1.0000000180025095e-35 0.2794980637225859 642.00000000000011 0.24287503638413829 0.51204436964502487 0.36683343449206246 0.22690302586680158
decision_type=2 2 2 2 2 2 2 2 2 2 2 2 2 2 2 2 2 2 2 2 2 2 2 2 2 2 2 2 2 2 2 2 2 2 2 2 2 2 2 2 2 2 2 2 2 2 2
left_child=1 -1 3 -2 6 8 7 -4 -6 -5 11 43 14 24 15 18 17 -17 19 34 -21 22 45 35 -14 -25 27 -11 29 30 32 -3 -27 -28 -8 -20 -19 -15 -39 -35 -9 -23 -12 -7 -45 -22 -18
right_child=2 31 4 9 5 10 12 40 -10 26 42 -13 13 37 -16 16 46 36 23 20 21 41 -24 25 -26 28 33 -29 -30 -31 -32 -33 -34 39 -36 -37 -38 38 -40 -41 -42 -43 -44 44 -46 -47 -48
leaf_value=0.0023316396159435951 0.015244547516309853 0.040121103143915052 0.013063735421663083 0.0087374249958143049 -0.0091985898636511836 -0.030368033574361204 0.032463412337566729 -0.035167064703962976 0.023960915147973272 -0.016157572285788482 0.010795664641119959 0.0017383033314549807 -0.014739018741696168 0.033225819289071958 -0.017991436056598729 0.018386092256554236 0.013478751794638538 -0.020437665647052981 -0.0035613558189753133 -0.018960722664004424 -0.031250624496862167 0.007733374621086927 0.015951707177450831 0.017362460683598858 0.014553727792566988 -0.0016083837303253236 -0.0069011177353442742 0.0084542676657856624 0.010333139364479871 -0.023471832303908972 -0.017786271196720691 0.0075005022786810904 0.024158253961532095 -0.035323757464053758 0.0042958995622445848 -0.027928180376257626 0.00068680821088944351 0.025345604432408672 -0.0039449903482345191 -0.012141529048310637 -0.010015157699272198 0.024748427323080861 -0.0059216901796816032 -0.022031861277978623 -0.0011508238385633809 -0.0095064907337282564 0.032545789519580676
leaf_weight=9.6254292130470294 8.9467420727014524 5.1275046467781049 5.8854115456342724 5.6850134432315818 4.9223120659589767 12.68992124497891 6.214883476495741 4.8841312378644925 5.2158623039722425 7.8941231518983788 5.2105273455381376 6.6442809998989096 6.5723225176334381 7.1781883686780956 6.6052795499563208 6.9186668097972932 5.4509132057428342 5.3968292027711895 5.1576871722936612 9.1067752391099912 5.129940509796139 9.3988068699836749 9.6519054919481313 6.4623572379350653 5.6799330562353152 4.9342141300439817 8.0422861576080305 7.8655524849891663 7.1567625999450675 9.0661217570304853 8.095624163746832 4.8987079709768295 5.1765180528163981 10.228443518280981 4.963306799530983 7.3466462343931198 5.1790288388729051 4.968670040369032 5.1940600574016571 6.369849622249613 5.6547499746084213 9.4370438605546934 4.9369008243083954 4.9076379686593992 5.4440230429172516 4.9330258518457413 7.4364293068647385
leaf_count=39 36 21 24 23 20 52 25 20 21 33 21 27 27 29 27 28 22 22 21 37 21 38 39 26 23 20 33 32 29 37 33 20 21 43 20 30 21 20 21 26 23 38 20 20 22 20 30
internal_value=0 0.016634 -0.00118112 -0.00754033 0.000258924 -0.00846599 0.00257012 -0.0111405 0.00823514 -0.0124309 -0.0130064 -0.0183393 0.00394495 0.0132312 0.00195013 0.00309302 0.0130153 0.000969675 0.000218014 0.00576128 0.00116755 0.00660427 -0.00426368 -0.00577121 -0.000616868 -0.000802863 -0.015759 -0.00385913 -0.004962 -0.00951368 -0.001001 0.0277538 0.0124837 -0.0224822 0.0224178 -0.019764 -0.0107957 0.0226042 0.011279 -0.0285024 -0.0250993 0.0177499 0.00243206 -0.0241257 -0.0130921 -0.0237262 0.0271442
internal_weight=319.891 19.6516 300.24 55.032 245.208 49.9715 195.236 16.4243 10.1382 46.0853 39.8333 29.6859 178.812 29.5932 149.219 142.613 30.3819 17.4945 112.232 58.8357 47.6575 38.5507 19.7149 53.3959 12.2523 40.8916 40.4003 15.7597 34.4292 27.2725 18.2064 10.0262 10.1107 24.6406 11.1782 12.5043 10.5759 17.3409 10.1627 16.5983 10.5389 18.8359 10.1474 23.0416 10.3517 10.063 12.8873
internal_count=1301 80 1221 226 995 203 792 67 41 190 162 121 725 120 605 578 123 71 455 238 193 156 80 217 50 166 167 65 140 111 74 41 41 102 45 51 43 70 41 69 43 76 41 94 42 41 52
is_linear=0
shrinkage=0.03


Tree=18
num_leaves=48
num_cat=0
split_feature=16 42 16 16 13 16 52 53 48 27 46 20 39 55 55 58 32 5 44 31 45 58 46 24 12 45 47 46 46 49 16 16 25 49 49 29 13 46 46 45 31 55 33 39 29 45 13
split_gain=7.71428 4.43469 5.59841 8.35542 7.41214 4.75023 5.68951 5.68847 4.60413 4.1241 5.87315 4.57588 4.49158 4.46517 5.77941 4.4369 4.29247 9.37111 6.15912 4.66603 3.69015 3.65462 3.9348 3.56465 5.00069 4.41003 3.72036 5.62373 5.40213 3.42627 3.41315 3.06608 2.83488 2.50858 3.13127 2.46786 2.46295 2.3015 3.36191 3.0458 2.70868 1.20548 1.06366 0.855353 0.339666 0.247069 0.00977831
threshold=-1.5147970333911924 -0.72500780178695667 0.2623493695320766 0.69765602201607113 -0.22440970156675419 -0.51088464605934425 0.40603223384198273 -0.33611145028219497 -0.71757193715237333 1.1782093360012698 0.2759384371969773 1.035659795000244 0.056730479054707482 -1.1678646999999478 0.1501616650933158 -1.0000000180025095e-35 1.0000000180025095e-35 -0.31966596766904926 0.83268693507332003 1.1431142852727152 0.43654293728833155 -0.84553114790396355 -1.0000000180025095e-35 1.2892607971451615 -0.25736857369815735 0.87329517240552701 -0.17929237655905542 0.72454042641637806 -1.3226304587756152 -1.0000000180025095e-35 0.87564985202991752 0.39180403682826209 -0.36788297411228221 -0.2194434652537364 0.20148679393551697 -0.33091735287126595 -1.0000000180025095e-35 0.24696130054158513 0.59893385070125338 -0.56460931056466956 -0.58411815782754306 0.30149190216333138 -0.40051338763257899 0.55599355307448572 -0.33091735287126595 -0.29246475780823578 -0.6863954108013347
decision_type=2 2 2 2 2 2 2 2 2 2 2 2 2 2 2 2 2 2 2 2 2 2 2 2 2 2 2 2 2 2 2 2 2 2 2 2 2 2 2 2 2 2 2 2 2 2 2
left_child=20 2 4 46 41 -6 7 -7 -9 11 45 16 -12 -13 33 43 17 31 23 35 -1 22 -19 24 -18 -25 27 -26 -28 -30 -5 42 -22 -15 -35 -20 44 39 -39 40 -23 -2 -3 -16 -31 -11 -4
right_child=1 9 3 30 5 6 -8 8 -10 10 12 13 -14 14 15 -17 18 21 19 -21 32 37 -24 25 26 -27 28 -29 29 36 -32 -33 -34 34 -36 -37 -38 38 -40 -41 -42 -43 -44 -45 -46 -47 -48
leaf_value=0.035239539300793009 0.012331159732443761 0.0050913961870243021 -0.03033122378336724 0.025620915523517414 0.027208913210324912 -0.011958947857685878 -0.024848118757012712 -0.0043868009191946325 0.027718961420032856 -0.036413669115272856 -0.015790320230472821 0.029242996683107189 0.011785401549710863 -0.021123498382334936 0.0098114852182649166 0.034610683561112243 -0.012436218568348482 0.013486251096056886 -0.016297414993908785 -0.035661459976336844 0.016564696627716782 0.001838948073962861 -0.017854920254443039 -0.023336164272572235 -0.016036798325662498 0.0097278269624494103 -0.0072845777370767533 0.019767547529402785 0.032371425496927175 0.024043749732888517 -0.001964740414790177 0.018856789090649733 -0.0084123914534316759 0.012984690125494833 -0.01419141700056202 0.0074207469692450321 -0.0046796114063766183 0.009360872613508613 -0.020637635139753835 -0.033083988952051141 -0.022442775520987425 0.040150634229296565 -0.011367866913118451 -0.0054825451802895421 0.0088246517531056605 -0.014320808094542557 -0.01276259800590723
leaf_weight=5.7671189606189754 4.9711090475320798 5.4288824647665024 5.087186187505722 4.9344429075717917 4.9194071888923636 8.8413961529731768 5.6279171258211127 5.3231700211763373 9.4441266059875506 5.8084982186555862 9.2944195717573184 5.4735060781240454 8.8769816756248456 6.585088536143302 4.9207715988159162 5.1940735280513755 8.0977950245141965 6.4135538041591644 5.6232092231512079 4.909843683242797 8.8905245363712311 6.6411798596382141 5.0998658984899503 6.8842157423496229 8.5837992280721647 4.9519262462854385 6.4008080363273541 4.951245352625846 12.884981691837305 5.2184136360883677 9.3907334804534894 9.3476238399744016 5.1951022744178745 6.6793747693300265 5.6455237567424774 7.1534218788146982 5.4233556836843677 5.141779497265814 5.223492756485939 16.099189087748531 7.2667985409498197 6.1838545650243759 5.3715469390153903 4.9318481087684631 7.6421771198511124 5.1508227884769457 5.6107514202594775
leaf_count=24 20 22 21 20 20 36 23 22 38 24 38 22 36 27 20 21 33 26 23 20 36 27 21 28 35 20 26 20 52 21 38 38 21 27 23 29 22 21 22 66 30 25 22 20 31 21 23
internal_value=0 -0.00124399 0.00524157 -0.00577196 0.011442 0.00379474 -0.00108534 0.00548638 0.0164396 -0.00328028 -0.0135656 -0.0016641 -0.00214273 0.00726513 0.00246602 0.0156781 -0.00393811 -0.00930207 0.000432513 -0.0146176 0.0174162 -0.0159543 -0.000393125 0.00448702 0.00755117 -0.00951491 0.0110966 -0.00187472 0.0158159 0.0208601 0.00868609 0.00747015 0.00704457 -0.00813248 0 -0.0032133 0.0106053 -0.0200756 -0.0059488 -0.0242494 -0.0114084 0.0311584 -0.00299479 0.00191448 0.0172843 -0.0294859 -0.0243114
internal_weight=319.507 299.654 70.3341 25.0231 45.311 34.156 29.2366 23.6087 14.7673 229.32 29.1307 200.189 18.1714 39.4302 33.9567 15.0467 160.759 72.0339 88.7252 17.6865 19.8527 51.8859 11.5134 71.0387 59.2026 11.8361 51.1048 13.535 37.5697 31.1689 14.3252 20.1481 14.0856 18.91 12.3249 12.7766 18.2839 40.3724 10.3653 30.0072 13.908 11.155 10.8004 9.85262 12.8606 10.9593 10.6979
internal_count=1301 1220 286 102 184 139 119 96 60 934 119 815 74 160 138 61 655 295 360 72 81 213 47 288 240 48 207 55 152 126 58 82 57 77 50 52 74 166 43 123 57 45 44 40 52 45 44
is_linear=0
shrinkage=0.03


Tree=19
num_leaves=48
num_cat=0
split_feature=16 42 16 16 13 16 52 53 48 56 42 16 34 47 33 18 27 61 30 44 60 59 36 34 40 36 33 11 40 4 41 36 11 16 59 40 54 36 20 27 8 57 37 18 24 54 26
split_gain=7.35483 4.22046 5.35554 7.67127 7.50206 4.55171 5.42593 5.40044 4.38273 4.35194 3.84557 3.26197 2.98266 2.89569 4.5868 5.02624 4.97364 5.00359 4.73441 3.534 5.8455 5.65962 4.89173 4.56173 3.76632 3.49287 2.9489 2.54673 4.29187 4.76284 4.58446 4.44982 2.46087 2.28848 2.27346 2.15026 2.11597 1.95537 1.93194 1.11078 1.09276 0.659283 0.633171 0.53504 0.460984 0.294611 0.0079974
threshold=-1.5147970333911924 -0.72500780178695667 0.26107790723932117 0.69765602201607113 -0.22440970156675419 -0.51088464605934425 0.40603223384198273 -0.33611145028219497 -0.71757193715237333 1.9261840448933272 -0.4742307595470549 0.87564985202991752 -0.48739915219045743 -1.4179077392621744 0.36683343449206246 0.6606726926565335 -0.4102640533190835 306.50000000000006 0.38800057762403822 0.83268693507332003 221.00000000000003 -0.90611567511499869 0.40846737072151201 0.65537050254374385 0.10440639178815413 0.97618785951012166 -0.40051338763257899 -1.0138695815251342 -0.83654120449738645 -0.19765646494605529 1.082198209858412 -1.2670004132643837 -1.999974815669032 0.20363360881042833 0.33773185147388385 0.33067531523511701 0.57291906329252817 -0.27002784758682591 1.0000000180025095e-35 1.0000000180025095e-35 -0.85590856392505243 -1.0000000180025095e-35 0.61843182604590607 0.53255007178480784 -1.1664220172588151 0.83194497435297865 -0.94900464872711876
decision_type=2 2 2 2 2 2 2 2 2 2 2 2 2 2 2 2 2 2 2 2 2 2 2 2 2 2 2 2 2 2 2 2 2 2 2 2 2 2 2 2 2 2 2 2 2 2 2
left_child=32 2 4 41 46 -6 7 -7 -9 10 12 -5 44 33 15 19 34 -18 -19 21 -21 23 27 39 -24 45 -26 -23 31 38 -31 -29 -1 -12 42 -20 -33 -34 -30 -15 -17 -4 -16 -14 -3 -22 -2
right_child=1 9 3 11 5 6 -8 8 -10 -11 13 -13 43 14 16 40 17 18 35 20 25 22 24 -25 26 -27 -28 28 29 30 -32 36 37 -35 -36 -37 -38 -39 -40 -41 -42 -43 -44 -45 -46 -47 -48
leaf_value=0.0023543223909574407 0.016418534895131745 -0.011085870845520446 -0.029399194232854572 0.025050027436028133 0.026641607431657322 -0.011663672457650008 -0.024320564048408572 -0.0042865596711912576 0.027029542323902544 0.018570881127182391 -0.027217313999721181 -0.0019141043802584207 0.0021796371414335792 -0.033586534277198238 0.0303907685687245 -0.0065197405110993386 -0.023663943865224215 -0.009320377377368393 0.0016531805272734716 0.014203247711590835 -0.016278057449348637 -0.013997924734398867 0.030146860523149653 0.003458471020209354 -0.0064261365426178238 -0.001766365447146408 0.019680822112372969 -0.0064673900895012917 -0.027657268539853889 0.00890292117054221 -0.017098874519652755 0.0066669478993009014 0.0059440465955518202 0 0.0004281300339044799 0.029682509517367433 0.035877814883447261 0.033951726998732598 -0.0017640197664650934 -0.0090469392835624898 -0.028145013232551464 -0.0084937282096483862 0.0095412525866122276 -0.0093810407189464616 -0.032741558735125603 -0.035888373908031491 0.038613670142141024
leaf_weight=7.8725038766860989 5.1939414441585541 4.8307986408472061 6.2685372829437256 4.929744526743888 4.9055843502283087 8.8313925415277499 5.6102999299764624 5.3193586766719809 9.4328825771808642 6.4288783818483344 5.9508554339408857 9.3896799683570844 5.8876640200614911 6.0556457936763781 7.6742429584264773 5.3718733936548233 5.5758550763130215 8.8282343447208422 4.9540376812219602 4.9574630856514004 8.5744617134332675 9.3028423935174853 7.9290871918201473 7.1440203785896292 8.1287630647420883 8.5840618610382062 4.9393015056848499 5.1826378256082561 6.545220434665671 25.061681538820292 6.3675930202007285 5.4136473238468081 4.8642782121896753 4.9360987991094589 5.4614168256521216 5.2082619369029999 5.4541424214839935 7.0653179883956883 4.9245938658714294 5.104511946439743 7.4390797764062864 4.8927488774061221 4.9615968018770218 4.908470556139946 5.8207587897777575 5.143888682126998 5.4413598328828794
leaf_count=32 21 20 26 20 20 36 23 22 38 26 25 38 24 25 31 22 23 36 20 20 35 38 32 29 33 35 20 21 27 102 26 22 20 20 22 21 22 29 20 21 31 20 20 20 24 21 22
internal_value=0 -0.00121465 0.00511711 -0.00550266 0.0112781 0.00369403 -0.00107999 0.00533325 0.016015 -0.00320234 -0.00397796 0.00848459 -0.0156831 -0.00259361 -0.00163014 -0.00415872 0.00682748 -0.0018383 0.00554035 -0.00228718 -0.0116317 0.000153615 0.00337606 -0.0143214 0.0155181 -0.0181596 0.00404 -0.000526672 0.00179457 -0.00310575 0.00291381 0.0143799 0.0170266 -0.0167126 0.0181375 0.018503 0.0243853 0.0249179 -0.0184923 -0.0252381 -0.0211302 -0.0228008 0.0245096 -0.00309168 -0.0259946 -0.0268381 0.031638
internal_weight=319.069 299.267 70.2155 25.4807 44.7348 34.0995 29.1939 23.5836 14.7522 229.052 222.623 14.3194 21.4477 201.175 190.288 147.625 42.6636 24.5664 18.9905 134.814 27.2599 107.554 89.2495 18.3042 20.9972 22.3024 13.0681 68.2524 58.9495 42.8991 31.4293 16.0504 19.8021 10.887 18.0973 10.1623 10.8678 11.9296 11.4698 11.1602 12.811 11.1613 12.6358 10.7961 10.6516 13.7184 10.6353
internal_count=1301 1220 286 104 182 139 119 96 60 934 908 58 88 820 775 602 173 100 77 549 111 438 363 75 85 91 53 278 240 175 128 65 81 45 73 41 44 49 47 46 53 46 51 44 44 56 43
is_linear=0
shrinkage=0.03


Tree=20
num_leaves=48
num_cat=0
split_feature=16 41 29 20 20 16 23 55 47 60 31 57 32 45 16 3 55 30 12 32 60 30 36 29 45 45 28 33 18 6 27 28 16 25 46 3 45 31 20 18 56 16 50 33 46 41 24
split_gain=7.1073 7.26718 4.91963 7.35407 6.09249 5.86189 5.68615 4.59952 3.6127 5.50106 4.77165 4.63699 7.12027 5.00492 4.53339 3.65958 5.46255 6.54392 5.16567 6.19365 4.50891 3.73207 4.64052 5.28217 3.82831 3.12018 4.96245 3.07145 3.06005 6.03129 2.9291 2.95278 2.62725 2.39653 2.36478 3.16 4.26992 2.44861 2.30327 2.2053 2.10393 1.86557 1.17058 1.15117 0.921608 0.71549 0.49875
threshold=0.12668463872268504 -0.71220238101703992 0.38231267584774786 -0.79699419374302249 -1.3206096190982413 -0.61433454552517852 1.2848560943988581 -0.48695721031896311 -0.92672631881982725 430.00000000000006 -0.58411815782754306 1.0000000180025095e-35 0.97404665196679119 0.60333802059943875 0.26107790723932117 1.0941042604348872 1.0128691470210971 0.63652215872958007 -0.23024347683058238 1.2683238515972814 213.50000000000003 -0.44040469272776867 -1.0000000180025095e-35 -1.0000000180025095e-35 0.35095235019193766 0.24647271750939162 -1.1772092017404867 0.12451338540007034 -0.35804945986498699 0.35435318433328356 0.14570163294303992 -0.31883780117197397 -0.10814413717746472 -0.36788297411228221 -0.93268923094560952 -0.099938161957900687 -0.14257905442404087 -0.16773176529444517 -0.535186481065413 0.41102331743794457 1.0000000180025095e-35 -0.22798152593911553 -1.0000000180025095e-35 -0.60244676187590573 0.33097635808274911 0.2448112674498677 0.41684716571216957
decision_type=2 2 2 2 2 2 2 2 2 2 2 2 2 2 2 2 2 2 2 2 2 2 2 2 2 2 2 2 2 2 2 2 2 2 2 2 2 2 2 2 2 2 2 2 2 2 2
left_child=1 28 3 4 -3 42 7 -5 9 -2 38 15 13 25 -12 16 17 18 -10 20 45 22 23 -22 30 26 -13 44 -1 -30 31 -23 -7 -9 -28 36 -36 -37 -11 -19 -25 -35 46 -6 -18 -20 -4
right_child=8 2 5 6 43 32 -8 33 11 10 14 12 -14 -15 -16 -17 27 39 19 -21 21 24 -24 40 -26 -27 34 -29 29 -31 -32 -33 -34 41 35 37 -38 -39 -40 -41 -42 -43 -44 -45 -46 -47 -48
leaf_value=0.033079726679051041 0.0096022008127661755 0.0043585681505027155 0.035555486970919092 -0.0089104156399929472 -0.012600473310848809 -0.015194067106306726 -0.019817559710657618 0.031997613419567215 -0.025704619415630771 -0.010619174255742566 -0.017841852519818208 0.031169944295627614 -0.019635401469865775 -0.011441818471457017 0.01216740775640825 0.015193470384767718 -0.037113596335798887 0.022991138245165084 -0.0095836808461051536 0.021884056087330662 -0.023603488836774999 0.020650630363622472 -0.026820324559868644 -0.0023995409166045287 0.019355606211568559 0.028831492608773296 0.018138424877596183 -0.00074536647780616325 -0.0078085531533770638 0.029570467031126976 -0.016342901663531941 -0.0056602072283428373 0.010021670484641055 -0.0025925545406751899 -0.023026613524484939 0.021437920002470467 0.0077293261058496033 -0.0041958807133944112 -0.035165038635989847 -0.00019525206108112245 0.018558821840910209 0.019302380837080194 0.0085514721800762396 -0.040653090173837135 -0.011602134899322656 -0.030757428528907081 0.012686629033428759
leaf_weight=9.6739522814750689 8.1619901210069639 5.6642522811889675 5.3515311628580111 6.1432030797004762 4.9080450683832177 7.1304410547018051 5.1653075814247122 6.4392509311437687 9.2211288809776288 8.8037452399730665 7.4009590148925799 5.7158759832382158 7.0787452310323706 7.0988226234912863 7.6310704499483109 6.4329675585031501 6.2776669263839739 8.8961578756570798 5.828786373138426 6.4354125559329978 5.1693559587001845 5.1835623830556825 8.3002014607190997 7.3220661580562592 9.3897774666547758 8.6484712213277799 5.6914274245500556 5.4200873374938956 7.3747728019952756 5.4346639215946198 7.0680282562971106 7.3655592799186875 4.9202462285757047 6.1736061722040239 8.0687511265277845 5.71101975440979 5.6646744906902322 4.9031705707311701 9.9850259572267515 4.9042901396751395 6.9323638826608658 4.908630624413477 7.6400837153196361 5.823777794837949 4.8670171350240707 5.1092686355113983 5.1968020796775818
leaf_count=40 33 23 22 25 20 29 21 26 38 37 31 23 29 29 31 26 26 36 24 26 21 21 34 30 38 35 23 22 30 22 29 30 20 25 33 23 23 20 42 20 28 20 31 24 20 21 21
internal_value=0 0.00665401 0.00195333 -0.00418615 -0.0194038 0.0110885 0.00480219 0.0112753 -0.00299528 -0.0107679 -0.0160528 -0.00106154 0.00572372 0.00977947 -0.00252287 -0.00444963 -0.00579656 -0.00285953 -0.00612779 -0.00315074 -0.00604128 -0.00227282 -0.00995548 -0.00105594 0.00500184 0.0135659 0.00870017 -0.021018 0.0210726 0.00906829 -0.00247134 0.0058252 -0.00448611 0.0188127 0.00295525 -0.00120845 -0.0104348 0.0100479 -0.0255949 0.0151479 0.00820885 0.00777347 0.0212679 -0.0314326 -0.0291449 -0.022473 0.0277689
internal_weight=318.636 97.9486 75.4652 45.2261 16.3961 30.2391 28.83 23.6647 220.687 41.9828 33.8208 178.705 58.581 51.5022 15.032 120.124 113.691 97.126 83.3255 74.1044 67.669 56.7309 27.724 19.4238 29.0069 44.4034 35.7549 16.5648 22.4834 12.8094 19.6171 12.5491 12.0507 17.5215 30.039 24.3476 13.7334 10.6142 18.7888 13.8004 14.2544 11.0822 18.1884 10.7318 11.1447 10.9381 10.5483
internal_count=1301 399 307 184 67 123 117 96 902 174 141 728 238 209 62 490 464 396 340 302 276 231 113 79 118 180 145 68 92 52 80 51 49 71 122 99 56 43 79 56 58 45 74 44 46 45 43
is_linear=0
shrinkage=0.03


Tree=21
num_leaves=48
num_cat=0
split_feature=16 42 16 16 13 16 52 53 56 47 42 39 16 11 47 33 18 27 61 30 44 18 43 32 54 27 42 50 26 36 14 31 47 41 16 41 32 46 47 33 46 56 5 18 26 47 55
split_gain=6.80053 4.06423 5.15356 7.28162 6.79946 4.65579 5.14687 5.11682 4.05451 3.82746 3.68415 3.88326 3.08454 2.82617 2.72406 3.97019 4.82496 4.36472 4.73227 4.43642 3.386 4.58124 3.83394 5.3266 4.3092 4.07714 3.89733 4.384 4.68661 2.73582 2.68113 5.4673 3.52696 2.57522 2.13632 2.05319 4.24718 2.02084 1.71184 1.67845 1.597 1.53577 1.38322 0.743833 0.621848 0.363104 0.0688416
threshold=-1.5916355642910898 -0.72500780178695667 0.26107790723932117 0.69765602201607113 -0.22440970156675419 -0.51088464605934425 0.40603223384198273 -0.33611145028219497 1.9261840448933272 -0.75238998076115571 -0.4742307595470549 0.10450684977430362 0.87564985202991752 -1.999974815669032 -1.4179077392621744 0.36683343449206246 0.6606726926565335 -0.4102640533190835 306.50000000000006 0.38800057762403822 0.83268693507332003 0.48027169866245184 1.0000000180025095e-35 0.51161105254744887 -0.67252829726560559 1.0000000180025095e-35 1.2812085361322574 -0.64230166770173913 0.20822327885302794 -0.7685141304256049 -0.84205083739085673 0.2794980637225859 0.14240491200757152 0.56381581693883687 0.20363360881042833 0.56381581693883687 -1.0000000180025095e-35 0.3033254637417272 0.047339561973561449 1.0000000180025095e-35 -0.10659609852121929 -1.0000000180025095e-35 -0.69907783861288253 -2.0131522690122439 -0.94900464872711876 0.52205474939136109 0.36192934035083496
decision_type=2 2 2 2 2 2 2 2 2 2 2 2 2 2 2 2 2 2 2 2 2 2 2 2 2 2 2 2 2 2 2 2 2 2 2 2 2 2 2 2 2 2 2 2 2 2 2
left_child=13 2 4 44 46 -6 7 -7 10 -9 11 39 -5 -1 34 16 20 38 -19 -20 22 35 23 24 -16 29 27 -24 40 -25 -26 41 -33 -30 -12 36 -22 -21 -17 -3 -29 -32 -18 -15 -4 -40 -2
right_child=1 8 3 12 5 6 -8 9 -10 -11 14 -13 -14 43 15 17 42 18 19 37 21 -23 26 25 30 -27 -28 28 33 -31 31 32 -34 -35 -36 -37 -38 -39 45 -41 -42 -43 -44 -45 -46 -47 -48
leaf_value=0.0019999205602547611 0.01523969671884947 -0.0047028231401239967 -0.0082700307639946291 0.024390940371129405 0.026661424881299828 -0.011318392554550921 -0.02369695537598368 -0.0045313514035954993 0.017952822436361038 0.025274162075341777 -0.026408564273245026 0.0048231789736853841 -0.0018359915750081051 0.035172760724275713 0.012839095447551647 0.026308514995761267 -0.0048645111223735958 -0.023104371306758423 -0.0090550213807260686 0.0015230816126163766 -0.02575517721817017 0.0097227759011157579 0.034542611066242929 0 -0.029244695067742812 -0.0073049976489731648 -0.011818558835421728 -0.017442653022879083 0.0029635060337413065 0.02535933292880076 -0.027249245060005246 -0.012982835445915077 0.012563489302133003 0.027146381596661284 0 -0.027818200342674047 0.0063161498136707871 0.028704872462473077 0 -0.028529803305959806 0.0024428549259092372 -0.0051188652289384223 -0.027916773484841128 0.011176360744363624 -0.028715203921993188 0.010824488518870565 0.037194954002844609
leaf_weight=7.8533973395824459 4.9571171849966031 5.10424476861954 4.8781621307134628 4.9199049323797217 5.1165077686309806 8.8122608810663241 5.5847532302141181 4.8052481561899176 6.4241405129432669 9.9035689532756823 5.8942088484764081 5.4285521656274787 9.3782012611627561 5.0412887334823617 5.1371310502290717 8.1647632122039813 5.1254812330007553 5.5482209622859981 8.8081728816032427 4.9501942098140699 4.8683143556118038 5.9156354963779441 4.950827181339263 5.6816527545452109 6.7994909882545391 9.3572512865066511 6.1307775229215613 5.6184245049953461 8.8141213804483431 9.1422929316759127 10.129696741700171 6.3472273945808437 11.069000884890555 7.6841569244861594 4.9347561299800873 9.0163289308547956 7.3779883980751064 5.2172936648130417 4.9538871943950635 10.843662619590758 5.869521841406824 5.809436544775969 7.6184565722942335 5.0966164320707295 6.2206233888864535 5.2113081812858582 5.6325077265501022
leaf_count=32 20 21 20 20 21 36 23 20 26 40 25 22 38 21 21 33 21 23 36 20 20 24 20 23 28 38 25 23 36 37 42 26 45 31 20 37 30 21 20 45 24 24 32 21 26 21 23
internal_value=0 -0.00112193 0.00509436 -0.00534752 0.0111233 0.00390357 -0.0010116 0.00523263 -0.00306656 0.0156485 -0.00381298 -0.015291 0.00826778 0.0171619 -0.00246606 -0.00153783 -0.00388403 0.00631156 -0.00182687 0.00533817 -0.00206731 -0.0112415 0.00029728 -0.00385571 -0.00986892 0.00709215 0.00769981 0.0118637 0.00609509 0.0163837 -0.0132758 -0.00872994 0.00264488 0.0158839 -0.0161963 -0.0175941 -0.00741598 0.0178824 0.0168172 -0.0223076 -0.00771188 -0.0206614 -0.0205552 0.02662 -0.0222598 0.00627666 0.0305798
internal_weight=318.147 300.155 70.2089 25.3969 44.812 34.2223 29.1058 23.5211 229.947 14.7088 223.522 21.3765 14.2981 17.9913 202.146 191.317 148.463 42.8538 24.5239 18.9757 135.719 27.1783 108.541 69.4732 45.292 24.1812 39.0678 32.9371 27.9862 14.8239 40.1549 33.3554 17.4162 16.4983 10.829 21.2626 12.2463 10.1675 18.33 15.9479 11.4879 15.9391 12.7439 10.1379 11.0988 10.1652 10.5896
internal_count=1301 1227 287 104 183 140 119 96 940 60 914 88 58 74 826 781 607 174 100 77 554 111 443 284 186 98 159 134 114 60 165 137 71 67 45 87 50 41 74 66 47 66 53 42 46 41 43
is_linear=0
shrinkage=0.03


Tree=22
num_leaves=50
num_cat=0
split_feature=16 42 16 16 38 15 16 23 46 23 47 34 38 38 20 16 16 15 43 44 46 36 45 54 54 21 44 19 20 46 54 19 31 54 20 19 45 54 45 29 41 54 45 46 33 45 26 36 40
split_gain=6.50739 3.87046 4.91953 7.27544 6.90819 6.16356 4.46374 4.16338 5.85927 6.93849 6.90916 6.13729 4.82714 5.54847 4.18088 4.00313 4.00093 3.71068 5.38338 3.65782 3.22983 3.42006 3.22539 3.9227 4.53443 8.2527 5.54895 4.09638 6.30142 3.94334 3.76389 3.19763 3.32579 3.05495 5.19588 2.83757 2.83324 2.66179 2.63986 2.538 2.47252 2.18238 2.01409 1.77738 1.50717 1.17208 0.435481 0.297787 0.214322
threshold=-1.5916355642910898 -0.72500780178695667 0.2623493695320766 0.69765602201607113 -0.18671927345493336 -0.22440970156675419 -0.51088464605934425 1.0000000180025095e-35 -0.8171217209304279 0.63217503478134163 0.50522926601573237 0.48045677988034574 1.2818215462534666 0.38437993420944444 -1.0588019064206318 0.1661696595882354 0.19216162159440472 -1.1209932500806581 0.95528320328753347 -0.49749596637747195 0.18691277517463759 -0.51927098900621538 -1.2299392660546082 0.051209772552325915 -0.83217027761944085 0.2893639507811554 0.33773515778930435 -1.0715975759232521 -0.535186481065413 0.1920318201807244 -1.1859465762757517 -0.71779769106697455 0.4645586826261851 0.0041170921132025629 -0.535186481065413 0.22566866854976539 0.43654293728833155 1.1800742148686385 0.24647271750939162 0.38231267584774786 0.56381581693883687 -1.1700329605177135 0.92008794909186731 -1.4408083520766071 -0.40051338763257899 0.31461139312951308 -0.94900464872711876 1.0000000180025095e-35 0.79277243284958088
decision_type=2 2 2 2 2 2 2 2 2 2 2 2 2 2 2 2 2 2 2 2 2 2 2 2 2 2 2 2 2 2 2 2 2 2 2 2 2 2 2 2 2 2 2 2 2 2 2 2 2
left_child=36 2 5 47 -5 46 -7 22 10 14 -9 31 13 16 45 -8 40 -16 33 43 21 -17 30 24 25 -24 27 -26 -29 -28 -3 -11 -33 -19 -35 -30 -1 -15 -25 -38 -13 -27 -42 -12 -36 -10 -2 -4 -31
right_child=1 7 3 4 -6 6 15 8 9 11 19 12 -14 37 17 20 -18 18 -20 -21 -22 -23 23 38 26 41 29 28 35 48 -32 32 -34 34 44 -37 39 -39 -40 -41 42 -43 -44 -45 -46 -47 -48 -49 -50
leaf_value=0.032759346202951976 0.014214185058831917 0 -0.010500531261518805 0.027774502610729536 -0.010207475127553231 0.02611936491877135 -0.0176708894342185 0.035939964593142609 0.0060236872203312435 -0.0021916553327900458 -0.01838291181563969 -0.005535814889674355 0.021386041053586387 -0.0029407176832820796 0.019806008262581797 -0.0017909346212157794 -0.01621622282238162 -0.013506448244781609 -0.024141543394153565 0.017568351983179634 -0.0067432875609790147 0.027606086998660354 0.015082876380565961 -0.032340246234298396 -0.022349943475566587 -0.0086703809714262919 -0.00080770983410969645 -0.017676317155138632 0.025144163501182416 0.032452157199850784 -0.031020181707303116 -0.042047423623191103 -0.0077959140193983286 -0.012316852333062175 0.0047886985930734437 -0.00073072800890479925 -0.0045808817066569493 -0.033786170669921227 -0.0036779070852152088 0.019671738405948918 0.027009700370044826 -0.032584420737928145 0.001312221606094247 0.0022019241797558236 0.027605792130145565 0.02812863465780855 0.036959200334197431 -0.029336477357711815 0.012882954382794607
leaf_weight=5.3993417173624065 5.6579328626394272 5.5775563865900031 5.3331527113914508 6.6621875017881393 7.6272585988044721 5.0974287241697303 7.8290344327688244 6.6962229907512691 5.614247798919676 5.6475033462047604 5.1231891363859212 5.4119241833686891 4.9143063724040976 4.8512578755617124 5.682979315519332 5.3954675793647766 6.2918498665094367 5.8303165435791078 7.3294520676136008 7.4024292230606052 9.1983933597803098 6.631776228547098 5.860078468918803 5.8220170289278013 7.2107617706060401 8.7336260229349172 7.5938946455717113 7.5135263800621059 7.1711138337850588 5.4441892355680448 8.8124995678663236 7.6860054135322553 5.3481860756874084 5.6046392470598283 5.9387715607881582 5.88938869535923 6.9546768963336927 6.322064995765686 6.387377455830574 5.6033518612384796 5.942546531558035 8.6902463436126673 5.4280575662851334 7.132816269993782 6.9219069331884295 6.1476458758115768 5.3941097408533079 5.2330229431390762 5.6552060395479202
leaf_count=23 23 23 22 27 31 21 32 27 23 23 21 22 20 20 23 22 26 24 30 30 38 27 24 24 30 36 31 31 29 22 37 32 22 23 24 24 28 26 26 23 24 36 22 29 28 25 22 22 23
internal_value=0 -0.00109375 0.0049786 -0.005378 0.00807719 0.0107915 0.00379958 -0.00299267 0.000410538 -0.0027017 0.012717 -0.00966546 -0.00246627 -0.00681052 0.00543175 -0.00100991 0.00160715 0.000121409 -0.00397145 0.00253593 0.00563218 0.0152387 -0.00769478 -0.00508869 -0.00206218 -0.0124985 0.00326829 -0.00503274 0.00187108 0.015361 -0.0202808 -0.0231547 -0.0306612 0.00293081 0.00904612 0.014191 0.0168072 -0.0228002 -0.0198262 0.00675809 0.00939963 -0.0225521 0.0167911 -0.00703291 0.0190879 0.0199045 0.0288833 -0.0228138 0.0256785
internal_weight=317.647 299.69 70.0598 24.8556 14.2894 45.2041 34.1521 229.63 133.268 106.914 26.3547 57.8437 39.162 34.2477 49.07 29.0547 23.0744 37.3081 31.6251 19.6584 21.2256 12.0272 96.3615 81.9714 69.762 23.284 46.4781 27.7848 20.574 18.6933 14.3901 18.6817 13.0342 24.2956 18.4653 13.0605 17.9574 11.1733 12.2094 12.558 16.7825 17.4239 11.3706 12.256 12.8607 11.7619 11.052 10.5662 11.0994
internal_count=1301 1227 287 102 58 185 140 940 544 437 107 237 160 140 200 119 94 152 129 80 87 49 396 336 286 96 190 114 84 76 60 77 54 99 75 53 74 46 50 51 68 72 46 50 52 48 45 44 45
is_linear=0
shrinkage=0.03


Tree=23
num_leaves=49
num_cat=0
split_feature=27 12 20 5 54 5 4 29 32 25 13 48 54 23 20 59 30 25 12 43 12 32 13 36 41 32 13 39 28 46 32 58 41 33 46 46 39 12 28 35 28 47 41 55 47 36 38 24
split_gain=4.68774 4.0929 2.5484 4.3256 6.59785 3.69553 5.175 4.73852 3.63243 3.49474 3.36833 6.0372 6.93958 5.32717 5.68729 4.47219 4.10194 3.60272 3.40139 3.4271 3.04527 3.0367 4.75617 2.97074 2.71033 2.62456 5.64169 4.06179 5.04794 3.30792 2.83497 2.57136 2.49462 2.33835 2.27246 2.25526 3.66144 1.9414 1.89519 1.76557 1.62013 1.56736 1.27207 1.25991 1.11704 0.96355 0.754113 0.307388
threshold=-1.3633480869112951 -0.065277633105221652 -0.79699419374302249 -0.065287554195342948 0.61306923332274366 -0.16876351899820649 0.36211341692579113 0.38231267584774786 0.22784375290376183 -1.4887629491007599 -1.2704945328067085 -1.3499713332037391 -0.65290453727108888 0.2242493725203937 0.51204436964502487 0.33773185147388385 0.63652215872958007 -0.7415096324417747 1.2619780785051777 0.24287503638413829 -0.085013796809745898 0.51161105254744887 1.171856362234726 -0.27002784758682591 1.0000000180025095e-35 1.0000000180025095e-35 -0.26115474210710327 -1.077958325535697 1.0000000180025095e-35 0.34900990614346439 -0.49733934618566072 1.0000000180025095e-35 0.56381581693883687 1.0000000180025095e-35 1.287493522252013 -0.35353488967400454 0.28366823997278828 0.012776655321779443 -1.0000000180025095e-35 0.45765553828095401 -0.68671125855847925 0.54416628907556741 -0.71220238101703992 -0.083400754171195371 0.040575955400219264 -0.27002784758682591 -0.43147607673966631 1.0000000180025095e-35
decision_type=2 2 2 2 2 2 2 2 2 2 2 2 2 2 2 2 2 2 2 2 2 2 2 2 2 2 2 2 2 2 2 2 2 2 2 2 2 2 2 2 2 2 2 2 2 2 2 2
left_child=1 32 5 10 8 25 37 -8 31 -6 15 -12 18 16 23 34 20 44 19 38 40 -11 -23 -15 -18 27 39 28 -2 45 -31 33 42 -5 -4 -28 -37 -7 46 -27 -14 -10 -1 -19 -16 -29 -13 -42
right_child=2 -3 3 4 9 6 7 -9 41 21 11 12 13 14 17 -17 24 43 -20 -21 -22 22 -24 -25 -26 26 35 29 -30 30 -32 -33 -34 -35 -36 36 -38 -39 -40 -41 47 -43 -44 -45 -46 -47 -48 -49
leaf_value=0.0061679580501163324 0.022556013602290242 0.028069800109346923 -0.0092006194536281786 0.011238205453007884 0.014859726401915855 -0.033659703378869255 -0.012352725394777988 0.020151163578022192 0.036818976408101688 0.0029843126795175527 -0.025567407378047694 0.013581105862702387 -0.0057508403360732102 0.0026126552034793364 -0.012220459903558852 0.02824173937127036 0.015522397014830982 0.005132691564867186 -0.0093838946095680231 -0.001308927411410228 -0.0013780289851089977 -0.036213019790981731 0.00062344404565785154 -0.023015879117951683 -0.010777749437414498 0.0019254534832273357 0.027550950322974856 -0.032104463163403617 -0.011326345131793971 0.013534849623266974 -0.014229288923673302 0.018314674689923195 0.017827807372379476 -0.013123185392822163 0.012839326379942987 0.021295473343197074 -0.0090622904472112287 -0.010023931179417222 0.0054015652602623443 -0.019062922085412669 -0.032864209995840082 0.0093396650737347445 -0.010234434823536389 0.025453194121642934 0.0053064784646018803 -0.0097388775477414806 0.038999814809523359 -0.013623702383296439
leaf_weight=5.5926370769739178 6.6142135411500913 7.7640818059444419 9.2653084546327609 4.8457146584987694 5.1639603227376965 8.4006038159132057 8.8413879573345167 5.1162917613983145 7.4132274836301786 8.0729042589664477 9.1996452063322049 5.4360557347536149 5.14538346230984 5.8697419613599768 4.8786501139402372 5.6484016180038443 5.1671478152275068 6.1559448540210715 4.8752887099981299 7.0377532243728629 7.5798045098781612 5.349047124385832 5.1791099905967712 8.2275350838899595 5.8887336403131485 5.3842871487140673 6.9434009492397353 5.9788423478603345 6.169559434056282 4.9072778224945068 5.3118729889392835 8.3615702092647535 5.6694232970476142 6.375933825969696 5.3865816146135321 5.1540269702672923 6.1181839406490326 8.6172129660844785 5.8211445361375835 6.2968272268772125 11.984797343611719 4.9125190377235413 8.6072532981634158 8.8851215690374392 4.9065211266279221 6.0207337439060247 4.9321289360523215 5.640788033604621
leaf_count=23 27 32 38 20 21 35 36 21 30 33 39 22 21 24 20 23 21 25 20 29 31 22 21 34 24 22 28 25 26 20 22 34 23 26 22 21 25 36 24 26 50 20 35 36 20 25 20 23
internal_value=0 0.01147 -0.00115195 0.000806617 0.0077722 -0.00512013 -0.0133973 0 0.0164218 -0.00388947 -0.00201525 -0.00401442 -0.00180733 -0.00633362 0.00151009 0.00877304 -0.0136418 0.0100917 0.0105936 0.0153444 -0.0191261 -0.0101135 -0.0197753 -0.0127351 0.00142214 -0.000865775 0.00541175 -0.00639403 0.00631179 -0.0138943 -0.000358948 0.00704677 0.00318776 -0.00204713 -0.000286557 0.0154845 0.00521934 -0.0237968 0.0224201 -0.00981517 -0.0243364 0.0285024 -0.00342008 0.0187189 -0.00336317 -0.0236561 0.0295792 -0.0285717
internal_weight=317.115 27.6334 289.481 193.606 55.674 95.8747 30.9755 13.9577 31.909 23.765 137.932 117.632 108.433 80.3302 38.9235 20.3003 41.4067 24.8262 28.1024 23.2271 30.3508 18.6011 10.5282 14.0973 11.0559 64.8992 29.8967 35.0025 12.7838 22.2187 10.2192 19.5832 19.8693 11.2216 14.6519 18.2156 11.2722 17.0178 16.1893 11.6811 22.771 12.3257 14.1999 15.0411 9.78517 11.9996 10.3682 17.6256
internal_count=1301 113 1188 793 227 395 128 57 130 97 566 483 444 329 159 83 170 101 115 95 125 76 43 58 45 267 122 145 53 92 42 80 81 46 60 74 46 71 66 48 94 50 58 61 40 50 42 73
is_linear=0
shrinkage=0.03


Tree=24
num_leaves=47
num_cat=0
split_feature=16 45 45 18 34 54 16 16 36 38 60 60 55 55 25 39 55 45 54 53 35 61 41 38 45 37 41 41 11 45 36 28 54 28 37 20 39 46 43 59 46 54 18 58 50 49
split_gain=6.11199 3.48175 4.43656 5.41153 4.59566 4.98055 4.36198 5.52114 3.90656 3.88019 3.77431 5.63419 4.41304 6.8296 4.62311 3.83026 3.42702 7.07702 8.55714 5.93971 4.40616 4.19887 3.74114 3.32298 6.6751 3.81877 3.0171 2.95384 2.7394 2.68646 2.51374 3.03598 3.76175 3.52121 2.45661 2.41064 3.89026 2.3685 2.33867 2.11991 2.04752 1.79479 0.759019 0.725406 0.607085 0.327547
threshold=-1.5916355642910898 -1.1720787097297951 -0.85689778443483322 0.68906995600188226 -0.21531113915850472 0.40432253962179271 0.79115870971961777 1.0152637083070972 0.97618785951012166 0.22120873201962213 552.00000000000011 445.00000000000006 -1.1678646999999478 -1.5513280879064768 -1.4887629491007599 0.55599355307448572 0.11137562290800726 0.33613108228487126 1.2128501127739413 0.88109382965416072 0.45765553828095401 600.50000000000011 -0.71220238101703992 -0.10513367236002215 0.89489027163106161 0.85999211425967437 0.2448112674498677 0.56381581693883687 -1.999974815669032 0.47915953599646521 0.40846737072151201 1.0000000180025095e-35 -1.1623886831328842 -0.68671125855847925 -1.0000000180025095e-35 0.51204436964502487 0.10450684977430362 0.5474264915423096 0.95528320328753347 0.33773185147388385 0.30869592366957105 0.59962759909515417 -2.0131522690122439 -1.0000000180025095e-35 -0.21849820900770453 -0.2194434652537364
decision_type=2 2 2 2 2 2 2 2 2 2 2 2 2 2 2 2 2 2 2 2 2 2 2 2 2 2 2 2 2 2 2 2 2 2 2 2 2 2 2 2 2 2 2 2 2 2
left_child=28 8 4 6 43 -6 10 44 30 -5 11 12 13 -4 -14 45 22 19 21 20 -18 34 39 24 25 -12 -25 35 -1 41 31 32 -2 -34 -19 36 -24 -21 -22 -16 -28 -29 -30 -3 -8 -13
right_child=1 2 3 9 5 -7 7 -9 -10 -11 23 15 14 -15 16 -17 17 18 -20 37 38 -23 27 26 -26 -27 40 29 42 -31 -32 -33 33 -35 -36 -37 -38 -39 -40 -41 -42 -43 -44 -45 -46 -47
leaf_value=0.0014975455943885229 0.013345682005800589 0.030766523068930837 -0.0052422434431712859 0.0015015465714596605 -0.016323673564493546 0.018457257786446381 0.011130461543881866 -0.0048589114091124796 -0.028064967635135014 -0.027834285757769285 -0.029122053308615944 -0.013482920282707717 0.017515051412252628 0.029257462638745756 0.013850365169855538 0 0.0015132853789059282 0.031793439110783923 -0.02069140439105507 -0.0035538161339613919 -0.032975798980619274 -0.002864628118241664 -0.026184336867141569 0.028633962798570351 0.022310976684285961 0.0020805493781334426 0.014277331916849623 0.015280397664240043 0.034185995707169022 -0.015960207373930089 0.011396581511658411 -0.022483834310714591 -0.025335816193626091 0.003668929868785191 0.0048366035187009443 -0.03219828089444654 0.0024132001604481204 0.021197221178894155 -0.0081963307798228972 -0.0087302462609395882 -0.0085823152340868993 -0.0064840540812366532 0.010503009946802998 0.010948598563112833 0.031798918297183336 -0.036467716012831268
leaf_weight=7.8235801160335567 7.8131240308284786 6.3878437429666519 9.2681064903736132 5.5734321475028983 7.239666134119032 4.8964452296495438 5.8845700174570084 8.5496703386306745 6.5637395828962317 9.620613679289816 5.7815896123647708 4.8222777992486945 7.4262015223503104 8.6316577494144422 6.8713652491569501 5.6668410897254935 8.0017480254173297 12.611403539776807 4.8504905104637137 5.8436057269573194 10.162579253315927 5.5956208854913703 6.2447808235883739 7.5988729596138027 5.1489271372556678 5.8529671430587769 6.1628651767969114 5.615081340074541 4.9813543707132348 8.2854646593332273 5.8723167777061454 7.6434926688671103 6.0103917717933673 6.2897998988628387 5.3801573663949993 9.7067361176013929 8.3149883896112424 5.1468004733324051 7.7778874188661566 5.1140808016061783 4.8769325762987137 4.8769019991159439 5.0621492415666554 7.084431469440462 6.402697369456293 5.3608660846948615
leaf_count=32 32 26 38 23 30 20 24 35 28 40 24 20 30 35 28 23 33 51 20 24 42 23 26 31 21 24 25 23 21 34 24 32 25 26 22 40 34 21 32 21 20 20 21 29 26 22
internal_value=0 -0.00104811 0.000224895 -0.00108116 0.0117331 -0.00136422 0.000152053 0.0127439 -0.00909704 -0.017546 -0.00123583 -0.00321391 -0.00123265 0.0120608 -0.00325886 -0.0194025 -0.00478917 -1.87379e-05 0.0108292 -0.00862426 -0.0162614 0.0183998 -0.010199 0.00738854 -0.00199156 -0.0145233 0.0156521 -0.0142499 0.0163399 -0.00437949 -0.0041838 -0.00810042 -0.00117574 -0.0112826 0.0250327 -0.0209553 -0.0107789 0.00871036 -0.0240029 0.00387113 0.00388176 0.00511784 0.0256849 0.0228869 0.0246235 -0.0292253
internal_weight=316.697 298.83 258.637 233.029 25.6084 12.1361 217.835 20.8369 40.1929 15.194 196.998 161.576 145.726 17.8998 127.826 15.85 120.4 65.3703 28.4377 36.9326 25.9422 23.5872 55.0294 35.4222 16.7835 11.6346 18.6387 43.044 17.8671 18.7774 33.6291 27.7568 20.1133 12.3002 17.9916 24.2665 14.5598 10.9904 17.9405 11.9854 11.0398 10.492 10.0435 13.4723 12.2873 10.1831
internal_count=1301 1227 1060 955 105 50 892 85 167 63 807 662 597 73 524 65 494 268 116 152 107 96 226 145 69 48 76 177 74 77 139 115 83 51 73 100 60 45 74 49 45 43 42 55 50 42
is_linear=0
shrinkage=0.03


Tree=25
num_leaves=46
num_cat=0
split_feature=16 41 29 20 20 16 23 55 57 49 55 32 50 12 36 24 44 46 28 1 50 41 4 32 56 29 44 18 44 53 39 27 47 39 16 25 50 25 55 16 16 41 47 44 54
split_gain=5.91754 6.38379 4.32742 6.5821 5.59237 5.21308 5.09176 4.31782 3.3591 5.97339 5.77843 5.59075 6.55898 5.37231 5.10817 4.99689 4.92637 7.69525 4.30843 4.48527 4.20205 4.0394 3.61455 3.52948 3.37333 2.95708 3.56572 2.84635 5.73499 2.53441 3.01907 5.22515 4.08551 3.42415 2.40829 2.21166 2.09777 1.95915 1.95877 1.74518 1.21879 1.86047 1.19358 1.05527 0.378339
threshold=0.12668463872268504 -0.71220238101703992 0.38231267584774786 -0.79699419374302249 -1.3206096190982413 -0.61433454552517852 1.2848560943988581 -0.48695721031896311 1.0000000180025095e-35 -0.42990859484836313 0.092638257175206434 1.0000000180025095e-35 1.0529121670743995 -0.083035296049818033 0.40846737072151201 -0.64943616159482009 0.33773515778930435 0.70530962016376664 -1.1772092017404867 -0.70722456578693571 0.20530524968633007 0.88282036642780615 -0.37822739458213489 1.2683238515972814 1.0177318272365508 0.38231267584774786 -0.65216839677872673 -0.35804945986498699 -0.21908559165521319 0.88109382965416072 -0.53330769933230282 -0.4102640533190835 -0.67154201942807046 0.10450684977430362 -0.10814413717746472 -0.36788297411228221 -0.21849820900770453 1.0000000180025095e-35 0.40184712164498498 -0.22798152593911553 -0.99309196669091271 0.56381581693883687 -1.0000000180025095e-35 -0.49749596637747195 0.45457733788706872
decision_type=2 2 2 2 2 2 2 2 2 2 2 2 2 2 2 2 2 2 2 2 2 2 2 2 2 2 2 2 2 2 2 2 2 2 2 2 2 2 2 2 2 2 2 2 2
left_child=1 27 3 4 -3 40 7 -5 11 15 13 18 16 43 37 -10 23 42 -2 -20 21 24 -17 25 29 26 -13 -1 -29 30 31 -21 -33 -32 -7 -9 -19 -12 -28 -37 41 -4 -18 -11 -24
right_child=8 2 5 6 -6 34 -8 35 9 10 14 12 -14 -15 -16 22 17 36 19 20 -22 -23 44 -25 -26 -27 38 28 -30 -31 33 32 -34 -35 -36 39 -38 -39 -40 -41 -42 -43 -44 -45 -46
leaf_value=0.031349380976180209 -0.026280090616519133 0.0041985939677478832 -0.001487393649975473 -0.0089372545612355237 -0.030156012913028187 -0.014673574713997144 -0.01892147517690116 0.030625555949011417 0.0084676222979243754 0.012968802535260513 0 -0.0032939587841086847 -0.027137830737796208 -0.00070350340054975489 0.01423385135853855 0.0015966229143080321 -0.02790078500441032 0.021194230247319912 0.014407631668935078 0.013533255122350058 0.0097501424831883138 -0.034469821801419553 -0.03148003432208929 0.030087319800186776 0.0073854503413629145 -0.0080959342751089 0.02983808240549583 -0.01035857747897977 0.025894127385738194 0.0026446630574052453 -0.035488247371771586 -0.027459262354274712 0.0027655795751734325 -0.0060635592203547991 0.0095199395688379609 -0.0026904902159517862 -0.0014099176467579717 -0.02304660918811648 0.0037386689423579015 0.018490465113885121 0.031390126648406139 0.019927888289546575 -0.0075533096922775983 0.038441710419947421 -0.011579229197361809
leaf_weight=9.5162585228681582 11.866055846214293 5.643484607338908 5.0903732925653475 6.1247486770153108 10.600607335567473 7.0796565115451813 5.1183190196752539 6.3975959718227466 9.5139254480600375 5.3984804898500451 6.0776159763336199 7.5597766041755703 5.0908578336238852 6.5747008174657813 9.528792738914488 5.8319512754678753 6.7527520060539246 6.6348848342895508 6.3321089148521414 6.3847319036722139 7.4922646880149832 5.4663257747888556 6.7232383787631971 6.1750517636537543 8.0509708523750287 7.8165537863969794 7.3972595632076281 6.3481036573648453 6.3602538704872114 7.4612288028001776 9.3565696328878492 8.9171552062034536 5.6051470190286681 7.2241240590810767 4.8899724334478361 6.1450065821409288 5.6043334007263166 6.2963210344314575 5.150503933429718 4.8879915624856816 5.65677481889725 7.2737435549497604 7.5887813568115252 7.9012295007705697 5.3533627539873123
leaf_count=40 49 23 21 25 44 29 21 26 39 22 25 31 21 27 39 24 28 27 26 26 31 23 28 25 33 32 30 26 26 31 39 38 23 30 20 25 23 26 21 20 23 30 31 32 22
internal_value=0 0.00611715 0.00169824 -0.00406891 -0.0185365 0.0103088 0.00444241 0.0105874 -0.00272226 0.00264898 0.00971732 -0.00524267 0.00122817 0.0208279 -0.000796738 -0.00785743 0.00430174 -0.0050751 -0.0103028 -0.00711803 -0.00954788 -0.0123029 -0.0168234 0.0116855 -0.00902081 0.00608591 0.0120559 0.0197092 0.00818105 -0.0122322 -0.0153349 -0.0065913 -0.0162522 -0.0245665 -0.00438483 0.0179295 0.0113832 -0.0130913 0.0210953 0.00730457 0.0199628 0.0114713 -0.0192474 0.0308698 -0.0253542
internal_weight=316.26 97.1329 74.9083 44.9178 16.2441 29.9905 28.6737 23.5553 219.127 69.1996 41.7771 149.927 65.7708 19.8744 21.9027 27.4225 60.6799 26.5808 84.1567 72.2906 65.9585 58.4663 17.9086 34.0991 52.9999 27.9241 20.1075 22.2246 12.7084 44.949 37.4877 20.907 14.5223 16.5807 11.9696 17.4306 12.2392 12.3739 12.5478 11.033 18.0209 12.3641 14.3415 13.2997 12.0766
internal_count=1301 399 307 184 67 123 117 96 902 284 171 618 269 81 90 113 248 109 349 300 274 243 74 139 220 114 82 92 52 187 156 87 61 69 49 71 50 51 51 45 74 51 59 54 50
is_linear=0
shrinkage=0.03


Tree=26
num_leaves=46
num_cat=0
split_feature=16 42 16 16 38 13 16 52 55 48 56 42 39 45 19 47 33 12 59 44 14 27 61 38 40 40 12 61 12 55 12 24 18 59 29 16 39 33 35 44 55 39 35 36 54
split_gain=5.70619 3.49621 4.55972 6.82774 6.38311 5.60776 4.10587 4.66748 4.40631 5.98124 3.69613 3.32335 3.54728 2.66408 2.48238 2.66297 2.91097 4.01429 4.11805 4.21341 4.16942 3.92171 4.41156 4.53683 3.48625 3.44632 3.32152 4.92023 4.79217 3.8189 3.22923 3.59525 2.79281 2.75077 2.26629 1.90047 1.65657 1.56072 1.4371 3.48463 1.29733 1.13306 0.571178 0.315963 0.221597
threshold=-1.5916355642910898 -0.72500780178695667 0.2623493695320766 0.69765602201607113 -0.18671927345493336 -0.22440970156675419 -0.51088464605934425 0.40603223384198273 -0.93766827094986815 -0.70101105095526972 1.9261840448933272 -0.4742307595470549 0.10450684977430362 0.43654293728833155 1.6408682079748755 -1.4179077392621744 0.36683343449206246 -0.25736857369815735 -0.90611567511499869 0.83268693507332003 -0.27663545121193761 -0.4102640533190835 239.50000000000003 0.30279433311453324 0.52935046753001136 0.52935046753001136 0.12181031670337276 359.00000000000006 1.4246898306832383 0.11137562290800726 -0.061096797554281469 -0.64943616159482009 0.33130949921663883 0.33773185147388385 0.38231267584774786 0.20363360881042833 -1.0000000180025095e-35 1.0000000180025095e-35 -0.19965064972660754 0.58521104643131217 0.30149190216333138 -0.14427153775844978 0.23855347561176662 1.0000000180025095e-35 0.53478191919943552
decision_type=2 2 2 2 2 2 2 2 2 2 2 2 2 2 2 2 2 2 2 2 2 2 2 2 2 2 2 2 2 2 2 2 2 2 2 2 2 2 2 2 2 2 2 2 2
left_child=13 2 5 43 -5 40 -7 8 -8 -10 11 12 37 -1 15 35 17 38 20 26 -19 33 -23 -24 -21 -25 27 42 -28 -30 31 -29 -26 36 -15 -13 -18 -3 -17 -40 -2 -11 -20 -4 -22
right_child=1 10 3 4 -6 6 7 -9 9 41 -12 14 -14 34 -16 16 21 18 19 24 44 22 23 25 32 -27 28 30 29 -31 -32 -33 -34 -35 -36 -37 -38 -39 39 -41 -42 -43 -44 -45 -46
leaf_value=0.031429004494475374 0.0098494664704416434 -0.0042780262319968678 -0.010011243008270212 0.026799486816566871 -0.0097636211388086609 0.025191274345497571 -0.01467928198654175 -0.022627758915088642 -0.0080634565657703092 0.034061128136429739 0.017292115545827682 -0.024950788165785755 0.004717718271909639 -0.0045032359782523285 -0.020283682226806363 -0.023970457375067099 0.031415963521414188 0.008102492917600377 0.031895402490085489 -0.023384507499353311 -0.02506494449698126 -0.023819582770068994 -0.0090569277994926659 -0.00014875448650543627 -0.012455064470888528 0.03175535955138991 -0.02387215763593439 -0.015242917613669712 -0.0075860124872537413 0.02035428939298858 0.020940203650989076 0.0049091446058771139 0.015515809123060541 -0.00046772027500229473 0.018438736471558182 0 0.0059892491017442661 -0.027290264979507876 0.010002253008165582 -0.017710036447451647 0.036627765158892205 0.009184953634480502 0.010762243133868147 -0.028670759341544779 -0.0095871051439390745
leaf_weight=5.2845363318920162 4.9319749623537046 5.068761199712756 5.2987124174833315 6.6328703314065933 7.5983395874500257 5.0452999770641318 5.8670134395360973 5.5263608396053305 6.6992363631725356 5.6658000200986898 6.3867174386978141 5.7695422917604429 5.3960275202989569 6.9419766813516599 5.212822511792182 7.7188006341457394 7.4116320013999948 5.0960690826177624 6.1601439267396909 8.2131401896476763 8.3800158351659757 4.7891596406698254 9.5057673901319522 4.8890581727027875 4.858369827270506 5.2012662440538406 6.5023560523986843 8.6702394038438708 8.7356164604425413 6.1324550509452811 6.8475672751665178 35.01812806725502 4.9201995432376862 5.6851022392511359 5.5490734428167343 4.9197465628385544 5.1681047379970559 10.69352565705776 5.383848547935485 8.4234690070152265 6.0458256304264069 5.1752308309078181 5.3443526774644852 5.1867218613624573 5.8070803731679908
leaf_count=23 20 21 22 27 31 21 24 23 28 23 26 25 22 28 22 32 30 21 25 34 35 20 39 20 20 21 27 36 36 25 28 143 20 23 23 20 21 45 22 35 25 21 22 22 24
internal_value=0 -0.00100664 0.0047786 -0.00521245 0.00782673 0.0103916 0.00369301 -0.000915452 0.00502384 0.0125667 -0.0028179 -0.00353571 -0.0144906 0.015833 -0.00225263 -0.00159078 -0.000655831 -0.00274948 -0.000501392 0.00191432 -0.0127147 0.00604554 -0.00168563 0.00474838 -0.0106053 0.0177606 0.00482511 0.00832592 -0.00495521 0.00438083 0.00382521 0.000403835 0.00127859 0.0160155 0.00614391 -0.0151972 0.0231471 -0.0212524 -0.014239 -0.00659103 0.0277083 0.0252318 0.0249132 -0.022175 -0.0206345
internal_weight=315.758 297.982 69.6734 24.7166 14.2312 44.9567 33.9789 28.9336 23.4073 17.5403 228.309 221.922 21.1583 17.7756 200.764 195.551 184.862 142.212 120.686 101.403 19.2832 42.6501 24.3853 19.5961 17.9917 10.0903 83.4109 62.0404 21.3704 14.8681 50.5359 43.6884 9.77857 18.2648 12.4911 10.6893 12.5797 15.7623 21.5261 13.8073 10.9778 10.841 11.5045 10.4854 14.1871
internal_count=1301 1227 287 102 58 185 140 119 96 72 940 914 88 74 826 804 759 585 496 416 80 174 100 80 74 41 342 254 88 61 207 179 40 74 51 45 51 66 89 57 45 44 47 44 59
is_linear=0
shrinkage=0.03


Tree=27
num_leaves=47
num_cat=0
split_feature=16 41 52 37 54 54 23 16 55 57 42 32 50 47 44 46 28 1 50 41 59 60 18 32 14 19 46 43 52 44 46 18 0 47 30 28 39 50 46 1 54 19 47 37 41 39
split_gain=5.46107 5.83069 3.9759 4.87048 3.44429 3.42619 4.61476 3.86982 3.67411 3.18484 9.35368 5.23172 6.3391 4.91729 4.64422 7.26587 4.12472 4.26601 4.02624 3.87919 5.74941 4.47829 3.6037 3.32905 3.24705 3.3399 3.17065 3.16624 2.79783 2.76111 3.97409 2.71894 5.65963 2.53651 2.30244 2.28136 4.63779 1.98322 1.76392 1.73268 1.70505 1.22947 1.15038 0.709115 0.658024 0.156845
threshold=0.12668463872268504 -0.71220238101703992 1.0000000180025095e-35 1.2625925946159551 -0.5602791042773928 0.25100626173451274 0.95851556459009968 -0.88979057333080525 -0.047627737863843049 1.0000000180025095e-35 0.57067358311920258 1.0000000180025095e-35 1.0529121670743995 -0.89881734502672128 0.33773515778930435 0.70530962016376664 -1.1772092017404867 -0.70722456578693571 0.20530524968633007 0.88282036642780615 0.95965561476832517 371.50000000000006 0.40568042160967821 1.2683238515972814 -0.24776767521068899 -1.0715975759232521 0.073984865358737259 -0.35993187407258037 1.0000000180025095e-35 -0.65216839677872673 0.39653545552053554 -0.30910410618034173 0.21142488317905042 0.52757854134260629 -0.48182495624535909 -0.088916890305408058 -0.53330769933230282 -0.21849820900770453 0.89986164155771986 -0.70722456578693571 -0.37747322747726902 0.10773537359767285 -1.0000000180025095e-35 0.85999211425967437 0.2448112674498677 -1.2292501661477511
decision_type=2 2 2 2 2 2 2 2 2 2 2 2 2 2 2 2 2 2 2 2 2 2 2 2 2 2 2 2 2 2 2 2 2 2 2 2 2 2 2 2 2 2 2 2 2 2
left_child=1 31 4 5 -3 26 8 -8 -7 11 13 16 14 38 23 42 -2 -18 19 20 21 28 27 29 -15 -26 -4 -12 -19 34 44 -1 -33 -6 -13 36 -23 -17 -11 -27 45 -41 -16 -35 -31 -37
right_child=9 2 3 -5 33 6 7 -9 -10 10 22 12 -14 24 15 37 17 18 -20 -21 -22 35 -24 -25 25 39 -28 -29 -30 30 -32 32 -34 43 -36 40 -38 -39 -40 41 -42 -43 -44 -45 -46 -47
leaf_value=0.029624830204003211 -0.025646548809769017 -0.0073699176387787019 -0.028605531222230772 0.019048886142034555 0.032299856367475482 -0.0029638451645526485 0.0046262523134177657 -0.022444573160539296 0.023315446186564653 -0.018733360262486995 0.012440420746075214 0.0066532499782179181 -0.026737947136388433 -0.0021682951923086371 -0.027219412584334773 0.020625724860698105 0.014118470443405567 0.017933494663853161 0.009640393724422899 -0.033751311178916506 0.014014302925197519 0.005279768806164215 -0.029549696878068705 0.029287083933308963 -0.0014359723192446932 0.0052410254695046746 0 -0.014746308384491254 -0.0091235954671989618 0.031676253456455881 -0.0048959119113927271 -0.010194448948918853 0.02684577261616114 0.013314297959742321 -0.016621470891121905 -0.038189732933948679 -0.024865740329883396 -0.0013441134070566185 0.0035610071659495498 0.014041946100460612 -0.0087637782894988362 0.034332321907591307 -0.0072550467273838296 0 0.0094689958749191068 -0.016408340802206167
leaf_weight=10.147105112671854 11.803005918860434 5.0944639295339611 8.1156274378299695 6.3362697809934607 5.909449607133868 8.7568755298852938 6.8651400208473197 9.9198108464479464 7.5995144546031943 4.9404772669076902 5.1495236158370981 6.6471390873193741 5.0710460096597663 7.7684419006109229 6.7119580656290054 6.6273523420095444 6.332482621073722 4.8999940901994687 7.483562856912612 5.4151216447353354 7.0737310498952857 9.4239355027675611 6.8864879161119452 6.1597563028335562 5.6131659001111975 5.9125802367925635 4.8551214486360541 7.5015576481819162 5.7865201979875565 5.1857392638921755 5.605917051434516 6.5814553797245008 5.3401159644126892 5.8633311539888364 5.5553792268037778 6.4665791839361111 6.4078661203384319 5.5971911549568159 4.8288625776767731 9.606710523366937 6.9682464450597932 10.803163424134253 7.5715379267931002 5.3454877883195877 4.8948786109685898 5.751646175980567
leaf_count=43 49 21 34 26 24 36 28 41 31 21 21 27 21 32 28 27 26 20 31 23 29 39 29 25 23 24 20 31 24 21 23 27 22 24 23 28 27 23 20 39 29 44 31 22 20 24
internal_value=0 0.0058956 0.00166538 -0.00277974 0.0119261 -0.00641086 -0.000861805 -0.0115731 0.00984294 -0.00261205 0.00262292 -0.00507133 0.00118976 0.00958892 0.00421488 -0.00490024 -0.009979 -0.0068584 -0.00924036 -0.0119501 -0.00873185 -0.0127128 -0.0141573 0.0113874 0.0142436 0.0183335 -0.0186155 -0.0031105 0.00347064 0.00593678 0.0138214 0.0189355 0.0070962 0.018122 -0.00416462 -0.0177555 -0.00767139 0.0110818 -0.00817392 0.022615 -0.0246269 0.0266709 -0.0187119 0.00724506 0.0240343 -0.031289
internal_weight=315.181 96.7298 74.6611 52.4484 22.2127 46.1121 33.1413 16.785 16.3564 218.452 69.011 149.441 65.6279 49.4734 60.5568 26.508 83.8127 72.0097 65.6772 58.1936 52.7785 45.7048 19.5376 34.0488 39.7041 31.9356 12.9707 12.6511 10.6865 27.8891 15.6865 22.0687 11.9216 17.1183 12.2025 35.0183 15.8318 12.2245 9.76934 26.3225 19.1865 20.4099 14.2835 11.2088 10.0806 12.2182
internal_count=1301 399 307 216 91 190 136 69 67 902 284 618 269 203 248 109 349 300 274 243 220 191 81 139 162 130 54 52 44 114 64 92 49 70 50 147 66 50 41 107 81 83 59 46 41 52
is_linear=0
shrinkage=0.03


Tree=28
num_leaves=48
num_cat=0
split_feature=16 42 16 16 38 13 45 23 46 23 46 45 46 16 20 39 39 38 44 55 12 39 46 55 33 19 23 23 61 39 11 53 45 50 54 36 1 45 32 50 55 55 45 18 39 36 27
split_gain=5.29304 3.1901 4.32953 6.46478 6.00758 5.19441 3.86187 3.71358 5.07105 6.41635 5.53489 4.79546 4.3693 4.55309 3.83346 3.40963 3.96112 4.84173 3.23193 3.06899 5.02128 5.89786 4.76956 4.11586 5.00218 3.46256 3.4329 2.9029 3.65686 2.80638 2.61495 2.49873 3.05914 2.48147 2.58257 2.45141 1.98024 1.8155 1.5719 1.53116 1.26398 1.09904 0.990863 0.774654 0.388635 0.316768 0.170668
threshold=-1.5916355642910898 -0.72500780178695667 0.2623493695320766 0.69765602201607113 -0.18671927345493336 -0.22440970156675419 -1.34040531365423 1.0000000180025095e-35 -0.8171217209304279 0.63217503478134163 -1.4408083520766071 0.36466775107726884 0.72454042641637806 0.22510589514995286 -1.0588019064206318 0.056730479054707482 0.41983089652363698 1.0000000180025095e-35 0.58521104643131217 0.79205636686547443 -0.10424839171906967 -0.14427153775844978 0.22493670779177685 -0.27558126634563912 0.36683343449206246 -1.0715975759232521 -0.67318708445369091 0.95851556459009968 455.50000000000006 0.056730479054707482 -1.999974815669032 -0.33611145028219497 0.068860294159271238 -0.21849820900770453 -0.54044225187572803 1.0000000180025095e-35 -0.16572432443997384 -0.093192954663554012 1.0000000180025095e-35 -0.21849820900770453 0.30149190216333138 -0.15236796494744201 0.31461139312951308 -2.0131522690122439 0.41983089652363698 1.0000000180025095e-35 -0.72795873118315402
decision_type=2 2 2 2 2 2 2 2 2 2 2 2 2 2 2 2 2 2 2 2 2 2 2 2 2 2 2 2 2 2 2 2 2 2 2 2 2 2 2 2 2 2 2 2 2 2 2
left_child=30 2 5 45 -5 40 -7 19 10 14 -9 -12 13 27 42 36 -17 -18 -14 20 21 37 -21 24 46 35 -27 -11 41 -24 -1 32 -8 -33 -35 -25 -16 -3 -38 -26 -2 -29 -10 -32 -15 -4 -22
right_child=1 7 3 4 -6 6 31 8 9 12 11 -13 18 44 15 16 17 -19 -20 22 23 -23 29 25 39 26 -28 28 -30 -31 43 33 -34 34 -36 -37 38 -39 -40 -41 -42 -43 -44 -45 -46 -47 -48
leaf_value=0.00089276849846937922 0.0093245409991625523 0.033070907695939115 -0.0097183108414617084 0.025972875090624067 -0.0095324056200351837 -0.015978036403399398 -0.016262197105114007 -0.0076745177516750604 0.0061264432475645744 0.0061514680604442054 0.030101528878788558 -0.00097523832766687369 0.016556577105892312 -0.035737718010358688 0.0037722581757957171 0.021970010150020435 0.015757876829804566 -0.016525934304151425 -0.0082193444086366505 -0.03257665207799048 -0.016216174972983936 -0.0089547574664170671 -0.014592852501144544 0.00010603484803349311 0.0088376435914805564 0.018355761949894689 -0.0052832092800802043 -0.006266466652556292 0.0066190604267964059 0.010547031768374571 0.032933390473703583 0.02588928670962129 0.012340367451198766 0.016498472675051938 -0.010444410500390524 -0.02507806247269102 -0.027575911242494557 0.0052877527726189078 -0.002480199981266092 -0.010676377703133431 0.035584413148992813 -0.026640340356089091 0.027040166874886137 0.0096292111303878519 -0.014546517218360276 -0.028167114383596641 -0.035918139387340182
leaf_weight=7.7788865119218853 4.9151670634746534 5.4521603882312775 5.2827159911394137 6.6069520562887192 7.582059830427168 5.7324661016464225 5.5862810015678388 7.7872624695301083 5.5659564584493619 9.2401620000600833 12.54866933822632 5.8835935890674582 7.6040255278348914 6.3804703354835492 4.8549864292144767 8.6175157278776187 5.9260080903768522 7.9704927504062653 8.214126765727995 8.5061099380254763 6.9853444844484329 8.0202673375606519 7.8618418276309949 5.9673757106065768 5.0859049558639526 9.5453554987907427 9.4753913879394513 5.8135898411273947 5.1382515877485266 5.3581105619668961 4.8841786831617364 8.0289295613765734 4.8144649714231491 4.8679983913898459 4.8154335319995907 5.4997086971998215 4.7443153709173185 4.8712039440870303 4.9288319945335388 6.3332255631685239 5.9827006608247757 8.7153335809707659 6.1099261939525604 5.000433832406995 6.1913250833749771 5.1493598371744156 6.3909522444009799
leaf_count=32 20 22 22 27 31 24 23 32 23 38 51 24 31 27 20 35 24 33 34 36 29 33 33 25 21 39 39 24 21 22 21 33 20 20 20 24 20 20 20 26 25 36 25 21 26 22 27
internal_value=0 -0.000968467 0.00456907 -0.00517677 0.00752036 0.0100557 0.00359089 -0.00270126 0.000519774 -0.00238941 0.0119919 0.0205539 -0.00912607 -0.0141342 0.00545002 0.000327602 0.00761186 -0.00217521 0.00374681 -0.007169 -0.00396781 0.00898787 -0.0168022 -0.00849619 -0.0172066 -0.00074987 0.00676197 -0.00664194 -0.0129461 -0.00395947 0.0152963 0.00839097 -0.0026314 0.0148758 0.00295985 -0.0130135 -0.0102423 0.0228026 -0.0173754 -0.00150371 0.0267857 -0.0202116 0.0193583 0.0244933 -0.028391 -0.0217238 -0.0287053
internal_weight=314.616 296.952 69.3645 24.6211 14.189 44.7434 33.8456 227.588 132.235 106.015 26.2195 18.4323 57.2973 41.4791 48.718 37.0422 22.514 13.8965 15.8182 95.353 73.6269 18.3436 21.7261 55.2833 24.7954 30.4878 19.0207 28.9073 19.6672 13.22 17.6635 28.1131 10.4007 17.7124 9.68343 11.4671 14.5281 10.3234 9.67315 11.4191 10.8979 14.5289 11.6759 9.88461 12.5718 10.4321 13.3763
internal_count=1301 1227 287 102 58 185 140 940 544 437 107 75 237 172 200 152 92 57 65 396 305 75 91 230 103 127 78 119 81 55 74 116 43 73 40 49 60 42 40 47 45 60 48 42 53 44 56
is_linear=0
shrinkage=0.03


Tree=29
num_leaves=51
num_cat=0
split_feature=18 42 48 9 56 61 39 23 23 46 46 0 14 23 3 41 28 27 25 13 37 49 38 61 57 45 42 42 54 52 55 45 55 24 61 23 18 45 54 54 25 53 36 55 58 54 44 49 42 55
split_gain=4.63156 3.31856 3.61845 4.29457 3.46762 3.42952 3.37619 3.18655 4.27755 3.33625 5.68323 4.44554 3.02988 4.06209 3.02272 2.78786 2.70331 2.68909 3.05875 2.77678 3.77251 3.22853 2.66859 2.55441 2.47653 3.51128 2.41404 4.03992 3.5089 3.66093 3.22849 3.78545 3.77573 3.19604 2.51416 2.40565 2.15139 2.14364 2.10351 1.91884 1.81727 1.75194 1.61566 1.56922 1.53851 1.61987 1.44518 1.40081 1.31442 0.755784
threshold=-1.6995386537779575 -0.72500780178695667 -0.94865513163510506 -1.4023041516541326 1.9261840448933272 359.00000000000006 -1.4864462951882425 1.0000000180025095e-35 0.95851556459009968 -1.4746799871465228 -0.8171217209304279 -0.79800501424656634 -0.54807735142681724 1.2848560943988581 -1.2939805843506884 0.56381581693883687 -1.1772092017404867 1.1782093360012698 -0.7415096324417747 -0.011987427269821492 1.0000000180025095e-35 -0.42990859484836313 0.30279433311453324 430.00000000000006 -0.56422382789011649 0.56201885479538227 -0.4742307595470549 0.21540610661267498 -1.3991050164717624 1.0000000180025095e-35 -0.28755351528294676 0.24647271750939162 0.54859998610822414 -0.64943616159482009 445.00000000000006 -0.67318708445369091 0.63987962760282646 -0.41427399146078897 1.0600693249539899 -0.23082839954097792 -0.36788297411228221 -0.33611145028219497 0.14537738811215647 -0.92336763284918344 1.0000000180025095e-35 -0.87534059785651019 1.0000000180025095e-35 -0.42990859484836313 0.21540610661267498 0.38173209168183986
decision_type=2 2 2 2 2 2 2 2 2 2 2 2 2 2 2 2 2 2 2 2 2 2 2 2 2 2 2 2 2 2 2 2 2 2 2 2 2 2 2 2 2 2 2 2 2 2 2 2 2 2
left_child=14 2 3 -2 7 41 -5 26 9 -9 -11 -12 49 15 -1 -14 -7 19 -19 21 -21 22 -13 -23 -15 -26 46 28 -28 34 43 32 -32 -31 35 42 48 -35 -17 44 -41 -4 -30 -29 45 -18 -3 -16 -25 -10
right_child=1 4 5 6 -6 16 -8 8 12 10 11 17 13 24 47 38 39 18 -20 20 -22 23 -24 36 25 -27 27 30 29 33 31 -33 -34 37 -36 -37 -38 -39 -40 40 -42 -43 -44 -45 -46 -47 -48 -49 -50 -51
leaf_value=0.00024841622049674261 0.011287881681117561 -0.0274276178782581 -0.016299396126314848 0.00026961025910440746 0.016762103958863295 -0.0044987002166158923 -0.030467121952279443 -0.016128612564597005 -0.0093909860234540621 0.025818515827606227 0.025374292028020697 -0.013357044417905101 -0.025509780199104704 0.022985269481675907 0.0079883981814973803 0.011065738711158011 0.00096640585553146397 -0.026534111757745581 0.0022993082080715868 0.0075793056734552505 -0.023060419551681487 -0.003598291032755707 0.011055198971591804 0.0099543072616376863 0.015427703700081681 -0.014655053483218489 -0.020568566261589691 -0.0083635076546784703 0.033705443549738472 -0.02059787544945238 0.0015065984936377878 0.010797131170026866 -0.026243038259571833 -0.010403915460947002 -0.0053902997344387896 0.00053241779717687159 0 0.012333337322678484 -0.012256923332080267 0.016902714475401454 -0.0038077067728367994 0.0043895054790952315 0.0072981852870699021 -0.036786870248587608 0.030384198490138063 0.021402922077626653 -0.0054169078156568193 0.03456404940776104 0.032897683375073615 -0.028384709163119817
leaf_weight=9.2087746262550372 5.9653386771678951 7.0725164413452131 5.1132650971412659 5.0038062632083902 6.3612448573112479 6.0157703757286063 5.840721353888509 5.3447017669677725 8.2353556454181653 9.353855296969412 5.1865319460630408 9.1432175487279803 6.3976991921663311 4.9262693822383872 5.1942786425352097 4.8767566680908185 7.8398505598306611 5.3097779005765915 5.348742336034773 5.3229754865169578 6.2606264799833298 5.3085364401340511 4.8825378417968741 7.0714938938617724 5.145858168601988 5.8489968329668045 4.774766892194747 4.825979933142662 5.9096100479364413 6.6551802754402187 7.1939060986042049 6.8650987148284903 8.0674961507320386 4.7048939913511285 5.0561836510896674 6.5785203278064754 4.802484154701232 7.591573923826215 6.0384421348571777 4.843561127781868 7.7245701700449008 6.5523616075515729 5.3404546529054642 5.1423193812370283 8.9955967962741834 6.2300356626510647 6.4205786138772964 4.7415755391120893 6.6618884652853012 4.7541286051273337
leaf_count=38 25 30 21 21 26 25 25 22 34 38 21 38 27 20 22 20 32 22 22 22 26 22 20 29 21 24 20 20 24 28 30 28 34 20 21 27 20 31 25 20 32 27 22 22 37 26 27 20 27 20
internal_value=0 -0.000945676 0.00465737 -0.00686129 -0.00273946 0.00848697 -0.0174893 -0.00344516 -0.000280847 0.00385091 0.00564964 0.00215579 -0.00745355 -0.00215245 0.0137504 -0.0118697 0.0124604 -0.000319117 -0.0130726 0.00261575 -0.00926732 0.00661751 -0.00422535 0.0131048 0.00818202 0 -0.00763923 -0.00530833 0.000273541 0.00342029 -0.0132437 -0.00574198 -0.0138402 -0.00588731 0.0112623 0.0163472 0.0180992 0.0030134 -0.00127542 0.0155512 0.00469849 -0.00504696 0.0239738 -0.0264431 0.0205724 0.0115911 -0.018944 0.0240656 0.0236212 -0.0189756
internal_weight=314.051 294.906 70.1249 16.8099 224.781 53.315 10.8445 218.42 126.221 79.9974 74.6527 65.2988 46.2235 33.234 19.1446 17.3129 41.6494 60.1123 10.6585 49.4538 11.5836 37.8702 14.0258 23.8444 15.9211 10.9949 92.1991 78.706 46.6112 41.8364 32.0948 22.1265 15.2614 18.9516 22.8848 17.8286 18.5359 12.2965 10.9152 35.6336 12.5681 11.6656 11.2501 9.9683 23.0655 14.0699 13.4931 9.93585 13.7334 12.9895
internal_count=1301 1221 291 71 930 220 46 904 520 329 307 269 191 137 80 72 172 248 44 204 48 156 58 98 65 45 384 327 193 173 134 92 64 79 94 73 76 51 45 147 52 48 46 42 95 58 57 42 56 54
is_linear=0
shrinkage=0.03


Tree=30
num_leaves=43
num_cat=0
split_feature=16 42 16 16 38 13 16 52 53 38 56 42 39 11 48 40 60 54 39 18 52 12 12 54 50 24 54 38 42 61 19 55 30 35 46 12 54 33 19 18 26 26
split_gain=4.93781 2.91094 4.13604 5.87394 5.67418 5.26122 3.77389 4.37374 4.37177 4.07193 3.2759 3.0427 3.20256 2.44566 2.40931 4.65199 3.38943 4.77689 4.70014 3.86824 3.31635 3.63527 3.31722 3.68717 4.25273 3.4876 4.84938 6.64416 4.18211 3.04036 2.89371 2.1515 2.14934 2.47816 1.91896 1.81598 1.7373 1.47192 1.23487 0.744188 0.639403 0.366742
threshold=-1.5916355642910898 -0.72500780178695667 0.26107790723932117 0.69765602201607113 -0.18671927345493336 -0.22440970156675419 -0.51088464605934425 0.40603223384198273 -0.33611145028219497 -0.10513367236002231 1.9261840448933272 -0.4742307595470549 0.10450684977430362 -1.999974815669032 1.2589264630145645 -1.2463087061056057 430.00000000000006 1.0600693249539899 -0.94179566898484857 0.56734364881457811 1.6570634623284706 0.12181031670337276 -0.25736857369815735 0.051209772552325915 1.0000000180025095e-35 1.2892607971451615 0.16187099828528403 0.38437993420944444 0.57067358311920258 455.50000000000006 -0.36399780621069711 -0.13003661857093207 0.88504373983512241 -0.41875271239579454 -1.308167643738124 1.8980908239570249 0.25591722458941807 1.0000000180025095e-35 -0.24606451125860465 -2.0131522690122439 -0.94900464872711876 -0.94900464872711876
decision_type=2 2 2 2 2 2 2 2 2 2 2 2 2 2 2 2 2 2 2 2 2 2 2 2 2 2 2 2 2 2 2 2 2 2 2 2 2 2 2 2 2 2
left_child=13 2 5 40 -5 41 -7 8 -8 -10 11 12 37 -1 15 36 17 19 31 32 21 22 23 -20 -25 26 28 -28 -24 35 34 -18 33 -17 -16 -23 -13 -3 -35 -15 -4 -2
right_child=1 10 3 4 -6 6 7 -9 9 -11 -12 14 -14 39 30 16 18 -19 20 -21 -22 29 25 24 -26 -27 27 -29 -30 -31 -32 -33 -34 38 -36 -37 -38 -39 -40 -41 -42 -43
leaf_value=0.00085792479611851316 0.012525195829011052 -0.0038359733339062897 -0.0069549730069239412 0.025190048687999844 -0.0093450791352418707 0.024132311006012219 -0.010559077011225215 -0.022068197701759332 0.031404828452610299 0.00024001504091338525 0.016363051121012592 0.0021834891003296502 0.0044224201395197489 0.032031336311718256 -0.011248728125787406 0.00015618391728915664 -0.0020166261345570869 -0.013586334322968768 0.0083729334964806942 -0.0079691266068473397 -0.021567603226932356 -0.024201926194023435 0.0075830717147086875 -0.03451843466630463 0 -0.013449845463839512 0.029597126343177474 0.00034961233453416433 -0.014170810253539629 0.0039204199272575742 -0.022956081252137508 -0.026603839388458502 -0.00027423750293220796 0.011308178872828726 0.010558441479064245 -0.0019397787572948445 0.028223539590727841 -0.026171556989379299 0.033502724771229328 0.0092378279732039503 -0.026754379102248399 0.034401993918517282
leaf_weight=7.7782403528690365 5.0704956352710724 5.0330627560615566 4.800052210688591 6.5790565609931946 7.5721159279346448 4.9833890646696082 8.7322026044130343 5.4914269447326651 5.6175217777490625 8.9262165725231171 6.3575239777564994 4.8889430463314039 5.3804270625114432 4.8278823494911203 6.0839737504720688 5.1037828475236919 5.5504901856184015 7.9868935346603385 6.0686151534318951 6.741902843117713 5.9648984819650641 10.700780943036085 20.060590490698818 5.2817103266715986 6.5179744213819504 6.3243068158626548 14.45886540412903 13.255279943346975 11.081274330615996 7.5452317595481864 8.8978832811117154 10.137428924441334 5.3790380805730811 7.3214325606822994 5.4117191284894961 5.7518802732229224 4.8905849903821945 10.554726853966711 8.1329548507928831 4.9903874248266193 6.0697024613618868 5.2734748125076276
leaf_count=32 21 21 20 27 31 21 36 23 23 37 26 20 22 21 25 21 23 33 25 28 25 45 83 22 27 26 59 55 46 31 37 44 22 30 22 24 20 45 33 21 26 22
internal_value=0 -0.000938018 0.00435974 -0.0050378 0.00720279 0.00981414 0.00340859 -0.0010012 0.00476205 0.0144622 -0.00259632 -0.00327684 -0.0138028 0.0147989 -0.00204616 -0.000854324 -0.00211069 0.00524253 -0.00451386 0.0104142 -0.00219963 -0.000781992 0.0021645 -0.00869783 -0.0178827 0.00536092 0.00776565 0.01655 -0.000269327 -0.0107416 -0.0114658 -0.019189 0.0155858 0.019744 -0.000487321 -0.0175656 0.0177592 -0.0202807 0.0252728 0.0237357 -0.0203997 0.0271292
internal_weight=313.576 295.98 69.1157 25.0209 14.1512 44.0947 33.7508 28.7674 23.2759 14.5437 226.864 220.507 20.9682 17.5965 199.538 179.145 169.365 40.666 128.699 32.6791 113.011 107.047 83.0486 17.8683 11.7997 65.1803 58.856 27.7141 31.1419 23.9979 20.3936 15.6879 25.9372 20.5582 11.4957 16.4527 9.77953 15.5878 15.4544 9.81827 10.8698 10.344
internal_count=1301 1227 287 104 58 183 140 119 96 60 940 914 88 74 826 742 702 167 535 134 468 443 343 74 49 269 243 114 129 100 84 67 106 84 47 69 40 66 63 42 46 43
is_linear=0
shrinkage=0.03


Tree=31
num_leaves=49
num_cat=0
split_feature=16 48 60 19 61 47 61 18 16 20 2 16 60 27 47 60 54 49 46 60 32 43 32 34 57 38 55 52 47 11 40 54 26 31 32 44 29 54 47 61 32 25 61 18 25 20 38 19
split_gain=4.73118 2.59143 5.63979 3.42442 3.59524 4.96065 4.81988 4.13389 4.61489 5.30471 3.97697 3.92519 5.31855 3.4579 3.15403 4.31824 3.61807 3.54053 3.96788 4.96263 3.73254 3.73188 3.48219 3.03143 3.52653 2.87243 2.70944 2.923 2.66654 2.34938 2.29587 2.27556 7.51973 4.44042 2.14692 1.87019 1.67402 1.71313 1.57443 2.13238 1.49711 3.13885 2.39746 0.719552 0.394076 0.343516 0.0762402 0.0600267
threshold=-1.5916355642910898 -0.90331468590503194 357.50000000000006 1.5229349130227832 455.50000000000006 1.0036985080415921 727.50000000000011 0.69225447082881109 0.44001066249709014 -0.79699419374302249 -0.350526026239736 0.21452800342230952 198.00000000000003 0.14570163294303992 -0.16251869894879065 478.50000000000006 -1.0893245066534303 -0.2194434652537364 -0.047513958424057472 659.50000000000011 0.76384865223072651 0.24287503638413829 1.0000000180025095e-35 0.24723848299581477 -0.56422382789011649 -0.10513367236002231 0.11137562290800726 1.0000000180025095e-35 -0.51751327652133561 -1.999974815669032 -0.61648087955963893 0.40432253962179271 -0.17751936367368756 1.1431142852727152 0.22784375290376183 0.33773515778930435 -0.68753236723077271 0.45457733788706872 -1.1459894382631222 419.00000000000006 0.51161105254744887 1.0000000180025095e-35 539.50000000000011 -2.0131522690122439 0.75299700087619603 1.0000000180025095e-35 -0.34989047564475545 -0.36399780621069711
decision_type=2 2 2 2 2 2 2 2 2 2 2 2 2 2 2 2 2 2 2 2 2 2 2 2 2 2 2 2 2 2 2 2 2 2 2 2 2 2 2 2 2 2 2 2 2 2 2 2
left_child=29 2 -2 4 7 6 28 8 11 -10 -11 14 -13 -14 15 16 -3 31 19 21 22 26 -20 24 35 -8 27 -19 -6 -1 -5 32 45 46 -32 -4 -18 -38 39 -26 42 -42 -30 -31 -41 -16 -33 -44
right_child=1 3 23 30 5 -7 25 -9 9 10 -12 12 13 -15 17 -17 36 18 20 -21 -22 -23 -24 -25 38 -27 -28 -29 40 43 34 33 -34 -35 -36 -37 37 -39 -40 44 41 -43 47 -45 -46 -47 -48 -49
leaf_value=0.00083640474188651122 0.013483576298909219 0.0067964556581060253 -0.015156175487824861 0.0037476248810706411 0 -0.013185003040996035 0.0086648889927107859 -0.022168021101144398 -0.0084175827265037997 0.039263862097570865 0.0071450910237368468 0.00858169910898492 -0.035112474880690317 -0.0034657376560508178 0.0061140657073649185 0.0092370194056948778 -0.0026296145372176377 -0.0049019009225146921 0.0021324771014749615 0.011978823463583548 -0.0078933072397965754 0.0058297241524974527 0.034289080421924217 0.003761038975671534 0.0012901393569555275 -0.019828662796020118 0.00089458869891626566 -0.031276498250269839 0.0077091856217653219 0.031484999493870847 -0.0034889406127215951 0.013922070980631588 -0.019537879806891468 -0.0014999371266445959 -0.029707648465609807 0.0053465705952326402 -0.02992114461346311 -0.0053268736453519301 -0.034533731453126125 -0.0089612474913345081 0.022510171164324546 -0.0067318874900395721 0.017524803578729847 0.0090324901265587884 -0.02764685379205746 0.022218652079750222 0.033389595163424511 0.041096787111151688
leaf_weight=7.7776183784008053 8.6009228825569135 5.3229114562273052 4.8675056695938066 4.8201537728309658 6.7969876676797822 6.800290808081626 4.8814932107925415 6.1749331653118125 6.2209555357694652 5.6630018353462228 9.5323663204908335 5.5950670242309597 7.5651468932628614 5.9762746542692184 4.7692554146051425 9.2613684087991697 5.8197573721408871 7.055412635207186 6.7485387325286883 8.2645590156316739 5.8511720597743979 6.6020051240921012 5.1617751121520996 8.5089797675609571 4.9345006793737367 4.755666255950926 4.8281269818544379 11.631782814860342 6.32499623298646 4.7908955663442621 6.2458593696355802 5.331170618534089 6.9458581656217566 6.5454155057668677 5.8418512046337128 8.9515549540519697 10.284092307090758 5.0603523999452582 6.6622314453125098 5.3126513361930829 5.3821837157011014 4.893311619758606 5.1503019183874121 4.9849036782979939 4.8651665896177292 5.9977981299161911 6.3894983828067788 6.2721301913261405
leaf_count=32 35 22 21 20 28 28 20 26 26 23 39 23 32 25 20 38 24 29 28 34 24 27 21 35 21 20 20 48 26 21 26 22 29 27 25 38 43 21 29 23 22 20 21 21 21 25 26 26
internal_value=0 -0.000914473 -0.00685166 0.000384074 0.00141304 0.00828483 0.0120226 -0.00062364 0.000319649 0.0128765 0.0219267 -0.00158084 -0.0137292 -0.0232831 0.000328947 -0.00700735 -0.0130923 0.00330658 -0.00133236 -0.00678986 0.00975994 -0.0124539 0.0187927 -0.0112621 -0.0150221 -0.00563398 -0.0178688 -0.02272 0.0171055 0.0145068 -0.0120301 0.0104691 0.00207712 0.0175282 -0.0184824 -0.00226039 -0.0184779 -0.0233632 -0.0221958 -0.0137684 0.021006 0.00899156 0.0264076 0.0232927 -0.020811 0.0171942 0.0275728 0.0342006
internal_weight=313.021 295.467 52.7035 242.764 225.856 51.2574 44.4571 174.599 168.424 21.4163 15.1954 147.007 19.1365 13.5414 127.871 35.7485 26.4871 92.1224 56.1434 38.3819 17.7615 30.1173 11.9103 44.1026 35.5936 9.63716 23.5153 18.6872 34.8199 17.5534 16.9079 35.979 17.7129 18.2661 12.0877 13.8191 21.1642 15.3444 21.7746 15.1123 28.0229 10.2755 17.7474 9.7758 10.1778 10.7671 11.7207 11.4224
internal_count=1301 1227 223 1004 933 211 183 722 696 88 62 608 80 57 528 148 110 380 231 158 73 124 49 188 153 40 97 77 143 74 71 149 74 75 51 59 88 64 94 65 115 42 73 42 44 45 48 47
is_linear=0
shrinkage=0.03


Tree=32
num_leaves=46
num_cat=0
split_feature=16 45 42 16 15 16 46 20 55 53 45 55 27 58 56 39 45 57 29 44 45 15 18 48 45 49 46 18 40 45 19 39 19 20 58 41 40 45 29 16 50 29 4 39 55
split_gain=4.53137 2.90534 4.2634 4.31498 6.05197 5.40938 3.13697 3.02961 3.89374 2.95655 3.90255 2.94214 3.60482 3.48096 2.67362 2.72438 2.61525 2.54328 3.95189 2.95075 2.78506 3.33506 5.6098 6.19331 3.38458 2.9728 4.90024 3.66813 3.39637 3.57367 3.32546 4.53458 4.80623 3.70846 3.28925 2.91342 2.51398 2.49439 2.475 2.34697 2.17042 2.16547 1.97075 1.52526 1.03927
threshold=-1.5916355642910898 -1.6015044848615674 -0.72500780178695667 0.2623493695320766 -0.22440970156675419 0.69765602201607113 -0.55487300203254131 1.035659795000244 -1.1678646999999478 -0.33611145028219497 0.068860294159271238 0.1501616650933158 1.1782093360012698 1.0000000180025095e-35 -0.79917260807700286 0.41983089652363698 0.43654293728833155 1.4790752676841121 0.38231267584774786 -1.0000000180025095e-35 -1.1720787097297951 -0.033711277800303995 0.13883761669853625 0.57171817726943697 1.3008399187229196 1.0000000180025095e-35 -0.35353488967400454 0.66492611875677754 0.33067531523511701 -0.082960175730035557 -1.1895308708753445 -0.44253259496507052 -0.95366428097115963 -1.0000000180025095e-35 -0.84553114790396355 0.56381581693883687 0.8935882467373174 -1.418372534046128 0.38231267584774786 0.87564985202991752 -0.21849820900770453 0.38231267584774786 -1.0000000180025095e-35 0.056730479054707482 -0.14618921322122802
decision_type=2 2 2 2 2 2 2 2 2 2 2 2 2 2 2 2 2 2 2 2 2 2 2 2 2 2 2 2 2 2 2 2 2 2 2 2 2 2 2 2 2 2 2 2 2
left_child=16 6 3 4 -3 -5 -2 17 -9 10 -6 14 13 -13 -10 -16 -1 20 19 -19 37 24 23 42 25 26 43 30 35 -30 34 -32 -33 -34 -27 -28 -31 -4 -25 -7 -11 -18 -23 -22 -42
right_child=1 2 7 5 9 39 -8 8 11 40 -12 12 -14 -15 15 -17 41 18 -20 -21 21 22 -24 38 -26 27 28 -29 29 36 31 32 33 -35 -36 -37 -38 -39 -40 -41 44 -43 -44 -45 -46
leaf_value=0.029811037508692503 0.0021818591064243788 0.033350327038011017 0 -0.019972233522348292 -0.01951522084129146 0.022061233987075265 -0.025028179113025198 0.025994921692573603 -0.021538723775175336 0.022329842247100194 0.011990359690645562 0.0031375843839988116 -0.010222084557121832 0.032915847928216675 0.012034884690135847 -0.013211091259707671 -0.0053961721112364379 -0.018564639731217927 0.022513810492675802 0.0090568234526748909 0.025489677169221885 -0.0014416936312092337 -0.027033699002722726 -0.022496362490290182 0.017716200882338901 0.00072662499719183197 -0.026950963548698456 -0.024754196531698681 0.021309737185954001 0.009660478134961686 0.024740282032776388 0.017753193873038985 -0.023640410985630567 0.0032174657674897962 -0.026788428876864681 0.0008768493381023833 -0.014866769476746243 -0.025470647147281911 -0.00093288545184269742 -0.0010517664888921897 0.010126175202436933 0.017071542373513465 0.018564922062625257 0.005006881417990188 -0.006785788335945008
leaf_weight=5.1076650023460415 5.5906608700752258 8.3441759347915632 4.9936991780996314 8.9253118783235568 6.4943385124206561 4.8157716542482367 7.4836556017398816 5.1584205180406562 5.9257066696882275 8.6945768743753451 4.7856460064649582 9.4020566493272799 5.0968515872955313 5.1594539731740943 7.2592387795448285 5.3154001832008362 6.9368575513362867 5.2117001712322244 6.5963164418935767 5.5977187454700479 7.0668227672576895 6.6572324037551889 11.632806316018103 11.486133754253389 6.8645077347755423 6.3248973041772842 6.4879456162452716 7.5361633151769629 5.6015331447124508 4.8595475256443006 5.1307903081178621 5.3876392394304249 8.6274355649948067 7.30204898118975 7.0270040333270938 5.0224051475524902 7.4770597517490387 9.1855279207229596 8.7637344896793348 9.0395281016826612 5.0814825892448425 5.4645939618349075 8.5322292298078501 8.2499363273382169 4.7788787186145765
leaf_count=23 23 35 21 38 27 20 32 21 25 36 20 39 21 21 30 22 28 22 27 23 29 28 49 48 28 26 27 32 23 20 21 22 36 30 30 21 31 40 36 37 21 23 35 34 20
internal_value=4.3877e-06 -0.000887003 -0.000189131 0.00671434 0.0127358 -0.0032935 -0.0139543 -0.00215328 0.00478604 0.00545836 -0.00584071 0.000892904 0.00878963 0.0161509 -0.00722801 0.000666273 0.0142222 -0.00390498 0.00645103 -0.00441268 -0.00511655 -0.00373013 -0.0101757 -0.00360668 -0.000498472 -0.00218231 0.00321898 -0.0073551 -0.00382104 0.00408003 -0.00313586 0.00290643 -0.00336672 -0.0117672 -0.0145934 -0.0156463 -0.00477166 -0.0172902 -0.0141479 0.00796133 0.0125496 0.00484623 0.0100954 0.0162446 0.00158781
internal_weight=312.483 294.974 281.9 60.9597 38.1791 22.7806 13.0743 220.94 43.3171 29.8349 11.28 38.1587 19.6584 14.5615 18.5003 12.5746 17.5091 177.623 17.4057 10.8094 160.217 146.038 47.0721 35.4393 98.9657 92.1012 44.7653 47.336 29.4485 17.9381 39.7998 26.4479 21.3171 15.9295 13.3519 11.5104 12.3366 14.1792 20.2499 13.8553 18.5549 12.4015 15.1895 15.3168 9.86036
internal_count=1301 1227 1172 254 159 95 55 918 179 124 47 158 81 60 77 52 74 739 72 45 667 606 196 147 410 382 185 197 122 74 165 109 88 66 56 48 51 61 84 57 77 51 63 63 41
is_linear=0
shrinkage=0.03


Tree=33
num_leaves=46
num_cat=0
split_feature=16 41 33 12 61 29 20 54 41 57 42 32 54 32 42 52 28 1 49 33 29 37 61 45 43 47 59 28 20 39 54 17 43 17 0 20 27 40 37 16 37 55 54 32 54
split_gain=4.37394 4.98101 3.79446 5.24334 4.10696 3.64952 4.04139 4.46 3.19108 2.8678 8.48644 4.89089 4.51063 4.84569 4.34499 4.14288 3.84935 3.96757 3.4007 3.37512 3.9073 4.27454 3.45557 3.70127 2.9965 2.86388 2.74803 3.23101 3.04664 2.68621 2.64321 2.56172 3.265 2.40219 5.70389 2.29462 2.27051 2.15129 1.95443 0.857501 0.839931 0.808901 0.377241 0.258594 0.172064
threshold=0.12668463872268504 -0.71220238101703992 -0.84476681096789796 1.6278048522205515 320.00000000000006 1.0955427045667618 -0.79699419374302249 0.61306923332274366 1.0000000180025095e-35 1.0000000180025095e-35 0.57067358311920258 1.0000000180025095e-35 0.51913769788071462 -0.49733934618566072 -0.4742307595470549 -1.0000000180025095e-35 -1.1772092017404867 -0.70722456578693571 1.2538124419086507 -1.4332583587627361 1.0955427045667618 -1.3140504796642409 183.50000000000003 0.69244581810327588 -0.72983611458011233 -0.39355472686466225 0.95965561476832517 -0.31883780117197397 1.035659795000244 -0.66947035588315129 0.7099748687501416 -0.013243556549020844 -0.35993187407258037 -0.84205083739085673 0.21142488317905042 0.51204436964502487 0.86051465813719885 0.22690302586680158 -0.38806937484479548 -0.47801565955336117 1.0000000180025095e-35 1.1444337881237214 0.25100626173451274 0.22784375290376183 -1.3206389085272623
decision_type=2 2 2 2 2 2 2 2 2 2 2 2 2 2 2 2 2 2 2 2 2 2 2 2 2 2 2 2 2 2 2 2 2 2 2 2 2 2 2 2 2 2 2 2 2
left_child=1 33 4 5 -3 6 39 8 -8 11 12 16 13 15 -15 25 -2 -18 19 -13 21 -21 -23 24 -24 -11 27 29 36 -19 38 32 -12 -1 -35 -6 44 -16 -26 -4 -25 -38 -5 -14 -29
right_child=9 2 3 42 35 -7 7 -9 -10 10 31 18 43 14 37 -17 17 26 -20 20 -22 22 23 40 30 -27 -28 28 -30 -31 -32 -33 -34 34 -36 -37 41 -39 -40 -41 -42 -43 -44 -45 -46
leaf_value=0.030917183166840626 -0.0246527676329499 -0.009741963133108357 -0.011227481481330412 0.0050488043203028212 0.027124189393103904 0.010660417586373113 -0.0080489139684300579 -0.018266421471107932 0.018506387629696502 0.0067404843280112091 0.011905916810666271 -0.014985659037277835 0.032072279210251076 -0.022268819525682614 0.016274856078473794 -0.0019557335669885463 0.013830381990049483 0.012750159453428852 -0.017939630152982378 -0.013661694363061532 -0.015046516916042035 -0.0063726912592342371 -0.0089028444772591385 0.037604874827980049 0.029619743482577648 0.037961455547168628 0.0051992258541814721 -0.011051912643841548 0.00039617757583352219 -0.010071263100092008 -0.0012585360497700902 -0.027239701127180622 -0.015485686237462687 -0.0095885896943541798 0.024506832098835352 0.0033014944664422488 0.00086403188931675459 -0.0076715412953905311 0.004751026056860919 -0.031581933928569762 0.012235922261634983 -0.013454037738482879 0.021160576566005219 0.012165888718095172 -0.027924350604556041
leaf_weight=6.9526988714933422 11.672830402851103 4.8604496270418194 7.5455379784107208 4.749313145875929 9.6191317588090914 6.7396711260080329 5.5668630450964036 8.4361267834901792 8.0576521754264814 6.5065378844737989 5.1298188418149957 6.0351110994815818 5.3654613643884641 7.6166978329420116 5.6356775164604169 8.3804686069488525 6.2964122146368018 6.9662147611379615 5.7401033192872992 5.0330369770526877 5.2703714817762366 6.262492060661315 5.5096539407968477 6.1569006741046888 7.6255472451448414 5.3971903473138827 9.3841448724269849 4.8876738697290376 7.786494329571723 8.765848293900488 6.4654080271720877 6.3117983639240256 7.8808410316705713 7.0050185620784742 7.6994069665670395 7.0436242967844001 5.5140525549650174 4.7719438970088959 6.0653439611196633 6.4840538203716225 4.9168256819248199 5.3864895701408386 4.8446827381849289 5.3497357815504074 16.193809747695934
leaf_count=30 49 20 31 20 40 28 23 35 33 27 21 25 22 32 23 35 26 29 24 21 22 26 23 25 31 22 39 21 33 37 27 27 33 29 33 29 23 20 25 28 20 23 20 22 69
internal_value=1.55506e-05 0.00532941 0.00140863 -0.00288488 0.0116335 -0.00752026 -0.0113649 -0.0026103 0.00753724 -0.00232635 0.00266111 -0.0046743 0.00932224 0.00390545 -0.00691453 0.0136095 -0.00945267 -0.00642015 0.00139481 0.00375985 0.00634371 0.00919631 0.0123768 0.0158543 0.00838582 0.0240079 -0.00874374 -0.0112813 -0.0156922 0 0.013678 -0.013405 -0.00415796 0.0174992 0.00850985 0.0184886 -0.0196307 0.00520815 0.0205544 -0.0231629 0.0296215 -0.00649897 0.0154866 0.0253393 -0.0252722
internal_weight=311.885 95.6042 73.9471 52.4239 21.5232 42.8299 36.0902 22.0606 13.6245 216.281 68.3462 147.935 49.0237 38.3085 18.0243 20.2842 82.854 71.1811 65.0808 59.3407 53.3056 48.0352 43.0022 36.7397 25.666 11.9037 64.8847 55.5006 39.7685 15.7321 20.1563 19.3225 13.0107 21.6571 14.7044 16.6628 31.982 10.4076 13.6909 14.0296 11.0737 10.9005 9.594 10.7152 21.0815
internal_count=1301 399 307 218 89 178 150 91 56 902 284 618 203 159 75 84 349 300 269 245 220 198 177 151 106 49 274 235 169 66 83 81 54 92 62 69 136 43 56 59 45 46 40 44 90
is_linear=0
shrinkage=0.03


Tree=34
num_leaves=48
num_cat=0
split_feature=16 45 42 16 13 16 38 20 55 55 27 58 53 45 47 32 2 13 55 20 24 45 35 58 40 40 55 56 60 45 56 39 45 40 55 38 40 32 23 23 31 53 35 47 55 47 38
split_gain=4.19231 2.75536 4.03377 4.02535 5.62893 5.17908 4.87204 2.83965 3.66701 2.81085 3.44699 3.2885 2.79593 3.72129 2.59701 2.54938 8.10327 5.0371 3.51941 3.49389 3.37484 4.3436 3.16397 2.92336 2.87008 3.71365 3.18671 2.82804 2.60255 2.53475 2.51418 2.57106 2.48054 2.32983 2.28772 2.19965 2.12338 2.09606 4.53482 2.06219 3.18355 1.89625 1.8476 1.34717 1.18976 1.99258 0.0841302
threshold=-1.5916355642910898 -1.6015044848615674 -0.72500780178695667 0.2623493695320766 -0.22440970156675419 0.69765602201607113 -0.18671927345493336 1.035659795000244 -1.1678646999999478 0.1501616650933158 1.1782093360012698 1.0000000180025095e-35 -0.33611145028219497 0.068860294159271238 -1.1272851209269483 1.0000000180025095e-35 -0.2898546906973134 -0.4859883987708658 -0.029037882715824467 -1.0588019064206318 1.2892607971451615 1.3350779385620515 -0.19965064972660754 -0.84553114790396355 -0.9731303717001264 1.0000000180025095e-35 0.50179527374717836 1.0000000180025095e-35 430.00000000000006 0.87329517240552701 -0.79917260807700286 0.41983089652363698 0.43654293728833155 -0.15359536848368768 -0.13003661857093207 0.91921887472052821 -0.29018453568642755 -0.74957694586893819 1.0000000180025095e-35 -0.67318708445369091 -0.16773176529444517 -0.33611145028219497 0.64024059050527671 0.41458589413094071 0.27627925600490688 -0.14672657693654559 -0.71249314717769341
decision_type=2 2 2 2 2 2 2 2 2 2 2 2 2 2 2 2 2 2 2 2 2 2 2 2 2 2 2 2 2 2 2 2 2 2 2 2 2 2 2 2 2 2 2 2 2 2 2
left_child=32 14 3 4 -3 -5 -7 15 -9 30 11 -11 13 -6 -2 16 36 18 -17 22 21 24 -19 43 -21 34 27 -27 33 -22 -10 -32 -1 -25 -26 -20 -4 -14 -39 -38 -41 -34 -24 -18 45 -30 -47
right_child=1 2 7 5 12 6 -8 8 9 10 -12 -13 37 -15 -16 17 23 19 35 20 29 -23 42 28 25 26 -28 -29 44 -31 31 -33 41 -35 -36 -37 39 38 -40 40 -42 -43 -44 -45 -46 46 -48
leaf_value=0.029050302827628629 -0.02507073829183774 0.032397662374854488 -0.0079751502230497196 -0.019479718658371122 -0.019022902310763149 0.024426682283163515 -0.0078745100845905355 0.025263912932013043 -0.020993200726719136 0.0031011268995466109 -0.010001202833122044 0.032099749880616091 -0.0001100244782170595 0.011774787462108655 0 0.0055392109935286813 -0.0086956198527540288 -0.0018940156534689751 -0.033931496087493108 0.021204785898040576 -0.027229297567905947 -0.019038270926202562 0.0277495278425091 -0.016395309634541021 -0.018874763670880521 0.00071695573235729419 -0.0033906029687738059 0.030493669434016171 -0.0027570206506163371 0 0.011628259609752474 -0.012913958805541383 0.013664833062191916 0.0085612370145879083 0.0037950199762233779 -0.0073310099625751874 -0.0010651002586482649 0.033502198716879095 -0.00140840232744232 0.032353098100719721 0.0010943751198505497 -0.0074736203366276115 0.0046682704488393532 0.0090135101684804802 -0.031688478386605948 -0.029179646273896923 -0.01238449673373096
leaf_weight=5.0206585675478008 6.481506809592247 8.2580443620681745 5.4668309092521694 8.8774784803390521 6.4675756990909594 6.5374652296304703 7.2944653630256635 5.1416156440973273 5.8920771181583431 9.3847624659538287 5.0863598287105551 5.1561563462018958 6.9965633600950268 4.7721530050039291 6.5252360850572568 4.851904600858691 7.6066691577434522 8.6292170733213442 5.8317582905292493 7.3108277320861808 5.5013663917779905 5.8459599614143363 8.8025385290384275 5.0115834474563599 7.9750612527132034 5.3087616711854952 8.6909151524305326 6.3633553087711334 8.5717882364988327 5.1272229105234146 7.2561191618442518 5.3027858138084412 7.2483916580677041 5.3089403808116895 5.5620353072881681 7.4580019563436508 6.8552722036838576 6.4913378059864026 5.0216882675886154 5.3624903261661565 6.0392101556062627 5.1151798367500279 6.5287100225687018 5.1087469160556793 10.306645661592482 5.1799625754356367 6.4019376635551506
leaf_count=23 28 35 23 38 27 27 30 21 25 39 21 21 29 20 27 20 32 36 25 30 23 24 36 21 33 22 36 26 37 21 30 22 30 22 23 31 29 27 21 22 25 21 27 21 45 22 27
internal_value=2.11399e-05 -0.000835738 -0.000154956 0.00657312 0.0124036 -0.00310102 0.00789702 -0.00206887 0.0046539 0.000867361 0.00859289 0.0157981 0.00537273 -0.0056291 -0.0135905 -0.00376929 -0.00781195 -0.000512299 -0.0142179 0.00266248 -0.0012978 0.00216342 0.0119474 -0.0141968 0.00587445 0.00164044 0.00961032 0.0190299 -0.0180022 -0.0154891 -0.00707814 0.000566725 0.0137434 -0.00359261 -0.00971191 -0.0216669 0.00633579 0.0122745 0.0194069 0.0112049 0.0183134 0.00462406 0.019569 -0.000958124 -0.022299 -0.0153576 -0.0228392
internal_weight=311.335 293.951 280.944 60.7168 38.0074 22.7094 13.8319 220.228 43.2199 38.0783 19.6273 14.5409 29.7493 11.2397 13.0067 177.008 77.2201 99.7876 18.1417 81.646 57.6855 47.0569 23.9605 53.4963 41.211 33.9001 20.363 11.6721 40.7809 10.6286 18.451 12.5589 17.3842 10.3205 13.5371 13.2898 23.7238 18.5096 11.513 18.257 11.4017 12.3636 15.3312 12.7154 30.4603 20.1537 11.5819
internal_count=1301 1227 1172 254 159 95 57 918 179 158 81 60 124 47 55 739 326 413 76 337 238 194 99 227 170 140 84 48 174 44 77 52 74 43 56 56 99 77 48 76 47 51 63 53 131 86 49
is_linear=0
shrinkage=0.03


Tree=35
num_leaves=48
num_cat=0
split_feature=16 29 39 20 19 48 60 26 57 45 48 16 37 23 12 58 41 45 23 23 29 60 52 48 24 21 13 12 16 20 45 16 24 40 48 59 52 46 46 59 32 23 46 46 46 44 55
split_gain=4.0102 6.88914 6.77899 3.85655 2.98259 3.44055 5.84744 3.23912 3.10295 6.12705 3.68501 7.2565 3.48879 4.8174 4.64129 4.33949 3.70872 3.58295 3.95473 3.53291 3.45976 3.37975 3.13137 3.01499 2.96283 2.61347 3.76409 2.60459 2.5009 2.49823 2.34176 2.20966 1.98517 1.90184 1.81297 1.90076 1.78181 1.66138 1.84617 1.62461 1.60292 1.33451 1.20596 0.926924 2.44244 0.791541 0.008598
threshold=-0.47801565955336117 0.38231267584774786 0.28366823997278828 0.77385208232263436 1.5229349130227832 -0.90331468590503194 357.50000000000006 1.0000000180025095e-35 1.0000000180025095e-35 0.60333802059943875 -0.1635734431012455 0.23189561753492441 -0.38806937484479548 1.2848560943988581 -0.11817907040820687 0.98709862872753462 -1.031206930506009 1.1380464969460575 1.0000000180025095e-35 0.95851556459009968 1.0000000180025095e-35 213.50000000000003 0.40603223384198273 0.17419679901564444 -0.64943616159482009 0.2893639507811554 1.704866338864002 1.1768073932962013 1.0516592693504985 -0.535186481065413 0.049991349644109839 0.21881158519201574 -0.64943616159482009 -0.42677370288916744 -1.835028847448225 -1.0000000180025095e-35 0.40603223384198273 -0.10659609852121929 -0.87306999055058498 1.0000000180025095e-35 -0.24510174650238337 -1.0403201804885438 -0.1748320796244118 -0.39761659740413874 -1.2787585139594289 0.33773515778930435 0.80735998281762089
decision_type=2 2 2 2 2 2 2 2 2 2 2 2 2 2 2 2 2 2 2 2 2 2 2 2 2 2 2 2 2 2 2 2 2 2 2 2 2 2 2 2 2 2 2 2 2 2 2
left_child=1 2 30 43 5 6 -2 34 12 10 11 39 14 16 29 22 24 18 41 20 -20 -12 32 28 -14 -4 -27 37 -6 -7 -1 -9 -16 -22 -8 -36 -11 38 -23 -10 -13 -18 -43 44 -3 -37 -34
right_child=4 3 25 -5 23 8 7 31 9 36 21 40 13 -15 15 -17 17 -19 19 -21 33 27 -24 -25 -26 26 -28 -29 -30 -31 -32 -33 46 -35 35 45 -38 -39 -40 -41 -42 42 -44 -45 -46 -47 -48
leaf_value=0.00016645974196056166 0.014118354256264462 0.027527912952647303 -0.028738550413637615 0 -0.014527560710681439 -0.022467334779609539 -0.0029546902645443585 -0.011883770170603799 -0.0017693605246187549 -0.019769420651958202 -0.001841713703164338 0.028968942573876048 0.018626352793078938 0.015673917444546975 0.0055355198133771027 -0.0078939307425924098 -0.0081063818353394861 0.0077763032861523015 -0.012855452339946751 -0.020509010452708584 -0.0019271435395171507 0.028527408785038285 0 -0.026014441362584656 -0.0071627200959363656 -0.016875379990077183 0.013291903162083084 0.0027777862795779242 0.011983277386984077 0.0020524664039013045 0.027613119110519491 0.010687719964235476 0.03194598534316466 0.01760601668479838 -0.031905278289144502 -0.017502020136724722 0.0011147880339550946 0.041584307112668438 0.0034967546333931898 -0.025276508706504098 0.0034808216272523306 -0.034317202884937718 -0.012558352912047476 0.036567429261858873 0 -0.00045819902992686075 0.013392623737639903
leaf_weight=5.8157238066196459 7.591858208179473 4.8411218822002446 5.3065777122974422 7.1447719633579245 4.8643873035907763 5.6614189594984055 6.8736161589622489 5.8502865582704526 6.0397407263517398 6.917950972914694 5.3636007755994823 4.8850170224905014 6.7674206048250198 7.5384068936109534 6.9584519863128671 7.9329576492309561 7.9549466669559505 7.2833594381809226 8.8266546577215212 8.3089225441217405 6.7556566298007921 4.8704929053783461 8.2384006381034833 7.1984234452247611 6.1943229585885984 7.2152158170938474 4.917935848236084 5.5164739936590186 4.8821039348840714 6.5231856852769834 4.8824832886457443 6.8225127309560776 8.7869431525468844 8.4921044260263461 9.6117292344570178 4.8463475257158297 5.3535495549440384 6.069074720144271 6.4692417383193979 4.7823190689086914 5.0548563450574857 9.1574909090995824 7.7889243960380528 6.5571883767843255 4.7699747532606125 5.3754641860723495 4.878161847591401
leaf_count=25 31 21 22 30 21 24 30 25 25 29 22 20 28 31 29 33 33 30 37 35 28 20 34 31 26 30 20 23 20 27 20 28 36 35 43 21 22 25 27 20 21 39 33 28 20 23 20
internal_value=2.03382e-05 0.00756607 -0.00229163 0.019125 -0.00148888 -0.000574206 -0.00774732 -0.0124728 0.0011658 0.00668671 0.0114509 0.00133177 -0.00136161 -0.00503764 0.00486407 0.0101832 -0.00738666 -0.0103325 -0.0128766 -0.0053098 0.000596593 0.0182351 0.0154941 -0.0131345 0.00642244 -0.0135893 -0.00409047 0.0230026 -0.000887432 -0.0101158 0.0150398 0 0.021374 0.00919593 -0.0181333 -0.0225348 -0.0110938 0.0283653 0.0167916 -0.0144566 0.0186876 -0.021629 -0.0264761 0.0266482 0.0153177 -0.0102565 0.0276982
internal_weight=310.738 51.451 28.1379 23.3131 259.287 242.342 46.9718 39.38 195.37 61.3223 49.0508 20.7619 134.048 85.0682 48.9795 36.7949 77.5298 64.5681 57.2847 32.3833 24.0744 28.2889 28.862 16.9449 12.9617 17.4397 12.1332 22.9253 9.74649 12.1846 10.6982 12.6728 20.6236 15.2478 26.7072 19.8335 12.2715 17.4088 11.3397 10.8221 9.93987 24.9014 16.9464 16.1683 9.6111 10.2218 13.6651
internal_count=1301 216 117 99 1085 1013 201 170 812 254 203 86 558 355 203 152 324 270 240 135 100 117 119 72 54 72 50 95 41 51 45 53 85 63 117 87 51 72 47 45 41 105 72 69 41 44 56
is_linear=0
shrinkage=0.03


Tree=36
num_leaves=51
num_cat=0
split_feature=16 51 32 44 30 60 42 0 20 44 57 42 32 50 44 46 47 28 1 50 59 32 60 31 36 14 50 44 46 44 55 61 14 45 30 55 55 45 1 61 46 46 46 46 13 45 20 45 49 36
split_gain=3.9195 3.86121 2.91325 3.66568 3.65536 4.21435 3.97012 2.84811 2.69654 3.06112 2.62868 7.90912 4.40161 5.72349 4.13585 6.57137 3.88223 3.61538 3.74768 3.7235 3.21648 2.91083 2.88057 3.62567 3.0823 2.8163 2.67965 2.5364 3.5654 2.43667 4.28383 3.63242 2.36301 2.16328 2.00479 1.95894 1.99317 1.86364 1.86143 1.68286 1.5965 1.39926 1.2913 0.738719 0.573409 0.522771 0.468924 0.0844958 0.0717721 0.0458296
threshold=0.12668463872268504 1.0000000180025095e-35 1.7727990509638363 1.0000000180025095e-35 -0.97886811845644306 478.50000000000006 0.57067358311920258 -0.75553124058586441 -0.535186481065413 0.83268693507332003 1.0000000180025095e-35 0.57067358311920258 1.0000000180025095e-35 1.0529121670743995 0.33773515778930435 0.60419972547396783 -0.89881734502672128 -1.1772092017404867 -0.70722456578693571 0.20530524968633007 0.95965561476832517 1.2683238515972814 371.50000000000006 -0.36821410244001085 -0.083095491522283946 -0.24776767521068899 -0.21849820900770453 -0.65216839677872673 0.39653545552053554 0.83268693507332003 0.48229725169126353 377.00000000000006 -0.013243556549020844 0.049991349644109839 -0.48182495624535909 -0.58361074552918601 -0.13003661857093207 0.93839536573482241 -0.67112454969713886 207.00000000000003 0.89986164155771986 -0.06707621822227687 -0.089693724147709666 -0.1260149691094741 0.70122784415550043 0.24647271750939162 -1.0000000180025095e-35 -0.10266870996028384 1.0000000180025095e-35 -0.51927098900621538
decision_type=2 2 2 2 2 2 2 2 2 2 2 2 2 2 2 2 2 2 2 2 2 2 2 2 2 2 2 2 2 2 2 2 2 2 2 2 2 2 2 2 2 2 2 2 2 2 2 2 2 2
left_child=1 2 3 4 7 6 39 45 33 -10 12 16 17 14 21 43 40 48 -19 20 22 27 23 -20 35 -18 -17 34 47 30 31 -27 41 -5 -14 -24 -37 -35 -33 -6 -12 -13 -26 -16 -41 -1 -40 -29 -2 -3
right_child=10 49 -4 8 5 -7 -8 -9 9 -11 11 32 13 -15 15 26 25 18 19 -21 -22 -23 24 -25 42 29 -28 28 -30 -31 -32 38 -34 37 -36 36 -38 -39 46 44 -42 -43 -44 -45 -46 -47 -48 -49 -50 -51
leaf_value=0.026289478104459769 -0.012727203816400965 0.010325142939279958 -0.014114530491899594 -0.012320737298833546 -0.0024356853286933841 0.010177323834971686 0.0066453487757864253 -0.0060288487139389078 0.027760871766610636 0.0021817699548708183 -0.017146253861987704 -0.01180580054327884 0.0061685236538668396 -0.025397300172329478 -0.0075611209818572788 0.020996023823187895 -0.0021516747876940434 0.013620628065580155 0.0163317877546389 0.0098513870407928687 0.0049504323135026894 0.02785354170703187 -0.019856929430920149 -0.013697202643341096 -0.0092953694077905127 0.035351120707327099 -0.0034281055870447022 0.01089131604788255 -0.0044075566059049442 0.034196399982423728 -0.010228566699215211 -0.0053375053812645245 -0.026362385535277755 0.02041280590929655 -0.015646909633732883 0.012838738643188451 -0.0092955500988285717 -0.0027734671625506669 0.0044177496303584958 -0.010064989094854478 0.0041539931847187871 0.0059346815158447062 -0.031292997370606819 -0.025981314784110105 -0.031318080213146915 0.0068512119592654833 0.020529536473985241 0.028682689596868972 -0.029960075204014731 0.026745954848114439
leaf_weight=4.7519071251153928 6.140756279230116 5.0130151212215424 6.7816811352968207 4.881728157401084 4.7347728163004055 7.9502626359462729 5.5114085227251044 4.812224224209781 11.448153495788576 7.4481725543737403 4.8147392421960813 7.4771678298711786 6.5919439941644669 4.9859633594751349 6.5358958691358566 6.8416296392679214 7.6585929542779914 6.2835599631071082 4.8707712888717651 7.4018546491861335 8.3942222744226438 6.0883620381355277 5.6403080821037319 6.842655733227728 5.9247063994407609 5.8376576900482275 6.4620107859373075 4.8527313917875263 5.5450125187635413 5.355988308787345 5.0862105637788764 5.0680887550115612 6.2268742173910132 4.8235246390104276 5.4570808857679349 4.8030894547700891 7.2364320755004785 4.777264341711998 5.1035248935222652 4.7455733716487867 4.7402875870466232 5.4747114926576623 13.361337274312985 6.3645115345716494 7.6456744521856308 4.6670872569084167 5.1079578250646511 5.1345631480217024 5.4321018904447556 5.0153921544551832
leaf_count=21 26 21 28 21 20 33 23 20 48 31 21 31 27 21 27 28 32 26 20 31 35 25 24 29 25 24 27 20 23 22 21 21 27 20 23 20 31 20 21 20 20 23 59 27 32 20 21 21 23 21
internal_value=2.46249e-05 0.00507202 0.00272876 0.00450293 -0.00101783 -0.00690922 -0.0134181 0.0107147 0.0118128 0.0188747 -0.00219631 0.00259034 -0.00445028 0.00130933 0.00419744 -0.0044486 0.00903451 -0.00900142 -0.00605702 -0.00833175 -0.0109843 0.0109997 -0.0139174 -0.000319748 -0.0178897 0.0131771 0.00958186 0.00582827 0.0134119 0.0170073 0.0116159 0.017472 -0.0129741 0.00131666 -0.0039074 -0.0074073 0 0.00951924 0.00773404 -0.0202122 -0.00690654 -0.00405414 -0.0259824 -0.0188252 -0.0255763 0.0194717 0.0145866 0.0231113 -0.0237845 0.0214694
internal_weight=310.151 95.0078 84.9794 78.1978 44.8189 30.5877 22.6374 14.2312 33.3788 18.8963 215.143 67.9518 147.192 64.8597 59.8737 26.204 48.773 82.3318 70.7589 64.4754 57.0735 33.6697 48.6793 11.7134 36.9659 39.218 13.3036 27.5813 15.5323 31.5594 26.2034 21.1172 19.1788 14.4825 12.049 17.6798 12.0395 9.60079 15.2796 17.126 9.55503 12.9519 19.286 12.9004 12.3912 9.41899 10.2115 9.98729 11.5729 10.0284
internal_count=1301 399 357 329 189 128 95 61 140 79 902 284 618 269 248 109 203 349 300 274 243 139 208 49 159 162 55 114 64 130 108 87 81 61 50 75 51 40 63 72 41 54 84 54 52 41 42 41 49 42
is_linear=0
shrinkage=0.03


Tree=37
num_leaves=45
num_cat=0
split_feature=16 12 42 23 46 23 34 47 46 38 44 54 27 39 44 47 45 46 31 49 54 46 54 45 16 13 54 54 46 40 45 59 46 46 46 26 29 24 44 45 20 24 23 47
split_gain=3.84566 2.7189 3.53044 4.05818 5.02992 5.17677 6.73772 5.06479 4.05717 4.48959 3.88871 3.64221 3.42058 4.14536 4.95174 3.35305 3.27516 3.19269 10.018 5.77364 5.43214 3.98564 3.33341 3.01414 2.87417 2.55518 4.20696 3.18109 2.96392 2.95576 2.34886 2.27873 3.86652 4.1936 2.19787 2.04011 1.91081 1.61719 1.57958 1.53788 1.25393 1.19791 0.799661 0.734988
threshold=-1.5916355642910898 -1.7997935020974836 -0.72500780178695667 1.0000000180025095e-35 -0.8171217209304279 0.63217503478134163 0.48045677988034574 0.50522926601573237 0.72454042641637806 -0.43147607673966654 -0.49749596637747195 0.98158219821040904 1.1782093360012698 -0.14427153775844978 0.83268693507332003 -0.16251869894879065 -1.5201095295409772 0.22493670779177685 -1.0279209383463594 -0.2194434652537364 -1.1859465762757517 1.0538705055511255 -0.27067170485144526 1.0000000180025095e-35 -0.51088464605934425 -0.22440970156675419 -0.16522022168154263 -1.1467628322333876 -0.5253873063076101 0.33067531523511701 0.43654293728833155 0.95965561476832517 -0.48628926497583974 -0.026249625057248472 0.39653545552053554 -0.43468112535816461 0.38231267584774786 0.41684716571216957 0.58521104643131217 0.3081994152692738 -1.0000000180025095e-35 1.0000000180025095e-35 -0.67318708445369091 0.68944166821106834
decision_type=2 2 2 2 2 2 2 2 2 2 2 2 2 2 2 2 2 2 2 2 2 2 2 2 2 2 2 2 2 2 2 2 2 2 2 2 2 2 2 2 2 2 2 2
left_child=30 15 16 17 7 12 37 -5 9 -8 41 -11 13 23 39 -2 -3 20 -19 22 -4 -21 -20 -6 -18 27 28 -26 -27 -30 -1 32 42 35 -29 -34 -32 -7 -10 -15 -35 -9 -22 -13
right_child=1 2 3 4 5 6 8 10 38 11 -12 43 -14 14 -16 -17 24 18 19 21 31 -23 -24 -25 25 26 -28 34 29 -31 36 -33 33 40 -36 -37 -38 -39 -40 -41 -42 -43 -44 -45
leaf_value=0.02825056752704257 0.001960203321832033 -0.0095703834143938075 0.0084302587996739151 0.033031508767364867 -0.017587668187925933 -0.030071412730663698 0.012440108159202195 0.003477524724294453 0.024426643992621219 0.0057792835041488369 0.019828315565372203 -0.010462962329341904 -0.011101128316562466 0.010226506785124934 -0.0056097370391651816 -0.027267070032068297 0.02749013852146984 -0.026883015379065848 0.0080984453687442341 0.032627681858477191 -0.015113939014832991 0.00083058829695999582 -0.019010454691198352 0.009056593001775002 -0.0029071931483857804 -0.0064507057196389606 -0.016027118536825563 0.034128746681001493 0.024735806938083766 -0.0016357481617272831 -0.0051930047416495675 -0.00057217448708556909 0.015385633856130494 -0.031201201984239552 0.0081881530176750022 -0.0071932319079200417 0.015961232137586656 -0.0086478984188154747 0.00036751765254805486 0.030628448997682609 -0.0060832632177050903 -0.013551735884869654 -0.036440852991449224 -0.029172792471939796
leaf_weight=4.9243196696043041 5.622394785284996 8.9206565767526609 9.1320063024759275 6.5852881669998196 6.1164509356021863 9.7573052048683184 6.7897468507289878 5.0638173371553457 5.1309968680143339 5.2539399862289491 6.8003177344799015 8.062027156352995 7.4219561368226996 9.1848944574594551 6.2945434004068366 6.0542117506265622 5.2463452368974677 7.83743031322956 6.9007014781236649 8.5197032243013364 7.5917906314134624 6.2337304651737204 6.3268227279186267 6.0346003919839859 6.351650774478915 7.6414559632539758 8.5721283704042488 5.5147730112075761 8.5158618837594968 5.251656413078309 6.9204602390527707 8.5627943873405439 5.2747713327407801 4.8094773590564728 8.7512949854135496 5.9810209125280398 5.3912042081356049 8.1041807532310468 4.8052569329738617 10.71093140542507 4.7561186701059395 6.7643277943134308 8.9055561721324867 6.1853272318840018
leaf_count=23 23 38 38 27 26 42 28 21 21 22 28 34 31 38 26 26 23 35 29 35 32 26 27 25 27 32 36 23 35 22 28 36 22 21 37 25 23 34 20 44 20 28 38 26
internal_value=2.7377e-05 -0.000793761 -0.000146082 -0.00201371 0.00145288 -0.0015648 -0.00779618 0.013045 0 -0.00633626 0.00374649 -0.0135809 0.00568694 0.0093829 0.0158736 -0.0141174 0.00589379 -0.00679787 4.19663e-05 0.00877123 -0.0112403 0.0208782 -0.00507613 -0.00437459 0.00865438 0.00585097 0 0.0135872 0.00723461 0.0151109 0.0132235 -0.0154249 -0.0185245 -0.00853439 0.0208895 0.00348245 0.00436331 -0.022084 0.0148904 0.0228676 -0.0217721 -0.00624019 -0.0290376 -0.0209718
internal_weight=309.576 292.34 280.664 215.898 125.066 99.8522 54.0888 25.2138 36.2273 26.291 18.6285 19.5013 45.7634 38.3414 26.1904 11.6766 64.7658 90.8319 35.8184 27.981 55.0135 14.7534 13.2275 12.1511 55.8452 50.5988 29.9811 20.6177 21.409 13.7675 17.236 45.8815 37.3187 20.8214 14.2661 11.2558 12.3117 17.8615 9.93625 19.8958 9.5656 11.8281 16.4973 14.2474
internal_count=1301 1227 1178 905 521 417 227 104 151 110 77 82 190 159 108 49 273 384 152 117 232 61 56 51 235 212 125 87 89 57 74 194 158 88 60 47 51 76 41 82 41 49 70 60
is_linear=0
shrinkage=0.03


Tree=38
num_leaves=47
num_cat=0
split_feature=16 12 42 54 28 54 47 19 16 45 52 16 20 19 54 54 33 13 45 40 13 33 40 55 54 54 16 36 1 43 12 28 54 47 18 53 11 58 62 13 38 20 32 18 35 27
split_gain=3.68521 2.59329 3.36767 3.3486 5.4779 5.54247 3.22042 3.14245 3.12759 2.93344 2.8373 2.74802 2.56069 3.09732 4.48276 3.74089 2.96114 4.89899 3.6744 4.63948 5.39796 6.77793 4.20608 4.00343 3.68197 3.67347 7.04953 4.83337 5.15523 4.94222 4.50617 3.87843 2.58588 2.47116 2.83337 3.14081 2.30432 2.10407 1.86054 1.85141 1.70843 1.49015 1.05285 0.711335 0.583913 0.373707
threshold=-1.5916355642910898 -1.7997935020974836 -0.72500780178695667 -0.83217027761944085 -0.088916890305408058 -1.1700329605177135 -0.16251869894879065 1.0512017332144132 -0.47801565955336117 -1.34040531365423 0.40603223384198273 0.80231657022841329 1.035659795000244 0.10773537359767285 0.19540546883314064 0.80599174944616869 -0.40051338763257899 -1.0709469365468307 -0.97461884751835381 1.0000000180025095e-35 -0.43656173947812615 1.0000000180025095e-35 -0.9731303717001264 0.69711709681488288 -0.079450126807549412 0.51913769788071462 0.19216162159440472 -0.27002784758682591 0.15917582036820374 -0.35993187407258037 -0.057635943043552011 0.78478257098754278 0.30133056426402255 -0.75238998076115571 0.237991355424404 -0.33611145028219497 -1.999974815669032 -1.0000000180025095e-35 1.0000000180025095e-35 -0.1279006190465698 0.46596553530435536 -1.0000000180025095e-35 0.76384865223072651 -2.0131522690122439 0.23855347561176662 0.50310814554011951
decision_type=2 2 2 2 2 2 2 2 2 2 2 2 2 2 2 2 2 2 2 2 2 2 2 2 2 2 2 2 2 2 2 2 2 2 2 2 2 2 2 2 2 2 2 2 2 2
left_child=36 6 7 4 5 -4 -2 8 -3 -10 33 -9 16 14 44 -16 17 -5 37 20 -20 -22 -23 42 -25 30 27 29 -29 -27 31 -19 -15 -11 -35 -36 -1 -18 -26 -12 -28 -24 -21 -38 -14 -6
right_child=1 2 3 12 45 -7 -8 11 9 10 39 -13 13 32 15 -17 18 25 19 23 21 22 41 24 38 26 40 28 -30 -31 -32 -33 -34 34 35 -37 43 -39 -40 -41 -42 -43 -44 -45 -46 -47
leaf_value=0 0.001913740030122635 0.028143376952728515 0.016854880260969575 0.015382282842857533 -0.030453805240768475 -0.015326871463027671 -0.026745469443719066 -0.017386293835535988 -0.0097061652002340265 -0.00048009385286078217 0.0075487730616348864 0.0083451443810385016 -0.0036821316295554177 0.030421369536506815 0.024438913856887345 -0.0040043833265504562 0.00071826508807287554 -0.03199585258283516 -0.0279481266272383 0.027374065426846065 0.023816710581706969 0.010790662093513771 -0.0044572798128441398 0.017700028353286958 0.0026667262972578896 0.00013729039391016312 -0.0063637805666565709 -0.018755468614669497 0.013491049116111325 0.036209383014761488 0.00076422168458890091 -0.00033857964742111172 0.0039625509383915975 0 0.0056808882248318105 0.034034178596096226 0.029857249672444262 -0.022904491908073851 -0.020506746347523523 -0.015139699440678004 -0.032344413899680777 -0.027759091114743856 0.0065715754104141762 0.0079833359326288954 -0.021115517755948519 -0.013264034075270539
leaf_weight=7.6731250733137157 5.6225474774837494 5.473058968782424 8.4731427133083361 6.7995031028985968 6.3433584421873084 7.7696891129016903 6.0169339627027494 7.4564125686883909 7.4775889068841925 7.5049362331628755 4.7873555868864059 4.8554703444242477 4.7556091994047183 5.6075436472892752 6.5584821850061399 7.2559539973735809 5.1966342329978943 14.185913279652601 4.9164450913667705 11.401936590671545 7.674535125494006 5.8334592282772126 6.1425063014030519 5.8516486287117013 4.7845975905656779 7.4691009521484375 5.8881043940782529 9.3725302368402499 6.0126374810934058 5.4012824147939664 8.252307787537573 5.0162309706211081 8.4122763872146589 5.3298852443695166 6.9536376595497158 9.84057469666004 4.6112913340330133 5.9665378481149656 4.8205278515815735 4.9767069518566114 5.2713117599487305 5.2524101436138038 5.0850400924682608 4.8799031525850269 4.9800173342227936 8.734236538410185
leaf_count=32 23 24 35 28 28 33 26 32 32 32 20 20 20 23 27 30 22 61 21 47 32 24 26 24 20 31 25 39 25 22 35 21 35 22 29 41 21 26 20 21 23 22 21 21 21 38
internal_value=2.77351e-05 -0.000775689 -0.000142313 -0.00196878 -0.0108038 0.00112839 -0.0138067 0.00576088 0.00898518 0.00582068 0.00916263 -0.00699988 -0.000358759 0.00643756 -0.000159063 0.0101785 -0.00218862 -0.00639155 0.00201975 0.00500339 -0.00329486 0.00265632 -0.00760198 0.0127295 0.00101849 -0.00898225 -0.00272453 0.00519421 -0.00571899 0.0178925 -0.0171524 -0.0246395 0.0168494 0.0136619 0.018439 0.0240508 0.0129715 -0.0126514 -0.00962206 -0.00395892 -0.0214884 -0.017643 0.0223747 0.021781 -0.0147622 -0.0229591
internal_weight=308.945 291.781 280.141 215.486 31.3204 16.2428 11.6395 64.6556 52.3437 46.8707 39.3931 12.3119 184.165 37.5699 23.5501 13.8144 146.595 73.6689 72.9263 61.7631 29.8194 24.9029 17.2284 31.9438 15.4568 66.8694 39.415 28.2556 15.3852 12.8704 27.4545 19.2021 14.0198 29.629 22.1241 16.7942 17.1643 11.1632 9.60513 9.76406 11.1594 11.3949 16.487 9.49119 9.73563 15.0776
internal_count=1301 1227 1178 905 134 68 49 273 221 197 165 52 771 156 98 57 615 310 305 257 125 104 72 132 64 282 165 117 64 53 117 82 58 124 92 70 74 48 40 41 48 48 68 42 41 66
is_linear=0
shrinkage=0.03


Tree=39
num_leaves=46
num_cat=0
split_feature=16 12 42 54 28 54 33 19 59 16 36 19 40 35 16 54 24 18 36 18 40 37 51 59 45 30 28 42 40 38 34 45 34 20 49 44 45 45 42 13 53 40 40 58 46
split_gain=3.53408 2.47352 3.20641 3.20044 5.24415 5.26978 3.14154 2.98696 4.4278 4.13771 4.74295 2.91016 2.70402 2.67027 2.62188 2.47641 2.74094 2.52453 3.58238 4.67959 4.13887 4.04676 3.56813 3.29921 4.36982 3.15568 3.2599 3.0551 3.03421 6.01471 2.94636 6.06291 2.76897 2.48887 2.45177 2.40966 2.29031 2.18196 2.10855 2.01755 1.72989 1.6405 0.846479 0.621312 0.366184
threshold=-1.5916355642910898 -1.7997935020974836 -0.72500780178695667 -0.83217027761944085 -0.088916890305408058 -1.1700329605177135 0.36683343449206246 1.0512017332144132 1.0000000180025095e-35 -0.2926277692302986 -0.51927098900621538 -0.12813121630651214 -0.29018453568642755 0.64024059050527671 0.80231657022841329 -0.67252829726560559 -1.1664220172588151 0.66492611875677754 0.40846737072151201 0.48027169866245184 -0.9731303717001264 -1.0859102074623486 0.96247777960440739 0.95965561476832517 -0.12154188534039002 0.13947899651849585 0.78478257098754278 1.0000000180025095e-35 -0.29018453568642755 0.46596553530435536 0.24723848299581461 0.92008794909186731 0.48045677988034574 1.0000000180025095e-35 -0.42990859484836313 0.33773515778930435 0.43654293728833155 0.95554997702272759 0.21540610661267498 -0.82255820806734947 -0.33611145028219497 -0.29018453568642755 0.10440639178815413 0.98709862872753462 -0.047513958424057472
decision_type=2 2 2 2 2 2 2 2 2 2 2 2 2 2 2 2 2 2 2 2 2 2 2 2 2 2 2 2 2 2 2 2 2 2 2 2 2 2 2 2 2 2 2 2 2
left_child=36 6 7 4 5 -4 -2 8 11 -10 -11 41 -12 -14 -9 -5 42 18 20 21 30 -20 23 24 34 32 -27 -25 37 -30 -18 -32 -23 -28 -22 -21 -1 -26 -36 -19 -38 -3 -17 -13 -6
right_child=1 2 3 15 44 -7 -8 14 9 10 12 43 13 -15 -16 16 17 39 19 35 22 25 -24 27 28 26 33 -29 29 -31 31 -33 -34 -35 38 -37 40 -39 -40 -41 -42 -43 -44 -45 -46
leaf_value=0.027648074142916715 -0.025386293494056633 0.01603149587794794 0.016422918434991756 0.014434106724982918 -0.0098915991292605945 -0.014970836763699612 0.0030511083926444021 -0.016976687532747649 0.020267480991513126 -0.021439442645626951 0.018123587822084102 0.039177165592283326 -0.016802224439640849 0.0089211444565122106 0.0081541201750688873 -0.023114813687358713 -0.0048172977932588925 0 -0.019302596163842493 0.0016179902730114155 -0.031361738982614136 0.0074555508082954861 0.014802588177107641 0.021420536094623622 -0.021345621237950422 -0.0042306606987663944 0.0022566243436985384 -0.0050174767171607126 0.010595601929066589 -0.022013766269403597 0.0283723673447389 -0.0083425331756067783 -0.017662766919677324 0.030784381258071584 -0.0187935236196064 0.029124724714175342 0.012749274720951618 0.0013087397142076663 0.0031434751098544547 -0.023906962275127248 -0.0074779391329162954 -0.0050962710154812156 -0.0033008689494923265 0.013563548320318733 -0.027086233955179159
leaf_weight=4.8461930751800564 6.4991066306829435 5.1806191653013229 8.4745551347732562 8.1183127313852292 5.6069931834936151 7.7517787218093899 5.1022456735372543 7.4436137676238996 6.7026898115873328 7.8852554410696021 6.4596904665231731 4.7743196636438352 5.7290699779987353 5.6540999412536621 4.8552838861942291 4.8674747943878156 8.3811313211917895 6.163031131029129 5.5147094130516043 4.8206887394189826 9.6647121310234088 6.4379221796989459 5.5803445875644675 4.8682598024606696 9.6484947353601331 5.4735670089721706 5.0120971798896772 8.58183506131172 19.268448814749739 5.2089179009199134 9.8943641036748868 5.0892919898033133 6.221350371837616 7.5547389388084412 7.4020805954933078 9.2260663062334043 7.179740548133851 4.8502089381217948 5.6951581239700317 5.4622631072998029 5.0922037363052342 4.8855145424604434 4.8099367916584015 4.9457848817110062 9.3935588747262919
leaf_count=23 28 22 35 34 24 33 21 32 29 33 27 20 24 24 20 21 35 26 23 20 42 27 23 20 41 23 21 36 80 22 41 21 26 31 32 38 30 20 24 24 21 21 20 21 42
internal_value=2.82935e-05 -0.000758764 -0.000139246 -0.00192374 -0.0105742 0.00108903 -0.0135042 0.00562643 0.00877646 0.00152221 -0.00398846 0.0194396 0.00447795 -0.00400846 -0.00681295 -0.000348108 -0.00118141 -0.000175086 0.000854297 0.00734058 -0.00227936 0.00120209 -0.00553663 -0.00738442 -0.0103122 0.00579938 0.0135072 0.00533951 -0.00373789 0.00255475 0.00839393 0.0159136 -0.00502842 0.0212869 -0.0203952 0.0211376 0.0127201 -0.0139799 -0.00950068 -0.0128386 0.00402008 0.00592748 -0.0155681 0.0302348 -0.0225062
internal_weight=308.278 291.16 279.558 215.042 31.2269 16.2263 11.6014 64.5159 52.217 32.4308 25.7281 19.7862 17.8429 11.3832 12.2989 183.815 175.697 166.02 154.394 50.2611 104.133 36.2144 80.7685 75.1881 61.738 30.6997 18.0404 13.4501 38.9761 24.4774 23.3648 14.9837 12.6593 12.5668 22.762 14.0468 17.1181 14.4987 13.0972 11.6253 12.2719 10.0661 9.67741 9.7201 15.0006
internal_count=1301 1227 1178 905 134 68 49 273 221 137 108 84 75 48 52 771 737 696 646 209 437 151 340 317 261 128 75 56 163 102 97 62 53 52 98 58 74 61 56 50 51 43 41 41 66
is_linear=0
shrinkage=0.03


Tree=40
num_leaves=47
num_cat=0
split_feature=37 29 9 36 18 38 61 38 55 32 38 35 39 35 45 12 60 18 28 36 14 53 31 36 35 7 41 54 28 42 34 33 29 37 57 33 47 14 55 42 56 29 45 40 55 26
split_gain=3.18123 6.22953 3.68908 2.79421 2.43945 4.42546 3.07138 4.18656 5.38337 3.99254 3.43729 2.72423 5.36258 3.93201 2.84965 4.98626 4.04981 3.87498 3.53398 3.469 4.56296 3.04926 2.98458 2.91995 3.04738 2.88105 7.18941 2.73228 2.45957 3.22405 3.10189 2.31152 2.04513 2.03735 1.91846 1.89035 1.82155 1.65385 1.59101 2.27798 1.50889 1.32261 1.03146 0.996651 0.96132 0.391535
threshold=1.5846729789009795 1.8087727332857757 0.014618948403036626 1.0000000180025095e-35 0.69225447082881109 0.46596553530435536 727.50000000000011 -1.0025752844040439 -1.1864881362062389 0.22784375290376183 -0.43147607673966654 -0.85695683773416886 -0.53330769933230282 -0.63785477506498156 0.068860294159271238 -0.1596985336553384 377.00000000000006 0.36853204427230679 0.78478257098754278 1.0000000180025095e-35 0.24892662108432548 -0.33611145028219497 1.7908264514353125 -0.27002784758682591 -0.19965064972660754 -0.15779670518826161 -0.44636525644289909 -0.78383071056897713 -0.31883780117197397 1.0304314938923558 0.1656120790862288 -0.84476681096789796 -1.0000000180025095e-35 0.13531124961836907 -1.0000000180025095e-35 0.57453633371377011 -0.41453600497419391 -0.65619082433815856 0.1501616650933158 0.57067358311920258 -1.0000000180025095e-35 1.4521577189262687 -0.56460931056466956 0.10440639178815413 0.49426812197305148 -0.43468112535816461
decision_type=2 2 2 2 2 2 2 2 2 2 2 2 2 2 2 2 2 2 2 2 2 2 2 2 2 2 2 2 2 2 2 2 2 2 2 2 2 2 2 2 2 2 2 2 2 2
left_child=1 4 3 -2 6 -6 7 9 33 34 -8 12 -10 32 16 17 21 31 -19 23 35 -15 28 24 -18 26 -22 -26 38 30 -30 -16 -13 -9 -1 40 45 -33 39 -17 -21 -4 -38 -12 -25 -23
right_child=2 -3 41 -5 5 -7 10 8 11 -11 43 13 -14 14 15 22 19 18 -20 20 25 36 -24 44 27 -27 -28 -29 29 -31 -32 37 -34 -35 -36 -37 42 -39 -40 -41 -42 -43 -44 -45 -46 -47
leaf_value=-0.024620690557729946 0.012046094663457917 -0.027472727998075042 0.0067404655662904314 -0.015785612418943246 0.0052577054630399168 -0.024919332782135106 0.0068582988000739148 0.0043921690289432458 0.0094204807480994246 0.0053077559372841513 -0.029539050150545979 0.0014146866549880114 -0.02713055617102646 -0.0084756003678277507 0.0016918521444581509 0.019980585078495504 0.0095436189282854123 -0.0058787970667741399 0.021774678868280162 -0.029229210169645272 -0.027828978743746218 0.028059893084788925 -0.0082345488055834779 0.020398028091778497 -0.025344432938593616 0.013763441886114589 0.015028517345909884 -0.00067389814374565517 0.0090561870238902858 0 0.030982327553107095 -0.005123026290295281 0.028562541270146544 0.033294158312850541 -0.0018706243674486362 -0.0013310208042396539 0.011420894014741664 -0.030783093135893256 -0.0087321221249924835 -0.0036232456877131709 -0.008028732362988315 0.032521342210176551 -0.005016401011219457 -0.006573493822450426 0.0015502418480840094 0.0096662052629988369
leaf_weight=10.896110370755197 5.0527066737413424 6.1589796692132941 4.8134972602128965 4.8603241294622421 6.8696412295103055 7.9037298858165741 4.7023123800754538 4.7549342364072782 5.1365189701318741 9.1487267911434156 5.0946303755044919 4.660264253616333 6.6131706982851011 6.448015064001086 5.0638992041349438 5.9914453625679034 7.8871611058712032 7.7503085583448392 5.9981097280979156 12.45053525269031 6.1760400682687768 4.9999234378337887 5.5035511851310721 5.9699189215898496 5.9632108360528973 7.1943666189908972 5.0196771770715722 10.146160006523131 13.421574428677561 7.4417348504066458 14.436878785490988 5.3297172039747265 6.2108812332153303 5.4716949015855789 5.7472950518131283 5.3087107837200156 4.9610052853822708 5.6099965125322333 5.4690818935632697 5.784612625837326 6.9156558662653067 5.0161957442760468 5.4779298156499827 4.8897813260555267 5.1196399182081223 5.8326758891344079
leaf_count=47 21 26 20 21 29 34 20 20 22 38 22 20 28 27 21 25 33 33 25 55 27 21 23 25 25 31 21 43 56 31 60 22 26 23 24 23 21 24 23 24 29 22 23 21 22 24
internal_value=2.72148e-05 -0.000775974 0.0112511 -0.00135521 -2.88668e-05 -0.0113271 0.00063372 0.00145942 0.00280088 -0.00960852 -0.0120015 0.00168539 -0.0114414 0.00254637 0.00145361 0.00542163 -0.00181105 -0.00428334 0.00674747 -0.00533755 -0.0109136 0.00768966 0.0104791 0.00150937 -0.0042128 0.00020257 -0.00863561 -0.0115279 0.0127243 0.0171536 0.0216256 -0.0138686 0.0189924 0.0226484 -0.0178995 -0.0189645 0.0130888 -0.0208893 0.00269055 0.00883466 -0.0230675 0.0229902 0.00274617 -0.0211419 0.0133947 0.0210228
internal_weight=307.673 287.93 19.7427 9.91303 281.771 14.7734 266.998 252.311 226.519 25.7921 14.6867 216.292 11.7497 204.543 193.672 87.8009 105.871 29.752 13.7484 78.1511 43.065 27.7195 58.0489 35.0861 23.9965 18.3901 11.1957 16.1094 52.5453 35.3002 27.8585 16.0036 10.8711 10.2266 16.6434 24.6749 21.2715 10.9397 17.2451 11.7761 19.3662 9.82969 10.4389 9.98441 11.0896 10.8326
internal_count=1301 1217 84 42 1191 63 1128 1065 956 109 63 913 50 863 817 367 450 125 58 334 186 116 242 148 101 79 48 68 219 147 116 67 46 43 71 107 89 46 72 49 84 42 44 43 47 45
is_linear=0
shrinkage=0.03


Tree=41
num_leaves=46
num_cat=0
split_feature=27 31 42 16 16 38 15 52 54 47 23 46 47 23 34 38 30 52 34 54 43 24 49 40 40 39 44 55 53 18 43 16 54 39 32 27 55 24 28 23 30 46 54 55 59
split_gain=3.34941 3.34592 2.58326 3.69675 4.40627 5.1042 4.3356 4.3598 4.97161 4.65066 3.15145 6.00986 4.65465 4.19973 5.50418 4.54172 4.16804 4.15182 3.93745 3.81865 5.05974 5.20952 4.17346 3.17578 7.63962 3.77904 3.11204 3.73922 8.14294 2.63332 2.41278 3.74902 2.32969 2.07502 1.91212 1.58656 1.48236 1.41921 1.19076 1.10913 0.842227 0.841308 0.711511 0.700438 0.581219
threshold=-1.3633480869112951 1.0000000180025095e-35 -0.72500780178695667 0.26107790723932117 0.69765602201607113 -0.18671927345493336 -0.22440970156675419 0.40603223384198273 -0.36392288056542593 -0.75238998076115571 1.0000000180025095e-35 -0.8171217209304279 0.50522926601573237 0.63217503478134163 0.48045677988034574 1.2818215462534666 -0.48182495624535909 1.0000000180025095e-35 0.98187611818208709 -0.826361296606274 0.24287503638413829 -0.64943616159482009 -0.64037372444298979 -0.29018453568642755 0.10440639178815413 0.55599355307448572 1.0000000180025095e-35 0.86235953006302979 1.0000000180025095e-35 -0.11267524065189934 0.24287503638413829 0.21881158519201574 -0.424013678625834 0.96448152272703114 1.0000000180025095e-35 0.14570163294303992 -1.3407198722241482 0.41684716571216957 1.0000000180025095e-35 0.95851556459009968 0.38800057762403822 0.39653545552053554 -0.95920876309525904 0.36192934035083496 0.33773185147388385
decision_type=2 2 2 2 2 2 2 2 2 2 2 2 2 2 2 2 2 2 2 2 2 2 2 2 2 2 2 2 2 2 2 2 2 2 2 2 2 2 2 2 2 2 2 2 2
left_child=1 36 3 6 44 -6 43 8 9 -8 17 12 -12 23 37 16 -16 19 38 20 21 -4 -21 34 -25 30 29 28 -28 -19 -26 -32 -24 -14 -13 -34 -1 -15 -18 -3 -20 -31 -11 -2 -5
right_child=2 39 10 4 5 -7 7 -9 -10 42 11 13 33 14 15 -17 18 26 40 22 -22 -23 32 24 25 -27 27 -29 -30 41 31 -33 35 -35 -36 -37 -38 -39 -40 -41 -42 -43 -44 -45 -46
leaf_value=-0.0074539440692277725 0.0094563507358940545 0.028294403706401097 0.01726331277452688 -0.024659746198871676 0.02575495127317164 -0.0087528005819837076 -0.0033942670700264862 -0.015324345211041356 -0.01059998100480215 0.014119724781752342 0.03244461318340764 -0.020611221559353264 -0.0051140717901388541 -0.029083166844473086 0.011039942847792293 0.021322246461341766 -0.0072323555034582701 -0.0013443278342843807 -0.026227392643998846 -0.013634254836292325 -0.025441094787608559 -0.015398710523149891 0.022993427745117978 0.029544470139564412 -0.007145522208840095 -0.014644006521913472 -0.014286784535541967 -0.02302854271148605 0.030645381953360043 -0.033691056672831628 -0.00040384958918765614 0.02870697036369628 -0.0067968038341462752 0.014829060576722893 0.0018000439971838998 0.012017101692332496 0.010588357004878179 -0.0085425637345848213 0.010489544283238967 0.0070587717204047542 -0.0075684096924645387 -0.01030315519928726 0.037071504172625086 0.032055504790014226 -0.0059121307491836993
leaf_weight=8.9167232513427717 4.7255100309848768 6.4830060899257642 7.5629881322383881 5.6494326293468493 5.2243122011423111 7.4706887006759626 5.776672884821898 7.0284489542245856 6.6631939113140133 6.9619946181774184 6.7415802329778698 5.0855995863676053 8.9973572790622693 9.4172480255365389 8.3552551269531232 5.0854923725128165 4.7479197382926959 4.8963575065135982 9.4672002494335157 5.8498769998550442 9.2362225055694562 6.9852167218923586 8.8327632397413289 9.2014780938625318 5.7292461693286958 9.2094754874706251 6.969426169991495 4.7456909269094458 4.8186609745025635 9.8331888169050199 7.4270453602075559 6.1200059801340103 6.1678310185670817 6.8012321591377249 5.7775833159685135 6.7383242696523666 5.2375323325395611 8.0369894057512266 5.7313306629657745 6.1994784325361252 6.122497394680976 4.5784618705511084 4.9520415514707503 5.8124120384454727 4.7304305881261826
leaf_count=38 20 27 32 25 22 31 25 30 28 29 28 22 38 41 35 21 20 21 40 25 40 30 37 38 24 39 30 21 20 43 31 25 26 28 24 28 22 34 24 26 26 20 21 26 20
internal_value=2.82127e-05 0.00987824 -0.000941248 0.00420403 -0.00506504 0.00624626 0.00944305 0.00318549 0.0093386 0.0174026 -0.00254075 0.000421239 0.0140103 -0.0025813 -0.00804641 -0.00144956 -0.0057305 -0.00689096 -0.0116314 -0.00119315 -0.00978252 0.00123352 0.00612812 0.00375997 0.00793179 0 -0.0145211 -0.00394772 0.00501479 -0.0223497 0.00729126 0.0138992 0.0122411 0.00366592 -0.00943424 0.00283796 -1.9565e-05 -0.0213661 0.00205908 0.0201815 -0.0205581 -0.0283097 0.0271855 0.0248609 -0.0184462
internal_weight=307.101 26.8367 280.265 64.9951 23.0749 12.695 41.9203 31.3824 24.3539 17.6907 215.27 128.055 22.5402 105.514 56.9639 39.5097 34.4242 87.215 26.0689 51.3732 23.7844 14.5482 27.5888 48.5504 37.6873 28.4858 35.8418 16.5338 11.7881 19.308 19.2763 13.5471 21.7389 15.7986 10.8632 12.9062 14.1543 17.4542 10.4793 12.6825 15.5897 14.4117 11.914 10.5379 10.3799
internal_count=1301 113 1188 277 98 53 179 133 103 75 911 538 94 444 241 166 145 373 110 218 102 62 116 203 157 119 155 71 50 84 80 56 91 66 46 54 60 75 44 53 66 63 50 46 45
is_linear=0
shrinkage=0.03


Tree=42
num_leaves=49
num_cat=0
split_feature=16 45 42 16 13 16 38 46 53 45 20 55 28 23 32 52 11 57 39 13 14 47 4 45 36 32 45 19 44 40 46 20 52 2 59 11 32 29 32 23 20 37 26 26 19 39 46 45
split_gain=3.22722 2.35769 3.15308 3.59905 4.92504 4.46182 4.12852 2.76014 2.56194 3.24409 2.40444 3.30264 2.97703 3.98821 3.31578 2.27179 2.22474 2.15809 3.50983 2.21806 3.82813 3.67311 5.28618 3.56998 3.23696 4.94894 4.00511 4.10617 3.91501 3.74609 4.48622 2.92426 2.15478 2.43859 2.12824 3.06953 2.01674 2.08438 1.9047 4.02795 1.83956 1.67389 1.54908 1.41986 1.27775 0.512001 0.484115 0.181706
threshold=-1.5916355642910898 -1.6015044848615674 -0.72500780178695667 0.2623493695320766 -0.22440970156675419 0.69765602201607113 -0.18671927345493336 -0.55487300203254131 -0.33611145028219497 0.068860294159271238 1.035659795000244 -1.1678646999999478 1.0000000180025095e-35 0.2242493725203937 -0.24510174650238337 -1.0000000180025095e-35 -1.999974815669032 1.4790752676841121 -0.14427153775844978 -0.033711277800303995 -0.15332576911531601 0.50522926601573237 1.0000000180025095e-35 1.3008399187229196 -0.27002784758682591 0.51161105254744887 -1.2299392660546082 -1.0715975759232521 -0.21908559165521319 -0.15359536848368768 0.80313667507562281 -0.535186481065413 1.0000000180025095e-35 0.79919578228917065 1.0000000180025095e-35 -1.0000000180025095e-35 1.0000000180025095e-35 1.0000000180025095e-35 -0.74957694586893819 1.0000000180025095e-35 -0.79699419374302249 -1.0000000180025095e-35 -0.30610024451592605 -0.43468112535816461 -0.24606451125860465 0.65325259346794895 0.12327616030684026 0.15882951684017443
decision_type=2 2 2 2 2 2 2 2 2 2 2 2 2 2 2 2 2 2 2 2 2 2 2 2 2 2 2 2 2 2 2 2 2 2 2 2 2 2 2 2 2 2 2 2 2 2 2 2
left_child=16 7 3 4 -3 -5 -7 -2 9 -6 17 -12 14 44 -13 -16 -1 19 -19 23 21 22 40 24 34 26 -26 31 -27 -29 46 -28 -23 -34 35 -4 42 -38 -10 -40 -21 -20 -36 -32 -14 -18 -31 -15
right_child=1 2 10 5 8 6 -8 -9 38 -11 11 12 13 47 15 -17 45 18 41 20 -22 32 -24 -25 25 28 27 29 -30 30 43 -33 33 -35 36 -37 37 -39 39 -41 -42 -43 -44 -45 -46 -47 -48 -49
leaf_value=0 0.0024173181399502136 0.030442075631576897 -0.016683533417069463 -0.01857800310149307 -0.018232021123816267 0.022387757895976527 -0.0074819572440454315 -0.02318326043550846 -0.0002560576995212413 0.010696886561229118 0.024086672592866658 0.010772603738716129 -0.013898081091020987 0.0091712443007430401 0 -0.024140631981282044 0.028124208364793672 -0.0088355119244647989 0.0016047053776642663 -0.02188918147521985 -0.031894865486456037 0 0.018179424427446852 0.016870033807794976 -0.021709074022234199 0.00055271730828699596 0.00086920531522150066 -0.010397554760097533 -0.028471199280058489 0.010843238323631954 0.0078534441669797419 -0.026791313238740955 -0.0056554963854559904 -0.030384451201554408 0.0095512593017707606 0.010409437175808885 0.0034201336898293079 0.02881742807820549 0.031809142540214726 -0.0012845369248576067 0 0.026392147813017228 -0.010107039680657869 -0.012186413940547102 0.0046218258461240801 0.0079453646443087018 0.029885442765098781 0.026542813533324952
leaf_weight=7.6222610324621227 5.5440742373466492 8.0210949629545194 7.682723730802536 8.7298633754253405 6.385669410228731 6.4160634875297546 7.2293273955583555 7.2717958539724332 6.9156176000833538 4.6800659745931625 5.0727844834327689 4.7579489350318935 4.6618478745222083 4.7606893777847272 4.9910117834806451 7.8216540813446018 4.5959433913230878 6.8122076541185406 5.033669888973237 4.6954469084739685 4.864785596728324 6.4373583197593716 9.3117812275886518 6.8066058903932563 6.3316772431135169 5.2837229371070888 6.2976794987916946 6.4606393426656714 12.702556371688841 5.9180966615676969 4.8054222166538239 4.9755340814590401 8.2828240543603915 7.9924730360507956 5.5146718323230743 4.8017161488533002 7.156169041991232 5.1009953171014786 6.363149017095564 4.9476903229951859 7.8459000885486621 5.2781255543231937 5.8855960369110125 4.7439007610082609 5.5262434780597713 4.7488094717264175 7.294556587934494 5.0440166443586349
leaf_count=32 23 35 33 38 27 27 30 32 29 20 21 20 20 20 21 33 22 29 21 21 21 27 39 28 29 22 27 28 54 25 20 22 35 34 23 20 30 21 27 21 33 22 25 20 23 20 30 21
internal_value=3.05824e-05 -0.000721978 -8.53295e-05 0.00591157 0.0114873 -0.00327284 0.00699292 -0.0125966 0.00487197 -0.00570315 -0.00179194 0.00442906 0.000797818 0.00855873 -0.00769695 -0.015385 0.01221 -0.00337247 0.00622483 -0.00450472 -0.00970259 -0.00619016 0.00234568 -0.00196508 -0.00352193 -0.00750101 -0.00200312 0.00160046 -0.0202509 0.00761402 0.0133004 -0.0125818 -0.0142873 -0.0196762 0.00346897 -0.00583527 0.00867264 0.0164154 0.011542 0.0184092 -0.00966951 0.0165406 -0.000127715 -0.00186179 -0.0040352 0.0209403 0.0237391 0.0209749
internal_weight=306.424 289.457 276.642 59.6885 37.3133 22.3753 13.6454 12.8159 29.2922 11.0657 216.953 42.6362 37.5634 19.9928 17.5706 12.8127 16.967 174.317 17.124 157.193 49.4306 44.5658 21.8531 107.762 100.956 64.8138 46.8275 40.4958 17.9863 29.2226 22.762 11.2732 22.7127 16.2753 36.1419 12.4844 23.6574 12.2572 18.2265 11.3108 12.5413 10.3118 11.4003 9.54932 10.1881 9.34475 13.2127 9.80471
internal_count=1301 1227 1172 254 159 95 57 55 124 47 918 179 158 84 74 54 74 739 72 667 210 189 93 457 429 277 201 172 76 123 95 49 96 69 152 53 99 51 77 48 54 43 48 40 43 42 55 41
is_linear=0
shrinkage=0.03


Tree=43
num_leaves=47
num_cat=0
split_feature=16 12 33 48 20 36 47 33 38 57 29 34 12 19 12 55 30 56 47 33 48 47 25 47 3 47 30 38 46 37 11 53 19 33 20 48 49 44 46 26 12 39 47 18 36 25
split_gain=3.08978 2.38047 2.89919 2.26127 3.69981 3.27697 3.1627 3.39757 5.47825 4.04859 3.90101 3.27777 3.16186 3.04872 3.0084 2.8999 3.46427 2.72762 2.66904 2.6051 3.70273 5.60246 3.55675 4.16416 3.44291 2.70562 2.57775 2.49932 2.41076 2.39596 2.14467 1.98948 3.58691 2.32061 2.58998 1.97025 1.86203 2.83904 2.29176 1.71525 1.59299 0.918802 0.762281 0.749208 0.720368 0.211756
threshold=-1.5916355642910898 -1.7997935020974836 0.36683343449206246 -0.52774964166582572 -0.535186481065413 -0.7685141304256049 1.439056094535593 1.0000000180025095e-35 -0.71249314717769341 1.0000000180025095e-35 0.73892769020725491 -0.24251994046170008 -0.083035296049818033 -0.95366428097115963 -0.13993806730890604 1.1085282368660792 -0.85460732790367178 -1.0000000180025095e-35 0.15888242630280139 1.0000000180025095e-35 -0.90331468590503194 -1.0992419154348372 0.28596367796432992 -1.4179077392621744 1.0941042604348872 -0.73700389890160933 -0.44040469272776867 -1.0025752844040439 0.80313667507562281 -0.83092990323670424 -1.999974815669032 -0.33611145028219497 -0.48193110116278959 1.0000000180025095e-35 -1.0588019064206318 1.0000000180025095e-35 -0.42990859484836313 1.0000000180025095e-35 -0.46090332210297452 0.46538504053750512 1.4092841282202719 -0.14427153775844978 0.62062835889986723 -2.0131522690122439 0.14537738811215647 -0.36788297411228221
decision_type=2 2 2 2 2 2 2 2 2 2 2 2 2 2 2 2 2 2 2 2 2 2 2 2 2 2 2 2 2 2 2 2 2 2 2 2 2 2 2 2 2 2 2 2 2 2
left_child=30 2 -2 19 5 12 7 29 9 27 11 13 18 -10 26 16 -16 -13 -5 24 21 22 -21 -24 28 -22 -7 -9 41 -6 -1 32 -18 34 -33 -15 37 -31 40 -20 -38 -3 -40 -32 -27 -14
right_child=1 3 -4 4 6 14 -8 8 10 -11 -12 17 45 35 15 -17 31 -19 39 20 25 -23 23 -25 -26 44 -28 -29 -30 36 43 33 -34 -35 -36 -37 38 -39 42 -41 -42 -43 -44 -45 -46 -47
leaf_value=0 -0.024732782355812239 -0.027642639407487894 0.0026799943367410797 0.01346228786368563 -0.0022680652216163382 0.003307556336844532 -0.010888357529506731 -0.0089480624659602423 -0.0085998583687350288 0.032088348939722289 -0.025694212296805994 -0.020865731785580516 -0.030602394526490304 0.0022345206531615837 -0.010718024346436362 -0.013020709840404729 0.018420951661049303 0.0028688656210826852 -0.02022484917700125 0.015611295491793563 0.022168385888221183 -0.027894476670748819 -0.018897567382035643 0.0093875898715948605 0.0061682646295784672 0.0061010147513839734 -0.02033604314806909 0.015250786250544959 -0.0017592817874415962 -0.0054290650151863386 0.028715954026522911 0.019655875692032414 -0.011544299410868755 0.030913569452641673 -0.0042343199181060151 0.027745586845155868 -0.0041675974574051696 0.018131139263786577 0.031045963194397872 0.0010905502098985372 0.016017648727043223 -0.0072353238044911396 0.010725748556257268 0.0070198076762947722 -0.0075195075705692211 -0.011388424405894057
leaf_weight=7.6222610324621227 6.4182934761047346 10.616052031517031 5.079155221581459 4.752640679478648 7.8026672005653372 6.0603188872337341 8.611397370696066 6.2831935137510309 5.1945733129978171 5.7480846494436255 5.4466962516307822 8.0801501870155317 4.7050922513008118 6.0267901420593279 5.8566851466894105 5.3642328679561606 4.8593944609165192 6.6961708664894131 5.5802993029355985 8.0202947556972557 7.6387500166893032 6.6056133061647406 9.4883864820003563 6.6252499222755388 6.9158094972372046 6.4691741913557035 7.9895835518836957 5.9400001168251046 8.362933933734892 8.7653377801179868 4.4826726168394098 6.6633786708116522 6.6893713474273664 6.5239012241363517 6.6642969250679114 5.2053758949041367 5.2379570752382261 6.7147049456834784 11.33418588340283 5.299900159239769 5.7011217921972275 5.0919248014688518 5.7236161679029456 4.8114189505577061 4.7200338393449783 5.2428610026836378
leaf_count=32 28 47 21 20 33 26 36 26 22 24 23 34 21 25 25 23 20 28 24 35 32 29 42 29 29 27 34 25 36 37 21 28 29 27 28 22 22 28 47 22 24 22 24 21 20 23
internal_value=3.87008e-05 -0.000697868 -0.0132495 -8.74863e-05 0.00162449 -0.00315155 0.00510314 0.00659328 0.00119061 0.0141953 -0.00533639 -0.000583803 -0.0117533 0.00810471 0.000831002 0.00490273 0.0080422 -0.0104682 -0.00231179 -0.00429558 0 -0.00629212 0.000672814 -0.00711819 -0.0108985 0.0100571 -0.0104164 0.00275602 -0.0161107 0.0120369 0.0119726 0.0120528 0.00127258 0.0175133 0.00808543 0.0164044 0.0147276 0.00513608 0.0192967 -0.0104831 0.00653296 -0.0225834 0.025969 0.0205764 0 -0.0238192
internal_weight=305.732 288.816 11.4974 277.318 196.764 82.252 114.512 105.901 54.621 17.9713 36.6498 31.2031 25.5808 16.4267 56.6712 42.6213 37.257 14.7763 15.6328 80.5542 49.5675 30.7395 24.1339 16.1136 30.9867 18.828 14.0499 12.2232 24.0709 51.2796 16.9164 31.4003 11.5488 19.8516 13.3277 11.2322 43.4769 15.48 27.9969 10.8802 10.9391 15.708 17.0578 9.29409 11.1892 9.94795
internal_count=1301 1227 49 1178 830 350 480 444 229 75 154 131 110 69 240 180 157 62 66 348 214 135 106 71 134 79 60 51 105 215 74 132 49 83 56 47 182 65 117 46 46 69 71 42 47 44
is_linear=0
shrinkage=0.03


Tree=44
num_leaves=50
num_cat=0
split_feature=27 58 31 45 39 30 7 31 28 16 62 61 47 39 46 44 14 26 20 54 45 54 39 61 32 57 28 40 53 55 32 40 23 55 12 20 12 30 43 29 49 60 43 12 45 30 47 46 43
split_gain=3.1392 3.19097 3.02182 2.35816 2.79044 7.14276 4.7421 3.7967 3.60076 5.20572 4.50757 3.50847 3.66551 4.72668 3.8111 3.27603 3.883 3.52265 3.08499 6.80109 3.04547 2.98259 7.10872 3.05615 2.63708 2.61085 2.56762 2.50191 4.57589 3.96648 2.50114 3.41053 2.87833 3.30053 2.28969 2.11992 1.78617 1.76779 1.73516 1.68667 2.58309 1.34831 3.03094 1.38414 1.25921 0.763957 0.473208 0.41213 0.0881862
threshold=-1.3633480869112951 -0.84553114790396355 1.0000000180025095e-35 -1.6015044848615674 -0.53330769933230282 -0.44040469272776867 -0.59321827157219653 -0.58411815782754306 1.0000000180025095e-35 0.87564985202991752 1.0000000180025095e-35 466.50000000000006 -1.1272851209269483 -0.94179566898484857 0.81331400651280461 -0.21908559165521319 -0.74632115231315943 -0.82042376788487992 1.035659795000244 0.20303834743320759 0.74504978081089279 0.055387862008276105 0.10450684977430362 478.50000000000006 -0.24510174650238337 -0.56422382789011649 -1.1772092017404867 -0.29018453568642755 1.0000000180025095e-35 0.65744255625343839 0.51161105254744887 -0.29018453568642755 0.63217503478134163 -0.45934284177435636 -0.061096797554281469 0.51204436964502487 -0.11986835383044576 -0.85460732790367178 0.54427849161249775 1.0000000180025095e-35 -0.42990859484836313 490.50000000000006 -1.0000000180025095e-35 -0.12185872841555664 -0.29843355871661076 -1.3516504901147555 0.18306605750527885 0.73068403136855353 1.0000000180025095e-35
decision_type=2 2 2 2 2 2 2 2 2 2 2 2 2 2 2 2 2 2 2 2 2 2 2 2 2 2 2 2 2 2 2 2 2 2 2 2 2 2 2 2 2 2 2 2 2 2 2 2 2
left_child=1 45 35 25 5 26 7 -7 15 10 41 12 14 -14 -8 17 20 -6 21 -20 -17 22 24 34 -12 -2 -5 -18 39 -30 31 37 -32 -34 38 -3 -11 -19 -23 40 -29 42 -10 -44 -15 -1 -33 -13 -28
right_child=3 2 -4 4 8 6 11 -9 9 36 18 47 13 44 -16 16 27 30 19 -21 -22 23 -24 -25 -26 -27 48 28 29 -31 32 46 33 -35 -36 -37 -38 -39 -40 -41 -42 -43 43 -45 -46 -47 -48 -49 -50
leaf_value=0.030331484099447446 0.0029162183253542396 -0.021061911980998368 0.014323707875208572 0.0002559976372757408 0.0093119393374340338 -0.0015137473600003669 0.02843044024903435 0.028033065578124253 -0.0078252013617506645 -0.027349214390514437 -0.024425577788529974 -0.027892494253639061 -0.023413888202263065 0.014053092918915449 -0.0039910938139467063 0.026844147360388444 0.0078473337966722262 -0.0093235710402616682 -0.0099285306430031486 0.031401950566631122 -0.0005875806223838635 -0.02991832247634613 0.026249358591218713 0.0073903145978850846 0.0037462643132173076 -0.022314529195622903 0.031487208530474438 0.0068194431980298622 0.022837419841976254 -0.010592186072614031 0.0071234972063546611 -0.0095195219610198761 0.002231660761797719 -0.027271906529743106 0 0.0034361731197841945 -0.0017235237113309189 -0.034210708881660785 -0.0061171467902549816 -0.0279149926446743 -0.017102143995162394 0.023959389408942999 0.0039882755330996455 0.023742217910927576 -0.0045853679714104078 0.0079490408129845747 0.0018050802165200518 -0.0079874707206210541 0.01327184527320875
leaf_weight=4.7373362183570862 4.9786298424005508 4.694331958889963 7.380531594157218 4.9894152432680157 5.3780496865510932 6.9126309305429459 4.8070009648799878 6.227381303906439 5.9080997556448027 4.9085865616798401 4.4211505502462378 4.638971880078314 8.5726869851350767 4.9248416572809202 5.539639338850975 5.6849933564662916 8.7267907559871656 6.028978720307351 5.4911227077245695 6.0256750285625458 6.4263557940721512 8.1813604831695539 6.7228297740221015 5.4916945695877066 4.7356985062360755 7.797905966639517 7.7881734073162061 5.0172556340694419 5.0181500017642957 4.7189588248729706 8.623208090662958 4.6417328566312808 5.3047664910554886 5.9045931845903379 6.3317734003067079 5.0965763479471207 5.1857452541589719 11.138730749487877 6.2207691222429267 7.0311498641967765 9.3335342109203392 8.2962058931589109 7.5424637049436596 7.2475923746824238 4.8601388335228037 4.8065901696681994 4.902096688747406 4.3697277754545212 5.4704973101615906
leaf_count=20 22 20 31 21 23 29 21 26 25 21 20 21 37 21 24 24 37 26 23 25 27 35 28 23 20 34 33 21 21 21 36 20 22 25 27 22 22 48 26 30 40 35 32 30 21 20 21 20 24
internal_value=3.90359e-05 0.0095949 0.00103927 -0.00090279 -0.000240153 0.00485691 -0.000949867 0.0135169 -0.00208526 0.00214977 0.00477106 -0.00646765 -0.000778051 -0.00879839 0.0122579 -0.0058987 -0.000402631 -0.0111204 -0.000347732 0.0123617 0.0133872 -0.0042673 0.00544182 -0.010339 -0.0108162 -0.0127892 0.0201858 -0.00507285 -0.00907428 0.00685099 -0.0138233 -0.0196901 -0.00481137 -0.0142219 -0.0154865 -0.00901588 -0.0166282 -0.0272437 -0.0215618 -0.0165624 -0.00850637 0.0139859 0.00836922 0.0153315 0.00488484 0.022213 -0.00370434 -0.0213267 0.0264909
internal_weight=305.183 26.7154 17.1714 278.468 265.691 69.1011 50.853 13.14 196.59 92.7108 82.6164 37.713 28.7043 18.3577 10.3466 103.879 51.9572 51.9222 53.6221 11.5168 12.1113 42.1053 15.8797 26.2256 9.15685 12.7765 18.2481 39.8458 31.119 9.73711 46.5441 26.7115 19.8326 11.2094 20.7339 9.79091 10.0943 17.1677 14.4021 21.3819 14.3508 28.9944 20.6982 14.7901 9.78498 9.54393 9.54383 9.0087 13.2587
internal_count=1301 113 73 1188 1132 298 220 55 834 392 349 165 124 79 45 442 221 221 227 48 51 179 68 111 40 56 78 170 133 42 198 115 83 47 88 42 43 74 61 91 61 122 87 62 42 40 41 41 57
is_linear=0
shrinkage=0.03


Tree=45
num_leaves=46
num_cat=0
split_feature=27 12 52 52 24 47 32 40 44 20 16 37 45 38 30 40 24 54 54 25 53 46 44 46 54 21 27 55 38 60 45 40 38 40 39 15 47 16 54 30 49 54 38 40 49
split_gain=2.99972 3.15568 5.12732 2.40693 5.26468 3.43426 3.78347 3.55193 4.31744 4.99772 5.76382 3.71896 3.28038 2.90611 5.73485 3.09602 2.88733 6.11684 3.57215 4.1364 3.8185 4.46158 3.46605 4.26032 3.832 3.24944 2.67514 2.5968 2.58177 3.64611 2.52356 2.49452 2.27557 2.11766 2.09396 2.34897 2.02247 2.01745 1.8786 1.25818 0.840451 0.762449 0.730795 0.718805 0.267406
threshold=-1.3633480869112951 -0.065277633105221652 1.0000000180025095e-35 1.0000000180025095e-35 -1.1664220172588151 1.2571672073487112 0.76384865223072651 0.10440639178815413 -0.21908559165521319 1.0000000180025095e-35 0.20363360881042833 0.37687153783213739 -0.34196123975987613 0.38437993420944444 0.63652215872958007 0.33067531523511701 -0.64943616159482009 -0.826361296606274 -0.36392288056542593 0.75299700087619603 0.88109382965416072 -0.8171217209304279 -0.21908559165521319 0.48367920127864622 -1.2241896985498804 0.2893639507811554 1.0000000180025095e-35 -1.0561644249176152 -0.34989047564475545 470.50000000000006 0.60333802059943875 -0.29018453568642755 -0.920989683309133 -0.42677370288916744 0.10450684977430362 -0.55557022647478438 -0.035844495991822149 0.28617793173003531 0.65348439919274781 0.26373978707126716 1.0000000180025095e-35 0.64057389491241856 0.71072233858908862 1.0000000180025095e-35 -0.2194434652537364
decision_type=2 2 2 2 2 2 2 2 2 2 2 2 2 2 2 2 2 2 2 2 2 2 2 2 2 2 2 2 2 2 2 2 2 2 2 2 2 2 2 2 2 2 2 2 2
left_child=1 2 -1 16 44 7 -7 8 11 10 -10 31 37 15 38 -14 22 36 19 -19 21 -20 25 26 -25 -2 -24 -13 -23 39 -17 -6 -4 -29 -16 -36 40 42 -15 -30 -18 -11 -9 -28 -5
right_child=3 -3 32 4 5 6 -8 12 9 41 -12 27 13 14 34 30 17 18 20 -21 -22 28 23 24 -26 -27 43 33 29 -31 -32 -33 -34 -35 35 -37 -38 -39 -40 -41 -42 -43 -44 -45 -46
leaf_value=-0.01908000781429665 -0.0013758155534376929 0.024282848771227744 0.00038523212272890061 -0.010453345835306943 -0.021752086800631409 -0.02834085409493263 0 -0.025196847302416416 0.015185466552609758 0.030486799461645862 -0.020422219545485568 -0.010556180147588015 -0.010135691758764574 -0.0055312412503516753 0.01454122476844609 0.0232256146772684 -0.0086723010531724008 0.029768647149922126 0.014950776000382327 -0.0022559785388287642 0.018608820320229397 -0.022686663697091849 0.007453863716835288 -0.0046807719340834575 0.026606991479997739 0.025913103090977253 -0.024287183734050873 0.020077097952545541 -0.0018748526571412635 0.012494282981705672 0 0.0025677320128693485 0.024439460370127966 -0.00055742983539697872 -0.018379357121588284 0.0057430837139718447 -0.00032998342027594794 0.00016082569764440047 -0.033593765415160619 -0.021284410963311129 -0.029168261126247496 0.0095913918389667046 -0.0057925198199821797 -0.0059531834080002958 -0.026923440107201716
leaf_weight=5.4760873317718568 4.7544233798980722 7.3793177455663672 8.2661577165126818 6.4938982725143433 8.8478582650423032 7.0302642136812201 8.1311838030815107 9.0284661203622836 8.264083683490755 9.3232168257236463 5.539300173521041 4.8491754084825507 5.1945238411426571 5.0205844640731829 7.2842457294464138 9.0451111048460024 6.0151516050100344 7.1965160965919477 6.6446298509836152 5.3352853655815125 6.170890972018241 8.4148893505334836 5.1893247216939988 4.8862873613834381 6.9728767126798612 12.062141686677933 4.593041390180586 9.1848098188638669 6.9804964959621518 6.8569169193506232 7.6863595992326728 4.9005985110998145 5.5488111972808793 6.6276312619447735 4.6053602546453467 7.225275218486785 6.4083612114191046 5.219836860895156 5.3652832359075546 5.751027911901474 6.5266772657632828 5.2301746606826773 4.5200294256210318 6.4700406789779663 6.0606057792901975
leaf_count=23 21 32 35 28 38 30 34 40 35 39 24 21 22 21 31 38 26 30 28 23 26 36 22 22 29 51 20 39 30 29 33 21 23 28 20 30 27 22 23 25 29 22 20 28 27
internal_value=4.20314e-05 0.00939081 0.00206471 -0.000879284 -0.00326679 -0.00154174 -0.0143823 2.19304e-05 0.00518689 0.0135658 0 -0.00182918 -0.00452466 -0.000365061 -0.00648586 0.00750214 0.00234251 -0.00131008 0.00385086 0.0169232 -0.000478294 -0.00467487 0.00820211 0.00128248 0.0141884 0.0183895 -0.00819994 0.0059096 -0.0100584 -0.00312113 0.0136905 -0.01329 0.0118858 0.0117828 0.00318367 -0.00420855 -0.0153499 -0.0147558 -0.022943 -0.0123833 -0.021742 0.0249491 -0.0203446 -0.0160335 -0.020856
internal_weight=304.577 26.6704 19.2911 277.907 160.678 148.123 15.1614 132.962 62.7668 28.3568 13.8034 34.4101 70.1951 51.4267 29.5007 21.926 117.229 72.3008 53.3507 12.5318 40.8189 34.648 44.9281 28.1116 11.8592 16.8166 16.2524 20.6616 28.0033 19.5884 16.7315 13.7485 13.815 15.8124 19.1149 11.8306 18.9502 18.7683 10.3859 12.7315 12.5418 14.5534 13.5485 11.0631 12.5545
internal_count=1301 113 81 1188 686 631 64 567 267 120 59 147 300 218 125 93 502 309 227 53 174 148 193 121 51 72 70 88 120 84 71 59 58 67 81 50 82 82 44 55 55 61 60 48 55
is_linear=0
shrinkage=0.03


Tree=46
num_leaves=48
num_cat=0
split_feature=16 12 47 42 23 46 36 23 34 46 12 39 44 16 46 31 49 54 46 54 19 16 57 56 42 41 19 19 0 11 20 36 46 38 19 40 33 54 46 47 46 47 34 39 47 19 34
split_gain=2.96539 2.24864 2.84363 2.81064 3.3691 4.39011 4.55387 4.33225 5.9976 4.1271 3.35425 3.06964 6.98205 3.33403 2.81858 8.76112 5.10402 4.97263 3.64214 2.95617 2.67248 2.76034 2.55151 2.44768 4.28115 3.89672 2.93421 2.37276 2.36872 2.0262 1.7805 3.58843 4.25347 1.91239 3.07564 1.73248 1.70242 2.3514 1.65096 1.57343 1.52539 0.908763 0.792913 0.539259 0.223236 0.19972 0.131691
threshold=-1.5916355642910898 -1.7997935020974836 -0.16251869894879065 -0.72500780178695667 1.0000000180025095e-35 -0.8171217209304279 -0.7685141304256049 0.63217503478134163 0.32886488690540056 0.72454042641637806 -0.16500927739309165 -0.14427153775844978 0.83268693507332003 0.32203158075293331 0.22493670779177685 -1.0279209383463594 -0.2194434652537364 -1.1859465762757517 1.0538705055511255 -0.27067170485144526 1.0512017332144132 -0.47801565955336117 -0.56422382789011649 -1.0000000180025095e-35 -1.4773389285066618 -1.350211479994978 -0.12813121630651214 -0.59986439611488207 0.057796340150979453 -1.999974815669032 -0.535186481065413 -0.27002784758682591 -0.29641372354490497 1.0000000180025095e-35 -0.24606451125860465 1.0000000180025095e-35 -0.40051338763257899 0.53478191919943552 -1.4408083520766071 0.44039630426135151 0.23158195029271819 0.98889857389049751 0.900249714272501 0.65325259346794895 -0.53568798126168327 -0.59986439611488207 0.24723848299581477
decision_type=2 2 2 2 2 2 2 2 2 2 2 2 2 2 2 2 2 2 2 2 2 2 2 2 2 2 2 2 2 2 2 2 2 2 2 2 2 2 2 2 2 2 2 2 2 2 2
left_child=29 2 -2 20 14 6 38 11 27 22 -11 13 36 44 17 -16 19 -5 -18 -17 21 -3 39 25 -25 -23 -27 -9 -22 -1 33 32 -32 -19 -35 -24 37 -13 -6 -10 -26 -8 -37 -31 -7 -33 -38
right_child=1 3 -4 4 5 7 41 8 9 10 -12 12 -14 -15 15 16 18 30 -20 -21 28 23 35 24 40 26 -28 -29 -30 43 31 45 -34 34 -36 42 46 -39 -40 -41 -42 -43 -44 -45 -46 -47 -48
leaf_value=0 0.0017848713630510941 0.026611523414512041 -0.025274146205665107 0.0084748270287324737 -0.012270091415549857 -0.0053163078333289728 0.030488810296225469 -0.0027713108251564457 -0.0061936205288339293 -0.0017890915724897054 0.028354239749803577 -0.0036547256298331363 -0.01067824743249751 0.011855466780447429 -0.025290799611839339 0.0077029160594673457 0.031158907578331726 -0.029607499486307681 0.00062400284551135355 -0.018001484051887853 -0.020569486119540369 -0.0038011749791038332 -0.00059160708206110234 0.016596907218069903 -0.0018082984298041249 0.0044448742737850343 0.030527940421946644 -0.030849413422628411 0.0035379945385719033 0.027409470207765265 -0.01106559051451503 -0.026699639106749492 0.018772355667261899 0.0066343904968594889 -0.022690862552038196 -0.0061288042982880269 0.034101154071321853 0.021013707602953357 0.0075750993108738241 0.014204987004400229 -0.021738188260122575 0.0081269846104348505 -0.026837546033636635 0.0073460960351626374 -0.019650496743486002 -0.0095757412102778234 0.013784692693652048
leaf_weight=7.5946142226457622 5.5868656635284424 5.2849980592727652 5.8526657670736295 9.0084851384162885 4.9619630128145218 4.6160808354616156 7.6274572014808637 4.7032483369112006 5.0839273333549446 5.6482576727867126 5.117382198572157 5.9146369546651858 8.5492927432060224 4.9765266180038443 7.5806637406349173 6.8255096077919006 8.4190812110900861 10.591964185237886 6.1793852895498267 6.167222812771799 4.6292517334222776 8.9779904633760435 7.1350781321525671 5.8734467625618008 9.0440208464860934 8.3653421401977539 8.4478780478239059 9.3193005323410016 7.471050962805748 4.4940999150276166 8.4501903951168043 4.5738169848918915 6.0167188942432395 4.9136446863412857 4.9835508316755277 4.7089511752128583 5.5398083329200762 5.0606316924095154 7.474952235817911 5.302252471446991 5.3990685045719138 4.7936614751815796 6.1881837695837021 4.7234920561313629 5.199936404824256 5.394156217575075 5.2841953784227371
leaf_count=32 23 24 26 38 21 20 32 20 22 24 21 25 36 21 35 29 35 47 26 27 20 39 30 25 38 36 36 41 32 22 36 20 25 21 22 20 23 21 31 22 23 20 27 20 22 23 22
internal_value=2.93226e-05 -0.000693668 -0.0129203 -9.77572e-05 -0.00177904 0.00139541 0.0122972 -0.00144335 -0.00719776 -0.000757164 0.0137654 0.00522393 0.0105826 -0.00536379 -0.00618506 0.00028119 0.0084551 -0.0104037 0.019869 -0.00468446 0.00534318 0.00834907 -0.00687358 0.00535724 -0.00213891 0.011275 0.0193051 -0.0229962 -0.00649515 0.0117545 -0.0144702 -0.00783437 0.00156585 -0.0210367 -0.00864833 -0.0133878 0.0193289 0.00839779 -0.00038048 0.00419374 -0.0109791 0.0240953 -0.020197 0.020155 -0.0150382 -0.0204208 0.0275547
internal_weight=304.055 287.243 11.4395 275.803 212.31 123.206 24.858 98.3477 53.2066 39.184 10.7656 45.1411 30.3486 14.7925 89.1044 35.1719 27.5912 53.9325 14.5985 12.9927 63.493 51.3927 28.4184 46.1077 20.3165 25.7912 16.8132 14.0225 12.1003 16.8122 44.924 24.4349 14.4669 20.4892 9.8972 18.0322 21.7993 10.9753 12.4369 10.3862 14.4431 12.4211 10.8971 9.21759 9.81602 9.96797 10.824
internal_count=1301 1227 49 1178 905 521 104 417 227 166 45 190 127 63 384 152 117 232 61 56 273 221 121 197 86 111 72 61 52 74 194 104 61 90 43 77 91 46 52 44 61 52 47 42 42 43 45
is_linear=0
shrinkage=0.03


Tree=47
num_leaves=42
num_cat=0
split_feature=38 19 18 16 60 25 38 62 44 32 61 48 26 47 60 32 18 58 20 25 35 39 38 46 16 45 39 43 19 46 55 24 41 24 55 19 45 31 57 50 20
split_gain=2.84709 2.71019 2.53406 5.08817 3.17483 3.18289 3.02447 2.6734 3.54091 5.65839 5.09365 4.89475 4.8192 4.80476 5.46003 4.1301 4.16178 3.7931 4.8399 5.63839 4.31102 4.24007 2.83377 2.65663 2.37861 2.3248 2.44381 2.22516 2.22286 2.091 3.31966 1.9706 2.06217 1.95055 2.29273 1.71196 1.64096 1.16072 1.05621 0.773156 0.255058
threshold=-1.6552600931633323 1.6408682079748755 0.69225447082881109 0.80231657022841329 109.50000000000001 -1.4887629491007599 0.79230793968399982 1.5000000000000002 0.33773515778930435 0.22784375290376183 642.00000000000011 -0.013238756137992557 0.3368041596952665 0.45659913294598964 430.00000000000006 0.51161105254744887 -0.22266267740665011 -0.84553114790396355 -0.79699419374302249 -0.36788297411228221 0.23855347561176662 -1.077958325535697 -0.10513367236002231 0.73068403136855353 1.0152637083070972 -1.3148792333150732 0.82831886617618278 -1.4696445955951762 -0.24606451125860465 -0.41361469049408561 -0.50021677262396624 0.41684716571216957 0.2448112674498677 -1.1664220172588151 0.11137562290800726 -0.83573098601906703 -0.35247483304391736 0.4645586826261851 -0.56422382789011649 -0.21849820900770453 1.0000000180025095e-35
decision_type=2 2 2 2 2 2 2 2 2 2 2 2 2 2 2 2 2 2 2 2 2 2 2 2 2 2 2 2 2 2 2 2 2 2 2 2 2 2 2 2 2
left_child=27 2 3 4 -2 28 -4 8 9 12 15 36 17 37 -15 25 -17 38 21 -20 -21 -19 -9 -12 39 -10 33 -1 -6 30 -16 -18 -33 -27 -35 -23 -11 -13 -7 -5 -14
right_child=1 -3 6 24 5 7 -8 22 10 11 23 13 40 14 29 16 31 18 19 20 -22 35 -24 -25 -26 26 -28 -29 -30 -31 -32 32 -34 34 -36 -37 -38 -39 -40 -41 -42
leaf_value=4.501559183912878e-05 0.019337018898841006 -0.0175173785762807 0 0.0086323488802384999 -0.0017971399811806744 -0.027264102539638117 -0.027365591293357514 0.0046261966975250464 -0.0038630082607567983 -0.021269944824108353 -0.026686103562440021 0.0094453590171073819 -0.032474727206292096 -0.021398986806536954 0.01108640689693611 0.016319203595033867 -0.024945171291738445 0.0087963783195286853 -0.014494224511802488 0.018222543240552745 -0.0078878200328270694 -0.0025286714199166398 -0.020895011470473755 0.00026713028614678235 0.00047670902063933114 0 -0.0035749529014456605 0.023960609104327311 0.021209631255845303 0.018495346282407954 -0.015971868121444355 -0.015556128839668495 0.0077369778490078518 0.0041214395704531996 0.023630441328927346 -0.02583222015413528 0 0.034663090875237931 -0.0072545551999069046 0.029557383639132018 -0.013328413544885587
leaf_weight=7.3203704357147217 5.4522421956062308 6.7930156439542762 8.3714399039745313 5.429910972714425 5.2324941456317902 6.4791404753923416 5.0736689418554297 4.4863767623901376 6.6601799577474585 6.0531097799539566 5.2891782969236356 5.4419429600238782 5.8320402204990369 5.531540364027026 9.1721320450305921 4.9553493410348919 5.0745045393705359 4.9561113268137005 8.4972508847713311 20.258249059319542 6.368987262248992 4.8797775804996535 11.207015231251713 5.4981003701686859 7.609470307826995 5.6408826857805243 5.3325265794992438 6.2637869417667371 7.8473635166883451 9.2372391521930695 5.0827800482511529 4.7245530337095243 5.8969670236110687 8.8083181679248792 24.197952121496201 11.242254689335805 6.4995698034763318 4.9570964276790619 7.0184302628040154 6.3815224617719659 6.2913526296615601
leaf_count=31 23 30 36 23 22 28 22 20 30 26 23 23 26 23 39 21 22 22 37 86 29 21 48 24 32 24 23 27 33 39 21 20 25 38 102 50 27 21 30 27 27
internal_value=2.97101e-05 -0.000608954 -9.1726e-05 0.000550754 -0.000611494 -0.00119557 -0.0121351 -0.00206136 -0.00111615 -0.00412945 0.00371012 0.00347013 -0.00900438 0.00871617 0.00181162 0.00672325 -0.00416479 -0.00556635 -0.00181939 0.00484701 0.0116763 -0.012778 -0.013483 -0.0141046 0.0147757 0.0112706 0.0137462 0.0127566 0.0123564 0.00847327 0.000455496 -0.0118401 -0.00277191 0.0163299 0.0190035 -0.0199349 -0.0117503 0.0248249 -0.0190258 0.0224453 -0.0255408
internal_weight=303.346 289.762 282.969 269.524 250.103 244.651 13.4451 231.571 215.878 133.799 82.0785 51.9754 81.8236 39.4227 29.0237 71.2912 20.6514 69.7002 56.2026 35.1245 26.6272 21.0781 15.6934 10.7873 19.4209 50.6399 43.9797 13.5842 13.0799 23.4922 14.2549 15.696 10.6215 38.6472 33.0063 16.122 12.5527 10.399 13.4976 11.8114 12.1234
internal_count=1301 1243 1213 1155 1073 1050 58 995 927 575 352 219 356 166 122 305 88 303 245 152 115 93 68 47 82 217 187 58 55 99 60 67 45 164 140 71 53 44 58 50 53
is_linear=0
shrinkage=0.03


Tree=48
num_leaves=48
num_cat=0
split_feature=27 58 38 45 42 16 54 16 38 44 43 23 46 55 55 34 47 19 34 26 23 34 38 30 34 40 40 45 32 57 59 46 46 24 48 39 46 30 44 20 19 40 54 47 54 30 46
split_gain=2.83919 3.09525 2.28415 2.16762 3.12124 3.47915 5.78082 3.82392 4.16354 3.34417 2.55893 2.59659 4.67108 4.58935 4.55554 4.19871 4.00489 3.9322 3.743 3.4131 3.2675 4.98181 4.29868 3.9308 3.49 3.38876 5.95887 2.58135 2.57324 2.45159 2.24409 2.24301 3.23485 1.94626 1.90191 1.86206 1.83701 1.74283 1.69568 1.53127 1.30509 1.17645 1.14684 1.09171 1.85277 0.729593 0.446778
threshold=-1.3633480869112951 -0.84553114790396355 -1.2473320876887772 -1.6015044848615674 -0.72500780178695667 0.2623493695320766 -0.1861674185040457 0.69765602201607113 -0.18671927345493336 -0.49749596637747195 1.9416945113076192 1.0000000180025095e-35 -0.8171217209304279 -0.27558126634563912 0.27627925600490688 -0.24251994046170008 0.50522926601573237 -1.0715975759232521 -0.48739915219045743 -0.43468112535816461 0.63217503478134163 0.48045677988034574 1.2818215462534666 -0.48182495624535909 0.98187611818208709 -0.29018453568642755 0.10440639178815413 0.3081994152692738 0.76384865223072651 -0.56422382789011649 0.95965561476832517 0.12327616030684026 0.8357869507521315 -1.0000000180025095e-35 -0.4128109236457056 0.28366823997278828 -1.3226304587756152 0.88504373983512241 0.33773515778930435 -0.535186481065413 0.10773537359767285 0.52935046753001136 -1.2050581529512676 0.40541106672915322 1.6219863329843645 -1.3516504901147555 -0.27016320061513849
decision_type=2 2 2 2 2 2 2 2 2 2 2 2 2 2 2 2 2 2 2 2 2 2 2 2 2 2 2 2 2 2 2 2 2 2 2 2 2 2 2 2 2 2 2 2 2 2 2
left_child=1 45 -3 29 5 6 30 -7 -9 -8 11 13 16 15 17 39 -13 -15 42 34 25 38 23 -23 40 27 -27 -14 31 -2 41 -28 -33 -4 -20 -19 -18 -21 -22 -6 -25 -5 -16 -26 -45 -1 -17
right_child=3 2 33 4 10 7 9 8 -10 -11 -12 12 20 14 18 46 36 35 19 37 21 22 -24 24 43 26 28 -29 -30 -31 -32 32 -34 -35 -36 -37 -38 -39 -40 -41 -42 -43 -44 44 -46 -47 -48
leaf_value=0.029570501238280516 0.0028763598002245557 -0.011701770694116759 -0.0029976671940720777 0.029149370779703549 -0.012830136180554386 -0.017640657199915508 -0.021463902369308382 0.024302383346603812 -0.0072404018236378433 0.0081378150408701333 -0.018424742905708481 0.030689949565933818 -0.022811552211985102 -0.0074367731888105243 -0.0050560557302475728 -0.03275562037547812 -0.004560097952833294 0.025588324910665622 -0.0015990573942814784 -0.019601717237794417 -0.027359573005611496 0.012246616178293868 0.022684246464925825 -0.0062015021241659642 -0.030003939727617113 0.028049520454664807 -0.0076469669219955943 0.0033870218941974739 -0.013784343256848965 -0.021615921750339044 0.00057236880491664274 0.028210550645791817 0 0.019637305280442705 0.020360121310710532 0.0015493247435511546 0.014282527040192542 0.0015638335127795763 -0.0057790693997577976 0.0069189365590097392 0.012531563906218549 0.0088622922242330877 -0.028813288763282534 0.0019638999423882159 -0.020707253487716952 0.0076467657320864104 -0.013389068576342672
leaf_weight=4.6810647249221802 4.9530466198921204 6.3031127750873592 5.2846677154302624 12.743101567029958 4.5281024575233459 8.4413594901561755 4.9112885445356369 5.1191729456186295 7.1613923013210279 5.7979487627744657 6.7302459180355063 6.6328696161508587 4.7319258451461774 6.471758887171748 4.4090026170015335 7.0501472353935242 8.9127123951911926 9.3141796588897687 5.3545937389135361 6.6423664689064044 9.0291299670934695 8.0445116758346504 4.8219452798366538 5.2161104679107719 4.7692687213420859 9.0924329012632352 5.4160339683294358 5.9817406237125397 6.1324137449264517 7.7122717797756177 5.3579124957323065 5.2994700819253913 8.1075978577136976 5.4687144905328706 6.1960392445325834 5.0009244978427878 6.706079646944997 4.933984711766243 7.4300948083400717 6.8564609587192553 4.9259317070245743 6.5069501101970664 5.7653615027666074 5.2265756875276548 4.9142122566699982 4.7816806137561816 6.9171501100063306
leaf_count=20 22 27 23 55 21 37 21 22 30 25 29 28 21 29 20 31 38 39 23 29 40 34 20 22 21 38 23 25 26 34 23 22 34 23 26 21 28 21 32 29 21 29 26 22 21 20 30
internal_value=1.62692e-05 0.00913694 0.000711253 -0.000882253 -0.000243263 0.00591977 0.011512 -0.00347505 0.00668693 -0.00591535 -0.00196644 -0.00125274 0.00146749 -0.00543376 -0.000279229 -0.0155776 0.013444 0.010208 -0.00715566 0 -0.00132132 -0.00623181 0 -0.00421857 -0.0101249 0.00452304 0.00917246 -0.00907337 0.000867477 -0.0123238 0.0192302 0.00660122 0.0129498 0.00901862 0.0107069 0.0185132 0.00372226 -0.0109773 -0.0192481 -0.00104959 0.00282399 0.0237174 -0.0210046 -0.0187515 -0.00975968 0.0216015 -0.0257811
internal_weight=302.785 26.5192 17.0565 276.266 263.601 56.0391 35.3172 20.7219 12.2806 10.7092 207.561 200.831 121.391 79.4401 54.0882 25.3519 22.2517 20.7869 33.3013 23.127 99.1394 54.3778 37.9186 33.0966 25.0521 44.7616 34.0479 10.7137 24.9555 12.6653 24.608 18.8231 13.4071 10.7534 11.5506 14.3151 15.6188 11.5764 16.4592 11.3846 10.142 19.2501 10.1744 14.9101 10.1408 9.46275 13.9673
internal_count=1301 113 73 1188 1132 242 153 89 52 46 890 861 516 345 234 111 94 89 145 99 422 233 161 141 107 189 143 46 105 56 107 79 56 46 49 60 66 50 72 50 43 84 46 64 43 40 61
is_linear=0
shrinkage=0.03


Tree=49
num_leaves=49
num_cat=0
split_feature=16 12 47 42 23 46 46 23 34 46 12 27 16 35 46 31 55 49 55 34 46 54 23 54 19 16 49 42 43 41 56 19 0 47 46 14 20 55 35 20 46 19 54 47 42 18 50 55
split_gain=2.82665 2.1351 2.68286 2.53047 3.11396 3.95633 4.06648 4.01113 5.45863 3.94609 3.18701 3.04439 3.68868 2.73172 2.61198 8.22863 4.93998 4.82231 4.239 3.88265 3.35471 2.80919 2.79286 2.43438 2.42919 2.66353 2.41848 3.72524 2.33836 3.57121 3.23786 2.32989 2.2826 2.21125 2.0382 1.94921 1.82806 1.78808 2.58306 1.78227 1.64966 1.53602 1.4411 1.25337 1.07409 0.726328 0.715449 0.0208414
threshold=-1.5916355642910898 -1.7997935020974836 -0.16251869894879065 -0.72500780178695667 1.0000000180025095e-35 -0.8171217209304279 -1.4408083520766071 0.63217503478134163 0.32886488690540056 0.72454042641637806 -0.16500927739309165 1.1782093360012698 0.59886845758371721 0.23855347561176662 0.22493670779177685 -1.0279209383463594 0.73677085169103396 -0.2194434652537364 -0.27558126634563912 -0.24251994046170008 1.0538705055511255 -0.27067170485144526 -0.67318708445369091 1.0973986981252946 1.0512017332144132 -0.47801565955336117 -0.64037372444298979 0.44528506199925155 -0.72983611458011233 -1.350211479994978 -1.0000000180025095e-35 -0.59986439611488207 0.057796340150979453 1.1343712357392521 -0.47820733508623608 -1.9316440338153629 1.0000000180025095e-35 -0.28078595390917338 -0.63785477506498156 -0.79699419374302249 -0.18101444145860904 -0.24606451125860465 -0.37747322747726902 0.24232288830990417 1.0000000180025095e-35 -2.0131522690122439 -0.43039993835472184 -0.39997708379306712
decision_type=2 2 2 2 2 2 2 2 2 2 2 2 2 2 2 2 2 2 2 2 2 2 2 2 2 2 2 2 2 2 2 2 2 2 2 2 2 2 2 2 2 2 2 2 2 2 2 2
left_child=35 2 -2 24 14 6 -6 11 31 13 -11 12 26 37 16 -16 18 21 19 39 -19 -17 40 -15 25 -3 -7 41 34 36 46 -9 -26 47 -27 -1 -30 38 -10 -5 -20 -28 -32 -24 -21 -37 -31 -8
right_child=1 3 -4 4 5 7 33 8 9 10 -12 -13 -14 23 15 17 -18 20 22 44 -22 -23 43 -25 32 28 27 -29 29 30 42 -33 -34 -35 -36 45 -38 -39 -40 -41 -42 -43 -44 -45 -46 -47 -48 -49
leaf_value=0 0.001620609089757746 0.025971551127681326 -0.024720797494983255 -0.012713154269628265 -0.0057005319021163825 -0.0094862420981158633 0.03372266197128302 -0.0022162921691696422 0.0072096774346378945 -0.0017343028768174085 0.027681675158478632 -0.01085854491580897 0.026436963738619944 0 -0.024640728817691852 0.0074867641985835046 -0.029501908921391463 0.030195362845854772 0.023249139840989357 -0.0083885619385489461 0.0007447997935506451 -0.01762057251814686 -0.015637256912140431 -0.026300756604584218 -0.020115398102720249 -0.017493527946065804 0.0082568712346200029 0.02369256913065047 -0.01643275834141961 0.0085328447806447393 0.010682707023287151 -0.029919357988323604 0.003596578154264533 0.0034993439210569757 0.0045305273092572764 0.0277951930334265 0.0059979413132003967 0.012700933295789231 -0.019775655187820092 0.0084842250412183705 0 -0.0090600764420526014 -0.0088046259432536644 0.0030372513912744724 -0.03093378811898928 0.0065176825989006681 0.029668832862807228 0.014378210285676972
leaf_weight=7.5681655853986767 5.5761982500553131 5.2069364786148062 5.7869367599487287 4.6721086800098419 7.2907508462667492 7.8439660519361523 5.0083546638488805 4.6765182167291632 5.0577439218759475 5.6159938275814056 5.1039968281984311 7.2843634486198416 6.8620728552341452 5.3178551942110044 7.4940718561410895 6.796555370092392 8.3832411170005781 8.3691277801990491 5.7614140510559082 5.3825032263994217 6.1621007025241843 6.1253651976585406 4.8032485246658307 7.1461917906999588 4.5927338153123838 5.295044407248497 7.5756895095109957 7.5133059918880454 4.831423118710509 4.6577585041522918 5.9698987454175949 9.1760486811399442 7.4383092820644379 6.7603255659341803 6.8124909996986371 4.3858873844146737 5.0760381668806076 6.1091630905866685 4.6259199529886255 6.9264029115438461 4.954126641154291 7.811911329627037 4.6465924382209902 4.9552167505025864 7.6833278983831406 4.7528015375137302 8.5755449682474136 5.6691984236240369
leaf_count=32 23 24 26 21 31 34 21 20 21 24 21 31 29 23 35 29 38 35 24 23 26 27 21 31 20 23 32 31 21 20 25 41 32 28 29 21 22 26 20 29 21 33 20 21 34 21 37 24
internal_value=1.14647e-05 -0.000696345 -0.0126463 -0.000112874 -0.00171465 0.00134413 0.0117182 -0.00135807 -0.0069191 -0.000760956 0.013459 0.00506909 0.00860582 -0.0067638 -0.0059668 0.000269957 -0.0100445 0.00820151 -0.00546955 -0.0135599 0.0193191 -0.00459363 0.00426386 -0.0164743 0.0050636 0.00794216 0.00339525 0.0083652 0.00501097 0.00903511 0.0151146 -0.0220881 -0.00623828 0.0191925 -0.00552704 0.011493 -0.00513699 0.00131723 -0.00606821 -7.44719e-05 0.0141339 -0.000203097 0.00162426 -0.0064804 -0.0238784 0.0197725 0.0242629 0.0269807
internal_weight=302.091 285.384 11.3631 274.021 210.918 122.449 24.7286 97.7207 52.8294 38.9769 10.72 44.8913 37.6069 28.2569 88.4688 34.9472 53.5216 27.4531 45.1383 24.6643 14.5312 12.9219 20.474 12.464 63.1028 51.0717 30.7449 22.9009 45.8648 33.7573 23.8498 13.8526 12.031 17.4379 12.1075 16.7069 9.90746 15.7928 9.68366 11.5985 10.7155 15.3876 10.6165 9.75847 13.0658 9.13869 13.2333 10.6776
internal_count=1301 1227 49 1178 905 521 104 417 227 166 45 190 159 121 384 152 232 117 194 107 61 56 87 54 273 221 130 96 197 145 102 61 52 73 52 74 43 67 41 50 45 65 45 42 57 42 57 45
is_linear=0
shrinkage=0.03


Tree=50
num_leaves=39
num_cat=0
split_feature=37 29 27 30 55 45 54 28 60 39 31 45 60 28 28 38 27 48 45 28 12 36 52 12 55 16 39 37 39 38 35 41 55 40 12 12 54 45
split_gain=2.84345 5.80513 3.94737 3.29799 3.11135 3.04626 2.47539 3.83593 2.69651 5.67324 4.03431 2.97368 2.42971 2.27967 3.19861 2.13139 2.04162 2.55724 2.26224 7.65106 4.71132 3.89724 5.35611 3.45046 4.16617 3.65052 3.07723 2.99342 2.81939 2.65809 2.00841 1.79425 1.73837 1.73182 1.55172 0.811338 0.703427 0.603211
threshold=1.5846729789009795 1.8087727332857757 -1.3633480869112951 -1.1031289090092138 -1.3960687133959329 0.1378659910701952 1.6219863329843645 1.0000000180025095e-35 163.50000000000003 -1.077958325535697 0.2794980637225859 -1.3148792333150732 804.00000000000011 1.0000000180025095e-35 -0.68671125855847925 -1.2473320876887772 1.4959040138653403 -0.92862490737305214 0.30120185756685097 0.41690911360103705 -1.6410064305960621 1.0000000180025095e-35 0.40603223384198273 -0.27122414330985106 -0.28078595390917338 -0.12281231224321892 -0.66947035588315129 0.61843182604590607 -0.26098238623060588 -0.10513367236002215 -0.19965064972660754 0.56381581693883687 0.31882733119513534 -0.83654120449738645 0.041392811027597537 -0.10051015810286422 0.068985037355166465 -1.5629419679593819
decision_type=2 2 2 2 2 2 2 2 2 2 2 2 2 2 2 2 2 2 2 2 2 2 2 2 2 2 2 2 2 2 2 2 2 2 2 2 2 2
left_child=1 2 15 -2 -4 -5 8 -8 9 -6 30 13 16 14 -10 -1 18 -18 20 23 -13 22 27 25 31 -20 35 -22 -28 -26 -11 -25 -21 -17 -24 -23 -34 -15
right_child=3 -3 4 5 6 -7 7 -9 11 10 -12 12 -14 37 -16 33 17 -19 19 32 21 26 34 24 29 -27 28 -29 -30 -31 -32 -33 36 -35 -36 -37 -38 -39
leaf_value=-0.0010847479149399476 0.023033140453521794 -0.026691885070385515 -0.01945325192141836 0.013588238241181706 0.034357507060100483 -0.014668219835938561 -0.024527385170869154 0.004284530120696628 -0.016905043122513241 -0.020998698333526494 0.016504237550421519 0.021983517899852471 0.018279811603094019 -0.0084129889753659284 0.011292513945130979 0.029510083765404864 0.0032203531559496842 -0.019899900158527131 0.0015014220284258876 0.0056530433050578878 0.01065757498523427 -0.0062844660871414892 -0.022957691077827407 -0.015788671851820819 0.027899322739416577 -0.026555838907573539 0.0099300496752712103 -0.0088140013259298614 -0.0091571936975922384 0.003590053771832516 0.00086088090198167713 0.0042376438264206499 0.01153212830782014 0.006117769465977513 0 -0.027317073155420226 0.035308042359075531 -0.028240194741834434
leaf_weight=6.3670844584703472 8.6149739325046557 6.0578502267599097 6.5426550656557074 5.2813547253608686 4.7464314103126553 5.4275460541248322 7.7544739693403226 6.3134229928255081 4.9553012996912003 5.0153991878032711 8.0259906500577909 5.4054248332977286 5.1096941828727713 5.7198799401521683 6.67748971283436 5.8299821168184289 6.2225769609212866 8.5424345135688764 7.2697239220142365 6.4438326507806805 34.663830786943436 4.3687591403722754 6.6847024559974653 8.0744725018739718 5.7219634652137783 6.8737718164920789 7.6459183394908896 7.2967353761196128 26.597112044692039 12.05412147939205 7.5930913388729087 5.4115697294473639 4.8887258470058423 7.6672589629888508 4.5752358287572861 8.0895975381135923 6.2248658239841461 4.5990397036075574
leaf_count=27 38 26 28 23 20 23 33 27 22 22 34 23 22 26 29 25 27 37 31 28 149 19 29 35 24 30 33 32 114 51 32 23 21 33 20 37 26 22
internal_value=1.46564e-05 -0.000751499 -1.92433e-05 0.0107334 -0.00106828 -0.000284064 -0.000449052 -0.0120447 0.000290171 0.00925728 0.00127549 -0.000822593 0.000399057 -0.0109059 -0.000821054 0.0123504 -0.00021206 -0.0103888 0.000729353 0.0051874 -0.00191485 -0.00357283 0.00188137 -0.00134178 0.00409828 -0.0129898 -0.009778 0.00694617 -0.00448958 0.0132884 -0.00871722 -0.00773249 0.0211641 0.0185629 -0.0151204 -0.0218394 0.0279401 -0.02022
internal_weight=301.354 282.03 275.973 19.3239 256.108 10.7089 249.566 14.0679 235.498 25.3809 20.6345 210.117 188.165 21.9517 11.6328 19.8643 183.055 14.765 168.29 62.963 105.327 99.9219 53.2205 45.4056 31.2621 14.1435 46.7014 41.9606 34.243 17.7761 12.6085 13.486 17.5574 13.4972 11.2599 12.4584 11.1136 10.3189
internal_count=1301 1217 1191 84 1106 46 1078 60 1018 108 88 910 811 99 51 85 789 64 725 269 456 433 230 194 133 61 203 181 147 75 54 58 75 58 49 56 47 48
is_linear=0
shrinkage=0.03


Tree=51
num_leaves=46
num_cat=0
split_feature=37 29 27 2 55 32 18 38 52 18 51 13 59 20 47 20 54 39 47 32 12 1 49 52 37 40 39 55 42 12 39 19 54 30 47 60 30 58 54 39 19 46 27 41 29
split_gain=2.70329 5.55022 3.76359 3.19514 2.96731 2.73988 2.41161 3.12271 2.98586 2.96559 4.94057 3.87012 3.60828 4.8671 2.98675 3.26864 3.40457 4.53321 2.71664 3.37488 2.63218 3.18139 3.43693 4.52146 3.84301 3.28964 2.39186 2.24061 2.18718 2.07394 2.01652 1.93256 3.62963 1.90634 1.872 2.1307 1.73134 2.20833 3.85646 1.63287 1.38364 1.27452 0.396464 0.139557 0.0667104
threshold=1.5846729789009795 1.8087727332857757 -1.3633480869112951 -0.099173350421128487 -1.3960687133959329 0.22784375290376183 0.69225447082881109 0.46596553530435536 1.0000000180025095e-35 0.48027169866245184 0.96247777960440739 -0.55557022647478438 0.33773185147388385 -0.79699419374302249 0.84976915856761381 -0.79699419374302249 0.051209772552325915 1.2368068358287287 -0.45875786837105259 0.51161105254744887 -0.088150875180910027 -0.16572432443997384 -0.64037372444298979 -1.4705146088877485 -0.38806937484479548 0.33067531523511701 -0.66947035588315129 -1.3407198722241482 0.57067358311920258 1.6613847124188228 0.056730479054707482 -1.0715975759232521 0.57291906329252817 -1.1031289090092138 0.52757854134260629 455.50000000000006 0.88504373983512241 1.0000000180025095e-35 -0.424013678625834 1.2368068358287287 -0.83573098601906703 0.11708370982916406 1.0000000180025095e-35 -0.44636525644289909 -0.33091735287126595
decision_type=2 2 2 2 2 2 2 2 2 2 2 2 2 2 2 2 2 2 2 2 2 2 2 2 2 2 2 2 2 2 2 2 2 2 2 2 2 2 2 2 2 2 2 2 2
left_child=1 2 5 40 -4 27 8 -8 20 10 14 12 13 -11 15 31 26 18 -18 -20 34 25 24 -24 -23 29 -17 -1 -13 42 -28 -10 44 -5 35 41 37 38 -25 -16 -2 -6 -22 -43 -33
right_child=3 -3 4 33 6 -7 7 -9 9 11 -12 28 -14 -15 39 16 17 -19 19 -21 21 22 23 36 -26 -27 30 -29 -30 -31 -32 32 -34 -35 -36 -37 -38 -39 -40 -41 -42 43 -44 -45 -46
leaf_value=-0.0094741787610262244 0.0085641928218316808 -0.026141468215431677 -0.019012771876184494 0.033729272077322958 0.0037691065778613334 0.023150151617538924 0.0031779775177723656 -0.023176667434288787 0.0010265620274969545 0.0064260139361209927 0.016319847781376965 0.023160501186065524 0.014169227158348112 -0.028647687392326197 -0.024684697447095526 0.0045002374801139155 -0.003818498260136157 -0.015030954484961202 0.025309699108466428 0.00068455292771232683 -0.010120315751053082 0.0094839225023601349 -0.012881579411540582 0.021891229270346133 -0.022887436052082308 0.0058986973536605744 -0.025048486408884459 0.014656743980952396 -1.904361908550552e-05 0 -0.0015743403386997798 -0.03310514015658416 0.00014244405976855852 0.0051459582727253293 -0.00056187983669308487 -0.00043774596933015175 0 0.029657690407265375 -0.0049413382144793266 -0.0054537347814356055 -0.011109512905850874 0.013710030532061364 -0.030593538943475513 0.031894923825586632 -0.014045994883826464
leaf_weight=6.2636296302080154 4.6466645747423172 6.0318155735731116 6.5283735990524283 4.3684766590595245 4.6196471750736334 8.8817972987890226 6.0322095155715925 7.6839962601661682 5.743721172213557 5.3215332627296474 7.4494000226259223 9.7805295139551145 4.9059012979269019 6.2769663184881237 10.444847732782366 6.4664513617754009 7.1609542816877321 6.0429224073886862 12.427583664655694 8.759770452976225 5.0051074773073214 4.5823054760694504 5.193404763936992 8.473427280783655 5.7373737245798093 8.6830736845731717 7.5143984407186561 4.6898207515478152 4.6653074026107779 5.3444688022136679 6.4452990293502808 5.669377893209461 6.2551153004169455 5.1906741112470609 7.5808557718992224 4.9444085508584967 6.1994732171297064 8.2979059964418393 7.9064981937408545 9.0152345299720746 5.0898929983377474 6.4889966100454393 4.5314345061779022 5.7708152234554211 5.7173929810523898
leaf_count=27 20 26 28 20 20 38 26 34 25 23 32 42 21 28 45 28 31 26 53 37 22 20 23 36 26 37 33 20 20 23 28 25 27 22 32 22 27 35 34 38 22 29 20 24 26
internal_value=1.46419e-05 -0.000732681 -1.61758e-05 0.0104733 -0.00104209 0.0120696 -0.000436278 -0.0120212 0.000285197 -0.00256428 -0.00498727 0.00532986 -0.00423175 -0.0132043 -0.00689529 -0.00400933 0 0.00576957 0.0109371 0.0161115 0.00422687 0.000892112 0.00548041 0.00985927 -0.00862636 -0.00768883 -0.00923348 0.000896828 0.0160007 -0.0157976 -0.0158027 -0.0130267 -0.0176374 0.021554 0.0115378 0.0157639 0.0142891 0.0176651 0.00927576 -0.0170897 -0.0012966 0.0204847 -0.023228 0.0252497 -0.0267498
internal_weight=300.829 281.534 275.502 19.2957 255.666 19.8352 249.138 13.7162 235.422 136.063 105.112 30.9502 16.5044 11.5985 97.6631 78.203 54.8174 34.3912 28.3483 21.1874 99.3592 69.9545 46.3904 36.0707 10.3197 23.5641 20.4261 10.9535 14.4458 14.881 13.9597 23.3856 17.6419 9.55915 29.4047 21.8239 30.8773 24.6778 16.3799 19.4601 9.73656 16.8795 9.53654 12.2598 11.3868
internal_count=1301 1217 1191 84 1106 85 1078 60 1018 588 454 134 72 51 422 339 236 147 121 90 430 303 201 155 46 102 89 47 62 65 61 103 78 42 127 95 132 105 70 83 42 73 42 53 51
is_linear=0
shrinkage=0.03


Tree=52
num_leaves=51
num_cat=0
split_feature=16 12 33 42 23 46 36 23 46 16 39 43 16 61 46 31 55 49 54 46 32 33 54 42 45 39 39 45 61 16 54 58 59 55 46 37 56 54 54 29 46 32 20 32 29 32 49 58 47 39
split_gain=2.67627 2.05667 2.53554 2.35183 2.95745 3.72874 4.14558 3.75723 3.49068 3.7152 2.81602 5.81448 3.02534 2.61689 2.43206 7.78745 4.62529 4.43887 4.03861 3.16396 3.04766 2.69007 2.62121 2.54669 2.37664 2.18972 3.55391 1.98413 1.96478 3.00543 2.43697 2.41915 2.34661 1.89748 1.71677 1.70087 1.62312 1.50629 1.59424 1.49704 1.42666 0.916016 0.837899 0.819531 0.79747 0.762084 0.680424 0.509336 0.427952 0.12796
threshold=-1.5916355642910898 -1.7997935020974836 0.36683343449206246 -0.72500780178695667 1.0000000180025095e-35 -0.8171217209304279 -0.7685141304256049 0.63217503478134163 0.72454042641637806 0.22510589514995286 -0.14427153775844978 1.2840869726275621 0.32203158075293331 333.00000000000006 0.22493670779177685 -1.0279209383463594 0.73677085169103396 -0.2194434652537364 -0.67252829726560559 1.0538705055511255 -1.0000000180025095e-35 0.57453633371377011 -0.27067170485144526 -0.22345371730715313 -1.4612950637789885 1.2368068358287287 0.41983089652363698 0.43654293728833155 359.00000000000006 -0.32814103767011243 -0.23082839954097792 1.0000000180025095e-35 1.0000000180025095e-35 -0.2998609016587534 1.0880053866109944 -0.38806937484479548 -1.0000000180025095e-35 -0.87534059785651019 -1.3206389085272623 0.38231267584774786 -1.4408083520766071 1.0000000180025095e-35 -1.0000000180025095e-35 0.51161105254744887 -0.33091735287126595 0.76384865223072651 -0.2194434652537364 1.0000000180025095e-35 0.38376541175297124 0.41983089652363698
decision_type=2 2 2 2 2 2 2 2 2 2 2 2 2 2 2 2 2 2 2 2 2 2 2 2 2 2 2 2 2 2 2 2 2 2 2 2 2 2 2 2 2 2 2 2 2 2 2 2 2 2
left_child=27 2 -2 24 14 6 40 10 9 25 12 13 41 -12 16 -16 18 22 21 -19 48 42 -17 -23 47 26 35 -1 36 -30 31 37 -32 -22 -10 -9 -26 38 -31 -29 -6 -7 -5 -8 -15 -28 -46 -3 -20 -11
right_child=1 3 -4 4 5 7 43 8 34 49 11 -13 -14 44 15 17 -18 19 20 -21 33 23 -24 -25 28 -27 45 39 29 30 32 -33 -34 -35 -36 -37 -38 -39 -40 -41 -42 -43 -44 -45 46 -47 -48 -49 -50 -51
leaf_value=0.025529935398661215 -0.023366498030097327 -0.013348050760093069 0.0024028178618250842 0.003085383174720653 -0.011738830831660312 -0.022115773808806801 0.029174605961625005 0.00053689910426746345 0.015058192223730582 -0.031204685548018873 -0.0011134498987153587 -0.013646764951268103 0.011195740857903655 0.029328259478324986 -0.024136927790318306 0.0072833158461609914 -0.028738778384526046 0.029241862783590061 -0.030050176602722758 0.00059974939134326379 -0.013240649868710642 -0.019415941931304647 -0.017023509392702418 0.0065854133739938706 0.0066045076145512917 -0.016911331242297038 0.0014309629858240431 -0.0051353355237061075 0.028497973701044104 0.0069740659716354594 0.0077560839827912776 0.022777211852416095 -0.016568485624516786 0.0069562831504689773 -0.0036905015570677909 -0.022286418059699695 -0.012689694702160885 0.014721562446149855 -0.013926662884749015 0.013742788703654073 0.0067408346081416102 -0.0022599096167726963 0.022311913293138894 0.0079427721632305444 0.0014930179417866308 0.018657812334206093 0.018019090818787439 0 -0.0097983366618319256 -0.01231065189631712
leaf_weight=4.5226938724517849 6.2366793453693372 4.792112395167349 5.0415603667497635 5.1198690682649612 4.9125748425722122 4.9450260698795301 7.264900937676428 4.6368511766195297 6.6685691922903043 5.648053362965582 5.1587175577879014 5.9143279492855063 4.9352843761444083 8.1668754518032127 7.4094171375036231 6.7782702893018723 8.250911667942999 8.3089851886033994 6.2518594264984131 6.1505960077047339 6.4375884979963285 4.7744253873825073 6.0641756653785723 5.7348958998918516 6.6722754091024399 7.5254954397678366 5.1171143203973752 6.8546002358198148 5.8201523274183264 4.9743802547454763 5.5525927096605319 8.9888900369405729 5.5646564960479736 7.1281981021165901 7.7281734943389893 4.5388865768909508 5.8484979122877103 4.8148187696933791 4.9486159533262253 5.1922009885311127 7.4396743029356021 4.7740551382303238 4.7439043372869474 4.9999869167804718 4.871752336621288 5.4194530248641968 5.9309411048889071 4.7600872218608856 4.7147516012191772 5.1957837492227554
leaf_count=23 28 21 21 22 21 22 31 20 28 26 22 25 21 34 35 29 38 35 28 26 28 21 27 24 29 32 22 28 27 21 24 39 24 30 33 20 25 21 21 23 31 20 20 21 21 23 25 21 21 23
internal_value=9.26134e-06 -0.000680389 -0.0124478 -0.000105767 -0.00165556 0.00133097 0.0114226 -0.00129948 -0.00670431 -0.01139 0.00492805 0.010092 -0.00524117 0.0166032 -0.00581515 0.000218161 -0.00976258 0.00794895 -0.00533037 0.0186359 -0.0132496 0.00418593 -0.00435599 -0.00567718 0.00489779 -0.00464032 0.000626072 0.0112247 0.00742801 0.0105653 0.00635227 0.0116233 -0.00446612 -0.00259387 0.00521788 -0.011736 -0.00237336 0.0029751 -0.00338396 0.00317904 -0.000650816 -0.0145035 0.0145848 0.0227637 0.0214428 0.012011 0.0121447 -0.00774324 -0.0240514 -0.0252338
internal_weight=300.245 283.676 11.2782 272.397 209.66 121.792 24.6171 97.1754 52.4784 38.0816 44.697 30.0426 14.6544 24.1283 87.8678 34.7114 53.1564 27.302 44.9055 14.4596 24.5324 20.3731 12.8424 10.5093 62.7371 27.2378 19.7123 16.5695 53.1849 40.6641 34.844 23.7267 11.1172 13.5658 14.3967 9.17574 12.5208 14.7378 9.923 12.0468 12.3522 9.71908 9.86377 12.2649 18.9696 10.5366 10.8027 9.5522 10.9666 10.8438
internal_count=1301 1227 49 1178 905 521 104 417 227 166 190 127 63 102 384 152 232 117 194 61 107 87 56 45 273 117 85 74 231 177 150 102 48 58 61 40 54 63 42 51 52 42 42 52 80 45 46 42 49 49
is_linear=0
shrinkage=0.03


Tree=53
num_leaves=46
num_cat=0
split_feature=16 11 48 60 42 20 27 25 38 58 18 18 44 25 46 47 60 58 54 32 21 55 26 19 39 60 44 30 16 55 47 47 39 39 54 38 39 34 1 39 47 47 16 18 26
split_gain=2.56867 1.87702 1.62363 4.09572 2.57043 3.20916 2.53549 2.93211 2.643 2.50609 3.53645 2.82687 2.22477 3.4081 3.18736 3.6621 3.60106 3.33875 2.55579 2.3822 2.6755 2.31328 4.58947 3.79719 2.91018 4.2764 2.36845 2.3621 2.25604 2.16619 2.12708 1.94327 3.51561 1.74737 2.00473 1.69341 1.51634 1.47136 1.40768 1.13999 0.995884 0.989181 0.810056 0.694369 0.246986
threshold=-1.5916355642910898 -1.999974815669032 -0.90331468590503194 357.50000000000006 -0.72500780178695667 -0.79699419374302249 1.0000000180025095e-35 -0.36788297411228221 1.3634071473483778 1.0000000180025095e-35 0.48027169866245184 0.38104562284214211 0.83268693507332003 0.28596367796432992 0.72454042641637806 -0.38431898027019951 207.00000000000003 -0.84553114790396355 -0.47654608444654006 1.2683238515972814 1.0000000180025095e-35 -0.21103628178692688 -0.30610024451592605 -1.4253974607795294 0.82831886617618278 445.00000000000006 1.0000000180025095e-35 -1.1031289090092138 0.23189561753492441 -0.14618921322122802 0.29437251866829423 0.17403584046836204 0.55599355307448572 -0.53330769933230282 0.16187099828528403 -0.10513367236002215 0.41983089652363698 -0.36495954632607858 -0.16572432443997384 1.2368068358287287 0.68944166821106834 -1.7662560401783229 0.28743417602529842 -2.0131522690122439 -0.56326200620040301
decision_type=2 2 2 2 2 2 2 2 2 2 2 2 2 2 2 2 2 2 2 2 2 2 2 2 2 2 2 2 2 2 2 2 2 2 2 2 2 2 2 2 2 2 2 2 2
left_child=1 -1 3 -2 5 29 35 -8 41 10 30 44 14 19 15 18 33 -16 -6 20 -14 23 37 -18 25 26 27 -25 31 -4 -7 -24 -33 -17 -35 -5 -19 -23 -29 -26 -36 -9 -22 -3 -11
right_child=2 43 4 6 12 9 7 8 -10 11 -12 -13 13 -15 17 16 21 36 -20 -21 42 22 28 24 39 -27 -28 38 -30 -31 -32 32 -34 34 40 -37 -38 -39 -40 -41 -42 -43 -44 -45 -46
leaf_value=0 0.011961046290471535 0.02712559155253403 0.005717119029920976 -0.0078880760987418402 0.00040449699028678477 -0.016274365379330236 0.0015073567451612197 -0.0067796636370676322 -0.0011740142370758365 0.036504740477845458 0.020653207415087922 0.0030428536386457121 0.0081178406790317539 0.0072688989799179421 -0.0026594454427142679 0.004329552755444198 0.020411908590741927 0.030151301536744429 -0.02184895416160608 -0.030186850870275735 -0.018867695311487877 0.0064671304947978717 0.01688669452552809 0.0092522618382611856 0.014655810345841626 -0.02405206669462031 0.013295585351867114 0 -0.0096799127195390574 -0.015545505270986127 0.0054109483369944615 -0.017831110941396826 0.010841357463279144 -0.027001552942284807 0.0032695561395492804 0.013142961290095748 0.0050053381420219131 0.03292289060402092 -0.018182951408014434 -0.0014273996467731725 -0.012390438275991284 -0.028842317348553238 -0.0015489104524345054 0.0062149310357237329 0.013422142665862032
leaf_weight=7.5132819861173656 8.3580075800418836 4.2893175184726724 6.9870296567678452 5.2336660623550415 6.5896878987550762 6.4640067964792269 7.8049389272928229 4.2984468638896969 6.6500282734632483 4.6849695295095453 5.3008149564266196 7.2223757952451697 5.5613049864769026 8.0500418692827207 7.9966406673193005 4.6582879275083569 5.0639507174491873 5.945123225450514 10.667908057570456 4.937934845685958 9.094572037458418 4.6227764338254929 8.7903872728347832 4.7583933621644965 6.9900672733783704 9.4612756967544538 5.7903526127338401 4.8173609375953665 8.7607269734144193 7.0634945631027204 6.641789048910141 4.841996729373931 8.2649218589067441 5.7144546955823925 5.3780881613492948 5.3582519590854627 4.9694832861423492 5.9631685167551023 9.8137593716383034 5.8481781780719757 5.8872651904821396 12.495645910501485 4.5673641711473474 4.6955331116914723 4.6131936609745035
leaf_count=32 35 21 31 23 29 27 34 20 29 20 23 31 24 34 34 20 21 25 47 22 39 20 38 20 30 42 25 21 38 31 29 21 35 25 23 23 21 25 43 25 25 59 20 21 20
internal_value=7.40472e-06 0.0110178 -0.00066813 -0.00548534 0.000373546 0.00639244 -0.00940216 -0.0135735 -0.0186235 0.0111806 0.00275809 0.0192211 -0.00123666 -0.00821368 0.000272598 -0.00137032 0.00057054 0.011347 -0.0136789 -0.0137294 -0.00733333 0.00318922 0.00838794 -0.000900038 -0.00385109 -0.00837173 -0.00123398 -0.00650336 0.00190397 -0.00505465 -0.00544677 0.00711837 -8.3511e-05 -0.0099914 -0.0142775 0.00256552 0.0211736 0.0241029 -0.0123833 0.00752812 -0.00493861 -0.0245423 -0.0141996 0.0192224 0.0290635
internal_weight=299.48 16.4981 282.982 50.199 232.783 48.9777 41.841 31.2491 23.4441 34.9271 18.4066 16.5205 183.805 32.2112 151.594 132.683 115.425 18.9112 17.2576 24.1612 19.2232 93.7873 41.244 52.5433 47.4794 34.6411 25.1799 19.3895 30.658 14.0505 13.1058 21.8973 13.1069 21.6381 16.9798 10.5919 10.9146 10.5859 14.6311 12.8382 11.2654 16.7941 13.6619 8.98485 9.29816
internal_count=1301 74 1227 223 1004 212 188 142 108 150 79 71 792 139 653 573 497 80 76 105 83 404 177 227 206 151 109 84 132 62 56 94 56 93 73 46 46 45 64 55 48 79 59 42 40
is_linear=0
shrinkage=0.03


Tree=54
num_leaves=39
num_cat=0
split_feature=38 24 16 44 34 26 30 25 18 23 60 60 3 14 54 28 31 58 50 38 47 60 35 35 5 41 54 54 24 28 16 43 60 35 61 46 54 43
split_gain=2.45969 2.48572 2.5571 3.80159 3.41831 3.39673 3.50253 3.70585 3.09571 2.94232 2.89947 3.38478 2.91721 3.70738 4.3056 6.52933 5.21406 3.04674 2.82189 2.41813 4.48905 3.79873 3.05613 3.04655 2.29275 2.19826 2.38445 5.00617 2.74055 3.08778 2.34801 2.12226 1.58884 1.39937 1.29913 1.27578 1.04402 0.759169
threshold=-1.6552600931633323 2.4524789723891507 0.12668463872268504 -0.21908559165521319 1.1451289260012587 0.3368041596952665 -1.1031289090092138 0.28596367796432992 0.24207062495426843 1.2848560943988581 804.00000000000011 698.50000000000011 1.0941042604348872 1.0145370295288911 -1.1859465762757517 -0.088916890305408058 -1.285806337837023 1.0000000180025095e-35 -0.43039993835472184 -0.83940408221422202 0.34681268349192734 572.00000000000011 -0.19965064972660754 -1.1490929212930847 0.72802817595994507 -0.71220238101703992 0.31016788135727685 1.0000000180025095e-35 0.41684716571216957 1.0000000180025095e-35 -0.47801565955336117 -1.4696445955951762 430.00000000000006 0.23855347561176662 466.50000000000006 0.37207976748555044 -1.0465841077113227 -1.0000000180025095e-35
decision_type=2 2 2 2 2 2 2 2 2 2 2 2 2 2 2 2 2 2 2 2 2 2 2 2 2 2 2 2 2 2 2 2 2 2 2 2 2 2
left_child=31 2 3 4 5 6 -2 24 32 10 11 12 13 14 15 35 -16 -14 -11 23 21 -21 -22 -18 -8 36 27 30 33 -30 -27 -1 -4 -28 -34 -10 -5 -17
right_child=1 -3 8 25 -6 -7 7 -9 9 18 -12 -13 17 -15 16 37 19 -19 -20 20 22 -23 -24 -25 -26 26 28 -29 29 -31 -32 -33 34 -35 -36 -37 -38 -39
leaf_value=0 0.020237765692242653 -0.019085798315452963 0 0.0067368523897564344 0.015182306357563969 -0.021323081305337725 0.016505446791901905 -0.020386099316243422 0.031567891448374172 -0.0022557850620732469 0.018394989099315036 -0.019859471851637608 0.023881847434257902 -0.024109546384965392 -0.030569317358141203 0.00023637578433335319 -0.026292531167333894 -0.0010697325795715625 0.023875047702564118 -0.0067869289406858376 0.021628899989767747 0.012822973073197443 0 0.00060029072846875533 -0.0086720848669584773 0.02148952032299218 0.033232785843873312 -0.021429612569389998 -0.014157060298940824 0.014880092445048124 -0.0038666425012668401 0.022953691989889627 -0.025217599296448102 0.0071214430450582764 -0.003710922380466036 0.0070943702588966559 0.030932385129624193 -0.014851472005323024
leaf_weight=7.2371951341629028 4.2228775620460537 4.8890184462070456 6.0852385312318829 4.6414888650178909 6.1307048499584189 8.7637848258018476 5.512584209442144 7.7622939944267264 6.9638557881116885 5.6657176613807678 4.6107735931873313 8.1696909964084607 6.4291368722915641 5.5781983584165564 4.8572274744510642 4.3976085633039474 6.4712051302194595 8.672994524240492 6.7222186923027021 64.714236751198783 10.295251891016962 8.686443626880644 10.824804306030272 6.3034767657518227 4.4528204202651978 5.3043429553508767 4.5909145027399081 6.0636872053146353 4.8426253497600538 5.3224506676197052 4.9777612984180459 6.1466613858938199 7.9450847208499891 5.2124522775411606 5.2617442756891251 4.8526542335748672 4.754029452800749 4.5353265553712827
leaf_count=31 20 21 26 21 26 38 24 34 29 24 20 36 27 25 22 20 28 37 28 283 44 37 46 28 20 23 20 26 21 23 22 27 36 22 23 21 21 21
internal_value=2.12779e-05 -0.000575606 -0.000132052 0.00423504 -0.00276138 -0.00706942 -0.000122868 -0.00648541 -0.00200071 -0.000684885 -0.00180857 -0.00258496 -0.00144417 -0.00287501 -0.00167998 0.010338 -0.00406333 0.010389 0.0125391 -0.00240333 -0.000589175 -0.00417581 0.0110609 -0.0139337 0.00506938 0.00991025 0.00584526 -0.00229253 0.0124809 0.000490847 0.00977541 0.0119312 -0.0129749 0.0226676 -0.0183095 0.0238992 0.0221032 -0.00788267
internal_weight=298.871 285.487 280.598 82.5548 36.8451 30.7144 21.9506 17.7277 198.043 178.751 166.363 161.752 153.582 138.48 132.902 20.7494 112.153 15.1021 12.3879 107.295 94.5207 73.4007 21.1201 12.7747 9.9654 45.7098 36.3142 16.3458 19.9684 10.1651 10.2821 13.3839 19.2921 9.80337 13.2068 11.8165 9.39552 8.93294
internal_count=1301 1243 1222 361 162 136 98 78 861 776 724 704 668 604 579 91 488 64 52 466 410 320 90 56 44 199 157 71 86 44 45 58 85 42 59 50 42 41
is_linear=0
shrinkage=0.03


Tree=55
num_leaves=42
num_cat=0
split_feature=37 29 27 30 46 32 38 54 60 47 60 33 13 48 48 47 61 47 26 52 46 13 40 14 2 47 54 20 2 32 33 12 34 32 54 0 49 20 38 36 50
split_gain=2.50205 5.20624 3.44686 3.00298 2.82525 2.55078 2.26323 2.64056 3.18266 2.56399 4.96816 3.14516 4.17816 3.25399 4.29551 3.67264 4.02342 3.98712 3.01114 3.00144 3.45835 4.6093 3.10498 2.96962 3.91002 2.41964 4.19957 2.38565 2.01272 2.9326 2.3953 2.1575 1.76585 1.64996 1.73299 1.43126 1.24274 1.02054 0.801204 0.635738 0.59104
threshold=1.5846729789009795 1.8087727332857757 -1.3633480869112951 -1.1031289090092138 -0.80416392468614928 0.22784375290376183 -1.0025752844040439 1.6219863329843645 163.50000000000003 -0.40632838292412504 213.50000000000003 1.0000000180025095e-35 -1.1209932500806581 -0.90331468590503194 -0.69442924915935778 -1.0992419154348372 445.00000000000006 -1.3788448626423115 0.7225468022219822 -0.84499899464450479 -0.5253873063076101 -0.4859883987708658 -0.69995203729464661 -0.97611864719521879 -0.17717935326138584 -0.3445021389687995 -0.11704895811683026 0.51204436964502487 -0.36786069353757078 1.0000000180025095e-35 -0.60244676187590573 1.3347789637226641 -0.68693036174722266 0.22784375290376183 0.091546517335228852 -0.21331285342796852 -1.0000000180025095e-35 -0.535186481065413 -0.920989683309133 -1.0000000180025095e-35 -1.0000000180025095e-35
decision_type=2 2 2 2 2 2 2 2 2 2 2 2 2 2 2 2 2 2 2 2 2 2 2 2 2 2 2 2 2 2 2 2 2 2 2 2 2 2 2 2 2
left_child=1 2 5 -2 -5 38 33 8 25 11 -11 12 -10 15 -15 16 17 36 39 37 28 -22 -23 -24 -25 -8 -27 -9 -21 30 -30 -31 -16 34 -4 -28 -13 -12 -1 -14 -32
right_child=3 -3 6 4 -6 -7 7 27 9 10 19 13 18 14 32 -17 -18 -19 -20 20 21 22 23 24 -26 26 35 -29 29 31 40 -33 -34 -35 -36 -37 -38 -39 -40 -41 -42
leaf_value=-0.0059545800279898345 0.021994770719598995 -0.02539984033599027 -0.0051354775333783903 0.014272868881783897 -0.013150524574017122 0.022359437611906136 0.022809643123721916 -0.022331355354923303 0.0060388312638257188 -0.017620028917423321 0.0039427979023576544 0.0069611239360692356 -0.0099480393116711321 0.024269442002571782 0.0083669085949037453 -0.023804730060966069 -0.016110881095614392 0.026527672799769853 0 0.0097844664860348846 -0.01393486224431517 -0.0065994196908581116 0.028814727039555409 0.015330190461652586 -0.0041742799124050685 -0.015771399493597328 0.023322251230040725 0.00076571038667299285 0 0.010038822517878741 -0.01024031111700993 -0.012048464195206747 -0.01123678282062438 0.0011320834919360076 -0.02819067248493121 0.00029554993559263791 -0.011253608480769223 0.022876134086126362 0.0083687003271041872 -0.028336137211133067 -0.033021493916303032
leaf_weight=5.5005206316709518 8.4629081785678881 5.9697497636079779 8.6003286540508288 4.6534148156642914 5.9635946601629239 8.7925972491502744 8.0756980329751986 7.3413768112659437 7.7021526247262981 8.6826151162385923 5.6880284249782553 4.8095730990171459 5.9945234805345615 7.9494378715753582 6.3686132580041894 6.433124750852584 7.7117235064506522 5.2499407380819347 6.215624511241912 4.8853358477354041 7.1218330413103024 7.5582328736781994 7.4396831393241802 23.549323111772527 13.182645797729529 5.3162743002176294 4.9129354804754248 6.3307876586914062 4.8187546432018271 8.5094787329435331 4.7609771192073804 5.0398948043584815 7.0308796167373631 6.6163452565670005 4.8509593755006781 4.8511831313371632 5.4578118920326224 8.1340171545743924 5.3613023310899752 11.610303685069081 4.8058259040117228
leaf_count=24 38 26 38 20 26 38 34 32 33 38 25 21 27 34 27 29 36 23 27 21 32 33 32 100 57 23 21 27 21 36 21 22 31 28 22 21 25 35 23 53 21
internal_value=3.0733e-05 -0.00068961 0 0.0101462 -0.000356796 0.0116227 -0.000978948 -9.36711e-05 0.000711162 -0.000529386 0.00233796 -0.00453839 -0.011753 1.40063e-05 0.0087229 -0.00617972 0 0.00850201 -0.0177597 0.00426067 0.00209436 0.00643549 0.00966632 0.0127063 0.0082842 0.010884 0.00265006 -0.0122226 -0.00545617 -0.00868812 -0.0174638 0.00104241 -0.00161238 -0.0102802 -0.0158453 0.0139772 -0.00241165 0.0166251 0.000787507 -0.0236616 -0.0251511
internal_weight=298.31 279.23 273.261 19.0799 10.617 19.6544 253.606 233.539 219.866 196.71 114.177 82.5337 31.5226 51.0111 21.3489 29.6622 23.229 15.5173 23.8205 105.494 91.672 58.8517 51.7299 44.1717 36.732 23.1561 15.0804 13.6722 32.8203 27.9349 14.3856 13.5494 13.3995 20.0676 13.4513 9.76412 10.2674 13.822 10.8618 17.6048 9.5668
internal_count=1301 1217 1191 84 46 85 1106 1018 959 860 494 366 140 226 92 134 105 69 107 456 396 254 222 189 157 99 65 59 142 121 63 58 58 88 60 42 46 60 47 80 42
is_linear=0
shrinkage=0.03


Tree=56
num_leaves=39
num_cat=0
split_feature=37 13 24 35 16 33 51 24 54 45 46 45 61 45 12 16 24 24 51 13 33 31 16 16 13 60 58 57 30 61 30 33 36 54 19 41 25 40
split_gain=2.38554 2.94964 2.83696 2.41727 2.83996 2.60422 2.16319 3.2672 3.18677 2.40521 3.0136 2.17154 2.37269 2.99235 2.97238 2.39472 5.27192 2.99125 3.25687 2.77308 4.35394 3.53239 2.6113 2.56461 2.30537 3.34233 2.18251 3.03295 2.14554 2.4248 1.74956 1.6853 1.6197 1.30392 0.799699 0.698654 0.517292 0.416799
threshold=1.5846729789009795 -0.0085154080656159609 2.4524789723891507 -1.9524671510801044 -1.5147970333911924 -0.84476681096789796 -0.97139649262004635 -0.64943616159482009 0.51913769788071462 -1.6015044848615674 -0.55487300203254131 -1.5201095295409772 320.00000000000006 1.0000000180025095e-35 -0.12185872841555664 -0.47801565955336117 0.41684716571216957 0.41684716571216957 0.5757029251595166 -0.13748328441551647 0.57453633371377011 -0.16773176529444517 0.52464883109321869 -0.17318102681066733 0.062795391247757376 178.50000000000003 1.0000000180025095e-35 1.0000000180025095e-35 -1.0000000180025095e-35 588.00000000000011 -1.1031289090092138 1.0937935817680391 1.0000000180025095e-35 0.36271371712189998 0.57946855340604297 0.56381581693883687 -1.0000000180025095e-35 0.22690302586680158
decision_type=2 2 2 2 2 2 2 2 2 2 2 2 2 2 2 2 2 2 2 2 2 2 2 2 2 2 2 2 2 2 2 2 2 2 2 2 2 2
left_child=2 32 3 -1 5 -5 7 -6 -9 10 -8 -11 13 26 -15 16 34 18 19 20 21 -17 23 -21 25 -19 27 -13 35 -30 -3 -22 -2 -16 -14 -27 -20 -28
right_child=1 30 -4 4 6 -7 9 8 -10 11 -12 12 15 14 33 17 -18 24 36 22 31 -23 -24 -25 -26 28 37 -29 29 -31 -32 -33 -34 -35 -36 -37 -38 -39
leaf_value=-0.020042866723805904 0.0091369439702476893 0.032511894972141027 -0.020822778788933058 0.025981580908237416 0.0070756924062943529 0 0.0045178794780337704 -0.027332330715709254 0.00093730239954596846 0.020155506878111028 -0.023471323474992513 -0.015236043458148253 0.029913130583293004 -0.010794674749171521 0.019481074228712075 0.023003216000263581 -0.0079408348858281564 -0.0076419604870673046 -0.0060127081269266396 -0.020030864420289941 -0.019381691227590061 0.0017007690885091173 -0.019843600653952201 0.00034047292473217682 -0.005782397276001737 0.010970929974637932 -0.01061602375482701 0.012931722713577705 0.013362924760426534 -0.0078336649949640753 0.0048856018868427883 0.0012127326430468562 -0.012227392529724324 0 0.0083092251148299007 0.032132238051030722 -0.024207760516253347 -0.029157460979720821
leaf_weight=3.9242098778486243 4.7300796359777468 4.2391947358846664 4.6608370244503012 5.6646260917186737 5.7643802464008358 7.0813345760107023 4.7329526543617249 8.4616955369710904 4.8381351530551902 3.7179523110389701 6.7424303591251356 5.9357631057500857 6.672933369874956 7.3280159533023861 6.2868074476718885 12.87918846309185 6.511612430214881 6.2863148003816596 5.0637763440608978 4.6017724722623745 5.011587902903555 15.470283359289169 6.6229660063982001 57.028949096798904 8.4514613002538663 6.2017853111028654 6.5648645013570768 4.8198713809251785 13.778532773256307 5.5609662830829611 5.1575564295053464 6.4724868088960648 4.9159674495458603 5.5509485900402069 4.9817057251930237 5.6576740890741348 4.4916474968194944 4.8306416273117065
leaf_count=17 20 20 20 25 25 32 20 38 21 16 31 26 30 32 27 56 28 27 22 20 22 68 29 248 37 26 29 21 59 24 22 28 22 24 22 24 21 22
internal_value=2.39449e-05 0.00991061 -0.000679731 -0.000203788 0.000171505 0.0132277 -0.000524942 -0.00986836 -0.0175904 0.000254715 -0.0122772 0.000991633 0.000512998 -0.00581333 0.00255776 0.00201974 0.011935 0.000783816 -0.00171981 -7.65794e-05 0.00602641 0.0122491 -0.00377737 -0.00152535 0.00717365 0.0103587 -0.0130128 -0.00208596 0.0143534 0.0068549 0.0206592 -0.00851328 -0.00139302 0.0115577 0.0231353 0.0239896 -0.0172323 -0.0214185
internal_weight=297.694 19.0428 278.651 273.99 270.066 12.746 257.32 19.0642 13.2998 238.256 11.4754 226.781 223.063 41.3169 19.1658 181.746 18.1663 163.579 117.643 108.087 39.8335 28.3495 68.2537 61.6307 45.9367 37.4853 22.1511 10.7556 31.199 19.3395 9.39675 11.4841 9.64605 11.8378 11.6546 11.8595 9.55542 11.3955
internal_count=1301 84 1217 1197 1180 57 1123 84 59 1039 51 988 972 181 83 791 80 711 514 471 174 124 297 268 197 160 98 47 133 83 42 50 42 51 52 50 43 51
is_linear=0
shrinkage=0.03


Tree=57
num_leaves=48
num_cat=0
split_feature=37 29 27 8 55 32 54 28 60 38 12 45 54 60 28 42 34 12 43 43 48 1 32 28 12 54 35 56 56 37 41 45 55 45 61 41 55 42 36 54 49 34 41 54 29 33 43
split_gain=2.29267 5.00153 3.28439 2.83807 2.73229 2.3644 2.15454 3.57319 2.37935 3.00453 2.699 2.62675 2.16367 2.68859 2.47215 3.93495 3.34036 2.82633 2.3581 3.05883 3.82284 2.99968 4.39652 2.28114 4.74308 4.47999 3.36593 2.32555 2.12532 2.09303 2.25811 2.01985 2.01637 1.99472 2.52874 1.8742 1.83303 1.7137 1.54858 1.47622 1.4443 1.37676 1.32889 1.24936 1.10841 1.01227 0.866399
threshold=1.5846729789009795 1.8087727332857757 -1.3633480869112951 1.0000000180025095e-35 -1.3960687133959329 0.22784375290376183 1.6219863329843645 1.0000000180025095e-35 163.50000000000003 1.0000000180025095e-35 -0.039827546660929074 -1.3148792333150732 -0.26059643846760677 642.00000000000011 0.78478257098754278 0.57067358311920258 1.4716345416396022 -0.12744313138781596 0.24287503638413829 0.95528320328753347 0.17597030254153942 0.15917582036820374 0.51161105254744887 -0.088916890305408058 1.0138338586468956 -0.7528203642834187 0.84108414795203135 -0.79917260807700286 1.0000000180025095e-35 -0.58936961502293583 -1.0000000180025095e-35 0.2639398363093402 -1.3407198722241482 0.89489027163106161 526.00000000000011 -0.71220238101703992 0.43576806193191536 1.0304314938923558 1.0000000180025095e-35 -1.2050581529512676 1.0000000180025095e-35 -0.079267132642528534 0.2448112674498677 -0.1713677278783261 1.4521577189262687 0.57453633371377011 1.0000000180025095e-35
decision_type=2 2 2 2 2 2 2 2 2 2 2 2 2 2 2 2 2 2 2 2 2 2 2 2 2 2 2 2 2 2 2 2 2 2 2 2 2 2 2 2 2 2 2 2 2 2 2
left_child=1 2 5 38 -4 32 8 -8 9 43 41 28 13 23 16 17 18 -16 33 21 -21 22 -20 24 29 27 -27 -25 39 35 45 -17 -1 34 37 -13 -30 -14 -2 -10 -29 -11 -35 -6 -5 -31 -15
right_child=3 -3 4 44 6 -7 7 -9 11 10 -12 12 14 46 15 31 -18 -19 19 20 -22 -23 -24 25 -26 26 -28 40 36 30 -32 -33 -34 42 -36 -37 -38 -39 -40 -41 -42 -43 -44 -45 -46 -47 -48
leaf_value=-0.0089653221200160626 0.0089287493039270551 -0.024929486693012648 -0.018283364565035789 0.0054439626628724662 -0.011713118689292153 0.021747276547381327 -0.023392455317170921 0.0044988696990175018 -0.0041277335329966761 0.015123036627318957 0.033131622128709459 -0.010966288522853734 -0.02136089821482072 0.026271321253042233 0 -0.018466930946722745 0.014082979817911141 0.024229571047367969 0.022486042039448449 -0.021309912699915699 0.0086790710849186502 -0.011131436000860858 -0.0084512819418690877 0.001532435803457387 -0.015625265132308389 -0.0057260808005459157 0.021197665492098342 -0.0058881261600808327 0.012348664953357933 0.0081397542602897003 0 0.0045188197430229083 0.014021748986912155 0.010973289844757868 0.00064386575139716983 0.012092950671762564 -0.01109008180118356 -0.001527397118024957 -0.01196754156384559 -0.026432029337082549 -0.031388126762981625 -0.0047644863841011607 -0.0080029074054877945 0.0060124260081647115 0.02926649330087561 0.030649042563319722 0.0054258614318320924
leaf_weight=6.2004279345273972 4.7301359623670596 5.9452764689922324 6.4447216391563407 4.6762043088674528 5.2971735149621964 8.7434024661779386 7.6479816734790784 6.2489266693592072 6.1303374916315079 4.6873210221528998 4.6986956298351279 4.7683273404836655 22.664371430873874 4.6715109348297101 7.3828208595514324 5.5381602793931943 6.3266849070787421 9.1224090009927767 11.213931813836103 8.9018829315900785 4.6590534746646872 4.8221739232540122 4.8248922973871222 4.6384177058935157 5.2215873152017585 7.1048892289400083 6.594921663403511 4.9792172759771365 4.6035568714141828 5.0565477609634399 4.9624400883913085 5.1878975480794907 4.6314248889684695 4.6881808489561063 7.6716586053371421 4.8833073675632459 4.3608697950839996 5.7689269334077826 4.9047670513391495 6.4421436786651629 5.3977437317371368 4.627690613269805 5.5764647573232651 5.7732512801885623 4.6718222498893738 7.8591854423284531 5.2013359665870667
leaf_count=27 20 26 28 20 23 38 33 27 28 20 20 21 101 20 32 24 27 39 48 39 20 21 21 22 23 32 28 22 20 22 22 22 20 20 34 21 20 25 22 31 24 20 24 25 22 34 23
internal_value=1.91838e-05 -0.000670425 0 0.00972657 -0.000950594 0.0113737 -0.0003647 -0.0112446 0.000328445 0.00879707 0.0173878 -0.000723767 0.000427274 0.00450189 -0.00208835 0.0055024 -0.00458173 0.0143204 -0.00634632 -0.000171223 -0.0107701 0.00671069 0.0129104 0.00186481 0.00719242 -0.00406848 0.0076528 -0.0148499 -0.01029 0.0123107 0.018006 -0.0076682 0.000886848 -0.010656 -0.0138644 0.000219944 0.000417916 -0.0178155 -0.00134909 -0.017582 -0.0219465 0.00539766 0.000448157 -0.0023775 0.0203033 0.0240167 0.0179809
internal_weight=297.155 278.172 272.227 18.9829 252.652 19.5753 246.207 13.8969 232.31 25.0841 14.0137 207.226 185.689 71.3394 114.35 27.2313 87.1182 16.5052 80.7915 34.4219 13.5609 20.861 16.0388 61.4666 32.7514 28.7152 13.6998 15.0154 21.5369 27.5298 17.8782 10.7261 10.8319 46.3696 36.105 9.65163 8.96443 28.4333 9.6349 12.5725 10.377 9.31501 10.2646 11.0704 9.34803 12.9157 9.87285
internal_count=1301 1217 1191 84 1106 85 1078 60 1018 108 60 910 811 314 497 117 380 71 353 149 59 90 69 271 143 128 60 68 99 120 78 46 47 204 160 42 40 126 42 59 46 40 44 48 42 56 43
is_linear=0
shrinkage=0.03


end of trees

feature_importances:
Column_16=162
Column_54=127
Column_45=124
Column_46=122
Column_55=122
Column_47=100
Column_20=76
Column_38=76
Column_32=75
Column_39=70
Column_19=67
Column_42=66
Column_40=60
Column_61=60
Column_12=59
Column_18=58
Column_60=56
Column_41=54
Column_44=53
Column_23=52
Column_33=50
Column_36=50
Column_29=46
Column_37=46
Column_30=44
Column_27=43
Column_48=42
Column_28=41
Column_34=40
Column_24=37
Column_31=37
Column_43=37
Column_13=36
Column_56=34
Column_52=33
Column_49=32
Column_57=32
Column_26=31
Column_58=31
Column_25=30
Column_35=26
Column_50=26
Column_59=25
Column_53=23
Column_0=21
Column_14=16
Column_11=13
Column_1=12
Column_2=12
Column_5=10
Column_15=10
Column_4=9
Column_62=8
Column_3=7
Column_51=7
Column_21=5
Column_10=4
Column_7=3
Column_9=3
Column_17=3
Column_6=2
Column_8=2

parameters:
[boosting: gbdt]
[objective: binary]
[metric: binary_logloss]
[tree_learner: serial]
[device_type: cpu]
[data_sample_strategy: bagging]
[data: ]
[valid: ]
[num_iterations: 1400]
[learning_rate: 0.03]
[num_leaves: 160]
[num_threads: 2]
[seed: 42]
[deterministic: 0]
[force_col_wise: 1]
[force_row_wise: 0]
[histogram_pool_size: -1]
[max_depth: 14]
[min_data_in_leaf: 20]
[min_sum_hessian_in_leaf: 0.001]
[bagging_fraction: 0.85]
[pos_bagging_fraction: 1]
[neg_bagging_fraction: 1]
[bagging_freq: 0]
[bagging_seed: 400]
[bagging_by_query: 0]
[feature_fraction: 0.8]
[feature_fraction_bynode: 1]
[feature_fraction_seed: 30056]
[extra_trees: 0]
[extra_seed: 12879]
[early_stopping_round: 0]
[early_stopping_min_delta: 0]
[first_metric_only: 0]
[max_delta_step: 0]
[lambda_l1: 0.2]
[lambda_l2: 1.5]
[linear_lambda: 0]
[min_gain_to_split: 0]
[drop_rate: 0.1]
[max_drop: 50]
[skip_drop: 0.5]
[xgboost_dart_mode: 0]
[uniform_drop: 0]
[drop_seed: 17869]
[top_rate: 0.2]
[other_rate: 0.1]
[min_data_per_group: 100]
[max_cat_threshold: 32]
[cat_l2: 10]
[cat_smooth: 10]
[max_cat_to_onehot: 4]
[top_k: 20]
[monotone_constraints: ]
[monotone_constraints_method: basic]
[monotone_penalty: 0]
[feature_contri: ]
[forcedsplits_filename: ]
[refit_decay_rate: 0.9]
[cegb_tradeoff: 1]
[cegb_penalty_split: 0]
[cegb_penalty_feature_lazy: ]
[cegb_penalty_feature_coupled: ]
[path_smooth: 0]
[interaction_constraints: ]
[verbosity: -1]
[saved_feature_importance_type: 0]
[use_quantized_grad: 0]
[num_grad_quant_bins: 4]
[quant_train_renew_leaf: 0]
[stochastic_rounding: 1]
[linear_tree: 0]
[max_bin: 255]
[max_bin_by_feature: ]
[min_data_in_bin: 3]
[bin_construct_sample_cnt: 200000]
[data_random_seed: 175]
[is_enable_sparse: 1]
[enable_bundle: 1]
[use_missing: 1]
[zero_as_missing: 0]
[feature_pre_filter: 1]
[pre_partition: 0]
[two_round: 0]
[header: 0]
[label_column: ]
[weight_column: ]
[group_column: ]
[ignore_column: ]
[categorical_feature: ]
[forcedbins_filename: ]
[precise_float_parser: 0]
[parser_config_file: ]
[objective_seed: 16083]
[num_class: 1]
[is_unbalance: 0]
[scale_pos_weight: 1]
[sigmoid: 1]
[boost_from_average: 1]
[reg_sqrt: 0]
[alpha: 0.9]
[fair_c: 1]
[poisson_max_delta_step: 0.7]
[tweedie_variance_power: 1.5]
[lambdarank_truncation_level: 30]
[lambdarank_norm: 1]
[label_gain: ]
[lambdarank_position_bias_regularization: 0]
[eval_at: ]
[multi_error_top_k: 1]
[auc_mu_weights: ]
[num_machines: 1]
[local_listen_port: 12400]
[time_out: 120]
[machine_list_filename: ]
[machines: ]
[gpu_platform_id: -1]
[gpu_device_id: -1]
[gpu_device_id_list: ]
[gpu_use_dp: 0]
[num_gpu: 1]

end of parameters

pandas_categorical:null
