tree
version=v4
num_class=3
num_tree_per_iteration=3
label_index=0
max_feature_idx=62
objective=multiclass num_class:3
feature_names=Column_0 Column_1 Column_2 Column_3 Column_4 Column_5 Column_6 Column_7 Column_8 Column_9 Column_10 Column_11 Column_12 Column_13 Column_14 Column_15 Column_16 Column_17 Column_18 Column_19 Column_20 Column_21 Column_22 Column_23 Column_24 Column_25 Column_26 Column_27 Column_28 Column_29 Column_30 Column_31 Column_32 Column_33 Column_34 Column_35 Column_36 Column_37 Column_38 Column_39 Column_40 Column_41 Column_42 Column_43 Column_44 Column_45 Column_46 Column_47 Column_48 Column_49 Column_50 Column_51 Column_52 Column_53 Column_54 Column_55 Column_56 Column_57 Column_58 Column_59 Column_60 Column_61 Column_62
feature_infos=[-1.9484116923332366:9.4381744379825854] [-1.9165751047951511:14.653332280421893] [-1.6549597404018197:11.779407415420303] [-1.9403794897061832:9.371601354014965] [-1.624166809071083:14.627216858176068] [-1.6562305130393713:11.709414940663848] [-2.9831909043089713:5.867452892394085] [-2.4027904109635974:11.385423890466827] [-2.9195590556610513:6.1571346833643563] [-3.6597745504122718:4.219412016459521] [-8.8767496126954502:2.8884586611612861] [-3.300246304722422:4.5130410800620098] [-1.9640130480831672:2.4712355678920481] [-3.6841396766900902:4.6486910537894595] [-3.2384692436990377:4.5160893094261123] [-3.6841396766900902:4.6486910537894595] [-9.3104229726658936:3.1175046809441893] [-3.2384692436990377:4.5160893094261123] [-9.534756080171487:0.80892745917284981] [-1.720230698159761:1.6998348554509217] [-1.4515134754370462:1.428371364016658] [-2.2297159746437862:1.1290572592561359] [-1.6516033713561602:0.6054722443311974] [-2.1417194685931027:2.7533884785382692] [-2.3942634244608034:4.1973062352551338] [-2.422829594924492:3.5551969383473909] [-3.0062987422029348:3.1655835382245137] [-2.1575847815714719:2.6078353863895871] [-2.3421418167977541:3.9117069587728386] [-2.2922999318485537:4.1267703266225695] [-3.9611270917229469:3.991563503654397] [-2.8511107393966322:3.1942028114542715] [-3.1458341428600742:3.6645810485884174] [-2.4198471300658468:3.3958340481419644] [-3.1810704812067887:3.1857890237409032] [-2.9384264330914465:3.6346354469841673] [-3.1363239739098052:4.3409702686718799] [-2.4010717766261989:3.8794957169317787] [-3.6949001205361096:4.1373175845753538] [-3.5969674717263955:3.3473280123668805] [-3.6366191321535521:4.5587309000108345] [-2.4667274032063706:2.3183408391281675] [-2.856612660826122:3.1620363529315201] [-1.8395488361027084:3.0925077039977182] [-4.0755848563265014:3.1837078771723939] [-2.4240364962362886:3.3920091198120184] [-3.2826696992275792:3.4490123839858824] [-3.2323086378145782:3.0603112036249862] [-3.2099312989339488:2.5866536846493644] [-1.1665365484295567:4.9369522098146179] [-1.1720559910692825:4.9730941599942193] [-10.447380426519869:10.051686859059339] [-5.5363661014688335:5.0973993406663114] [-4.2920286100753513:4.228408349479138] [-2.6205904628928494:3.162591111201484] [-2.7088225219587994:3.2901080854042388] [-1.2533987169053913:3.2888623713784924] [-1.0750486017836738:3.0115495893647832] [-1.3036885920618382:3.2778858495169074] [-3.0828488466455433:3.1363887862988693] [2:815] [2:815] [0:2]
tree_sizes=4321 3930 4144 5449 4488 4555 5048 4061 4171 5378 4076 4689 5350 4492 4732 5245 5035 4699 5358 4835 4578 4719 4180 4787 5361 4952 4668 5143 4618 5075 5362 4863 4792 4183 4738 4528 5054 4185 4489 3965 4682 4876 4923 4253 4770 4797 4377 4755 4726 4495 4748 4725 4593 3965 5148 4265 4589 5031 4476 4142 5107 4220 3957 4924 4246 4361 3756 4471 4182 4707 4079 4586 4437 3716 4605 4536 3439 4482 4610 4372 4896

Tree=0
num_leaves=40
num_cat=0
split_feature=13 47 2 29 46 61 47 19 45 28 32 46 31 46 35 46 12 16 7 56 12 16 19 54 53 40 55 56 27 46 36 45 50 28 58 32 58 5 28
split_gain=23.1852 9.47686 6.33082 5.67722 4.95193 4.61702 4.30451 4.81211 4.95122 4.62835 5.69813 5.71761 4.1455 4.64871 4.11057 5.72928 4.81861 4.73159 3.47939 3.45559 4.06423 3.20069 4.10666 3.17644 3.38942 3.0115 2.65721 2.60164 3.1452 2.47513 2.32342 2.02294 1.41702 1.00176 0.971413 0.631721 0.534527 1.3994 0.369928
threshold=-0.040654313481873032 0.63232949464776456 0.9539076879223477 -1.0441473815902795 1.5963330010878842 204.00000000000003 -1.3788448626423115 -1.3074641658274369 0.6812267648302367 0.78478257098754278 -0.49733934618566072 0.22493670779177685 1.0000000180025095e-35 0.68487158821192218 1.1149617262885154 0.73068403136855353 -1.6163878908051139 0.8083895190675543 -0.77109856494595042 1.0000000180025095e-35 0.029508926123302481 -0.8245683360495385 -0.83573098601906703 -1.1467628322333876 -0.33611145028219497 -0.83654120449738645 -1.1864881362062389 -0.79917260807700286 0.14570163294303992 -0.096627373115098295 -1.0000000180025095e-35 -0.65089491306401492 1.0000000180025095e-35 -0.68671125855847925 1.0000000180025095e-35 -0.24510174650238337 1.0000000180025095e-35 -0.69907783861288253 0.41690911360103705
decision_type=2 2 2 2 2 2 2 2 2 2 2 2 2 2 2 2 2 2 2 2 2 2 2 2 2 2 2 2 2 2 2 2 2 2 2 2 2 2 2
left_child=4 2 6 -3 14 -5 38 12 9 23 -11 -12 13 -8 15 16 -1 -17 27 20 -7 33 -23 34 26 -26 -25 -18 35 -20 -31 -30 -6 -21 -9 -29 37 -16 -2
right_child=1 3 -4 5 32 19 7 8 -10 10 11 -13 -14 -15 36 17 18 -19 29 21 -22 22 -24 24 25 -27 -28 28 31 30 -32 -33 -34 -35 -36 -37 -38 -39 -40
leaf_value=-0.86369096306021031 -0.85788702776174175 -0.84610332295440127 -0.81426478519458623 -0.84061097946428387 -0.85077081675084265 -0.81223997141369897 -0.80960896976105501 -0.84346108471581138 -0.85755523225706776 -0.80969005338156408 -0.85302232641136899 -0.82173176970926531 -0.84265749688423064 -0.83784553552564889 -0.84033520485723789 -0.84213463538745303 -0.83533379712078371 -0.81616440564275261 -0.84620239788302387 -0.83207216751204438 -0.83379197490654255 -0.82361471839866163 -0.84823627913080935 -0.86118792905670072 -0.81970439782791615 -0.8381459333441772 -0.84162944203974932 -0.85182637737342604 -0.85148546363568467 -0.81852995282133956 -0.83914507853098819 -0.83207216751204438 -0.86976509014579606 -0.81345263811076918 -0.85966317610563703 -0.8684681235843994 -0.86273085132977623 -0.85847211436916127 -0.84546995871818342
leaf_weight=12.145946323871611 9.2014744877815264 12.145946323871611 7.7292385697364798 14.354300200939177 11.041769385337831 35.333662033081055 12.145946323871614 8.0972975492477435 12.514005303382872 8.4653565287590045 9.5695334672927874 8.4653565287590009 10.673710405826567 9.5695334672927839 8.0972975492477399 13.250123262405397 8.0972975492477399 9.5695334672927839 13.250123262405394 7.3611795902252188 12.145946323871611 8.8334155082702637 13.250123262405396 7.3611795902252188 8.0972975492477399 54.104669988155365 25.764128565788269 10.305651426315306 8.8334155082702654 7.3611795902252206 12.514005303382874 7.3611795902252188 10.673710405826567 8.0972975492477399 8.4653565287590009 8.0972975492477435 11.041769385337828 7.7292385697364834 7.7292385697364798
leaf_count=33 25 33 21 39 30 96 33 22 34 23 26 23 29 26 22 36 22 26 36 20 33 24 36 20 22 147 70 28 24 20 34 20 29 22 23 22 30 21 21
internal_value=-0.839387 -0.834728 -0.838565 -0.827731 -0.848682 -0.82536 -0.839654 -0.838303 -0.84055 -0.838877 -0.827925 -0.838414 -0.828068 -0.82089 -0.846363 -0.843615 -0.847113 -0.83073 -0.84396 -0.822739 -0.817291 -0.830367 -0.838265 -0.841535 -0.839387 -0.835244 -0.846905 -0.849507 -0.853021 -0.836855 -0.830301 -0.84245 -0.861725 -0.820534 -0.85307 -0.86109 -0.85666 -0.850425 -0.8535
internal_weight=478.845 319.475 207.953 111.522 159.37 99.3759 200.224 183.293 150.904 138.39 26.5002 18.0349 32.3892 21.7155 137.654 110.786 87.9661 22.8197 75.8201 85.0216 47.4796 37.542 22.0835 111.89 95.3273 62.202 33.1253 42.6948 34.5975 33.1253 19.8752 16.1946 21.7155 15.4585 16.5627 18.4029 26.8683 15.8265 16.9307
internal_count=1301 868 565 303 433 270 544 498 410 376 72 49 88 59 374 301 239 62 206 231 129 102 60 304 259 169 90 116 94 90 54 44 59 42 45 50 73 43 46
is_linear=0
shrinkage=1


Tree=1
num_leaves=37
num_cat=0
split_feature=38 29 47 46 41 25 10 12 12 47 46 12 26 55 47 37 35 43 41 28 47 36 42 37 56 34 41 60 54 31 46 55 60 46 0 33
split_gain=6.81342 6.10558 7.29884 5.28232 5.08861 4.34155 5.15198 4.1653 5.0804 4.70391 3.94298 3.92419 3.7283 3.48144 3.07769 3.00113 6.05992 2.99692 5.47733 2.71566 5.58103 5.11482 5.1609 4.69044 2.7828 2.57911 2.13453 2.06957 1.58437 1.41817 1.36538 0.599637 0.52652 0.22812 0.190786 0.0358418
threshold=-0.71249314717769341 0.73892769020725491 -0.14672657693654559 -0.83899703874552889 -1.031206930506009 -0.7415096324417747 -0.44287894654641363 -1.7397204293672555 -1.8509416872195115 0.63232949464776456 -0.59164835495754609 -0.24548080757215981 0.97970856390645922 -0.14618921322122802 1.1343712357392521 -0.58936961502293583 0.84108414795203135 -1.4696445955951762 -0.71220238101703992 0.41690911360103705 -1.4179077392621744 0.40846737072151201 1.0000000180025095e-35 1.0000000180025095e-35 -0.79917260807700286 0.32886488690540056 0.2448112674498677 333.00000000000006 -0.61863727868461726 0.4645586826261851 0.17314679108742106 0.46459485904823139 430.00000000000006 -1.5150369774198351 -0.45731112764902188 -0.40051338763257899
decision_type=2 2 2 2 2 2 2 2 2 2 2 2 2 2 2 2 2 2 2 2 2 2 2 2 2 2 2 2 2 2 2 2 2 2 2 2
left_child=5 3 13 27 15 6 -1 8 -6 10 -9 -4 -8 -3 32 16 -5 18 -7 21 -21 23 -23 -12 -22 30 -27 -2 -29 -20 33 -17 -11 -19 -30 -13
right_child=1 2 11 4 7 17 12 9 -10 14 19 35 -14 -15 -16 31 -18 25 29 20 24 22 -24 -25 -26 26 -28 28 34 -31 -32 -33 -34 -35 -36 -37
leaf_value=-1.3269182035367251 -1.3108413015528735 -1.3254469927214776 -1.3112544390803367 -1.2926312161358595 -1.3136870357949613 -1.2928740347602834 -1.2833607636650706 -1.2915776915836934 -1.2788986031243905 -1.3177413636526691 -1.3150200601464797 -1.2743308418583346 -1.3136870357949613 -1.2998737221529917 -1.3079425408784848 -1.3326090791781724 -1.3282541898024398 -1.3225056850283383 -1.3290081443923065 -1.2936896009463048 -1.3060773617783721 -1.2763874038937786 -1.3099765650540507 -1.2964902582164231 -1.3223053350824634 -1.3258500193680844 -1.3031457833649212 -1.3129553240290459 -1.3214931505314742 -1.3123685415155828 -1.3183780793062836 -1.3177413636526691 -1.3320846227165737 -1.3360510759778266 -1.3333489171778139 -1.2939614583795946
leaf_weight=6.4894502758979824 8.849250376224516 9.7341754138469714 5.8995002508163479 6.7844252884387952 5.8995002508163452 6.1944752633571651 6.489450275897978 10.914075464010237 7.3743753135204297 5.8995002508163514 45.426151931285858 7.6693503260612497 5.8995002508163452 6.7844252884387961 8.849250376224516 12.388950526714327 7.3743753135204315 6.1944752633571616 10.619100451469423 8.2593003511428815 10.914075464010237 7.9643253386020687 8.5542753636836988 15.043725639581679 37.756801605224609 5.8995002508163434 5.8995002508163452 6.7844252884387997 7.3743753135204342 6.1944752633571616 8.849250376224516 5.8995002508163443 11.504025489091871 23.598001003265384 13.863825589418409 7.6693503260612461
leaf_count=22 30 33 20 23 20 21 22 37 25 20 154 26 20 23 30 42 25 21 36 28 37 27 29 51 128 20 20 23 25 21 30 20 39 80 47 26
internal_value=-1.31296 -1.3107 -1.29969 -1.31243 -1.31061 -1.31999 -1.30768 -1.30865 -1.29327 -1.31004 -1.30789 -1.28864 -1.29675 -1.3144 -1.32133 -1.32126 -1.31126 -1.32328 -1.31391 -1.30949 -1.31435 -1.30585 -1.29175 -1.31022 -1.31845 -1.32728 -1.31422 -1.32267 -1.32653 -1.323 -1.33092 -1.32884 -1.32831 -1.33402 -1.33033 -1.28122
internal_weight=383.762 291.435 37.7568 253.679 216.807 92.3272 18.8784 184.359 13.2739 171.086 144.833 21.2382 12.389 16.5186 26.2528 32.4473 14.1588 73.4488 23.0081 133.919 56.9302 76.9885 16.5186 60.4699 48.6709 50.4407 11.799 36.8719 28.0226 16.8136 38.6417 18.2885 17.4035 29.7925 21.2382 15.3387
internal_count=1301 988 128 860 735 313 64 625 45 580 491 72 42 56 89 110 48 249 78 454 193 261 56 205 165 171 40 125 95 57 131 62 59 101 72 52
is_linear=0
shrinkage=1


Tree=2
num_leaves=39
num_cat=0
split_feature=14 47 32 19 20 12 60 16 3 25 19 12 26 56 58 47 13 6 48 37 21 28 61 4 56 12 50 44 21 14 26 16 42 43 32 40 14 37
split_gain=27.5633 12.488 5.94136 5.67787 5.43267 5.23866 6.06533 4.975 3.82773 4.41406 5.70251 3.20877 4.59882 3.1934 3.17567 4.16108 4.70227 4.09824 3.40261 3.13509 2.73793 2.86324 2.62028 2.5552 2.67889 2.8182 2.47698 2.45259 2.33768 2.06337 2.29326 1.94094 1.93531 1.59011 1.39494 1.2625 0.899296 0.610472
threshold=0.029994558375851157 -1.2881230599495297 0.51161105254744887 -1.3074641658274369 -0.79699419374302249 -0.21824708930714287 430.00000000000006 0.27451443487374599 -0.90793679365226854 -0.36788297411228221 0.3436019635018579 -0.065277633105221652 -0.43468112535816461 -0.79917260807700286 -0.84553114790396355 -0.90762444152053223 -0.6863954108013347 0.063449019771402618 -0.34537879922368814 1.0000000180025095e-35 1.0000000180025095e-35 -1.1772092017404867 642.00000000000011 0.36211341692579113 -1.0000000180025095e-35 -0.04902938497373225 1.0000000180025095e-35 0.33773515778930435 -0.8302271271854853 -0.76373300037284297 -0.82042376788487992 -0.24218840762574378 0.57067358311920258 0.54427849161249775 -0.49733934618566072 -0.15359536848368768 -0.13493510075751183 1.0747123704496906
decision_type=2 2 2 2 2 2 2 2 2 2 2 2 2 2 2 2 2 2 2 2 2 2 2 2 2 2 2 2 2 2 2 2 2 2 2 2 2 2
left_child=1 27 5 28 -4 6 -2 -6 19 20 13 12 -12 -11 -7 34 26 -18 -19 -5 36 -22 29 24 35 -26 -17 -1 -3 -15 -31 -14 -21 -8 -16 -23 -10 -30
right_child=2 3 4 8 7 14 33 -9 9 10 11 -13 31 22 15 16 17 18 -20 32 21 23 -24 -25 25 -27 -28 -29 37 30 -32 -33 -34 -35 -36 -37 -38 -39
leaf_value=-1.2012936964697394 -1.2050314742494794 -1.210160785155026 -1.2241519105639742 -1.2072249448623871 -1.1843406647397514 -1.1833523097314234 -1.1683040996408529 -1.213633463545934 -1.2154958409457783 -1.1974082244724908 -1.207309134894059 -1.2105461372625159 -1.1964462986073721 -1.2030623892138961 -1.2057488475176392 -1.172074288198524 -1.1898875731183676 -1.1998572521314821 -1.2249480014585434 -1.2306572787862879 -1.1966521150490681 -1.2142910208297459 -1.1986065978705625 -1.2012936964697394 -1.2169823561854807 -1.1958249888989141 -1.2002983889932324 -1.1766500953037315 -1.2306321034885137 -1.2074321989761545 -1.2229368570820009 -1.168353964898492 -1.2133099654108992 -1.1897107792004467 -1.2210111569136226 -1.2319373892599847 -1.2315010083180356 -1.2157851228958514
leaf_weight=9.1175702512264269 9.431969225406645 9.7463681995868665 10.375166147947313 11.318363070487974 9.1175702512264269 10.060767173767088 14.147953838109972 8.8031712770462018 9.7463681995868683 11.947161018848417 7.5455753803253236 7.5455753803253165 6.2879794836044347 7.8599743545055381 10.689565122127535 7.5455753803253121 9.7463681995868736 7.8599743545055381 8.4887723028659838 19.49273639917374 7.8599743545055381 9.1175702512264269 7.5455753803253165 9.1175702512264234 15.405549734830855 6.9167774319648805 6.2879794836044312 7.2311764061450949 25.151917934417725 12.890357941389079 30.182301521301273 6.6023784577846474 11.318363070487974 11.003964096307753 7.8599743545055381 11.003964096307749 9.7463681995868683 6.9167774319648734
leaf_count=29 30 31 33 36 29 32 45 28 31 38 24 24 20 25 34 24 31 25 27 62 25 29 24 29 49 22 20 23 80 41 96 21 36 35 25 35 31 22
internal_value=-1.20731 -1.21266 -1.19607 -1.2143 -1.20802 -1.19276 -1.18327 -1.19842 -1.21227 -1.21023 -1.20604 -1.19491 -1.18903 -1.21055 -1.19805 -1.20121 -1.19585 -1.20407 -1.21294 -1.22028 -1.21546 -1.21189 -1.21352 -1.21457 -1.21766 -1.20986 -1.18257 -1.1884 -1.22432 -1.21603 -1.21859 -1.17908 -1.22504 -1.17593 -1.21246 -1.22526 -1.22494 -1.22813
internal_weight=409.033 277.614 131.419 261.266 28.2959 103.123 34.5839 17.9207 219.45 177.321 98.4069 27.9815 20.4359 70.4254 68.539 58.4782 39.9287 26.0951 16.3487 42.1295 78.9141 59.4214 58.4782 51.5614 42.4439 22.3223 13.8336 16.3487 41.8151 50.9326 43.0727 12.8904 30.8111 25.1519 18.5495 20.1215 19.4927 32.0687
internal_count=1301 883 418 831 90 328 110 57 698 564 313 89 65 224 218 186 127 83 52 134 251 189 186 164 135 71 44 52 133 162 137 41 98 80 59 64 62 102
is_linear=0
shrinkage=1


Tree=3
num_leaves=50
num_cat=0
split_feature=13 38 47 29 25 55 55 46 16 13 4 16 47 55 55 30 46 36 41 50 37 48 47 6 35 59 10 30 4 41 29 26 28 30 46 40 35 35 52 26 37 49 26 61 50 33 13 45 38
split_gain=21.8657 10.5985 5.75121 5.54342 4.83224 7.013 5.37274 4.80383 3.88607 6.80379 3.86912 4.54499 5.62261 5.24878 6.01527 3.86153 3.81316 3.54353 3.12664 2.93157 2.71719 2.73133 5.20735 3.14484 3.41035 2.70725 5.933 2.81719 2.62368 2.15843 2.14765 3.85383 2.06117 2.73288 2.24529 1.95223 1.84747 1.70856 1.60885 1.49531 1.31346 1.23301 1.1937 1.10832 1.09761 1.05985 1.0584 0.841026 0.741023
threshold=-0.040654313481873032 -0.71249314717769341 0.63232949464776456 -0.68753236723077271 -0.36788297411228221 0.34903458864903575 0.80735998281762089 1.6484797525740582 -1.1004609328145174 -0.011987427269821492 1.0000000180025095e-35 1.159601302979955 0.054375493235775417 0.11137562290800726 -0.15236796494744201 -0.66821614207451541 -1.0495979861916724 0.40846737072151201 -0.44636525644289909 1.2648138964214168 0.13531124961836907 -0.89447208059005301 -0.21068390011643165 -0.55247901298930646 1.0000000180025095e-35 0.33773185147388385 1.0000000180025095e-35 1.0000000180025095e-35 -0.64908378903625386 0.56381581693883687 -1.0441473815902795 -1.0000000180025095e-35 -0.68671125855847925 -0.97886811845644306 -0.42477746271149314 -1.109719538902866 -1.5507800361865947 -0.19965064972660754 1.0000000180025095e-35 -0.82042376788487992 -1.0000000180025095e-35 -0.2194434652537364 -0.30610024451592605 430.00000000000006 1.0000000180025095e-35 -0.21204223833880748 -1.7195916507419418 -1.2369031136113222 0.71072233858908862
decision_type=2 2 2 2 2 2 2 2 2 2 2 2 2 2 2 2 2 2 2 2 2 2 2 2 2 2 2 2 2 2 2 2 2 2 2 2 2 2 2 2 2 2 2 2 2 2 2 2 2
left_child=7 8 4 29 5 18 41 10 36 16 11 12 13 14 15 -1 35 -8 -3 20 21 47 39 -24 -25 26 -5 -27 42 -4 -30 -32 34 -34 -11 -10 -2 -12 -14 -23 -20 -7 -15 -18 -9 -22 -39 -6 -13
right_child=1 2 3 25 19 6 17 44 9 32 37 48 38 28 -16 -17 43 -19 40 -21 45 22 23 24 -26 27 -28 -29 30 -31 31 -33 33 -35 -36 -37 -38 46 -40 -41 -42 -43 -44 -45 -46 -47 -48 -49 -50
leaf_value=0.015028236992524735 0.010675566875837301 0.0084886680627343086 -0.01371235938428397 0.0063409243498663836 -0.0046535382911620368 0.010554611737340677 -0.012594302077952358 -0.011416995118960927 0.0137135863896286 -0.016352289868749547 -0.004230152428005598 -0.025302266605492115 -0.023528597858069801 -0.0036593242829761423 0.029116974057467521 -0.0087641194768437996 0.010556577905427342 0.013949050743649192 -0.0022850203114677912 0.0081494132832227954 -0.0047914965570804583 0 0.0055940510068496156 -0.0001901136586466504 -0.024229000683504611 0.016388590991246045 0.036704384847296816 -0.005704928857669155 0.014200457877225603 0.0054095561772797432 -0.018240496510003423 0.0088802966265770413 0.018428002386068197 -0.0028650506278235228 0.0038807466221310125 -0.0051883936484313402 0.032506013173235218 -0.0091366515571354029 -0.0060661913294323055 0.015933557085143345 -0.017651413892007264 0.031613407574888154 -0.020044097205174815 0.029658605904922614 -0.029737480369239639 -0.021024422349757155 -0.027797222573203006 -0.020644164229067022 -0.0079883306226820015
leaf_weight=9.5729562342166918 9.2358702421188372 8.4733463823795336 9.5753351151943225 14.006931304931642 7.3463466167449978 7.3684003055095681 7.7293856143951398 9.9120305776596087 9.2200928926467913 9.5694258511066455 9.1811841726303118 7.7059934437274915 8.8165255784988421 9.9220801293849963 9.9428184032440168 12.129367142915727 7.3684912919998196 7.3673316836357117 10.305789500474933 9.9421772062778455 7.3553182780742672 7.736414402723315 8.4661685824394208 9.5763304531574303 12.136203736066816 8.1061089336872119 10.345757752656935 9.5841066837310773 7.3541187345981589 8.4777465760707837 7.3482626974582663 8.4477468132972771 7.7387556135654476 11.417177885770796 7.3634269535541526 7.3789249658584586 11.081567913293837 7.7151074111461666 13.966835319995878 12.889221817255018 12.139026999473568 9.9510616958141327 8.4459342658519692 16.24248418211937 10.251915276050566 15.443677246570585 11.003933340311049 8.8189150393009168 7.3423279821872711
leaf_count=26 25 23 26 38 20 20 21 27 25 26 25 21 24 27 27 33 20 20 28 27 20 21 23 26 33 22 28 26 20 23 20 23 21 31 20 20 30 21 38 35 33 27 23 44 28 42 30 24 20
internal_value=0 0.00450733 0.000859208 0.00869249 -0.00204448 0.00431868 0.0138301 -0.00905077 0.0127298 0.00916996 -0.00684796 -0.00414657 -0.00154854 0.00248661 0.0114689 0.00176524 0.0174246 8.75588e-05 -0.00564696 -0.00614962 -0.00790693 -0.00454206 -0.000856547 -0.00873603 -0.0145825 0.0145446 0.0208535 0.00459591 -0.0043814 -0.00469971 0.0021369 -0.00387707 -0.000196077 0.00616014 -0.00762843 0.00524579 0.0242736 -0.0166309 -0.0141067 0.0102119 -0.0114315 0.0245283 -0.0124398 0.0249229 -0.0224227 -0.0166534 -0.0216514 -0.014729 -0.0187069
internal_weight=478.816 319.757 223.141 60.096 163.045 63.3343 32.4162 159.059 96.6162 76.2988 138.895 110.995 95.9466 73.1633 31.6451 21.7023 40.21 15.0967 30.9182 99.7108 89.7686 66.9696 50.8043 30.1787 21.7125 42.0429 24.3527 17.6902 41.5181 18.0531 23.1501 15.796 36.0888 19.1559 16.9329 16.599 20.3174 27.9002 22.7834 20.6256 22.4448 17.3195 18.368 23.611 20.1639 22.799 18.719 16.1653 15.0483
internal_count=1301 868 606 163 443 172 88 433 262 207 378 302 261 199 86 59 109 41 84 271 244 182 138 82 59 114 66 48 113 49 63 43 98 52 46 45 55 76 62 56 61 47 50 64 55 62 51 44 41
is_linear=0
shrinkage=0.03


Tree=4
num_leaves=41
num_cat=0
split_feature=40 39 13 50 21 59 24 46 53 57 60 13 54 32 28 12 39 19 51 43 55 45 54 41 32 54 40 39 23 34 12 61 47 45 37 11 59 33 43 28
split_gain=6.24185 5.048 5.4221 5.61353 5.48267 4.52838 5.02757 4.48182 4.2101 4.66126 4.02692 4.0616 4.57043 5.01859 3.95977 3.64668 4.40157 3.45839 3.41729 3.4003 5.37325 3.10384 2.92237 2.76001 2.57981 2.08745 1.9955 1.89185 4.85963 2.20625 1.84751 1.76021 1.57095 1.42715 1.40622 1.95229 1.22661 1.16457 2.41663 0.849923
threshold=-0.42677370288916744 -1.077958325535697 0.42075247616611272 -0.64230166770173913 0.2893639507811554 -0.90611567511499869 -0.26169676984682394 0.6251306389417165 -0.33611145028219497 1.4790752676841121 178.50000000000003 -1.2800984179247998 1.3513872727986871 0.51161105254744887 0.41690911360103705 0.012776655321779443 0.056730479054707482 -0.83573098601906703 -0.19784678373026501 -1.4696445955951762 -0.89378253818344044 -0.37496457516259257 0.91067994089960702 0.2448112674498677 0.76384865223072651 0.0041170921132025629 0.33067531523511701 -0.26098238623060588 1.0000000180025095e-35 0.1656120790862288 -0.11231312841460854 470.50000000000006 -0.09612862762778257 -1.0935311028654795 -1.0000000180025095e-35 -1.1903147615411165 0.33773185147388385 -0.40051338763257899 -1.0997403550876441 -1.1772092017404867
decision_type=2 2 2 2 2 2 2 2 2 2 2 2 2 2 2 2 2 2 2 2 2 2 2 2 2 2 2 2 2 2 2 2 2 2 2 2 2 2 2 2
left_child=8 17 3 7 -5 6 -6 14 9 15 32 -12 13 -13 26 21 -17 33 -4 20 -10 -1 34 -8 -24 -9 -3 36 29 -29 -19 -30 -7 -2 -20 -36 -21 38 -23 -39
right_child=1 2 18 4 5 10 23 25 19 -11 11 12 -14 -15 -16 16 -18 30 22 27 -22 37 24 -25 -26 -27 -28 28 31 -31 -32 -33 -34 -35 35 -37 -38 39 -40 -41
leaf_value=0.0054434533878985154 -0.0047833610832804224 0.015001955198772197 0.013860090684431821 -0.014499928152275979 0.033581771633200905 0.0043705239409487229 0.015503817400981525 -0.0088567055380387276 -0.016847644479462926 0.022156337051250752 -0.015738145728768915 0.00021906662488964607 -0.018007123716347991 0.017384897797058704 0.0034575357313104877 -0.005066433516324023 0.025739588188233378 -0.00090106589341365983 -0.023136992950571835 -0.023380586768868363 0.016594704742757489 -0.016934301959676754 0.014306375015568642 -0.0089650317225244396 -0.0082910683122374186 0.01243253217625814 0.043277892898800345 0.016751462520375678 -0.020946800906778622 -0.0054923446158417714 -0.020517206645215138 -0.00060043051313184322 0.02739088727507526 0.01366107623899997 -0.016968673671649663 0.0045073199195306045 -0.0064054714935338217 -0.0054597100091206508 0.0059992185349761187 -0.022961171031203979
leaf_weight=11.471299588680262 5.8985793590545654 7.1062490940094021 5.8995142579078665 11.4958418905735 8.904750585556032 6.21244016289711 7.7027977108955366 5.9025808870792371 5.8705833554267874 6.4803622663021079 10.309127569198607 51.95387527346611 6.7660308480262747 20.712889134883881 6.4637717604637137 7.3525272905826551 6.5007787346839905 7.0795821547508231 9.7130842804908735 18.199112534523014 8.8509688079357129 5.8945614099502563 6.5259847044944754 5.9257869720458984 8.8395781815052015 7.6718907654285431 8.3241829574108106 6.7773090600967389 15.293156564235689 6.1615979373455048 14.152325958013536 5.8762547671794882 6.2469912469387037 5.925573527812956 5.9044124186038944 6.1906349062919661 7.928595542907714 6.1547966599464372 7.6516102254390699 9.3841777741909116
leaf_count=39 20 24 20 39 30 21 26 20 20 22 35 176 23 70 22 25 22 24 33 62 30 20 22 20 30 26 28 23 52 21 48 20 21 20 20 21 27 21 26 32
internal_value=0 0.00283505 0.00453909 0.00693099 0.00400898 0.00591436 0.0177052 0.0173737 -0.00512937 0.000648895 0.00303836 0.000626659 0.00307701 0.00544555 0.025383 -0.0023311 0.0101011 -0.00777929 -0.0047733 -0.00982234 0.00256414 -0.00692919 -0.00830847 0.00463401 0.00136945 0.00281717 0.0330931 -0.0129355 -0.00745935 0.00627311 -0.0147314 -0.0159771 0.0180455 0.00450695 -0.0150341 -0.00625073 -0.019074 -0.0120328 -0.00427479 -0.0174721
internal_weight=383.676 247.828 214.772 171.699 136.231 124.735 22.5333 35.4687 135.848 60.8901 102.201 89.7419 79.4328 72.6668 21.8942 54.4098 13.8533 33.0561 43.0732 74.9576 14.7216 40.5564 37.1737 13.6286 15.3656 13.5745 15.4304 60.236 34.1083 12.9389 21.2319 21.1694 12.4594 11.8242 21.8081 12.095 26.1277 29.0851 13.5462 15.539
internal_count=1301 839 727 581 461 422 76 120 462 207 346 304 269 246 74 185 47 112 146 255 50 138 126 46 52 46 52 205 116 44 72 72 42 40 74 41 89 99 46 53
is_linear=0
shrinkage=0.03


Tree=5
num_leaves=42
num_cat=0
split_feature=14 47 32 19 20 12 16 33 12 5 52 27 28 13 55 55 18 40 32 45 54 29 20 44 21 55 36 34 39 47 32 53 33 31 19 29 35 12 53 37 54
split_gain=26.0382 11.895 5.64783 5.45492 5.24095 4.89454 4.69808 3.70406 4.9011 4.95974 4.49783 6.91458 5.14671 4.38373 4.15538 4.9111 3.55174 3.09041 4.70268 7.71871 3.04862 3.04538 2.75041 2.32152 2.28746 2.19542 2.25796 2.13388 2.08802 2.05448 2.9201 2.03545 1.91098 3.26088 1.64505 1.63177 1.29765 1.09671 0.923031 0.618904 0.562895
threshold=0.029994558375851157 -1.2881230599495297 0.51161105254744887 -1.3074641658274369 -0.79699419374302249 -0.21824708930714287 0.27451443487374599 0.36683343449206246 -0.1099641721610798 1.9007557770590664 1.0315478480852267 1.0000000180025095e-35 -1.1772092017404867 1.3511377057329981 0.76807570413805493 -0.39997708379306712 0.38104562284214211 -0.29018453568642755 -1.3171115451563125 0.27692872692757686 0.27651368198626031 -1.0441473815902795 0.51204436964502487 0.33773515778930435 -0.8302271271854853 -1.1678646999999478 -0.51927098900621538 -0.24251994046170008 -0.14427153775844978 0.15888242630280139 0.76384865223072651 1.0000000180025095e-35 0.36683343449206246 0.2794980637225859 -0.12813121630651214 -0.33091735287126595 0.64024059050527671 -1.6427183374726277 1.0000000180025095e-35 1.0747123704496906 -0.10524602421591157
decision_type=2 2 2 2 2 2 2 2 2 2 2 2 2 2 2 2 2 2 2 2 2 2 2 2 2 2 2 2 2 2 2 2 2 2 2 2 2 2 2 2 2
left_child=1 23 5 24 -4 22 -6 8 9 25 12 -12 20 14 15 28 21 27 -19 32 -10 -14 31 -1 -3 -5 -27 -7 34 -28 -31 -2 33 36 -9 -17 -20 -24 -34 -26 -23
right_child=2 3 4 7 6 17 -8 13 10 -11 11 -13 16 -15 -16 35 -18 18 19 -21 -22 40 37 -25 39 26 29 -29 -30 30 -32 -33 38 -35 -36 -37 -38 -39 -40 -41 -42
leaf_value=0.0058066123798043174 0.016884977638034517 -0.0027002054238132274 -0.016674972770389228 0.020419000032966556 0.022181391295769435 0.026255048960558698 -0.0062171283277966021 -0.0039553576057216868 -0.010688190200812266 -0.017374852824485441 -0.012940538677243228 0.021858855647124833 0 -0.018576154515144966 -0.013148509089043806 0.0083960576354886098 0.0022698838290955807 0.022515224714340306 -0.00044847890059173545 0.024839766281093276 0.014254492028913806 -0.012696039591934093 0.00044448463654651351 0.029698523069822194 -0.023016633382990093 -0.011297867589576609 -0.0034866507858257343 0.0030143374427589547 -0.012598434251105755 0.025548446462716541 -0.0001943341439146565 0.040521570275508276 -0.0030371742250192247 -0.015214450007284922 0.014847186571342605 0.028425936802485986 0.016525299346228043 0.017838229237855753 -0.020163699422575381 -0.0081896534632351307 -0.021523793248549649
leaf_weight=9.1571337282657641 11.785356611013414 9.7097856104373914 10.313922196626665 6.6045110523700705 9.2323092520236987 11.727469235658647 8.77751976251602 6.5949033796787253 6.2835185825824729 8.4052003026008588 9.3862209022045153 8.164272874593733 8.4682625234127027 6.5412509739398947 7.5356343388557425 10.058694094419481 8.4717840552329999 9.1833552718162519 6.6273233592510241 7.598789006471633 8.4792619943618757 22.54242077469825 6.9734979569911957 7.3353696167469016 24.836504817008976 6.5802248716354361 8.8183388113975578 6.3084537386894217 7.221923470497134 6.937661796808241 6.5859688818454742 9.8580173850059492 6.2930035889148694 6.6275103688240042 6.9426103532314292 9.1434212028980237 6.628186821937561 6.370489686727522 7.8749184906482697 6.8578595817089072 49.08435636758805
leaf_count=29 37 31 33 21 29 37 28 21 20 27 30 26 27 21 24 32 27 29 21 24 27 72 22 23 80 21 28 20 23 22 21 31 20 21 22 29 21 20 25 22 157
internal_value=0 -0.00522114 0.0108886 -0.00683483 -0.000765696 0.0140895 0.00861929 -0.00483844 -0.00706514 0.00136725 -0.010158 0.00337925 -0.01253 0.00185213 0.0052705 0.00923856 -0.0152394 0.00897687 0.00475547 5.40034e-05 0.00326252 -0.0171726 0.0232061 0.0183565 -0.0167092 0.0064877 0.00225927 0.0192888 -0.000743586 0.00696341 0.0138447 0.0298387 -0.00612309 0 0.00580753 0.019592 0.00844944 0.010116 -0.0139586 -0.0205043 -0.019145
internal_weight=408.927 276.747 132.18 260.255 28.3238 103.856 18.0098 218.85 164.812 43.9319 120.88 17.5505 103.33 54.0384 47.4972 39.9616 88.5668 68.869 50.8331 41.6497 14.7628 80.095 34.9874 16.4925 41.4042 35.5267 28.9222 18.0359 20.7594 22.342 13.5236 21.6434 34.0509 19.883 13.5375 19.2021 13.2555 13.344 14.1679 31.6944 71.6268
internal_count=1301 883 418 831 90 328 57 698 526 140 386 56 330 172 151 127 283 218 161 132 47 256 110 52 133 113 92 57 66 71 43 68 108 63 43 61 42 42 45 102 229
is_linear=0
shrinkage=0.03


Tree=6
num_leaves=46
num_cat=0
split_feature=3 38 42 55 46 12 37 18 19 52 48 34 31 5 34 58 55 55 42 38 29 38 28 24 48 54 4 14 48 40 38 49 29 56 28 49 58 54 36 26 34 32 19 54 55
split_gain=20.9036 9.21964 6.35578 4.53244 4.53876 5.7134 6.34159 3.82479 4.43644 3.64356 3.3419 3.35874 4.62708 4.38051 4.14833 6.50404 4.09993 6.2936 4.6529 3.71828 3.02005 2.76364 2.75836 2.8794 3.29306 2.54267 2.24105 2.11621 2.1013 2.0282 2.02228 1.94765 1.93168 2.66786 1.89677 1.49892 1.25907 2.4832 0.757977 0.596539 0.3728 0.709144 0.313091 0.161977 0.0380543
threshold=-0.099938161957900687 -0.71249314717769341 1.5319855783721592 0.49426812197305148 -0.021201738862098366 -1.5751967796631596 0.13531124961836907 -2.0131522690122439 -0.83573098601906703 1.0000000180025095e-35 -1.4068110964823239 -1.3036631912863152 -0.36821410244001085 -0.12996003219713267 1.0000000180025095e-35 1.0000000180025095e-35 0.34903458864903575 -0.0054278230844758231 0.57067358311920258 0.30279433311453324 -1.0441473815902795 0.13962313092471088 -0.31883780117197397 0.41684716571216957 0.057202765037630908 1.4143701608269978 -0.37822739458213489 0.88451397298149204 -0.31263616371450337 0.10440639178815413 -1.1657464865938658 -0.2194434652537364 0.73892769020725491 -0.79917260807700286 1.0000000180025095e-35 -0.2194434652537364 1.0000000180025095e-35 -0.66860839290306118 -0.27002784758682591 -0.30610024451592605 1.0000000180025095e-35 -0.49733934618566072 1.0512017332144132 0.10421123419399361 -1.27516202214906
decision_type=2 2 2 2 2 2 2 2 2 2 2 2 2 2 2 2 2 2 2 2 2 2 2 2 2 2 2 2 2 2 2 2 2 2 2 2 2 2 2 2 2 2 2 2 2
left_child=1 7 10 4 9 27 31 -1 32 42 35 -12 13 36 15 21 17 18 -16 -18 26 -14 23 24 -10 -4 -5 -6 40 -19 -24 -7 33 -9 -21 -3 37 -13 -11 -17 41 -22 -2 -34 -26
right_child=3 2 25 20 5 6 -8 8 22 38 11 12 14 -15 16 39 19 29 -20 34 28 -23 30 -25 44 -27 -28 -29 -30 -31 -32 -33 43 -35 -36 -37 -38 -39 -40 -41 -42 -43 -44 -45 -46
leaf_value=0.027577136383735556 -0.012196671536574897 -0.0022751688079126562 0.02533382245130068 -0.013891455332398975 -0.00065621000743824865 0.030635346242331375 -0.0061561837861886419 0.018731035751237149 0.0072348809497883859 0.0043491678590323888 -0.013678054342945866 -0.0018844454504826436 0.014421912049865884 -0.0050941691603937685 0.012803694134748536 -0.010966686645457576 0.022905207199688686 -0.0039522014640476725 -0.0067572247002032357 -0.0072772758096122225 -0.021143559331991611 -0.007422104781228356 0.020670033337932815 0.010113666134410766 -0.019084171550288902 0.0020988995908611603 0.0037213020555245785 -0.020706819374779761 -0.0049736804560350702 -0.02359714392805547 0.0014471868911213337 0.009019746533521264 0.014465188487225453 -0.0032832987828931176 0.0078844565395761353 -0.021760139086575533 0.022254575453852041 0.019122676933185104 -0.007930511177416567 -0.027307622679021884 -0.028858962155598196 -0.0067132627377858673 -0.028423810325274055 0.031064628107090788 -0.0082771358961333773
leaf_weight=11.492839783430098 7.6995036303997066 7.690707802772522 11.080899089574816 11.356184393167498 9.8870470225811022 7.3774580657482156 13.974072605371473 9.253046900033949 7.3637068569660213 7.3339157402515411 12.486736357212065 9.2139461040496844 8.4764238595962542 11.407895237207411 22.487658083438873 8.4414213001728076 11.08320379257202 9.9447328746318835 18.416240721940994 9.1988942623138445 13.906779170036314 9.2096396386623365 9.9784048497676867 10.700460553169249 7.7276771068572971 7.7424537837505332 11.365899473428724 9.1437779366970044 9.5236952602863294 11.398696213960646 10.329082965850828 11.77155464887619 7.7749563455581656 7.7554799318313625 21.749560981988907 7.6818182766437513 14.383812874555586 8.125631123781206 7.3375217318534833 9.9221864044666273 13.89379447698593 8.0598399341106433 8.0372006595134717 8.151997894048689 7.3605259656906137
leaf_count=31 21 21 30 31 27 20 38 25 20 20 34 25 23 31 61 23 30 27 50 25 38 25 27 29 21 21 31 25 26 31 28 32 21 21 59 21 39 22 20 27 38 22 22 22 20
internal_value=-5.33966e-06 0.00422896 0.000897012 -0.00921439 -0.0042637 0.00105375 0.00856102 0.0118705 0.00927787 -0.0131926 -0.000612421 0.000457709 0.00155539 0.00998426 -0.00107119 -0.00965511 0.00193441 -0.00287153 0.00392775 0.00904335 -0.0149085 0.00304341 0.0036109 -0.00161383 -0.00773694 0.0169323 -0.00514874 -0.0113912 -0.0193458 -0.015567 0.0119398 0.0192586 0.0177441 0.00891628 0.0030649 -0.0134365 0.0155723 0.00838012 -0.00158711 -0.0214934 -0.0226491 -0.0168721 -0.0225848 0.0252482 -0.015399
internal_weight=478.699 328.031 230.143 150.668 82.5621 52.1539 33.1231 97.8882 86.3953 30.4081 211.319 195.947 183.46 43.1313 140.329 36.0497 104.279 62.2473 40.9039 42.0317 68.1062 17.6861 53.4599 33.1524 22.4519 18.8234 22.7221 19.0308 45.3841 21.3434 20.3075 19.149 32.9355 17.0085 30.9485 15.3725 31.7234 17.3396 14.6714 18.3636 35.8604 21.9666 15.7367 15.927 15.0882
internal_count=1301 890 625 411 225 142 90 265 234 83 574 532 498 117 381 98 283 169 111 114 186 48 145 90 61 51 62 52 124 58 55 52 89 46 84 42 86 47 40 50 98 60 43 43 41
is_linear=0
shrinkage=0.03


Tree=7
num_leaves=37
num_cat=0
split_feature=38 29 47 46 41 25 4 53 53 47 47 46 46 57 45 59 12 26 55 43 41 39 19 49 34 12 50 23 41 30 45 20 47 40 55 45
split_gain=6.30736 5.76472 6.87318 4.95404 4.7766 4.13615 4.88662 4.09512 5.35002 5.16957 6.71003 4.5805 6.06655 3.92835 4.16532 5.01029 3.52104 3.4639 3.3361 2.95271 5.25917 2.93177 2.7016 2.66765 2.51848 2.1291 2.10505 3.13824 2.06621 2.06283 2.00998 1.52033 1.45938 1.38512 0.811158 0.753875
threshold=-0.71249314717769341 0.73892769020725491 -0.14672657693654559 -0.83899703874552889 -1.031206930506009 -0.7415096324417747 0.36211341692579113 1.4896964696223387 -0.33611145028219497 0.63232949464776456 0.46729010871162463 1.7243468332028569 -0.096627373115098295 -0.56422382789011649 -0.31798674469097782 0.33773185147388385 -0.24548080757215981 0.97970856390645922 -0.14618921322122802 -1.4696445955951762 -0.71220238101703992 0.056730479054707482 0.46153525845395038 1.0000000180025095e-35 0.32886488690540056 -0.12185872841555664 -0.21849820900770453 1.0000000180025095e-35 0.2448112674498677 -1.3516504901147555 -0.62281538388249458 1.035659795000244 1.1343712357392521 -0.9731303717001264 -0.12357401722155446 0.2639398363093402
decision_type=2 2 2 2 2 2 2 2 2 2 2 2 2 2 2 2 2 2 2 2 2 2 2 2 2 2 2 2 2 2 2 2 2 2 2 2
left_child=5 3 18 26 25 6 17 8 13 10 11 12 -10 23 -15 22 -4 -1 -3 20 -7 -9 -16 -6 29 -5 27 -2 -26 -21 -27 -31 -11 -22 -28 -18
right_child=1 2 16 4 7 19 -8 21 9 32 -12 -13 -14 14 15 -17 35 -19 -20 24 33 -23 -24 -25 28 30 34 -29 -30 31 -32 -33 -34 -35 -36 -37
leaf_value=0.028484691760672344 0.0098181613905642326 -0.012350093171782798 0.0018050340478334328 -0.018333897558157161 0.011932453356954651 0.01977763175335821 -0.013684691022733918 0.030261580384419982 0.011387924023045152 -0.019756880377805919 0.029395909886623741 0.01784387711775625 -0.0067503653122612944 0.033733318888547047 -0.012904246267055665 0.024853196801550157 0.038295649922393295 -0.00064696297423596637 0.01265116460030106 -0.004019216142007587 -0.015735037301721551 0.0037130975738137242 0.010679810324359591 -0.01128106670550273 -0.012658061407156074 -0.010100505636092697 -0.0049125440073297189 -0.014600367369207695 0.0097189709296192882 -0.02520537729053058 0.0069554068773540799 -0.0053436042589607817 -0.00070925938530613732 0.00073725767120034797 -0.01993448002494325 0.016159074254427464
leaf_weight=6.6108980178833026 9.129978686571123 9.6814625859260577 5.8815246522426632 10.521360993385313 6.2419480681419346 6.2309353649616268 6.412411540746688 7.4230865836143485 20.231051921844482 12.844887197017671 5.9680465757846823 9.8498297035694105 67.640433758497238 8.3716710507869738 7.9693920612335223 8.9162860512733442 8.1290620267391187 5.8839229643344879 6.8470919728279105 9.5992761850357002 10.47458773851395 8.2953768968582136 6.5086500644683838 8.8668968379497528 5.8411960005760175 11.720695048570631 7.3162934780120876 6.9920374453067771 5.9114401340484619 22.41567841172219 10.015066951513292 6.1303492784500113 5.8952677845954886 6.1672950983047459 13.155671507120131 7.5199375748634329
leaf_count=22 31 33 20 36 21 21 22 25 68 44 20 33 229 28 27 30 27 20 23 33 36 28 22 30 20 40 25 24 20 77 34 21 20 21 45 25
internal_value=0 0.0021661 0.0128248 0.000478783 0.00223673 -0.00679312 0.00519328 0.00412386 0.00263926 -0.000644334 0.00198502 -4.76375e-05 -0.00238613 0.0110935 0.0168706 0.00892627 0.0234397 0.0157386 -0.00146943 -0.0100302 -0.000733121 0.0181432 -0.00191917 -0.00111803 -0.0140294 -0.00811213 -0.00947876 -0.000772898 -0.00112383 -0.0176613 -0.00204184 -0.0216194 -0.014558 -0.00974363 -0.0155409 0.0303519
internal_weight=383.611 291.933 38.0591 253.874 217.28 91.678 18.9072 185.023 169.304 122.43 103.689 97.7213 87.8715 46.8748 31.766 23.3943 21.5305 12.4948 16.5286 72.7708 22.8728 15.7185 14.478 15.1088 49.8979 32.2571 36.594 16.122 11.7526 38.1453 21.7358 28.546 18.7402 16.6419 20.472 15.649
internal_count=1301 988 128 860 735 313 64 625 572 414 350 330 297 158 107 79 72 42 56 249 78 53 49 51 171 110 125 55 40 131 74 98 64 57 70 52
is_linear=0
shrinkage=0.03


Tree=8
num_leaves=38
num_cat=0
split_feature=14 47 32 19 20 12 16 3 16 31 31 16 42 43 54 58 47 13 6 48 39 43 46 20 54 20 21 44 37 30 42 31 54 42 39 46 37
split_gain=24.6148 11.3871 5.37237 5.31165 5.03991 4.62116 4.44705 3.52662 3.54844 4.02307 3.70967 3.53548 3.47411 3.21245 3.18281 2.98458 3.91975 4.32524 3.88232 3.29558 2.84194 2.78257 2.59642 2.45744 2.44183 2.43148 2.23348 2.16818 2.09368 2.04619 2.0049 1.58695 1.48011 1.09954 0.859989 0.820794 0.617986
threshold=0.029994558375851157 -1.2881230599495297 0.51161105254744887 -1.3074641658274369 -0.79699419374302249 -0.21824708930714287 0.27451443487374599 -0.90793679365226854 -0.024694117265909019 -1.0279209383463594 -0.36821410244001085 -0.22798152593911553 1.2812085361322574 -0.72983611458011233 1.6219863329843645 -0.84553114790396355 -0.90762444152053223 -0.6863954108013347 0.063449019771402618 -0.34537879922368814 0.41983089652363698 0.54427849161249775 -0.096627373115098295 0.51204436964502487 0.55622573005823395 -0.535186481065413 -0.8302271271854853 0.33773515778930435 1.0000000180025095e-35 1.0000000180025095e-35 -0.97578484402685839 -0.80002221321507538 -0.826361296606274 0.57067358311920258 0.056730479054707482 -0.93268923094560952 1.0747123704496906
decision_type=2 2 2 2 2 2 2 2 2 2 2 2 2 2 2 2 2 2 2 2 2 2 2 2 2 2 2 2 2 2 2 2 2 2 2 2 2
left_child=1 27 5 26 -4 21 -6 14 11 30 32 22 13 35 28 -7 31 25 -19 -20 -15 29 34 -23 -24 -18 -3 -1 -5 -2 -10 -17 -11 -30 -9 -12 -28
right_child=2 3 4 7 6 15 -8 8 9 10 12 -13 -14 20 -16 16 17 18 19 -21 -22 23 24 -25 -26 -27 36 -29 33 -31 -32 -33 -34 -35 -36 -37 -38
leaf_value=0.0057024335391196298 0.012296737725481875 -0.0026212987735248672 -0.016487687276625258 -0.0015538423046665593 0.021431594262127464 0.02280661331453376 -0.0061328915859349886 0 -0.004116325416164847 -0.003896762184562994 -0.0010755369865192393 0.021566044037653546 -0.01812389936511789 -0.0038041344340952704 0.0047327473156001569 -0.013137672412244396 0.033639101153349935 0.016640640819682119 0.0071094048437273551 -0.017560737042973278 0.0088469128122418209 0.020388646965588116 0.018367076004750123 -0.0018085537837317113 -0.0032905168347811555 0.0062384635908890422 -0.022759923511182289 0.028783471167470338 -0.024180479344211844 0.037367353509074712 0.014991870998380889 0.0030036312696949253 -0.021345550483229635 -0.0075649784997938192 -0.014140296023380459 -0.014689749867204782 -0.0079894560755865689
leaf_weight=9.1767580509185809 7.3918161094188717 9.6903902590274793 10.244071930646898 8.1279933750629407 9.3412370979785937 10.24026772379875 8.7571865916252118 6.2840646803379085 6.6224651038646725 7.8192581236362484 6.8681375086307552 7.5944669842720023 12.115294665098189 33.409992814064026 6.8573015332221976 9.4438598453998583 7.7143587172031403 9.8755802810192161 7.9151537120342246 8.4626241922378558 27.602870941162109 8.3623374402523023 8.2187400460243207 6.9957622289657584 7.5549917519092551 6.3923514783382362 24.562633126974109 7.434417486190795 18.457718849182132 12.596607297658919 11.042478471994398 9.1532640159130079 18.123471677303314 8.0764062404632551 8.1614216268062574 15.251730024814604 6.8161738216876975
leaf_count=29 23 31 33 26 29 32 28 20 21 25 22 24 39 107 22 30 24 31 25 27 88 26 26 22 24 20 80 23 60 39 35 29 58 26 26 49 22
internal_value=0 -0.00509121 0.0105522 -0.00668126 -0.000810717 0.0136572 0.00833938 -0.00471227 -0.00276587 -0.00499988 -0.00697984 0.00516277 -0.00402254 -0.0016118 -0.0124697 0.00869138 0.00563544 0.0108094 0.00292873 -0.00570624 0.0018983 0.0224664 2.63552e-05 0.0106604 0.00826163 0.0234001 -0.0164663 0.0178921 -0.016094 0.0298809 0.00775377 -0.00526336 -0.0168055 -0.0200125 -0.00852111 -0.0110534 -0.0202448
internal_weight=408.756 275.869 132.886 259.258 28.3425 104.544 18.0984 218.189 176.669 138.856 121.191 37.8137 95.248 83.1327 41.5194 69.1975 58.9572 40.3601 26.2534 16.3778 61.0129 35.3465 30.2192 15.3581 15.7737 14.1067 41.0692 16.6112 34.6621 19.9884 17.6649 18.5971 25.9427 26.5341 14.4455 22.1199 31.3788
internal_count=1301 883 418 831 90 328 57 698 564 444 388 120 305 266 134 218 186 127 83 52 195 110 96 48 50 44 133 52 112 62 56 59 83 86 46 71 102
is_linear=0
shrinkage=0.03


Tree=9
num_leaves=49
num_cat=0
split_feature=3 44 25 15 55 46 1 45 28 54 16 14 37 26 50 55 29 46 29 46 46 29 60 53 53 55 58 26 46 43 40 33 44 53 55 47 45 45 32 49 34 33 54 34 32 16 19 44
split_gain=19.8021 8.22387 6.98707 5.67203 4.36256 4.37253 4.39998 6.16483 4.10841 3.78552 3.69269 7.08806 3.61611 3.57405 3.33076 3.83968 4.47925 3.46172 3.40087 3.02968 3.45909 2.93175 2.90414 2.70809 4.41673 3.82118 3.18013 2.88445 2.57856 2.40938 2.37407 2.24583 2.21254 2.18693 2.10428 2.02801 1.87761 1.84779 1.67194 1.58018 1.45388 1.19757 0.684637 0.362721 0.689625 0.162489 0.112017 0.0684211
threshold=-0.099938161957900687 -0.89964428542073438 -0.36788297411228221 1.075322520166337 0.49426812197305148 -0.021201738862098366 0.15917582036820374 0.21805180034894062 1.1526560283740481 0.56686165535455113 -0.47801565955336117 -0.14493029477455263 0.13531124961836907 -0.30610024451592605 -0.64230166770173913 1.0000000180025095e-35 1.0000000180025095e-35 -0.45274193889349085 -0.33091735287126595 -0.93268923094560952 0.51557815374853022 -1.0441473815902795 531.00000000000011 -0.33611145028219497 0.88109382965416072 -0.35200787122460503 -0.84553114790396355 0.7225468022219822 0.17314679108742106 0.95528320328753347 -0.83654120449738645 1.0000000180025095e-35 -0.21908559165521319 1.0000000180025095e-35 0.32917942343404122 -0.33174204706956362 -0.082960175730035557 -0.76183720373818964 0.51161105254744887 -0.2194434652537364 -0.36495954632607858 -0.60244676187590573 -0.89340525930670422 1.0000000180025095e-35 -0.49733934618566072 0.40212593853834427 -0.95366428097115963 1.0000000180025095e-35
decision_type=2 2 2 2 2 2 2 2 2 2 2 2 2 2 2 2 2 2 2 2 2 2 2 2 2 2 2 2 2 2 2 2 2 2 2 2 2 2 2 2 2 2 2 2 2 2 2 2
left_child=1 10 22 8 5 13 7 12 14 -5 41 36 -7 47 42 16 38 -18 29 30 -21 31 23 25 26 32 -25 34 -24 37 -13 -6 -3 -9 -28 43 -12 -17 -16 -29 -19 -1 -4 44 -23 -15 -20 -2
right_child=4 2 3 9 21 6 -8 33 -10 -11 11 19 -14 45 15 18 17 40 46 20 -22 35 28 24 -26 -27 27 39 -30 -31 -32 -33 -34 -35 -36 -37 -38 -39 -40 -41 -42 -43 -44 -45 -46 -47 -48 -49
leaf_value=0.012187493177597578 -0.01326595628604464 -0.0052122222513932516 -0.025114608982159409 0.022188261075807566 -0.013738670817771354 0.026314219543925009 -0.01480659685305058 0.0013976475174580613 0.0092445439152299604 -0.0033062640136999649 0.0023431038749068588 0.013968270129677196 0.0021172953624867073 0.0010821060464687438 0.017009917381659276 0.0010346074570906378 -0.020553126642254598 -0.006129786368327967 -0.011583874761328893 0.029677312540614481 0.0033350789631626382 -0.020747426717277265 0.024921742391651205 0.026278798147601059 -0.0069593880961914927 -0.014986035752347674 -0.011431455376774671 0.002091642356781857 0.0020190944488938556 0.0084714060595470885 -0.0064831621601542464 0.0039032827242001752 0.014794947711767686 -0.017926759486383149 0.0083419036340875302 -0.0048391805763856512 -0.016577714929253386 -0.016445871760366541 9.5455647710631562e-05 0.020246581478561475 0.0103434335738843 0.033690416499954447 -0.010595344107547195 -0.028356160062120842 -0.0065223287046453976 -0.0043736129812888139 -0.025809785922343446 -0.02782865483060952
leaf_weight=8.1599565148353594 8.3798624277114886 7.37692511081696 7.6875213086605099 11.126663684844972 11.338515728712084 11.826408445835115 10.588586360216139 11.363396018743517 14.355444014072416 7.7553807199001303 7.7266454696655265 9.6349032223224658 11.027992218732832 7.3229688107967359 13.654265850782396 8.0837197005748767 8.8062484264373797 8.8150090277194995 7.3540126979351035 15.585829496383669 7.3893491029739371 13.846819549798964 12.584271490573885 10.359548479318617 12.162748992443083 11.773497879505156 8.4740899503231066 7.7432179450988761 7.747087061405181 8.4710384011268598 7.7508373558521262 11.346962273120878 9.5843166410923004 7.3206410408020011 7.7548136711120597 9.5108879208564741 8.0918680727481824 11.378226399421694 9.1910225450992566 13.294210284948351 7.3774676322937003 8.1702221333980543 14.336642712354658 13.807708859443663 8.0444965064525622 7.3251554369926453 8.4197826385498029 7.2960339188575736
leaf_count=22 23 20 21 30 31 32 29 31 39 21 21 26 30 20 37 22 24 24 20 42 20 38 34 28 33 32 23 21 21 23 21 31 26 20 21 26 22 31 25 36 20 22 39 38 22 20 23 20
internal_value=-1.33698e-05 0.00410301 0.00151756 -0.00271612 -0.00898991 -0.00413141 0.00108269 0.00564734 -0.00504053 0.0119499 0.0129227 0.0086838 0.0157343 -0.0129116 -0.00699522 -0.00423896 0.00153134 -0.00691471 -0.0105294 0.0152474 0.0221738 -0.0145867 0.00724121 0.00463687 0.00823351 -0.00268545 0.0123296 0.00743042 0.0172081 -0.00358134 0.00474224 -0.00497153 0.00605178 -0.00664619 -0.00173816 -0.0189684 -0.00758681 -0.00934447 0.0108766 0.0144145 0.00127708 0.0252114 -0.0171966 -0.0222244 -0.01653 -0.00142744 -0.0211066 -0.0222316
internal_weight=478.523 328.177 255.667 146.812 150.346 82.451 52.127 41.5384 127.93 18.882 72.5096 56.1794 22.8544 30.324 113.575 91.5508 47.844 24.9987 43.7068 40.3609 22.9752 67.8954 108.855 88.5234 59.7886 28.7347 47.6259 37.2663 20.3314 27.933 17.3857 22.6855 16.9612 18.684 16.2289 45.2099 15.8185 19.4619 22.8453 21.0374 16.1925 16.3302 22.0242 35.699 21.8913 14.6481 15.7738 15.6759
internal_count=1301 890 694 399 411 225 142 113 348 51 196 152 62 83 309 249 130 68 119 109 62 186 295 240 162 78 129 101 55 76 47 62 46 51 44 124 43 53 62 57 44 44 60 98 60 40 43 43
is_linear=0
shrinkage=0.03


Tree=10
num_leaves=37
num_cat=0
split_feature=38 29 47 46 41 25 1 12 12 47 46 12 26 19 45 46 39 39 49 43 41 47 34 12 50 20 30 41 45 20 31 27 55 47 45 42
split_gain=6.01099 5.51666 6.55746 4.79175 4.61382 4.01521 4.69667 3.94048 4.6433 4.19681 3.59846 3.3103 3.30781 3.26716 2.97948 3.7662 2.97708 3.48527 5.46242 2.89308 5.0715 2.72634 2.4664 2.0646 2.04698 2.06602 2.01792 2.00508 1.9303 1.49514 1.36959 0.792955 0.792243 0.757728 0.647714 0.0754096
threshold=-0.71249314717769341 0.73892769020725491 -0.14672657693654559 -0.83899703874552889 -1.031206930506009 -0.7415096324417747 0.33967590081719051 -1.7397204293672555 -1.8509416872195115 0.63232949464776456 -0.59164835495754609 -0.24548080757215981 0.97970856390645922 0.10773537359767285 1.1726070430445483 0.14802227577939339 -1.077958325535697 -0.14427153775844978 -0.42990859484836313 -1.4696445955951762 -0.71220238101703992 -0.17158172990819129 0.32886488690540056 -0.12185872841555664 -0.21849820900770453 1.0000000180025095e-35 -1.3516504901147555 0.2448112674498677 -0.62281538388249458 1.035659795000244 0.4645586826261851 0.86051465813719885 -0.12357401722155446 -1.3788448626423115 0.2639398363093402 0.44528506199925155
decision_type=2 2 2 2 2 2 2 2 2 2 2 2 2 2 2 2 2 2 2 2 2 2 2 2 2 2 2 2 2 2 2 2 2 2 2 2
left_child=5 3 13 24 23 6 12 8 -6 10 -9 -4 -1 -3 35 -16 33 18 -18 20 -7 -19 26 -5 25 -2 -21 -24 31 -28 -22 -25 -26 -12 -13 -11
right_child=1 2 11 4 7 19 -8 9 -10 14 16 34 -14 -15 15 -17 17 21 -20 22 30 -23 27 28 32 -27 29 -29 -30 -31 -32 -33 -34 -35 -36 -37
leaf_value=0.027781636684189155 0.008061990714892742 0.0094520372973712387 0.0017717381115649007 -0.018128078935054675 -0.00068709889072043819 0.019390856561475846 -0.01346508009855767 0.020122408952366621 0.032404138852640429 -0.0084912748650247047 -0.00091526031491374438 0.036953341520606205 -0.00061632391446399465 -0.015142880477424986 0.01751648760521873 -0.011447199373969307 0.022750097419053737 -0.0047322683788567207 0.0022268554059989513 -0.0039487394786627559 -0.015554091159752618 0.0065771034985407624 -0.012486642760856492 -0.016623318216223929 -0.0048430761567731942 -0.011672603961841419 -0.024988994601551968 0.0095752862450797904 0.0067460742088456234 -0.00524934622292356 0.00084357461091039599 -0.00050710125900593707 -0.019734425359140034 -0.016795339447642627 0.01581470946880149 -0.02161003719555803
leaf_weight=6.6882834732532519 8.8166969716548937 9.2020251452922839 5.8866725862026241 10.417876094579695 5.8896774649620056 6.2778231799602535 6.3514887988567343 11.154272258281706 7.5638778507709485 5.8225291073322314 5.9307186603546143 8.2847029864788038 5.8781815767288208 7.3227236270904532 5.9471583366394025 7.2391358911991119 18.857750564813614 40.239237993955605 29.98267588019371 9.5783204436302132 10.392647713422777 33.873787671327598 5.7989549636840803 5.8050351440906507 7.2996583878994015 7.3024900555610648 22.106597989797599 5.9311246871948242 10.062164515256883 6.1110383570194236 6.1473933160305014 5.8596712946891785 13.024830162525175 5.8540293872356397 7.570602983236312 6.968371719121933
leaf_count=22 30 31 20 36 20 21 22 37 25 20 20 27 20 25 20 25 63 136 101 33 36 114 20 20 25 25 77 20 34 21 21 20 45 20 25 24
internal_value=2.6925e-07 0.00211859 0.0125147 0.000464024 0.00218913 -0.00664154 0.00515309 0.00403892 0.0189005 0.00268752 0.00469972 0.0228085 0.0154223 -0.00146718 -0.00803466 0.00166205 0.00317143 0.00461525 0.010712 -0.00984912 -0.000646008 0.000385328 -0.013828 -0.00800169 -0.00935153 -0.000770459 -0.0174472 -0.00105701 -0.0020307 -0.0213967 -0.00956362 -0.00996346 -0.0153615 -0.010261 0.029445 -0.0175762
internal_weight=383.44 292.178 38.2667 253.912 217.468 91.2619 18.918 185.323 13.4536 171.87 145.892 21.742 12.5665 16.5247 25.9772 13.1863 134.738 122.953 48.8404 72.3439 22.8179 74.113 49.526 32.1447 36.4437 16.1192 37.796 11.7301 21.7269 28.2176 16.54 11.6647 20.3245 11.7847 15.8553 12.7909
internal_count=1301 988 128 860 735 313 64 625 45 580 491 72 42 56 89 45 454 414 164 249 78 250 171 110 125 55 131 40 74 98 57 40 70 40 52 44
is_linear=0
shrinkage=0.03


Tree=11
num_leaves=43
num_cat=0
split_feature=14 48 19 32 20 12 33 12 25 43 52 27 28 41 15 55 55 46 40 43 33 43 20 38 21 44 34 30 2 36 44 56 25 36 58 24 24 36 40 24 33 37
split_gain=23.2651 10.8264 5.14187 5.10804 4.83994 4.32758 3.50687 4.68353 4.71304 4.47474 4.31896 6.56312 5.03433 4.85334 4.1128 3.91688 4.58431 3.24704 2.94162 4.51696 3.69737 2.61426 2.35477 2.23313 2.18046 2.04405 1.96647 1.88883 1.76044 1.75833 1.71762 2.13503 1.63651 1.63404 1.5604 1.45491 1.29374 1.05012 0.870748 2.00519 0.796141 0.628454
threshold=0.029994558375851157 -1.3286572504363161 -1.3074641658274369 0.51161105254744887 -0.79699419374302249 -0.21824708930714287 0.36683343449206246 -0.1099641721610798 -0.36788297411228221 -0.35993187407258037 1.0315478480852267 1.0000000180025095e-35 -1.1772092017404867 0.56381581693883687 1.3511377057329981 0.76807570413805493 -0.13692996455599205 -0.3874093993184462 -0.29018453568642755 0.24287503638413829 0.57453633371377011 0.54427849161249775 0.51204436964502487 0.22120873201962213 -0.8302271271854853 0.33773515778930435 -0.24251994046170008 1.0000000180025095e-35 -0.80989470963236332 -0.27002784758682591 -0.21908559165521319 1.0000000180025095e-35 1.1266236592056886 -1.0000000180025095e-35 1.0000000180025095e-35 1.0000000180025095e-35 -0.64943616159482009 -0.51927098900621538 -0.69995203729464661 -0.26169676984682394 0.76060351426654993 1.0747123704496906
decision_type=2 2 2 2 2 2 2 2 2 2 2 2 2 2 2 2 2 2 2 2 2 2 2 2 2 2 2 2 2 2 2 2 2 2 2 2 2 2 2 2 2 2
left_child=1 25 24 5 -5 21 7 8 33 -10 12 -12 13 -9 15 16 17 40 26 34 28 27 -23 -6 -3 -1 -7 -2 -21 -18 38 37 -19 35 -20 -4 -33 -32 39 -14 -8 -26
right_child=3 2 6 4 23 18 14 10 9 -11 11 -13 30 -15 -16 -17 29 32 19 20 -22 22 -24 -25 41 -27 -28 -29 -30 -31 31 36 -34 -35 -36 -37 -38 -39 -40 -41 -42 -43
leaf_value=0.0055018079899675741 0.01191173146002427 -0.0025247248511629421 -0.00037588165746537332 -0.016295263010309799 -0.0044991375378174636 0.025014601172884746 -2.1679391951868589e-05 -0.01086121201457086 -0.0037291473244667906 0.026475730360922021 -0.012613461727763422 0.021290853340437278 0 0.020590317378581923 -0.018072370289535507 -0.012794116834000859 0.0066174331791867607 0.02015884586406963 0.0026671080898551351 0.0067071277789107842 -0.0032524006250110094 0.019757871022066685 -0.0018925627021352581 0.015498702977215581 -0.02249805962668372 0.027845671811420534 0.0027889122883961179 0.035985546338100582 0.025695640864739962 0.03084737846994676 -0.0036866924415600408 0.0057623844685235452 0 0.0026697437780797265 -0.013153841506700839 -0.018306718088248727 -0.0079613499804336903 -0.01987280254798262 -0.023928867410220916 -0.021752095709028967 -0.015065265569914695 -0.0077243674499609272
leaf_weight=9.2142663300037402 7.4438670873641994 9.6667358577251417 7.7592951059341457 10.17185488343239 6.6861498653888729 11.937457203865053 6.5554555058479291 8.1155712604522687 6.5495831072330466 8.9305191338062269 9.2856591045856494 8.2399725914001447 7.4105129539966583 6.5842958986759177 6.4014465510845175 7.445880949497222 6.3404955267906189 6.6334086954593676 8.2642150521278399 10.517566382884981 9.8369089066982252 8.4465700984001142 7.0100663602352133 11.499558448791502 24.275769352912906 7.5352741777896872 6.3394919335842124 12.80966806411743 11.243993759155275 7.6633144319057447 6.5455695986747768 7.4822008311748531 6.3221046924591064 11.254473716020586 11.356169193983076 9.3335160315036756 17.09851348400116 18.815272927284241 24.070683360099792 6.1355127990245801 6.590703010559082 6.7605467140674582
leaf_count=29 23 31 25 33 21 37 21 26 21 28 30 26 24 21 21 24 20 21 26 33 31 26 22 36 80 23 20 39 35 24 21 24 20 36 36 30 55 61 78 20 21 22
internal_value=7.66087e-07 -0.00496953 -0.00653162 0.0102209 -0.000855738 0.0132328 -0.00459589 -0.00677591 0.0014645 0.0141423 -0.00982127 0.00343367 -0.0121676 0.00345814 0.00191125 0.00519419 0.00901893 0.00103938 0.00842482 0.0043273 0.0112149 0.0217117 0.0102861 0.00805893 -0.0162051 0.0173452 0.0184051 0.0288449 0.0178005 0.0219655 -0.0148724 -0.0104136 0.0112588 -0.00562046 -0.00648974 -0.0111767 -0.00346273 -0.0163578 -0.0200123 -0.0109623 -0.00874381 -0.0199688
internal_weight=408.58 275.017 258.267 133.564 28.3576 105.206 217.564 163.611 43.8274 15.4801 119.784 17.5256 102.258 14.6999 53.9528 47.5514 40.1055 26.1017 69.4958 51.2189 31.5985 35.7102 15.4566 18.1857 40.7031 16.7495 18.2769 20.2535 21.7616 14.0038 87.5583 49.9416 12.9555 28.3473 19.6204 17.0928 24.5807 25.3608 37.6167 13.546 13.1462 31.0363
internal_count=1301 883 831 418 90 328 698 526 140 49 386 56 330 47 172 151 127 83 218 161 99 110 48 57 133 52 57 62 68 44 283 161 41 91 62 55 79 82 122 44 42 102
is_linear=0
shrinkage=0.03


Tree=12
num_leaves=49
num_cat=0
split_feature=3 38 42 43 46 16 19 4 16 46 39 45 54 33 5 33 50 19 56 31 54 38 45 14 53 40 54 24 20 53 56 46 42 46 43 49 27 0 20 27 50 43 34 41 30 40 19 41
split_gain=18.7767 8.27948 5.92628 5.39902 4.2372 3.73343 5.59185 3.66081 5.13493 4.45884 5.34181 4.393 3.61433 3.49094 3.64092 4.49168 3.46468 4.00457 3.44912 3.21997 3.24322 2.94151 2.9197 3.44979 2.66642 2.55716 2.51978 5.42395 3.16123 2.82165 2.34753 2.04146 1.98422 1.8328 1.88667 1.68294 1.66849 1.62398 1.40796 1.20935 1.18883 1.09727 0.968722 0.628177 0.517011 0.496175 0.298894 0.12816
threshold=-0.099938161957900687 -0.71249314717769341 1.5319855783721592 1.0000000180025095e-35 1.6484797525740582 -1.1004609328145174 -0.83573098601906703 1.0000000180025095e-35 1.2050390783064608 0.42875211074322861 -0.44253259496507052 0.20199545630518687 -0.59356325651434239 -0.21204223833880748 -0.12996003219713267 1.3361136308600312 0.20530524968633007 1.4050016180706906 -0.79917260807700286 1.0000000180025095e-35 -0.69094781137990768 0.46596553530435536 -0.082960175730035557 -0.72057028958485836 -0.33611145028219497 0.79277243284958088 0.032389243545628395 -0.26169676984682394 1.035659795000244 1.0000000180025095e-35 1.0000000180025095e-35 0.11130583920939817 -0.22345371730715313 -1.0495979861916724 -1.0997403550876441 -0.2194434652537364 0.14570163294303992 -0.60190269755779402 -0.79699419374302249 -0.4102640533190835 1.0000000180025095e-35 0.24287503638413829 0.81862331036291536 1.0000000180025095e-35 0.38800057762403822 0.10440639178815413 -0.12813121630651214 1.0000000180025095e-35
decision_type=2 2 2 2 2 2 2 2 2 2 2 2 2 2 2 2 2 2 2 2 2 2 2 2 2 2 2 2 2 2 2 2 2 2 2 2 2 2 2 2 2 2 2 2 2 2 2 2
left_child=1 5 13 -4 7 43 33 8 9 10 12 25 -2 16 15 19 17 26 -17 20 31 37 24 -24 -8 45 29 46 30 32 -29 -15 -3 -7 -35 -13 -22 -16 -12 -9 -6 -21 -18 -1 -40 -11 -28 -41
right_child=4 2 3 -5 40 6 22 39 -10 11 38 35 -14 14 21 18 42 -19 -20 41 36 -23 23 -25 -26 -27 27 28 -30 -31 -32 -33 -34 34 -36 -37 -38 -39 44 47 -42 -43 -44 -45 -46 -47 -48 -49
leaf_value=0.030027436614597631 -0.0074921695237223944 0.00084843889359785844 0.033182340626875084 0.0013768800668754427 -0.010359346216366076 0.0063633919769896857 -0.0018432608947094226 -0.0044073938241243364 -0.020047937655776005 0.010459716923534501 -0.0047797048241795216 -0.013380685307942397 0.014525557563509808 0.0082450261640414982 -0.0080817546463933538 0.00073318727789191277 0.022079890103703651 0.019059163630067027 -0.02551862498563915 0.00028222472910702554 0.0062779773268488758 0.0024088840875601115 0.0040578830155859084 -0.017998625238327643 0.01769925819387988 0 -0.010355510024473245 0.0031773772341643814 0.015979909551430298 -0.004814077635098969 -0.011776586982708805 -0.010612538983584063 0.021513063849856708 0.029566758763870545 0.007683352083082017 0.0033997280057462336 0.025830340335257763 -0.025562186915358189 -0.010885944995589441 -0.023398096549100428 -0.028797924190186629 -0.014600197942472928 0.0050921998651023521 0.013763246432328617 -0.028219429423486979 0.027362047361246287 -0.025045250904206458 -0.010476304339279038
leaf_weight=8.5822248160839099 12.795070439577101 8.0931518375873583 7.8011071085929897 11.083390802145002 9.8016189336776751 12.983052730560301 11.036917209625246 8.3991207778453845 13.419861674308775 7.3688788712024706 8.4236353933811206 8.3870591819286346 10.988631725311281 9.2008381187915784 12.866142690181732 7.3396863341331473 8.128877252340315 8.1265588998794538 8.3849235177040082 7.3679555654525739 10.340792685747152 7.722038507461547 11.801454126834871 10.660935193300245 11.10777288675308 7.6933456659317008 8.0906549394130689 19.901628732681274 8.1239860057830793 12.161591351032255 15.083960443735121 8.4100621342658979 9.2459070086479205 12.294471710920332 7.7856009304523495 9.8991470336914062 8.5079509019851667 11.68539622426033 7.3024308979511252 12.346859037876131 10.1224028468132 7.3254965543746948 7.7512969970703116 11.909461081027983 8.014183968305586 7.7719985246658325 7.3478844165801993 7.2701997160911551
leaf_count=23 35 22 21 30 27 35 30 23 37 20 23 23 30 25 35 20 22 22 23 20 28 21 32 29 30 21 22 54 22 33 41 23 25 33 21 27 23 32 20 34 28 20 21 32 22 21 20 20
internal_value=-1.6591e-05 0.00398758 0.000825235 0.0162848 -0.00877121 0.0112159 0.00781227 -0.00657467 -0.0037426 -0.000915054 -0.00712787 0.00612264 0.00270147 -0.00063393 -0.00472079 -0.00055891 0.00294404 0.00064088 -0.0139201 0.00371396 0.00848013 -0.0127596 0.0006319 -0.00663141 0.00820647 0.0145676 -0.00128283 -0.00490314 0.000593797 0.00559823 -0.00332464 -0.000572565 0.0130217 0.0168782 0.0224838 -0.00442438 0.0166519 -0.0176247 -0.0167883 -0.0159742 -0.0213675 -0.00743209 0.0152883 0.0224313 -0.0220203 0.0211808 -0.0193 -0.0199777
internal_weight=478.258 328.253 230.091 18.8845 150.004 98.1619 77.6702 130.08 102.064 88.6444 47.524 41.1204 23.7837 211.207 99.1513 66.8777 112.055 96.1753 15.7246 51.1531 36.4596 32.2736 44.6071 22.4624 22.1447 22.8342 88.0488 58.5481 43.1096 29.5007 34.9856 17.6109 17.3391 33.0631 20.0801 18.2862 18.8487 24.5515 23.7403 28.0162 19.924 14.6935 15.8802 20.4917 15.3166 15.1409 15.4385 19.6171
internal_count=1301 890 625 51 411 265 210 356 279 242 130 112 65 574 270 182 304 261 43 139 99 88 121 61 60 62 239 159 117 80 95 48 47 89 54 50 51 67 65 77 55 40 43 55 42 41 42 54
is_linear=0
shrinkage=0.03


Tree=13
num_leaves=41
num_cat=0
split_feature=38 29 47 46 39 25 10 54 49 24 46 46 28 34 55 36 46 17 47 55 43 41 45 33 34 37 40 30 34 37 30 50 23 20 31 61 20 55 47 47
split_gain=5.73246 5.25769 6.22467 4.62893 4.46376 3.87849 4.50307 3.22278 5.10691 4.91592 5.534 3.6787 3.5752 5.11452 5.07857 4.64876 4.12821 3.51188 3.20827 3.16801 2.84499 4.88262 2.66735 2.4131 2.39618 2.31834 2.136 2.12771 2.87788 2.08177 1.99702 1.98064 3.00801 1.47197 1.34156 1.08147 0.993446 0.772986 0.657263 0.231034
threshold=-0.71249314717769341 0.73892769020725491 -0.14672657693654559 -0.83899703874552889 -1.077958325535697 -0.7415096324417747 -0.44287894654641363 0.98158219821040904 -0.2194434652537364 0.9015214053971653 -0.043237886699974921 0.7723370185420938 0.78478257098754278 0.41049129081498653 1.5373978714077026 0.40846737072151201 0.18691277517463759 -0.4072806925179005 0.49549063121229364 -0.14618921322122802 -1.4696445955951762 -0.71220238101703992 1.121901743533263 0.36683343449206246 0.32886488690540056 -0.58936961502293583 0.52935046753001136 1.1335653209406644 0.1656120790862288 0.85999211425967437 -1.3516504901147555 -0.21849820900770453 1.0000000180025095e-35 1.035659795000244 0.4645586826261851 445.00000000000006 -1.0000000180025095e-35 -0.12357401722155446 -1.4380268397786569 0.63232949464776456
decision_type=2 2 2 2 2 2 2 2 2 2 2 2 2 2 2 2 2 2 2 2 2 2 2 2 2 2 2 2 2 2 2 2 2 2 2 2 2 2 2 2
left_child=5 3 19 31 25 6 -1 9 22 12 -11 -12 13 15 27 16 -6 -15 -4 -3 21 -7 -9 -17 30 26 -5 28 -14 -26 -22 32 -2 -32 -23 39 -8 -33 -27 -10
right_child=1 2 18 4 7 20 36 8 35 10 11 -13 14 17 -16 23 -18 -19 -20 -21 24 34 -24 -25 29 38 -28 -29 -30 -31 33 37 -34 -35 -36 -37 -38 -39 -40 -41
leaf_value=-0.013263117438160622 0.0095081003733258548 -0.012148297610569294 0.029659281276584386 0.012179354722309955 0.0067318018204929114 0.019009518035432653 0.003855848264014119 -0.0018562682177769697 -0.0086167728192204102 0.037730709724147209 -0.0095936864826936721 0.019587698921882349 0.0076599797311006565 0.00061850226379309224 0.012065354914087719 0.004762879844629587 -0.0091566185168067381 0.029180012725124854 0.0037126664745248446 0.012192303664821507 -0.0038085878600582291 -0.015340163479881984 0.021331168804147014 0.026285345477334028 0.0098454548745080788 -0.004651055066835625 -0.0099540526804430922 -0.01952681101295797 -0.016774699504453032 -0.012639864229637338 -0.024790105670571407 -0.0047682827343141394 -0.014411649711358556 -0.0051622760162052788 0.00090587954766643234 -0.0018291196598207529 0.02251764356062555 -0.019524404057941102 -0.020387287345868265 -0.021942823931091721
leaf_weight=6.2951877415180233 9.1912118196487445 9.6054394245147723 14.715507864952089 6.2051462829113024 26.615160405635834 6.3242703378200558 6.2901741266250619 8.5630078911781293 7.3899606764316577 7.27945747971535 6.1971972584724409 6.2507796585559845 8.8950910866260546 6.1840476691722897 10.743912756443022 12.562807321548464 29.12955230474472 11.769994974136351 7.2510725855827323 6.9137810170650473 9.5365780889987892 10.293958574533464 6.5783742666244498 8.064208656549452 5.892968147993086 5.8717306554317465 6.4239703416824341 12.302798718214033 5.8465474545955649 5.833094596862793 21.813138991594322 7.2818966805934933 6.9336051642894736 6.0925112962722769 6.1357964277267447 7.3814866840839377 6.359237372875211 12.88529187440872 9.872033089399336 7.5384419858455658
leaf_count=22 31 33 48 21 89 21 21 29 25 24 21 21 30 21 36 42 99 39 24 23 33 36 22 27 20 20 22 42 20 20 77 25 24 21 21 25 21 45 34 26
internal_value=9.40644e-08 0.00206417 0.0121819 0.000444882 0.00213663 -0.00650356 0.00506837 0.00383368 -0.00383904 0.00578431 0.0192784 0.00516028 0.00353065 0.00664906 -0.00405737 0.00299442 -0.0014883 0.020457 0.0221349 -0.00146115 -0.00967464 -0.000547065 0.00887195 0.0146598 -0.013639 -0.00860858 0.000634724 -0.0109701 -0.00231565 -0.00105112 -0.0172349 -0.00922491 -0.000788039 -0.0211908 -0.00937013 -0.0127332 0.0150543 -0.0151722 -0.0157814 -0.0171004
internal_weight=383.31 292.444 38.4858 253.958 217.666 90.8669 18.9446 189.293 37.4513 151.842 19.7274 12.448 132.114 94.3258 37.7884 76.3717 55.7447 17.954 21.9666 16.5192 71.9223 22.754 15.1414 20.627 49.1683 28.3729 12.6291 27.0444 14.7416 11.7261 37.4422 36.292 16.1248 27.9057 16.4298 22.3099 12.6494 20.1672 15.7438 14.9284
internal_count=1301 988 128 860 735 313 64 638 127 511 66 42 445 317 128 257 188 60 72 56 249 78 51 69 171 97 43 92 50 40 131 125 55 98 57 76 42 70 54 51
is_linear=0
shrinkage=0.03


Tree=14
num_leaves=44
num_cat=0
split_feature=14 47 19 32 20 16 54 45 46 33 28 34 24 33 3 46 14 54 2 36 19 14 36 31 46 47 20 29 22 44 37 47 43 47 47 60 39 54 56 61 37 18 45
split_gain=21.9463 10.3979 4.99638 4.87003 4.66181 4.23574 4.05548 5.20298 4.47354 5.0772 4.56657 4.10167 3.67537 3.35637 3.78995 3.7455 2.94365 3.87953 2.63767 2.55743 2.23532 3.58035 5.04203 3.03774 2.92203 2.85388 2.68965 2.02512 1.94874 1.93506 1.6916 1.65247 1.57803 2.13731 1.32154 1.28825 1.08789 1.08453 0.832975 0.686077 0.617005 0.347685 0.330631
threshold=0.029994558375851157 -1.2881230599495297 -1.3074641658274369 0.51161105254744887 -0.79699419374302249 0.27451443487374599 0.7099748687501416 0.28576383772141151 0.04341281541655586 1.0000000180025095e-35 1.1526560283740481 -0.24251994046170008 -0.26169676984682394 0.36683343449206246 -0.90793679365226854 0.75356066583492154 -0.84205083739085673 -0.7528203642834187 -0.8879007124726207 -0.27002784758682591 -0.36399780621069711 -0.45547559301722645 -0.51927098900621538 0.2794980637225859 -0.62054011855481206 1.2295104436431312 1.0000000180025095e-35 -1.0441473815902795 1.0000000180025095e-35 0.33773515778930435 -0.38806937484479548 -0.21068390011643165 0.95528320328753347 1.6562810900460998 0.31932041534131461 430.00000000000006 0.10450684977430362 -0.13916351364920251 1.0000000180025095e-35 455.50000000000006 1.0747123704496906 0.65205722897980645 -1.2958505787151369
decision_type=2 2 2 2 2 2 2 2 2 2 2 2 2 2 2 2 2 2 2 2 2 2 2 2 2 2 2 2 2 2 2 2 2 2 2 2 2 2 2 2 2 2 2
left_child=1 29 28 6 -5 -6 7 8 11 37 18 35 -9 15 -15 20 -16 19 -11 -18 25 24 -23 -24 26 27 38 -4 -3 -1 -17 -19 33 -26 -33 -2 -29 -10 -22 -38 -30 -20 -37
right_child=3 2 13 4 5 -7 -8 12 9 10 -12 -13 -14 14 16 30 17 31 41 -21 21 22 23 -25 32 -27 -28 36 40 -31 -32 34 -34 -35 -36 42 39 -39 -40 -41 -42 -43 -44
leaf_value=0.0053986078940426105 0.037249495675848905 -0.0030905110963312106 0 -0.016133693628650855 0.020475390732668512 -0.0062975127885336133 -0.004967849810755303 0.0099721939141221259 0.026053845591291244 0.0047532186035343527 0.015317769405353969 0.001461015379067186 0.037592657694248965 -0.015835333332733181 0.021368374567930237 0.016288306095227387 0.00032829747769463419 -0.018048574713936859 -0.0076150963319772634 0.022709002374908076 0 -0.013480207575004434 0 0.024381335547915516 -0.01918886054048179 0.0029485609094142412 0.013951641825766425 -0.022304481217729905 -0.022185108206648572 0.027126896874399994 -0.0028823652095901469 0.0069911794118423243 0 0 -0.0091644653687554031 0.0075432922851199607 -0.014073244708714345 0.005992122989820596 -0.013951112645807165 -0.0016130907542762686 -0.0075239080555118921 -0.020812773543979441 0.021618024212170243
leaf_weight=9.2332858443260211 7.1723382472992006 9.942627549171446 7.4841618537902823 10.109761506319048 9.4783525764942187 8.7947952747344953 9.2966012954711896 9.4030140340328234 6.7851538956165314 6.7252527773380271 7.4335995912551871 9.5964264273643476 12.468874931335447 7.5377879440784445 7.0082842409610739 7.3078150153160095 10.119889318943025 6.1914225220680246 7.9182238280773261 7.9541268646717063 7.4068489372730273 7.7982152700424221 8.4215654432773608 8.820466071367262 27.182950854301453 8.3349715471267682 7.1611000299453726 22.659199088811874 23.695045650005344 7.6119132041931143 6.2632663547992689 7.9306066334247589 7.5148990750312796 6.4328052103519431 7.2187794744968414 6.8382589519023922 16.904477953910831 6.4209226667880994 6.1474764347076416 7.0939053595066062 6.7178398072719565 8.2975793182849866 7.4824789166450456
leaf_count=29 22 32 24 33 29 28 29 29 21 21 23 30 38 25 22 23 32 20 25 25 24 25 27 28 88 27 23 74 79 23 20 25 24 21 23 21 55 20 20 23 22 26 23
internal_value=4.69348e-06 -0.00484369 -0.00638462 0.00989396 -0.000915369 0.00778604 0.0128209 0.0146449 0.010371 0.00376274 -0.00293952 0.0188507 0.0273771 -0.00447755 0.00188257 -0.00661836 0.00529026 0.0016062 -0.00967794 0.0114697 -0.00801636 -0.00466353 0.00456403 0.0134709 -0.00851391 -0.0123667 0.000422076 -0.0148482 -0.0159632 0.0169594 0.00763633 -0.00668939 -0.0130118 -0.0156838 -0.00047881 0.0257522 -0.0171049 0.0183137 -0.00700529 -0.0109369 -0.0196405 -0.0158974 0.0166289
internal_weight=408.317 274.096 257.251 134.222 28.3829 18.2731 105.839 96.5421 74.6702 43.5807 30.3747 31.0895 21.8719 216.895 53.9609 162.934 46.4231 39.4148 22.9411 18.074 149.363 86.8863 25.0402 17.242 61.8461 62.4767 20.7154 54.1417 40.3555 16.8452 13.5711 21.3408 41.1307 33.6158 15.1494 21.4931 46.6576 13.2061 13.5543 23.9984 30.4129 16.2158 14.3207
internal_count=1301 883 831 418 90 57 328 299 232 136 95 96 67 698 172 526 147 125 72 57 483 280 80 55 200 203 67 176 133 52 43 68 133 109 48 66 152 41 44 78 101 51 44
is_linear=0
shrinkage=0.03


Tree=15
num_leaves=48
num_cat=0
split_feature=3 38 42 43 40 46 46 12 16 19 33 29 50 55 28 55 55 42 34 36 30 45 14 40 55 47 5 45 55 38 31 33 47 62 29 56 55 55 32 47 36 55 32 47 28 38 47
split_gain=17.7706 7.81928 5.69479 5.13923 4.11835 3.8133 6.35483 3.99769 3.58767 5.36016 3.33304 4.1621 3.33804 4.89213 3.73752 4.24862 4.89796 2.95044 3.74004 3.62241 3.28753 2.79991 3.31968 2.7793 2.61504 3.06286 5.04181 2.57637 2.35353 2.31125 2.27017 2.24681 2.00468 1.97379 1.9322 2.48155 1.91385 1.76226 1.67239 1.60203 1.3208 1.28661 1.25152 1.20609 1.12514 1.11976 0.156727
threshold=-0.099938161957900687 -0.71249314717769341 1.5319855783721592 1.0000000180025095e-35 1.0757071363409705 1.2161264517482751 0.73068403136855353 -1.6163878908051139 -1.1004609328145174 -0.83573098601906703 -0.21204223833880748 1.0000000180025095e-35 0.20530524968633007 -0.48695721031896311 -0.31883780117197397 0.30843767758485074 0.68078779406188772 -1.3206032771067233 -0.68693036174722266 -0.27002784758682591 0.88504373983512241 -0.082960175730035557 -0.72057028958485836 0.79277243284958088 1.1444337881237214 -0.71315051413471553 -0.12996003219713267 -0.92585994327614507 -0.1110087230880774 0.13962313092471088 -0.16773176529444517 0.36683343449206246 0.42600706671532323 1.0000000180025095e-35 0.73892769020725491 -0.79917260807700286 0.37642579068540399 -0.85641275592804444 0.76384865223072651 -0.22461853683562913 0.40846737072151201 -1.3132407419828975 -0.74957694586893819 0.26350704015288434 -0.31883780117197397 0.22120873201962196 -0.7938730402537878
decision_type=2 2 2 2 2 2 2 2 2 2 2 2 2 2 2 2 2 2 2 2 2 2 2 2 2 2 2 2 2 2 2 2 2 2 2 2 2 2 2 2 2 2 2 2 2 2 2
left_child=1 8 10 -4 5 6 7 -2 41 34 12 24 13 37 29 28 40 -9 33 -20 30 27 -23 -18 25 -12 31 -11 -16 -15 -21 -27 39 -19 35 -10 -8 -3 42 46 -17 -1 -6 -14 -33 -28 -13
right_child=4 2 3 -5 38 -7 36 17 9 21 11 32 43 14 15 16 23 18 19 20 -22 22 -24 -25 -26 26 45 -29 -30 -31 -32 44 -34 -35 -36 -37 -38 -39 -40 -41 -42 -43 -44 -45 -46 -47 -48
leaf_value=0.011542919319795276 -0.021114348555868023 0.0020696516823049569 0.032392359475685084 0.0013654897419353045 -0.0085274075131503042 -0.019827898846296037 0.0234672649458737 0.0094264626102414303 0.017276973867639281 -0.0031115972546099167 -0.016458386637789577 -0.010995868812680512 0.023075588683043238 -0.0021159838946707135 0.003341217810623149 0.026202097391751968 -0.010591047826304973 -0.0044665140143493477 0.011352448268309254 -0.00092713073887012954 0.0063852930974962856 0.0038846493508339053 -0.017755964755417752 0.010681016934336537 0.01255012379451634 0.018744553992653127 -0.017857499116342632 0.016213677256537443 -0.016365022258581937 -0.02223309046682476 -0.021186096346770079 0.0081941272888510011 0.00044585501926579799 -0.027564276563013648 0.02382075990082437 -0.0038498035895252413 0.001435193648546246 0.022132008146822573 -0.0030399160140388176 -0.023931430908674552 0.00683221852799236 0.030378073556333849 -0.024416863536437492 0.0048893862102823002 -0.006253544263219139 -0.0013344736042619439 -0.0027379029748270068
leaf_weight=11.186584472656252 12.635652244091032 7.7397804260253933 7.8279470503330257 11.08292570710182 10.161812514066698 13.062924444675444 7.3887498676776868 11.723244309425345 9.3149666190147418 9.580303370952608 10.187954008579252 7.3034492433071128 7.4084324836730948 11.057607322931291 7.3883258700370815 8.890869081020357 12.902359336614611 7.3236311972141177 12.46206420660018 9.1304865777492452 9.8680602908134443 11.812817037105562 10.636133193969725 7.3533066511154166 10.693276822566984 10.351295322179793 9.1396592557430321 12.592628329992293 12.852037876844404 10.257518768310545 12.018771767616304 8.4805949628353101 7.3484480679035178 7.9364159107208252 16.020751029253006 7.7820027470588675 7.2905868589878082 9.624823331832884 8.0099493861198408 12.741092652082443 8.1067652106285077 9.342112332582472 20.615134239196777 8.498000353574751 7.7291143834590939 7.3464859426021567 7.7112844586372384
leaf_count=30 35 21 21 30 28 36 20 32 25 26 28 20 20 30 20 24 35 20 34 25 27 32 29 20 29 28 25 34 35 28 33 23 20 22 43 21 20 26 22 35 22 25 57 23 21 20 21
internal_value=-2.04034e-05 0.00387095 0.00079511 0.0159394 -0.00855164 -0.00539476 -0.00313564 -0.00643641 0.0108904 0.00755577 -0.000636132 -0.00463344 0.00285757 0.000594951 -0.00258038 0.0013688 0.00737806 -0.00333568 -0.00615366 -0.00131558 -0.00687872 0.000525624 -0.00658789 -0.00238898 0 -0.00281269 0.000727583 0.00794223 -0.00916147 -0.0128852 -0.0133455 0.00877427 -0.0127003 -0.018229 0.0164215 0.00780321 0.0140433 0.0143834 -0.0168873 -0.0162303 0.0185915 0.0218716 -0.0199965 0.0149629 0.00102021 -0.0115535 -0.00775194
internal_weight=477.919 328.292 230.023 18.9109 149.627 110.841 97.7777 83.0983 98.2683 77.7396 211.112 99.0327 112.08 96.1734 78.8088 57.4937 37.2533 70.4627 58.7394 43.4794 31.0173 44.6219 22.449 20.2557 63.9284 53.2351 43.0471 22.1729 20.2404 21.3151 21.1493 26.561 35.1043 15.26 33.1177 17.097 14.6793 17.3646 38.7869 27.7558 16.9976 20.5287 30.7769 15.9064 16.2097 16.4861 15.0147
internal_count=1301 890 625 51 411 304 268 228 265 210 574 270 304 261 214 156 101 193 161 119 85 121 61 55 174 145 117 60 55 58 58 72 96 42 89 46 40 47 107 76 46 55 85 43 44 45 41
is_linear=0
shrinkage=0.03


Tree=16
num_leaves=46
num_cat=0
split_feature=40 30 53 38 54 26 42 53 47 47 42 42 53 40 59 36 43 19 40 37 34 26 33 34 24 36 49 58 49 18 47 62 43 18 28 55 55 1 0 16 54 19 55 60 16
split_gain=5.5415 5.51306 5.46581 6.45697 4.42754 4.21507 4.66505 3.98125 4.06631 4.00426 3.79536 6.40987 5.35164 3.69312 4.29945 4.56861 4.12639 3.63816 3.52277 3.46438 3.20662 3.10246 6.2483 3.34011 2.8956 3.18919 2.55841 2.48466 2.30138 2.26206 1.97596 4.0098 1.89536 1.88606 1.86576 1.86472 2.20263 2.01423 1.56358 1.48006 1.41538 1.29708 1.23908 0.915919 0.309725
threshold=0.33067531523511701 0.38800057762403822 -0.33611145028219497 -1.818431295353155 -1.0703798068180908 -0.94900464872711876 1.0000000180025095e-35 1.4896964696223387 0.29437251866829423 -0.67677203543648656 0.77965445165245406 0.21540610661267498 1.0000000180025095e-35 -0.29018453568642755 -0.90611567511499869 1.2254310009295113 -1.4696445955951762 -0.24606451125860465 -0.9731303717001264 -1.0000000180025095e-35 -0.21531113915850472 0.97970856390645922 -0.84476681096789796 0.1656120790862288 0.9015214053971653 1.0000000180025095e-35 -1.0000000180025095e-35 1.0000000180025095e-35 -0.2194434652537364 0.55292915495273431 -0.22822363134326659 1.0000000180025095e-35 -0.72983611458011233 0.42449157787584241 0.78478257098754278 -1.3407198722241482 -0.2998609016587534 -0.16572432443997384 -0.49345902012621495 0.65001648666478362 -0.019892595443175735 0.22566866854976539 1.0630262857816393 430.00000000000006 -0.53928094503012369
decision_type=2 2 2 2 2 2 2 2 2 2 2 2 2 2 2 2 2 2 2 2 2 2 2 2 2 2 2 2 2 2 2 2 2 2 2 2 2 2 2 2 2 2 2 2 2
left_child=2 10 3 -1 28 -6 27 8 24 -9 11 12 20 16 17 19 18 -15 -4 42 -2 22 -8 -24 25 -3 -13 32 -5 40 -21 -32 -7 -29 -31 -18 -37 39 -23 -38 -27 -12 43 -16 -39
right_child=1 7 13 4 5 6 21 9 -10 -11 41 26 -14 14 15 -17 35 -19 -20 30 -22 38 23 -25 -26 29 -28 33 -30 34 31 -33 -34 -35 -36 36 37 44 -40 -41 -42 -43 -44 -45 -46
leaf_value=-0.019565760370721604 -0.0065130067502345455 0.011564932156515169 -0.0088217370844715631 0.0053981758195025221 0.029451691273400971 0.00064756988861702097 0.038751445723429791 -0.00067719838463242059 -0.022078284192404575 0.028961079103450204 0.032645083731048324 0.0027045519362432205 0.029477908398782626 0.028162549922472888 -0.004400219842827245 0.017316713620660132 0.0012131794543815641 -0.0016498159220111192 0.016563074815747477 -0.01041085312059367 0.016492973979311043 0.0097106615887329103 0.020082246849318364 -0.0036105645415533648 0.015659134181222202 -0.0183844499951956 -0.021375560783298789 0.014116487720789647 -0.015825554159619216 0.013254609729807522 -0.0059815990780065116 0.023287604292413264 -0.019480391374477931 -0.0057362870048397636 -0.0066756003316682678 -0.021930931744113816 0.010007676951818633 -0.0050278479514266599 -0.0095955660870749599 -0.0082225796838583543 -0.002655640886156308 0.0092601145449417548 -0.00081349519936413362 -0.021175785745183837 -0.016685857386956833
leaf_weight=8.8696970045566541 10.851163208484648 8.615831255912779 9.2554511427879351 5.9438835084438351 6.4976282417774192 6.1780962347984305 7.5905814170837393 8.0602913200855237 7.8135530948638907 6.0105964839458457 7.9818818569183332 6.5886802971363068 11.172589838504789 6.0915148258209229 5.8199115097522762 5.9691469967365256 6.0770073831081381 6.1683534383773786 7.4569876492023459 6.6723551452159908 8.1199819147586876 5.9083271920681 8.0513916909694725 10.588657945394514 6.9225277900695792 14.005323648452753 6.4426976144313794 7.9960819482803327 10.501888453960417 5.9748864173889142 7.6837830543518084 6.2635518014431 8.449014216661455 6.2001937925815582 7.9925479590892792 25.541443586349487 5.8683977425098401 6.0590327978134146 6.1963730454444867 7.2867694497108459 10.072270870208746 5.9708133935928345 5.909890502691268 16.086437374353409 17.375723242759708
leaf_count=31 37 29 32 20 22 21 25 27 27 20 26 22 37 20 20 20 21 21 25 23 27 20 27 36 23 48 22 27 36 20 26 21 29 21 27 89 20 21 21 25 34 20 20 55 60
internal_value=1.22374e-07 0.00494278 -0.00260559 0.00281144 0.00536408 0.00853041 0.00581966 -0.000335056 -0.00376535 0.0131682 0.0118475 0.00680193 0.0142771 -0.00617451 -0.000753731 -0.004517 -0.0102736 0.0141822 0.00260665 -0.00776724 0.00352784 0.0125147 0.0180465 0.0070589 -0.000457525 -0.00338639 -0.00976531 -0.00306555 -0.00801042 -0.00723429 0.00130109 0.00775932 -0.0113373 0.00534399 0.0019207 -0.0135037 -0.0150322 -0.00938497 0 0 -0.0125809 0.0248965 -0.0144167 -0.0175429 -0.0143961
internal_weight=383.153 132.596 250.558 98.9718 90.1021 73.6563 67.1587 75.4678 61.3969 14.0709 57.1278 43.1751 30.1437 151.586 66.6649 54.4051 84.9208 12.2599 16.7124 48.4359 18.9711 38.3353 26.2306 18.64 53.5834 46.6609 13.0314 28.8234 16.4458 38.045 20.6197 13.9473 14.6271 14.1963 13.9674 68.2084 62.1314 36.5899 12.1047 13.1552 24.0776 13.9527 27.8162 21.9063 23.4348
internal_count=1301 446 855 336 305 249 227 255 208 47 191 145 101 519 226 185 293 41 57 165 64 129 88 63 181 158 44 98 56 129 70 47 50 48 47 236 215 126 41 45 82 46 95 75 81
is_linear=0
shrinkage=0.03


Tree=17
num_leaves=43
num_cat=0
split_feature=14 47 32 20 54 45 46 33 15 40 43 25 52 29 54 44 25 11 0 24 15 45 33 58 47 26 53 28 46 55 31 31 47 15 54 25 60 47 43 54 35 41
split_gain=20.7949 9.89512 4.64676 4.48662 3.86971 4.88819 4.23921 4.87704 6.14529 3.9071 3.51146 5.92938 4.34921 4.29577 4.16797 3.89475 3.78082 3.67306 3.59517 3.44216 3.32156 3.03258 2.93017 2.42675 2.15238 1.94708 2.90466 1.94383 1.87469 1.68837 1.65371 1.49066 1.43916 1.57889 1.01864 1.00644 0.946514 0.926435 0.639537 0.31082 0.275195 0.0470012
threshold=0.029994558375851157 -1.2881230599495297 0.51161105254744887 -0.79699419374302249 0.7099748687501416 0.28576383772141151 0.04341281541655586 1.0000000180025095e-35 -1.3898159167221615 0.52935046753001136 -1.4696445955951762 -0.36788297411228221 1.0315478480852267 -1.0441473815902795 -0.826361296606274 -0.49749596637747195 0.28596367796432992 -0.38899739141111683 -0.87301189113674205 -0.26169676984682394 -0.011987427269821492 -0.19560750850848338 -1.0000000180025095e-35 1.0000000180025095e-35 -0.68903468406069523 -0.94900464872711876 -0.33611145028219497 0.41690911360103705 0.7723370185420938 -0.56000471428716814 0.92721022988518287 1.0000000180025095e-35 1.5937829951072129 0.54012385760649717 -0.13916351364920251 -0.36788297411228221 466.50000000000006 0.98889857389049751 -0.35993187407258037 1.086618275851696 -0.19965064972660754 -0.44636525644289909
decision_type=2 2 2 2 2 2 2 2 2 2 2 2 2 2 2 2 2 2 2 2 2 2 2 2 2 2 2 2 2 2 2 2 2 2 2 2 2 2 2 2 2 2
left_child=1 27 4 -4 5 6 9 34 -9 29 23 13 14 -12 15 -13 17 18 -16 -7 37 -22 38 35 -10 26 -17 -1 32 -2 -5 -24 33 -23 -8 -3 40 39 -19 -15 -18 -31
right_child=2 10 3 30 -6 19 7 8 24 -11 11 12 -14 20 16 25 36 22 -20 -21 21 28 31 -25 -26 -27 -28 -29 -30 41 -32 -33 -34 -35 -36 -37 -38 -39 -40 -41 -42 -43
leaf_value=0.024336844562824259 0.008868194499565182 -0.0086592023432972998 -0.015953292399008247 -1.7599475726932876e-05 -0.0049247035910714391 0.0096537190011001649 0.025310137818985005 0.013223341954775012 -0.020410806813506131 -0.0010478606525776235 0.0058376136395521961 0.021024795036225424 0.016956756234815993 -0.024497202025659668 -0.0065938637981852333 -0.0070143730908067865 -0.0092305359050057385 -0.02197456442242994 0.019082707706909004 0.036300166353718355 0.0076568418483503476 -0.0036773535272036934 -0.0059811306908201609 -0.0012821265852784299 0 -0.012041251002030535 0.018815560278768996 0.0026550398963137399 0.0032736335233641512 0.018554727894496324 0.016789291403695037 0.011055255069264228 0 -0.020310545598718251 0.0058486381925732566 -0.023646676918645814 -0.0033031527823323675 -0.0057491496765311395 -0.0069547018095966274 -0.0098345900353812004 -0.020416280090045501 0.036413790830509704
leaf_weight=9.7983368337154406 8.1275163590908104 10.337735682725908 10.040203779935839 10.564336091279985 9.2857579588890058 9.456540912389757 6.8606660962104797 11.370468497276304 11.686344653367994 6.7201642394065848 11.841263204813002 10.105047047138216 10.463331490755079 21.814875245094303 6.3790737092494991 6.3090299963951137 10.509081482887268 6.6629162132739994 11.787442862987513 12.659092038869856 8.6898334920406324 8.99922162294388 7.413504451513294 10.395982176065443 7.3089739978313508 7.080398201942443 6.2545073330402365 7.170296609401702 6.2671965062618247 9.234834045171743 7.7818467020988455 7.7903735637664795 6.4572608768939963 20.230973213911057 6.439936161041258 17.464203208684921 8.7676230669021589 6.0750239491462699 9.2539614439010638 6.1022319197654715 12.80766949057579 7.2487373352050737
leaf_count=30 25 34 33 33 29 29 21 35 37 21 38 32 33 72 21 20 34 22 37 38 28 29 24 34 23 23 20 22 20 28 24 25 21 66 20 58 28 20 30 20 42 22
internal_value=9.11982e-06 -0.00472903 0.00960436 -0.000952974 0.0124507 0.0142225 0.0100759 0.0036368 -0.00294317 0.0182912 -0.00624296 -0.00466833 -0.000189924 -0.0101616 -0.00206211 0.00722599 -0.00559951 -0.000180472 0.00994619 0.0264972 -0.0125323 -0.00713456 -0.0064613 -0.0145649 -0.0131726 -0.000576467 0.00605324 0.0164596 -0.0104948 0.0235584 0.00753915 0.00259788 -0.0131086 -0.0158143 0.0178403 -0.0190071 -0.0133656 -0.0197639 -0.0149376 -0.0221611 -0.0164792 0.0291242
internal_weight=408.014 273.228 134.785 28.3864 106.399 97.1133 74.9976 43.6664 30.3658 31.3313 256.26 218.062 121.584 96.4779 111.121 29.749 81.3716 49.2873 18.1665 22.1156 84.6366 50.6445 31.1208 38.1979 18.9953 19.6439 12.5635 16.9686 41.9547 24.6111 18.3462 15.2039 35.6875 29.2302 13.3006 27.8019 32.0844 33.9921 15.9169 27.9171 23.3168 16.4836
internal_count=1301 883 418 90 328 299 232 136 95 96 831 705 391 314 358 95 263 159 58 67 276 164 101 126 60 63 40 52 136 75 57 49 116 95 41 92 104 112 52 92 76 50
is_linear=0
shrinkage=0.03


Tree=18
num_leaves=49
num_cat=0
split_feature=3 44 25 13 46 28 4 1 45 55 23 32 13 16 14 50 55 29 46 29 53 46 46 60 46 46 35 55 46 20 60 46 40 32 44 31 45 20 32 28 33 50 33 25 46 20 45 19
split_gain=16.8311 7.20548 6.35515 5.00109 3.99809 3.86559 3.42329 4.88741 4.60676 5.6367 3.7823 3.66393 3.73312 3.35001 6.43798 3.12553 3.56531 4.2058 3.32073 3.20777 3.02123 2.80845 3.13123 2.7748 2.58981 3.34056 3.20142 3.06945 6.8492 2.48935 2.43923 2.3451 2.21686 2.13967 3.05742 1.88663 1.78587 1.72449 1.48403 1.34073 1.32453 1.21926 1.19607 1.14983 0.918393 0.302972 0.214904 0.0381218
threshold=-0.099938161957900687 -0.89964428542073438 -0.36788297411228221 1.075322520166337 1.6484797525740582 1.1526560283740481 1.0000000180025095e-35 -0.85162463014612577 0.20199545630518687 0.092638257175206434 1.0000000180025095e-35 -0.49733934618566072 -0.82787764192165125 -0.47801565955336117 -0.14493029477455263 -0.64230166770173913 1.0000000180025095e-35 1.0000000180025095e-35 -0.45274193889349085 -0.33091735287126595 -0.33611145028219497 -0.93268923094560952 0.51557815374853022 531.00000000000011 0.33097635808274911 0.7723370185420938 -0.63785477506498156 0.4520809113683486 -0.32843340481158517 -0.79699419374302249 359.00000000000006 0.17314679108742106 -0.83654120449738645 0.51161105254744887 0.58521104643131217 -0.36821410244001085 -0.082960175730035557 1.0000000180025095e-35 0.51161105254744887 -0.31883780117197397 0.57453633371377011 1.0000000180025095e-35 -0.60244676187590573 0.28596367796432992 0.61705609913944659 -0.79699419374302249 -0.35247483304391736 -0.95366428097115963
decision_type=2 2 2 2 2 2 2 2 2 2 2 2 2 2 2 2 2 2 2 2 2 2 2 2 2 2 2 2 2 2 2 2 2 2 2 2 2 2 2 2 2 2 2 2 2 2 2 2
left_child=1 13 23 5 6 15 7 35 9 10 20 -11 -13 42 36 45 17 38 -19 33 -9 32 -23 24 26 -26 37 28 39 -10 -8 -25 -16 34 -18 -2 -15 -3 -17 -28 -20 -6 -1 -5 -31 -4 -32 -21
right_child=4 2 3 43 41 -7 30 8 29 11 -12 12 -14 14 21 16 19 18 40 47 -22 22 -24 31 25 -27 27 -29 -30 44 46 -33 -34 -35 -36 -37 -38 -39 -40 -41 -42 -43 -44 -45 -46 -47 -48 -49
leaf_value=0.011085934486191461 -0.024153165681946379 0.018683501128752108 -0.0075434521914617934 0.0028520838985408433 -0.0096901931594629322 0.0089468468129858224 -0.00070801861463033874 -0.0076611326752506212 0.00056752179012099031 -0.016075045642067305 0.030652665783589519 0.018640911968097897 -0.0063203936817316916 0.0021428175163689654 0.013077147041162283 0.016241899134466699 -0.0076514644031823609 -0.020163932768831411 0.0098890310330460533 -0.011479956483694723 0.015627236507168633 0.027959501098375118 0.002945953922391999 0.02384303788851241 0.021622090027767018 0.00036874418480403579 0.013091792864665946 0.0073083890862323348 -0.022349910027837299 -0.024426061697564089 -0.010928567177610288 0.0019603580213317039 -0.0066569237256655237 -0.015526379909599075 0.014294650374134157 -0.0038193137193125678 -0.016316048621642459 0 0.00023029908339408298 -0.003071516212628962 -0.0058311274977896933 -0.028091837445896887 0.031940900196231088 0.018457180362578245 -0.0071292605150406743 -0.019792020863106365 -0.024730175693351023 -0.024913719948986019
leaf_weight=8.1990862190723437 10.830871820449831 9.6557507514953631 7.2951926290988949 10.383487373590471 9.7200593948364276 14.36624354124069 8.3360087573528308 7.3081634640693709 10.93467301130295 11.62868654727936 7.7677688002586356 7.7166723012924221 11.274578183889387 7.7306104302406302 9.6733972132205981 13.700359195470812 11.702582269907003 8.7617732584476489 7.3937736451625851 7.3418780267238608 9.9373357892036438 15.677694439888002 7.3975222408771506 12.640467196702959 13.325846970081331 13.244285404682158 7.3979762792587263 14.076503098011015 15.036562383174896 7.6159841716289511 7.5843981802463558 7.745518058538436 7.7538723945617667 7.6982212066650382 8.4677595794200879 8.3390721976757032 8.0644791126251203 8.1501256227493268 9.1750930547714216 7.7342310547828692 8.7837094366550428 10.003103196620939 8.22077628970146 8.5602599978446943 8.3687011599540693 14.608228117227553 11.884705752134321 8.3201537132263166
leaf_count=22 30 26 20 28 27 39 23 20 30 32 21 21 31 21 26 37 32 24 20 20 27 42 20 34 36 36 20 38 41 21 21 21 21 21 23 23 22 22 25 21 24 28 22 23 23 40 33 23
internal_value=-2.25982e-05 0.00376098 0.00133649 -0.00270657 -0.00833916 -0.00489725 -0.00620684 -0.0034684 -0.000126223 0.00471456 0.0149108 -0.00373529 0.00415137 0.0120018 0.00797145 -0.00679974 -0.00412623 0.00142774 -0.00676768 -0.0102044 0.00561486 0.0142136 0.020854 0.00678957 0.00425006 0.0118276 0.000708381 -0.00353313 -0.00888772 -0.0100624 -0.0153301 0.0165072 0.00414819 -0.00345092 0.00163664 -0.0165171 -0.00753248 0.0110144 0.0104753 0.00493785 0.00124368 -0.0206316 0.0236617 0.011034 -0.0171021 -0.0167138 -0.0208061 -0.0205198
internal_weight=477.534 328.283 255.566 146.559 149.251 127.615 129.528 101.723 82.5526 55.6332 25.0133 30.6199 18.9913 72.7174 56.2976 113.249 91.3453 47.8147 24.9393 43.5306 17.2455 40.5025 23.0752 109.007 88.6213 26.5701 62.0511 44.2453 30.1688 26.9194 27.8051 20.386 17.4273 27.8686 20.1703 19.1699 15.7951 17.8059 22.8755 15.1322 16.1775 19.7232 16.4199 18.9437 15.9847 21.9034 19.4691 15.662
internal_count=1301 890 694 399 411 348 356 279 226 152 68 84 52 196 152 309 249 130 68 119 47 109 62 295 240 72 168 120 82 74 77 55 47 76 55 53 43 48 62 41 44 55 44 51 44 60 54 43
is_linear=0
shrinkage=0.03


Tree=19
num_leaves=44
num_cat=0
split_feature=40 53 30 53 47 47 54 59 36 42 42 53 54 37 26 42 25 34 23 19 24 36 20 46 46 19 19 0 44 18 46 19 30 25 44 37 54 46 20 46 47 47 46
split_gain=5.26131 5.26787 5.25902 3.84706 3.93787 3.82719 3.65232 3.6371 4.05326 3.58512 6.1306 5.04119 3.53531 3.14954 3.59264 5.7353 3.7706 3.07969 3.05863 2.92543 2.79309 3.06942 2.43783 2.31252 4.18683 3.1795 2.47341 3.57827 2.50253 2.16513 3.28481 2.03396 2.00326 1.81309 1.98945 1.47405 1.38175 1.29495 1.08723 1.03024 0.975815 0.927345 0.144572
threshold=0.33067531523511701 -0.33611145028219497 0.38800057762403822 1.4896964696223387 0.29437251866829423 -0.67677203543648656 -1.0703798068180908 -1.5280394384094398 1.2254310009295113 0.77965445165245406 0.21540610661267498 1.0000000180025095e-35 1.509997777101971 1.8262332671147481 -0.94900464872711876 1.0000000180025095e-35 -0.7415096324417747 -0.21531113915850472 0.63217503478134163 0.22566866854976539 0.9015214053971653 1.0000000180025095e-35 0.51204436964502487 -0.096627373115098295 -0.18101444145860904 1.287068323118598 -0.36399780621069711 -0.33079350397884594 -1.1471201740627419 0.55292915495273431 1.1456428054709129 0.81533514331022794 -1.1031289090092138 1.0000000180025095e-35 -0.49749596637747195 0.61843182604590607 -0.019892595443175735 0.5213859715460144 0.77385208232263436 0.34219210965262398 -0.10720293254354592 0.22719807022814975 0.81331400651280461
decision_type=2 2 2 2 2 2 2 2 2 2 2 2 2 2 2 2 2 2 2 2 2 2 2 2 2 2 2 2 2 2 2 2 2 2 2 2 2 2 2 2 2 2 2
left_child=1 6 9 4 20 -5 32 -3 23 10 11 17 13 14 -8 18 -17 -2 31 22 21 -4 -18 24 25 26 27 -9 -29 36 -31 35 -1 41 -35 -16 42 -11 -28 -12 -36 -25 -23
right_child=2 7 3 5 -6 -7 12 8 -10 37 39 -13 -14 -15 15 16 19 -19 -20 -21 -22 29 -24 33 -26 -27 38 28 -30 30 -32 -33 -34 34 40 -37 -38 -39 -40 -41 -42 -43 -44
leaf_value=0.0030884264345111732 -0.0064439802764047161 0.010348914706783337 0.011237738615406414 -0.00067263237727550949 -0.021865706930686481 0.028211427379940111 0.028662221198088686 0.01303272489855661 0.011898598884172855 0.032543021744552397 -0.017228767012908045 0.028513961474038563 -0.01359717864431991 -0.010280302427579442 -0.020371364990808643 0.027282615883606087 0.024862397159765227 0.016065431906017686 0.013409324152069687 -0.0094051460599704293 0.015284205804911858 -0.0084466897780786591 0.0012649077912745151 -0.023076852365819814 0.014725112121249925 0.0092874888129684738 -0.022183442823249157 0.0045737003612374948 -0.013285244166972607 -0.0097699539998211422 0.016683879709556218 0.0045736192670300284 -0.016185439894006545 0.0035859718505673486 -0.016961309794765296 -0.0005647270701717831 -0.0026137969077920146 0.0097105299475650983 -0.0056516561557383889 -0.00019897667126363608 -0.0010190668454035426 -0.0087633729041594732 -0.022158356723812288
leaf_weight=6.5116058588027981 10.827045887708662 9.7456469833850843 8.6748204529285413 8.0575795173645002 7.7125729918479911 6.0867038965225211 6.58321389555931 6.7800543010234753 7.7538366913795462 7.4690047502517682 6.1487216353416425 11.334910631179808 6.3810751140117636 6.6331319808959952 9.8529764115810448 12.180756896734232 6.5957067608833375 8.1857850849628502 5.9514205157756797 6.1534240245819083 6.9731963872909537 5.8105921745300249 9.1379552781581861 17.856180429458622 7.135486811399459 7.6377413868904105 14.589138209819795 8.1049961745738894 25.587625414133086 7.9727285206317884 6.0455247759819031 6.1697975397109976 11.006366759538649 9.3485900759696978 11.911204248666765 5.8559402227401725 10.059660881757742 6.645311027765274 7.725409507751464 6.8224689066410065 6.0556338131427756 10.786298811435698 8.0694839358329755
leaf_count=22 37 33 29 27 27 20 22 23 26 24 21 37 22 23 34 40 22 27 20 21 23 20 31 62 24 26 51 28 88 27 20 21 38 32 41 20 34 22 27 23 21 37 28
internal_value=6.89277e-06 -0.00253797 0.00481434 -0.000346359 -0.00372915 0.0128867 0.00277377 -0.00605293 -0.00732327 0.0115331 0.00662022 0.0138831 0.00550005 0.00743515 0.00942039 0.00664954 0.0146762 0.00342084 -0.00321964 0.00610393 -0.000486705 -0.00337247 0.0128083 -0.00860377 -0.00497151 -0.00731607 -0.00959872 -0.00467027 -0.00880683 -0.00716378 0.00176183 -0.0085698 -0.00902713 -0.0132726 -0.00681123 -0.0140293 -0.0124219 0.0241428 -0.0174285 -0.00963528 -0.0123888 -0.01859 -0.018192
internal_weight=382.927 250.031 132.896 75.4629 61.3186 14.1443 99.0134 151.018 141.272 57.4332 43.3189 30.3477 81.4954 75.1143 68.4812 61.898 34.0678 19.0128 27.8301 21.8871 53.606 46.6328 15.7337 133.518 77.5605 70.425 62.7872 40.4727 33.6926 37.958 14.0183 21.8787 17.518 55.9579 27.3154 15.7089 23.9397 14.1143 22.3145 12.9712 17.9668 28.6425 13.8801
internal_count=1301 855 446 255 208 47 336 519 486 191 145 101 276 254 231 209 114 64 95 74 181 158 53 460 267 243 217 139 116 129 47 75 60 193 94 54 82 46 78 44 62 99 48
is_linear=0
shrinkage=0.03


Tree=20
num_leaves=42
num_cat=0
split_feature=14 47 32 20 16 12 5 29 45 41 33 12 60 39 45 47 41 13 26 25 57 58 47 3 6 16 52 34 33 28 45 47 20 43 45 37 45 32 34 36 45
split_gain=19.6844 9.42758 4.41337 4.33289 3.99001 3.92263 5.53232 4.43044 4.74765 4.4256 4.89483 3.75171 5.36223 3.21035 4.33883 4.32434 3.0949 3.73658 3.60195 7.22615 2.89071 2.83542 3.50492 3.88484 4.17339 2.75103 2.49253 2.40693 2.24792 1.84039 1.82821 1.70388 1.66031 1.24536 1.17856 1.18723 1.06787 0.885314 0.88033 0.647309 0.517294
threshold=0.029994558375851157 -1.2881230599495297 0.51161105254744887 -0.79699419374302249 0.27451443487374599 -0.09359115956586779 1.9007557770590664 0.38231267584774786 0.95554997702272759 0.2448112674498677 1.0000000180025095e-35 -0.21824708930714287 430.00000000000006 0.10450684977430362 -0.082960175730035557 0.44880945492568253 0.2448112674498677 1.030160964803096 -0.43468112535816461 -0.36788297411228221 1.4790752676841121 -0.84553114790396355 -0.90762444152053223 0.34894996676119255 0.063449019771402618 0.35384723892350262 1.0000000180025095e-35 -1.1404103834671433 0.36683343449206246 0.41690911360103705 1.4982272202151792 0.54416628907556741 -0.535186481065413 0.54427849161249775 0.17654826045086494 1.2625925946159551 0.54628188077566897 0.51161105254744887 -0.87220934204993317 0.14537738811215647 -0.068276648438524337
decision_type=2 2 2 2 2 2 2 2 2 2 2 2 2 2 2 2 2 2 2 2 2 2 2 2 2 2 2 2 2 2 2 2 2 2 2 2 2 2 2 2 2
left_child=1 29 11 -4 -5 6 16 8 9 25 13 12 -2 -11 -15 -16 18 39 -3 -20 34 -13 28 24 -24 27 -26 -7 -23 -1 -10 40 -25 -14 38 36 -36 -12 -9 -18 -29
right_child=2 5 3 4 -6 7 -8 20 30 10 37 21 33 14 15 -17 17 -19 19 -21 -22 22 23 32 26 -27 -28 31 -30 -31 -32 -33 -34 -35 35 -37 -38 -39 -40 -41 -42
leaf_value=0.023600201788307341 0.00016252968872027904 -0.0038040039662161954 -0.015783707339076629 0.019552124171980753 -0.006336275649052453 0.0018350204138096505 -0.018400779717841938 -0.0065461361638334582 -0.024269206985209707 -0.01662336961222231 0.0083145325832938433 0.02116679182586121 0.032948455517641952 0.022510127746120608 -0.019400328211058481 0.008058700471443872 -0.017470153173244924 0.012205114538070262 -0.0012755211915834758 0.031752969430723858 0.0036945607956387965 0.0038688349183572867 0.015098114121976024 0.028985192278498894 0.0033477648453212774 0.0075204492681782073 -0.019465706946438822 -0.019584671112636738 -0.015343129493825707 0.0025399270865797672 -0.0028806199100401752 -0.002285512725321914 0.007556810072517039 0.01474825899860454 -0.0029852485837884093 0 -0.018566814316765087 0.026533493257361797 -0.02289851958185278 -0.0028547141063268097 -0.0058316646587150203
leaf_weight=9.9001522362232226 9.8531641066074354 10.110820770263674 9.9746648371219653 9.6091109216213244 8.8024581372737867 10.602631002664564 10.164569228887556 6.2194662392139426 12.328835189342501 8.1537289619445783 8.4606991410255414 10.489106655120848 15.205019623041155 6.2729733288288108 7.6169151663780275 10.230130344629286 8.4229513704776782 6.8129884302616111 10.265075594186785 11.386811792850493 6.2021627426147452 9.6546307206153887 10.122140407562258 8.3131949305534381 7.0657067298889142 7.8346662521362296 7.2098083198070526 22.211394965648651 9.0644054114818555 7.1869755983352652 6.3911310136318198 10.789494693279265 8.4592970609664899 11.516089677810667 7.6174168884754243 7.5749471485614768 13.72728446125984 6.2566330134868613 27.305087238550186 6.2593976259231559 6.0907957255840328
leaf_count=30 30 32 33 29 28 34 34 20 41 27 27 32 45 20 25 33 27 22 33 35 20 30 31 25 22 25 23 73 29 22 21 35 26 35 25 25 46 20 91 20 20
internal_value=5.31615e-06 -0.00462216 0.00931145 -0.000976545 0.00732878 -0.00611 0.000267053 -0.0082345 -0.00466483 -0.00199532 0.00467675 0.0120731 0.0198616 -0.00183126 0.0036155 -0.0039459 0.00434594 -0.00408976 0.0101621 0.016767 -0.0143208 0.00761202 0.00468109 0.00952197 0.00133625 -0.00752724 -0.00854911 -0.0101677 -0.00558561 0.0159847 -0.0180191 -0.0135184 0.0200136 0.0265181 -0.0162486 -0.0104169 -0.0138299 0.0181675 -0.0204464 -0.0124522 -0.0172688
internal_weight=407.735 272.396 135.339 28.3862 18.4116 255.309 63.4226 191.886 123.24 104.52 46.9911 106.953 36.5743 32.2737 24.12 17.847 53.258 21.4953 31.7627 21.6519 68.6464 70.3783 59.8892 41.1701 24.3977 57.529 14.2755 49.6943 18.719 17.0871 18.72 39.0917 16.7725 26.7211 62.4442 28.9196 21.3447 14.7173 33.5246 14.6823 28.3022
internal_count=1301 883 418 90 57 831 203 628 401 339 152 328 110 105 78 58 169 69 100 68 227 218 186 127 76 187 45 162 59 52 62 128 51 80 207 96 71 47 111 47 93
is_linear=0
shrinkage=0.03


Tree=21
num_leaves=43
num_cat=0
split_feature=13 47 2 29 46 2 47 53 31 33 53 25 49 32 56 16 13 9 41 4 52 47 55 34 31 46 52 45 19 47 26 55 34 36 27 49 2 19 50 50 30 41
split_gain=15.7197 6.9759 5.32739 4.74943 4.10018 3.72078 3.79904 4.06069 4.26794 5.56593 4.50981 3.7715 4.47048 4.5868 3.39128 4.5666 3.67613 3.94289 7.57074 3.20702 4.14706 3.73733 5.05391 4.37097 3.98591 3.70619 4.79603 2.94172 2.91509 2.58572 2.47728 2.30956 2.26413 3.02515 1.4415 1.32576 1.31644 1.29095 1.1999 1.14299 0.527821 0.169149
threshold=-0.040654313481873032 0.63232949464776456 0.9539076879223477 -0.68753236723077271 1.6484797525740582 0.78922834859291524 -1.3788448626423115 -0.94471409025037267 -0.36821410244001085 1.0937935817680391 -0.33611145028219497 1.0000000180025095e-35 0.20148679393551697 -0.24510174650238337 1.0000000180025095e-35 -0.8245683360495385 0.10690587367820704 1.0071350214043013 0.56381581693883687 1.0000000180025095e-35 -0.84499899464450479 0.047339561973561449 0.51099872523404344 1.0000000180025095e-35 -0.58411815782754306 -0.18101444145860904 0.40603223384198273 0.38874160144425379 -0.83573098601906703 1.3542674677597182 0.3368041596952665 -0.098316176956607368 1.0000000180025095e-35 -0.51927098900621538 -0.4102640533190835 1.0000000180025095e-35 -0.6668837044252246 -0.48193110116278959 1.0000000180025095e-35 -0.21849820900770453 1.0000000180025095e-35 1.0000000180025095e-35
decision_type=2 2 2 2 2 2 2 2 2 2 2 2 2 2 2 2 2 2 2 2 2 2 2 2 2 2 2 2 2 2 2 2 2 2 2 2 2 2 2 2 2 2
left_child=4 2 5 27 19 6 35 37 9 10 -9 12 13 -10 16 29 -5 -18 -19 20 36 22 25 24 -24 -22 -27 -3 -17 -16 -23 -11 39 -34 -21 -2 -1 -8 -6 -13 -12 -36
right_child=1 3 -4 14 38 -7 7 8 11 31 40 32 -14 -15 15 28 17 18 -20 34 21 30 23 -25 -26 26 -28 -29 -30 -31 -32 -33 33 -35 41 -37 -38 -39 -40 -41 -42 -43
leaf_value=-0.0037382279477188949 -0.0031344316471016058 0.010732785473910666 0.022655366199198682 0.028965466500028562 -0.0094531673057712765 -0.01809096904210836 -0.0025441996557872852 0 -0.010999038851886949 0.0070168223707198132 0.029612062542534935 -0.0046940537701970616 0.023321738431326292 0.0070269361577389999 0.028519111997912985 0.009032277268314369 -0.0040045093720074369 0.035869406113490397 0.00059178029355551516 -0.0024560732973764291 -0.0070904376893110325 -0.017385984503796154 -0.0098400166860051607 -0.018518955908086429 0.016807230342454241 0.023245493304901953 -0.0013233095563739961 -0.010538245722820269 -0.01072262129005119 0.004576261812210991 0.00049453102341261547 -0.013019897775459754 0.012713653110362665 -0.0098832856605059957 -0.022388731377620461 -0.020954653651311331 -0.021992794085439537 -0.01771436535591522 -0.027696623102417734 -0.022924711708193733 0.015589082090865979 -0.0096180984103082443
leaf_weight=7.2655216753482845 9.076507121324541 7.7842243313789394 7.8176578879356375 17.562924981117249 9.6892278194427508 8.8229799270629865 12.90536677837372 11.761969178915022 18.037450551986694 8.0793150961399096 10.430753707885744 7.3348757922649392 7.8057336509227744 34.64391902089119 7.8404608368873623 10.026491820812227 9.9327319562435168 9.338298052549364 11.886086732149122 7.9607813358306911 7.2655911445617667 14.813429743051531 8.3346561789512652 12.249918997287748 8.7472793757915515 19.568653613328937 9.9167059361934644 13.9953196644783 14.33975628018379 9.6776581406593305 10.936068117618559 9.4898165166378003 7.4057525396347037 11.698795169591905 12.167901962995531 7.5964905619621268 10.849234580993651 9.1186643242835981 9.9274465441703779 8.4154694974422419 17.388742476701736 7.1889508664607993
leaf_count=20 25 21 21 47 27 24 35 32 49 22 28 20 21 94 21 27 27 25 32 22 20 41 23 34 24 53 27 38 39 26 30 26 20 32 34 21 30 25 28 23 47 20
internal_value=-2.71244e-05 0.00376928 0.000465346 0.00973993 -0.00777626 -0.000534378 0.000379204 0.00175457 0.00354294 0.00991425 0.0160011 -0.000308645 0.00413173 0.000610687 0.0127341 0.00594224 0.0181017 0.0107451 0.0177204 -0.00574598 -0.00328877 -0.00053746 0.00318591 -0.00581149 0.00373778 0.0104701 0.0151247 -0.00247633 -0.00230931 0.0170119 -0.00996257 -0.00366403 -0.00803203 -0.000544677 -0.0147415 -0.0126432 -0.0158229 -0.00980925 -0.0202814 -0.015929 0.0222975 -0.0189663
internal_weight=477.096 320.214 207.83 112.384 156.881 200.013 191.19 174.517 152.493 57.1506 39.5815 95.342 60.4871 52.6814 90.6044 41.8844 48.72 31.1571 21.2244 137.265 109.947 91.8323 66.0828 29.3319 17.0819 36.751 29.4854 21.7795 24.3662 17.5181 25.7495 17.5691 34.8549 19.1045 27.3176 16.673 18.1148 22.024 19.6167 15.7503 27.8195 19.3569
internal_count=1301 868 565 303 433 544 520 474 414 155 107 259 164 143 244 113 131 84 57 378 302 252 181 81 47 100 80 59 66 47 71 48 95 52 76 46 50 60 55 43 75 54
is_linear=0
shrinkage=0.03


Tree=22
num_leaves=38
num_cat=0
split_feature=38 29 47 46 41 25 1 53 53 47 47 40 46 24 14 58 26 19 47 37 35 43 41 34 49 40 44 0 43 30 37 20 47 31 47 46 59
split_gain=5.121 4.77914 5.74724 4.24451 4.22075 3.676 4.14761 3.60171 4.76786 4.56634 6.09879 4.19265 4.60033 3.71452 3.64571 3.84169 3.07751 2.97789 2.86858 2.80525 5.5 2.74137 4.67849 2.31928 2.29729 2.75335 1.98984 2.17027 2.90952 1.97007 1.94041 1.48318 1.39091 1.29566 0.923138 0.695805 0.494988
threshold=-0.71249314717769341 0.73892769020725491 -0.14672657693654559 -0.83899703874552889 -1.031206930506009 -0.7415096324417747 0.33967590081719051 1.4896964696223387 -0.33611145028219497 0.63232949464776456 0.46729010871162463 -0.29018453568642755 -0.096627373115098295 -0.26169676984682394 0.61987943416489222 0.98709862872753462 0.97970856390645922 0.10773537359767285 0.49549063121229364 -0.58936961502293583 0.84108414795203135 -1.4696445955951762 -0.71220238101703992 0.32886488690540056 -0.42990859484836313 -0.15359536848368768 0.33773515778930435 -0.45731112764902188 -0.72983611458011233 -1.3516504901147555 0.85999211425967437 1.035659795000244 1.1343712357392521 0.4645586826261851 0.26350704015288434 0.11130583920939817 0.33773185147388385
decision_type=2 2 2 2 2 2 2 2 2 2 2 2 2 2 2 2 2 2 2 2 2 2 2 2 2 2 2 2 2 2 2 2 2 2 2 2 2
left_child=5 3 17 26 19 6 16 8 14 10 11 35 -13 -9 15 24 -1 -3 -4 20 -5 22 -7 29 34 -26 27 -2 -29 -23 -25 -31 -11 -24 -6 -10 -21
right_child=1 2 18 4 7 21 -8 13 9 32 -12 12 -14 -15 -16 -17 -18 -19 -20 36 -22 23 33 30 25 -27 -28 28 -30 31 -32 -33 -34 -35 -36 -37 -38
leaf_value=0.026310035694285885 0.0077055295012572978 0.0087070925775331025 0.028005840778205178 0.019289388284166986 0.03576995092524049 0.018711074858885804 -0.012760663015548653 0.030609758402302862 -0.0045650089895989355 -0.01916219022574106 0.027491856636906627 0.015308837635060711 -0.0013613950719269428 0.001883242279433186 -0.0067344446382704148 -0.00456628673362185 -0.00085082176834520699 -0.014787347501066217 0.0035196096851548742 -0.01893215911108077 -0.014697822613587526 -0.0034859247472884473 -0.01500889986832955 0.0095654571391374371 0.023909520356308864 0.00047435899604684616 -0.019911449678845332 0.004159218660762006 -0.018427821368326984 -0.024446926345165262 -0.012207665844524693 -0.00476514337565348 -0.00048867877266987251 0.00098638805664894979 0.013048867178802685 -0.021420675038459399 -0.0049683839816647805
leaf_weight=6.8465371727943438 8.1070738136768323 9.3388372063636798 15.056892812252046 6.9111070334911364 7.0497710108757001 6.3583420515060451 6.1516275107860556 7.3097084462642696 5.85107573866844 12.449612736701967 6.1575140655040732 17.355562806129456 67.966543555259705 8.7824736535549146 7.9954198598861685 7.1046806275844565 5.9136241376399994 7.2016989588737479 7.2791049778461447 11.750733166933061 7.172677755355835 9.4355430006980843 10.134138196706774 5.9278213977813703 6.122332662343978 12.558580040931703 9.4205063283443433 7.2643766999244717 11.106221258640291 21.276969730854042 5.7209093868732452 6.0082085430622092 5.8516806960105887 6.1169772148132315 6.6905407011508942 6.8802322745323181 6.0457700192928305
leaf_count=22 28 31 48 23 23 21 22 24 20 44 20 57 229 29 27 24 20 25 24 41 25 33 36 20 20 42 33 25 39 77 20 21 20 21 22 24 21
internal_value=1.36599e-05 0.00195557 0.0115485 0.000404059 0.00201574 -0.00617392 0.00507796 0.00377371 0.00237282 -0.00073671 0.00169837 -0.000250947 0.00216633 0.0167704 0.010289 0.0139991 0.0145363 -0.00156871 0.0210014 -0.00777644 0.00184651 -0.00929773 -0.000334487 -0.013231 0.0182664 0.00965839 -0.00891134 -0.00392544 -0.00955443 -0.0168161 -0.000844184 -0.0207956 -0.0139838 -0.00907562 0.0274733 -0.0153934 -0.0152543
internal_weight=382.671 292.781 38.8765 253.904 218.006 89.8907 18.9118 186.126 170.034 122.512 104.211 98.0534 85.3221 16.0922 47.5213 39.5259 12.7602 16.5405 22.336 31.8803 14.0838 70.9789 22.6095 48.3695 32.4212 18.6809 35.8982 26.4777 18.3706 36.7207 11.6487 27.2852 18.3013 16.2511 13.7403 12.7313 17.7965
internal_count=1301 988 128 860 735 313 64 625 572 414 350 330 286 53 158 131 42 56 72 110 48 249 78 171 107 62 125 92 64 131 40 98 64 57 45 44 62
is_linear=0
shrinkage=0.03


Tree=23
num_leaves=44
num_cat=0
split_feature=14 47 32 20 12 5 29 35 54 12 24 58 47 55 40 54 41 20 20 24 54 57 59 50 26 20 28 30 33 38 47 29 46 28 43 54 12 32 61 39 50 41 46
split_gain=18.6206 9.03742 4.21252 4.14692 3.77766 5.3095 4.28454 3.77934 3.63758 4.26143 3.63213 3.31447 3.91475 4.00239 6.53505 2.94672 3.53041 5.31291 5.32229 2.9397 2.89256 2.80937 2.74325 2.54873 2.52128 2.49273 2.49475 2.37221 2.08471 2.08005 2.03953 1.96654 1.83895 1.76594 1.76527 1.56236 1.55588 1.4288 0.979743 1.15213 1.70076 0.931562 0.195274
threshold=0.029994558375851157 -1.2881230599495297 0.51161105254744887 -0.79699419374302249 -0.09359115956586779 1.9007557770590664 0.38231267584774786 -0.85695683773416886 0.7099748687501416 -0.21824708930714287 -0.26169676984682394 -0.84553114790396355 -0.90762444152053223 0.51099872523404344 -0.42677370288916744 -0.826361296606274 0.2448112674498677 -0.79699419374302249 0.77385208232263436 -0.64943616159482009 -1.3797706842642725 1.4790752676841121 1.0000000180025095e-35 -0.43039993835472184 -0.94900464872711876 -1.0588019064206318 0.41690911360103705 0.63652215872958007 0.36683343449206246 0.22120873201962213 -0.86807350088196289 -0.33091735287126595 0.18691277517463759 0.41690911360103705 -0.72983611458011233 1.0519579884922761 0.095207275513903275 0.51161105254744887 221.00000000000003 0.65325259346794895 1.0000000180025095e-35 -1.031206930506009 -0.19953115630120807
decision_type=2 2 2 2 2 2 2 2 2 2 2 2 2 2 2 2 2 2 2 2 2 2 2 2 2 2 2 2 2 2 2 2 2 2 2 2 2 2 2 2 2 2 2
left_child=1 33 8 -4 5 7 15 34 9 10 22 -11 28 14 -14 20 27 35 23 -16 -6 38 -2 -19 -22 -9 31 36 -13 -5 -12 -27 -33 -1 -3 -18 -17 -20 -8 41 -41 -40 -25
right_child=2 4 3 29 6 -7 21 25 -10 11 30 12 13 -15 19 16 17 18 37 -21 24 -23 -24 42 -26 26 -28 -29 -30 -31 -32 32 -34 -35 -36 -37 -38 -39 39 40 -42 -43 -44
leaf_value=0.023025772797369542 -0.0013623261516172082 0.0033567931831969861 -0.015584419198791411 -0.004943537757920162 -0.0092213379889702612 -0.0181277880251388 -0.0053641938714635365 0.014091789369621332 -0.0050747294959567124 0.023371796803715209 0.013107399432841097 0.0037530713693983034 0.019669066679162781 0.024321038330932659 0.0042437178948543409 -0.022558635749202603 -0.018931699846310629 0.026918636978309221 -0.015718191021725572 -0.020322342135000112 0.021192786015323109 0.0036457330529316512 0.021581055672199614 0 -0.0011406084681051831 -0.020296055068143925 0.0065373641724914599 0 -0.015172707077121613 0.01419134517276302 0.039755753509900398 0.0078231511019442555 -0.011923949909582867 0.0024335029656846019 0.026796500922265532 -0.00054066337415622351 -0.0068227730582744017 0.0001348833451074632 -0.0067713471287871455 -0.01675291822706923 0.0015868008951430922 -0.023201149817927549 0.0078719994955718103
leaf_weight=9.9791104197502154 8.6512844264507311 6.2450049519538879 9.8954899907112139 6.7510159015655544 7.3735738694667843 10.040023535490034 9.9745567440986616 7.0294079184532157 9.3147100210189802 9.9342273175716382 7.0171247124671963 8.7405313551425952 10.828490167856213 11.343979150056837 6.791724085807795 19.273635894060138 13.933997660875322 7.823526769876481 7.3144110739231136 7.9073622226715177 8.8536627590656281 6.2081834375858298 7.3661350309848777 6.2078042924404153 6.9977247118949863 8.1253781318664497 11.425145894289015 9.7714115679264051 9.008248418569563 11.738278865814207 10.553152620792387 6.9194345176219993 6.8774969279766083 7.2023343741893759 6.7031510174274427 6.7561237812042227 12.004030197858809 10.40700253844261 6.4019909203052476 8.5590789914131147 6.8886885344982138 30.057938277721409 6.1626209318637839
leaf_count=30 26 20 33 21 24 34 33 22 29 30 21 27 33 34 21 64 46 25 24 25 28 20 22 20 23 26 36 32 29 36 31 22 22 22 21 22 39 34 21 29 23 101 20
internal_value=4.24073e-06 -0.0045137 0.00902891 -0.001021 -0.00597966 0.000276366 -0.00807259 0.0042521 0.0117162 0.0134224 0.0220684 0.00843409 0.00505827 0.0105515 0.00320036 -0.00456174 -0.00681424 -0.00186689 0.00467953 -0.00925928 0.00468774 -0.0140874 0.00979089 0.0148145 0.0117414 -0.000303092 -0.00398558 -0.0134217 -0.00597467 0.00705777 0.0312958 -0.00979338 -0.00183215 0.0156033 0.0174288 -0.0136392 -0.017291 -0.00681222 -0.0160052 -0.0177296 -0.00880398 -0.0208559 0.00464364
internal_weight=407.358 271.516 135.842 28.3848 254.335 63.365 190.97 53.325 107.457 98.1423 33.5877 64.5546 54.6203 36.8716 25.5276 122.88 99.6546 58.6055 37.9154 14.6991 23.225 68.0904 16.0174 20.194 15.8514 40.3769 33.3475 41.0491 17.7488 18.4893 17.5703 21.9223 13.7969 17.1814 12.9482 20.6901 31.2777 17.7214 61.8823 51.9077 15.4478 36.4599 12.3704
internal_count=1301 883 418 90 831 203 628 169 328 299 100 199 169 113 79 401 326 191 123 46 75 227 48 65 51 128 106 135 56 57 52 70 44 52 41 68 103 58 207 174 52 122 40
is_linear=0
shrinkage=0.03


Tree=24
num_leaves=49
num_cat=0
split_feature=3 38 33 55 49 28 29 46 58 16 13 46 54 55 55 4 16 47 55 37 29 36 35 46 58 33 58 29 60 55 35 38 47 35 26 47 18 46 23 46 50 3 43 46 11 39 54 54
split_gain=15.1761 6.86095 4.92867 4.46169 7.033 4.70661 4.16747 3.78643 3.47616 3.22939 4.48268 3.62762 5.25689 3.18073 5.67466 3.1705 4.69376 4.58729 4.51373 3.40897 3.14627 2.94455 2.85286 3.82576 3.5812 2.76057 2.59818 2.43 2.36335 2.16693 1.92778 2.95008 1.86697 1.85674 1.70645 1.50454 1.45732 1.33652 1.6956 1.2873 1.17089 1.00189 0.934483 0.728038 0.700307 0.51995 0.445325 0.235536
threshold=-0.099938161957900687 -0.71249314717769341 -0.21204223833880748 -0.4359146929748105 0.4119519235301437 -0.31883780117197397 1.0000000180025095e-35 1.6484797525740582 -0.84553114790396355 -1.1004609328145174 0.10690587367820704 -1.0495979861916724 0.091546517335228852 0.30843767758485074 0.68078779406188772 1.0000000180025095e-35 1.2050390783064608 0.054375493235775417 0.11137562290800726 0.13531124961836907 -1.0441473815902795 1.0000000180025095e-35 -0.19965064972660754 -0.77075456424537492 -0.84553114790396355 -0.84476681096789796 -0.84553114790396355 -0.68753236723077271 359.00000000000006 1.2167222318242867 -0.85695683773416886 -1.3561128891486585 0.42600706671532323 -1.5507800361865947 -0.17751936367368773 -0.22461853683562913 0.31000064812709816 0.11708370982916406 -1.0000000180025095e-35 0.055635846947793922 1.0000000180025095e-35 0.079617089529736368 -1.0997403550876441 0.055635846947793922 -0.11941894525406287 0.55599355307448572 -0.90963226907325867 -0.63508610660812848
decision_type=2 2 2 2 2 2 2 2 2 2 2 2 2 2 2 2 2 2 2 2 2 2 2 2 2 2 2 2 2 2 2 2 2 2 2 2 2 2 2 2 2 2 2 2 2 2 2 2
left_child=1 9 3 8 5 26 22 15 -3 33 11 12 -11 21 45 16 17 18 19 -2 -20 -7 27 -24 -25 -16 -5 -4 -17 43 31 -12 35 -1 -21 47 -28 -22 -39 -23 -9 -19 -13 -26 -10 -15 -30 -8
right_child=7 2 6 4 -6 13 32 40 44 10 30 42 -14 14 25 28 -18 41 20 34 37 39 23 24 29 -27 36 -29 46 -31 -32 -33 -34 -35 -36 -37 -38 38 -40 -41 -42 -43 -44 -45 -46 -47 -48 -49
leaf_value=0.0078260858271261748 0.021461670097008754 -0.00019175144563007512 -0.019919755940801222 0.001402692035010114 0.022217915173498623 0.0076472706345003484 -0.0021402686397394483 -0.009279805272947611 0.011485856976213862 -0.011028981014346722 0.0059615782926906464 0.026258071020089965 0.018396013934831316 0.024550002641404833 0.0078721319724233615 -0.00035442489896806377 -0.018951160376099556 -0.020850500160824896 0.0089513203792459372 0.010405831258246375 -0.017349849069424796 -0.021431433568148611 0.020978483298670698 0.013969408036099267 -0.0025204044185116125 -0.010903106587591414 -0.0059554417283465312 0.00097430222033616741 -0.0093256980768834045 0.0071683429570577259 0.0080909844337784375 -0.014868396216666777 0.00028118313815921324 0.028450231842495042 -0.0081591430794052035 -0.023331163583729636 -0.026017576164281315 -0.011763831688001195 0.0049397426145021735 -0.0028787913978043263 -0.027334048495647856 -0.0056040702366176396 0.011133967371880294 -0.014727559004973936 0.028609290892593356 0.0099426426856225741 -0.024326336291725158 -0.011241149760112156
leaf_weight=9.3488488793373126 14.401196867227556 8.49201747775078 8.4179562926292437 7.7651669085025814 11.506835550069807 7.777307033538821 7.6618556082248679 9.6659282743930834 8.8906244933605212 10.356805056333544 8.8756898641586286 13.096166163682939 8.5551750659942609 10.030975103378298 11.842209339141844 8.301046162843706 13.207394599914549 7.5859841406345394 11.29582169651985 7.3652089834213257 9.3751800358295458 7.3148721456527692 8.167937219142912 10.308048278093336 9.52590355277062 13.218915075063707 7.7034639418125179 8.8200756013393384 7.1555527746677425 7.3539907038211814 11.09327971935272 13.200408995151522 7.3417492508888236 11.233234286308287 7.336129963397978 12.634780406951904 9.096976697444914 9.0715845823287964 9.4830709993839264 7.7154847085475922 9.8517327010631544 12.254238933324812 12.615558624267576 12.327829122543333 9.2979889810085279 9.2554177045822126 12.117347061634062 7.3051504492759713
leaf_count=25 39 23 23 21 31 21 21 27 24 28 24 35 23 27 32 23 37 21 31 20 26 20 22 28 26 36 21 24 20 20 30 36 20 30 20 35 25 25 26 21 28 34 34 34 25 25 34 20
internal_value=-3.38103e-05 0.0035531 0.000667154 0.00451941 0.00154244 -0.0013028 -0.00427753 -0.00795799 0.0151293 0.0101224 0.00695914 0.0130223 0.00236168 0.00276853 0.00742837 -0.00588375 -0.00324741 -0.000550453 0.00311005 0.0118102 -0.00339472 -0.00594457 0.000185033 0.00406229 0 -0.00186175 -0.0121817 -0.00968663 -0.0147023 -0.00547001 -0.00123521 -0.00639275 -0.0123996 0.020522 0.00087367 -0.0158193 -0.0183885 -0.00879351 -0.0031967 -0.0133963 -0.0199787 -0.0127706 0.0200807 -0.0101671 0.0220568 0.019052 -0.0201214 -0.00756597
internal_weight=476.616 328.149 229.774 129.908 103.228 91.7208 99.8653 148.467 26.6806 98.3752 77.7931 44.6237 18.912 67.1552 44.3475 128.95 101.376 88.1684 68.3282 29.1025 39.2257 22.8077 64.9217 47.6837 39.5158 25.0611 24.5656 17.238 27.5739 29.2077 33.1694 22.0761 34.9435 20.5821 14.7013 27.6018 16.8004 27.9298 18.5547 15.0304 19.5177 19.8402 25.7117 21.8537 18.1886 19.2864 19.2729 14.967
internal_count=1301 890 625 352 280 249 273 411 72 265 210 120 51 182 120 356 279 242 187 79 108 62 177 130 108 68 67 47 77 80 90 60 96 55 40 76 46 77 51 41 55 55 69 60 49 52 54 41
is_linear=0
shrinkage=0.03


Tree=25
num_leaves=45
num_cat=0
split_feature=39 23 47 38 37 23 46 20 55 46 19 27 19 47 18 53 39 43 23 46 31 34 20 48 39 61 38 25 36 29 12 37 41 52 2 54 20 44 52 12 39 46 32 44
split_gain=5.0172 5.47993 4.99199 6.49268 5.39734 5.21757 6.81732 8.75575 4.80128 4.68936 4.11516 4.0416 3.89624 3.61441 3.56589 3.02207 3.01741 2.82638 6.42275 3.31363 2.76201 2.56264 2.23574 4.86628 3.74757 2.84729 2.73664 4.48541 2.18908 1.98147 1.96721 2.29946 1.87279 1.78062 1.7443 1.3437 1.31911 1.77067 1.30624 1.04999 0.641674 0.559237 0.365963 0.0765933
threshold=-1.077958325535697 -1.325868144071207 0.63232949464776456 -0.71249314717769341 1.0000000180025095e-35 0.95851556459009968 0.20776110111094795 1.035659795000244 1.7007328384650211 1.0992996883975044 -0.36399780621069711 0.86051465813719885 1.0000000180025095e-35 1.1343712357392521 0.41633568318941672 -0.33611145028219497 0.10450684977430362 -0.72983611458011233 0.2242493725203937 -0.39761659740413874 -0.36821410244001085 0.65537050254374385 0.51204436964502487 0.097547171625324905 0.28366823997278828 466.50000000000006 0.62913673749417753 -0.36788297411228221 0.72694471809073213 1.0955427045667618 -0.083035296049818033 -0.58936961502293583 0.2448112674498677 -1.0000000180025095e-35 -0.80989470963236332 0.051209772552325915 1.0000000180025095e-35 0.33773515778930435 -0.84499899464450479 1.4766033746857754 0.10450684977430362 0.5213859715460144 0.22784375290376183 -0.89964428542073438
decision_type=2 2 2 2 2 2 2 2 2 2 2 2 2 2 2 2 2 2 2 2 2 2 2 2 2 2 2 2 2 2 2 2 2 2 2 2 2 2 2 2 2 2 2 2
left_child=30 14 3 10 8 6 7 20 11 28 15 22 32 29 -2 -3 -15 21 -19 -20 -6 -18 23 25 -25 -5 35 -28 41 36 31 -1 -13 38 -10 -24 37 -4 -33 -32 -12 -8 -14 -38
right_child=1 2 13 4 5 -7 9 -9 34 -11 40 12 42 16 -16 -17 17 18 19 -21 -22 -23 26 24 -26 -27 27 -29 -30 -31 39 33 -34 -35 -36 -37 43 -39 -40 -41 -42 -43 -44 -45
leaf_value=0.0072029052736267522 0.0034150467987695042 0.017385910977139749 0.0015345772502812184 -0.0019498080072647378 0.0085438328618103725 0.03038115473486416 0.0049044053995592144 -0.0085332967705607395 0.027396818252458318 0.016804774061353701 -0.021352762414395852 -0.0068774729270179216 -0.023119059901878018 0.018382826181791441 0.030330989195407828 -0.0092691545534750175 0.0012903920117144202 -0.016989724987978641 0.00084235974326042553 0.030071262162200532 0.035455384443747941 -0.018665360955746352 -0.0072667606294647509 0.023113498468935043 -0.0042167867013835998 -0.022310663810238104 -0.00052162647533295992 0.032486306926490571 -0.01987621219536994 0.0016683742379316237 -0.022694058263919886 -0.0046224658110130866 0.013062276939616667 0.00082780344935774774 0.0048589328063490403 0.0079443421177007104 -0.0087547407729609214 -0.016888467224544727 -0.022170565602867624 -0.004014367852330265 -0.0060592568367637614 -0.0064113022439854705 -0.0089540959826449485 -0.020779772894643115
leaf_weight=9.9414567947387678 10.324140310287477 5.9451736807823181 10.14708596467972 20.351284205913547 6.9170344471931502 10.324869483709334 6.0175077021122032 7.2003792822360984 6.1659210026264191 6.6809507310390464 13.073962032794954 8.0364054739475268 10.141290336847307 5.8291718065738669 7.8719525933265677 6.2382791042327899 9.2256827950477618 6.2497172355651882 7.2328587472438821 6.3603615760803196 13.138324469327927 11.406745225191115 8.2688401639461571 8.5748501121997815 6.901025563478469 8.1360713541507703 5.8532299995422363 7.0256852209568006 8.7981590628623945 7.9566661715507498 9.6510577797889692 9.8712238967418653 5.9966286420822135 10.436338335275652 7.8557876944541913 9.5888444483280164 5.9935308098793056 6.2129384875297538 8.0535981655120867 5.7408854961395255 6.3743980824947348 6.4620208740234375 7.4610778987407675 16.341700702905655
leaf_count=34 35 20 35 69 23 33 20 24 20 22 47 27 35 20 26 22 32 22 25 21 42 40 28 28 23 28 20 23 30 27 34 34 20 36 26 32 21 22 28 20 22 22 25 58
internal_value=1.84291e-05 0.00143341 0.000437981 0.00293971 0.00510721 0.0119414 0.00767514 0.0179678 0.00123529 -0.00255909 -0.00927186 -0.000973267 -0.00974901 -0.00530653 0.0167871 0.0037793 0.000538104 -0.00245399 0.00525053 0.0165457 0.0276925 -0.00998845 0.00278327 -0.00145509 0.0112772 -0.00879014 0.00881725 0.0185781 -0.00960881 -0.0110683 -0.00833795 -0.00417257 0.00169553 -0.00852247 0.0168461 0.000573713 -0.0138011 -0.00595667 -0.0139189 -0.0170573 -0.0174194 -0.000584999 -0.0186037 -0.0185587
internal_weight=382.375 328.681 310.484 217.528 185.896 65.5392 55.2144 27.2557 120.357 27.9586 31.6318 106.335 31.6354 92.9565 18.1961 12.1835 46.3045 40.4754 19.8429 13.5932 20.0554 20.6324 74.6998 43.9632 15.4759 28.4874 30.7366 12.8789 21.2777 46.6519 53.6946 38.3026 14.033 28.3612 14.0217 17.8577 38.6953 16.36 17.9248 15.3919 19.4484 12.4795 17.6024 22.3352
internal_count=1301 1115 1054 731 620 216 183 89 404 94 111 358 107 323 61 42 160 140 68 46 65 72 251 148 51 97 103 43 72 163 186 132 47 98 46 60 136 57 62 54 69 42 60 79
is_linear=0
shrinkage=0.03


Tree=26
num_leaves=43
num_cat=0
split_feature=14 47 19 32 20 16 54 45 46 33 13 34 33 12 45 31 45 52 12 25 25 31 55 14 24 40 61 33 33 55 21 47 44 12 34 20 0 54 37 46 39 45
split_gain=17.5843 8.57741 4.61952 4.04997 3.99791 3.81436 3.47877 4.17171 3.87832 4.55126 5.67195 3.59654 3.07713 3.90514 3.87241 4.59436 3.71486 3.8572 4.78463 4.2146 4.2022 3.42995 6.37183 3.41683 3.04564 3.04516 2.80676 2.74117 2.40181 3.10299 2.10782 2.0292 1.89 1.47687 1.33336 1.97567 0.990165 0.977621 0.679301 0.60576 0.400412 0.106609
threshold=0.029994558375851157 -1.2881230599495297 -1.3074641658274369 0.51161105254744887 -0.79699419374302249 0.27451443487374599 0.7099748687501416 0.28576383772141151 0.04341281541655586 1.0000000180025095e-35 -1.3898159167221615 -0.24251994046170008 -1.08708686005989 1.283033085923752 0.1532939552628976 -0.80002221321507538 0.43654293728833155 0.40603223384198273 -0.14339306844774047 -0.7415096324417747 -1.0000000180025095e-35 1.0000000180025095e-35 0.12407634434393279 -0.93593742981587014 -0.26169676984682394 1.0000000180025095e-35 470.50000000000006 -0.40051338763257899 0.36683343449206246 -0.52112542302500486 -0.8302271271854853 -0.68903468406069523 0.33773515778930435 1.4766033746857754 -0.079267132642528534 1.0000000180025095e-35 -0.60190269755779402 -0.13916351364920251 1.0747123704496906 -0.42477746271149314 -1.0000000180025095e-35 1.4438576328827109
decision_type=2 2 2 2 2 2 2 2 2 2 2 2 2 2 2 2 2 2 2 2 2 2 2 2 2 2 2 2 2 2 2 2 2 2 2 2 2 2 2 2 2 2
left_child=1 32 30 6 -5 -6 7 8 11 37 -11 33 13 26 15 28 25 18 20 -19 -18 34 27 -21 -9 36 41 -23 -14 -30 -3 -12 -1 -2 40 -36 -16 -10 -32 -20 -17 -4
right_child=3 2 12 4 5 -7 -8 24 9 10 31 -13 14 -15 16 21 17 19 39 23 -22 22 -24 -25 -26 -27 -28 -29 29 -31 38 -33 -34 -35 35 -37 -38 -39 -40 -41 -42 -43
leaf_value=0.0041399106583578718 0.02959229133963609 -0.0017639751264571693 -0.022346845845643497 -0.015447856475379471 0.018688377158655057 -0.0065160394696554382 -0.0050378690203377015 0.0085831603544749713 0.02388238444753818 0.012101123928794068 -0.020238363536625108 0.00082822018783564326 -0.0078704693234851186 0.0083122498883751571 0.0066515904632018768 -0.024686042533988834 0.019819407991437214 -0.011195972530893 -0.0065747037246332799 -0.00032221819299889072 -0.010750501573038262 -0.021275338007809265 0.015352899070350159 0.024512335899685048 0.0332535977885694 -0.002467947600757016 0 -0.00012981537073533379 -0.0023824108649821885 0.020928963296710359 -0.021579034119954637 0 0.024959472392671333 0.009832267528604971 -0.016661103012594516 0.0029044464945844218 0.025675312070961655 0.0052025339738057241 -0.0066921463096219838 -0.022065343198236442 -0.010558059199562818 -0.0095472787844103468
leaf_weight=9.4618692696094531 13.583034962415701 9.4694020152091962 19.069323986768726 9.8400913774967211 9.7284488677978533 8.8415248394012433 9.3052409589290601 9.6275889277458209 6.9998758435249329 11.566226869821547 11.585355699062346 9.711959093809126 8.2792300283908862 6.0985017120838156 6.3179474472999582 14.640164017677307 6.6532104909420013 6.7062706053257015 6.3697095513343838 7.7334329783916518 6.4386965334415454 10.961976408958433 10.288837760686873 10.353331118822094 13.092289477586744 7.382116734981536 7.299597054719924 10.976959913969042 8.424834221601488 9.4041714668273908 23.190550297498707 7.3541651070118013 7.8350693583488455 8.5669354498386365 8.1639770865440351 7.382262408733367 9.1185379922389984 6.5195232629775983 6.5316372513771048 11.827951014041899 8.1782135665416718 6.0396771430969229
leaf_count=29 40 31 64 33 29 28 29 29 21 35 37 30 27 20 20 49 21 22 21 25 21 37 33 32 38 24 24 36 27 29 80 23 23 26 27 24 29 20 22 39 27 20
internal_value=7.56763e-06 -0.00439993 -0.00583825 0.00875259 -0.00109409 0.006799 0.0113792 0.0130407 0.00920961 0.00307735 -0.00326887 0.0169837 -0.00400583 -0.0115613 -0.00223124 -0.00623207 0.0026223 -0.00149141 -0.0084045 0.00698666 0.0048141 -0.0101757 -0.0025427 0.0143759 0.0242262 0.0124479 -0.0156803 -0.0116367 0.00418719 0.0102731 -0.0151849 -0.013148 0.015129 0.0233118 -0.0161004 -0.00758023 0.0195221 0.016693 -0.0189784 -0.0178614 -0.0208328 -0.0202053
internal_weight=406.92 270.597 253.301 136.322 28.4101 18.57 107.912 98.607 75.8871 44.0251 30.5057 31.8619 214.109 38.5071 175.602 96.7006 78.9012 56.0826 31.2896 24.793 13.0919 70.5924 32.2278 18.0868 22.7199 22.8186 32.4086 21.9389 26.1082 17.829 39.1916 18.9395 17.2969 22.15 38.3646 15.5462 15.4365 13.5194 29.7222 18.1977 22.8184 25.109
internal_count=1301 883 831 418 90 57 328 299 232 136 95 96 698 128 570 316 254 181 102 79 42 233 106 57 67 73 108 73 83 56 133 60 52 66 127 51 49 41 102 60 76 84
is_linear=0
shrinkage=0.03


Tree=27
num_leaves=47
num_cat=0
split_feature=3 38 42 43 55 46 12 37 52 18 19 27 55 55 52 12 53 21 44 42 47 32 54 25 16 44 47 52 30 23 34 14 41 46 46 43 30 49 18 42 50 34 12 12 19 55
split_gain=14.3607 6.47883 5.19234 4.71798 3.70621 3.79711 4.58365 5.77591 3.44881 3.09856 3.4705 2.92569 2.91333 6.34042 4.00454 4.34294 3.11654 2.99748 2.71726 2.62454 4.49625 5.36971 4.03772 2.45683 2.41275 3.06166 2.44599 2.39392 2.26965 2.20404 2.08454 2.02944 1.99952 1.71488 1.68017 1.6634 1.61004 1.60495 1.57245 1.29959 1.24385 1.20835 0.69177 0.629081 0.235195 0.143955
threshold=-0.099938161957900687 -0.71249314717769341 1.5319855783721592 1.0000000180025095e-35 0.49426812197305148 -0.021201738862098366 -1.5751967796631596 0.13531124961836907 1.0000000180025095e-35 -2.0131522690122439 -0.83573098601906703 1.1782093360012698 0.36192934035083496 1.0000000180025095e-35 -0.84499899464450479 -0.15349940453918273 0.88109382965416072 0.2893639507811554 0.33773515778930435 1.0000000180025095e-35 0.45659913294598964 -0.74957694586893819 0.8861248956749912 -0.36788297411228221 -0.51088464605934425 -0.65216839677872673 0.2822340363183477 0.40603223384198273 1.1335653209406644 -0.67318708445369091 -0.48739915219045743 0.88451397298149204 -1.0000000180025095e-35 0.12327616030684026 -1.0495979861916724 -1.0997403550876441 -0.48182495624535909 -0.2194434652537364 0.67654210688728578 -1.0000000180025095e-35 -1.0000000180025095e-35 -1.0000000180025095e-35 1.5332242364934208 -0.085013796809745898 1.0512017332144132 0.13963519596364735
decision_type=2 2 2 2 2 2 2 2 2 2 2 2 2 2 2 2 2 2 2 2 2 2 2 2 2 2 2 2 2 2 2 2 2 2 2 2 2 2 2 2 2 2 2 2 2 2
left_child=1 9 12 -4 5 8 31 37 44 -1 34 38 13 19 33 -16 23 -15 -18 20 21 -3 29 27 25 -12 40 -17 -13 -21 -23 -7 -25 -14 -11 -36 -31 -8 42 -28 -26 -30 -6 -10 -2 -19
right_child=4 2 3 -5 11 6 7 -9 43 10 24 28 14 17 15 16 18 45 -20 22 -22 30 -24 32 26 -27 39 -29 41 36 -32 -33 -34 -35 35 -37 -38 -39 -40 -41 -42 -43 -44 -45 -46 -47
leaf_value=0.023853926935973633 -0.011194739050463167 0.015167339439322866 0.030820918762046724 0.00112447467805135 -0.025776157119266299 0 0.02886162942050707 -0.0058333113961311512 -0.0063463009773389832 0.0050844228411728483 0.019909066353354647 0.0057837203715686951 0.000237862766799702 -0.00067807246906903128 -0.011762181743208779 0.028722756402398093 -0.0097855304628159511 -0.025576493825935333 0.011493649517255207 0.0024624615714734935 0.018692072154367276 0.0011326955731076236 0.008352211506909955 0.016100177632578733 -0.0021381259006884039 -0.0031952372499849842 -0.014717608964542515 0.0069880149797913625 -0.0033239877160474913 -0.0227364731489333 -0.018126774737905655 -0.018924617199249164 -0.0011692727358673769 -0.018264494539876757 0.026857317940952721 0.0065390611823581473 -0.0052627199781569971 0.0088920799360062471 -0.0058806071008539289 0.00020269835078294031 0.013168074727796769 -0.018561142115827284 -0.0096855432133494956 0.0049838201036320039 -0.026214143499375019 -0.013868145601018768
leaf_weight=11.609211474657057 7.5990597605705279 9.9627692103385908 7.855346471071246 11.080934911966322 19.541317820549015 9.7133574187755602 7.4197279512882242 13.888056457042692 7.1941216886043549 13.038044512271879 11.201396435499193 9.4156495630741137 7.3575075268745405 11.675208061933516 8.7765005528926832 12.308425903320311 11.372601151466371 9.0422004759311694 7.7497992217540732 7.697457522153857 14.460814088582991 7.3057663142681148 13.692137479782103 8.0860480368137342 7.369733840227128 7.4193828105926505 11.718313336372374 9.9929621517658216 12.249656885862354 10.955809801816942 10.948943942785265 8.9047835171222669 14.280474841594701 7.9544150829315186 12.35857108235359 7.8097493052482632 11.378073036670683 11.740229487419128 9.3085463643074018 7.3690121769905117 8.511769831180569 8.852665096521374 7.1862480938434592 7.2718245685100538 7.7364939451217651 15.680422484874724
leaf_count=31 21 27 21 30 55 27 20 38 20 35 30 26 20 32 24 33 31 25 21 21 39 20 37 22 20 20 32 27 34 30 30 25 39 22 33 21 31 32 26 20 23 25 20 20 22 43
internal_value=-3.70009e-05 0.00344944 0.000642336 0.0150951 -0.00776026 -0.00327289 0.00157813 0.00826119 -0.0115473 0.00983137 0.00751449 -0.0129718 -0.000725965 -0.00371481 0.0033757 0.00637653 0.00917691 -0.013954 -0.000661964 0.000694831 0.00594218 -0.00100363 -0.00432162 0.0134036 0.00251409 0.0108531 -0.00202565 0.02029 -0.00545718 -0.0104127 -0.0106144 -0.00971783 0.00544216 -0.00978908 0.014954 0.0202637 -0.0149776 0.0184498 -0.0187035 -0.00907083 0.00614855 -0.0107892 -0.022407 -0.000341872 -0.0207886 -0.0195973
internal_weight=476.042 328.02 229.615 18.9363 148.022 81.4677 51.6662 33.048 29.8015 98.4052 86.796 66.5541 210.678 122.8 87.8787 72.5668 63.7903 36.3978 19.1224 86.4018 42.6783 28.2175 43.7235 44.6679 53.5896 18.6208 34.9688 22.3014 30.518 30.0313 18.2547 18.6181 22.3665 15.3119 33.2064 20.1683 22.3339 19.16 36.0361 19.0873 15.8815 21.1023 26.7276 14.4659 15.3356 24.7226
internal_count=1301 890 625 51 411 225 142 90 83 265 234 186 574 335 239 197 173 100 52 235 116 77 119 121 145 50 95 60 85 82 50 52 61 42 89 54 61 52 101 52 43 59 75 40 43 68
is_linear=0
shrinkage=0.03


Tree=28
num_leaves=42
num_cat=0
split_feature=39 23 38 46 46 53 23 27 45 49 61 9 30 46 1 53 45 53 40 13 52 45 12 33 49 19 0 46 56 20 39 32 44 12 36 32 19 40 50 45 45
split_gain=4.85032 5.23288 4.45828 5.36819 5.06569 4.07298 4.44116 4.99842 4.03676 4.34174 4.23159 3.39659 3.38741 3.1417 3.28686 3.6327 3.49701 2.95469 4.93174 4.3064 2.91153 2.80545 2.3828 2.25046 2.33595 5.11756 2.22389 1.87655 1.36766 1.35264 1.31999 1.05272 1.1832 1.0428 0.922756 0.858061 0.757207 0.748304 0.703374 0.21161 0.111075
threshold=-1.077958325535697 -1.325868144071207 -0.71249314717769341 -0.80416392468614928 -0.047513958424057472 1.4896964696223387 -0.67318708445369091 0.86051465813719885 0.38508052440089446 0.20148679393551697 239.50000000000003 -0.25598191035994189 -0.66821614207451541 -0.47820733508623608 0.48407596517638057 -0.33611145028219497 0.068860294159271238 -0.33611145028219497 -0.29018453568642755 -0.43656173947812615 0.40603223384198273 0.24647271750939162 -0.11231312841460854 1.8207537290440154 -0.42990859484836313 -0.59986439611488207 -0.45731112764902188 0.20776110111094795 -1.0000000180025095e-35 -0.79699419374302249 0.10450684977430362 0.97404665196679119 -0.89964428542073438 -0.088150875180910027 1.0000000180025095e-35 1.0000000180025095e-35 -1.0000000180025095e-35 1.0000000180025095e-35 -0.21849820900770453 -0.10797533132285671 -1.1656498221012739
decision_type=2 2 2 2 2 2 2 2 2 2 2 2 2 2 2 2 2 2 2 2 2 2 2 2 2 2 2 2 2 2 2 2 2 2 2 2 2 2 2 2 2
left_child=23 11 13 12 8 6 27 17 9 10 -5 -2 -4 14 15 30 -17 19 -19 -8 -10 -9 -7 24 33 37 -14 -6 -12 -23 -3 32 35 -1 -30 -15 -29 -26 -16 -28 -27
right_child=1 2 3 4 5 22 7 21 20 -11 28 -13 26 31 38 16 -18 18 -20 -21 -22 29 -24 -25 25 40 39 36 34 -31 -32 -33 -34 -35 -36 -37 -38 -39 -40 -41 -42
leaf_value=-0.0043795675120532679 0.02948567490919848 0.022724906064758688 0.0084014155566525927 -0.0017202816345802188 0.0014495569999458306 0.0015084916913134395 -0.0058897533276715411 0.0026796027424425364 0.0097135439510349884 -0.0055076115630909184 0.031330511824800795 0.0032967730598624048 -0.00057907310227134595 0.00050792054359043192 -0.019920270128479363 -0.016403061803659226 0.01072658926436176 -0.018398884196043797 0.0057156348803236038 0.020727068767624007 -0.012742674086610293 -0.0022390170209538106 0.026741222865009528 0.0053511089102386902 0 -0.0078220653873361749 -0.023021457564049309 -0.0047761001941273506 0.020951857791958073 -0.02109188922281377 0.0035220343813363252 -5.9497536400234793e-05 -0.02146079586837403 -0.022221703261603269 0.0041797953948623408 -0.013375476195942088 -0.02109501312890634 0.014722425114137483 -0.0029766634210426201 -0.0090269822297781889 -0.021039286343525868
leaf_weight=5.7975483536720303 7.9738381803035763 7.5096074044704419 6.9213381707668296 6.0498426258563986 5.9284936785697964 6.8978483378887177 6.2198365330696133 11.576009511947634 9.8665682971477526 6.02371922135353 15.646080315113068 10.352150946855543 9.2735900580883044 6.290622085332874 5.5139304995536804 8.7370553314685839 5.7565903663635245 7.6132550537586203 44.461422294378281 19.448283433914185 8.0413623154163343 6.2627057433128401 6.7979974746704084 7.8488033115863791 6.3922607898712158 5.6654757261276245 10.754295051097872 5.8819361031055513 8.3666816055774671 11.258194118738171 7.3709951937198639 5.7702685296535483 13.338018238544464 14.592644035816191 7.0418798029422769 6.4553227424621582 11.476825952529902 6.4617936313152313 5.5429227054119092 6.1866340935230246 6.7112865447998047
leaf_count=20 26 25 23 20 20 23 21 39 33 20 50 35 32 22 20 31 20 27 149 63 28 21 22 27 22 20 38 20 27 39 25 20 48 51 23 23 40 22 20 22 24
internal_value=2.23131e-05 0.00141169 0.000434897 0.00243716 0.00427737 0.00111922 -0.00054638 0.00203357 0.0114178 0.0162498 0.0200142 0.0163632 -0.00845905 -0.00599164 -0.000209342 0.00492015 -0.00525712 0.00602898 0.0016617 0.0140874 -0.000266531 -0.00821772 0.0158311 -0.00821269 -0.0107696 -0.0039621 -0.0133409 -0.0120318 0.0243168 -0.0153765 0.0147727 -0.0128115 -0.0152583 -0.0180705 0.0146925 -0.00677029 -0.0167033 0.00856191 -0.0132743 -0.0193862 -0.016921
internal_weight=382.076 328.606 310.28 237.995 204.859 143.823 130.127 106.84 61.0361 43.1282 37.1045 18.326 33.1359 72.2853 40.4311 29.3742 14.4936 77.7428 52.0747 25.6681 17.9079 29.0969 13.6958 53.4698 45.621 25.2308 26.2145 23.2873 31.0546 17.5209 14.8806 31.8542 26.084 20.3902 15.4086 12.7459 17.3588 12.8541 11.0569 16.9409 12.3768
internal_count=1301 1115 1054 800 685 484 439 359 201 140 120 61 115 254 141 101 51 260 176 84 61 99 45 186 159 88 92 80 100 60 50 113 93 71 50 45 60 44 40 60 44
is_linear=0
shrinkage=0.03


Tree=29
num_leaves=47
num_cat=0
split_feature=14 48 32 12 5 30 45 39 54 35 54 45 46 58 34 52 43 31 24 54 54 34 48 55 41 45 36 23 46 32 2 1 44 3 25 43 41 12 28 53 34 38 41 2 13 45
split_gain=16.6888 8.20051 3.87258 3.52563 5.01743 3.90702 4.45868 4.80726 4.60659 3.62942 3.32299 3.94035 3.65557 4.24328 3.39492 3.29297 3.18483 2.86937 2.86127 2.7855 6.27528 2.4297 2.78508 2.24697 2.86912 4.30561 2.18049 1.94218 1.89258 1.84336 1.84818 1.83583 1.7984 1.77403 2.57697 1.62217 1.42658 1.35814 1.05217 1.00938 1.32833 1.3026 0.938759 0.926043 0.901384 0.67324
threshold=0.029994558375851157 -1.3286572504363161 0.51161105254744887 -0.09359115956586779 1.9007557770590664 -0.44040469272776867 0.95554997702272759 0.41983089652363698 -0.7196441503540757 -0.85695683773416886 0.7099748687501416 0.28576383772141151 0.04341281541655586 -0.84553114790396355 -0.24251994046170008 1.0315478480852267 0.24287503638413829 1.1431142852727152 -0.26169676984682394 -0.0028157515967687156 -0.83217027761944085 0.32886488690540056 0.51626118500333407 -0.2998609016587534 0.2448112674498677 0.57584430276081933 0.72694471809073213 0.95851556459009968 -0.66893813692938675 0.76384865223072651 -1.0000000180025095e-35 -0.12962430835017635 0.33773515778930435 -0.80648807656175348 1.0000000180025095e-35 -0.72983611458011233 0.56381581693883687 1.4766033746857754 -0.68671125855847925 -1.5533167302185504 -0.97715757564797212 -1.2473320876887772 0.56381581693883687 -0.87056604517478575 -0.64916593715915127 1.4768545791834178
decision_type=2 2 2 2 2 2 2 2 2 2 2 2 2 2 2 2 2 2 2 2 2 2 2 2 2 2 2 2 2 2 2 2 2 2 2 2 2 2 2 2 2 2 2 2 2 2
left_child=1 32 10 4 9 33 7 8 16 35 11 12 14 -14 37 21 28 31 -13 20 26 -9 -23 -11 25 -25 -15 -26 -7 30 36 44 -1 34 38 -3 -10 -2 -5 -35 -41 42 -42 -22 -4 -8
right_child=2 3 17 5 -6 6 45 15 29 23 -12 18 13 19 -16 -17 -18 -19 -20 -21 43 22 -24 24 27 -27 -28 -29 -30 -31 -32 -33 -34 39 -36 -37 -38 -39 -40 40 41 -43 -44 -45 -46 -47
leaf_value=0.0040104004336352769 0.02858833917054979 0.0033920774825447119 -0.0191608746276112 -0.0015295208165707677 -0.01773599171409072 0 -0.022997458999204128 0.013500363729331968 -0.021342285573407456 -0.010849949651543801 -0.0049802252931207469 0.0083376898933520075 0.021694106101635122 -0.019815693079061895 0.00076242581567309922 0.024459931238489548 -0.010267444925166364 0.0134855040724057 0.03221274374884843 -0.015005226189810754 0.024422722378298158 -0.017919159032980799 0.0063555431819533473 -0.0026017052474353241 -0.013835965386830388 0.027744752593241578 0.0012978833205076761 0.0060409635107882796 0.022137852472347935 0.001861637618391293 0 0.0050567585632843703 0.024285190747345333 -0.0033849897983988277 0.0092705349145843826 0.025961562249046135 -0.0046525363066982177 0.009578210287438018 -0.018414744302516838 -0.0034241357072937102 -0.015250506236246058 -0.022315332749754162 0 0.0057352800106829109 -0.0030284474068476741 -0.0065084229954295867
leaf_weight=9.4847811758518237 13.738529324531557 6.2335240542888641 7.3091561794281041 7.1987180709838876 9.8536653816699964 6.2069261670112619 9.383954852819441 8.6846159994602257 20.540621072053909 11.519367635250086 9.2908416688442212 9.6657783985137957 7.3446019887924185 7.2717540860176051 9.7232663631439191 7.0457279086112967 6.1757026314735404 7.0880829095840445 13.23498886823654 8.5577645301818865 6.9321708381175995 6.5402887463569623 7.368085652589798 7.2602199316024834 8.0601159334182721 6.9650563895702362 7.5099867284297943 6.5353386998176566 7.5082260966300973 6.7156338393688193 6.1807805597782162 6.5281633734703073 7.903116673231124 7.8227774500846854 6.6925771236419669 6.7856187820434553 8.3827221095561963 8.6034882068634015 7.2652511596679696 7.6935095787048331 7.339270472526545 31.46304222941399 6.5696257650852203 6.4419956803321838 7.4725665748119354 6.3493125438690177
leaf_count=29 40 20 24 24 34 20 32 28 69 37 29 29 22 23 30 22 20 22 38 27 21 22 24 23 26 21 23 21 24 22 20 20 23 26 22 21 28 26 25 25 25 107 22 20 24 21
internal_value=7.62545e-06 -0.00430132 0.00850679 -0.00571639 0.000325275 -0.00775386 -0.00381384 -0.00108484 -0.00587776 0.00416371 0.0110668 0.0126839 0.00895724 0.00299218 0.0164746 0.00850421 0.00553061 -0.00112225 0.0235137 -0.00129685 0.0032156 0.00206626 -0.0053032 -0.000308851 0.00403477 0.0131043 -0.00958893 -0.00482945 0.0133495 -0.0114461 -0.0141278 -0.00681141 0.0147401 -0.0126637 -0.00435923 0.0170355 -0.0171703 0.0225827 -0.0113202 -0.0152788 -0.0167809 -0.0187357 -0.00886492 0.017311 -0.0124043 -0.017837
internal_weight=406.441 269.728 136.713 252.34 63.2129 189.127 107.083 91.3493 61.7106 53.3592 108.315 99.0243 76.1236 44.0583 32.0653 29.6387 19.8909 28.398 22.9008 36.7137 28.1559 22.593 13.9084 40.3401 28.8207 14.2253 14.7817 14.5955 13.7152 41.8198 35.1041 21.3099 17.3879 82.0448 21.1565 13.0191 28.9233 22.342 14.464 60.8882 53.0654 45.3719 13.9089 13.3742 14.7817 15.7333
internal_count=1301 883 418 831 203 628 352 299 203 169 328 299 232 136 96 96 64 90 67 114 87 74 46 128 91 44 46 47 44 139 117 68 52 276 71 41 97 66 49 205 179 154 47 41 48 53
is_linear=0
shrinkage=0.03


Tree=30
num_leaves=49
num_cat=0
split_feature=14 38 42 43 46 55 55 39 55 28 40 35 16 19 38 35 46 16 12 59 40 48 52 27 25 48 1 30 16 18 21 38 39 35 46 55 35 55 40 59 2 55 48 50 39 48 26 55
split_gain=13.4332 6.84998 5.0436 4.52576 3.81817 2.96145 5.93616 3.9325 3.22639 3.60779 3.88117 2.8168 3.44002 5.20811 2.94678 2.74197 3.99363 4.45711 4.35279 2.68354 2.59386 4.77774 4.15833 3.75919 2.55149 2.52049 2.40623 2.85953 2.29958 2.22408 2.20382 2.11908 2.03617 2.00609 3.29531 1.68523 1.64332 1.56406 1.54639 1.50975 1.43555 1.37781 1.21254 1.19136 0.967733 0.832222 0.427701 0.0394041
threshold=-0.020689971919403524 -0.71249314717769341 1.5319855783721592 1.0000000180025095e-35 1.6484797525740582 0.37112890359837947 1.0000000180025095e-35 1.2368068358287287 0.68078779406188772 1.0000000180025095e-35 0.79277243284958088 -0.41875271239579454 -1.1004609328145174 -1.3074641658274369 -1.3561128891486585 1.1149617262885154 0.73068403136855353 0.8083895190675543 -1.6163878908051139 0.33773185147388385 -0.61648087955963893 0.47058168615526291 0.40603223384198273 1.0000000180025095e-35 -1.0000000180025095e-35 0.087151070005382081 -0.67112454969713886 0.13947899651849585 0.26833450457803815 0.59977685616171994 0.2893639507811554 1.0000000180025095e-35 0.10450684977430362 -0.41875271239579454 0.055635846947793922 -0.44909749300689278 -1.5507800361865947 0.52583091713745345 -0.29018453568642755 0.33773185147388385 -0.1338426850167985 -0.92336763284918344 -0.94865513163510506 1.0000000180025095e-35 0.10450684977430362 0.70302721993749029 -0.17751936367368756 0.13963519596364735
decision_type=2 2 2 2 2 2 2 2 2 2 2 2 2 2 2 2 2 2 2 2 2 2 2 2 2 2 2 2 2 2 2 2 2 2 2 2 2 2 2 2 2 2 2 2 2 2 2 2
left_child=1 11 5 -4 15 6 20 8 19 -10 24 12 36 41 45 16 18 -18 -2 37 22 23 32 25 -11 31 27 28 -20 -29 -8 -22 -3 -28 -35 -23 -1 -7 40 42 -16 -14 -17 -6 -42 -15 -30 -32
right_child=4 2 3 -5 43 7 30 -9 9 10 -12 -13 13 14 38 39 17 -19 26 -21 21 35 -24 -25 -26 -27 33 29 46 -31 47 -33 -34 34 -36 -37 -38 -39 -40 -41 44 -43 -44 -45 -46 -47 -48 -49
leaf_value=0.0070555019470635019 -0.021756552482309947 -0.0047490720707709481 0.030175865022746926 0.0010858232968976105 -0.0086949448158377511 0.0057969510396451386 -0.002033273221446696 0.020346763792857842 -0.017654035611642579 -0.014683089146434207 0.013028576755311317 0.026089036288576575 0.022667154596156924 0.015605943826340772 0 -0.0071550245733714261 -0.0031372669381321034 0.021813555450657499 -0.00046672987958756038 -0.0048690107815189294 0.008356502578636734 0.026145906030985908 0.0075496718135057506 0.012862204479059449 0.0033776795915714929 -0.020888768631477313 0.011064741891507647 0.01206988695670904 -0.026809449245062001 -0.0067803184380040701 -0.02463940555073673 -0.010354348108619489 -0.025112481562702571 -0.015861440240582329 0.0071221332723136691 0.0049336582387348718 0.026642091349717116 0.024822217688694529 0.0043510974901986065 -0.0033841680587561999 -0.021998890615950662 0.0050607856831180534 -0.026728544904586645 -0.026714806126847866 -0.0046821637944516863 0.0010202524790713296 -0.01038913715156909 -0.013630432312398123
leaf_weight=9.3594467639923113 12.024544179439543 12.091818839311605 7.8607356548309353 11.081491827964781 9.5831488966941851 11.045625209808355 11.305936783552168 9.2808797657489759 10.893346339464186 12.855109959840771 13.61089652776718 8.1956465244293195 12.344283372163774 7.4090809524059242 8.9057966470718402 7.5315753519535056 13.784496158361437 9.6111280322074872 8.0149925351142901 7.3377033472061148 9.1748372912406975 8.2041223645210248 11.107318878173826 9.9285698533058149 12.100334435701374 7.2635594010353079 13.858986914157866 7.697935342788699 7.817521780729292 12.942623138427733 8.2775281667709368 9.4968110322952253 7.665517032146453 8.588363468647005 10.941699683666227 7.7499465048313132 10.482285439968107 7.4413360059261313 7.7681882083416047 10.386015951633452 7.6908202171325666 8.5865462720394117 8.4575589299201983 9.7057316005229932 7.3153710663318634 7.7787053287029266 7.2400141656398773 15.641824901103972
leaf_count=25 34 33 21 30 27 30 31 25 30 35 37 22 33 20 24 21 38 26 22 20 25 22 30 27 33 20 38 21 22 36 23 26 21 24 30 21 28 20 21 29 21 23 24 28 20 21 20 43
internal_value=-3.68129e-05 0.00350869 0.000560141 0.0147797 -0.00715125 -0.000839648 -0.00391517 0.00337228 0.000844969 -0.0035471 0.000799516 0.0101456 0.00817345 0.00462827 -0.000912231 -0.00522966 -0.00302778 0.00756847 -0.00595472 0.00920924 0.000464455 0.00458824 -0.00616525 -0.00146462 -0.00600405 -0.00757131 -0.00304583 -0.00760725 -0.01453 0.000320338 -0.0139577 -0.000925086 -0.0141465 0.00282434 -0.00311005 0.017495 0.0188294 0.0150433 -0.00616706 -0.0137397 -0.00987529 0.0165333 -0.0192561 -0.0193241 -0.0151133 0.00925834 -0.020933 -0.0189054
internal_weight=475.438 317.251 221.415 18.9422 158.186 202.473 117.908 84.5652 75.2844 49.4597 38.5663 95.8362 87.6405 67.7988 46.868 138.897 112.522 23.3956 89.1267 25.8247 82.6825 51.8178 30.8647 35.8638 24.9554 25.9352 77.1021 43.7131 23.0725 20.6406 35.2253 18.6716 19.7573 33.3891 19.5301 15.9541 19.8417 18.487 31.6802 26.3752 23.912 20.9308 15.9891 19.2889 15.0062 15.1878 15.0575 23.9194
internal_count=1301 861 603 51 440 552 322 230 205 135 105 258 236 183 127 385 311 64 247 70 225 141 84 98 68 71 213 121 64 57 97 51 54 92 54 43 53 50 86 74 65 56 45 55 41 41 42 66
is_linear=0
shrinkage=0.03


Tree=31
num_leaves=45
num_cat=0
split_feature=40 30 1 18 25 55 19 47 41 37 38 11 37 55 38 30 47 31 34 37 40 29 29 44 46 37 34 55 19 37 2 32 56 61 56 54 47 19 19 38 46 25 55 46
split_gain=4.56882 4.72906 3.41219 4.5633 3.27491 2.9943 4.01205 2.69074 3.21582 2.83163 4.01383 3.55582 3.62971 2.49203 2.41111 7.75175 3.05507 3.63971 3.88607 3.52376 3.51493 2.72952 2.49272 2.23556 2.22749 2.56259 2.17873 3.09316 2.07461 2.41617 1.92968 1.82822 2.02476 1.62518 1.59499 1.56325 1.43563 1.22934 2.9501 4.50365 0.907905 0.831805 0.464812 0.182193
threshold=0.33067531523511701 0.38800057762403822 -0.70722456578693571 0.62688490415702947 0.28596367796432992 -0.28078595390917338 1.1691350281665056 0.29437251866829423 -1.031206930506009 0.13531124961836907 0.71072233858908862 0.51810624431295482 -1.0859102074623486 0.21654980798746851 -0.71249314717769341 -1.1031289090092138 0.63232949464776456 -0.58411815782754306 -1.4669159991054868 1.0000000180025095e-35 -0.42677370288916744 -0.68753236723077271 -0.68753236723077271 0.83268693507332003 -1.0495979861916724 1.2625925946159551 -0.24251994046170008 0.4520809113683486 -1.0715975759232521 0.61843182604590607 -0.1425100186657158 -0.74957694586893819 1.0000000180025095e-35 198.00000000000003 1.0000000180025095e-35 -0.87534059785651019 1.3542674677597182 0.46153525845395038 -0.95366428097115963 -1.1657464865938658 1.1738652860833949 0.75299700087619603 1.0037109277405929 -0.021201738862098366
decision_type=2 2 2 2 2 2 2 2 2 2 2 2 2 2 2 2 2 2 2 2 2 2 2 2 2 2 2 2 2 2 2 2 2 2 2 2 2 2 2 2 2 2 2 2
left_child=2 4 13 14 5 -2 26 8 -3 10 42 23 40 -1 24 -16 17 18 -17 20 -19 30 -20 -12 25 31 -7 -28 -21 -30 -18 -4 -33 -26 -22 -6 43 38 -35 -40 -13 -5 -10 -23
right_child=1 7 3 41 35 6 -8 -9 9 -11 11 12 -14 -15 15 16 21 19 22 28 34 36 -24 -25 33 -27 27 -29 29 -31 -32 32 -34 37 -36 -37 -38 -39 39 -41 -42 -43 -44 -45
leaf_value=0.019295977316799651 -0.0022997671908059278 -0.012623879467135573 -0.0052632499613176958 -0.021307245268685174 0.0097066925571925051 0.0068872904682607764 -0.00062478641012078976 -0.014338999304448123 0.0090823159124303852 -0.012698538870973254 -0.01886534831302367 0.005425299092443471 0.021276165317497091 -0.0029071371827214059 0.02482906502332604 0.0093396300436784409 -0.0079092094097299431 0.01210916977132395 0.0011118593018616299 0 0 -0.021164285381482614 -0.019054773315150455 0.0020907448673466132 0.0022191372591001818 -0.010606557548812368 0.038091522466460657 0.0097747531095988185 0.02644914397000472 0.002477815038866015 0.013781759949504761 0 0.023253985107776546 -0.019527045475466128 -0.015537580842267517 -0.0067706157444207228 -0.0022761960234684285 -0.019634687640227546 0.017478408363771913 -0.011859211803195444 -0.0092365643987361197 -0.0059519399836738653 0.02671035115910796 -0.0079277077930275611
leaf_weight=9.3930251002311689 6.259895682334899 10.048835843801497 6.0824600160121944 12.403357446193697 7.4611426591873196 7.2678698897361782 6.8952243626117697 9.3582907915115339 5.9804274439811689 5.8412567973136893 7.6175345778465253 5.9357925653457571 10.140206217765815 6.5088824331760398 9.3229174017906171 8.4563157260417956 5.6848930716514587 10.711549699306486 7.0849125385284468 7.3749129474163082 10.675448566675191 12.311717957258226 15.732912987470623 7.7664467394351959 6.8559809029102317 10.656951934099196 12.038489907979967 7.3594830930232993 11.667811363935472 6.6084583997726432 5.8906339406967145 6.5359738767147082 6.2609150111675262 9.3802415728569013 10.195143431425093 10.77304297685623 8.7625043094158155 14.036416798830031 6.6621422767639169 9.6007007658481633 5.9566975831985474 7.7907778322696677 6.7998923361301422 5.6823514997959164
leaf_count=31 21 35 21 44 25 24 23 33 20 20 26 20 33 22 30 29 20 36 24 24 36 44 55 26 24 38 38 24 37 22 20 23 21 34 35 36 30 51 23 34 20 27 22 20
internal_value=1.86173e-05 0.00448072 -0.00236866 -0.00332867 0.0108048 0.0154787 0.0189225 -0.000423474 0.00173277 0.00467348 0.00712086 0.00170863 0.00931156 0.0103959 -0.00194228 0.000417161 -0.00159963 0.00142532 -0.00652453 0.00592722 -0.000675105 -0.00852541 -0.012864 -0.00868466 -0.00616923 0.000109372 0.0239541 0.0291081 0.0138653 0.0189302 0.0029849 0.00678814 0.0128872 -0.0101582 -0.00787666 0 -0.0136115 -0.0124454 -0.00742153 0.00028237 -0.0016825 -0.016481 0.0207021 -0.0182237
internal_weight=381.831 133.501 248.33 232.428 58.0551 39.821 33.5611 75.4454 66.0871 56.0383 50.197 37.4167 22.0327 15.9019 212.234 136.162 126.84 88.5075 31.2741 57.2333 31.5821 38.3321 22.8178 15.384 76.0718 29.5363 26.6658 19.398 25.6512 18.2763 11.5755 18.8793 12.7969 46.5355 20.8706 18.2342 26.7566 39.6795 25.6431 16.2628 11.8925 20.1941 12.7803 17.9941
internal_count=1301 446 855 802 191 130 109 255 222 187 167 125 73 53 731 462 432 298 108 190 107 134 79 52 269 103 86 62 83 59 40 65 44 166 71 61 94 142 91 57 40 71 42 64
is_linear=0
shrinkage=0.03


Tree=32
num_leaves=44
num_cat=0
split_feature=17 48 19 24 60 45 53 33 12 45 31 45 31 55 20 27 42 40 61 45 40 40 55 33 48 41 18 42 33 46 21 30 25 44 43 39 19 20 19 40 20 16 45
split_gain=15.7689 7.86011 4.37998 3.63601 3.49584 4.19151 3.17434 2.86304 3.76023 3.63475 4.34279 3.5633 3.33376 6.0675 3.1471 3.21215 3.20759 2.88554 2.74464 2.65221 3.88622 5.54847 3.34802 2.64878 2.49839 2.49708 2.20564 2.18605 2.16174 2.11428 2.05101 1.9455 1.86166 1.71943 1.40285 1.22726 0.970251 0.636245 0.622748 0.521249 0.294701 0.26768 0.125135
threshold=0.029994558375851157 -1.3286572504363161 -1.3074641658274369 1.2892607971451615 154.50000000000003 0.38097441557185746 1.4896964696223387 -1.08708686005989 1.283033085923752 0.1532939552628976 -0.80002221321507538 0.43654293728833155 1.0000000180025095e-35 0.12407634434393279 -1.0588019064206318 0.14570163294303992 1.0000000180025095e-35 1.0000000180025095e-35 470.50000000000006 -0.01404633016183433 0.52935046753001136 0.8935882467373174 0.25275177263031223 -0.40051338763257899 0.097547171625324905 -0.71220238101703992 0.5374373282615712 0.57067358311920258 0.12451338540007034 -0.077198180806857614 -0.8302271271854853 0.38800057762403822 0.75299700087619603 0.33773515778930435 -1.0997403550876441 0.056730479054707482 0.3436019635018579 0.51204436964502487 0.69740184835813546 -0.83654120449738645 1.035659795000244 0.23189561753492441 1.4438576328827109
decision_type=2 2 2 2 2 2 2 2 2 2 2 2 2 2 2 2 2 2 2 2 2 2 2 2 2 2 2 2 2 2 2 2 2 2 2 2 2 2 2 2 2 2 2
left_child=1 33 30 4 -2 6 19 8 18 10 25 17 31 23 27 34 -17 36 42 20 22 -22 29 -14 41 32 -21 -13 -23 -6 -3 39 -9 -1 -16 -33 -11 -32 -36 -12 -39 -7 -4
right_child=3 2 7 -5 5 24 -8 9 -10 11 12 14 13 -15 15 16 -18 -19 -20 26 21 28 -24 -25 -26 -27 -28 -29 -30 -31 37 35 -34 -35 38 -37 -38 40 -40 -41 -42 -43 -44
leaf_value=0.0039015842764964187 -0.0052136392536171012 -0.0015341127463619139 -0.0219519611647092 -0.0091775465081795557 0.018207186841086267 0.014912782289105444 -0.0097613659014247952 -0.010657191645020516 0.0083057831040244442 0.0085595200811535571 -0.0091251561824004044 -0.0026042898142070278 -0.020899651008013179 0.015039818511635175 0 0.018254446742698379 -0.0065791432344219211 -0.0023518467175671479 0.00023151772119338755 0.0119265659813685 -0.011379021538162894 0.023212528520210808 0.031805239652640163 -2.2606767809556488e-05 0.0068548161083671942 0.015312398730257106 -0.0078000692685138567 0.019011284955071945 0.0003760463613766949 0.00024072804577590504 -0.023937127340712724 -0.012971774362066719 0.0079388311876713719 0.023702465299357777 -0.019946841108522583 0.0039734803264064311 0.027075456020522328 -0.0052851096093524796 -0.0056906170184358304 -0.0235383997465562 -0.016670138726050093 0.032657947815155811 -0.0091532890495401014
leaf_weight=9.5028917193412799 11.688107728958128 9.4047681391239148 18.677685678005226 8.5597556531429273 13.450193077325816 7.1795500814914766 7.138582617044448 9.8261430859565788 6.0955286622047415 8.4071424305439013 7.4948945641517666 6.1633106470108023 10.746456801891325 10.338234782218931 6.3588908016681662 6.826813042163848 8.9927013218402845 7.3573460578918448 7.2498569488525382 6.5798996686935451 11.678245693445207 8.7438717484474164 11.141307622194288 10.942934215068819 10.034310400485991 9.5149061381816846 12.256603151559828 8.106212764978407 6.8081419169902793 10.941818267107015 14.244459837675096 5.9062709212303144 6.7775796353816977 7.9599580764770499 12.287260055541998 6.1530563831329346 7.1308886110782614 8.9116609394550306 7.1838262081146231 18.295764118432999 5.9795625805854788 10.916309922933577 5.9532265663146964
leaf_count=29 36 31 64 27 40 21 22 32 20 27 25 20 37 33 21 21 29 24 24 20 37 26 33 36 30 30 39 26 21 34 50 20 21 23 41 20 22 31 23 62 21 32 20
internal_value=1.08513e-05 -0.00419342 -0.00558718 0.00825197 0.00955108 0.0111258 0.00759042 -0.00380459 -0.0111472 -0.00209418 -0.00599216 0.00260211 -0.00986145 -0.0023319 -0.00143972 -0.00568573 0.00444403 0.0122013 -0.0152524 0.0093294 0.0122342 0.00316582 0.0186118 -0.0113081 0.0211269 0.00411585 -0.000242765 0.00993492 0.0144798 0.0108603 -0.014768 -0.0157485 -0.0027061 0.0144046 -0.0120126 -0.00440016 0.0190448 -0.0185597 -0.0157564 -0.0203015 -0.01133 0.0276042 -0.0197912
internal_weight=405.907 268.79 251.327 137.117 128.557 116.869 88.7387 212.787 37.9763 174.811 95.9962 78.8144 69.8776 32.0276 55.919 41.6495 15.8195 22.8954 31.8808 81.6001 62.7636 27.2303 35.5333 21.6894 28.1302 26.1186 18.8365 14.2695 15.552 24.392 38.5405 37.85 16.6037 17.4628 25.83 12.0593 15.538 29.1357 19.4711 25.7907 14.8912 18.0959 24.6309
internal_count=1301 883 831 418 391 355 272 698 128 570 316 254 233 106 181 135 50 73 108 250 191 84 107 73 83 83 59 46 47 74 133 127 53 52 85 40 49 102 64 87 52 53 84
is_linear=0
shrinkage=0.03


Tree=33
num_leaves=38
num_cat=0
split_feature=3 38 42 43 40 45 35 29 47 45 40 23 24 49 48 19 37 37 45 16 54 59 27 39 31 47 47 24 55 55 32 55 45 32 54 39 55
split_gain=12.8971 5.81826 4.78543 4.36274 3.61684 2.97875 3.50855 4.66165 3.18717 2.85966 2.85745 2.75867 3.25467 2.78729 3.5245 4.25057 2.79396 3.27368 2.67456 4.74125 4.03287 3.85873 2.80343 2.59615 2.56931 3.19311 2.17476 2.12521 1.99201 1.84894 1.62505 1.56161 1.41054 1.26917 1.26411 1.12129 0.861821
threshold=-0.099938161957900687 -0.71249314717769341 1.5319855783721592 1.0000000180025095e-35 1.0757071363409705 1.7227846784172816 -0.41875271239579454 0.73892769020725491 1.1343712357392521 0.1532939552628976 -1.109719538902866 1.9375371540163742 1.2892607971451615 1.6747427010979041 -0.89447208059005301 -1.1895308708753445 -1.3140504796642409 -0.83092990323670424 0.20199545630518687 1.159601302979955 -0.1713677278783261 -0.90611567511499869 0.50310814554011951 0.10450684977430362 -0.80002221321507538 -0.68903468406069523 0.7369802753931548 -0.26169676984682394 0.37642579068540399 0.41363776832551519 0.76384865223072651 -1.2539850330174966 -0.81717719065777272 -0.74957694586893819 -0.66860839290306118 -0.66947035588315129 -0.21681678609596577
decision_type=2 2 2 2 2 2 2 2 2 2 2 2 2 2 2 2 2 2 2 2 2 2 2 2 2 2 2 2 2 2 2 2 2 2 2 2 2
left_child=1 5 11 -4 18 6 7 8 26 32 -11 12 13 14 29 23 -17 -18 19 20 24 -22 36 27 25 -2 31 -16 -23 -3 33 -1 -9 -6 -31 -26 -20
right_child=4 2 3 -5 30 -7 -8 9 -10 10 -12 -13 -14 -15 15 16 17 -19 22 -21 21 28 -24 -25 35 -27 -28 -29 -30 34 -32 -33 -34 -35 -36 -37 -38
leaf_value=-0.012370989115689596 0.011688931296711787 -0.018725354338863347 0.029582017934806241 0.0010189290088069933 -0.0071337606387661392 0.02492241394494682 0.024992528359377257 0.0069868664292446247 -0.015669018521706726 0.013659112037812506 -0.0075753545841763057 0.014899592556135401 -0.015512199450504721 0.015267899837363668 0.0063264989585962075 -0.016259692480474361 0.010777649469806061 -0.0026400946922337755 -0.0070533052348959006 -0.020528777501667494 -0.004349800482822277 0.028338728969878317 0.0014108249959995708 -0.0011847408668259442 -0.0024881392981992191 -0.0081632217440850557 0.014352350958012964 0.028368162388914559 0.0050855147318768943 -0.010322001526212319 -0.0018285318942045453 0.0033569651115495608 0.025000956771110784 -0.02278963666385014 0.0048698630314048313 -0.019060838345933341 -0.021449746954048148
leaf_weight=7.3598512709140804 13.485960096120833 12.557930678129198 7.860888451337817 11.081560403108595 9.9700494408607501 8.966613829135893 7.8338646292686454 8.9036014676094037 9.9882869124412519 9.6614161431789416 9.9606452882289869 8.1552713215351087 12.398404061794279 8.1265834867954236 10.740399420261385 9.5190884470939618 18.076589167118073 97.32880425453186 9.6929040253162384 8.4210250377655012 8.3306708037853259 8.5030533671379072 10.061315417289732 9.5936443507671338 7.9273465275764492 12.528233796358107 8.5587340891361219 7.4452799856662777 7.2402534484863272 8.6335669755935687 7.8733355998992911 13.723933041095735 13.42911556363106 20.04029107093811 7.7343085110187522 8.9228755831718463 14.148995816707611
leaf_count=20 37 35 21 30 28 24 21 24 27 26 27 22 34 22 29 26 49 266 27 24 23 23 28 26 22 35 23 20 20 24 22 37 36 57 21 25 40
internal_value=-4.09719e-05 0.00325889 0.000594012 0.0144666 -0.0073876 0.00930615 0.00728889 0.00509625 -0.00214298 0.0119105 0.00282343 -0.000720759 -0.00148547 -0.000423143 -0.00127727 0.000538003 -0.00181211 -0.000375755 -0.0044264 -0.00111862 0.00163198 0.0111504 -0.0112505 0.0108629 -0.0037749 0.0019864 0.00275725 0.0171292 0.0193653 -0.0106117 -0.015282 -0.00232463 0.0189626 -0.018366 -0.00300141 -0.0124317 -0.0165976
internal_weight=474.785 327.638 229.252 18.9424 147.146 98.3861 89.4194 81.5856 39.6308 41.9548 19.6221 210.31 202.155 189.756 181.63 152.704 124.924 115.405 109.263 75.3594 66.9384 24.074 33.9032 27.7793 42.8644 26.0142 29.6425 18.1857 15.7433 28.9258 37.8837 21.0838 22.3327 30.0103 16.3679 16.8502 23.8419
internal_count=1301 890 625 51 411 265 241 220 107 113 53 574 552 518 496 416 341 315 304 209 185 66 95 75 119 72 80 49 43 80 107 57 60 85 45 47 67
is_linear=0
shrinkage=0.03


Tree=34
num_leaves=43
num_cat=0
split_feature=39 23 47 38 50 47 45 30 2 19 56 39 47 36 45 55 56 39 53 27 17 20 39 34 34 9 16 12 40 49 19 12 30 47 44 36 23 30 19 44 39 34
split_gain=4.56889 5.00114 4.36521 5.70214 4.30978 4.03776 4.671 4.83514 5.60973 4.01565 3.94242 3.4967 3.47364 3.32245 3.30012 3.67009 3.25085 2.86656 2.8031 2.77859 3.34375 2.69808 2.66969 2.4168 5.44108 2.17896 2.96526 1.97863 1.89771 1.89539 3.1074 2.37352 1.78039 2.76364 1.33152 1.30719 1.15242 0.855623 0.77086 0.749799 0.636912 0.30259
threshold=-1.077958325535697 -1.325868144071207 0.63232949464776456 -0.71249314717769341 1.6886173551154515 -0.17929237655905542 -0.14257905442404087 0.26373978707126716 -0.68205153831083021 -0.36399780621069711 -0.79917260807700286 -0.26098238623060588 1.1343712357392521 0.40846737072151201 -0.10797533132285671 0.17211139009555673 -0.79917260807700286 0.10450684977430362 -0.33611145028219497 0.86051465813719885 0.24108942211827511 1.0000000180025095e-35 1.7814574620321226 -0.36495954632607858 1.0000000180025095e-35 -1.0000000180025095e-35 -0.99309196669091271 -1.6410064305960621 -0.42677370288916744 -0.42990859484836313 -0.59986439611488207 -0.11657296400177605 -0.23330337513981705 0.87382385318343325 0.33773515778930435 -1.0000000180025095e-35 0.2242493725203937 0.63652215872958007 -1.3074641658274369 1.0000000180025095e-35 0.10450684977430362 -1.4669159991054868
decision_type=2 2 2 2 2 2 2 2 2 2 2 2 2 2 2 2 2 2 2 2 2 2 2 2 2 2 2 2 2 2 2 2 2 2 2 2 2 2 2 2 2 2
left_child=29 14 3 9 5 6 7 23 -9 18 13 28 32 -8 15 -2 -13 -14 -3 20 -18 -10 25 -5 -25 38 36 -12 -7 31 39 -1 33 -4 -29 -32 -27 -34 -19 -31 -11 -33
right_child=1 2 12 4 -6 11 10 8 21 40 27 16 17 -15 -16 -17 19 22 -20 -21 -22 -23 -24 24 -26 26 -28 34 -30 30 35 41 37 -35 -36 -37 -38 -39 -40 -41 -42 -43
leaf_value=0.00090628450703349542 -0.0096382113621509315 0.017035698431600473 -0.013393726192502949 0.0037272937274319042 -0.017254342297651881 -0.013474893217004265 -0.0078357165397988857 0.016019964617477619 -0.020330695359203305 -0.020943193432003186 0.0020039942352776943 -0.00053389647214583909 0.018062173624322744 0.017180348285716452 0.031756593984093424 0.019617415516213734 0.023645021274672093 -0.0041380445977068627 -0.0087111466285261629 0.0015606698336822428 0.00036585340350907985 0.00088252062915643672 0.011015029872423192 0.040054198446510439 0.0053597080687808546 -0.016229205789714381 0.015067403701490156 -0.0030287482931282833 0.0068263515741483786 9.7893891599770569e-05 -0.00080655400698246605 -0.0082976006514134375 -0.019514168045218574 0.0070006585232119008 -0.019664010844907032 -0.018798308195186977 0.00032478450771095645 -0.0049187058135047573 -0.021331050546638988 0.013946193469753107 -0.0057291947065187228 -0.023089382011003762
leaf_weight=6.1112679839134243 6.1829041242599505 5.979999452829361 10.663506597280504 11.055197507143022 6.1496037542819968 6.1686357855796814 7.0359728932380703 9.5020847916603106 9.8243383169174212 12.727174609899523 6.7863856256008175 11.064864277839659 5.860085427761077 9.215427637100218 6.1169805824756613 6.1490425169467926 35.415889739990234 5.8672242164611816 6.098914638161661 10.028620868921278 7.2131395041942588 9.0991027951240522 8.7775103151798231 7.3035520911216762 9.4465056359767896 5.8294042646884918 6.3172097802162215 7.7317754626274136 7.2793767750263196 8.5048081576824206 7.2428079843521127 5.749546661973004 17.752310335636142 10.046284437179564 16.568941593170166 8.1330879926681483 6.3058774769306183 7.5273793041706076 7.0458278954029065 5.874372035264968 6.2894937992095938 11.458185017108914
leaf_count=21 21 20 37 37 21 21 24 31 34 47 23 36 20 30 20 20 114 21 22 34 24 30 30 23 31 21 21 26 24 29 26 20 64 35 57 29 22 27 25 20 22 41
internal_value=2.16581e-05 0.00136716 0.000408269 0.00273644 0.0047453 0.00566262 0.00167516 0.00747368 -0.0010902 -0.00881586 -0.00510772 0.0108039 -0.00499976 0.00626482 0.0159354 0.00506111 0.0136969 0.000731293 0.00406746 0.01673 0.0199883 -0.0105211 -0.00221407 0.016041 0.0228651 -0.0064325 6.86568e-05 -0.0112518 -0.0025022 -0.00800317 -0.00250562 -0.0142009 -0.0107009 -0.00342566 -0.0150875 -0.0115038 -0.00809776 -0.0159112 -0.0151791 0.00691622 -0.0169906 -0.0195294
internal_weight=381.501 328.427 309.978 217.985 186.889 180.74 103.569 56.2308 28.4255 31.0956 47.3385 77.1705 91.9926 16.2514 18.4489 12.3319 63.7225 46.0031 12.0789 52.6577 42.629 18.9234 40.1431 27.8053 16.7501 31.3655 18.4525 31.0871 13.448 53.0741 29.7551 23.319 45.9895 20.7098 24.3007 15.3759 12.1353 25.2797 12.9131 14.3792 19.0167 17.2077
internal_count=1301 1115 1054 731 620 599 346 186 95 111 160 253 323 54 61 41 208 160 42 172 138 64 140 91 54 110 64 106 45 186 104 82 163 72 83 55 43 91 46 49 69 61
is_linear=0
shrinkage=0.03


Tree=35
num_leaves=42
num_cat=0
split_feature=14 48 19 32 20 16 20 48 12 30 33 12 45 45 52 12 26 49 33 29 0 44 60 46 21 26 20 41 35 20 28 55 41 12 55 60 43 37 48 46 58
split_gain=14.959 7.55056 4.25879 3.58991 3.73343 3.54587 2.98918 5.47652 4.23302 3.47153 2.75136 3.65199 3.51791 3.4298 3.64926 4.52736 3.01757 3.63797 2.96414 2.77907 2.57785 2.95992 2.49019 2.10318 2.0158 1.95137 2.83708 1.90011 1.80327 1.72988 1.71369 1.63781 1.54665 1.36888 1.34279 1.06787 0.730445 0.707933 0.690394 0.604371 0.0049761
threshold=0.029994558375851157 -1.3286572504363161 -1.3074641658274369 0.51161105254744887 -0.79699419374302249 0.27451443487374599 1.035659795000244 -0.52774964166582572 1.5851948136279872 -0.85460732790367178 -1.08708686005989 1.283033085923752 0.1532939552628976 0.43654293728833155 0.40603223384198273 -0.14339306844774047 0.20822327885302794 -0.2194434652537364 0.36683343449206246 -0.33091735287126595 -0.45731112764902188 -1.0000000180025095e-35 177.00000000000003 0.20776110111094795 -0.8302271271854853 -0.43468112535816461 0.51204436964502487 0.2448112674498677 -1.1490929212930847 -1.0588019064206318 0.41690911360103705 0.55514359651334788 0.88282036642780615 -0.16500927739309165 -0.52112542302500486 466.50000000000006 -1.0000000180025095e-35 1.0747123704496906 -1.1616071528068515 -0.42477746271149314 -0.84553114790396355
decision_type=2 2 2 2 2 2 2 2 2 2 2 2 2 2 2 2 2 2 2 2 2 2 2 2 2 2 2 2 2 2 2 2 2 2 2 2 2 2 2 2 2
left_child=1 30 24 6 -5 -6 8 -8 9 -2 11 33 18 19 15 27 -16 -18 23 -14 -20 34 -11 28 -3 35 29 -15 -12 -27 -1 -10 36 -4 -22 38 -30 -26 -24 -17 -35
right_child=3 2 10 4 5 -7 7 -9 31 22 12 -13 13 14 16 39 17 -19 20 -21 21 -23 25 -25 37 26 -28 -29 32 -31 -32 -33 -34 40 -36 -37 -38 -39 -40 -41 -42
leaf_value=0.021288711256261722 -0.0022456379027554186 -0.0014460779497605398 -0.0036705262845047079 -0.015204804915780036 0.017705645912096335 -0.0065169029908969294 -0.014462604328486771 0.01469530829497861 0.0068763754955370989 0 0 0.0081826102658624448 0 0.014306868675580108 0.021752511164089161 -0.0062819376872467712 -0.015248027639841901 0.010205752361133826 -0.011515525332201963 0.020147773821953083 0.0014686033874022795 -0.0073214926585230241 0.014418272844043477 0.0016970147539140715 -0.020999892277555356 0.0044181491593927522 -0.0039180446131537464 -0.0061892217682108551 -0.021912231800011891 0.023695510776195375 0.0014854032892706339 -0.011957119048977893 -0.0017292143208283925 -0.0094682329100537806 0.019814067989178834 0.010298876308898289 -0.01028424948242824 -0.0060429926025740875 0.032429637771155748 -0.021698003666159621 -0.021098788707109538
leaf_weight=10.199990510940554 7.9121793508529654 9.3815391957759839 9.2444895803928393 9.7361674308776873 9.8585006594657916 8.8341305553913099 10.162013143301012 10.02829736471176 6.9096473753452283 6.8915104866027823 8.4116226434707624 6.1115715801715842 9.6654683649539965 6.9561391174793261 6.8304420411586788 6.3070398867130306 6.9776317775249543 11.010926842689509 8.57408758997917 13.306720107793806 6.7865849733352688 7.9865638315677669 8.0462785959243721 10.851310551166533 22.455576777458194 8.2818721234798467 6.4187409579753867 6.1446367502212524 18.423799306154244 12.932861179113388 7.3300485908985129 6.5057242810726166 8.3840427398681623 6.1622447967529324 9.6586590409278852 7.4805741012096396 16.589114010334022 6.3845225572586051 17.491331577301032 11.598550289869307 16.187532424926758
leaf_count=30 24 31 31 33 29 28 32 30 21 21 28 20 31 22 21 21 23 35 28 42 22 26 24 36 80 25 20 20 63 38 22 20 28 21 30 22 55 22 51 39 56
internal_value=1.28265e-05 -0.00409632 -0.00546994 0.00802112 -0.00123896 0.00632721 0.0104733 0 0.0128049 0.0155296 -0.00371313 -0.0109394 -0.00203732 0.00257905 -0.00139493 -0.00817038 0.00682489 0 -0.00588257 0.0119751 0.0012115 0.00631704 0.0177022 -0.00965383 -0.0145625 0.0196004 0.0121573 0.00463445 -0.0121247 0.0172228 0.0140932 -0.00213857 -0.0145154 -0.0150229 0.0133332 0.0248568 -0.017216 -0.018349 0.0280913 -0.0174824 -0.0189408
internal_weight=405.411 267.921 250.391 137.49 28.4288 18.6926 109.061 20.1903 88.8707 75.4553 212.169 37.7058 174.463 78.7976 55.8254 31.0064 24.819 17.9886 95.6658 22.9722 33.0059 24.4318 67.5432 62.6599 38.2216 60.6517 27.6335 13.1008 51.8086 21.2147 17.53 13.4154 43.397 31.5943 16.4452 33.0182 35.0129 28.8401 25.5376 17.9056 22.3498
internal_count=1301 883 831 418 90 57 328 62 266 225 698 128 570 254 181 102 79 58 316 73 106 78 201 210 133 180 83 42 174 63 52 41 146 108 52 97 118 102 75 60 77
is_linear=0
shrinkage=0.03


Tree=36
num_leaves=46
num_cat=0
split_feature=3 44 25 5 47 55 46 1 45 28 21 52 37 20 16 14 55 53 16 27 59 32 38 45 45 31 34 38 55 38 30 55 28 55 47 46 37 45 42 33 34 49 59 47 50
split_gain=12.253 5.54215 5.4018 4.18581 4.49144 3.45698 3.50096 3.38743 4.57944 3.38114 3.65431 3.27093 2.89444 2.8683 2.86823 5.46072 2.8396 2.88009 3.30733 2.81705 2.58729 4.33285 2.51933 2.48267 3.32931 3.23849 2.63281 2.14448 2.14295 2.68988 2.09313 2.00527 3.40829 3.26703 2.77367 2.7614 2.31953 1.59761 1.33077 1.27958 1.14948 0.713499 0.457128 0.279096 0.104658
threshold=-0.099938161957900687 -0.89964428542073438 -0.36788297411228221 0.97378359236674605 0.84976915856761381 0.49426812197305148 -0.021201738862098366 0.15917582036820374 0.21805180034894062 1.1526560283740481 -1.3900226661688055 1.0000000180025095e-35 0.13531124961836907 1.0000000180025095e-35 -0.47801565955336117 -0.14493029477455263 1.0000000180025095e-35 -0.94471409025037267 0.065639656166811985 1.1782093360012698 1.0000000180025095e-35 1.0000000180025095e-35 0.30279433311453324 1.3693409594906301 0.49001035494000078 1.3590183406602476 1.4716345416396022 -0.26830487454984459 0.83216170239488474 0.13962313092471088 1.1335653209406644 0.34903458864903575 1.0000000180025095e-35 -0.14618921322122802 -0.076404839770831692 -0.85704277348711877 -0.58936961502293583 -0.082960175730035557 -0.22345371730715313 -0.60244676187590573 -1.0000000180025095e-35 -0.42990859484836313 1.0000000180025095e-35 -1.0462922448790668 -1.0000000180025095e-35
decision_type=2 2 2 2 2 2 2 2 2 2 2 2 2 2 2 2 2 2 2 2 2 2 2 2 2 2 2 2 2 2 2 2 2 2 2 2 2 2 2 2 2 2 2 2 2
left_child=1 14 23 4 9 6 11 8 12 10 42 44 -8 -13 39 37 17 -12 -19 38 -17 41 -10 24 31 -26 -25 -6 29 -18 -21 33 -33 34 -3 -36 -34 -16 43 -1 -32 -22 -4 -7 -2
right_child=5 2 3 -5 27 19 7 -9 22 -11 16 13 -14 -15 15 20 28 18 -20 30 21 -23 -24 26 25 -27 -28 -29 -30 -31 40 32 36 -35 35 -37 -38 -39 -40 -41 -42 -43 -44 -45 -46
leaf_value=0.009055526142940154 -0.025329605095705532 0.019379218300869173 -0.0092554522146996391 0.012986478337822386 -0.00074006645235018373 -0.015494354693934035 0.023797449014774569 -0.012407198717579379 -0.014724773643971775 0.0069228740366793729 -0.013053100217433288 -0.012619262524264121 0.0020449145578779401 0.011743193402916846 0.0015816501424295987 0.02278337144547642 -0.0038153721465170195 -0.0094755976168134411 0.010391540074721274 0.0058510812959728584 0.0015661247445686792 0.018432830564824178 0.00583176094453269 -0.013723981294456188 0.024335872883443084 0.00096320739522399936 0.007205586561628472 0.019822237734119411 -2.3629961214024835e-05 -0.023193498491770992 -0.0028529027390484969 -0.0038868893794162382 0.0029303780039858663 -0.01136773680817239 0.010101182438415303 -0.011785827088956754 0.026179160309038316 -0.015900962533991668 -0.02436333589517603 0.029356248287994574 -0.017710003873248885 -0.010212156323131372 -0.023462208443258609 -0.005492055580715376 -0.011517854196484975
leaf_weight=8.2182463109493273 6.9470183253288278 7.7992430627346065 7.9861929714679745 12.296966403722761 7.7222031950950623 7.0474972724914577 11.908377319574358 10.21316549181938 9.6471475958824175 13.595560073852537 9.4752664268016726 7.1151047945022565 10.977924913167952 7.271036833524704 7.7281478345394126 13.408651202917097 13.063004493713381 9.0955857336521202 23.958550870418549 9.3974004685878771 7.4216471016406977 12.309088528156279 8.6485331952571851 9.5152171850204486 16.67840859293938 8.5108010172843915 8.9222231507301313 7.7908514738082868 13.09396520256996 15.134679555892943 12.173738002777103 8.8164898455142993 7.3884158134460476 13.50658658146858 8.9202814102172869 8.7736363708972913 10.058411240577696 8.0106518864631635 16.881437569856644 8.2242389321327192 8.6982333958148921 7.4064873754978233 12.628718733787535 11.636068344116209 8.1501767337322235
leaf_count=22 20 21 22 33 21 20 32 29 27 37 26 20 30 20 21 36 36 25 65 26 20 33 24 26 45 23 24 21 36 42 34 24 20 37 24 24 27 22 48 22 25 20 35 33 23
internal_value=-3.68533e-05 0.00317746 0.00104275 -0.00269512 -0.00431174 -0.00721112 -0.00287098 0.00178312 0.00575526 -0.00635495 -0.00821366 -0.0108712 0.014377 0 0.0104014 0.00669027 -0.0051433 0.000201974 0.00457699 -0.0122712 0.0124442 0.00620027 -0.00499884 0.00607201 0.00811684 0.0171616 -0.00351471 0.0100711 -0.0106031 -0.0150645 -0.00490595 0.00422886 0.0103927 -5.06185e-06 0.00608991 -0.00051194 0.0176618 -0.00757784 -0.0179257 0.0211493 -0.010085 -0.00434722 -0.0192309 -0.0104333 -0.0199497
internal_weight=474.171 327.458 254.731 145.842 133.545 146.713 80.8785 51.3951 41.182 118.032 104.436 29.4833 22.8863 14.3861 72.7272 56.2847 83.8211 42.5294 33.0541 65.8344 40.5459 27.1372 18.2957 108.89 90.4523 25.1892 18.4374 15.5131 41.2916 28.1977 30.2694 65.2631 26.2633 38.9997 25.4932 17.6939 17.4468 15.7388 35.565 16.4425 20.872 14.8281 20.6149 18.6836 15.0972
internal_count=1301 890 694 399 366 411 225 142 113 324 287 83 62 40 196 152 230 116 90 186 109 73 51 295 245 68 50 42 114 78 85 177 71 106 69 48 47 43 101 44 59 40 57 53 43
is_linear=0
shrinkage=0.03


Tree=37
num_leaves=38
num_cat=0
split_feature=39 23 47 38 29 16 42 31 16 47 47 42 26 26 41 40 45 38 5 34 47 59 49 45 60 29 39 31 24 26 12 29 44 45 39 25 30
split_gain=4.40161 4.82198 4.14188 5.43341 4.22116 3.88782 3.79584 3.43454 3.38062 3.3489 3.31962 3.19926 2.89894 3.44343 3.32756 3.00869 2.7963 2.79275 2.51803 2.43367 2.39836 2.20069 3.64124 2.73731 2.31007 2.12336 2.25056 4.31474 2.10375 1.97692 1.81569 1.60965 1.9565 1.27195 0.849185 0.813844 0.760627
threshold=-1.077958325535697 -1.325868144071207 0.63232949464776456 -0.71249314717769341 0.38231267584774786 0.19216162159440472 -1.3206032771067233 0.4645586826261851 0.34097612943319972 1.1343712357392521 -0.013954376510220906 -0.22345371730715313 -0.94900464872711876 -0.43468112535816461 -0.44636525644289909 0.22690302586680158 -0.99872193356936168 -0.10513367236002231 -0.12996003219713267 -0.24251994046170008 -0.047533616155144322 0.33773185147388385 -0.42990859484836313 -1.2029175495348523 430.00000000000006 -0.68753236723077271 1.7814574620321226 0.2794980637225859 -0.26169676984682394 -0.94900464872711876 -0.062023258111383324 0.38231267584774786 -0.65216839677872673 -0.30334344974151639 -0.26098238623060588 1.1266236592056886 0.63652215872958007
decision_type=2 2 2 2 2 2 2 2 2 2 2 2 2 2 2 2 2 2 2 2 2 2 2 2 2 2 2 2 2 2 2 2 2 2 2 2 2
left_child=21 11 3 10 6 7 -5 19 9 31 -3 33 35 14 -14 17 -17 -15 -12 -6 34 22 -1 -23 -24 -11 27 -27 -16 -26 -29 36 -33 -2 -7 -8 -4
right_child=1 2 8 4 5 20 12 -9 -10 25 18 -13 13 15 28 16 -18 -19 -20 -21 -22 23 24 -25 29 26 -28 30 -30 -31 -32 32 -34 -35 -36 -37 -38
leaf_value=-0.022218654754156724 0.0087062625850143592 -0.019149978388841471 -0.020940011295522663 -0.016012457410972875 0.010372094993603764 0.0011590351232730839 0.021714396084646669 0.0040665958223230709 0.012400030214144903 0.011310134787521887 0.0094635952254345512 -0.0014651788923691188 -0.022194225043322097 0.0081774422447093882 0.0098878776774039851 0.024408554272953433 0.0053476211505058434 -0.0082912781572259918 -0.011630628052479618 0.03791003699040936 0.014808529104988153 -0.013039583412773798 -0.016571492743104432 0.0097319539610393954 -0.008235711504113355 0.0078111603908181844 0.0096083512246329262 -0.021410858370269324 -0.010816889619825486 0.012176676233487001 -0.00040883026470189934 0.0041317237962116404 -0.01481936296109527 0.032208307431560966 -0.013016907558106746 0.0049953922863475589 -0.0055384559759191418
leaf_weight=15.617869287729262 6.0249150097370157 13.267803624272348 17.614871233701709 8.2351695299148542 7.149272769689559 5.9568092525005349 7.6375128328800184 9.7094845771789533 7.6448324024677268 8.6234639286994916 9.9871063530445117 5.9997169971466056 8.0693513453006762 12.743531763553618 8.1626239418983442 7.1321153044700614 53.581622093915939 24.423216164112091 7.647891253232955 8.8335810899734515 6.2343898117542258 6.2093918323516872 5.9375482499599483 10.765374779701231 5.7473930418491355 9.0141635239124316 6.7330778241157523 13.286880582571028 6.6096167862415305 8.5628988444805128 5.8142750859260586 9.1970470845699328 7.3294163346290579 6.5210511088371286 5.8982285857200631 6.8939175605773926 6.3856807649135581
leaf_count=56 20 49 64 29 23 20 25 31 26 29 34 20 28 42 27 23 177 83 28 27 20 22 21 37 20 32 23 48 22 30 20 32 26 21 20 23 23
internal_value=2.09975e-05 0.00133977 0.000395318 0.00265904 0.004612 0.0126302 0.00201873 0.0198233 -0.00488547 -0.00671877 -0.00865634 0.0156078 0.00332406 0.00165461 -0.00840382 0.00415365 0.00821769 -0.00239123 0 0.027882 0.00137194 -0.00787449 -0.0119559 0.000694937 -0.00277757 -0.000708404 -0.00419155 -0.00801822 0.000111971 0.00359546 -0.0158045 -0.0127677 -0.00447393 0.0234842 -0.0061145 0.0153665 -0.0176443
internal_weight=381.203 328.363 309.817 218.173 187.27 43.7818 143.489 25.6923 91.6437 83.9989 30.9028 18.5457 135.254 120.722 22.8416 97.8805 60.7137 37.1667 17.635 15.9829 18.0894 52.8405 35.8657 16.9748 20.2478 43.4719 34.8484 28.1153 14.7722 14.3103 19.1012 40.527 16.5265 12.546 11.855 14.5314 24.0006
internal_count=1301 1115 1054 731 620 141 479 81 323 297 111 61 450 402 77 325 200 125 62 50 60 186 127 59 71 152 123 100 49 50 68 145 58 41 40 48 87
is_linear=0
shrinkage=0.03


Tree=38
num_leaves=41
num_cat=0
split_feature=14 47 19 32 20 16 54 58 24 47 47 41 4 54 26 41 33 45 41 13 12 47 24 28 18 33 54 55 42 25 38 12 21 1 12 28 12 38 37 58
split_gain=14.1347 7.1687 4.12671 3.41068 3.6239 3.41905 3.08736 3.58738 3.88764 4.07504 3.58184 3.27813 2.96706 2.71182 3.16639 4.7548 3.46166 4.59292 4.12147 7.13532 2.60974 2.58602 2.81293 2.58592 2.52014 2.51346 3.10062 2.21542 2.6444 2.34178 2.90623 2.10896 1.96938 1.68542 1.6471 1.62436 1.578 1.48073 0.704419 0.0794315
threshold=0.029994558375851157 -1.2881230599495297 -1.3074641658274369 0.51161105254744887 -0.79699419374302249 0.27451443487374599 0.7099748687501416 1.0000000180025095e-35 -0.26169676984682394 -1.1790364542565304 -0.86807350088196289 1.0000000180025095e-35 -0.64908378903625386 -0.826361296606274 -0.43468112535816461 0.56381581693883687 -1.08708686005989 0.1532939552628976 0.2448112674498677 1.171856362234726 -0.1696503943765427 1.5650780862508427 0.41684716571216957 0.78478257098754278 0.57915698424949558 0.36683343449206246 -1.3797706842642725 0.12407634434393279 0.21540610661267498 1.0000000180025095e-35 -0.54025687819954782 1.2619780785051777 -0.8302271271854853 -0.16572432443997384 0.018688358492768512 0.41690911360103705 -0.16500927739309165 -0.18671927345493336 1.0747123704496906 -0.84553114790396355
decision_type=2 2 2 2 2 2 2 2 2 2 2 2 2 2 2 2 2 2 2 2 2 2 2 2 2 2 2 2 2 2 2 2 2 2 2 2 2 2 2 2
left_child=1 35 32 6 -5 -6 7 10 9 -9 23 24 -11 25 15 -15 31 27 19 37 -10 22 -20 -2 -12 -4 -27 29 -29 33 -31 36 -3 -18 -26 -1 -16 -19 -34 -38
right_child=3 2 13 4 5 -7 -8 8 20 12 11 -13 -14 14 16 -17 17 18 21 -21 -22 -23 -24 -25 34 26 -28 28 -30 30 -32 -33 38 -35 -36 -37 39 -39 -40 -41
leaf_value=0.020639133960649515 -0.0041073496529552105 -0.0013775690469963128 -0.0065043743419393096 -0.015063915338328446 0.017310861837568831 -0.0064528194078161249 -0.0052337326832324147 0.013925163390350206 0.02531835512251579 0.0037976139081879381 0.027462067611180811 0.039308606179392726 -0.017242462393569431 -0.02124299829031974 -0.0021742786725218177 0.0062347531168831924 -0.0014509623709300042 0.0098191872736163466 0.0039019790504639072 -0.011413610000466168 0.0033988577147310043 0.012391229446905494 -0.014504176524680751 0.0173891830938806 0.015105761174139689 -0.0035829707589782808 0.019139006326542956 -0.0077905351559615045 0.012987267743456985 0.012756267973515346 -0.013470605845765118 0.003207091832843414 -0.020773849000844554 -0.021317668639980851 -0.0032557926247334629 0.0013887063788099588 -0.008610728521687384 0.028294106104790516 -0.0058709925917962546 -0.020778735775932245
leaf_weight=10.283897489309313 9.8219052851200122 9.3622083663940412 10.557363897562029 9.6789465248584765 9.9100797474384326 8.8178902566432935 9.3375779092311841 9.5939905941486341 10.157836675643923 9.3231075406074542 8.3239918649196678 8.3720895051956159 12.135393023490908 20.174105584621433 8.6245318949222582 6.4913662672042838 6.0060085058212271 10.939731657505041 11.724466681480409 7.0442970693111411 10.598302215337752 6.7743114829063407 15.454770326614378 7.4258005619049063 7.1615977287292463 7.5853098630905178 12.27509433031082 11.390779525041582 8.0608193278312665 6.015779972076416 6.1756074726581556 6.3810838162899008 22.164946317672733 16.802564054727558 7.2114467024803162 7.3439608514308921 5.8366510868072536 11.522929698228834 6.3463317751884452 15.709588497877119
leaf_count=30 30 31 35 33 29 28 29 29 29 28 24 24 37 68 29 21 20 34 38 24 33 22 51 22 21 24 38 38 26 20 21 21 80 58 22 22 20 35 22 55
internal_value=8.59771e-06 -0.0039997 -0.00534673 0.00777505 -0.00125255 0.00617654 0.0101572 0.0117076 0.00579189 -0.000845408 0.017565 0.0235291 -0.00818894 -0.00361875 -0.00502454 -0.0143651 -0.00325094 -0.000649209 0.00473079 0.0126778 0.015379 -0.0022504 -0.00656619 0.0054785 0.0153847 0.00440706 0.0105377 -0.00698529 0.000846849 -0.0113584 -0.000111149 -0.0111297 -0.0143406 -0.0167455 0.00607806 0.0136707 -0.0143596 0.0207248 -0.0181158 -0.0185179
internal_weight=404.918 267.049 249.421 137.87 28.4069 18.728 109.463 100.125 51.8086 31.0525 48.3168 31.0691 21.4585 211.547 181.129 26.6655 154.464 117.912 63.4605 29.507 20.7561 33.9535 27.1792 17.2477 22.697 30.4178 19.8604 54.4516 19.4516 35 12.1914 36.5519 37.8735 22.8086 14.373 17.6279 30.1708 22.4627 28.5113 21.5462
internal_count=1301 883 831 418 90 57 328 299 156 94 143 91 65 698 601 89 512 387 204 93 62 111 89 52 67 97 62 183 64 119 41 125 133 78 43 52 104 69 102 75
is_linear=0
shrinkage=0.03


Tree=39
num_leaves=36
num_cat=0
split_feature=13 38 42 43 40 52 1 54 54 46 41 39 26 45 13 47 49 45 45 53 16 42 46 38 12 39 47 30 59 47 14 61 54 43 50
split_gain=11.4424 6.2168 3.84412 3.1747 3.13205 2.89502 3.87434 4.11079 3.71812 3.38233 3.4439 3.10345 2.77656 3.01421 2.78767 4.37154 2.78202 2.7652 3.28096 3.75945 3.11284 2.99228 2.99501 2.73988 2.61465 2.12394 2.74568 1.64805 1.57867 1.46912 1.28898 1.27802 1.19456 0.369419 0.1151
threshold=-0.24204272562816717 -0.71249314717769341 1.5319855783721592 1.0000000180025095e-35 1.0757071363409705 1.0000000180025095e-35 0.08697578818860871 -0.39876512936950276 0.51913769788071462 0.43857519255559907 -0.44636525644289909 0.10450684977430362 1.7511938489598904 1.8727841070733839 1.171856362234726 0.88044196239843664 1.6747427010979041 1.7227846784172816 0.098526762389422443 -0.33611145028219497 -0.8245683360495385 0.77965445165245406 -0.24999472988564211 -0.43147607673966654 -0.088150875180910027 0.056730479054707482 -0.71315051413471553 1.0000000180025095e-35 1.0000000180025095e-35 0.19945965881394692 0.61987943416489222 357.50000000000006 -0.1713677278783261 1.2840869726275621 1.0000000180025095e-35
decision_type=2 2 2 2 2 2 2 2 2 2 2 2 2 2 2 2 2 2 2 2 2 2 2 2 2 2 2 2 2 2 2 2 2 2 2
left_child=4 17 12 -4 5 9 7 -7 30 28 -11 -10 13 14 15 16 23 18 19 29 -20 22 -22 32 -25 33 -27 -17 -1 -2 -9 -21 -3 -6 -33
right_child=1 2 3 -5 25 6 -8 8 11 10 -12 -13 -14 -15 -16 27 -18 -19 20 31 21 -23 -24 24 -26 26 -28 -29 -30 -31 -32 34 -34 -35 -36
leaf_value=-0.0049326529932176948 -0.0044330198584255102 -0.021318346864812456 0.02470288592319211 0.00071960243602292541 -0.024467561191734113 -0.0096848745049226952 -0.016881165986658769 0.02761954301350893 -0.013846302020945923 0.01090318181745816 -0.012904099403786815 0.010905108305039919 0.014736853616730525 -0.016742437967297762 0.011525845757941586 0.021021277834315091 0.012852908006366993 0.024185254351724098 0.01228699862494541 0.0074487730312188718 -0.019516857512798799 0.010683712066442905 0.00086866960784281739 -0.011553247760309051 -0.00082798931718038385 0.007462951470589986 -0.016242558765250104 0.0027850711711624124 -0.021429734110517705 0.0099431446012458007 0.0079535906403571319 0.014427054877740517 -0.0042838097371777914 -0.010284891097357217 0.030339262460139897
leaf_weight=10.226561069488527 10.687140315771101 10.113343030214311 8.5356177687644976 11.090325266122816 13.93098020553589 12.139183133840559 8.0427535176277143 7.7424442172050538 7.2063392400741568 10.555433154106142 8.5072506070137006 8.01009353995323 8.1542365252971631 9.8618350327014905 13.690896570682524 7.448968410491946 7.3740499317646018 8.9506205618381482 13.813472539186476 8.1826930046081596 11.36954438686371 7.442300707101821 11.760141462087633 23.740108907222748 118.0251150727272 7.0326265394687653 7.3985100984573346 11.812800735235212 17.524714767932892 11.496238529682158 8.6870058774948102 7.8237450122833279 8.3366148173809034 7.7615967690944663 8.9834208488464338
leaf_count=29 29 28 23 30 40 34 23 21 20 29 24 22 22 27 37 20 20 24 37 22 31 20 32 66 323 20 21 32 50 31 24 21 23 22 24
internal_value=-4.39501e-05 0.00288588 0.000204736 0.0124477 -0.00740196 -0.00442336 0.000380041 0.00413734 0.00981882 -0.00971209 0 -0.000648584 -0.000944737 -0.00168081 -0.000791643 -0.00181062 -0.00341967 0.00908432 0.00717756 0.0125715 0.00109052 -0.0041194 -0.0094867 -0.004318 -0.00276809 -0.0148754 -0.00469872 0.0111357 -0.0161202 0.00292178 0.0190912 0.0202605 -0.0148229 -0.0206451 0.0250488
internal_weight=473.459 338.693 238.184 19.6259 134.765 98.6418 51.8278 43.7851 31.6459 46.814 19.0627 15.2164 218.558 210.404 200.542 186.851 167.589 100.509 91.5587 47.1732 44.3855 30.572 23.1297 160.215 141.765 36.1237 14.4311 19.2618 27.7513 22.1834 16.4295 24.9899 18.45 21.6926 16.8072
internal_count=1301 922 651 53 379 276 144 121 87 132 53 42 598 576 549 512 460 271 247 127 120 83 63 440 389 103 41 52 79 60 45 67 51 62 45
is_linear=0
shrinkage=0.03


Tree=40
num_leaves=43
num_cat=0
split_feature=39 23 53 47 38 37 47 19 39 9 35 32 34 44 28 60 26 47 45 53 39 24 21 29 39 33 58 19 26 36 40 47 58 43 28 56 15 39 54 35 39 47
split_gain=4.25837 4.62537 3.9288 3.64725 4.53169 5.71268 4.16215 3.87706 3.42368 3.08138 3.04407 2.83955 5.65353 4.95535 4.56197 3.39341 4.34612 2.86162 2.71508 2.66233 2.60268 2.57046 2.22427 2.39677 4.12957 2.16371 2.3565 3.32139 1.97824 1.78606 2.25261 2.10131 1.32282 1.18677 1.55132 1.14667 1.10709 0.628323 0.402029 0.33672 0.259619 0.0815089
threshold=-1.077958325535697 -1.325868144071207 1.4896964696223387 0.63232949464776456 -0.71249314717769341 1.0000000180025095e-35 -0.16251869894879065 -0.36399780621069711 -0.26098238623060588 -0.25598191035994189 -1.7333650884109173 0.51161105254744887 0.98187611818208709 0.33773515778930435 -0.68671125855847925 357.50000000000006 1.0000000180025095e-35 -0.82741411002736798 -0.31798674469097782 -0.33611145028219497 1.7814574620321226 -0.26169676984682394 -1.3900226661688055 1.0000000180025095e-35 0.056730479054707482 1.8207537290440154 -0.84553114790396355 -0.83573098601906703 -0.82042376788487992 -0.51927098900621538 -0.83654120449738645 1.2075416438255266 1.0000000180025095e-35 -0.35993187407258037 1.0000000180025095e-35 -0.79917260807700286 0.59631284166360354 0.10450684977430362 1.6453326275577531 0.64024059050527671 0.28366823997278828 -1.0462922448790668
decision_type=2 2 2 2 2 2 2 2 2 2 2 2 2 2 2 2 2 2 2 2 2 2 2 2 2 2 2 2 2 2 2 2 2 2 2 2 2 2 2 2 2 2
left_child=25 9 3 4 7 11 22 19 -8 -2 -5 14 13 -13 18 16 -16 -17 -6 -3 29 -4 -7 -24 -25 26 -1 28 -28 30 36 -32 -15 34 -31 -10 -12 -9 -22 -35 -37 -29
right_child=1 2 21 10 5 6 8 37 35 -11 20 12 -14 32 15 17 -18 -19 -20 -21 38 -23 23 24 -26 -27 27 41 -30 33 31 -33 -34 39 -36 40 -38 -39 -40 -41 -42 -43
leaf_value=0.0017841121383888171 0.027552782302600286 0.016658313545371728 0.025359679980499015 0.0086949524356918668 0.023124100825533102 0.016097500987083908 0 -0.020617168731536739 0.0087216437556254713 0.0028519635016448787 -0.018829349578034497 -0.0022505954273947014 -0.00969011461214145 0.0340884748935616 -0.01060685581833155 0 0.020174888687322683 -0.016531978292786496 -0.0004658249845890283 -0.0084481347053037455 0.0094615938426213207 0.002001725519040101 -0.01462385272138211 0.01410422995502664 -0.012046198777288963 0.0055343838698494437 -0.012609183999280387 -0.010842899188411465 0.00850098403559779 -0.0145149936860807 -0.006080166917043035 0.012953987326375373 0.01031903981538642 -0.021827985251756575 0.0038076850613476447 0.036177526558069197 -0.0020691749375572675 -0.0054959228616486997 -0.00014504079075881802 -0.0074864203422178536 0.017900958223195235 -0.023571802548735039
leaf_weight=10.054556697607039 8.2041741311550158 6.0207534432411194 7.5129955112934139 10.424307256937025 6.1834056973457328 7.4003847837448111 6.6069523841142681 12.449297785758974 6.6606349945068422 10.446249783039091 8.3065637946128827 8.502451032400133 11.23015660047531 7.213614344596861 6.715362608432768 14.273520886898035 6.7001670598983765 30.783065021038059 9.0005952417850477 6.032312750816347 5.9206306934356672 9.709867447614668 6.9650349318981197 12.715243846178057 7.207503378391265 7.8043171912431708 5.9413685500621796 7.0450626909732792 6.9980943500995583 7.0657283365726418 9.471469774842264 8.2394188791513425 6.4375924468040466 15.272780597209936 6.3722564876079559 6.8310279846191397 7.615811198949813 6.2289466410875312 5.7600730657577515 5.5790408551692954 10.154783487319945 14.777187943458564
leaf_count=35 26 20 24 37 20 24 22 47 21 35 30 28 38 23 23 48 22 106 30 22 20 32 24 41 24 27 21 25 24 25 34 28 21 56 22 21 27 22 20 20 32 54
internal_value=2.63731e-05 0.00132205 0.000393653 -0.000437497 0.00177679 0.00371245 0.0106558 -0.00851419 0.018538 0.0152576 -0.00542661 -0.000508316 0.00650944 0.0150687 -0.0038353 -0.00768736 0.00484718 -0.0115843 0.00999643 0.00410601 -0.00747645 0.0137268 0.00304808 -0.000992986 0.0041826 -0.00775703 -0.0103054 -0.0138968 -0.0010795 -0.00973058 -0.00427109 0.00278259 0.0254067 -0.0145144 -0.00591488 0.0235899 -0.0120255 -0.0166552 0.0047917 -0.0190192 0.0279148 -0.0206814
internal_weight=380.835 328.214 309.564 292.341 202.313 171.581 64.5416 30.7313 30.2534 18.6504 90.0281 107.04 33.3838 22.1537 73.6561 58.4721 13.4155 45.0566 15.184 12.0531 79.6038 17.2229 34.2882 26.8878 19.9227 52.6206 44.8163 34.7617 12.9395 67.9231 33.6333 17.7109 13.6512 34.2898 13.438 23.6464 15.9224 18.6782 11.6807 20.8518 16.9858 21.8223
internal_count=1301 1115 1054 998 679 568 209 111 96 61 319 359 110 72 249 199 45 154 50 42 282 56 113 89 65 186 159 124 45 242 119 62 44 123 47 74 57 69 40 76 53 79
is_linear=0
shrinkage=0.03


Tree=41
num_leaves=45
num_cat=0
split_feature=15 47 32 16 43 25 35 16 55 37 37 29 28 15 39 25 52 59 47 23 0 34 36 60 46 52 47 28 2 39 44 56 31 30 39 32 39 54 40 46 35 16 55 31
split_gain=12.3412 7.29099 4.42848 3.85733 2.98463 5.22073 4.10706 5.7628 4.86877 4.72869 4.92661 3.78677 3.65162 3.18738 3.07469 2.73521 2.62571 3.90536 3.97885 3.88807 3.22142 4.71656 2.53687 2.31729 3.40883 2.0498 3.05529 2.03118 2.54524 2.01227 1.9676 1.89798 1.62647 1.81646 1.58716 1.42023 1.29695 1.18279 1.15111 1.00191 0.893625 0.794187 0.478732 0.0814856
threshold=-0.24204272562816717 -1.2881230599495297 0.51161105254744887 0.26833450457803815 -1.4696445955951762 -0.36788297411228221 -0.85695683773416886 -0.8245683360495385 -0.21103628178692688 -0.83092990323670424 1.0000000180025095e-35 -1.0441473815902795 -0.31883780117197397 -0.011987427269821492 -0.66947035588315129 -0.36788297411228221 1.0000000180025095e-35 1.0000000180025095e-35 -0.89881734502672128 -0.34684655464493291 1.7115624209825639 0.24723848299581461 0.14537738811215647 430.00000000000006 0.2860425334240338 0.40603223384198273 -0.53568798126168327 -1.1772092017404867 1.2702653661078369 0.28366823997278828 0.33773515778930435 1.0000000180025095e-35 1.3590183406602476 0.38800057762403822 -0.66947035588315129 0.22784375290376183 0.28366823997278828 -0.81717247560250172 -0.15359536848368768 0.74391099807274286 -0.19965064972660754 0.18700310279130408 0.64883458073388411 -0.58411815782754306
decision_type=2 2 2 2 2 2 2 2 2 2 2 2 2 2 2 2 2 2 2 2 2 2 2 2 2 2 2 2 2 2 2 2 2 2 2 2 2 2 2 2 2 2 2 2
left_child=2 30 16 -4 15 11 7 -7 12 22 23 -6 40 36 -12 31 17 19 -19 -1 21 25 42 -11 -25 34 -27 -15 32 -16 -2 -3 33 -29 -18 37 -13 -9 -38 -5 -8 -17 -10 -20
right_child=1 4 3 39 5 6 8 35 9 10 14 13 -14 27 29 41 20 18 43 -21 -22 -23 -24 24 -26 26 -28 28 -30 -31 -32 -33 -34 -35 -36 -37 38 -39 -40 -41 -42 -43 -44 -45
leaf_value=-0.0063407909686429079 0.0032001511523254205 -0.010175282070693339 0.0085293155657302968 -0.0033506572146441648 0.0063414502194280437 -0.011044531252883903 -0.024093867485817152 0.017374562198031188 -0.0073362956203351787 0 0.012540954830386104 -0.02418941532446443 0.0020104497961147853 0.0087325635359806527 -0.016451769433204092 -0.0072437365916065023 -9.8664432380186088e-05 0.0065516312414833555 0.01898570363108134 0.019433104351119817 0.020498489628877833 0.016689980504322133 0.0030463759282973496 0.030229425342526779 0.0020935536819651772 -0.0094736864264044346 0.015766818978942599 -0.0014277255831240644 -0.020343069163515585 0.0024062745681114003 0.023722481330493393 0.0090964761166894229 0.0079433561056402782 -0.018627453679203557 -0.019313153864901414 0.029377339216544229 0 0 -0.015583400116089026 -0.021677995493951236 -0.0066029345293381345 -0.023745452602468617 -0.021943358661121067 0.035908259052805709
leaf_weight=11.92568498849869 9.6197724044322985 10.077879801392557 11.147971332073213 6.4693339169025403 11.681631863117216 6.7833475470542934 12.897448480129244 7.0448483228683507 7.9878470003604907 6.2252108752727535 7.3123099803924587 16.854600340127945 9.6701255142688733 6.025611698627471 10.498691082000734 6.7530206441879299 7.2311831414699546 12.609191894531248 10.002050846815107 7.0721043646335593 8.5547270774841291 11.382379829883574 9.0687947273254377 11.669366866350176 6.5083442330360404 7.045350193977356 7.0758287906646711 19.451855868101124 10.015668034553526 7.411588490009307 8.4061538875102979 5.9771124124526969 6.9975258708000174 6.9461945295333853 8.8362271785736137 6.7757554054260245 6.4819521605968502 6.2194288074970228 10.357105642557142 6.3068937957286835 6.3444513976573971 14.002116590738295 6.8542158901691437 9.7315801978111285
leaf_count=36 29 35 34 21 38 23 44 22 26 20 23 60 32 20 35 23 22 38 29 21 25 34 29 36 21 22 21 64 35 24 24 20 23 23 27 21 22 20 36 21 21 50 23 28
internal_value=1.18064e-05 -0.00348621 0.00778935 -0.0034637 -0.00480265 -0.00341561 0.000474464 0.010634 -0.00224289 0.00182691 0.00711609 -0.00870662 -0.0123711 -0.010967 -0.00199985 -0.0126254 0.0105127 0.0152832 0.0214556 0.00368104 0.00520834 0.00131823 -0.00868639 0.01634 0.0213881 -0.00480391 0.00308924 -0.00565979 -0.00801603 -0.00875598 0.0141649 -0.00249461 -0.00343154 -0.00692681 -0.011754 0.0185087 -0.0180104 0.0101297 -0.0100259 -0.0141452 -0.0195106 -0.0194961 -0.0158441 0.0295607
internal_weight=404.31 278.92 125.391 23.9242 260.894 224.084 129.272 26.8234 102.448 73.5364 49.6255 94.8121 28.912 83.1305 25.2226 36.8101 101.466 51.3406 32.3428 18.9978 50.1257 41.571 23.9109 24.4029 18.1777 30.1886 14.1212 49.4369 43.4112 17.9103 18.0259 16.055 33.3956 26.3981 16.0674 20.04 33.6937 13.2643 16.8391 12.7762 19.2419 20.7551 14.8421 19.7336
internal_count=1301 922 379 76 869 741 420 86 334 237 159 321 97 283 82 128 303 152 95 57 151 126 78 77 57 92 43 165 145 59 53 55 110 87 49 63 118 42 58 42 65 73 49 57
is_linear=0
shrinkage=0.03


Tree=42
num_leaves=45
num_cat=0
split_feature=3 44 25 5 47 40 46 46 12 28 21 16 14 55 29 39 42 36 16 30 46 46 32 45 45 53 55 38 38 55 29 55 47 46 12 40 45 45 55 29 33 47 20 19
split_gain=10.9468 5.11048 5.0323 3.87213 4.20976 3.33667 3.40295 5.29878 3.54451 3.24718 3.46483 2.73225 5.19739 2.72159 2.98737 2.76249 2.69991 2.63625 6.42862 3.34601 2.52094 2.74254 2.47602 2.3913 3.11902 2.34566 2.08444 2.5885 2.05644 1.96754 4.11836 3.10207 2.6487 2.57408 1.89277 1.85996 1.58511 1.49771 1.46592 1.4013 1.24183 1.23663 1.0138 0.521611
threshold=-0.099938161957900687 -0.89964428542073438 -0.36788297411228221 0.97378359236674605 0.84976915856761381 1.0757071363409705 1.2161264517482751 0.73068403136855353 -1.6163878908051139 1.1526560283740481 -1.3900226661688055 -0.47801565955336117 -0.14493029477455263 1.0000000180025095e-35 0.73892769020725491 -0.80563301243399998 -0.72500780178695667 -0.27002784758682591 0.57214885049448727 0.26373978707126716 -0.93268923094560952 0.51557815374853022 -0.74957694586893819 1.3693409594906301 0.49001035494000078 -0.33611145028219497 0.83216170239488474 0.13962313092471088 -0.26830487454984459 0.34903458864903575 -0.33091735287126595 -0.14618921322122802 -0.076404839770831692 -0.85704277348711877 -0.088150875180910027 -0.83654120449738645 0.45888700447450576 -0.082960175730035557 0.37642579068540399 -1.0441473815902795 -0.60244676187590573 -0.30956431567284054 -0.535186481065413 -1.0715975759232521
decision_type=2 2 2 2 2 2 2 2 2 2 2 2 2 2 2 2 2 2 2 2 2 2 2 2 2 2 2 2 2 2 2 2 2 2 2 2 2 2 2 2 2 2 2 2
left_child=1 11 23 4 9 6 7 8 -2 10 43 40 37 14 15 -12 22 18 -18 -19 35 -22 -10 24 29 -26 27 -15 -6 31 41 32 -3 -34 -25 -14 39 -13 -9 -7 -1 -31 -21 -4
right_child=5 2 3 -5 28 36 -8 38 16 -11 13 12 20 26 -16 -17 17 19 -20 42 21 -23 -24 34 25 -27 -28 -29 -30 30 -32 -33 33 -35 -36 -37 -38 -39 -40 -41 -42 -43 -44 -45
leaf_value=0.0085942157256073039 -0.019003070532722759 0.018762104277297371 -0.0087083625503768143 0.012398925998497545 -0.00087989324514557612 -0.0065517190476644498 -0.017829772719077288 0.022103973984240591 -0.0023241221992363384 0.0067901628087288371 0.019248808635300704 0.0012677929314544427 0.010846919936483037 -0.0037654688287736141 -0.012507495850821556 -2.8163860282844525e-05 0.021155291486824893 -0.021390862896262242 -0.014144607831806441 0.005990174949609673 0.024817843829554275 0.0016598888856320904 0.016357247951359247 -0.011966231449852319 0.0026174608032414628 0.022877614264568819 0 -0.022823005626081628 0.019229472011599576 -0.0084089260815868108 0.022769987635622175 -0.011243600573806901 0.0095716393964647151 -0.011565254951020138 0.005782714769168024 -0.0072074749981255546 -0.0025451936465288546 -0.015669238209272379 0.0022525638475872855 -0.022920999731409097 0.028476978718866598 0.0072626504565677348 -0.0074960486492371007 -0.023143395795482049
leaf_weight=8.2119605243206042 12.158558219671248 7.80567339062691 7.9243741333484676 12.302873581647871 7.70899298787117 9.8618810474872571 12.601994425058363 7.3945083916187269 12.854928970336916 13.592311531305311 7.3921318054199174 7.7294792234897614 9.6993216574192065 13.043074905872347 10.527959316968916 24.550323992967613 7.7144158184528262 13.785940885543839 7.7830653190612793 7.1472155153751347 15.661472856998445 7.3894974291324607 9.8335674405097873 9.8680716454982775 8.827615290880205 16.377553194761276 13.073565304279326 15.045992374420164 7.8021153807640058 7.3135753273963928 11.154777556657789 13.470080137252806 8.9206886291503924 8.7459799051284772 8.5418823063373548 7.7657026350498191 9.4189994633197767 7.9850167334079725 7.1788237392902374 18.076439589262012 8.204096853733061 7.7857145369052905 9.9780571460723912 12.569539427757261
leaf_count=22 35 21 22 33 21 28 36 20 36 37 20 21 26 36 29 67 21 39 22 20 42 20 27 27 24 44 36 42 21 20 30 37 24 24 23 21 27 22 20 52 22 21 28 35
internal_value=-4.48356e-05 0.00298968 0.000937417 -0.00267442 -0.00423341 -0.00685287 -0.0040062 -0.00187992 -0.00496792 -0.00621662 -0.00804359 0.00992966 0.00631279 -0.00505012 0.000181704 0.00491678 -0.00206197 -0.00621167 0.0033904 -0.0111449 0.0119326 0.0181934 0.00603689 0.00579324 0.00780209 0.0165521 -0.0104054 -0.014816 0.00968613 0.00403316 0.0101418 -0.000160175 0.00577776 -0.000665441 -0.00361446 0.00256766 -0.0144874 -0.00760533 0.0138213 -0.0179749 0.020418 -4.05924e-05 -0.00151631 -0.0188092
internal_weight=472.78 326.991 254.345 145.533 133.23 145.788 108.431 95.8291 81.2557 117.719 104.127 72.6465 56.2305 83.633 42.4704 31.9425 69.0972 46.4087 15.4975 30.9112 40.516 23.051 22.6885 108.812 90.4017 25.2052 41.1626 28.0891 15.5111 65.1965 26.2541 38.9424 25.4723 17.6667 18.41 17.465 37.3573 15.7145 14.5733 27.9383 16.4161 15.0993 17.1253 20.4939
internal_count=1301 890 694 399 366 411 304 268 228 324 287 196 152 230 116 87 193 130 43 87 109 62 63 295 245 68 114 78 42 177 71 106 69 48 50 47 107 43 40 80 44 41 48 57
is_linear=0
shrinkage=0.03


Tree=43
num_leaves=39
num_cat=0
split_feature=39 23 53 53 40 46 16 50 38 18 50 55 46 29 49 34 36 26 18 24 0 28 33 58 19 39 34 33 26 47 46 44 38 33 47 20 46 48
split_gain=4.12247 4.41992 3.77226 3.52568 5.9232 5.07483 5.50329 4.7825 4.44118 4.68152 6.50925 3.69561 4.58973 3.54205 3.83887 3.65676 2.99148 2.93528 2.90329 2.43311 2.27343 2.56122 2.09654 2.29809 3.27188 2.02432 1.96713 1.96583 1.91202 1.72615 1.72454 1.96741 1.2519 1.22211 1.42812 0.943807 0.92465 0.325466
threshold=-1.077958325535697 -1.325868144071207 1.4896964696223387 -0.33611145028219497 -0.29018453568642755 -0.070947212601417689 0.067152303695282176 0.84101043772738204 -1.818431295353155 0.52337071724478579 0.41720697903334741 0.10062593235574935 -0.35353488967400454 1.0955427045667618 -0.2194434652537364 -0.24251994046170008 0.40846737072151201 -0.17751936367368756 0.41633568318941672 -0.26169676984682394 0.8620869477685259 0.78478257098754278 1.8207537290440154 -0.84553114790396355 -0.83573098601906703 0.056730479054707482 -0.079267132642528534 -0.40051338763257899 -0.82042376788487992 0.57369521378184352 0.64432162490967804 0.58521104643131217 -0.920989683309133 -0.84476681096789796 1.3672576012051985 0.51204436964502487 1.1162756446126678 -1.0921660329097165
decision_type=2 2 2 2 2 2 2 2 2 2 2 2 2 2 2 2 2 2 2 2 2 2 2 2 2 2 2 2 2 2 2 2 2 2 2 2 2 2
left_child=22 18 3 8 17 6 -6 16 -3 10 13 -8 -13 14 29 -16 30 25 -2 -4 21 -18 23 -1 28 35 -11 33 -25 -10 31 -7 -15 34 -19 -5 -32 -26
right_child=1 2 19 4 5 7 11 -9 9 26 -12 12 -14 32 15 -17 20 27 -20 -21 -22 -23 -24 24 37 -27 -28 -29 -30 -31 36 -33 -34 -35 -36 -37 -38 -39
leaf_value=0.0017537740272517005 0.0028018454093923823 -0.017082849872738757 0.024675303762030948 -0.013903436828898405 -0.012755572884621159 -0.0092852975801602095 0.030115529346839035 0.018675935909750759 0.032302752903341177 -0.018224736452686505 -0.013768464905551071 -0.005871288290270984 0.022002840678368888 -0.010031182176649434 -0.0051454885439584539 0.014482307040605656 0.0051285423773562286 -0.019379568612413741 0.026742863451158651 0.0019754538943766737 0.011350539498279905 -0.011752193839339831 0.0054101451579672277 -0.012427633594586865 -0.0090288853446741334 0.010960747318163395 0.00096111927840113914 -0.021319291165336943 0.0083499712219688039 0.011656012930045206 -0.022924400743071879 0.0089445673639918823 0.0065871659092083179 0 0 0.00059856834766172217 -0.0072654873170645753 -0.02355781876420104
leaf_weight=10.059482455253599 10.45650362968445 6.7420848459005347 7.5937853753566769 6.8690743744373339 5.9694987237453452 16.134098172187809 9.6817815899848956 6.9732327759265891 12.323621958494181 7.3365677148103741 8.6636554896831495 10.314248919487001 8.1121430993080121 6.6830126643180847 11.356084331870074 23.954609721899043 13.993467181921007 9.1229186356067675 8.301982104778288 9.7153769433498365 11.550746500492094 15.065982967615126 7.8276241570711127 5.8920414298772812 6.1836300492286655 7.2521929740905753 9.0451422035694105 19.574459508061409 7.021789729595179 10.056714773178099 10.181316018104555 5.9877169430255881 6.4023579955100995 11.06895489990711 5.7005150765180579 6.1429920494556427 9.7184097766876203 15.42336396872998
leaf_count=35 35 25 24 25 21 56 30 23 39 26 30 35 26 24 39 79 46 33 26 32 38 52 27 21 22 25 30 72 24 34 36 20 21 39 20 21 33 57
internal_value=3.17341e-05 0.00130527 0.0003942 -0.00042264 -0.00286043 0.000980089 0.0106133 -0.00273209 0.00399813 0.00578348 0.00881847 0.0161737 0.00683162 0.0118947 0.0150316 0.00805447 -0.00491078 -0.0100368 0.0148892 0.0134268 0.000781409 -0.00357427 -0.00764311 -0.0101668 -0.0137354 -0.000177055 -0.00810375 -0.0141575 -0.00102047 0.0245912 -0.010387 -0.00384236 -0.00164762 -0.00765322 -0.0128713 -0.00728939 -0.0166028 -0.0205155
internal_weight=380.453 328.045 309.287 291.978 189.414 123.683 34.0777 89.605 102.564 95.8218 79.4401 28.1082 18.4264 70.7764 57.691 35.3107 82.6317 65.7311 18.7585 17.3092 40.6102 29.0595 52.4079 44.5803 34.5208 20.2643 16.3817 45.4668 12.9138 22.3803 42.0215 22.1218 13.0854 25.8924 14.8234 13.0121 19.8997 21.607
internal_count=1301 1115 1054 998 651 416 112 304 347 322 266 91 61 236 191 118 281 235 61 56 136 98 186 159 124 71 56 164 45 73 145 76 45 92 53 46 69 79
is_linear=0
shrinkage=0.03


Tree=44
num_leaves=44
num_cat=0
split_feature=14 47 19 54 45 32 60 54 59 54 26 41 33 45 41 13 46 32 33 54 60 40 55 31 39 18 12 61 21 59 33 44 60 56 54 12 39 38 33 20 20 45 54
split_gain=12.7658 6.64805 3.94746 3.12314 4.14365 3.89127 3.8674 3.85266 4.04173 2.5226 3.09359 4.63133 3.29407 4.36776 3.83259 6.61251 4.88343 2.39009 2.35969 2.98039 2.23344 2.21472 2.1399 3.90892 2.08955 2.06551 2.05937 2.59554 1.91595 1.75381 1.65924 1.6071 1.52884 1.411 3.06756 2.38039 1.96051 1.38031 0.794531 0.693114 0.333463 0.138231 0.0673687
threshold=0.029994558375851157 -1.2881230599495297 -1.3074641658274369 0.0041170921132025629 0.24647271750939162 0.97404665196679119 445.00000000000006 -0.84005777865713738 1.0000000180025095e-35 -0.826361296606274 -0.43468112535816461 0.56381581693883687 -1.08708686005989 0.1532939552628976 0.2448112674498677 1.171856362234726 -0.23575261793691285 -0.74957694586893819 0.36683343449206246 -1.3797706842642725 455.50000000000006 0.6659396347327512 0.12407634434393279 1.0000000180025095e-35 -0.94179566898484857 0.64214387255294003 1.2619780785051777 470.50000000000006 -0.8302271271854853 0.95965561476832517 1.0000000180025095e-35 0.33773515778930435 213.50000000000003 1.0000000180025095e-35 -0.30299799189236759 -0.14759158215396215 0.056730479054707482 -0.18671927345493336 0.57453633371377011 0.51204436964502487 1.035659795000244 1.3350779385620515 -1.2536861151285981
decision_type=2 2 2 2 2 2 2 2 2 2 2 2 2 2 2 2 2 2 2 2 2 2 2 2 2 2 2 2 2 2 2 2 2 2 2 2 2 2 2 2 2 2 2
left_child=1 31 28 7 6 21 25 8 24 18 11 -11 26 22 15 37 20 42 -4 -20 -16 -6 29 -24 -2 -5 27 41 -3 30 -14 -1 -18 36 35 -35 38 -15 -9 -30 -41 -12 -10
right_child=3 2 9 4 5 -7 -8 33 17 10 12 -13 13 14 16 -17 32 -19 19 -21 -22 -23 23 -25 -26 -27 -28 -29 39 -31 -32 -33 -34 34 -36 -37 -38 -39 -40 40 -42 -43 -44
leaf_value=0.0031572196194800707 0.0031374206519657441 -0.001216647709946372 -0.0063306413481522663 -0.019165621119722004 0.0043001998538938942 -0.0078192034402404572 0.010722143411329195 0.034059775187826033 0.022955266743577021 -0.020965578421228512 -0.020979932294183164 0.0061853019565285342 -0.020555378130093609 0.0094652465609483052 0.021391992708452594 -0.011043141035750569 0.00090394441105087775 0 -0.0036387894138391382 0.018584836621947962 -0.0013680804891259574 0.02613999866446037 -0.010714159765898672 0.014353426726217297 -0.017633469354747862 0 0.0033573960159373681 0.0009424489640866532 -0.02329718628918679 0.0014797088716938412 -0.0045386420861740322 0.021997126516268284 -0.015722463431478945 0.026325908274328569 -0.0056499946634499792 0.0021478870766299678 0.0059129288859889051 0.027268099427205733 0.013313950213914887 -0.0044059477137140752 -0.015944503332176806 -0.0083555436231506162 0.0098111952855146796
leaf_weight=9.6263293325901049 6.722447544336319 9.3124165236949903 10.49160757660866 13.127005279064184 9.0523963570594841 6.5542978048324576 7.5462042391300193 9.6491556167602592 6.9372227489948255 19.880685120821003 16.886664420366294 6.4938335418701163 15.537722140550615 10.995681583881384 6.9816167354583722 6.9369647800922385 5.9962422847747829 9.9736562967300433 7.5901490151882198 12.370084673166273 5.9923607707023621 9.6185806691646558 10.286172538995745 9.1007194221019727 7.7840506434440595 8.3002389073371869 6.3525521159172049 7.1038921177387229 13.610763207077982 6.895305633544921 12.195579588413237 8.1147078275680524 14.792580872774122 8.4017298817634583 6.7838678061962119 7.2059993445873269 7.0048298239707938 11.665968388319014 6.9460436999797812 8.6453912556171399 5.7443839609622946 5.768558293581008 6.8263339698314667
leaf_count=29 20 31 35 42 27 21 23 28 20 68 60 21 55 34 22 24 20 30 24 38 20 28 35 29 24 26 21 24 50 23 41 23 49 24 21 22 21 35 21 31 21 20 20
internal_value=7.75625e-06 -0.00382576 -0.00513632 0.00736147 0.00154757 0.0102165 -0.00593439 0.0109397 0.00349434 -0.00344734 -0.00481344 -0.0140922 -0.00305936 -0.000522857 0.00471652 0.0123515 -0.00204734 0.0109676 0.00428087 0.0101908 0.0114128 0.0169559 -0.00673822 0.000951684 -0.0082412 -0.0123799 -0.0107948 -0.0140239 -0.0140005 -0.0110703 -0.0143116 0.0131294 -0.0109195 0.0166986 0.00973429 0.0166809 0.0220907 0.0200022 0.0275315 -0.0177707 -0.0104601 -0.0187323 0.0184341
internal_weight=403.803 265.369 247.628 138.434 54.1987 25.2253 28.9734 84.2353 38.2437 210.315 179.863 26.3745 153.489 117.377 63.3614 29.5986 33.7628 23.7372 30.4518 19.9602 12.974 18.671 54.0155 19.3869 14.5065 21.4272 36.1117 29.7591 37.313 34.6286 27.7333 17.741 20.7888 45.9916 22.3916 15.6077 23.6 22.6616 16.5952 28.0005 14.3898 22.6552 13.7636
internal_count=1301 883 831 418 167 76 91 251 114 698 601 89 512 387 204 93 111 70 97 62 42 55 183 64 44 68 125 104 133 119 96 52 69 137 67 46 70 69 49 102 52 80 40
is_linear=0
shrinkage=0.03


Tree=45
num_leaves=44
num_cat=0
split_feature=3 44 25 5 47 55 1 12 37 28 21 46 27 55 53 16 16 14 35 59 32 60 46 46 35 44 46 55 46 55 38 38 30 18 20 45 34 46 49 12 25 59 25
split_gain=10.378 4.81317 4.82118 3.7215 4.05226 3.21705 3.40264 4.70089 5.83922 3.12671 3.33465 2.73307 2.69562 2.62093 2.67864 3.16321 2.61912 4.98257 2.54816 2.47481 4.03671 2.45802 2.42997 2.85111 2.5939 2.80367 2.27847 2.21246 2.04705 2.0099 2.50414 2.00069 1.96829 1.56968 1.53942 1.43675 1.16754 1.06362 0.693171 0.691842 0.612232 0.473162 0.271976
threshold=-0.099938161957900687 -0.89964428542073438 -0.36788297411228221 0.97378359236674605 0.84976915856761381 0.49426812197305148 -0.70722456578693571 -1.6163878908051139 0.13531124961836907 1.1526560283740481 -1.3900226661688055 0.73068403136855353 1.1782093360012698 1.0000000180025095e-35 -0.94471409025037267 0.065639656166811985 -0.47801565955336117 -0.14493029477455263 -0.41875271239579454 1.0000000180025095e-35 1.0000000180025095e-35 531.00000000000011 0.33097635808274911 0.7723370185420938 -0.63785477506498156 0.33773515778930435 0.083297868767091818 0.36192934035083496 0.17314679108742106 0.83216170239488474 0.13962313092471088 -0.26830487454984459 1.1335653209406644 0.67654210688728578 1.0000000180025095e-35 -0.082960175730035557 -1.0000000180025095e-35 -0.32843340481158517 -0.42990859484836313 1.5332242364934208 -0.36788297411228221 1.0000000180025095e-35 0.28596367796432992
decision_type=2 2 2 2 2 2 2 2 2 2 2 2 2 2 2 2 2 2 2 2 2 2 2 2 2 2 2 2 2 2 2 2 2 2 2 2 2 2 2 2 2 2 2
left_child=1 16 21 4 9 6 -2 11 26 10 41 -8 33 14 -12 -16 40 35 -10 -19 38 22 24 -24 34 37 -9 -27 -23 30 -15 -6 -14 39 -3 -18 -34 -26 -21 -7 -1 -4 -28
right_child=5 2 3 -5 31 12 7 8 18 -11 13 -13 32 29 15 -17 17 19 -20 20 -22 28 23 -25 25 27 42 -29 -30 -31 -32 -33 36 -35 -36 -37 -38 -39 -40 -41 -42 -43 -44
leaf_value=0.010447048134290666 -0.015874717118158296 0.016427881935773232 -0.0086527813786439756 0.012150098201010651 -0.00091401058422890076 -0.024210445809728771 -0.020295291073567492 0.00031860328478266927 0.0036529294009136561 0.0066502758847948968 -0.01264575121451145 0.001573708349006052 0.006008681914271014 -0.0036959627174281942 -0.0093718497666468656 0.010073727299193322 0.0011548914761708015 0.021694123269985481 -0.014931787547666928 0.0012420323129591802 0.017380793243224276 0.021612686263411993 0.019631270208562777 0 -0.0035792177369545091 -0.0049474908371819216 0.025486073317220949 0.013061110528942778 0.0012685063560849861 0 -0.022474821193214249 0.018906356520212265 -0.0022730549699056324 -0.0045703979386284505 -1.7029784159781216e-05 -0.015437344082712226 -0.017159159455093203 -0.017567194244150861 -0.010370265787539808 -0.0085397489907899412 0.026992624873083432 -0.022708861721162814 0.011191901175080647
leaf_weight=8.956041485071184 12.656287521123884 9.6632150709629077 7.9216826856136349 12.302991718053816 7.706071674823761 18.9070238173008 11.37813910841942 7.8019991517066982 12.295243412256243 13.598138779401777 9.425951123237601 7.4331241846084586 9.3660299181938189 13.030968099832537 9.063367307186132 23.961925357580185 7.7304410934448242 13.395275980234144 11.069948762655256 7.4118989706039393 12.280959546566008 12.653447806835176 13.350586712360384 13.181319653987883 12.126135945320131 11.300112545490267 9.2604477405548113 10.032689362764357 7.7386456429958335 13.067841738462446 14.964174866676329 7.8081886172294599 12.067031502723697 9.1085819005966169 8.1387812197208387 7.9607222974300367 8.5845075249671901 10.566537231206892 7.3971402347087913 7.0422432422637931 7.4353906810283652 12.478543192148207 8.3536784350872022
leaf_count=24 36 26 22 33 21 55 33 22 34 37 26 21 26 36 25 65 21 36 31 20 33 34 36 36 33 31 25 27 21 36 42 21 34 26 22 22 25 29 20 20 20 35 23
internal_value=-4.60505e-05 0.00290761 0.000914099 -0.00262385 -0.00415507 -0.00668781 -0.00249357 0.000215369 0.00521442 -0.00610471 -0.00790161 -0.0118805 -0.0115972 -0.00496368 0.000166806 0.00438804 0.0096466 0.00610438 -0.00528042 0.0116104 0.00553785 0.00566783 0.00328595 0.0106127 0 -0.00394164 0.0148419 0.00356072 0.0147822 -0.0102275 -0.0145697 0.00949612 -0.00439722 -0.0171645 0.00918163 -0.00752644 -0.00947475 -0.0110259 -0.00461075 -0.0208753 0.0199215 -0.0184912 0.0204311
internal_weight=471.973 326.649 254.081 145.33 133.027 145.324 80.2489 67.5926 48.7813 117.513 103.914 18.8113 65.0754 83.5142 42.4512 33.0253 72.5679 56.1764 23.3652 40.4853 27.09 108.751 88.3594 26.5319 61.8275 44.0255 25.4161 21.3328 20.3921 41.063 27.9951 15.5143 30.0176 35.0578 17.802 15.6912 20.6515 22.6927 14.809 25.9493 16.3914 20.4002 17.6141
internal_count=1301 890 694 399 366 411 225 189 135 324 287 54 186 230 116 90 196 152 65 109 73 295 240 72 168 120 70 58 55 114 78 42 85 101 48 43 59 62 40 75 44 57 48
is_linear=0
shrinkage=0.03


Tree=46
num_leaves=40
num_cat=0
split_feature=39 23 53 53 40 46 16 50 38 15 50 29 49 34 43 19 42 46 25 33 24 23 23 7 16 58 47 39 54 31 26 58 46 34 38 58 29 54 33
split_gain=3.96198 4.20406 3.63942 3.37398 5.7216 4.86533 5.27701 4.57458 4.27197 4.11312 5.13152 3.54646 4.17981 4.21865 3.50072 3.02359 2.94738 2.90624 2.43605 2.79917 2.28089 2.20974 2.66664 2.20555 2.95505 2.16616 2.6346 2.96486 2.90578 1.84966 1.81221 1.74622 2.77053 1.28322 1.05763 0.486998 0.404113 0.312885 0.241889
threshold=-1.077958325535697 -1.325868144071207 1.4896964696223387 -0.33611145028219497 -0.29018453568642755 -0.070947212601417689 0.067152303695282176 0.62910870838036481 -1.818431295353155 -0.24204272562816717 0.41720697903334741 1.0955427045667618 -0.2194434652537364 -0.24251994046170008 -1.4696445955951762 0.46153525845395038 -0.22345371730715313 -0.68621520577842288 -0.7415096324417747 1.8207537290440154 -0.26169676984682394 0.95851556459009968 0.2242493725203937 0.18140383587067674 -0.32113107892153075 -0.84553114790396355 0.25778382324721422 0.41983089652363698 -0.35603902593321335 1.0000000180025095e-35 0.7225468022219822 -0.84553114790396355 0.68487158821192218 -0.079267132642528534 -0.920989683309133 -1.0000000180025095e-35 -0.68753236723077271 0.34356284809595539 0.57453633371377011
decision_type=2 2 2 2 2 2 2 2 2 2 2 2 2 2 2 2 2 2 2 2 2 2 2 2 2 2 2 2 2 2 2 2 2 2 2 2 2 2 2
left_child=18 16 3 8 14 6 -6 15 -3 33 11 12 29 -14 30 21 -2 -8 -1 31 -4 22 -7 35 -25 -16 38 28 -28 -11 -5 -20 36 -10 -13 -17 -33 -19 -27
right_child=1 2 20 4 5 7 17 -9 9 10 -12 34 13 -15 25 23 -18 37 19 -21 -22 -23 -24 24 -26 26 27 -29 -30 -31 -32 32 -34 -35 -36 -37 -38 -39 -40
leaf_value=0.0095903804895508624 0.021948933199096226 -0.016884063968538299 0.023987691988980837 0.011833394733949978 -0.012592811698278032 0.0012616790831337433 -0.00049797676856317677 0.017061851511033534 -0.013869974807991728 0.035999480545592329 -0.012457627355384589 -0.0098462522827834249 -0.0070215506986917196 0.014184104668401721 -0.023350701315646243 -0.023054855659586808 -0.0017789739055608653 0.025288837409375514 0 0.0052986509090203323 0.0020026126389810742 0.012087078152014142 -0.015487622884963644 -0.014739961617709407 0.0096405502678837806 -0.02194139635997424 -0.0072551003977533194 -0.012867667677403424 0.018762773780996049 0.014253860518452061 -0.0079846798459392403 -0.0088590533892156133 0 0.00084801077085890476 0.0052658214382768458 -0.0082387557065876846 -0.023842994118808417 0.011563950726434853 -0.0075737731286262744
leaf_weight=5.1481032073497763 12.831324905157091 6.6600977331399909 7.6730681657791164 7.8139007240533811 5.9247503876686087 29.567366316914558 6.7992551326751736 7.9142243862152091 8.9896107763052004 8.276937663555147 7.7750260531902304 6.6299649477005005 11.067148923873896 24.064677298069004 14.059485539793966 10.72200086712837 6.0425982773303977 12.408782452344896 7.7656184732913962 7.8474622815847388 9.7064459621906263 9.076732933521269 10.148537695407866 7.3097411245107651 7.4534477889537794 9.1347238272428495 5.51395839452743 10.542856320738791 7.0365537106990885 13.420609414577482 5.8075182139873505 6.1338503211736706 7.9486596584320059 9.0769719779491407 6.7103651165962201 7.238558545708659 17.314093410968784 9.0516636073589307 5.4442810714244834
leaf_count=18 41 25 24 27 21 99 23 26 32 26 27 24 38 79 52 38 20 39 27 27 32 30 35 26 25 34 20 38 24 44 21 22 28 30 22 25 64 29 19
internal_value=3.11354e-05 0.00127802 0.000385911 -0.000418402 -0.00280889 0.000959668 0.0103722 -0.00268398 0.00390083 0.00564171 0.00864314 0.0112767 0.0144869 0.00732618 -0.00988843 -0.00494697 0.0144861 0.0157805 -0.00751228 -0.00974754 0.0131615 -2.7227e-05 -0.00328056 -0.0117845 -0.00230822 -0.0133931 -0.0087719 -0.00185745 0.0073508 0.0245992 0.00303324 -0.0129943 -0.0160152 -0.00667062 -0.00207646 -0.0184872 -0.0209321 0.0208949 -0.0181563
internal_weight=380.051 327.893 309.019 291.64 188.968 123.615 34.1845 89.4306 102.671 96.0113 77.9447 70.1697 56.8294 35.1318 65.3533 81.5164 18.8739 28.2597 52.1578 47.0097 17.3795 48.7926 39.7159 32.7237 14.7632 51.7319 37.6724 23.0934 12.5505 21.6975 13.6214 39.1622 31.3966 18.0666 13.3403 17.9606 23.4479 21.4604 14.579
internal_count=1301 1115 1054 998 651 416 112 304 347 322 260 233 187 117 235 278 61 91 186 168 56 164 134 114 51 187 135 82 44 70 48 141 114 62 46 63 86 68 53
is_linear=0
shrinkage=0.03


Tree=47
num_leaves=44
num_cat=0
split_feature=14 47 19 24 60 45 53 33 45 31 31 55 45 20 29 33 30 60 41 47 45 40 40 55 46 42 18 33 20 21 30 26 28 9 13 28 42 39 34 20 40 20 16
split_gain=12.094 6.4011 3.84944 3.11049 3.13749 3.55584 2.92987 2.40586 3.14548 3.82705 3.25907 5.39621 3.09 2.94058 2.57722 2.52597 2.5062 2.74885 2.33208 2.32891 2.29171 3.4064 4.8454 3.10082 3.44004 2.04518 2.03522 1.96719 1.95064 1.87451 1.84699 1.73535 1.54866 1.47756 4.14536 1.46687 1.29957 1.14038 0.942639 0.689695 0.572741 0.328499 0.324509
threshold=0.029994558375851157 -1.2881230599495297 -1.3074641658274369 1.2892607971451615 154.50000000000003 0.38097441557185746 1.4896964696223387 -1.08708686005989 0.1532939552628976 -0.80002221321507538 1.0000000180025095e-35 0.12407634434393279 0.43654293728833155 -1.0588019064206318 -0.33091735287126595 -0.40051338763257899 -0.23330337513981717 455.50000000000006 -0.71220238101703992 0.061313705511759083 -0.01404633016183433 0.52935046753001136 0.8935882467373174 0.38173209168183986 -0.077198180806857614 0.57067358311920258 0.5374373282615712 0.12451338540007034 1.035659795000244 -0.8302271271854853 0.38800057762403822 -1.077585529569357 0.41690911360103705 0.74966358278632372 1.3779124830577623 0.41690911360103705 1.0000000180025095e-35 0.056730479054707482 0.65537050254374385 0.51204436964502487 -0.83654120449738645 1.035659795000244 0.23189561753492441
decision_type=2 2 2 2 2 2 2 2 2 2 2 2 2 2 2 2 2 2 2 2 2 2 2 2 2 2 2 2 2 2 2 2 2 2 2 2 2 2 2 2 2 2 2
left_child=1 32 29 4 -2 6 20 28 9 18 30 15 14 25 -10 -12 38 35 31 42 21 23 -23 24 -6 -14 -22 -24 33 -3 40 -9 -1 -4 -35 -18 -16 -32 -15 -31 -11 -41 -7
right_child=3 2 7 -5 5 19 -8 8 12 10 11 -13 13 16 36 -17 17 -19 -20 -21 26 22 27 -25 -26 -27 -28 -29 -30 39 37 -33 -34 34 -36 -37 -38 -39 -40 41 -42 -43 -44
leaf_value=0.01962604669541617 -0.0055736877044921989 -0.0011723829835084813 -0.020194807048407391 -0.0090099951121419778 0.019190683423560114 0.013186381873378023 -0.010022315144832743 0.0075729001560305813 -1.9632241885501918e-05 -0.0083314381429773765 -0.020063512699427424 0.014481733218300961 -0.0024729683513816324 -0.018678138286962066 0.027520839597320084 0 0 -0.012767107104070249 0.014751326271173605 0.0055075053485755081 0.010998776418804522 -0.011201765591225762 0.021106323879474431 0.031304245868878394 -0.0013106343938545399 0.018451832641462336 -0.0078849002448942076 0 0.0021354466421253816 -0.023113813998014002 -0.01241965621704769 -0.010387540402152966 0.00099518781656996336 0.010728513656781373 -0.018669757007605089 0.016564314500266887 0.0061191809313911891 0.0039873496813098751 -0.0024042417450900813 -0.0042946865862493111 -0.022929330967752213 -0.015755164191781051 0.029837387414210208
leaf_weight=10.398761719465258 11.745925188064573 9.2978093028068525 14.62002730369568 8.4695566296577436 15.185211747884745 7.3263722658157411 7.1709678173065177 6.8153955340385464 9.6694986522197741 7.2790133655071285 10.240139275789263 10.422272205352781 6.095197767019271 10.781233817338945 6.9639916419982892 10.772940725088121 9.6212542653083855 7.3807122707366934 9.5796243548393232 10.224779099225996 6.6514111757278469 11.593520283699037 8.9721136093139631 9.0881536900997144 11.947366088628774 8.1607394218444806 12.225663036108015 6.8948161005973807 7.8249465972185126 13.422110721468927 5.7628740370273572 9.7165464162826556 7.3899379074573508 6.3951340913772565 7.9046170711517334 7.0998277962207785 6.4890517294406891 6.1409462690353394 6.2586472630500785 8.6109908223152143 17.639015376567841 5.682548150420188 11.224878340959547
leaf_count=30 36 31 52 27 44 21 22 21 31 25 37 33 20 37 21 36 31 24 30 30 20 37 26 26 37 26 39 21 27 50 20 32 22 21 28 22 21 20 21 31 62 21 32
internal_value=9.69702e-06 -0.00373458 -0.00502739 0.0071536 0.00834079 0.00982238 0.00657791 -0.00335986 -0.00179411 -0.00546733 -0.00917532 -0.0017101 0.00256527 -0.00123608 0.0114368 -0.0104374 -0.00538923 0.000712393 0.00398016 0.018914 0.00824429 0.0109168 0.00247028 0.0168085 0.010358 0.00974081 -0.000616867 0.0129102 -0.0102107 -0.0138173 -0.0150755 -0.00263647 0.0128766 -0.0136891 -0.00537216 0.00755276 0.0192484 -0.00400895 -0.0137026 -0.0175759 -0.0196073 -0.0102944 0.0250391
internal_weight=403.157 264.436 246.647 138.721 130.251 118.505 89.7292 209.634 172.889 94.3688 68.2572 31.4354 78.5202 55.3976 23.1225 21.0131 41.1417 24.1018 26.1116 28.776 82.5583 63.6812 27.4604 36.2207 27.1326 14.2559 18.8771 15.8669 36.7447 37.0135 36.8218 16.5319 17.7887 28.9198 14.2998 16.7211 13.453 11.9038 17.0399 27.7156 24.918 14.2935 18.5513
internal_count=1301 883 831 418 391 355 272 698 570 316 233 106 254 181 73 73 135 77 83 83 250 191 84 107 81 46 59 47 128 133 127 53 52 101 49 53 42 40 58 102 87 52 53
is_linear=0
shrinkage=0.03


Tree=48
num_leaves=43
num_cat=0
split_feature=3 38 42 43 40 46 46 12 35 29 44 56 42 26 45 42 54 29 47 55 25 23 37 36 36 16 30 46 55 30 54 34 23 40 46 39 20 54 55 35 46 20
split_gain=9.87202 4.60102 4.10367 4.09551 3.12701 3.22574 4.99537 3.34912 2.91332 3.94337 5.24293 2.69683 2.69861 2.58755 2.71535 2.57744 3.11432 2.52542 4.42072 4.23502 6.65123 3.65259 2.77081 2.54244 2.50636 6.11659 3.25363 2.43031 2.58941 2.32034 2.05853 1.77251 3.54145 1.63132 1.59932 3.18313 1.44937 1.38179 1.38061 1.25091 1.02167 0.950625
threshold=-0.099938161957900687 -0.71249314717769341 1.5319855783721592 1.0000000180025095e-35 1.0757071363409705 1.2161264517482751 0.73068403136855353 -1.6163878908051139 -0.41875271239579454 0.73892769020725491 -0.49749596637747195 -0.79917260807700286 0.21540610661267498 1.7511938489598904 1.8727841070733839 -0.72500780178695667 -0.76731954958997872 -1.0441473815902795 0.66130414429314699 0.36192934035083496 -0.36788297411228221 -1.0403201804885438 -0.83092990323670424 0.72694471809073213 -0.27002784758682591 0.57214885049448727 0.26373978707126716 -1.1986654628497837 -0.0054278230844758231 0.63652215872958007 -1.278735464842726 0.1656120790862288 -0.67318708445369091 -0.69995203729464661 0.82389607885546179 -1.0000000180025095e-35 0.51204436964502487 -0.47654608444654006 0.37642579068540399 -0.19965064972660754 0.33097635808274911 -0.535186481065413
decision_type=2 2 2 2 2 2 2 2 2 2 2 2 2 2 2 2 2 2 2 2 2 2 2 2 2 2 2 2 2 2 2 2 2 2 2 2 2 2 2 2 2 2
left_child=1 8 13 -4 5 6 7 -2 9 11 31 -1 33 14 17 16 39 22 19 21 40 30 36 -23 25 -17 -26 -20 -29 -22 -19 32 -11 -13 -6 37 -3 -36 -8 -9 -21 -28
right_child=4 2 3 -5 34 -7 38 15 -10 10 -12 12 -14 -15 -16 24 -18 18 27 20 29 23 -24 -25 26 -27 41 28 -30 -31 -32 -33 -34 -35 35 -37 -38 -39 -40 -41 -42 -43
leaf_value=0.010692415109429568 -0.018444324191331653 0.0056491693828767293 0.027992032238661837 0.00038985034506553557 -0.024094499325044847 -0.017299752823014623 0.02156934051851642 0.0057237839886836121 0.024246689666991773 0.022728377528666674 -0.0052870143496535653 0.009281528003880879 -0.015203431878836077 0.014993144657457696 -0.016021911708550017 0.020679630288997237 0.01939714813623632 -0.0033798803282662684 -0.002054954746451614 0.0083527400001978079 -0.011208380498279392 -0.0055958662593943798 -0.017979484433272745 -0.021372760057353078 -0.020956653853150795 -0.013791975091094481 0.0059279063717221281 0.02801761935512638 0.0056725824323085516 0.0045905247816463183 0.017125838046878606 0.025639473165513675 -0.00051553521050574523 -0.0073374744355580931 -0.0040644276731641223 0.0032896777565729492 -0.0096230113050084238 -0.023527418356969015 0.002241022838124516 -0.010146806554108958 0.024906483723342174 -0.0071521736699273119
leaf_weight=12.588156312704085 12.010807454586027 12.020487040281298 7.8196987509727505 11.094699352979658 9.9879690706729871 12.46933078765869 7.4014137089252454 7.1842828392982483 8.2002337574958784 9.2846122980117745 10.647356420755385 10.738844960927965 12.192483097314833 7.4277818799018851 9.4676888585090619 7.7220521867275149 8.0722045600414187 7.1986257433891296 7.7750331163406399 9.9983747005462664 15.466486066579821 55.536076992750168 13.023177713155745 10.68403187394142 13.66005644202234 7.7294729053974152 7.1409264504909489 8.5691829323768669 12.158007740974421 14.641319453716276 7.3343473672866804 14.901613116264341 11.810535341501241 7.6901923418045071 6.9393899738788631 10.514082342386248 7.9648968279361716 9.5468834936618787 7.1643718481063843 7.3907662034034747 10.062595725059508 9.9190315306186712
leaf_count=34 35 33 21 30 29 36 20 20 22 25 29 29 33 20 26 21 22 20 21 27 43 153 36 30 39 22 20 23 33 40 20 40 32 21 20 30 22 28 20 21 27 28
internal_value=-4.4862e-05 0.00283497 0.000456639 0.0133135 -0.00653555 -0.00377652 -0.0017065 -0.00472207 0.00822051 0.00631814 0.012225 -0.000120196 -0.00504367 -0.000763076 -0.00147853 -0.00189948 0.00601176 -0.000613667 0.000937153 -0.00138739 0.00530217 -0.0056372 -0.00799281 -0.00864695 -0.00597288 0.00338707 -0.0108055 0.0113502 0.0164479 -0.00348236 0.00722856 0.0175691 0.010279 0.00201527 -0.0139648 -0.00893615 -0.000404986 -0.0166908 0.0135328 -0.00214655 0.0180895 -0.00131726
internal_weight=471.15 326.297 228.243 18.9144 144.853 107.865 95.3954 80.8296 98.054 89.8538 46.6441 43.2097 30.6215 209.328 201.9 68.8188 22.6473 192.433 159.424 130.922 50.1688 80.7531 33.0086 66.2201 46.1715 15.4515 30.72 28.5022 20.7272 30.1078 14.533 35.9968 21.0951 18.429 36.9883 27.0004 19.9854 16.4863 14.5658 14.575 20.061 17.06
internal_count=1301 890 625 51 411 304 268 228 265 243 126 117 83 574 554 193 63 528 437 360 137 223 91 183 130 43 87 77 56 83 40 97 57 50 107 78 55 48 40 41 54 48
is_linear=0
shrinkage=0.03


Tree=49
num_leaves=41
num_cat=0
split_feature=50 40 41 2 47 14 30 55 47 47 38 16 12 24 26 43 46 46 44 55 13 58 28 43 38 42 16 30 1 44 38 57 27 19 30 38 18 54 30 40
split_gain=3.72065 4.1452 3.32649 3.2478 3.39057 3.02914 3.0071 5.72721 3.02329 5.99766 4.25514 3.52145 2.86641 3.42396 3.72967 2.75434 2.94728 2.90935 2.66781 2.57529 2.53598 2.3152 3.77578 2.18692 3.42898 2.87109 2.17858 2.1783 2.15354 2.12994 1.72512 1.6406 1.62686 1.41106 1.40085 1.08083 0.769629 0.604956 0.154649 0.125012
threshold=1.6886173551154515 -0.83654120449738645 -1.031206930506009 0.9539076879223477 1.0036985080415921 -0.3776876979506793 0.26373978707126716 1.7007328384650211 0.02446406024480376 0.63232949464776456 -0.59464727892948877 0.47363438304256034 -0.12587409180048834 -0.64943616159482009 -1.3347472912538338 0.54427849161249775 -0.43901796353077838 0.16162066286137791 -0.89964428542073438 -1.3407198722241482 1.024121714925897 1.0000000180025095e-35 1.0000000180025095e-35 -0.72983611458011233 0.13962313092471088 -0.4742307595470549 0.18700310279130408 -0.97886811845644306 0.15917582036820374 0.33773515778930435 0.71072233858908862 1.0000000180025095e-35 -1.0000000180025095e-35 -0.71779769106697455 -0.44040469272776867 1.9345063550127553 0.36853204427230679 -0.063424279791320176 0.63652215872958007 0.33067531523511701
decision_type=2 2 2 2 2 2 2 2 2 2 2 2 2 2 2 2 2 2 2 2 2 2 2 2 2 2 2 2 2 2 2 2 2 2 2 2 2 2 2 2
left_child=1 5 12 6 -5 20 8 23 10 15 36 21 38 14 -14 16 -10 -18 -11 33 -1 22 -12 -8 39 30 -20 -22 -27 -23 -26 -13 -21 -7 -15 -9 -4 -2 -3 -25
right_child=37 2 3 4 -6 19 7 35 9 18 11 31 13 34 -16 -17 17 -19 26 32 27 29 -24 24 25 28 -28 -29 -30 -31 -32 -33 -34 -35 -36 -37 -38 -39 -40 -41
leaf_value=0.012297909633811216 -0.020970511614237641 -0.020983314042238087 -0.0033706699499305489 -0.019572340266430146 0.0043435826297828573 -0.0079933534933760153 0.011225662541774347 0.025026725714840454 0.025196657497104209 0.014565014905231178 -0.0052252404181800886 -0.013484305573941268 0.0080634411259703984 -0.00016113508984152836 -0.018315285703175727 0.036131753990633668 -0.004496076061958891 0.016997478723049381 -0.017566619175870414 -0.020172757478711969 -0.015277107395037721 0.025077742460485622 0.018844754036447923 -0.0088260622259187672 0.020044570214238382 -0.0067122682849951685 0.0025750098034209769 0.003671863551021446 0.0092389038128154726 0.0051543963455202395 -0.00030059759662111123 0.0050244781537699948 -0.0025528564237031325 0.0097449082663155061 0.017653344227306397 0.006056586418163935 -0.019177540936411656 -0.0047588728628129564 -0.0074153319899207745 -0.021108522865286323
leaf_weight=10.622265040874483 6.6484904140233994 6.6593708842992765 8.0956673026084882 9.3296608030796069 9.0100064128637296 7.4400421231985092 7.8173571228981009 6.9734551310539228 11.812577545642855 6.4558220058679607 15.087844461202623 8.3828418850898725 6.2694473415613201 5.7451152205467224 11.290450781583784 6.8337567746639243 10.469307482242586 9.1119247078895551 6.9266552031040218 20.190720215439796 8.3793888390064257 12.427315741777422 7.4790243506431571 7.668841138482092 6.71112421154975 43.991559624671943 9.6089671552181226 10.395067155361174 7.5138512253761283 10.235582649707792 5.7888634204864502 5.9602288007736197 7.6958038359880474 5.8580628931522352 7.8161622583866137 7.3897907435894012 5.2114748805761328 5.8580873310565931 5.5557163208723068 6.9269641637802124
leaf_count=36 24 24 29 34 31 27 26 22 37 22 50 29 22 20 41 21 34 29 25 74 32 39 24 27 22 150 33 37 25 33 20 20 27 20 26 24 20 20 20 25
internal_value=3.15123e-05 0.00062366 0.00219714 0.00352827 -0.00808031 -0.00581242 0.00450558 0.000508562 0.00742643 0.0123019 0.0030849 0.00659062 -0.00530484 -7.10674e-05 -0.00868904 0.0193595 0.014045 0.00571888 0 -0.0109359 0.00135377 0.0106632 0.00317997 -0.0024328 -0.00405089 -0.000819413 -0.00628878 -0.00499404 -0.00407644 0.0172064 0.0111713 -0.0056668 -0.0158929 0 0.0104436 0.0171405 -0.0112819 -0.0151282 -0.0167357 -0.0164518
internal_weight=379.645 367.138 296.557 253.22 18.3397 70.5814 234.881 100.782 134.099 61.219 72.88 59.5728 43.3363 31.1212 17.5599 38.2276 31.3938 19.5812 22.9914 41.1846 29.3967 45.2298 22.5669 86.4186 78.6012 64.0054 16.5356 18.7745 51.5054 22.6629 12.5 14.3431 27.8865 13.2981 13.5613 14.3632 13.3071 12.5066 12.2151 14.5958
internal_count=1301 1257 1004 851 65 253 786 341 445 201 244 195 153 109 63 121 100 63 80 148 105 146 74 295 269 217 58 69 175 72 42 49 101 47 46 46 49 44 44 52
is_linear=0
shrinkage=0.03


Tree=50
num_leaves=43
num_cat=0
split_feature=17 47 19 24 60 45 52 26 23 37 54 26 41 56 26 36 42 49 12 28 56 46 47 30 20 44 41 55 49 44 54 55 47 38 42 20 60 20 44 30 16 13
split_gain=11.4069 6.17443 3.75672 2.98247 3.00937 3.39578 2.54175 2.57964 2.9728 2.82708 2.34029 3.02374 4.49595 2.51748 6.77991 5.00748 4.31914 4.28691 2.64981 3.82208 2.31339 2.60577 2.25225 2.2471 2.13797 2.10941 1.88239 3.34765 1.69606 1.52663 1.46788 1.46073 1.01015 0.899537 0.865499 1.94596 0.847654 0.845541 0.711414 0.49911 0.298399 0.194901
threshold=0.029994558375851157 -1.2881230599495297 -1.3074641658274369 1.2892607971451615 154.50000000000003 0.38097441557185746 1.0000000180025095e-35 0.7225468022219822 -0.67318708445369091 -1.0000000180025095e-35 -0.826361296606274 -0.43468112535816461 0.56381581693883687 1.0000000180025095e-35 1.0000000180025095e-35 -0.7685141304256049 1.0304314938923558 1.0000000180025095e-35 -0.088150875180910027 -1.1772092017404867 -0.79917260807700286 0.73068403136855353 0.061313705511759083 0.38800057762403822 -0.79699419374302249 -0.49749596637747195 1.0000000180025095e-35 0.17701185653800641 1.0000000180025095e-35 0.33773515778930435 -0.93930199267584746 -0.098316176956607368 0.29437251866829423 0.38437993420944444 0.44528506199925155 0.51204436964502487 666.50000000000011 0.77385208232263436 -0.89964428542073438 0.63652215872958007 0.23189561753492441 -0.0085154080656159609
decision_type=2 2 2 2 2 2 2 2 2 2 2 2 2 2 2 2 2 2 2 2 2 2 2 2 2 2 2 2 2 2 2 2 2 2 2 2 2 2 2 2 2 2
left_child=1 29 30 4 -2 6 20 8 -8 39 25 12 -12 18 28 38 17 -17 24 -20 -6 26 40 36 -13 41 27 -22 -15 -1 -3 -27 -25 -18 -32 -36 -21 -26 -16 -10 -7 -4
right_child=3 2 10 -5 5 22 7 -9 9 -11 11 13 -14 14 15 16 33 -19 19 23 21 -23 -24 32 37 31 -28 -29 -30 -31 34 -33 -34 -35 35 -37 -38 -39 -40 -41 -42 -43
leaf_value=0.0029499543946596763 -0.0055347828157967629 -0.0027503100959295783 0.01697046824736359 -0.0089146529952404876 -0.0017630652005418163 0.012863453495784114 0.0096723812166701357 0.015824600944610835 -0.022365190314706657 0.0026030882624197369 -0.020683042805813935 0.01234806991153173 0.0061018507677479414 0.026548477502857097 -0.0042210579838056136 -0.0056595598721957008 -0.01786576600398115 0.016196621861930324 0.00880843734824251 -0.019842823808453456 0.020914732722389411 0.00089294845311695549 0.0052598857031751454 0.0036968235476451624 -0.012715828581201594 -0.010862327515197395 0.031601268603079991 -0.0034344682229740966 0.0038823968803069655 0.021252632389479345 -0.023034732516390287 0.0050593655336521378 -0.010546090479824048 -0.0011321341853948882 -0.020273149327352323 0.00074546852122355694 -0.0042224182519585325 0.001074920611548945 -0.019863436363849109 -0.0071898270509854539 0.029042433553738554 0.0054466772391595615
leaf_weight=9.6568201482296008 11.734004557132719 10.264179095625876 6.4157889783382416 8.4374193251132947 8.8174307346343976 7.3534339666366639 11.188856810331343 7.2028850317001334 6.7385512590408307 11.667494624853136 19.569395005702976 8.823151648044588 6.4989084899425498 8.2012878060340864 5.7491647601127651 11.496985405683519 7.0268615484237653 19.837262511253357 6.8445453345775595 26.695682778954506 11.767364799976354 10.432108700275419 10.260604709386824 8.1406118571758253 5.8186755180358869 8.2275143861770648 7.6490417420864096 7.0238422453403464 6.1443524062633506 8.1756240427494031 13.325987905263903 9.2455485463142377 6.5118409693241111 5.9463907778263092 5.7938483804464322 7.3323038965463638 5.7471496760845175 6.8115245997905731 12.605318725109099 7.4199281334877014 11.309804826974867 6.5856031179428118
leaf_count=29 36 36 20 27 27 21 33 22 22 36 68 28 21 25 20 39 25 63 23 95 34 32 30 27 20 27 22 21 20 23 50 29 22 20 21 26 20 22 43 23 32 21
internal_value=7.90423e-06 -0.00364115 -0.00491755 0.00693274 0.00809189 0.00953954 0.00636854 0.00101356 -0.00221686 -0.00783553 -0.00327056 -0.00459715 -0.0138192 -0.00286141 0.00088805 -0.00339008 0.00203602 0.00810234 -0.0067118 -0.0101991 0.0112269 0.0144371 0.0183992 -0.0132716 0.00188827 0.00416196 0.0192314 0.0119366 0.0185056 0.0126494 -0.0136369 -0.00238748 -0.00265309 -0.0115226 -0.0172723 -0.00924953 -0.0175614 -0.00552921 -0.015955 -0.0162461 0.0243966 0.0127142
internal_weight=402.495 263.492 245.66 139.003 130.565 118.831 89.9075 44.2177 37.0148 25.826 208.944 178.469 26.0683 152.401 77.0076 62.662 44.3075 31.3342 75.3932 53.9398 45.6898 36.8724 28.9238 47.0953 21.4534 30.4745 26.4402 18.7912 14.3456 17.8324 36.7163 17.4731 14.6525 12.9733 26.4521 13.1262 32.4428 12.6302 18.3545 14.1585 18.6632 13.0014
internal_count=1301 883 831 418 391 355 272 136 114 81 698 601 89 512 255 210 147 102 257 187 136 109 83 164 70 97 77 55 45 52 133 56 49 45 97 47 115 42 63 45 53 41
is_linear=0
shrinkage=0.03


Tree=51
num_leaves=43
num_cat=0
split_feature=5 38 42 20 38 18 19 35 26 42 50 48 47 46 30 53 47 52 18 19 46 47 46 30 56 37 40 12 38 61 55 47 29 56 2 55 47 26 54 59 54 23
split_gain=9.39123 4.8324 3.73359 3.41843 3.68982 2.61244 2.70924 2.78421 2.47659 2.67979 3.45917 3.26639 3.01347 2.78875 2.39411 2.30227 2.28061 2.31376 3.14603 2.26777 2.21271 5.18268 2.93359 3.37529 3.32025 2.19987 2.10193 2.55567 1.89788 2.15781 1.89546 1.88993 1.72946 1.99475 1.63787 1.2354 1.47459 1.10341 1.07851 0.819931 0.300638 0.114613
threshold=-0.40589593833810239 -0.71249314717769341 1.5319855783721592 1.2974675076778535 0.71072233858908862 -2.0131522690122439 -0.83573098601906703 -0.63785477506498156 1.7511938489598904 0.57067358311920258 0.20530524968633007 -0.89447208059005301 -0.55729361361114693 0.083297868767091818 0.63652215872958007 1.0000000180025095e-35 0.061313705511759083 -0.84499899464450479 0.57915698424949558 -0.12813121630651214 -0.83899703874552889 0.086078264563086981 -0.047513958424057472 0.63652215872958007 -1.0000000180025095e-35 -0.58936961502293583 0.6659396347327512 0.018688358492768512 -1.4920888909735102 478.50000000000006 -0.17659474751979823 0.54416628907556741 0.73892769020725491 -0.79917260807700286 -0.5845440347605082 0.40184712164498498 -1.4179077392621744 -0.17751936367368756 0.14758633120563161 0.33773185147388385 0.10421123419399361 0.95851556459009968
decision_type=2 2 2 2 2 2 2 2 2 2 2 2 2 2 2 2 2 2 2 2 2 2 2 2 2 2 2 2 2 2 2 2 2 2 2 2 2 2 2 2 2 2
left_child=3 5 8 4 14 -2 32 28 9 11 13 35 15 37 16 -13 17 -1 -19 38 21 -14 23 -22 -24 -4 27 -20 -8 31 -23 -30 33 -7 39 -3 -37 -11 -15 -6 -34 -39
right_child=1 2 25 -5 34 6 7 -9 -10 10 -12 12 20 19 -16 -17 -18 18 26 -21 22 30 24 -25 -26 -27 -28 -29 29 -31 -32 -33 40 -35 -36 36 -38 41 -40 -41 -42 -43
leaf_value=-0.015305817391320364 0.020782886427322265 -0.015385062638302659 -0.00059273405536405376 0.0069762479117602702 -0.022449059412118732 0.013419132384476411 0.0072314874923849106 0.014024518496206593 0.013822323145719897 -0.0038984623488867078 0.009500002582889619 0.024888894465281721 -0.010745189028869749 -0.0022242852127500093 0.0061449610514034067 0.00096789321714802357 -0.019311019769506457 -0.01190171743913058 -0.00036217172028523602 -0.011182581486993167 -0.012469549273169036 0.026603197021287335 0.010156607700586894 0.008249634616574332 -0.0052867541586455388 0.018599400394864338 -0.0056739255733797012 0.022331303154705159 -0.00095818568229162507 0.0069668184622360971 0.0068025076438944388 -0.017691851999624461 0.010130837446655796 -0.0054269359146041597 -0.0025122514323981933 -0.010643022642163175 0.0062265725055071627 -0.023337111301304458 0.012411782960339816 -0.0086758753618150965 0.024668305787923294 -0.011006200260949455
leaf_weight=10.205080658197394 11.503380596637724 11.988442718982698 7.3746356666088131 12.09917378425598 22.457502454519272 9.2844327986240369 13.325790435075751 11.471651077270506 8.173233211040495 7.2383334636688259 8.5037621855735761 7.4262902736663801 8.3174013793468493 7.3425230383873004 13.654583185911177 7.2285639941692352 10.03246161341667 11.239598661661153 7.1248704493045834 12.534007757902144 29.570726096630096 7.4441925585269972 25.93136495351791 7.6552703082561484 21.240570873022083 13.304450213909147 7.0909729897975913 8.4079990684986097 12.81127095222474 7.6673676967620841 13.705564230680462 12.048504918813704 7.8091748654842368 7.7848181724548366 8.1327431797981244 7.7815651297569275 7.6035774052143079 11.94006732106209 7.3718648254871368 9.9693277776241285 8.1594927012920362 8.3429755568504316
leaf_count=29 31 34 20 34 66 25 36 31 22 20 23 20 23 20 38 20 29 32 20 35 82 20 71 21 59 36 20 23 35 21 37 33 21 21 23 22 21 33 20 29 22 23
internal_value=-4.49598e-05 0.00243156 0.000134875 -0.00723153 -0.00894683 0.0078823 0.00586216 0.001693 -0.00098077 -0.00165021 -0.00678526 0.000440674 0.00249946 -0.00960625 -0.00437464 0.0146466 -0.00723175 -0.00380501 0 -0.00231279 0.000713957 0.00761743 -0.00171744 -0.00789935 0.00313088 0.0119073 0.00652426 0.0124544 -0.00161196 -0.00557037 0.015337 -0.00984117 0.0125347 0.00475677 -0.0160137 -0.00864528 -0.00213796 -0.0161278 0.00520817 -0.0189623 0.0193829 -0.0196477
internal_weight=470.3 349.885 248.019 120.414 108.315 101.866 90.3625 57.3246 227.34 219.167 63.2735 155.894 128.52 54.7698 67.7556 14.6549 54.101 44.0685 33.8634 27.2484 113.865 29.4672 84.3979 37.226 47.1719 20.6791 22.6238 15.5329 45.8529 32.5271 21.1498 24.8598 33.0379 17.0693 40.5596 27.3736 15.3851 27.5214 14.7144 32.4268 15.9687 20.283
internal_count=1301 958 682 343 309 276 245 156 626 604 174 430 353 151 191 40 153 124 95 75 313 80 233 103 130 56 63 43 125 89 57 68 89 46 118 77 43 76 40 95 43 56
is_linear=0
shrinkage=0.03


Tree=52
num_leaves=42
num_cat=0
split_feature=39 23 47 38 37 23 46 20 55 46 45 16 47 20 46 36 30 40 33 47 45 55 42 55 45 59 49 36 60 12 31 30 36 40 29 43 36 13 30 33 20
split_gain=3.71578 4.0384 3.22125 4.63397 4.14886 4.22518 5.29053 7.37608 4.19166 4.15232 3.17002 3.16532 3.17836 3.06497 5.17477 4.48938 3.81819 5.69515 3.36156 3.0511 2.97857 3.34317 2.69226 2.60156 2.47806 2.08847 3.53303 3.38253 2.23134 2.02488 3.51431 2.56382 1.99447 1.74162 1.61975 2.24854 1.59863 1.45856 0.752792 0.646235 0.552813
threshold=-1.077958325535697 -1.325868144071207 0.63232949464776456 -0.71249314717769341 1.0000000180025095e-35 0.95851556459009968 0.20776110111094795 1.035659795000244 1.7007328384650211 1.0992996883975044 0.40972170080752929 0.34097612943319972 1.1343712357392521 0.51204436964502487 0.063367612363293788 1.0000000180025095e-35 0.88504373983512241 0.52935046753001136 -0.40051338763257899 -0.013954376510220906 -0.10797533132285671 0.17211139009555673 1.0000000180025095e-35 -1.0153658828695182 0.97614463192027412 0.33773185147388385 -0.42990859484836313 -0.27002784758682591 430.00000000000006 -0.054086203034960145 0.2794980637225859 -1.0000000180025095e-35 0.72694471809073213 0.10440639178815413 0.38231267584774786 -0.35993187407258037 1.0000000180025095e-35 -1.2975199603625005 0.63652215872958007 0.12451338540007034 1.035659795000244
decision_type=2 2 2 2 2 2 2 2 2 2 2 2 2 2 2 2 2 2 2 2 2 2 2 2 2 2 2 2 2 2 2 2 2 2 2 2 2 2 2 2 2
left_child=25 20 3 19 8 6 7 22 13 32 -10 12 34 14 15 18 17 36 -5 -3 21 -2 -6 -21 37 26 -1 -27 -28 30 -14 -32 39 -30 38 -36 -15 -16 -4 -8 -19
right_child=1 2 11 4 5 -7 9 -9 10 -11 -12 -13 29 16 24 -17 -18 40 -20 23 -22 -23 -24 -25 -26 27 28 -29 33 -31 31 -33 -34 -35 35 -37 -38 -39 -40 -41 -42
leaf_value=-0.021670230775797977 -0.0099449844619640473 -0.018538001506764514 -0.020419136583118683 -0.0021506033333958388 0.010218099573684717 0.026143794087036348 -0.0070564397770001893 -0.0090835908826437904 0.026482296853382055 0.015067259779096563 0 0.012358170809466688 0.0092260985146385421 0.0042808224615261421 -0.00086282197610757394 -0.010980328033769075 -0.0095459719702469109 0.028633928363932484 0.024434116023473194 0.012057513025280377 0.028837054030099087 0.017744069030481591 0.034249761336638034 -0.009427863342054827 0.003461697430464066 0.015574773379761039 -0.016087434213882357 -0.0094522529048375326 -0.0050739177743867611 0.010127852012455292 -0.01781174299228044 0.002208387093294122 -0.019538595774012759 0.013917947577515827 0.0044790789412366061 -0.016371898758664349 -0.012784053415042839 -0.018721735817544934 -0.0051119777190096688 0.0050781435619838547 0.010806531653829731
leaf_weight=15.033522278070448 6.2316305637359637 12.743404820561411 16.999629080295566 6.0953853428363791 10.832441419363027 10.910239621996878 6.577430754899984 7.289775237441062 7.7547456026077253 6.8851422369480124 6.6280405223369598 7.6305964291095725 10.197635814547537 12.622751057147982 5.8708116412162772 8.5594069957733137 11.301404237747191 7.9756244122982007 9.2601446807384509 7.637421295046809 6.3818989098072043 6.3419478535652161 10.256148785352705 9.896444231271742 6.1953043639659873 6.9715941399335888 5.7779531031847027 9.797544524073599 7.5336365103721601 10.54720117151737 14.322749599814411 7.8068227618932768 8.6024395227432233 6.6306808888912201 10.008309110999109 6.1617798656225196 5.9785083830356589 25.703272551298145 6.2761022150516501 5.9403014779090881 7.0616006255149841
leaf_count=56 21 49 64 20 34 33 22 24 24 22 22 26 36 42 20 29 39 25 29 26 20 20 31 36 20 24 21 35 27 36 53 27 30 23 35 23 21 90 23 20 23
internal_value=3.26375e-05 0.00123809 0.000360497 0.00234307 0.00412523 0.0100155 0.00619441 0.0150215 0.000718047 -0.0028558 0.0151333 -0.0043509 -0.00616475 -0.00135394 -0.00568003 0.00488391 0.0044465 0.00952508 0.0142731 -0.00822329 0.014155 0.00399736 0.0236694 0 -0.0124528 -0.00730373 -0.0113512 0.00104854 -0.00232052 -0.000300666 -0.00417871 -0.0108033 -0.00957563 0.00391504 -0.0121475 -0.00384216 -0.00145009 -0.0157722 -0.0170932 -0.000942733 0.0223644
internal_weight=379.229 327.484 308.529 218.578 188.301 67.2939 56.3837 28.3784 121.007 28.0053 14.3828 89.9508 82.3202 106.624 61.6843 23.9149 44.9399 33.6385 15.3555 30.2773 18.9555 12.5736 21.0886 17.5339 37.7694 51.7449 34.9758 16.7691 19.9423 42.8744 32.3272 22.1296 21.1202 14.1643 39.4458 16.1701 18.6013 31.5741 23.2757 12.5177 15.0372
internal_count=1301 1115 1054 731 620 216 183 89 404 94 46 323 297 358 208 78 150 111 49 111 61 41 65 62 130 186 127 59 71 152 116 80 72 50 145 58 63 110 87 42 48
is_linear=0
shrinkage=0.03


Tree=53
num_leaves=36
num_cat=0
split_feature=14 47 19 54 36 54 59 34 36 14 47 25 54 19 46 61 26 41 57 30 29 39 21 54 55 58 27 28 16 38 60 55 37 54 37
split_gain=10.7814 5.92561 3.66844 2.87059 4.34905 3.63391 3.82349 3.43573 2.51366 2.2905 2.35553 3.58922 3.70149 3.04939 2.77164 2.62397 2.37918 2.95719 2.24206 2.51833 1.99719 1.98559 1.84919 1.77245 1.62302 1.51324 1.51213 1.47688 1.46375 1.27539 2.00563 1.61147 0.989521 0.873828 0.767002
threshold=0.029994558375851157 -1.2881230599495297 -1.3074641658274369 0.0041170921132025629 1.0000000180025095e-35 -0.84005777865713738 1.0000000180025095e-35 -1.1404103834671433 0.40846737072151201 -1.7038972924204276 1.4492942429496238 -0.36788297411228221 -0.59356325651434239 0.3436019635018579 0.7723370185420938 677.00000000000011 -0.56326200620040301 0.2448112674498677 1.4790752676841121 -0.44040469272776867 1.0000000180025095e-35 -0.94179566898484857 -0.8302271271854853 0.74894846224575751 -0.25524295967334493 -1.0000000180025095e-35 0.86051465813719885 0.41690911360103705 0.27451443487374599 1.0000000180025095e-35 430.00000000000006 -0.41640349170541363 0.13531124961836907 -0.20611137613791591 1.0747123704496906
decision_type=2 2 2 2 2 2 2 2 2 2 2 2 2 2 2 2 2 2 2 2 2 2 2 2 2 2 2 2 2 2 2 2 2 2 2
left_child=1 27 22 5 24 6 21 -8 -6 20 11 12 -11 15 26 18 -15 32 19 -13 -4 -2 -3 25 -5 -10 28 -1 -14 31 -31 -7 -18 -32 -24
right_child=3 2 9 4 8 29 7 -9 23 10 -12 13 14 16 -16 -17 17 -19 -20 -21 -22 -23 34 -25 -26 -27 -28 -29 -30 30 33 -33 -34 -35 -36
leaf_value=0.018938690503516261 0.0026260996858457107 -0.00091275503659759823 0.00032246456427195794 0 0.018376455922500864 0.014673514799962 0.021346889725779639 -0.00023527135839144218 0.016412271299665479 0.012013817829230018 0.01088888004126622 -0.013915773177120077 -0.01709822117959911 -0.003135486851060537 0.0037854118354224784 0.012640274052678556 0.02896475589823461 -0.00057029122052920298 0.010212919752040899 -0.0012735091012372405 -0.018970470268209576 -0.017621659070162807 -0.019998149523862033 -0.0068957772387988892 -0.01861187297981327 -0.00026126932816447482 -0.0013241535325721871 0.00080963152956333123 -0.0021685922737259391 0.0057862588700674927 0.029888509653679233 -0.0028382053669494178 0.0084627052535623561 0.011649885222709214 -0.0048270412909137174
leaf_weight=10.472908407449724 6.7612161934375763 9.2244831919670087 6.3104281425476101 7.0319809913635281 10.327763587236403 9.1786878407001513 11.078981548547743 12.851829648017885 7.4624000787735012 6.116360366344451 10.187595620751379 23.799546390771866 39.320431917905807 9.8835003674030322 9.8608478754758817 7.2753056585788718 7.1343210935592669 7.7496899366378775 6.4340185821056357 35.759026199579239 12.807010829448698 7.763653486967085 21.105155736207966 11.291453838348387 9.0454511046409589 9.2019617557525653 10.573256418108938 7.4085212945938101 8.5813229084014875 9.4036737382411975 13.029099464416506 6.8883161246776572 6.5072804093360901 7.9410392940044394 6.1001472473144522
leaf_count=30 20 31 22 22 31 27 32 38 22 20 34 81 138 32 32 23 21 25 21 117 47 24 80 35 29 28 36 22 29 28 37 21 20 24 22
internal_value=6.90682e-06 -0.00355219 -0.00480907 0.00672759 0.00116614 0.0101372 0.00294325 0.0101902 0.00672244 -0.00318208 -0.00209095 -0.0029473 -0.0079168 0.000597172 -0.0100063 -0.00269582 0.00826508 0.0136549 -0.00471878 -0.00664137 -0.012751 -0.00845849 -0.01346 0.00149683 -0.0111678 0.00761366 -0.0124686 0.0123811 -0.0146922 0.0156905 0.0194307 0.00722298 0.0213884 0.0244876 -0.0172354
internal_weight=401.869 262.611 244.73 139.258 54.361 84.8965 38.4557 23.9308 38.2836 208.3 189.183 178.995 74.4522 104.543 68.3359 73.2679 31.2748 21.3913 65.9926 59.5586 19.1174 14.5249 36.4298 27.9558 16.0774 16.6644 58.475 17.8814 47.9018 46.4408 30.3738 16.067 13.6416 20.9701 27.2053
internal_count=1301 883 831 418 167 251 114 70 116 698 629 595 255 340 235 242 98 66 219 198 69 44 133 85 51 50 203 52 167 137 89 48 41 61 102
is_linear=0
shrinkage=0.03


Tree=54
num_leaves=47
num_cat=0
split_feature=3 44 25 50 59 13 29 58 61 46 16 4 47 52 34 36 34 58 23 46 16 14 46 46 60 24 60 46 46 35 44 23 46 41 28 40 26 50 50 54 36 40 3 46 25 54
split_gain=8.90631 4.20521 4.40854 3.44532 4.6734 3.78668 3.13548 4.9988 3.03962 2.97617 2.64898 3.86986 3.96909 3.13127 3.84983 3.66274 3.24965 2.92216 2.48308 2.47037 2.38935 4.59159 2.37482 2.65883 2.35227 2.54814 2.32362 2.32603 2.6162 2.37332 2.66999 2.18572 1.94567 1.94021 1.86613 1.63298 1.52948 1.46058 1.37426 1.28213 1.10733 1.04701 1.02115 1.00155 0.678332 0.545744
threshold=-0.099938161957900687 -0.89964428542073438 -0.36788297411228221 -0.64230166770173913 1.0000000180025095e-35 1.1271008795778594 1.0000000180025095e-35 -0.84553114790396355 239.50000000000003 1.6484797525740582 1.2050390783064608 1.0000000180025095e-35 0.054375493235775417 -0.84499899464450479 1.0000000180025095e-35 0.14537738811215647 -0.68693036174722266 1.0000000180025095e-35 -1.0403201804885438 -0.77075456424537492 -0.47801565955336117 -0.14493029477455263 -0.93268923094560952 -0.3032349252232267 354.00000000000006 -0.64943616159482009 531.00000000000011 0.33097635808274911 0.7723370185420938 -0.63785477506498156 0.33773515778930435 -1.0000000180025095e-35 0.17314679108742106 0.2448112674498677 -1.0000000180025095e-35 -0.83654120449738645 0.7225468022219822 -0.21849820900770453 1.0000000180025095e-35 0.20796674991042008 -0.27002784758682591 1.0000000180025095e-35 0.079617089529736368 -0.32843340481158517 -0.36788297411228221 -0.36392288056542593
decision_type=2 2 2 2 2 2 2 2 2 2 2 2 2 2 2 2 2 2 2 2 2 2 2 2 2 2 2 2 2 2 2 2 2 2 2 2 2 2 2 2 2 2 2 2 2 2
left_child=1 20 26 4 -4 6 7 41 -9 10 11 12 13 -2 16 -16 17 -15 -8 -10 44 39 35 -24 -13 -26 27 29 -29 36 43 -20 -28 -33 -21 -23 -3 -18 -11 -22 -32 -5 -14 -31 -1 -6
right_child=9 2 3 5 45 -7 18 8 19 38 -12 24 42 14 15 -17 37 -19 31 34 21 22 23 -25 25 -27 32 28 -30 30 40 33 -34 -35 -36 -37 -38 -39 -40 -41 -42 -43 -44 -45 -46 -47
leaf_value=0.0094593813081301492 -0.0097110734235102223 0 0.0025670453095867568 0.023358412612194703 -0.027305306507163497 0.013552141430489658 0.004333824983810795 0.011671452447463069 0.0068665678602977337 -0.0064373911594160556 -0.01676551351966837 0.0018860405444384586 -0.019187515975843804 -0.0081354122194108938 0.0084894763098692875 -0.015167479032743663 0.010252023085100679 0.014182220332644357 -0.02006935708403652 -0.01828006708980762 0.00046902048054733397 0.0097058656222036317 0.028533528441142323 0.0067377073860184862 -0.0016565184195779232 -0.024896681329573681 0.020891543786557817 0.018873109338793746 2.0582415964999953e-05 -0.0035877746445513816 0.011749689937065221 -0.013727529918651111 0.0010699366097557503 0.0057533016409742265 -0.0028653977378406852 -0.0072356976612338361 0.01674562343348562 0.030822309961225935 -0.024973627194548372 -0.015222022184439644 -0.0013894611459708032 0.0057496495738494392 -0.0041002811596098166 -0.017250270173484548 0.025973430665481068 -0.011020893166727806
leaf_weight=8.9231271147727984 11.00302869081497 9.2508894801139849 11.623299717903139 7.4298326671123496 8.4880008101463336 14.111600577831267 8.7337068915367109 8.4120592176914197 7.7606858611106793 9.2127876281738299 12.626842409372328 6.6781101524829891 7.361525326967242 9.1616026759147626 10.231850951910021 10.163176864385603 10.093201309442522 8.7908801436424238 15.77863484621048 13.953097075223917 8.0324226021766645 9.6712131500244158 9.2595061361789703 13.684924334287643 7.242243200540547 12.546895354986187 12.632862120866777 13.326821684837343 13.147147238254545 12.080240428447725 7.3904149830341366 7.1558781266212472 7.7295589148998252 8.0435436367988569 16.286591470241561 7.7453982830047599 8.5154931247234327 7.7187541127204922 9.1918126046657544 7.6052404642105094 13.903155833482741 8.3647340536117536 11.918271541595457 10.509904146194456 7.3787997066974631 8.6181479096412641
leaf_count=24 31 25 32 20 24 38 24 23 21 27 37 19 21 26 28 29 28 24 44 39 22 26 25 37 21 37 34 36 36 33 20 20 21 22 45 21 23 21 28 21 38 23 34 29 20 24
internal_value=-4.86053e-05 0.00268545 0.000817836 -0.00257201 -0.0115963 -0.000167045 -0.00229362 0.00183863 -0.00309256 -0.00623731 -0.00440177 -0.00276499 0.000300619 0.00383742 0.00677953 -0.00325662 0.0125645 0.00273543 -0.00874355 -0.00683184 0.00899623 0.00561262 0.0109134 0.0169903 -0.012471 -0.0173893 0.00536904 0.0030504 0.0102284 -0.000106731 -0.00394061 -0.0126451 0.0142314 -0.0034682 -0.0106948 0.00187821 0.0086212 0.0211784 -0.0171807 -0.00747647 0.00338067 0.0156873 -0.0111189 -0.0108715 0.0188299 -0.0209735
internal_weight=469.488 325.547 253.246 144.76 28.7294 116.03 101.919 62.207 46.4124 143.941 125.536 112.91 86.4423 67.1625 56.1595 20.395 35.7644 17.9525 39.7118 38.0004 72.3006 55.9987 40.361 22.9444 26.4672 19.7891 108.486 88.1241 26.474 61.6501 43.8837 30.9781 20.3624 15.1994 30.2397 17.4166 17.7664 17.812 18.4046 15.6377 21.2936 15.7946 19.2798 22.5901 16.3019 17.1061
internal_count=1301 890 694 399 80 319 281 171 128 411 356 319 242 187 156 57 99 50 110 105 196 152 109 62 77 58 295 240 72 168 120 86 55 42 84 47 48 49 55 43 58 43 55 62 44 48
is_linear=0
shrinkage=0.03


Tree=55
num_leaves=39
num_cat=0
split_feature=50 40 41 53 27 47 47 47 53 58 38 38 46 32 40 36 42 14 43 46 41 4 33 16 27 54 44 37 24 16 25 24 20 38 54 43 41 40
split_gain=3.57764 3.87185 3.12083 3.60082 5.44792 3.65294 5.29575 5.64982 4.75183 4.43749 3.68896 3.60907 3.5523 4.52619 3.19335 3.13545 2.92928 2.91365 2.7036 2.62171 2.40612 2.27286 2.23778 2.22406 2.21452 2.15138 2.10769 2.04466 2.00526 1.93101 1.86336 1.94796 1.60671 0.843805 0.591619 0.536228 0.111596 0.0475395
threshold=1.6886173551154515 -0.83654120449738645 -1.031206930506009 1.4896964696223387 0.86051465813719885 0.63232949464776456 0.054375493235775417 0.13608299870696072 -0.33611145028219497 -0.84553114790396355 0.62913673749417753 2.0976775572025779 0.42875211074322861 -1.0858937454466413 0.52935046753001136 -0.7685141304256049 -0.4742307595470549 -0.3776876979506793 0.24287503638413829 0.20148761119557601 1.0000000180025095e-35 0.9941116706520694 0.12451338540007034 0.16321119975932077 -1.6810427647753656 0.8238352547299338 -0.89964428542073438 0.13531124961836907 -0.26169676984682394 -0.38418257298262226 0.75299700087619603 -0.64943616159482009 -1.0000000180025095e-35 0.30279433311453324 -0.063424279791320176 -0.72983611458011233 1.082198209858412 1.3488854707464502
decision_type=2 2 2 2 2 2 2 2 2 2 2 2 2 2 2 2 2 2 2 2 2 2 2 2 2 2 2 2 2 2 2 2 2 2 2 2 2 2
left_child=1 17 15 4 5 6 10 -8 27 -9 12 16 13 -4 -12 -3 -6 20 -11 33 29 -22 -14 -17 -19 35 -10 -7 -5 -1 31 -25 -16 -18 -2 -26 -28 -21
right_child=34 2 3 28 11 8 7 9 26 18 14 -13 22 -15 32 23 19 24 -20 37 21 -23 -24 30 25 -27 36 -29 -30 -31 -32 -33 -34 -35 -36 -37 -38 -39
leaf_value=-0.016949234502042772 -0.020730405701390658 0.011023386741312619 -0.016434854553287321 0.026423229893532192 0.0057386354226433732 0.015296131628228966 0.032695934639396441 -0.0099687503801948411 0.0022361919527605677 0.0072999996138693596 -0.00223012954495736 0.011796538267776295 -0.015666344355913527 0.0089261311984245532 0.0062457408083445645 -0.019954987508527647 0.0043027689915423753 0.0041935664557973314 0.028882292892231636 -0.023456825885529223 0.020675058056153144 -0.00036488910042244458 0 -0.017208891475137052 -0.010685718285380759 0 -0.020038793608906629 -0.0045914824423456116 0.0044498311154889903 0.0036410238425453978 0.0062212935886812931 0.0021467256728345862 0.026455851019766944 -0.0085706101782503392 -0.0046463174101605284 -0.022926002161939758 -0.0077003905893826595 -0.010651658802111011
leaf_weight=6.9709210395812988 6.5390273332595825 7.213162198662757 6.0287746489047995 7.757094323635104 7.6211088746786109 11.005272537469866 11.091204434633253 7.7484378665685645 5.8715834319591549 21.986472696065906 8.5885397791862506 6.8208184242248526 15.657569885253908 37.011965438723564 8.2215345799922979 10.113596960902212 6.1389489024877539 6.2847453206777564 6.8182594180107108 12.607257127761843 6.6166402697563163 9.3634501099586469 15.122026801109312 9.6272325366735458 14.536689594388006 7.5953587591648093 10.911668494343759 5.913151115179061 8.8283694088458997 6.365623816847803 9.399944603443144 6.7082269638776824 9.9243577420711482 9.1263425946235639 5.8331808447837812 12.339566811919214 5.7104772478342047 6.7080132067203513
leaf_count=27 24 25 22 24 26 36 34 26 21 71 29 22 55 121 27 37 21 22 21 45 22 34 52 35 53 27 41 21 29 22 33 23 31 32 20 46 21 23
internal_value=3.68816e-05 0.000616407 0.00213452 0.00342092 0.00238863 0.00473192 0.00688961 0.0150004 -0.00318998 0.00839631 0.00282379 -0.00633473 -0.000614435 0.00480523 0.0120583 -0.00515584 -0.0097068 -0.00562882 0.0137834 -0.0133741 0.00139247 0.00903016 -0.00825004 -0.00888388 -0.0106915 -0.0136338 -0.0119929 0.00821161 0.0163978 -0.00734246 -0.0034534 -0.00941195 0.0187805 -0.00311391 -0.0149021 -0.0174318 -0.0171193 -0.020386
internal_weight=378.727 366.354 296.281 253.219 236.634 187.611 148.199 47.6444 39.4122 36.5532 100.555 49.0225 73.8203 43.0407 26.7344 43.0622 42.2017 70.073 28.8047 34.5806 29.3166 15.9801 30.7796 35.849 40.7564 34.4716 22.4937 16.9184 16.5855 13.3365 25.7354 16.3355 18.1459 15.2653 12.3722 26.8763 16.6221 19.3153
internal_count=1301 1257 1004 851 798 629 489 152 140 118 337 169 250 143 87 153 147 253 92 121 105 56 107 128 148 126 83 57 53 49 91 58 58 53 44 99 62 68
is_linear=0
shrinkage=0.03


Tree=56
num_leaves=42
num_cat=0
split_feature=14 47 19 52 60 0 34 0 34 28 12 59 54 26 41 33 45 41 13 46 26 49 30 33 54 56 60 12 61 21 60 28 46 27 30 61 37 55 50 45 45
split_gain=10.2369 5.60943 3.53986 2.80524 3.95854 4.61521 3.61374 3.57971 4.43367 3.46512 3.34134 3.18571 2.23598 2.95184 4.3745 2.93121 3.96127 3.4333 5.96948 4.69941 2.3644 3.74363 2.77364 2.19666 2.80731 1.98633 1.98542 1.98226 2.56331 1.79593 1.49169 1.40076 1.26761 1.26311 2.06457 1.10329 0.763928 0.75828 0.353593 0.207077 0.150057
threshold=0.029994558375851157 -1.2881230599495297 -1.3074641658274369 -0.84499899464450479 310.50000000000006 1.1331961413474743 -0.24251994046170008 -0.041610364161301421 1.0000000180025095e-35 1.0000000180025095e-35 -0.24548080757215981 1.0000000180025095e-35 -0.826361296606274 -0.43468112535816461 0.56381581693883687 -1.08708686005989 0.1532939552628976 0.2448112674498677 1.171856362234726 -0.23575261793691285 -0.30610024451592605 0.20148679393551697 0.38800057762403822 0.36683343449206246 -1.3797706842642725 1.0000000180025095e-35 455.50000000000006 1.2619780785051777 470.50000000000006 -0.8302271271854853 213.50000000000003 0.41690911360103705 0.073984865358737259 1.1782093360012698 0.13947899651849585 531.00000000000011 1.0747123704496906 0.36192934035083496 1.0000000180025095e-35 -0.65089491306401492 1.3350779385620515
decision_type=2 2 2 2 2 2 2 2 2 2 2 2 2 2 2 2 2 2 2 2 2 2 2 2 2 2 2 2 2 2 2 2 2 2 2 2 2 2 2 2 2
left_child=1 31 29 11 6 7 -5 -6 10 -10 -9 -2 23 14 -14 27 20 18 32 26 -17 22 -22 -4 -25 -11 -19 28 40 -3 -21 -1 -18 34 -7 39 -31 -8 -13 -12 -15
right_child=3 2 12 4 5 33 37 8 9 25 35 38 13 15 -16 16 17 19 -20 30 21 -23 -24 24 -26 -27 -28 -29 -30 36 -32 -33 -34 -35 -36 -37 -38 -39 -40 -41 -42
leaf_value=0.018352006733361775 0.00087994392267221153 -0.00088003958081924502 -0.0061280788374728726 0.0065315158740189552 0.017293803578294627 0.0079973134202846047 -0.022722140635082998 0.0078213641556921093 -0.0056286447258246186 0.022669577666562708 -0.0092918914325315731 0.029731463527659735 -0.020418785355834329 -0.020388000038840198 0.0060313982788755957 0.0096396551187244005 0.0093697601336761287 0.020698120074502117 -0.010609583839522343 0.001100542225099562 -0.017186802165896763 0.0090408600505912304 0 -0.0036063584529869757 0.017926130670936482 0.0015164491750676774 -0.00083342484668740718 0.0037731061515089218 0.0015436666779400289 -0.019776424960619272 -0.015359721059667502 0.00072026419851325019 0.026358563533789486 0.0058914149110427493 0.031915194694403362 -0.002502500077410201 -0.0046497558865156701 -0.0055129595717853998 0.012235376654792915 -0.023365354605970483 -0.0078493322236269664
leaf_weight=10.539756894111635 9.3081720471382159 9.2137357294559461 10.407560139894487 9.8572593033313769 11.107373237609862 7.8745018839836183 6.579451769590376 6.976864546537402 9.6303734779357928 10.889286220073702 6.7871845066547412 7.7778522968292219 19.293962776660923 16.284617289900787 6.5035182833671561 5.7946185469627371 11.692091405391698 7.0480870902538282 6.7927777916193 5.9484906345605877 28.091594189405441 7.5410353243350974 11.735833674669264 7.5707719326019314 12.474129676818846 7.1826128363609305 5.8902230858802795 6.2757104039192191 6.9736366271972647 20.80409906804562 14.574516326189039 7.4199552237987509 11.18587216734886 8.4666723012924177 8.8313914239406568 6.8793548941612235 6.0599194020032874 6.6235938966274261 6.9275958836078644 7.7720889151096344 5.6432062387466422
leaf_count=30 28 31 35 29 33 23 21 20 31 32 21 22 68 60 21 19 36 22 24 20 100 25 39 24 38 22 20 21 24 80 49 22 33 25 25 21 22 20 20 25 20
internal_value=7.12438e-06 -0.00347155 -0.00470158 0.00654592 0.00441457 0.00720471 -0.00627791 0.00283869 -0.000294011 0.00792328 -0.00850121 0.0156963 -0.00310494 -0.00441037 -0.0135659 -0.00269412 -0.000304621 0.00467373 0.0118703 -0.00177146 -0.00629228 -0.00860009 -0.0122924 0.00415677 0.00983015 0.0153295 0.011412 -0.0100946 -0.0133409 -0.0132439 -0.0105663 0.0119929 0.0190331 0.0178242 0.0225586 -0.0142388 -0.0170021 -0.0159401 0.0237549 -0.018659 -0.0181264
internal_weight=401.231 261.76 243.8 139.472 115.458 92.3977 23.0603 67.2251 56.1178 27.7023 28.4155 24.0136 207.722 177.27 25.7975 151.472 116.295 63.1321 29.6707 33.4613 53.1631 47.3685 39.8274 30.4525 20.0449 18.0719 12.9383 35.1772 28.9015 36.0778 20.523 17.9597 22.878 25.1726 16.7059 21.4386 26.864 13.203 14.7054 14.5593 21.9278
internal_count=1301 883 831 418 348 278 70 205 172 85 87 70 698 601 89 512 387 204 93 111 183 164 139 97 62 54 42 125 104 133 69 52 69 73 48 67 102 41 42 46 80
is_linear=0
shrinkage=0.03


Tree=57
num_leaves=46
num_cat=0
split_feature=5 44 25 5 27 48 20 38 48 48 57 41 45 53 45 59 42 34 40 45 45 44 43 16 14 59 32 40 49 59 20 35 45 46 46 48 8 37 46 19 44 45 33 45 59
split_gain=8.4725 4.47295 4.6925 3.41206 4.17555 4.46585 3.2903 3.47077 2.98085 7.78478 3.81863 2.77782 4.11776 4.81809 4.01355 3.44355 2.8066 2.74768 2.48426 2.4584 4.22475 2.74565 4.14692 2.28888 4.35563 3.29213 4.17903 2.32141 2.18066 1.99568 1.9952 1.86911 1.77079 1.7102 1.69568 1.60653 1.57178 1.5232 1.49223 1.34728 1.88311 1.32509 1.28673 0.911339 0.802467
threshold=-0.40589593833810239 -0.89964428542073438 -0.36788297411228221 0.97378359236674605 -1.3633480869112951 0.84979615278431775 1.2974675076778535 0.71072233858908862 -0.23004247293206648 -0.89447208059005301 1.0000000180025095e-35 0.2448112674498677 -0.082960175730035557 -0.33611145028219497 1.3693409594906301 1.0000000180025095e-35 1.0304314938923558 0.24723848299581461 -0.074793925866722386 0.27692872692757686 -0.12154188534039002 -0.49749596637747195 0.24287503638413829 -0.47801565955336117 -0.14493029477455263 1.0000000180025095e-35 1.0000000180025095e-35 -0.9731303717001264 -0.64037372444298979 -1.0000000180025095e-35 -1.0588019064206318 0.23855347561176662 -1.1063848205765805 -0.64334366563775491 0.083297868767091818 -1.2391858152466251 -0.67388641821206463 -1.0000000180025095e-35 0.7723370185420938 0.81533514331022794 0.33773515778930435 -0.082960175730035557 -0.60244676187590573 -0.54997045629974384 0.33773185147388385
decision_type=2 2 2 2 2 2 2 2 2 2 2 2 2 2 2 2 2 2 2 2 2 2 2 2 2 2 2 2 2 2 2 2 2 2 2 2 2 2 2 2 2 2 2 2 2
left_child=6 23 11 4 -4 8 7 19 9 35 32 15 43 16 37 17 -14 -3 28 20 21 -1 -23 42 41 -26 27 -27 -10 -30 -20 -32 -11 -7 -24 38 44 -15 -6 40 -17 -25 -2 -13 -9
right_child=1 2 3 -5 5 33 -8 36 18 10 -12 12 13 14 -16 39 -18 -19 30 -21 -22 22 34 24 25 26 -28 -29 29 -31 31 -33 -34 -35 -36 -37 -38 -39 -40 -41 -42 -43 -44 -45 -46
leaf_value=-0.017039323893723365 0.0069773568459083118 -0.0091694786236124811 -0.021317180677422717 0.011429304194215756 0.0026417206404241822 0.020320503567314623 0.0070357786790161839 -0.021869856861736335 -0.016283057905136619 0.0017623033213757663 -0.0057496236815109654 -0.0026441422974704653 -0.015646845314206674 0.024685849719855008 -0.003641780922372947 0.016610441790887623 0.0061322127962886294 0.012020705290594794 -0.00074584148501175181 -0.014681192591323614 0.013077313560871457 0.012497136886388155 -0.017798958387462829 0.0010187752265085578 0.021734065229170613 0.0046047123834056817 0.015750272596374435 -0.016577962956081122 -0.0094982004398779431 0.0066359425199622258 -0.0050468274311562967 -0.025606066845917361 0.020190224340226375 0.0008911400092962052 0 -0.023471089596523918 -0.0022814739826760816 0.0061163746594496146 -0.014622111627413788 0.026608946081813557 -0.00064942628922826041 -0.014933948933700408 0.026476790134848466 -0.01867456940826932 -0.0082763957276879765
leaf_weight=11.880225479602805 8.1614015102386492 10.864837616682054 10.332262963056563 12.26903262734413 7.877939701080324 7.7983315587043789 12.069649130105971 22.123888373374939 7.1027163863182023 7.6699832677841178 9.7437259852886182 7.350811243057251 10.83610373735428 13.761556655168535 9.1905894577503187 14.398539364337926 7.7699667811393729 8.4190812408924085 7.4838090837001827 14.069178342819212 12.736097574234007 11.498673230409631 8.7011125981807727 7.7116748094558716 14.04346066713333 7.7556470930576289 12.946501672267912 7.7113127112388664 9.0514996349811536 18.12815126776696 7.5609395205974606 14.42894861102104 17.24767836928368 8.7424628138542158 8.5347177982330305 7.4315380752086631 8.0985536575317365 8.4337972998619097 6.9267462193965912 8.5220749080181104 7.6821376681327811 7.8938322961330396 8.0983597934246045 7.606931656599043 9.8812532722949964
leaf_count=34 22 30 29 33 22 21 34 66 20 21 27 20 30 37 25 39 21 23 21 41 35 32 25 21 38 21 35 21 25 50 21 41 47 24 24 21 23 23 20 23 21 22 22 21 29
internal_value=-5.03713e-05 0.00230075 0.000493935 -0.00279724 -0.00412378 -0.00256912 -0.00690364 -0.00859866 -0.00463676 0.000273249 0.00912667 0.00510223 0.000856647 0.00509584 0.0121198 0.0103266 -0.00647445 0 -0.00901609 -0.00416007 -0.000950535 -0.005801 -0.000341251 0.00875622 0.00554664 0.0104938 0.00392636 -0.00613458 -0.00307547 0.000837912 -0.0152487 -0.0195662 0.0151671 0.0113118 -0.00954128 -0.0129791 -0.0154973 0.0187169 -0.00566972 0.0163474 0.0106917 -0.00730188 0.0184431 -0.0121202 -0.0184105
internal_weight=468.548 348.954 274.632 159.796 147.527 137.194 119.593 107.524 120.654 56.8976 34.6614 114.836 64.9498 49.992 31.3859 49.8867 18.6061 19.2839 63.7561 67.42 53.3508 40.6147 28.7345 74.3222 58.0624 42.4569 28.4135 15.467 34.2824 27.1797 29.4737 21.9899 24.9177 16.5408 17.2358 22.2362 40.1037 22.1954 14.8047 30.6028 22.0807 15.6055 16.2598 14.9577 32.0051
internal_count=1301 958 756 443 410 381 343 309 336 158 95 313 177 136 85 136 51 53 178 191 150 115 81 202 158 115 77 42 95 75 83 62 68 45 49 63 118 60 42 83 60 43 44 41 95
is_linear=0
shrinkage=0.03


Tree=58
num_leaves=41
num_cat=0
split_feature=50 40 53 38 30 53 47 36 59 43 47 42 27 55 38 23 18 36 30 19 36 57 38 12 40 30 35 59 45 46 7 38 45 55 29 29 50 45 45 46
split_gain=3.46046 3.71039 4.48609 4.71485 4.01615 3.55445 3.50748 3.20676 3.40009 3.06657 2.90676 2.86438 2.26175 2.72151 2.5795 2.52255 2.23946 2.53231 2.85204 1.71278 1.71183 2.72418 2.63496 2.54104 2.84442 4.62292 1.71287 1.67953 2.74297 2.655 1.77579 2.28312 1.77392 1.7966 1.0138 0.898683 0.826632 0.794968 0.753839 0.0243937
threshold=1.6886173551154515 0.33067531523511701 -0.33611145028219497 -1.818431295353155 0.38800057762403822 1.4896964696223387 0.29437251866829423 1.2254310009295113 -1.5280394384094398 -1.675146951432694 -0.82741411002736798 -1.4773389285066618 0.86051465813719885 1.7007328384650211 0.71072233858908862 1.0000000180025095e-35 0.056343099311704205 -0.51927098900621538 -1.0000000180025095e-35 -0.12813121630651214 -1.1008383189847908 1.0000000180025095e-35 -1.1657464865938658 0.014465202845260613 -0.61648087955963893 -0.85460732790367178 -0.41875271239579454 0.33773185147388385 1.0655885983732987 0.063367612363293788 0.18140383587067674 -0.71249314717769341 -0.54997045629974384 -0.39702151259939628 -1.0441473815902795 0.38231267584774786 -0.21849820900770453 -0.35247483304391736 0.1083673580041017 -0.93268923094560952
decision_type=2 2 2 2 2 2 2 2 2 2 2 2 2 2 2 2 2 2 2 2 2 2 2 2 2 2 2 2 2 2 2 2 2 2 2 2 2 2 2 2
left_child=1 2 3 -1 16 6 12 8 -4 -10 -7 -5 15 14 -14 -6 -3 -18 36 37 22 23 -13 24 39 -26 -23 28 32 30 31 -29 33 -11 -16 -34 -19 -20 -2 -22
right_child=38 4 7 11 5 10 -8 -9 9 27 -12 20 13 -15 34 -17 17 18 19 -21 21 26 -24 -25 25 -27 -28 29 -30 -31 -32 -33 35 -35 -36 -37 -38 -39 -40 -41
leaf_value=-0.017327222176450538 -0.02092989045831161 -0.0018340590095002286 0.0096454929853669862 -0.01101182311857191 -0.0039548043283549258 0 -0.020866634061968339 0.012280348769837975 0.011699705239872757 -0.017876924460934179 0.025761758214827214 0.026783867066687877 0.0022683709570727306 0.009744868507259162 -0.0051898353064680491 0.016620464134446226 -0.0028345593509451002 0.030706461052014855 0.019802469063366367 -0.0032856639836004232 -0.006769396297680007 0.021086605750912476 0.0033687506484636333 0.011523920149880167 0.021080282151624875 -0.0079952900992432702 0.0032535370714431009 -0.0076880747157928933 0.002691684923091949 -0.01552749621502165 -0.0091888069634854345 0.010843697369506357 -0.021391136416817096 -0.0012509550484518502 -0.022415487499431931 -0.0086650208677424862 0.012498247273785368 0.0031399361392894752 -0.0036978821148317006 -0.017914383418461521
leaf_weight=7.4285030066967002 6.6288948059082013 9.5074504464864713 9.8068544715642911 7.0400038808584204 8.1277472525835055 7.4212315380573273 7.1848149895668021 7.5432611703872672 5.6043110638856879 7.6036154329776791 6.3187928497791273 7.8649625182151821 9.7010557055473345 7.2147175371646872 7.4645649194717398 10.552674949169157 6.4187797904014579 10.467251539230348 6.6015986800193769 7.5838671922683778 5.3877582252025604 10.038669914007189 10.244083344936369 10.679408967494963 6.3499340415000907 11.505779743194585 11.103522092103956 7.180911347270011 9.690139174461363 10.903643995523451 9.9077853709459287 17.089018926024441 25.144962877035148 19.638736814260476 9.2149154245853442 12.330926790833471 8.7694559991359657 6.2291318476200104 5.6336014717817307 7.1521695256233198
leaf_count=29 24 32 33 25 28 24 27 25 20 29 20 26 33 23 26 34 22 32 21 25 20 32 35 35 20 39 37 26 34 40 37 57 92 68 33 44 28 20 20 26
internal_value=3.72593e-05 0.000605867 -0.00160027 0.00338738 0.00468776 0 -0.00320454 -0.00496188 -0.00609445 -0.00747546 0.0129935 0.00547894 -0.000151138 -0.00485458 -0.009372 0.00774241 0.0106529 0.0133325 0.0161034 0.00706625 0.00717293 0.00446569 0.0151151 0 -0.00458152 0.00286705 0.012822 -0.0085583 -0.011341 -0.0036192 0.000504804 0.0049994 -0.0135461 -0.00679096 -0.0161008 -0.0178524 0.0241997 0.0133071 -0.0147151 -0.0147881
internal_weight=378.28 366.017 237.239 94.7948 128.778 73.2005 59.4605 142.444 134.901 125.094 13.74 87.3663 52.2757 33.5953 26.3805 18.6804 55.5775 46.0701 39.6513 20.4146 80.3263 62.2172 18.109 41.0751 30.3956 17.8557 21.1422 119.49 74.4084 45.0814 34.1777 24.2699 64.7182 27.2424 16.6795 37.4759 19.2367 12.8307 12.2625 12.5399
internal_count=1301 1257 829 324 428 248 204 505 480 447 44 295 177 115 92 62 180 148 126 66 270 209 61 140 105 59 69 427 267 160 120 83 233 97 59 136 60 41 44 46
is_linear=0
shrinkage=0.03


Tree=59
num_leaves=38
num_cat=0
split_feature=14 47 19 32 16 54 58 47 31 39 39 9 28 42 54 26 33 27 55 40 54 12 33 54 31 12 61 18 21 12 42 54 28 14 47 37 16
split_gain=9.7039 5.34709 3.44373 2.76164 3.29621 2.7289 3.03208 3.15098 3.64833 2.61577 2.59758 2.87785 2.38179 2.25446 2.14157 2.86712 2.81408 2.83409 4.45619 2.87768 5.21248 2.90784 2.10538 2.69007 2.07375 1.93562 2.50817 1.82829 1.74649 1.69157 1.48971 1.76853 1.32031 1.25545 1.05877 0.753417 0.406787
threshold=0.029994558375851157 -1.2881230599495297 -1.3074641658274369 0.51161105254744887 0.27214976668696567 0.7099748687501416 1.0000000180025095e-35 -0.86807350088196289 -0.58411815782754306 0.28366823997278828 0.056730479054707482 -0.42618997043156887 0.78478257098754278 -1.3206032771067233 -0.826361296606274 -0.43468112535816461 -1.08708686005989 -1.3633480869112951 -0.39997708379306712 -0.29018453568642755 0.28396697979092661 -0.10797280262823741 0.36683343449206246 -1.3797706842642725 1.0000000180025095e-35 1.2619780785051777 470.50000000000006 0.59977685616171994 -0.8302271271854853 -0.099444733185121495 1.0000000180025095e-35 0.29443315028420186 0.41690911360103705 0.71379814451954904 -1.2121843328064197 1.0747123704496906 -0.32814103767011243
decision_type=2 2 2 2 2 2 2 2 2 2 2 2 2 2 2 2 2 2 2 2 2 2 2 2 2 2 2 2 2 2 2 2 2 2 2 2 2
left_child=1 32 28 5 9 6 7 12 27 -5 11 13 -2 -8 22 24 25 -18 30 20 -20 -21 -4 -24 -16 26 -17 -9 -3 -6 31 -19 -1 -12 -15 -30 -32
right_child=3 2 14 4 29 -7 10 8 -10 -11 33 -13 -14 34 15 16 17 18 19 21 -22 -23 23 -25 -26 -27 -28 -29 35 -31 36 -33 -34 -35 -36 -37 -38
leaf_value=0.017833612981626185 -0.004955963353560037 -0.00086617996288119244 -0.0060126915353140914 -0.0049938528476019184 -0.019680732750843109 -0.0058399113658858014 0 0.019147101594255981 0.031196939907558778 0.018264505566763158 0.0031459489710017803 -0.0077922523446719754 0.015498057401811368 0.0057855943443686384 -0.020288107259036028 -0.017910005110172128 0.013833774143245822 -0.012000166845392853 -0.002737591095180303 0.0094750482655754035 0.025400728726475003 -0.0058553223733414364 -0.0035484253025988162 0.017505463730519612 -0.0023128320119155483 0.0037859551800615942 0.0015679790752046218 0 -0.019577770257976079 0 -0.0076402718494682741 0.0070330541828072827 0.00070261257377283472 -0.012734216499949285 0.022268599729240002 -0.0045361059334764215 -0.020477360826371339
leaf_weight=10.59590205550194 9.9472724199295062 9.2059290409088117 10.369293987751009 6.6468909382820147 7.8628649711608887 9.4325028955936414 9.4321332871913892 7.3876705765724244 14.942017227411268 7.8003209233283997 6.6774412393569937 6.3752278387546566 7.5892335474491111 7.7357304394245139 14.629539713263513 21.672682985663418 9.9861999452114087 7.2887573242187482 10.923993378877642 13.913279145956038 10.062504738569258 37.823549017310143 7.5599389374256161 12.545830756425856 10.956822693347929 6.2716464698314658 6.9660787135362616 9.5032210052013379 20.529244050383571 6.1819258034229261 8.5554580837488174 7.0591311454772949 7.421240121126174 8.0159557610750181 14.110205024480821 6.0334726423025122 10.442035928368568
leaf_count=30 30 31 35 21 26 29 28 21 42 23 20 20 22 23 52 80 33 25 36 43 31 129 24 38 37 21 24 28 80 20 30 23 22 24 41 22 37
internal_value=8.77369e-06 -0.00338918 -0.00459692 0.00636635 -0.00172287 0.00848854 0.00994096 0.015241 0.0207353 0.00772432 0.00454563 0.00868942 0.00410439 0.0124347 -0.00302252 -0.00430572 -0.00261431 -0.000274479 -0.00183291 0.00228329 0.0112816 -0.00146911 0.00407705 0.00961457 -0.0133664 -0.00989621 -0.0131309 0.00936477 -0.01306 -0.0116344 -0.010694 -0.00247792 0.0116811 -0.00552401 0.0174357 -0.0168001 -0.0159711
internal_weight=400.453 260.813 242.795 139.641 28.492 111.149 101.716 49.3694 31.8329 14.4472 52.3467 37.6533 17.5365 31.2781 207.027 176.552 150.965 116.055 106.069 72.7233 20.9865 51.7368 30.4751 20.1058 25.5864 34.9104 28.6388 16.8909 35.7686 14.0448 33.3454 14.3479 18.0171 14.6934 21.8459 26.5627 18.9975
internal_count=1301 883 831 418 90 328 299 143 91 44 156 112 52 92 698 601 512 387 354 239 67 172 97 62 89 125 104 49 133 46 115 48 52 44 64 102 67
is_linear=0
shrinkage=0.03


Tree=60
num_leaves=47
num_cat=0
split_feature=5 38 42 45 32 39 31 54 55 55 29 42 46 34 61 27 45 45 53 19 30 14 58 46 46 4 30 47 61 19 37 60 46 61 55 52 57 45 32 47 54 56 50 30 32 4
split_gain=8.01256 4.27498 3.43109 2.58422 2.90734 2.66266 3.25531 3.23985 2.63682 4.93429 3.19978 2.93509 2.96597 2.9086 2.87901 3.00124 2.48866 2.76487 3.36341 2.47829 2.32791 2.31224 3.1228 2.29648 2.22689 2.18461 2.23869 2.39094 3.45095 2.36057 2.07531 2.00365 1.71683 1.50949 1.45593 1.34296 2.16105 1.27609 3.18995 1.14244 0.904233 0.86891 0.826418 0.575513 0.534922 0.384092
threshold=-0.40589593833810239 -0.71249314717769341 1.5319855783721592 1.4438576328827109 0.76384865223072651 -0.66947035588315129 -0.16773176529444517 -0.67252829726560559 0.37112890359837947 1.0000000180025095e-35 -1.4899161495396631 0.57067358311920258 -0.83899703874552889 1.0000000180025095e-35 445.00000000000006 0.86051465813719885 1.7227846784172816 0.098526762389422443 -0.33611145028219497 -0.24606451125860465 -0.44040469272776867 -0.62807646247294258 -0.84553114790396355 1.6484797525740582 -0.077198180806857614 1.0000000180025095e-35 -0.66821614207451541 -0.90762444152053223 478.50000000000006 0.10773537359767285 -0.58936961502293583 359.00000000000006 -0.32843340481158517 357.50000000000006 -1.3132407419828975 -1.0000000180025095e-35 -1.0000000180025095e-35 -0.40334714208871675 -1.3171115451563125 0.19945965881394692 -0.83217027761944085 1.0000000180025095e-35 1.0000000180025095e-35 0.88504373983512241 -0.49733934618566072 -0.64908378903625386
decision_type=2 2 2 2 2 2 2 2 2 2 2 2 2 2 2 2 2 2 2 2 2 2 2 2 2 2 2 2 2 2 2 2 2 2 2 2 2 2 2 2 2 2 2 2 2 2
left_child=23 16 3 5 -5 6 7 20 9 11 -10 12 -7 -14 15 19 17 18 39 -12 -3 34 -23 25 -11 26 -1 29 35 -28 -4 -27 -13 -20 -19 45 -37 38 -22 -2 -33 -26 -25 -17 -35 -29
right_child=1 2 30 4 -6 8 -8 -9 10 24 14 32 13 -15 -16 43 -18 21 33 -21 37 22 -24 42 41 31 27 28 -30 -31 -32 40 -34 44 -36 36 -38 -39 -40 -41 -42 -43 -44 -45 -46 -47
leaf_value=0.0093684973074593895 -0.0048766038896873231 0.0062868696637872782 -0.00074367605637708114 -0.022310173204601165 0 0.019828234094369238 -0.020212863295830524 0.011557780775410488 -0.0079496536251096022 -0.020549256104917046 0.011937697298195308 -0.014845266910412507 -0.0049258337083410934 0.013047715802898522 -0.0020270612425178814 0.010890653940090889 0.021710322030149977 -0.0020767675307512448 0.0052241738890301823 -0.0072093019497637065 -0.0020240628786754888 0.0071309810038446631 -0.014531947365938026 -0.0072847278204741482 0.0035220493848914097 0 -0.0067112562658966342 -0.010181769449010144 0.0049454139837320143 0.013869558011851489 0.017876623754147624 -0.0068718120925206835 0.0022865308805539121 0.030286787777056054 0.01238118323414272 -0.013219259452114744 0.004448836835851293 0 -0.026851676022477091 0.0077581260076195202 -0.025068558940806354 -0.0095964799311988817 -0.023915963339684848 0.027138666088839497 0.012980561658085943 -0.024615714718691135
leaf_weight=10.843952357769011 10.645502299070357 8.297440558671946 7.3564865589141872 8.8904344439506549 10.613886862993239 11.488471567630766 9.5745538175106031 10.577130556106566 9.9492062330245954 12.135842472314836 15.097122550010679 8.6822199821472186 18.374492555856708 12.00844621658325 13.706003963947294 8.1107103228569049 8.8135745823383314 8.8667589724063891 8.4717766046524101 7.9532913267612484 10.396196395158766 8.1232333481311816 14.125256448984144 8.4434201717376727 7.5233616530895215 7.3379155397415188 7.3973361849784878 9.3386963009834307 13.253874272108076 9.714932829141615 13.277947396039961 6.8118873834609994 9.1555472016334516 7.423714995384219 13.952153980731962 13.624436676502226 8.9335261285305076 7.583333224058161 8.3896595835685712 11.773991823196409 8.3620077371597255 7.1493251025676727 7.7580338120460501 10.732715874910353 9.2314821779727918 7.3596591055393175
leaf_count=30 29 23 20 25 29 31 27 29 28 34 41 24 51 33 38 22 24 24 23 22 29 22 39 25 21 21 21 27 37 27 36 20 25 20 38 39 25 21 24 32 25 20 24 29 25 22
internal_value=-5.24408e-05 0.00223355 6.8248e-05 -0.00100326 -0.0110295 0 -0.0055652 -0.00178792 0.00206072 -0.00132164 0.00654425 0.00341617 0.0077446 0.00226942 0.00938361 0.013196 0.00737095 0.00561833 0.0105495 0.00505001 -0.0063362 0.000114765 -0.00641903 -0.00673051 -0.0117077 -0.00484681 -0.00233655 -0.00440315 -0.00757258 0.00482659 0.0113666 -0.0128632 -0.00624651 0.0177889 0.00673495 -0.0119726 -0.00613172 -0.0106481 -0.0145733 0.00157832 -0.0186126 -0.00279622 -0.0169393 0.0217587 0.0228899 -0.0183777
internal_weight=467.631 348.451 247.024 226.389 19.5043 206.885 54.8183 45.2438 152.067 86.5177 65.5491 59.7092 41.8714 30.3829 55.5998 41.8938 101.427 92.6139 47.5465 23.0504 34.6666 45.0674 22.2485 119.18 26.8085 102.978 80.4664 69.6225 52.5102 17.1123 20.6344 22.5118 17.8378 25.127 22.8189 39.2563 22.558 26.3692 18.7859 22.4195 15.1739 14.6727 16.2015 18.8434 16.6552 16.6984
internal_count=1301 958 682 626 54 572 153 126 419 239 180 164 115 84 152 114 276 252 129 63 97 123 61 343 75 294 228 198 150 48 56 66 49 68 62 113 64 74 53 61 45 41 49 51 45 49
is_linear=0
shrinkage=0.03


Tree=61
num_leaves=39
num_cat=0
split_feature=39 23 53 23 19 47 16 47 29 19 47 55 53 8 45 55 34 48 41 56 19 51 25 33 25 55 39 34 58 61 34 29 54 19 47 56 20 43
split_gain=3.42536 3.78244 3.15924 3.1359 5.5578 3.08194 4.01415 3.64661 3.20223 4.06406 3.16175 2.94908 2.84526 2.95447 2.80164 3.17421 2.70133 3.47732 2.54876 2.4552 4.02499 2.33942 2.31408 2.72415 2.17933 1.98658 2.35383 1.80143 1.69129 1.78548 1.57158 1.51555 1.50568 1.20894 1.13951 1.05497 1.03155 0.247641
threshold=-1.077958325535697 -1.325868144071207 1.4896964696223387 -0.67318708445369091 -0.24606451125860465 0.63232949464776456 0.34097612943319972 0.46729010871162463 0.38231267584774786 -0.36399780621069711 -1.1597266666185124 -0.17659474751979823 -0.33611145028219497 1.0000000180025095e-35 -0.10797533132285671 0.17211139009555673 -0.24251994046170008 -0.013238756137992557 0.56381581693883687 1.0177318272365508 0.22566866854976539 -0.19784678373026501 -0.7415096324417747 1.8207537290440154 -0.36788297411228221 -0.4359146929748105 0.96448152272703114 -0.97715757564797212 -0.84553114790396355 552.00000000000011 -0.079267132642528534 0.73892769020725491 0.40432253962179271 -0.83573098601906703 1.3255711110856228 -1.0000000180025095e-35 0.51204436964502487 0.54427849161249775
decision_type=2 2 2 2 2 2 2 2 2 2 2 2 2 2 2 2 2 2 2 2 2 2 2 2 2 2 2 2 2 2 2 2 2 2 2 2 2 2
left_child=22 14 3 4 11 7 12 8 10 32 30 -3 13 36 15 -2 -11 -18 -9 21 -21 -12 -1 28 -4 26 -15 -6 -24 33 -5 34 -10 -30 37 -13 -7 -14
right_child=1 2 24 5 27 6 -8 18 9 16 19 35 31 25 -16 -17 17 -19 -20 20 -22 -23 23 -25 -26 -27 -28 -29 29 -31 -32 -33 -34 -35 -36 -37 -38 -39
leaf_value=0.0096146890192020003 -0.0098503415619022282 0.017982100958570932 0.022473211488065858 0 -0.00031570936667155294 -0.0013991926373385993 0.015854767185722478 0.0032839726837857498 0.02441152403290002 -0.014149024867183509 0.0096234778790305151 0.0038170037781445356 -0.021184716116307237 0.0097624666141554028 0.027787502248960549 0.017108647432068871 -0.0042805272206379065 0.018514557390812359 0.028556522038802403 0.019509957945853546 -0.0083226438032991436 -0.0074623083965238788 0 0.005597692830802331 0.0012775718942165165 0.019628118133790732 -0.012228156540945284 -0.020250588341274797 -0.0066133687489338027 0 0.020770836852570421 0 0.0050419763257062824 -0.023441490131127236 -0.0043511843860861467 -0.011306967535601854 -0.019074453202264433 -0.0078027761584602362
leaf_weight=5.1224199980497351 6.193591237068178 7.016509652137759 7.9495514333248165 6.2693885564804077 5.8404923975467709 7.31136406958103 6.8432936668395987 8.1556977927684766 11.878909125924112 6.7412323057651546 6.4862897396087638 6.2400564551353463 14.551103889942175 9.0400787591934186 6.4743150770664206 6.4002209007740021 12.096607744693761 9.194785118103022 6.8563789129257193 8.5313088595867139 7.2005358189344397 66.297406584024429 7.6748418211936942 7.7626549750566474 9.6801649332046491 6.1142048835754421 5.9624827355146399 20.282985344529152 8.2658404558897036 5.6047998368740073 6.4147823452949506 9.1388154476881009 7.4775732457637778 16.762822464108471 9.9551078379154188 6.9779618084430668 5.166014239192009 5.8645622730255118
leaf_count=18 21 23 25 21 21 26 23 27 37 24 21 21 56 31 20 20 42 29 21 27 25 227 27 27 31 20 22 75 30 20 20 33 24 64 36 24 20 22
internal_value=4.10979e-05 0.00119683 0.000342103 -0.000414965 -0.00745136 0.000937302 -0.00381094 0.00330752 0.0017572 0.00808089 -0.00122037 0.00399496 -0.00601406 0.00027406 0.0136602 0.00378731 0.000379349 0.00587101 0.0167355 -0.00333021 0.0068071 -0.00569532 -0.00704259 -0.00926553 0.0121615 0.00712291 0.000342054 -0.0162701 -0.0125255 -0.0155477 0.0118751 -0.0113215 0.0181174 -0.0187983 -0.0144127 -0.00409812 -0.0104082 -0.0184116
internal_weight=377.797 326.604 307.536 289.906 46.358 243.548 79.947 163.601 148.589 47.3891 101.2 20.2345 73.1037 33.5941 19.0681 12.5938 28.0326 21.2914 15.0121 88.5155 15.7318 72.7837 51.1934 46.071 17.6297 21.1168 15.0026 26.1235 38.3083 30.6335 12.6842 39.5096 19.3565 25.0287 30.3708 13.218 12.4774 20.4157
internal_count=1301 1115 1054 998 164 834 289 545 497 156 341 68 266 119 61 41 95 71 48 300 52 248 186 168 56 73 53 96 141 114 41 147 61 94 114 45 46 78
is_linear=0
shrinkage=0.03


Tree=62
num_leaves=36
num_cat=0
split_feature=5 47 54 45 2 54 59 44 18 52 34 33 52 39 39 49 36 33 25 45 54 20 57 29 39 9 40 61 1 44 38 50 3 0 46
split_gain=9.19837 5.08071 3.68621 4.80015 4.58953 3.04083 4.14165 2.78475 2.70625 3.24083 2.61491 2.18428 2.60348 3.14479 3.43676 2.33384 2.89472 2.46205 2.34305 3.06098 3.96548 2.89831 2.58673 3.15368 1.8575 1.73358 2.13602 1.733 1.64453 1.51187 1.11364 1.10796 0.840963 0.419465 0.255467
threshold=-0.2334359969999962 -1.2881230599495297 0.0041170921132025629 0.20199545630518687 -0.56287570063821457 -0.87534059785651019 1.0000000180025095e-35 1.3276387123573357 0.55292915495273431 1.0000000180025095e-35 -0.97715757564797212 -1.08708686005989 1.0315478480852267 0.96448152272703114 0.41983089652363698 0.62241705312477047 0.97618785951012166 1.0000000180025095e-35 1.0000000180025095e-35 0.122601605367247 -0.57299355770126847 1.035659795000244 1.4790752676841121 0.38231267584774786 -0.94179566898484857 -0.44106244012082257 1.1640883621780374 470.50000000000006 -0.31012438879916387 0.33773515778930435 0.79230793968399982 1.0000000180025095e-35 0.43872759250501092 -0.79800501424656634 0.26478604807150469
decision_type=2 2 2 2 2 2 2 2 2 2 2 2 2 2 2 2 2 2 2 2 2 2 2 2 2 2 2 2 2 2 2 2 2 2 2
left_child=2 29 5 4 30 6 24 11 34 32 -8 27 15 14 -14 16 18 -17 19 20 -13 -21 23 -20 -1 26 -5 28 -3 -2 -4 -11 -10 -30 -7
right_child=1 7 3 25 -6 8 10 -9 9 31 -12 12 13 -15 -16 17 -18 -19 22 21 -22 -23 -24 -25 -26 -27 -28 -29 33 -31 -32 -33 -34 -35 -36
leaf_value=0.00096107694208530251 0.002012946221810189 0 -0.0051395518581014181 -0.0041268091620929219 -0.023397755856355961 0.031446868544884321 0.019060041252998754 0.0091471059747626655 0.0062558871155866669 -0.0091370026126074977 -0.00082858690473828903 0.0047954773780480688 -0.00057951352680666278 -0.006986419533956012 0.027674173052978354 -0.0065911781618287948 0.0075098312738774587 0.01592961913689931 -0.007364529520794999 0.0070527351792126821 -0.015368386073945263 -0.013397281887400258 0.0052221567799954939 -0.021513030891846651 -0.019231694851996543 0.020912925939455655 0.014529089636277517 0.00058483282070824103 -0.0093002149387342043 0.019843555431589006 0.0086121208661580073 0.0055301891375047997 0.023597068554121688 -0.021606002577830768 0.015391080469980549
leaf_weight=7.1234261691570282 9.797073572874071 5.313006445765498 10.622088164091116 11.717869251966482 9.7382543385028821 7.1726724505424526 12.638667762279509 11.213348239660261 6.7690291106700924 6.9623934030532828 9.1096796393394488 11.432510912418357 6.63990566134453 9.1542147994041425 6.4729337990283966 6.467180520296095 11.271487668156622 7.986602708697319 42.718394190073013 29.053509756922722 26.162286221981056 6.2538198232650748 6.6065316945314398 23.947606056928635 6.429363936185835 6.7039403915405265 7.7894365191459647 7.2594879120588294 9.8806746304035205 8.2760901451110822 7.7888302206993094 8.4994870424270612 8.7481968402862531 15.355776384472845 10.659158259630201
leaf_count=21 29 18 34 35 33 21 36 36 20 22 27 38 22 30 20 22 38 26 144 97 94 22 21 86 20 20 23 25 36 23 23 25 25 58 31
internal_value=7.51012e-06 -0.00328666 0.00623425 1.31099e-05 -0.00827192 0.0101141 0.00300222 -0.00446421 0.0148955 0.00854505 0.0109553 -0.00520239 -0.00381394 0.0054484 0.0143659 -0.00508509 -0.00616787 0.00580457 -0.00732875 -0.00329966 -0.00913439 0.00286915 -0.0111106 -0.0128965 -0.00918151 0.00909334 0.00354255 -0.0117625 -0.0147739 0.0113795 0.000587337 -0.00094458 0.0176032 -0.0178045 0.0240986
internal_weight=399.735 261.262 138.472 54.3604 28.1492 84.1121 35.3011 243.189 48.8109 30.9791 21.7483 231.976 194.167 22.2671 13.1128 171.9 157.446 14.4538 146.175 72.9021 37.5948 35.3073 73.2725 66.666 13.5528 26.2112 19.5073 37.8089 30.5495 18.0732 18.4109 15.4619 15.5172 25.2365 17.8318
internal_count=1301 885 416 168 90 248 104 833 144 92 63 797 660 72 42 588 540 48 502 251 132 119 251 230 41 78 58 137 112 52 57 47 45 94 52
is_linear=0
shrinkage=0.03


Tree=63
num_leaves=45
num_cat=0
split_feature=5 44 25 21 15 20 38 2 47 47 40 57 29 29 58 59 45 45 44 43 45 55 55 29 60 34 25 20 16 14 59 32 40 42 59 46 2 24 45 33 60 59 56 0
split_gain=7.66592 4.13905 4.45242 3.69687 3.39555 3.18308 3.30963 3.07286 3.52036 4.77885 5.8621 3.99842 3.62383 2.74262 3.10365 2.43243 2.31981 3.97849 2.66879 3.98574 2.26191 2.99688 3.50507 2.63243 2.59362 2.58105 2.55503 2.24312 2.16737 4.17237 3.15831 3.99308 2.21554 2.11419 2.44586 1.62241 1.49085 1.2832 1.25177 1.24035 0.939191 0.815608 0.700511 0.178268
threshold=-0.40589593833810239 -0.89964428542073438 -0.36788297411228221 -1.3900226661688055 1.171856362234726 1.2974675076778535 0.71072233858908862 -0.034168348054247281 -0.87618672841672141 -0.24031555698537463 -0.074793925866722386 1.0000000180025095e-35 1.0000000180025095e-35 0.73892769020725491 1.0000000180025095e-35 1.0000000180025095e-35 0.27692872692757686 -0.12154188534039002 -0.49749596637747195 0.24287503638413829 1.3693409594906301 0.4520809113683486 -0.39702151259939628 -1.0441473815902795 377.00000000000006 1.6348873494587735 -1.1151362907712672 1.0000000180025095e-35 -0.47801565955336117 -0.14493029477455263 1.0000000180025095e-35 1.0000000180025095e-35 -0.9731303717001264 0.77965445165245406 1.0000000180025095e-35 0.083297868767091818 -0.5845440347605082 -0.64943616159482009 -0.082960175730035557 -0.60244676187590573 445.00000000000006 0.33773185147388385 1.0000000180025095e-35 -0.16812798783147692
decision_type=2 2 2 2 2 2 2 2 2 2 2 2 2 2 2 2 2 2 2 2 2 2 2 2 2 2 2 2 2 2 2 2 2 2 2 2 2 2 2 2 2 2 2 2
left_child=5 28 20 15 7 6 16 8 37 11 12 -10 -11 14 -9 -4 17 18 -1 -20 21 22 27 -23 -24 -22 -25 43 39 38 -31 32 -32 34 -26 -21 41 -5 -30 -2 -12 -8 -17 -3
right_child=1 2 3 4 -6 -7 36 13 9 10 40 -13 -14 -15 -16 42 -18 -19 19 35 25 23 24 26 33 -27 -28 -29 29 30 31 -33 -34 -35 -36 -37 -38 -39 -40 -41 -42 -43 -44 -45
leaf_value=-0.016679404172551149 0.0066247790326596388 0.0097811697718874629 -0.00046081643100628802 -0.00082895630457854755 0.014177047784421299 0.0071027271822280821 -0.02139985214771209 0.0057736426614308145 0.022861324335766237 0.015686656759017013 -0.020489068761920498 -0.0016329251617678939 -0.0060616459274473507 -0.023750719645309518 -0.014642444354190978 -0.0074826715645949097 -0.014217634514987792 0.01276959859993782 0.012387055195013784 -0.017373265713135744 -0.012538384026011764 0 -0.017756681815577845 0.0039426748136808035 -0.0060697011106705364 0.0080639745091544614 0.026440484162622561 0.00062659561186019302 0.0007840255485464184 0.021143079858679283 0.0043593324763664607 0.015272038543474508 -0.016350598359877611 -0.011381894659189701 0.013956687251887494 0 -0.0021713984148643457 -0.018289462290747131 -0.014733470123416314 0.025740448608440717 -0.0041602755026827415 -0.0078295180385316212 -0.022081173694510892 0.022442901802478633
leaf_weight=11.79263997077941 8.1402845978736895 8.82159072160721 13.002652287483214 7.7361365854740134 11.502656579017637 12.045433938503264 21.823095828294758 12.716762840747839 15.545681744813921 15.468051522970198 9.8721328675746971 8.2908130586147291 10.050611734390257 7.7963021397590628 10.973531275987623 8.5399803817272204 13.931632965803145 12.735238939523695 11.491310983896264 8.6214302778244036 11.576164215803148 8.3919400572776812 7.2356131076812735 8.1412936747074145 7.5608117580413881 7.7458819448947898 14.505156487226484 13.898924916982649 7.7031821310520172 13.999853461980818 7.7405608594417536 12.911072969436644 7.6909173727035576 7.2475344836711875 12.140128821134565 8.5147445201873762 8.0751574337482435 8.1538652777671796 7.8652018308639509 8.036255478858946 7.1868066787719718 9.7784794270992261 12.469758838415144 7.3270895183086422
leaf_count=34 22 24 36 22 31 34 66 35 42 42 28 23 28 22 31 24 41 35 32 25 32 23 20 22 21 21 39 38 21 38 21 35 21 20 33 24 23 23 22 22 20 29 36 20
internal_value=-6.26658e-05 0.00217309 0.000432423 -0.00277852 -0.000303832 -0.00660637 -0.00828548 -0.0019851 0.00103206 0.00416278 -0.00179201 0.0145126 0.00703796 -0.00974197 -0.00375385 -0.0113278 -0.00394841 -0.000830805 -0.00556263 -0.000181659 0.00492617 0.00683357 0.00288152 0.0143178 -0.00351149 -0.00400515 0.0193485 0.010166 0.00839258 0.00526908 0.0101228 0.0036891 -0.00614207 0.00083699 0.0061023 -0.00925067 -0.0150621 -0.0109385 -0.0073098 0.017839 -0.0148254 -0.0179271 -0.0173078 0.0172853
internal_weight=466.794 347.985 273.898 159.306 125.293 118.809 106.764 113.791 82.3041 66.4141 42.5776 23.8365 25.5187 31.4866 23.6903 34.0124 67.087 53.1554 40.4201 28.6275 114.592 95.2701 64.2317 31.0384 34.1841 19.322 22.6465 30.0476 74.0873 57.9108 42.3424 28.3426 15.4315 26.9485 19.7009 17.1362 39.6767 15.89 15.5684 16.1765 17.0589 31.6016 21.0097 16.1487
internal_count=1301 958 756 443 347 343 309 316 228 183 118 65 70 88 66 96 191 150 115 81 313 260 176 84 94 53 61 82 202 158 115 77 42 74 54 49 118 45 43 44 48 95 60 44
is_linear=0
shrinkage=0.03


Tree=64
num_leaves=39
num_cat=0
split_feature=39 31 12 53 53 40 38 46 16 2 36 9 43 26 41 52 40 36 26 33 33 0 20 60 30 25 33 61 32 19 20 30 19 45 26 12 59 59
split_gain=3.30289 3.52954 7.04967 3.01311 4.20925 4.81744 4.02958 3.85642 3.94557 3.62705 2.95704 3.42556 2.86569 2.6557 2.63234 2.77989 2.60331 2.54244 2.50137 2.77748 2.44808 2.42166 3.32485 2.57418 2.67645 2.23692 2.6507 2.07829 2.00446 1.95092 1.69065 1.68594 2.60985 1.58799 1.39169 0.824749 0.623989 0.179123
threshold=-1.077958325535697 -1.285806337837023 -0.071588805047857682 1.4896964696223387 -0.33611145028219497 -0.29018453568642755 -1.818431295353155 -0.096627373115098295 0.067152303695282176 -0.56287570063821457 0.40846737072151201 -0.7975265456082844 -1.4696445955951762 -0.30610024451592605 0.56381581693883687 0.40603223384198273 0.6659396347327512 0.97618785951012166 -0.17751936367368756 -0.60244676187590573 -0.40051338763257899 -0.79800501424656634 1.035659795000244 371.50000000000006 0.38800057762403822 -0.7415096324417747 1.8207537290440154 647.00000000000011 0.51161105254744887 1.0000000180025095e-35 0.51204436964502487 0.13947899651849585 -0.24606451125860465 1.1380464969460575 0.7225468022219822 1.6155958676501194 0.33773185147388385 0.33773185147388385
decision_type=2 2 2 2 2 2 2 2 2 2 2 2 2 2 2 2 2 2 2 2 2 2 2 2 2 2 2 2 2 2 2 2 2 2 2 2 2 2
left_child=25 2 -2 4 6 12 -3 8 -7 -8 14 13 34 -12 29 -16 30 -18 -10 -20 -5 28 23 -23 -25 -1 31 33 -11 -9 -13 37 -33 35 -6 36 -14 -27
right_child=1 3 -4 20 5 7 9 10 18 21 11 16 27 -15 15 -17 17 -19 19 -21 -22 22 -24 24 -26 26 -28 -29 -30 -31 -32 32 -34 -35 -36 -37 -38 -39
leaf_value=0.0094112538705681797 -0.0027479696935399584 -0.016173950064732455 0.035155038357085285 0.02394718901470556 0.010137840966200099 -0.011726850100009867 -0.009111108000749225 -0.0024978927105866878 0 -0.0090754604257559449 -0.00094051066414728044 0.01488386818495418 -0.023778995775905264 0.021731986200134636 -0.009417350796232956 0.011393085016913281 0.0022978445461807563 -0.019987651214316889 0.0024866511230427031 0.026918520724548707 0.0014852547353872646 0.026129169684812152 -0.0037611725875988824 0.012699426814117317 -0.0063834414695309481 -0.021038643911301499 0.0055088706232850901 0.00088838013553635398 0.0081840085339258094 -0.020365793903764511 -0.0047473670234080972 0.0039072909997832561 -0.017372330204246809 0 -0.0074677648943404064 -0.0045991281933216036 -0.010432564854795795 -0.0081022698962425789
leaf_weight=5.1462175697088233 8.8802609592676145 6.3604611158370963 6.465017542243003 7.0855734348297146 7.4379234462976438 5.540483906865119 10.938014373183249 9.9692352414131182 9.2952797710895556 10.877791002392771 6.8634350895881679 6.8566388338804263 19.114976674318317 9.8220386505126935 11.176538959145548 9.1135638803243619 6.5849093496799496 9.752718657255171 7.3104767650365856 12.324001491069792 10.600517123937605 11.527972012758253 10.47776187956333 38.299993053078651 6.5235483050346366 13.83081863820553 7.7783019393682471 7.2385073006153098 10.27839647233486 15.810783162713049 5.8084874749183655 11.189009696245195 7.128289356827735 5.8037015348672858 5.6714886426925659 5.8918525725603095 10.596891731023787 5.8866213560104361
leaf_count=18 31 25 20 22 26 20 38 34 30 38 23 22 73 31 39 30 22 35 24 38 34 36 36 124 23 53 27 26 35 58 20 39 27 21 21 21 39 22
internal_value=5.22872e-05 0.00118623 0.014573 0.000439611 -0.000292483 -0.00299442 0.00444992 0.000341986 0.00872405 0.0060575 -0.00283219 0.00244828 -0.00975533 0.0127676 -0.00810708 0 -0.00362769 -0.0112312 0.0132229 0.0189279 0.0119656 0.00813137 0.0108823 0.0137357 0.00967584 -0.00692041 -0.00912199 -0.0130446 -0.000438717 -0.0141934 0.00590768 -0.0123613 -0.00475917 -0.015566 0.00212577 -0.0178527 -0.0199413 -0.0183051
internal_weight=377.258 326.299 15.3453 310.954 293.268 187.984 105.284 126.229 34.4702 98.9235 91.7583 45.6882 61.7553 16.6855 46.0701 20.2901 29.0028 16.3376 28.9298 19.6345 17.6861 87.9855 66.8293 56.3515 44.8235 50.9593 45.813 48.6459 21.1562 25.78 12.6651 38.0347 18.3173 41.4074 13.1094 35.6037 29.7119 19.7174
internal_count=1301 1115 51 1064 1008 653 355 426 112 330 314 153 227 54 161 69 99 57 92 62 56 292 219 183 147 186 168 180 73 92 42 141 66 154 47 133 112 75
is_linear=0
shrinkage=0.03


Tree=65
num_leaves=40
num_cat=0
split_feature=14 47 19 40 13 6 36 19 55 45 14 12 33 25 25 6 54 60 55 37 16 42 25 29 60 27 47 40 37 21 44 37 44 45 46 36 37 54 35
split_gain=8.68382 4.89284 3.30084 2.61643 3.52276 3.14407 3.49347 2.50992 2.59469 2.22883 2.11382 2.87785 3.03356 3.00546 4.3269 3.40064 2.59692 3.23268 2.4647 3.49891 2.00808 3.35058 2.5511 1.89304 1.88374 1.85891 1.82788 2.84486 2.32652 1.72248 1.64608 3.35236 1.44515 1.22021 1.10281 0.983206 0.758918 0.603416 0.538833
threshold=0.029994558375851157 -1.2881230599495297 -1.3074641658274369 -1.109719538902866 -1.2613215104605382 0.063449019771402618 1.0000000180025095e-35 0.93326843826232053 0.38173209168183986 -0.58234859083024981 -1.7038972924204276 -0.12398731608927489 0.36683343449206246 0.28596367796432992 -0.36788297411228221 -0.92800960754627171 1.1648965645560698 151.00000000000003 -0.39997708379306712 -0.83092990323670424 0.70600294885173687 -0.4742307595470549 -1.0000000180025095e-35 1.0000000180025095e-35 455.50000000000006 0.14570163294303992 0.42600706671532323 -0.42677370288916744 -1.0859102074623486 -0.8302271271854853 0.83268693507332003 0.61843182604590607 0.33773515778930435 0.27692872692757686 -0.3874093993184462 1.0000000180025095e-35 1.0747123704496906 -0.92476620542313592 1.0000000180025095e-35
decision_type=2 2 2 2 2 2 2 2 2 2 2 2 2 2 2 2 2 2 2 2 2 2 2 2 2 2 2 2 2 2 2 2 2 2 2 2 2 2 2
left_child=1 32 29 -2 20 9 24 30 -9 -6 23 13 16 14 15 -12 17 -13 34 -20 21 37 -23 -4 33 -18 28 -28 -19 -3 31 -8 -1 -7 -14 -17 -31 -5 -21
right_child=3 2 10 4 5 6 7 8 -10 -11 11 12 18 -15 -16 35 25 26 19 38 -22 22 -24 -25 -26 -27 27 -29 -30 36 -32 -33 -34 -35 -36 -37 -38 -39 -40
leaf_value=0.0019705488204898795 0.021421071687420259 -0.00064436090998519859 0.00050133993462253112 0.0066866914280159706 0 -0.01915983289979397 0.013369108742712991 -0.001880944843900112 0.020378992882930023 0.022427187045888395 0.014239277354690256 0.0095535375429124467 -0.0116605059280351 -0.0091950523978658102 0.021795870361652977 -0.016810451924194218 -0.0043207963916459561 0.0012876763799787127 -0.0063203997858497785 0.0078813509627951236 0.022179378185284378 -0.013060862724242551 0.0089107818770445078 -0.018376373231268166 0.0027887138253577136 0.013181363392994905 0.0029199059221319129 -0.014786038300662675 -0.016389289781558389 -0.019298756918149203 -0.010150653086096955 -0.010542958843516618 0.019407154036463033 -0.0019445622214439519 0.0030534112866766566 0 -0.0042507655378045362 0.022153207832281613 0.022771768009105346
leaf_weight=9.8021261692047137 8.1040327847003919 9.145017743110655 6.2642340809106853 7.3077833652496338 7.6289348602294913 13.201419353485113 11.265987008810049 6.5573433637619045 10.677996098995207 8.1372914016246778 7.7512881755828849 6.6182563304901114 9.195321783423422 8.8310119211673719 12.793231695890428 5.8239806890487653 10.922754645347597 6.9149434864521018 7.5706958770751944 8.3529226481914574 11.344393923878668 8.3363955020904523 7.5506246089935329 12.342838585376738 6.6831406056880942 8.0086566507816297 19.123002856969837 11.813445165753363 43.029288351535797 20.133386775851253 11.304609268903731 7.3746545910835257 8.3059830367565137 6.5528515875339499 6.2394019067287436 6.4786933660507202 5.9641349762678137 7.9364427924156171 7.6530912518501273
leaf_count=29 23 31 22 21 23 43 33 20 31 24 25 22 32 29 38 20 38 23 25 26 33 25 22 47 20 27 65 41 154 80 34 23 23 20 20 21 22 23 23
internal_value=8.84249e-06 -0.00322482 -0.00439186 0.00600759 0.00478502 0.00126677 -0.00133611 0.00345414 0.0121172 0.0128283 -0.00285102 -0.00180426 -0.00381586 0.00496524 0.00918224 0 -0.00643364 -0.00860736 0.00315157 0.00912225 0.0117565 0.00692952 -0.00240545 -0.0121593 -0.00982609 0.00321372 -0.0103131 -0.00402744 -0.013859 -0.0127396 -0.00168135 0.00353041 0.0111473 -0.0142718 -0.00561458 -0.00926493 -0.0164952 0.0163604 0.0166849
internal_weight=399.042 259.078 240.97 139.964 131.86 89.3842 73.618 47.1806 17.2353 15.7662 205.727 187.12 145.442 41.6782 32.8472 20.054 106.43 87.4989 39.0114 23.5767 42.4756 31.1312 15.887 18.6071 26.4374 18.9314 80.8807 30.9364 49.9442 35.2425 29.9453 18.6406 18.1081 19.7543 15.4347 12.3027 26.0975 15.2442 16.006
internal_count=1301 883 831 418 395 271 224 141 51 47 698 629 496 133 104 66 370 305 126 74 124 91 47 69 83 65 283 106 177 133 90 56 52 63 52 41 102 44 49
is_linear=0
shrinkage=0.03


Tree=66
num_leaves=34
num_cat=0
split_feature=48 19 13 26 16 45 16 47 55 25 54 52 33 54 33 40 19 20 19 40 19 45 47 53 16 20 20 42 19 45 27 38 26
split_gain=7.34307 5.72921 5.88631 3.74973 4.93673 4.64478 5.73629 3.98268 3.52651 3.28176 3.0344 2.72698 2.81502 2.80403 2.63451 2.50256 2.44522 2.36976 2.10682 1.98501 1.98132 2.01061 1.86825 1.67592 1.47882 1.46343 2.48475 1.36065 1.47685 1.18127 0.722574 0.259697 0.0433772
threshold=-1.3499713332037391 -1.1895308708753445 1.171856362234726 1.2368703255909363 1.0152637083070972 0.28576383772141151 0.8417317946377586 0.81356120918633057 1.1621397057783696 0.28596367796432992 0.055387862008276105 0.40603223384198273 -0.84476681096789796 1.6219863329843645 1.8207537290440154 -0.61648087955963893 0.93326843826232053 1.0000000180025095e-35 1.0512017332144132 0.22690302586680158 0.3436019635018579 0.93839536573482241 0.81966722375856371 -0.33611145028219497 0.26107790723932117 -0.535186481065413 1.035659795000244 -0.72500780178695667 -1.0715975759232521 0.15882951684017443 1.0000000180025095e-35 1.0000000180025095e-35 0.20822327885302794
decision_type=2 2 2 2 2 2 2 2 2 2 2 2 2 2 2 2 2 2 2 2 2 2 2 2 2 2 2 2 2 2 2 2 2
left_child=24 9 3 4 5 6 7 14 20 25 -4 12 -12 -13 16 -11 -3 -10 19 -5 22 23 30 -22 27 32 29 -1 -29 -27 -7 -6 -2
right_child=1 2 10 18 31 8 -8 -9 17 15 11 13 -14 -15 -16 -17 -18 -19 -20 -21 21 -23 -24 -25 -26 26 -28 28 -30 -31 -32 -33 -34
leaf_value=7.3188758804067992e-05 0.012170287433721252 0.0007984413200764817 0.019980335479317535 0.011449188539674278 -0.0079336640872876563 -0.00020719308362810546 0.018788054676754273 0.014690137733306201 0.016188660211130933 0.011773040478185783 0.0062904486945268836 0.019910301521117679 -0.015771109166908118 -0.0016577191320952134 -0.017463007587878814 -0.0080738283927463076 -0.0087842726910114417 -0.0060160860998414271 0.017942737225146603 -0.0065336561996973226 0.00083726104245226464 -0.023419242865115899 0.0068120891673912427 -0.014054188944310932 -0.020647824239817744 -0.0068343236577948002 0.018055469087445389 -0.02180327988809477 -0.0025901891194391605 0.0082259920491812612 -0.01285792354286644 -0.020658200987674017 0.02553946212916354
leaf_weight=11.809960812330244 8.0881279110908526 116.44932562112808 14.310077130794523 8.4028024673461967 6.8885273635387447 7.2051401734352174 13.158646404743193 12.190288752317427 7.0779492855072004 7.7254278659820583 9.2005324959754962 11.466191023588182 8.4523845613002759 8.1397286355495435 8.0753351151943189 13.461760014295576 28.377849072217941 7.0465104579925537 10.273533821105955 10.777140676975248 9.7230822443962079 14.937298297882078 8.4445341527461988 15.884954512119295 12.41437518596649 8.4135991334915179 11.480873763561247 6.9014014005661002 8.5508646070957202 7.368415266275405 12.428724467754362 12.188451826572416 8.4590555131435377
leaf_count=34 22 323 39 23 20 20 36 33 20 21 25 31 23 22 23 37 81 20 28 30 28 43 23 46 37 23 31 20 25 20 35 36 23
internal_value=-6.88485e-05 0.00108366 -0.00038902 -0.00197885 -0.00307516 -0.00192215 0.000784561 -0.00077063 -0.00773417 0.00917972 0.00882668 0.0037806 -0.00436743 0.0111903 -0.00217285 -0.000272724 -0.00110902 0.00521291 0.00789617 0.00131356 -0.0105391 -0.0147432 -0.0038256 -0.00844527 -0.0121802 0.0137412 0.00832929 -0.00723997 -0.0126952 0 -0.00884354 -0.0172684 0.0208919
internal_weight=465.773 426.096 361.099 309.53 280.077 261 178.251 165.093 82.7482 64.9973 51.5689 37.2588 17.6529 19.6059 152.903 21.1872 144.827 14.1245 29.4535 19.1799 68.6237 40.5453 28.0784 25.608 39.6766 43.8101 27.2629 27.2622 15.4523 15.782 19.6339 19.077 16.5472
internal_count=1301 1185 1008 868 787 731 496 460 235 177 140 101 48 53 427 58 404 40 81 53 195 117 78 74 116 119 74 79 45 43 55 56 45
is_linear=0
shrinkage=0.03


Tree=67
num_leaves=41
num_cat=0
split_feature=50 38 30 48 39 45 49 11 46 37 48 48 42 28 48 20 12 55 20 50 36 52 45 46 56 29 49 46 49 20 46 54 37 46 45 29 45 45 48 60
split_gain=3.3246 2.89555 3.5891 3.8749 4.37155 3.367 3.21095 4.15439 3.16366 3.16328 5.36924 3.90115 3.19666 2.77185 3.48312 4.15584 3.96736 2.51208 2.35568 2.32534 2.31617 3.1428 4.67011 2.99382 2.9427 2.19587 2.04623 1.9776 1.72223 1.43384 0.987877 2.92284 1.03315 0.960081 0.90219 1.70789 0.723096 0.711878 0.449055 0.132408
threshold=1.6886173551154515 -0.71249314717769341 -1.3516504901147555 0.67476153314949883 -1.077958325535697 1.0803176054782935 -0.42990859484836313 -1.0000000180025095e-35 0.055635846947793922 1.0000000180025095e-35 -1.0921660329097165 -0.32646396156943308 -0.22345371730715313 0.41690911360103705 0.097547171625324905 -0.79699419374302249 1.1768073932962013 1.5042690768530023 0.77385208232263436 1.0000000180025095e-35 -1.1008383189847908 0.40603223384198273 0.43654293728833155 -0.62054011855481206 1.0000000180025095e-35 -1.0441473815902795 -0.42990859484836313 0.20776110111094795 -1.0000000180025095e-35 0.51204436964502487 0.092942705218965291 0.53478191919943552 0.37687153783213739 1.3933123716275364 -1.0797681093313418 1.0955427045667618 0.1083673580041017 0.43142227102862069 -1.2501309837948513 393.50000000000006
decision_type=2 2 2 2 2 2 2 2 2 2 2 2 2 2 2 2 2 2 2 2 2 2 2 2 2 2 2 2 2 2 2 2 2 2 2 2 2 2 2 2
left_child=1 20 -3 4 6 25 38 -8 -7 10 19 18 -13 14 15 -12 -16 29 27 33 23 22 34 24 28 -5 -10 -11 -1 -15 32 -32 -14 -6 -22 -36 -2 -25 -4 -27
right_child=36 2 3 5 9 8 7 -9 26 11 13 12 30 17 16 -17 -18 -19 -20 -21 21 -23 -24 37 -26 39 -28 -29 -30 -31 31 -33 -34 -35 35 -37 -38 -39 -40 -41
leaf_value=-0.012135033578650051 -0.020652259332528441 0.022435423743860431 -0.0067566501667345449 0.0018949677061216421 0.011619440262167444 0.014894088835533678 0.014114213502432223 -0.011482628147270529 0.0046984589581929919 0.018273985438058554 -0.015777030182713352 0.00085763739173300385 0.013772331460751372 -0.019218906329076565 0.01854201061760722 0.003483454676590985 -0.0068495489580977552 0.0053228756908791893 -0.0080947393167533077 0.023848218046453273 0 -0.02057602065539928 0.012646981581176412 -0.0013373533077414674 0.018143797236498227 -0.0074037132035309726 -0.01689086789508995 0 0.0084195571013304903 -0.0041602919267793997 -0.0022740597133487418 0.023661242979816845 0.036521360801149587 -0.0031260968415134805 -0.021712561218875853 -0.0026730374344117814 -0.0036458230035630083 -0.015856585582445726 -0.021264920310995247 -0.019655507089399858
leaf_weight=6.167840972542761 6.5021279007196409 6.1277840733528128 6.8545976728200904 5.9248842895031002 6.1162186563015002 9.047919377684595 10.085705518722534 9.6606856435537338 6.0880330353975296 7.8957100808620515 13.068113967776293 9.8731447756290418 7.5522893369197863 12.546673938632013 17.330515652894977 30.666345790028576 6.5116909593343726 8.3939066231250745 11.552072808146475 10.950312465429304 5.5357404947280875 12.681089192628859 9.8761387169361097 7.375887453556059 10.94559822976589 5.480347856879237 6.6140387654304487 10.911770060658453 5.3636125475168264 13.480958580970762 6.1064487397670728 6.9797759354114532 6.9579313695430756 6.3422034680843353 9.1679315865039879 9.1902689784765226 5.6068494766950607 5.9328316301107407 8.1351786255836469 15.128026485443113
leaf_count=24 24 19 25 21 20 30 34 36 21 24 46 32 23 45 54 101 22 27 39 34 21 49 35 27 37 20 25 37 19 47 20 21 20 21 35 34 20 23 31 58
internal_value=5.39364e-05 0.000610654 0.00206861 0.00147652 0.00313264 -0.00608121 -0.00640165 0.00138231 0.00239572 0.00491344 0.00198384 0.0100832 0.0163888 -0.000996493 0.00246809 -0.00247138 0.0113755 -0.00778427 0.00170739 0.0144888 -0.00427136 -0.00860231 -0.00325206 0.00130935 0.00794716 -0.0130004 -0.00671741 0.00817678 -0.00224541 -0.012289 0.0214085 0.0121584 0.0274554 0.00415382 -0.0104188 -0.0134052 -0.0144884 -0.00916551 -0.0162125 -0.0173922
internal_weight=376.729 364.62 282.383 276.256 227.972 48.2832 34.7362 19.7464 21.75 193.236 125.407 67.8291 37.4696 101.998 67.5767 43.7345 23.8422 34.4215 30.3596 23.4087 82.2369 46.4512 33.7701 35.7858 22.4771 26.5333 12.7021 18.8075 11.5315 26.0276 27.5964 13.0862 14.5102 12.4584 23.8939 18.3582 12.109 13.3087 14.9898 20.6084
internal_count=1301 1257 953 934 759 175 126 70 76 633 417 216 116 342 223 147 76 119 100 75 304 174 125 130 80 99 46 61 43 92 84 41 43 41 90 69 44 50 56 78
is_linear=0
shrinkage=0.03


Tree=68
num_leaves=38
num_cat=0
split_feature=17 47 19 24 40 13 0 52 42 55 46 45 27 54 45 1 17 47 25 54 54 42 0 46 34 20 20 29 21 27 47 16 26 44 28 20 37
split_gain=8.218 4.69936 3.19536 2.63604 2.62831 3.31964 3.33775 3.76802 3.98258 3.59137 3.39137 2.21512 3.73476 2.2604 2.17548 2.16896 2.03604 2.22226 3.08737 3.55892 2.70457 2.98811 3.0707 2.62359 2.51217 2.62654 2.14696 1.85576 1.67321 1.48492 1.44198 1.4242 1.42121 1.37597 0.888285 0.812744 0.498113
threshold=0.029994558375851157 -1.2881230599495297 -1.3074641658274369 1.2892607971451615 -1.109719538902866 -1.2613215104605382 -0.041610364161301421 -0.84499899464450479 -1.0000000180025095e-35 0.49426812197305148 0.34900990614346439 0.38508052440089446 1.1782093360012698 -0.92476620542313592 -0.41427399146078897 -0.16572432443997384 -1.7038972924204276 1.4492942429496238 -0.36788297411228221 -0.59356325651434239 0.27651368198626031 1.0304314938923558 -0.58382875131919743 0.7723370185420938 1.0000000180025095e-35 -1.0588019064206318 1.0000000180025095e-35 1.0000000180025095e-35 -0.8302271271854853 0.86051465813719885 -0.51751327652133561 0.27451443487374599 -0.43468112535816461 0.33773515778930435 0.41690911360103705 0.51204436964502487 0.37687153783213739
decision_type=2 2 2 2 2 2 2 2 2 2 2 2 2 2 2 2 2 2 2 2 2 2 2 2 2 2 2 2 2 2 2 2 2 2 2 2 2
left_child=1 33 28 4 -2 11 14 10 15 -10 -8 12 13 -6 -7 34 27 18 19 -18 24 22 -22 29 25 -20 -26 -4 -3 31 -27 -21 -17 -1 -9 -30 -37
right_child=3 2 16 -5 5 6 7 8 9 -11 -12 -13 -14 -15 -16 32 17 -19 20 23 21 -23 -24 -25 26 30 -28 -29 35 -31 -32 -33 -34 -35 -36 36 -38
leaf_value=0.0019458976246491358 0.022668935861559936 -0.00062469614195440309 0.00055310365606307701 -0.0090425844298065768 0.00084082596012314897 0.0016701644791585438 0.024278459419754983 -0.0223110769130269 -0.0064832077594663895 0.017124065873777704 -0.0027182340260512778 0.026339333840337008 -0.005783343232571474 0.021520139256778623 0.024608104255337306 0.0077551569121379494 0.012279657468875157 0.010880869929844076 0.01338091496705953 -0.016470596472607926 0 -0.0075276699295467155 0.02204515422903007 0.0040518056667854328 -0.020107593809448755 -0.011312341685998345 -0.0002840936003384046 -0.018167073695210874 -0.022168203791622147 -0.000773947499285378 0.00071673789324722332 -0.0017093488911451003 -0.0097522784041739023 0.018973423060086682 -0.0072325304004563157 -0.013540978787585525 -0.00096946416278901747
leaf_weight=9.8037889897823352 7.8198440670967093 9.1370067894458753 6.2535713315010097 8.4108797907829267 7.905642718076705 7.9894102215766907 7.510059028863898 10.826923310756678 9.7595570385456245 10.309995263814924 6.6537076234817505 7.6140367090702048 10.296054869890211 14.176786541938784 7.1871554851531965 6.9184991121292114 6.0724326372146598 10.138963311910627 10.643805786967276 38.112685546278954 10.180238783359531 6.9214856624603263 12.98935641348362 9.7655482143163663 9.7778304666280764 10.377459973096846 9.9140622615814191 12.183425918221472 12.379867166280748 10.365357264876364 32.938387379050255 8.4439792633056623 6.6750090122222883 8.336041182279585 10.032399237155913 7.1366298347711545 6.2623195648193359
leaf_count=29 22 31 22 27 23 24 21 35 31 30 20 21 31 41 21 20 20 34 34 138 33 24 40 32 35 35 33 47 50 36 106 29 20 23 31 28 24
internal_value=1.44368e-05 -0.00314121 -0.00429072 0.00584335 0.0069304 0.00562949 0.00206851 -0.000755844 -0.00445601 0.00571347 0.0121674 0.0126074 0.00817789 0.0148956 0.014129 -0.0105381 -0.00277558 -0.00174909 -0.00259388 -0.00727165 0.000686746 0.00808681 0.0131686 -0.00937091 -0.00235785 0.000952344 -0.0111369 -0.0119526 -0.0125443 -0.0118213 -0.00231344 -0.0140551 -0.00055906 0.0109278 -0.016299 -0.0162824 -0.00875724
internal_weight=398.22 258.134 239.994 140.086 131.675 123.855 83.8627 68.6861 54.5224 20.0696 14.1638 39.9925 32.3785 22.0824 15.1766 34.4528 205.079 186.642 176.503 72.76 103.743 30.0911 23.1696 66.6876 73.6515 53.9597 19.6919 18.437 34.9158 56.922 43.3158 46.5567 13.5935 18.1398 20.8593 25.7788 13.3989
internal_count=1301 883 831 418 391 369 253 208 167 61 41 116 95 64 45 106 698 629 595 255 340 97 73 235 243 175 68 69 133 203 141 167 40 52 66 102 52
is_linear=0
shrinkage=0.03


Tree=69
num_leaves=43
num_cat=0
split_feature=46 13 19 23 42 59 50 41 32 46 23 54 38 47 23 46 55 46 4 47 12 16 40 38 47 28 35 23 38 40 20 34 12 46 30 47 16 37 50 19 30 40
split_gain=7.08118 4.56698 6.52526 3.98457 3.50159 2.82159 4.25784 2.77904 3.36186 2.76782 2.71962 5.29877 4.03144 2.53722 4.87253 2.72417 2.29721 2.61977 4.47778 3.09316 2.80679 2.71331 3.3906 3.25311 2.33749 2.29128 2.26308 2.17158 2.16714 2.08308 1.90878 1.90864 2.32575 1.90227 1.76658 1.59438 1.2249 1.04812 0.900564 0.302712 0.283785 0.243912
threshold=1.5963330010878842 1.171856362234726 -0.48193110116278959 0.2242493725203937 -0.22345371730715313 -0.90611567511499869 -0.64230166770173913 0.2448112674498677 1.0000000180025095e-35 -1.3280281816935362 -1.0403201804885438 -0.51216202101020702 -0.10513367236002231 0.76596582067255503 0.63217503478134163 -0.06707621822227687 1.7242894367189139 0.42875211074322861 1.0000000180025095e-35 -0.71315051413471553 -1.6342863569354937 0.23972331963544549 -0.69995203729464661 0.91921887472052821 -0.51751327652133561 -1.1772092017404867 1.5531658516268896 -0.67318708445369091 0.22120873201962213 0.79277243284958088 0.51204436964502487 0.65537050254374385 1.5943502716135083 -0.10659609852121929 0.26373978707126716 1.5650780862508427 -1.3950353857408495 1.0000000180025095e-35 -0.43039993835472184 -1.0715975759232521 1.0000000180025095e-35 1.4854746379491897
decision_type=2 2 2 2 2 2 2 2 2 2 2 2 2 2 2 2 2 2 2 2 2 2 2 2 2 2 2 2 2 2 2 2 2 2 2 2 2 2 2 2 2 2
left_child=1 2 3 5 -3 38 30 10 -9 -6 40 12 -12 14 -5 -16 17 20 19 29 -4 25 27 34 -21 -22 41 -23 -26 -19 -7 32 -27 -13 -24 36 -11 -20 -1 -15 -8 -2
right_child=26 4 16 13 9 6 7 8 -10 35 11 33 -14 39 15 -17 -18 18 37 24 21 22 23 -25 28 31 -28 -29 -30 -31 -32 -33 -34 -35 -36 -37 -38 -39 -40 -41 -42 -43
leaf_value=-0.0011699720319771614 -0.023815882145632732 0.022892954758687072 -0.019279130448912017 0.018935798133760284 -0.010132204118640771 0 0.023219595308706036 -0.013272018704176207 0.0077183046374413485 0.0039240529373181362 -0.02050207312914681 0.02436530505737618 0.0059901463606786701 0.023849076725888586 -0.012777048560713759 0.0065837810081832452 -0.017388889937499846 0.023060833964004095 -0.015405879370128044 -0.013008734854404465 0.013151910522167095 -0.0086333372619184032 -0.020573786341758538 0.0025666298484225709 0.013010149818485774 -0.0087800430810330895 -0.00043332534455732704 0.011230446125416694 -0.0041973276351088707 0.0021073514005129647 -0.020560667422037222 0.0072270341712804232 0.005478117853142216 0.0031974763109075999 -0.0052020380539566473 -0.0014429824723863852 0.018703316250804632 -0.0006430769102863216 -0.016438270652776987 0.010288638399646504 0.0093834316123707524 -0.009668401866526186
leaf_weight=7.2069425582885733 11.820904225111013 11.346034854650496 10.452974587678908 13.231027781963347 7.7522074878215781 8.6061441600322706 10.227799743413927 11.584345459938051 12.757526516914366 11.75558033585548 8.3021034896373731 8.8618308305740374 9.3549874424934369 10.611880123615267 11.232933640480042 11.702292889356613 9.1183124482631666 11.427972823381426 10.926709026098253 7.0668075680732754 9.1021565198898298 6.9500669538974789 25.45541900396347 9.5122215747833234 12.649526596069338 35.033713430166245 8.0559864938259107 10.14980962872505 10.565870285034178 7.8787104189395896 7.1219156682491294 13.845428347587584 12.618372768163679 8.0457923114299792 12.245151549577711 9.5227121710777265 11.84150862693787 8.2143797576427442 8.2577649354934675 8.5010472238063794 7.3251328766345969 6.6131241619586936
leaf_count=20 36 31 31 36 21 24 28 32 35 32 23 24 26 29 31 32 27 31 32 20 25 20 73 27 35 99 24 28 30 22 20 38 35 22 35 26 32 23 23 23 20 20
internal_value=-7.08614e-05 0.000847501 -0.000276527 0.00424922 0.00904685 0.000785831 0.00286444 0.00585643 -0.0022294 0.00438722 0.00970158 0.00424379 -0.00678289 0.0106893 0.0053941 -0.00285523 -0.00361304 -0.0028816 0.00185394 0.00665299 -0.00515752 -0.00381944 -0.00820409 -0.0122722 0.000314633 0.000179128 -0.0147135 0.00278928 0.00515642 0.0155668 -0.0105758 -0.00191315 -0.00483043 0.0156996 -0.0161242 0.00825078 0.0122543 -0.00986825 -0.0104091 0.0192964 0.0189538 -0.020151
internal_weight=464.853 438.363 386.145 162.931 52.218 107.652 92.1876 76.4595 24.3419 40.872 52.1176 34.5647 17.6571 55.2792 36.1663 22.9352 223.214 214.095 68.73 49.5889 145.365 134.912 64.3127 47.2128 30.2822 70.5997 26.49 17.0999 23.2154 19.3067 15.7281 61.4975 47.6521 16.9076 37.7006 33.1198 23.5971 19.1411 15.4647 19.1129 17.5529 18.434
internal_count=1301 1221 1079 448 142 297 254 210 67 111 143 95 49 151 99 63 631 604 193 138 411 380 183 135 85 197 80 48 65 53 44 172 134 46 108 90 64 55 43 52 48 56
is_linear=0
shrinkage=0.03


Tree=70
num_leaves=37
num_cat=0
split_feature=39 23 53 27 40 53 38 26 42 42 46 1 19 42 36 43 32 32 44 37 12 37 23 52 47 24 28 2 33 49 19 29 26 60 12 42
split_gain=3.1191 3.50395 2.91691 2.98883 3.74077 4.22146 3.75612 3.43645 3.12407 4.46271 3.27537 2.93717 2.62129 2.59213 2.44232 2.78665 2.26663 2.21874 2.53655 2.46312 2.19019 3.63404 2.44875 3.64869 2.16566 2.01443 1.97929 1.91469 1.82081 2.02703 4.43976 3.19617 1.64651 1.3288 1.07089 0.67795
threshold=-1.077958325535697 -1.325868144071207 1.4896964696223387 0.86051465813719885 0.33067531523511701 -0.33611145028219497 -1.818431295353155 -0.17751936367368773 0.21540610661267498 0.77965445165245406 0.6251306389417165 -0.70722456578693571 0.46153525845395038 -0.22345371730715313 0.72694471809073213 -1.4696445955951762 -0.49733934618566072 0.22784375290376183 0.33773515778930435 -0.58936961502293583 -0.12587409180048834 0.61843182604590607 1.0000000180025095e-35 0.40603223384198273 -0.61369280354563827 -0.26169676984682394 -0.31883780117197397 -0.034168348054247281 1.8207537290440154 -0.42990859484836313 -0.24606451125860465 -0.33091735287126595 0.46538504053750512 687.50000000000011 -0.088150875180910027 1.0000000180025095e-35
decision_type=2 2 2 2 2 2 2 2 2 2 2 2 2 2 2 2 2 2 2 2 2 2 2 2 2 2 2 2 2 2 2 2 2 2 2 2
left_child=28 13 3 4 5 6 -3 26 16 -10 -11 -7 17 -2 15 32 -9 18 -5 -19 22 27 -8 -24 -14 -4 -6 -22 29 34 31 -31 -13 -17 -1 -23
right_child=1 2 25 12 7 11 20 8 9 10 -12 14 24 -15 -16 33 -18 19 -20 -21 21 35 23 -25 -26 -27 -28 -29 -30 30 -32 -33 -34 -35 -36 -37
leaf_value=-0.0027277132426773544 0.020008244336711438 -0.015874601716915529 0.021630504526577381 0.0052063065300788783 0.0079218011934625715 0.011682847659515971 -0.01466728964025996 0.0028382153580560881 -0.009593971361064324 0.02275622325265202 -0.002689950573418779 0.01236875629052506 -0.00091365273621213286 -0.0020594787695919661 0.0053329629142146607 -0.012576219513131745 0.026300012359903882 0.019481378203272646 -0.016129822821448991 -0.0041174468001642893 -0.0029063533781152487 0.010498615455579842 0.019087136411902832 -0.0094949852598834612 -0.022757134251006998 0.0012843952460384923 -0.011473992449828555 0.011495175581876011 0.0053513920359610891 0.018976379662632572 -0.018472027712412548 -0.0059095835037589854 -0.0063520747867755354 0.001001071560891243 -0.02069716530066338 0.026393724853507192
leaf_weight=5.4214126765728023 13.137436032295229 6.2352582812309256 7.9171127974987057 6.7959950864315095 6.0532939881086376 6.7833118438720694 7.1562433540821102 6.2512953281402615 11.217258840799333 10.493535652756693 6.2509396225213996 6.9013533741235715 6.9984814226627376 6.0479149520397177 11.263650119304655 60.488669544458389 13.54751695692539 6.1177132725715637 11.149370178580282 6.7809887826442701 19.567516922950748 10.16972102224827 6.768718481063841 6.2243005633354187 11.550492256879805 9.838966488838194 10.743550211191176 11.940394446253775 7.7998463511466971 7.5463304221630088 8.7387520372867584 7.9403532743453988 6.754423663020134 6.1070450842380515 13.136859431862829 8.3718147128820402
leaf_count=20 41 25 24 23 20 22 26 20 39 32 21 24 24 20 39 221 42 20 40 23 67 34 22 22 43 32 37 38 27 25 34 29 25 22 51 27
internal_value=5.71374e-05 0.00115824 0.000329816 -0.000402152 0.000974263 -0.00128569 0.00391442 0.00707221 0.0111208 0.00400753 0.0134878 -0.00538731 -0.00702041 0.0131168 -0.0068851 -0.00873973 0.0198955 -0.0012532 -0.00796285 0.007522 0.00605116 0.00935684 -0.00196217 0.0054153 -0.0154999 0.0116462 -0.00407976 0.00264391 -0.00674506 -0.0091924 -0.00284747 0.00646848 0.00300094 -0.0112484 -0.0163434 0.0194132
internal_weight=376.208 325.624 306.439 288.683 239.29 174.732 76.434 64.5574 47.7605 27.9617 16.7445 98.2985 49.393 19.1854 91.5151 80.2515 19.7988 30.8441 17.9454 12.8987 70.1987 50.0494 20.1493 12.993 18.549 17.7561 16.7968 31.5079 50.5836 42.7837 24.2254 15.4867 13.6558 66.5957 18.5583 18.5415
internal_count=1301 1115 1054 998 825 614 261 211 154 92 53 353 173 61 331 292 62 106 63 43 236 166 70 44 67 56 57 105 186 159 88 54 49 243 71 61
is_linear=0
shrinkage=0.03


Tree=71
num_leaves=42
num_cat=0
split_feature=5 47 19 34 55 60 4 38 23 44 46 12 24 17 12 52 40 49 17 30 28 55 60 16 60 25 40 24 47 24 55 41 21 44 41 9 55 20 25 20 46
split_gain=7.83244 4.46037 3.09453 3.01708 5.03117 4.12912 3.10855 2.75025 2.58473 2.56834 2.42965 2.18075 2.03907 1.96177 2.49646 2.57668 2.97723 4.18817 3.90993 3.21092 3.32156 2.52709 3.62986 2.44396 2.86296 3.34886 2.19487 2.12315 1.73224 1.78009 1.66542 1.67841 1.63574 1.32815 1.29875 1.14589 0.830499 0.80674 0.68407 0.398172 0.351675
threshold=-0.2334359969999962 -1.2881230599495297 -1.3074641658274369 -0.24251994046170008 1.2823042211404263 310.50000000000006 -0.19765646494605529 0.22120873201962213 -1.0403201804885438 0.33773515778930435 0.41034256046923229 -0.10424839171906967 1.0000000180025095e-35 -1.7038972924204276 -0.12587409180048834 -1.4705146088877485 -0.42677370288916744 -0.2194434652537364 -0.93593742981587014 1.0000000180025095e-35 -1.1772092017404867 0.79205636686547443 357.50000000000006 0.28743417602529842 310.50000000000006 0.28596367796432992 0.52935046753001136 -0.26169676984682394 -0.89881734502672128 -0.26169676984682394 0.31882733119513534 0.56381581693883687 -0.8302271271854853 0.33773515778930435 0.88282036642780615 -0.94478970547230967 0.40184712164498498 0.51204436964502487 -0.36788297411228221 1.035659795000244 -0.73593900812483015
decision_type=2 2 2 2 2 2 2 2 2 2 2 2 2 2 2 2 2 2 2 2 2 2 2 2 2 2 2 2 2 2 2 2 2 2 2 2 2 2 2 2 2
left_child=3 33 32 4 8 36 9 -8 11 12 -11 -1 -7 34 23 -16 18 30 -17 20 -20 22 -19 24 -15 26 38 -21 -10 -30 -18 -32 -3 -2 40 -9 -5 -34 -26 -39 -4
right_child=1 2 13 5 -6 6 7 35 28 10 -12 -13 -14 14 15 16 17 21 19 27 -22 -23 -24 -25 25 -27 -28 -29 29 -31 31 -33 37 -35 -36 -37 -38 39 -40 -41 -42
leaf_value=-0.0070116474789347913 0.0018238972174318903 -0.00055990470574592683 -0.005961953540421761 -0.01926057322892653 -0.0088341983080801861 0.0014787163045824386 -0.00054043618645171283 0.0087676704503828005 0.0065968905474907231 -0.005369102062871607 0.015362107449683077 0.011922759630567738 -0.019494583291887541 -0.0083562038308452411 0.012908559278577236 -0.014647571034662939 -0.022621726442303081 0.018929488478888881 0.010767706718991167 0.00089175897916905084 -0.010094485806484347 -0.014144885360087846 -0.0030273027674044902 -0.011049637724962442 0.011859220254841579 -0.0068263675645986706 0.00012775317241017631 0.023342135374410659 0.010669371600589143 0.029240965146215787 -0.014802434580567649 0.0032752544610954058 -0.021977190767344706 0.018520405893032527 0 0.02733022172366862 -0.0030356332223894196 -0.0025635046779228488 0.028378332053574103 -0.014365472487232456 -0.020936383471898322
leaf_weight=8.069511681795122 9.8235974609851855 9.1184853017330152 5.2038905769586572 6.7811223566532117 9.2624668478965742 6.3573419749736804 9.1591952145099658 9.6504465639591235 12.132420152425764 7.821401625871661 9.4965346753597242 10.935774818062781 7.7358230948448181 6.9727901220321646 6.4174348711967459 9.7319412082433683 17.106481984257698 6.8264392018318167 10.104902312159536 6.9107007682323482 15.13376569747925 11.23307019472122 34.243040859699249 6.2135871946811667 10.611565500497823 6.1352019011974326 6.7517299205064765 9.3383732885122281 12.015575021505354 14.85574045777321 9.4534826278686506 6.4310936778783789 12.161525368690492 8.3664693832397443 5.4935016036033621 7.6363238990306845 6.91108238697052 8.0853284299373609 8.0088071227073687 5.2151551097631446 7.5653725415468225
leaf_count=24 29 31 20 22 28 20 28 28 36 24 28 32 26 23 20 35 62 22 33 23 53 39 118 20 35 20 21 29 35 42 33 22 50 23 20 22 21 31 23 21 29
internal_value=1.36979e-05 -0.00305254 -0.00417215 0.00574117 0.0102439 0.00130215 0.00492196 0.0122272 0.0135368 -0.00132318 0.00599866 0.00366592 -0.0104167 -0.00269206 -0.0016929 -0.00364568 -0.0045992 -0.00799333 0.00100568 0.00520009 -0.00138194 -0.00242921 0.00101975 0.00433779 0.0072939 0.0111615 0.0158727 0.0150144 0.0178846 0.0221513 -0.0161512 -0.0074872 -0.0123398 0.010634 -0.0117458 0.0188144 -0.0125744 -0.01607 0.0208484 -0.0085834 -0.0165225
internal_weight=397.478 258.658 240.468 138.821 67.2715 71.5493 57.8571 26.446 58.009 31.4111 17.3179 19.0053 14.0932 205.887 187.624 142.931 136.513 85.2936 51.2197 41.4877 25.2387 52.3026 41.0695 44.6937 38.4801 31.5073 25.3721 16.2491 39.0037 26.8713 32.9911 15.8846 34.5805 18.1901 18.2628 17.2868 13.6922 25.462 18.6204 13.3005 12.7693
internal_count=1301 885 833 416 197 219 176 78 169 98 52 56 46 700 631 489 469 296 173 138 86 179 140 142 122 99 79 52 113 77 117 55 133 52 69 50 43 102 58 52 49
is_linear=0
shrinkage=0.03


Tree=72
num_leaves=41
num_cat=0
split_feature=46 13 19 23 42 53 55 20 38 16 46 59 50 54 54 46 16 60 46 52 46 47 23 46 5 39 47 20 35 20 39 43 47 31 33 24 16 35 50 19
split_gain=6.82431 4.3146 6.18685 3.85167 3.38427 3.12049 3.53601 4.89429 3.58321 2.82664 4.90282 2.70905 4.11896 2.68606 3.79431 2.67739 2.663 4.484 2.59664 2.5008 3.01388 2.44045 4.68762 2.61741 2.43333 2.34209 2.20353 1.99724 1.95532 1.84249 1.81218 1.68196 1.53077 1.46948 1.36464 1.20909 1.17922 1.03712 0.859733 0.294208
threshold=1.5963330010878842 1.171856362234726 -0.48193110116278959 0.2242493725203937 -0.22345371730715313 -0.94471409025037267 -0.65421172673544215 1.2974675076778535 1.1186503440636444 0.78289510632244819 0.65887041778259003 -0.90611567511499869 -0.64230166770173913 -1.1700329605177135 -0.93930199267584746 -1.3280281816935362 0.2540014435163323 310.50000000000006 0.12327616030684026 1.0000000180025095e-35 0.055635846947793922 0.76596582067255503 0.63217503478134163 -0.06707621822227687 0.30550131968158506 -0.26098238623060588 -1.009314649960831 -0.535186481065413 1.1149617262885154 0.51204436964502487 0.28366823997278828 0.24287503638413829 1.5650780862508427 -0.36821410244001085 0.57453633371377011 -1.1664220172588151 -1.3950353857408495 1.3340637889577025 -0.43039993835472184 -1.0715975759232521
decision_type=2 2 2 2 2 2 2 2 2 2 2 2 2 2 2 2 2 2 2 2 2 2 2 2 2 2 2 2 2 2 2 2 2 2 2 2 2 2 2 2
left_child=1 2 3 11 -3 30 24 8 9 16 18 38 29 35 -15 -6 17 -8 -11 20 -16 22 -5 -24 33 -18 37 -21 -10 -13 34 -9 36 -7 -4 -14 -17 -2 -1 -23
right_child=26 4 5 21 15 6 7 31 28 10 -12 12 13 14 19 32 25 -19 -20 27 -22 39 23 -25 -26 -27 -28 -29 -30 -31 -32 -33 -34 -35 -36 -37 -38 -39 -40 -41
leaf_value=-0.0011843301287682247 -0.025598810352875014 0.022437015073892147 -0.023683902885029928 0.018562080719260198 -0.010049330911665396 0.018306229412393522 0.011134065570133057 0.0010197409377405552 -0.002920845091580423 0.0039866490060960292 0.018493802812441409 0 0.022290702319889482 -0.014436728291500214 0.0059144356007366028 0.0037836262119447022 -0.0032422539413293904 -0.0072149347754290475 -0.014946020075518955 0 -0.015382656605221035 0.023424488378714733 -0.012553350805923501 0.0064306252674351978 -0.005230976123311983 -0.019536175386142135 -0.00012252998232281485 0.017446189054918897 -0.024118604874920551 -0.020290809674638817 0 0.020261899912134847 -0.0014546570127374062 0.0023678214712548593 -0.0052084953239717709 0.0051022282090478774 0.018286706993574944 -0.0075990276402731561 -0.016152192481598646 0.010066233467667407
leaf_weight=7.2050990164279929 11.07529023289681 11.307233393192289 11.541931152343755 13.231543332338331 7.7476824522018424 12.391239374876021 14.79189348220825 9.3132272958755511 7.1021834611892727 13.171088874340059 11.2355939745903 8.6026455461978895 9.5237348973751086 8.6036247313022596 15.726248502731325 11.749375075101849 15.605995655059813 43.033502340316772 10.020966768264769 9.0520408153533882 7.5904757380485526 10.57431545853615 11.209042191505432 11.701727509498596 9.3687270879745466 19.319354772567749 7.7824234068393698 16.966849774122245 12.220130771398543 7.0934697687625876 7.8540035784244528 7.2573531270027152 9.5169544517993909 10.695666790008547 7.7589699029922476 8.9254472255706769 11.8313182592392 7.4763384461402884 8.2288836240768415 8.4986609816551191
leaf_count=20 34 31 33 36 21 34 41 26 20 38 31 24 26 24 43 32 44 122 29 25 21 29 31 32 26 56 23 46 37 20 22 20 26 30 22 25 32 23 23 23
internal_value=-7.14468e-05 0.000829051 -0.000264409 0.00414352 0.00880319 -0.00351862 -0.00210899 -0.00393657 -0.00573183 -0.00373239 0.00339085 0.000735843 0.00277474 0.0057193 0.00226361 0.00422615 -0.00645198 -0.00225723 -0.00436189 0.00563405 -0.00128752 0.0104784 0.00528135 -0.00281211 0.00666515 -0.0128535 -0.0144881 0.0117869 -0.0173869 -0.0104555 -0.0128174 0.0107615 0.00803207 0.0117613 -0.0174564 0.0152848 0.0119581 -0.0197552 -0.0102429 0.0189318
internal_weight=463.902 437.568 385.416 162.734 52.1526 222.682 195.527 163.071 146.501 127.178 34.4276 107.519 92.0845 76.3884 57.9392 40.8453 92.7507 57.8254 23.1921 49.3356 23.3167 55.2153 36.1423 22.9108 32.4556 34.9254 26.3341 26.0189 19.3223 15.6961 27.1549 16.5706 33.0976 23.0869 19.3009 18.4492 23.5807 18.5516 15.434 19.073
internal_count=1301 1221 1079 448 142 631 554 464 418 361 98 297 254 210 159 111 263 163 67 135 64 151 99 63 90 100 80 71 57 44 77 46 90 64 55 51 64 57 43 52
is_linear=0
shrinkage=0.03


Tree=73
num_leaves=34
num_cat=0
split_feature=50 53 42 53 38 14 59 56 37 38 9 46 46 27 47 55 55 46 24 57 28 61 7 41 35 55 41 55 34 35 36 14 54
split_gain=3.232 2.72193 3.48246 3.22915 4.33986 3.51436 3.0749 2.85585 3.19166 3.46535 3.40611 2.69086 2.58774 2.49289 4.3982 3.2771 2.64609 2.52778 2.43402 2.17808 3.11434 2.58481 2.55141 2.38312 2.32778 2.12852 1.8713 1.79314 1.77773 1.47954 0.835286 0.806296 0.54756
threshold=1.6886173551154515 1.4896964696223387 -0.4742307595470549 -0.33611145028219497 -1.818431295353155 0.77299019760987397 -1.5280394384094398 1.0177318272365508 0.13531124961836907 -0.71249314717769341 0.014618948403036626 1.44615381273781 -0.026249625057248472 0.86051465813719885 -1.2215808843492839 0.84919848526873265 0.51099872523404344 0.073984865358737259 -0.64943616159482009 1.0000000180025095e-35 -1.1772092017404867 445.00000000000006 -0.68188684233800501 0.88282036642780615 0.45765553828095401 0.82019176682584571 1.0000000180025095e-35 -0.1110087230880774 -0.21531113915850472 0.23855347561176662 0.72694471809073213 1.5622455528076966 -0.063424279791320176
decision_type=2 2 2 2 2 2 2 2 2 2 2 2 2 2 2 2 2 2 2 2 2 2 2 2 2 2 2 2 2 2 2 2 2
left_child=1 3 -3 4 -1 19 29 11 10 -10 12 13 -9 14 -8 16 -16 25 -13 21 -21 23 -22 24 28 -15 -23 -24 -6 -5 -4 -7 -2
right_child=32 2 30 6 5 31 7 8 9 -11 -12 18 -14 17 15 -17 -18 -19 -20 20 22 26 27 -25 -26 -27 -28 -29 -30 -31 -32 -33 -34
leaf_value=-0.016680833709424595 -0.020096062583175457 -0.0062052088633560787 0.025535876954911892 2.5476598513307249e-05 -0.00053633383594226219 -0.016230687900799463 0.017244993094707842 0.016970182114922579 -6.5505410083118278e-05 0.027483523491771855 -0.017919387440210901 -0.0082279806462077151 -0.0047118428598270992 -0.015245037129335068 -0.0052557436053585647 0.010795993277867656 -0.020473490054735893 -0.020900735350055398 0.013489985912788403 -0.0029565197400166394 0 -0.01569442959635085 0.028240268736519157 -0.0061386369966340932 0.025035985901110412 0.0069511405548861533 0.0035739540293777748 0.0072973368792243736 0.011817226390978472 0.01827979764686374 0.0073249105020995334 0 -0.0044039799803375808
leaf_weight=7.1022428423166266 6.2382484823465347 6.2051042616367367 7.277692109346388 8.3815118521451932 17.932239532470696 5.624975770711897 6.530781850218772 7.1144515573978451 7.0910829156637192 7.0285412520170194 7.298394337296485 5.6959753185510662 9.8875530958175677 5.3239811509847659 92.868470788002014 8.4159002006053907 10.924071714282034 17.447845831513405 11.274335503578184 7.5522553026676169 6.2433909922838238 7.8432463854551298 14.138000324368479 8.9940354079008085 6.3299784064292899 7.307688444852829 7.171343207359314 7.728469878435134 20.735400438308723 7.5280888676643363 6.92962646484375 5.69762322306633 5.7621564716100675
leaf_count=29 24 21 22 29 63 20 22 23 27 22 27 20 35 20 333 27 40 64 36 25 21 28 44 31 20 25 24 25 68 24 22 20 20
internal_value=6.4563e-05 0.000613049 0.0108651 -2.39084e-05 0.00382273 0.00532618 -0.00221338 -0.00324638 0.0039254 0.0145862 -0.00252436 -0.00496454 0.00467692 -0.00627753 -0.00414838 -0.00565735 -0.00718323 -0.0138961 0.00579943 0.00709515 0.0130503 0.00372031 0.0174853 0.00681095 0.00964286 -0.00260467 -0.00663934 0.0220386 0.00613276 0.00983844 0.0185832 -0.0094756 -0.0143322
internal_weight=375.625 363.624 20.4124 343.212 123.093 115.991 220.119 204.209 38.42 14.1196 24.3004 165.789 17.002 148.819 118.739 112.208 103.793 30.0795 16.9703 104.668 35.6621 69.0062 28.1099 53.9917 44.9976 12.6317 15.0146 21.8665 38.6676 15.9096 14.2073 11.3226 12.0004
internal_count=1301 1257 65 1192 418 389 774 721 134 49 85 587 58 531 422 400 373 109 56 349 115 234 90 182 151 45 52 69 131 53 44 40 44
is_linear=0
shrinkage=0.03


Tree=74
num_leaves=42
num_cat=0
split_feature=5 48 54 45 2 19 54 59 34 18 52 44 28 41 20 55 33 39 39 45 12 45 30 56 9 16 19 39 34 9 28 21 59 16 28 48 20 3 41 12 37
split_gain=7.43863 4.28345 3.2802 4.40118 4.29504 3.00183 2.82633 3.88801 2.45448 2.39293 2.97105 1.92696 2.06993 4.06016 3.29714 3.19466 3.29597 2.73291 3.34641 2.7032 2.47037 4.71972 3.10558 2.40108 2.71854 2.23823 2.00309 1.73759 1.68047 1.64866 1.65746 1.58993 1.58373 1.37826 1.30868 1.04786 0.796665 0.704149 0.584054 0.523042 0.494574
threshold=-0.2334359969999962 -1.3286572504363161 0.0041170921132025629 0.20199545630518687 -0.56287570063821457 -1.3074641658274369 -0.87534059785651019 1.0000000180025095e-35 -0.97715757564797212 0.55292915495273431 1.0000000180025095e-35 1.3276387123573357 -1.1772092017404867 0.56381581693883687 0.51204436964502487 0.12407634434393279 1.3361136308600312 1.4940029648692204 0.41983089652363698 1.0216331540206693 -0.10279142463249975 0.40972170080752929 0.26373978707126716 1.0000000180025095e-35 0.11157908303616872 -0.33156422818425285 -0.95366428097115963 -0.94179566898484857 -0.40577274828087162 -0.44106244012082257 0.41690911360103705 -0.8302271271854853 0.33773185147388385 0.054747091205873163 0.41690911360103705 -0.52774964166582572 0.51204436964502487 0.43872759250501092 -0.71220238101703992 0.023305221371035589 0.37687153783213739
decision_type=2 2 2 2 2 2 2 2 2 2 2 2 2 2 2 2 2 2 2 2 2 2 2 2 2 2 2 2 2 2 2 2 2 2 2 2 2 2 2 2 2
left_child=2 34 6 4 35 31 7 27 -9 38 37 12 13 14 -7 16 20 18 23 26 21 25 33 28 -25 -14 -20 -1 -17 30 -5 -3 -23 -22 -2 -4 -33 -11 -8 -12 -38
right_child=1 5 3 29 -6 11 9 8 -10 10 39 -13 15 -15 -16 17 -18 -19 19 -21 22 32 -24 24 -26 -27 -28 -29 -30 -31 -32 36 -34 -35 -36 -37 40 -39 -40 -41 -42
leaf_value=0.00042577577229358437 0.016480884108935969 -0.00055773171787914177 -0.005909467430521593 -0.0071134446608510883 -0.023079808218505651 -0.014103270750537723 0.030210687956939385 0.017920807526656615 -0.0012454783434708273 0.0059024537988497643 -0.0063485943388605975 0.009045663930032052 -0.0017767699009459254 0.018358554112952764 0.0091538087921540917 0.00037132574412089656 0.0085956896638488545 -0.01680226160158926 0.0015291696023222994 -0.0043988261396231097 -0.0079354565531537542 -0.0025967490482701706 0.0037736132864710473 -0.0048469922157688859 0.014923026149043823 0.021455054740361426 0.02293785067723007 -0.019138271397329352 -0.018066496385253646 0.019805458042026824 0.0094540262115989128 -0.021803126380717987 -0.021563174332281217 -0.019914148578708664 0 0.0073315555908680342 -0.013233711910832741 0.021975149196394334 0.013304565499774568 0.0036078255563490808 -0.00073363940266580913
leaf_weight=7.1518774628639221 10.702895164489748 9.1144130080938321 9.5245083123445529 7.2090004682540956 9.5296109169721586 11.055708840489393 7.4856299161911037 12.754508376121519 9.1352725923061389 6.7816366553306606 7.8838016390800458 10.325179114937781 5.913047581911087 9.6589217633008939 8.1045059561729413 6.0086752027273205 8.0731782019138318 6.1440056860446921 6.8245978951454207 6.8522691577672949 18.433842301368713 9.4482212364673632 7.1078213006258002 14.323552608489992 8.7034403383731824 6.3147799074649829 11.705635905265808 6.3903042078018171 10.435146510601042 6.7701856195926657 12.386591643095015 11.956683754920961 7.4640181660652152 32.447081863880157 7.5160408020019522 8.9073397517204302 7.009655222296713 8.841982886195181 10.574712276458738 7.5747846662998199 6.2069134116172791
leaf_count=21 30 31 30 22 33 39 21 36 27 20 24 33 20 33 26 20 25 22 23 23 67 31 24 47 27 20 37 20 37 20 36 50 27 119 22 27 28 25 31 23 24
internal_value=7.28986e-06 -0.00298872 0.00558418 -7.66698e-05 -0.00826192 -0.00409068 0.00922816 0.00240668 0.0100987 0.013811 0.00783602 -0.0026339 -0.00334712 0.00381617 -0.00402507 -0.00464805 -0.00819702 9.92218e-05 0.00213448 0.0103747 -0.00993984 -0.00238992 -0.013477 -0.00320395 0.00283645 0.0108171 0.0160577 -0.00939511 -0.011527 0.00836611 0.0030022 -0.0121714 -0.012368 -0.0160404 0.0104096 0.000258532 -0.0158836 0.0164772 0.0223979 -0.00122851 -0.00844412
internal_weight=396.752 257.85 138.902 54.3272 27.9615 239.631 84.5745 35.432 21.8898 49.1425 31.0822 205.344 195.018 28.8191 19.1602 166.199 95.202 70.9973 64.8533 25.3825 87.1288 29.1401 57.9887 39.4708 23.027 12.2278 18.5302 13.5422 16.4438 26.3658 19.5956 34.2877 16.9122 50.8809 18.2189 18.4318 25.1733 15.6236 18.0603 15.4586 13.2166
internal_count=1301 885 416 168 90 833 248 104 63 144 92 700 667 98 65 569 333 236 214 83 308 98 210 131 74 40 60 41 57 78 58 133 58 186 52 57 102 45 52 47 52
is_linear=0
shrinkage=0.03


Tree=75
num_leaves=42
num_cat=0
split_feature=48 18 44 33 61 23 24 45 12 46 25 26 48 55 38 46 33 26 25 6 46 34 29 55 34 61 56 30 10 57 57 61 34 25 29 46 50 45 33 45 45
split_gain=6.53853 4.24387 2.94907 3.59022 3.04062 2.60437 3.87465 3.59657 2.92954 2.8078 2.58437 3.68663 4.23451 3.44031 2.98754 2.86263 3.15259 2.52214 3.01546 2.39266 2.20197 2.16475 2.15941 5.2985 2.10137 1.96712 1.78262 1.75594 1.67871 1.49672 1.44878 2.80437 1.41304 1.23693 1.44864 1.23306 0.865178 2.00347 0.66281 0.662224 0.564205
threshold=-1.3499713332037391 0.36712077304761254 -0.89964428542073438 1.3361136308600312 737.00000000000011 -1.0403201804885438 -0.26169676984682394 -0.14257905442404087 -0.088150875180910027 -0.5253873063076101 -1.1151362907712672 1.2368703255909363 -0.1959757275544807 0.48229725169126353 1.2818215462534666 0.46428186751987449 0.57453633371377011 -0.30610024451592605 1.0000000180025095e-35 -0.55247901298930646 0.055635846947793922 -0.24251994046170008 0.73892769020725491 -0.73814331946010103 1.0000000180025095e-35 320.00000000000006 1.0000000180025095e-35 -0.97886811845644306 0.28908692075273962 -0.56422382789011649 -0.56422382789011649 430.00000000000006 -0.68693036174722266 -0.36788297411228221 1.0000000180025095e-35 1.1738652860833949 -0.21849820900770453 0.21805180034894062 -0.40051338763257899 0.122601605367247 0.1532939552628976
decision_type=2 2 2 2 2 2 2 2 2 2 2 2 2 2 2 2 2 2 2 2 2 2 2 2 2 2 2 2 2 2 2 2 2 2 2 2 2 2 2 2 2
left_child=30 2 22 4 5 9 7 21 -9 -4 -3 12 13 15 24 16 -12 -8 25 -20 -10 -7 23 26 32 -19 -2 40 -17 -5 31 -1 -15 34 -14 -32 39 -38 -25 -35 -24
right_child=1 10 3 29 -6 6 17 8 20 -11 11 -13 33 14 -16 28 -18 18 19 -21 -22 -23 27 38 -26 -27 -28 -29 -30 -31 35 -33 -34 36 -36 -37 37 -39 -40 -41 -42
leaf_value=-0.016453646970570581 0 -0.017850962976437977 0 0 -0.013532633708883711 -0.0025738664991297204 0.017565939541518277 -0.0093991629522801497 0.020266139762469212 0.020867598607381195 0.010342311264828642 0.016648827921701147 0.006450740778859796 -0.012230157860616682 0.0090680664960398113 0.0045248820001546211 -0.011816808850004384 0.015123488438645801 0.0064957503355047193 -0.011103009270207052 0 -0.02138781392571628 0.0232663226764942 0.0053633999748072796 -0.022461172348036504 0.0035722305231309075 -0.019119882431781306 0.0017558126663053059 0.024534669816956151 -0.017130862982351128 -0.0074835794428921264 0.0071026462622830232 0.0041643173522328547 -0.02463345839117078 -0.010402770194077711 -0.023200650989848692 0.0029151539582777516 -0.014939574575004014 0.019237843805837505 -0.0086229392667356974 0.010470530255597557
leaf_weight=6.6424315869808188 7.6286430358886701 8.8211402893066388 9.4438371360301989 7.1980018913745907 8.4885464906692487 11.515684992074968 11.542272359132765 9.9206812381744403 7.7045550346374538 13.184167385101317 10.426858931779863 7.2671024203300467 7.4556281566619855 7.2136507630348232 7.5218822062015525 8.8109351396560687 9.6858721971511823 16.600590080022812 9.0770550966262835 18.182547599077225 9.4719747304916364 11.905006319284437 11.685750037431719 9.1645070016384107 7.8365561366081229 65.28471976518631 7.2765810489654541 9.8404590189456922 8.5155612826347333 10.984997600317 12.596917718648912 8.5905459523200971 8.4425076842308062 7.9110653996467617 7.6549289524555206 11.296300470829008 8.6957496702671069 11.043430358171461 8.4186770617961901 8.5531212091445905 13.457417786121367
leaf_count=20 21 26 26 20 24 32 32 28 21 36 29 20 21 21 22 25 28 45 25 51 26 33 32 25 23 179 20 27 23 31 36 25 24 24 22 35 25 33 23 25 37
internal_value=-7.52659e-05 0.00101032 0.00307854 0.00134262 0.00253955 0.00337263 0.00201106 -0.00481113 0.00244568 0.0126603 -0.00331578 -0.00206326 -0.00344001 0.00137933 -0.00575325 0.00743605 -0.000130943 0.00493984 0.00333034 -0.0050011 0.00981363 -0.0130897 0.00851213 0.00252413 -0.0109982 0.0062159 -0.00988837 0.0135762 0.0158492 -0.0108494 -0.0115857 -0.0033648 -0.00344865 -0.0098393 -0.00189435 -0.0160822 -0.0127889 -0.00714111 0.0133108 -0.0180645 0.0176179
internal_weight=462.959 423.833 287.977 220.505 202.322 193.833 171.205 50.5179 27.0972 22.628 135.856 127.035 119.768 68.4538 31.0146 37.4392 20.1127 120.687 109.145 27.2596 17.1765 23.4207 67.472 32.4884 23.4927 81.8853 14.9052 34.9836 17.3265 18.183 39.1262 15.233 15.6562 51.3139 15.1106 23.8932 36.2034 19.7392 17.5832 16.4642 25.1432
internal_count=1301 1185 794 609 558 534 472 140 75 62 391 365 345 195 90 105 57 332 300 76 47 65 185 89 68 224 41 96 48 51 116 45 45 150 43 71 107 58 48 49 69
is_linear=0
shrinkage=0.03


Tree=76
num_leaves=31
num_cat=0
split_feature=50 40 14 3 41 36 53 27 55 42 2 53 46 23 14 2 1 14 55 27 41 50 26 24 20 45 19 38 45 1
split_gain=3.14716 3.15773 2.7062 2.75471 2.69324 2.92923 2.83346 4.61088 4.23083 3.19205 3.05412 3.26308 2.62581 2.532 2.26622 2.81672 2.79013 2.99776 2.10801 2.06927 2.05707 1.97985 1.94327 1.82957 1.04649 1.03239 0.971394 0.889232 0.696244 0.370926
threshold=1.6886173551154515 -0.83654120449738645 -0.48471737765557016 -0.78853255141298972 -1.031206930506009 -0.7685141304256049 1.4896964696223387 0.86051465813719885 1.7007328384650211 -0.4742307595470549 0.9539076879223477 -0.33611145028219497 0.20148761119557601 -1.325868144071207 -0.9587673239544191 0.24318632871111298 -0.093524292260378852 0.96082677924798277 -1.3808660256957161 -1.0000000180025095e-35 1.0000000180025095e-35 1.0000000180025095e-35 -0.17751936367368756 -0.26169676984682394 -0.535186481065413 0.93839536573482241 -0.71779769106697455 0.30279433311453324 0.1083673580041017 -0.31012438879916387
decision_type=2 2 2 2 2 2 2 2 2 2 2 2 2 2 2 2 2 2 2 2 2 2 2 2 2 2 2 2 2 2
left_child=1 2 3 20 5 -3 7 10 9 -9 14 -12 27 -7 -6 16 17 -16 26 -20 -1 -17 29 -8 -18 -22 -4 -11 -2 -15
right_child=28 4 18 -5 6 13 23 8 -10 12 11 -13 -14 22 15 21 24 -19 19 -21 25 -23 -24 -25 -26 -27 -28 -29 -30 -31
leaf_value=-0.014467971032881919 -0.02032143548971754 0.010728186472826886 -0.0069412409259987512 0.015992147757771469 0.018218503249009317 0.0031990175626077765 0.023907425943115575 0.0065602246635302792 0.013379675712229911 0.0041734131909365755 0.0049420606269170043 -0.020579245449762612 -0.021053748647388206 -0.0073506116112430943 0.0056942314479556094 0.0037581369725407663 0.0057623304845588544 -0.010276762744511834 -0.019458156056108938 -0.00066401165196934553 0.011009752368893485 -0.014864110020374646 -0.00024720359793480452 0.0034048197082323845 0.024734848855105546 -0.0043810347879901877 0.0077293734200565394 -0.0089772818460377608 -0.0035233886992373877 -0.022465966957951822
leaf_weight=7.9373190402984681 6.3429677933454496 7.2208401858806601 7.1054070889949799 7.4321545511484137 10.776907205581663 10.310455948114393 8.0171800851821917 7.4414105117321006 7.046007275581359 6.1050226092338553 7.6815213114023209 7.3414652943611127 17.970063015818596 5.4866181910038021 119.51065395772457 8.0512306392192841 6.60178042948246 9.9782133847475034 19.384850472211838 8.1031867861747759 6.4673137515783292 9.4016209840774536 7.8905754685401943 9.0094754397869092 7.9979256391525251 5.8466163575649261 6.1935833245515806 9.4645402580499631 5.5671941787004471 11.437701255083082
leaf_count=32 24 25 27 25 36 36 24 26 22 21 26 29 66 20 396 27 22 35 75 29 23 33 28 29 25 21 21 34 20 44
internal_value=6.61296e-05 0.00060647 -0.0051048 0.00191334 0.00197262 -0.00485777 0.00316417 0.00222931 -0.0058879 -0.00969734 0.00437226 -0.00790263 -0.013602 -0.0085338 0.00553588 0.00449316 0.00589826 0.00431414 -0.00990902 -0.0144459 -0.00372422 -0.00633931 -0.0135412 0.0145366 0.0178646 0.00358568 0 -0.00355562 -0.0141893 -0.0188888
internal_weight=375.122 363.212 68.4704 27.6834 294.741 42.3462 252.395 235.368 48.027 40.981 187.341 15.023 33.5396 35.1254 172.318 161.541 144.089 129.489 40.787 27.488 20.2512 17.4529 24.8149 17.0267 14.5997 12.3139 13.299 15.5696 11.9102 16.9243
internal_count=1301 1257 253 101 1004 153 851 798 169 147 629 55 121 128 574 538 478 431 152 104 76 60 92 53 47 44 48 55 44 64
is_linear=0
shrinkage=0.03


Tree=77
num_leaves=41
num_cat=0
split_feature=5 47 54 45 2 32 19 54 59 18 52 32 14 35 55 28 44 37 25 20 42 32 37 26 58 45 29 37 39 21 46 16 52 44 32 19 12 37 32 41
split_gain=7.06556 4.11498 3.16434 4.22734 4.18507 3.23408 2.91508 2.72483 3.72426 2.28246 2.85238 1.92331 1.88478 2.4802 4.81469 3.11463 2.32714 3.20857 5.28648 3.48758 2.29732 2.19813 2.13473 2.10087 2.02003 3.31368 1.82073 1.75921 1.6947 1.55885 1.46426 1.41794 1.36969 1.26971 1.19347 1.14888 1.01487 0.797035 0.656745 0.568177
threshold=-0.2334359969999962 -1.2881230599495297 0.0041170921132025629 0.20199545630518687 -0.56287570063821457 0.97404665196679119 -1.3074641658274369 -0.87534059785651019 1.0000000180025095e-35 0.55292915495273431 1.0000000180025095e-35 -0.74957694586893819 -1.7038972924204276 -0.85695683773416886 -0.13692996455599205 -1.1772092017404867 -0.49749596637747195 -0.83092990323670424 -0.36788297411228221 -0.79699419374302249 1.0000000180025095e-35 -0.24510174650238337 1.0747123704496906 1.0000000180025095e-35 -0.84553114790396355 0.74504978081089279 1.0000000180025095e-35 -1.0859102074623486 -0.94179566898484857 -0.8302271271854853 0.5213859715460144 0.18700310279130408 1.0000000180025095e-35 0.33773515778930435 -0.24510174650238337 1.0000000180025095e-35 0.075660267161062486 1.0747123704496906 -0.49733934618566072 -0.71220238101703992
decision_type=2 2 2 2 2 2 2 2 2 2 2 2 2 2 2 2 2 2 2 2 2 2 2 2 2 2 2 2 2 2 2 2 2 2 2 2 2 2 2 2
left_child=2 33 7 4 36 30 29 8 28 39 38 -10 26 15 24 21 31 27 19 -19 22 -14 -17 -20 -15 -26 -8 32 -1 -3 -5 -16 -18 -2 -12 -22 -4 -31 -11 -9
right_child=1 6 3 5 -6 -7 12 9 11 10 34 -13 13 14 16 20 17 18 23 -21 35 -23 -24 -25 25 -27 -28 -29 -30 37 -32 -33 -34 -35 -36 -37 -38 -39 -40 -41
leaf_value=0.00041182098932018358 0.0016189310622858174 -0.0005058534492902605 0.0055107948685214252 0.0015357899590828295 -0.022892607974674298 -0.0082585054579017558 0.00087161952004250018 0.029545396223038436 0.016520682225303202 0.022291321838536465 -0.0097639859727961294 -0.00050978526397877982 0.00060842218759873154 0 -0.018482362570679714 0.016053816137749744 0.0085642891151128178 -0.016673044725514532 0.007527830606178695 0.0046796784762997493 -0.019203749327120306 0.025379858608857924 -0.0040120134772553022 0.02635087874520119 -0.019156497245096275 0.00089290901931430211 -0.01775781909507548 -0.015032636463090308 -0.01893072631541904 -0.018606230145495447 0.019617092217422381 0 -0.0063149405454235212 0.017891298043005884 0.005465936467057046 -0.0005217385841651338 -0.0079543232528811025 -0.0033810617352141993 0.0067633742621717816 0.012968705367860427
leaf_weight=7.1534707546234131 9.8498796820640582 9.0989643484354001 11.921330839395528 7.0519135892391267 9.4239655435085279 6.5707676112651816 6.1815544664859798 7.5181830227375057 13.126867175102232 7.7976402342319489 6.8725143373012534 8.8187498599290866 5.9909161627292633 10.572039633989332 7.0057605206966382 7.8627480864524868 8.1439644694328326 8.5752523392438906 15.611828446388246 19.83256496489048 5.223413482308386 7.3656924664974195 8.0471679270267469 10.06772395968437 28.104135721921921 8.9807668924331647 11.863425746560095 9.4059446752071398 6.3403407931327802 19.145443588495258 12.802459627389906 7.5667859613895416 11.674166470766066 8.3967124819755536 8.578539699316023 6.6976417452096939 6.5084393024444571 5.7556648403406134 7.8686231225729006 10.615773528814314
leaf_count=21 29 31 36 21 33 21 22 21 37 22 21 26 20 36 24 25 26 30 49 68 20 23 28 30 102 30 47 32 20 80 36 26 39 23 26 23 21 22 23 31
internal_value=1.01941e-05 -0.00291754 0.00544099 -0.000121255 -0.00816992 0.00813081 -0.00400244 0.00901556 0.0023153 0.0135077 0.00766341 0.00982638 -0.00256773 -0.00158873 -0.00344955 0.00473628 0.000333095 0.00236918 0.0066828 -0.00207824 -0.000933733 0.0158561 0.00608874 0.0161752 -0.011114 -0.0142997 -0.0114919 -0.00535559 -0.00926113 -0.0120007 0.0140349 -0.0100687 0 0.0102012 -0.00121883 -0.0103861 0.000213775 -0.0157064 0.0161142 0.021879
internal_weight=395.99 257.02 138.97 54.2789 27.8537 26.4251 238.774 84.6907 35.4394 49.2513 31.1173 21.9456 204.773 186.729 145.541 41.1876 97.884 83.3114 54.0874 28.4078 27.831 13.3566 15.9099 25.6796 47.6569 37.0849 18.045 29.2241 13.4938 34.0001 19.8544 14.5725 19.8181 18.2466 15.4511 11.9211 18.4298 24.9011 15.6663 18.134
internal_count=1301 885 416 168 90 78 833 248 104 144 92 63 700 631 492 139 324 274 177 98 96 43 53 79 168 132 69 97 41 133 57 50 65 52 47 43 57 102 45 52
is_linear=0
shrinkage=0.03


Tree=78
num_leaves=42
num_cat=0
split_feature=48 19 18 45 1 60 25 36 45 47 54 47 43 54 45 23 54 49 52 33 40 31 47 9 53 57 2 39 58 42 44 27 19 2 57 42 43 27 24 47 36
split_gain=6.23538 4.80853 5.36067 3.75533 3.50536 3.24876 3.06574 3.01599 4.65272 3.4559 4.55171 4.89964 3.30534 2.89175 2.65752 2.7179 2.51497 2.48619 2.41024 2.64786 2.26071 2.20809 4.40763 2.16512 2.06833 3.78911 2.50165 2.03555 2.84331 1.91157 1.9016 1.7633 1.70907 1.6005 1.4094 2.88492 1.38958 1.22975 0.809083 0.803056 0.750551
threshold=-1.3499713332037391 -1.1895308708753445 -0.71200924290998924 0.29112675636961222 -0.74332458187673323 333.00000000000006 0.28596367796432992 0.72694471809073213 -0.97461884751835381 -0.64802350049259083 -0.11704895811683026 -0.3445021389687995 -0.72983611458011233 0.055387862008276105 -1.2958505787151369 -0.34684655464493291 1.3513872727986871 -0.42990859484836313 0.40603223384198273 -0.84476681096789796 -0.61648087955963893 1.0000000180025095e-35 0.7369802753931548 0.31682335854488725 -0.33611145028219497 1.0000000180025095e-35 -0.17717935326138584 0.28366823997278828 1.0000000180025095e-35 -0.22345371730715313 0.33773515778930435 -0.72795873118315402 0.57946855340604297 -0.350526026239736 -0.56422382789011649 -0.72500780178695667 -0.72983611458011233 1.1782093360012698 0.9015214053971653 -0.67154201942807046 0.72694471809073213
decision_type=2 2 2 2 2 2 2 2 2 2 2 2 2 2 2 2 2 2 2 2 2 2 2 2 2 2 2 2 2 2 2 2 2 2 2 2 2 2 2 2 2
left_child=34 6 13 4 29 23 21 8 14 30 12 -12 -11 36 17 -16 24 -6 19 -15 -8 -2 -23 33 26 40 -7 28 -9 -4 -10 -20 -33 -5 35 -1 -3 -36 -18 -30 -26
right_child=1 2 3 5 7 16 20 27 9 10 11 -13 -14 18 15 -17 38 -19 31 -21 -22 22 -24 -25 25 -27 -28 -29 39 -31 -32 32 -34 -35 37 -37 -38 -39 -40 -41 -42
leaf_value=0.0089294049070655426 0.020456088891668899 0.0050615611468397617 -0.0012907377936381692 0.005097342321093757 0.014813280176020157 0.0069857581266111182 0.010793299846879894 -0.011453307182098188 0.0061913722601376134 0.0089796084502620811 -0.0069088241327464042 0.01579416296235216 -0.0088151575600959233 0.0056087437502665982 -0.025602323914803531 -0.0020695921727169105 -0.0053096458666613867 -0.0070639014247230736 0.018887580581457196 -0.014928563517792384 -0.0081076496235912322 -0.0062607243305825367 0.01757555791603389 0.013491506827523961 -0.026740638391596336 -0.0024084216109702072 -0.01255248102366679 -0.015965080014565907 0 -0.019227936600763624 0.025814917651358609 -0.0065339015896971019 0.011434658632062767 -0.013211690430179465 -0.021266477154891099 -0.014869637571122009 0.024137153307823837 -0.0053724803481606798 0.0073683308992120149 0.013178432674059078 -0.01152446083245034
leaf_weight=7.3402394950389862 18.717856556177139 7.5878266990184811 11.740071773529055 6.8588524460792542 7.1521404385566703 9.0503481924533862 7.6524327695369747 11.275228619575502 10.507359176874163 12.100085616111754 9.891736298799513 34.056841343641281 28.131849855184555 9.8917382061481494 7.2587414681911477 10.759931206703186 7.2000240385532361 8.4489719569683057 8.7718376219272631 9.4913832545280439 13.406625628471373 12.086693108081819 12.728202164173124 8.8026146888732892 17.593661904335026 13.711148381233214 11.556422442197798 10.446376860141752 7.0070093572139722 10.170389682054518 10.727801471948622 8.070117384195326 7.7525014877319327 7.0454221963882464 14.170990258455278 7.8465636670589429 10.180054396390913 9.5596531033515912 7.6573703289031982 7.8245327472686768 9.8056099414825422
leaf_count=21 51 21 34 20 20 26 21 33 29 33 28 93 79 27 21 30 20 24 24 26 37 33 35 24 52 39 33 30 20 30 29 22 21 20 43 24 28 28 21 22 29
internal_value=-7.8432e-05 0.000980577 -0.000372587 -0.00206902 0.000304295 -0.00678403 0.00842028 0.00177336 0.00381451 0.0069195 0.00394257 0.0104929 -0.00318907 0.00754218 -0.00563014 -0.013096 -0.00971392 0.00303419 0.00301439 -0.00451045 -0.000712474 0.0128481 0.00604244 0.00283829 -0.0123335 -0.0161815 -0.00380826 -0.00567712 -0.000699374 -0.0105716 0.017418 0.00909309 0.00215146 -0.00417362 -0.0113497 -0.0032386 0.0173305 -0.0158016 0.000934164 0.00740966 -0.0223835
internal_weight=462.035 423.118 358.526 296.781 197.499 99.2815 64.5918 175.589 139.035 105.416 84.1805 43.9486 40.2319 61.7455 33.6198 18.0187 76.5746 15.6011 43.9776 19.3831 21.0591 43.5328 24.8149 22.7069 61.7172 41.1104 20.6068 36.5531 26.1068 21.9105 21.2352 24.5945 15.8226 13.9043 38.9174 15.1868 17.7679 23.7306 14.8574 14.8315 27.3993
internal_count=1301 1185 1008 839 555 284 177 491 386 291 233 121 112 169 95 51 220 44 120 53 58 119 68 64 179 120 59 105 75 64 58 67 43 40 116 45 49 71 41 42 81
is_linear=0
shrinkage=0.03


Tree=79
num_leaves=40
num_cat=0
split_feature=39 23 23 19 34 40 13 12 45 58 60 14 45 55 26 14 54 5 55 57 41 55 55 43 46 59 49 45 60 26 38 45 57 7 61 7 43 60 54
split_gain=2.91046 3.24322 2.67298 5.86696 2.86894 2.82411 2.94766 3.01285 3.60617 3.48063 2.8636 2.60309 2.58369 2.85276 2.55724 2.57674 2.46861 2.81599 2.26862 2.18409 5.67965 2.11301 2.09479 1.98977 1.97567 1.90571 3.34883 2.41979 2.08579 1.9182 1.87441 1.79909 1.74762 2.52817 1.48651 1.16116 1.00485 0.879746 0.0468973
threshold=-1.077958325535697 -1.325868144071207 -0.67318708445369091 -0.24606451125860465 -0.97715757564797212 -0.42677370288916744 0.42075247616611272 -1.6427183374726277 0.22437771338859949 -0.84553114790396355 359.00000000000006 0.094075867502748642 -0.10797533132285671 0.17211139009555673 -0.17751936367368773 -1.6114986602052872 0.91067994089960702 0.45640376835242791 0.48229725169126353 1.0000000180025095e-35 0.56381581693883687 -0.79724524152668985 -0.17659474751979823 0.24287503638413829 0.083297868767091818 0.33773185147388385 -0.42990859484836313 -1.2029175495348523 430.00000000000006 -0.94900464872711876 0.54755113639926634 -0.28700311293296571 1.4790752676841121 -0.15779670518826161 177.00000000000003 -0.59321827157219653 0.54427849161249775 207.00000000000003 0.13373972870049469
decision_type=2 2 2 2 2 2 2 2 2 2 2 2 2 2 2 2 2 2 2 2 2 2 2 2 2 2 2 2 2 2 2 2 2 2 2 2 2 2 2
left_child=25 12 3 22 -5 14 7 -7 10 18 38 23 13 -2 21 -16 24 -18 -10 20 -12 -4 -3 -11 -8 26 -1 -27 -28 -30 -24 -21 33 -17 -35 -13 -19 -36 -9
right_child=1 2 5 4 -6 6 16 8 9 11 19 35 -14 -15 15 32 17 36 -20 31 -22 -23 30 -25 -26 27 28 -29 29 -31 -32 -33 -34 34 37 -37 -38 -39 -40
leaf_value=-0.020903765985940733 -0.0097845593864431101 0.017015799737283708 0.018342222666199254 0.00083073534161403533 -0.020210120108211986 0.019912082480749254 0 0.01023556151980441 0.017591039187994425 -0.0080762683155889831 0.016123840273040767 -0.0036555136461279207 0.025985948677083631 0.015703656463092266 0.007241638330332114 0.003036787494138988 -0.011813544257785961 0.001631488407421141 -0.004117428449865383 -0.010976923497180838 -0.0088063576428303782 -0.001586604267359223 -0.011469936421465151 0.010177182291420934 -0.019600690610110005 -0.011897272268663647 -0.015384641744267298 0.0098494034141942202 -0.0076454146253155985 0.012671493476109574 0.0075099135174089048 0.0060300999410450012 0.0063456799145868419 0.0014303982388828985 -0.0041400244332263636 -0.022211050422531964 0.018979098679405997 -0.0170254454713159 0.023776564128567733
leaf_weight=14.133598968386648 6.1559424996376055 7.0981120318174389 6.9345829188823727 7.0427516698837307 20.570417180657387 11.451254785060881 8.6977168321609515 6.2495574802160254 9.476105332374571 9.8768324106931704 27.512920424342155 6.5331072807312003 6.624018430709838 6.5188210308551788 10.741703316569327 10.357153266668318 5.3879533261060741 6.8455421328544599 5.7519113570451728 10.061500027775766 10.027059003710745 9.4613394141197187 7.13555784523487 8.6388850510120374 9.3194396793842298 5.8430911898613003 5.523136809468272 10.624634757637976 5.563123106956481 8.4128442108631116 8.5780711919069272 9.0724064558744413 5.569543167948722 4.9604295790195456 8.5784536451101285 8.8273704051971418 6.155444860458374 29.791799157857895 8.56161120533943
leaf_count=56 21 23 23 25 78 37 30 20 30 33 88 22 20 20 38 36 19 24 21 34 33 33 25 28 34 22 21 37 20 30 28 31 19 18 32 32 20 114 26
internal_value=6.89973e-05 0.00113209 0.000329277 -0.00585478 -0.0148712 0.00160341 0.00386842 0.00595585 0.00435305 -0.0017829 0.00860016 -0.00716425 0.0126029 0.0031757 -0.00273513 -0.0052829 -0.00348024 0.00389855 0.00939872 0.00510764 0.0092287 0.00733786 0.00505681 0.000264938 -0.0110395 -0.00653448 -0.0105099 0.00145025 -0.00173524 0.00423948 -0.00100873 -0.00277005 -0.00777473 -0.00948095 -0.0126083 -0.0157022 0.0113723 -0.0145593 0.0198975
internal_weight=374.666 324.565 305.267 50.4249 27.6132 254.842 168.447 132.041 120.589 49.1042 71.4851 33.8762 19.2988 12.6748 86.395 69.9991 36.4061 18.3889 15.228 56.6739 37.54 16.3959 22.8117 18.5157 18.0172 50.1004 33.6327 16.4677 19.4991 13.976 15.7136 19.1339 59.2574 53.6878 43.3307 15.3605 13.001 38.3703 14.8112
internal_count=1301 1115 1054 179 103 875 562 435 398 166 232 115 61 41 313 257 127 63 51 186 121 56 76 61 64 186 127 59 71 50 53 65 219 200 164 54 44 146 46
is_linear=0
shrinkage=0.03


Tree=80
num_leaves=45
num_cat=0
split_feature=5 48 54 45 9 19 54 59 46 34 18 16 61 48 38 17 35 28 43 35 30 56 20 36 48 16 20 13 45 20 29 39 54 20 28 30 48 39 42 20 40 24 46 45
split_gain=6.72047 3.91088 3.02234 4.0768 4.05021 2.83618 2.62401 3.58302 2.44559 2.30223 2.19294 2.11051 1.97237 2.63997 2.66953 1.82369 2.3958 2.97293 3.61827 3.6189 2.59022 2.41046 4.53324 3.89979 3.50731 4.18256 1.84623 3.35056 2.4005 1.80367 1.77799 1.64234 1.53974 1.34463 1.27195 1.19983 1.1178 3.17699 0.939549 1.9564 0.638525 0.632213 0.357896 0.252692
threshold=-0.2334359969999962 -1.3286572504363161 0.0041170921132025629 0.24647271750939162 -0.64002486003667636 -1.3074641658274369 -0.87534059785651019 1.0000000180025095e-35 0.74391099807274286 -0.97715757564797212 0.55292915495273431 0.26833450457803815 430.00000000000006 -0.91899481866159605 -1.0000000180025095e-35 -1.7038972924204276 -0.85695683773416886 -1.1772092017404867 -1.0997403550876441 -1.3499364787398398 -0.44040469272776867 1.0000000180025095e-35 -1.0588019064206318 -0.51927098900621538 0.28487617994717879 0.22172792870124314 -0.79699419374302249 0.21183198557576688 -0.18390838662219308 -0.79699419374302249 1.0000000180025095e-35 -0.94179566898484857 -0.93930199267584746 0.51204436964502487 0.41690911360103705 0.38800057762403822 0.1432701212507663 0.41983089652363698 0.44528506199925155 0.51204436964502487 0.6659396347327512 0.9015214053971653 0.26478604807150469 0.22437771338859949
decision_type=2 2 2 2 2 2 2 2 2 2 2 2 2 2 2 2 2 2 2 2 2 2 2 2 2 2 2 2 2 2 2 2 2 2 2 2 2 2 2 2 2 2 2 2
left_child=2 34 6 4 8 32 7 31 -4 -9 42 -5 -12 -14 -15 30 17 33 43 -20 26 22 -22 35 25 -25 27 -18 -28 -26 -7 -1 -3 -17 -2 -23 37 -24 -34 -40 -13 -38 -8 -19
right_child=1 5 3 11 -6 15 10 9 -10 -11 12 40 13 14 -16 16 20 18 19 -21 21 23 36 24 29 -27 28 -29 -30 -31 -32 -33 38 -35 -36 -37 41 -39 39 -41 -42 -43 -44 -45
leaf_value=0.00033915475721405457 0.015891688740355615 -0.00077602024202255281 0.010838822643595165 0.017269075369335054 -0.019703062362263716 0.00087092231280380911 0.028459834587882774 0.017119044167772796 -0.010088833896409435 -0.001383520846689914 0.01869329695240509 -0.0058667222321136378 -0.011912633209024926 -0.0041529712008712997 0.018433513727831734 0.0030659419801835016 -0.016266795124746512 -0.016659982477246437 -0.004745848191209474 0.021808505613276272 0.01004309354231425 -0.017844315413562427 -0.012743937648596817 -0.0099744978827190044 0.0013966926453883833 0.014667434036047193 -0.0012605456804392306 0.010526029370203707 -0.020858748925875789 0.021557881930175694 -0.017564831453702426 -0.018725426425506286 -0.021802228870646371 0.023460037266380542 0 0 -0.020751950497274428 0.010547462346545976 -0.019182785176737851 0.0023972394156654623 0.0060127319625252178 -0.0050753377218371093 0.013227938023089024 -0.0044090083274729757
leaf_weight=7.1566942632198334 10.743721455335619 9.5902147740125638 10.084464579820638 11.215592324733736 12.335706457495688 6.1790595501661327 7.3494125902652767 12.839922577142714 7.2604074776172629 9.146314665675165 8.4762981534004229 6.5532755851745588 6.5769784450531033 7.0329093337059083 9.0771568715572304 6.3445600569248182 5.7459439039230338 6.5074692368507367 8.2341257929801923 7.2913160920143154 10.955211192369459 6.6380799710750562 14.143833845853807 14.652548387646677 6.5109785199165371 8.5392601788043958 9.5236729085445422 8.4414967000484449 16.271030738949776 14.394863486289976 11.713980928063391 6.2917107045650464 11.899197116494181 7.0812154412269592 7.5383686423301688 6.4028473645448685 10.724752485752107 6.3546857684850684 5.3023772984743101 6.9405501037836075 6.728695422410965 5.8120514005422583 10.850322872400282 5.7289753407239914
leaf_count=21 30 36 30 32 43 22 21 36 23 27 24 20 21 21 26 21 21 25 28 23 36 23 50 50 21 26 34 27 59 45 47 20 50 22 22 21 38 21 21 26 20 20 31 20
internal_value=1.10959e-05 -0.00285135 0.00530491 -0.00013666 -0.00755041 -0.0039139 0.00879305 0.00221443 0.00165454 0.00956971 0.0131929 0.00853223 0.0074643 0.00212176 0.00871872 -0.00249931 -0.00153715 0.00467626 -0.00087992 0.00819531 -0.00337146 -0.000792395 -0.00570264 0.00326976 0.00758778 -0.000318461 -0.00973434 -0.000460483 -0.0143096 0.0160605 -0.011314 -0.00916266 -0.0118355 0.0155011 0.00992169 -0.0101954 -0.0107256 -0.00502384 -0.0156924 -0.00758605 0 -0.0164552 0.0213821 -0.0124688
internal_weight=395.182 256.206 138.976 54.1781 29.6806 237.924 84.7977 35.4346 17.3449 21.9862 49.3631 24.4976 31.1633 22.687 16.1101 204.192 186.299 41.1877 27.7619 15.5254 145.111 105.129 47.9905 57.1386 44.0977 23.1918 39.9821 14.1874 25.7947 20.9058 17.893 13.4484 33.7323 13.4258 18.2821 13.0409 37.0353 20.4985 24.1421 12.2429 13.282 16.5368 18.1997 12.2364
internal_count=1301 885 416 168 96 833 248 104 53 63 144 72 92 68 47 700 631 139 96 51 492 351 165 186 142 76 141 48 93 66 69 41 133 43 52 44 129 71 97 47 40 58 52 45
is_linear=0
shrinkage=0.03


end of trees

feature_importances:
Column_46=194
Column_47=177
Column_55=150
Column_45=148
Column_54=119
Column_19=100
Column_20=97
Column_38=90
Column_40=89
Column_12=88
Column_16=82
Column_39=81
Column_33=80
Column_34=73
Column_37=70
Column_29=69
Column_30=69
Column_42=69
Column_41=66
Column_44=63
Column_25=62
Column_32=62
Column_53=62
Column_26=61
Column_28=61
Column_43=59
Column_36=56
Column_14=52
Column_50=50
Column_60=49
Column_23=48
Column_59=46
Column_24=43
Column_31=42
Column_48=42
Column_35=41
Column_52=40
Column_49=39
Column_58=38
Column_13=35
Column_27=35
Column_56=35
Column_61=32
Column_18=30
Column_21=27
Column_2=26
Column_5=24
Column_3=23
Column_1=20
Column_0=18
Column_57=18
Column_4=16
Column_9=14
Column_15=10
Column_17=9
Column_6=7
Column_7=6
Column_11=5
Column_10=4
Column_8=2
Column_51=2
Column_62=2
Column_22=1

parameters:
[boosting: gbdt]
[objective: multiclass]
[metric: multi_logloss]
[tree_learner: serial]
[device_type: cpu]
[data_sample_strategy: bagging]
[data: ]
[valid: ]
[num_iterations: 1400]
[learning_rate: 0.03]
[num_leaves: 96]
[num_threads: 2]
[seed: 42]
[deterministic: 0]
[force_col_wise: 1]
[force_row_wise: 0]
[histogram_pool_size: -1]
[max_depth: 10]
[min_data_in_leaf: 20]
[min_sum_hessian_in_leaf: 0.001]
[bagging_fraction: 0.85]
[pos_bagging_fraction: 1]
[neg_bagging_fraction: 1]
[bagging_freq: 0]
[bagging_seed: 400]
[bagging_by_query: 0]
[feature_fraction: 0.8]
[feature_fraction_bynode: 1]
[feature_fraction_seed: 30056]
[extra_trees: 0]
[extra_seed: 12879]
[early_stopping_round: 0]
[early_stopping_min_delta: 0]
[first_metric_only: 0]
[max_delta_step: 0]
[lambda_l1: 0.2]
[lambda_l2: 1.5]
[linear_lambda: 0]
[min_gain_to_split: 0]
[drop_rate: 0.1]
[max_drop: 50]
[skip_drop: 0.5]
[xgboost_dart_mode: 0]
[uniform_drop: 0]
[drop_seed: 17869]
[top_rate: 0.2]
[other_rate: 0.1]
[min_data_per_group: 100]
[max_cat_threshold: 32]
[cat_l2: 10]
[cat_smooth: 10]
[max_cat_to_onehot: 4]
[top_k: 20]
[monotone_constraints: ]
[monotone_constraints_method: basic]
[monotone_penalty: 0]
[feature_contri: ]
[forcedsplits_filename: ]
[refit_decay_rate: 0.9]
[cegb_tradeoff: 1]
[cegb_penalty_split: 0]
[cegb_penalty_feature_lazy: ]
[cegb_penalty_feature_coupled: ]
[path_smooth: 0]
[interaction_constraints: ]
[verbosity: -1]
[saved_feature_importance_type: 0]
[use_quantized_grad: 0]
[num_grad_quant_bins: 4]
[quant_train_renew_leaf: 0]
[stochastic_rounding: 1]
[linear_tree: 0]
[max_bin: 255]
[max_bin_by_feature: ]
[min_data_in_bin: 3]
[bin_construct_sample_cnt: 200000]
[data_random_seed: 175]
[is_enable_sparse: 1]
[enable_bundle: 1]
[use_missing: 1]
[zero_as_missing: 0]
[feature_pre_filter: 1]
[pre_partition: 0]
[two_round: 0]
[header: 0]
[label_column: ]
[weight_column: ]
[group_column: ]
[ignore_column: ]
[categorical_feature: ]
[forcedbins_filename: ]
[precise_float_parser: 0]
[parser_config_file: ]
[objective_seed: 16083]
[num_class: 3]
[is_unbalance: 0]
[scale_pos_weight: 1]
[sigmoid: 1]
[boost_from_average: 1]
[reg_sqrt: 0]
[alpha: 0.9]
[fair_c: 1]
[poisson_max_delta_step: 0.7]
[tweedie_variance_power: 1.5]
[lambdarank_truncation_level: 30]
[lambdarank_norm: 1]
[label_gain: ]
[lambdarank_position_bias_regularization: 0]
[eval_at: ]
[multi_error_top_k: 1]
[auc_mu_weights: ]
[num_machines: 1]
[local_listen_port: 12400]
[time_out: 120]
[machine_list_filename: ]
[machines: ]
[gpu_platform_id: -1]
[gpu_device_id: -1]
[gpu_device_id_list: ]
[gpu_use_dp: 0]
[num_gpu: 1]

end of parameters

pandas_categorical:null
