tree
version=v4
num_class=3
num_tree_per_iteration=3
label_index=0
max_feature_idx=42
objective=multiclass num_class:3
feature_names=Column_0 Column_1 Column_2 Column_3 Column_4 Column_5 Column_6 Column_7 Column_8 Column_9 Column_10 Column_11 Column_12 Column_13 Column_14 Column_15 Column_16 Column_17 Column_18 Column_19 Column_20 Column_21 Column_22 Column_23 Column_24 Column_25 Column_26 Column_27 Column_28 Column_29 Column_30 Column_31 Column_32 Column_33 Column_34 Column_35 Column_36 Column_37 Column_38 Column_39 Column_40 Column_41 Column_42
feature_infos=[-1.0226521929634342:10.181337376171859] [-0.83405300175885699:9.5029455281043465] [-1.1351300139518565:10.53318806925243] [-1.039254999844716:10.310440202966499] [-0.84312584222508058:9.5362788873854534] [-1.1557506854575761:9.5650814717211112] [-2.1158879987296091:5.7870963251570453] [-1.1566419687657246:7.1696332276902215] [-2.6024723431147216:5.0857699925892286] [-3.1225972123688832:3.362452061808463] [-5.4580045368697627:1.4987014010690944] [-2.2906041758472604:4.4458013468087776] [-1.3965349352850485:4.3878347867355485] [-3.1159917170929106:3.5356011677164836] [-2.2727833156740509:4.5336980770815991] [-1.7539811268402423:1.6348146808553574] [-1.5785537680025439:1.4588966310694065] [-3.2114866200362413:0.87482808962865577] [-1.7265696203827083:0.57918313179769709] [-2.6483471904343068:2.1486590412957618] [-2.4623598326550673:4.2949681442978438] [-2.1957389528431936:3.8233788755307119] [-2.7360339964419675:4.0029330613796663] [-1.8253332598561334:3.1881161296124834] [-2.2768488008322358:3.7119661022635815] [-2.619462231976927:4.5132974016576943] [-4.1193490526235719:3.6601000608412972] [-2.8506034119757793:2.8007637673503054] [-3.0695717351608969:4.1175591827863647] [-2.8648728832140664:2.9913878121632318] [-2.8435805489380117:3.6790436231100183] [-2.3274447965398561:4.0221962200014927] [-2.9884921942800728:5.0411080758916107] [-3.4442100231870909:5.1116912356147131] [-5.1407902103996674:4.6633873781133683] [-3.2722177066993199:3.756883071231051] [-2.9632450092180931:5.080154484509265] [-1.6573405096896108:2.5409888875940831] [-1.1063867979252342:3.6644802978509285] [-1.0697015956151632:3.7149061802993049] [4:819] [4:819] [0:1]
tree_sizes=2697 3473 3213 2776 3064 3317 2886 3403 3196 2793 3525 3107 2908 3432 3629 2974 3233 3316 2916 3436 3224 2907 3314 3418 2852 3223 3318 3227 3197 3406 2796 3134 3290 2465 2895 3293 2951 3200 3418 3012 2977 3176 3117 3513 3310 2908 3196 3286 3191 2899 3275 3094 3117 3333 2922 3224 3624 3000 3028 3353 3011 3128 2739

Tree=0
num_leaves=25
num_cat=0
split_feature=2 27 12 12 30 20 30 12 2 2 20 33 31 31 20 40 30 40 36 29 0 25 34 22
split_gain=15.3613 5.78309 3.67336 6.58007 6.04764 6.32623 3.79493 3.83179 3.47806 4.08506 2.43999 2.80294 2.43849 2.07501 2.04505 1.2367 1.18278 1.47317 1.49444 1.12454 1.02637 0.948005 0.636891 0.598718
threshold=-0.76587944169855615 1.6495593419320291 -0.68112620064027374 -0.7403902870027983 0.20956268053127869 -1.0801791100965172 -0.83128160224234282 -0.077305485571597096 -0.17085851955323808 -0.28479869613425646 -0.58105829361704109 -0.12879828540139157 1.376512463109264 -0.74003454240451882 1.0000000180025095e-35 376.50000000000006 0.83406925019545197 539.00000000000011 0.43604882444049298 0.12426018005142965 -0.28565359801312556 1.0000000180025095e-35 -1.2333281280212836 -1.0000000180025095e-35
decision_type=2 2 2 2 2 2 2 2 2 2 2 2 2 2 2 2 2 2 2 2 2 2 2 2
left_child=19 2 3 4 5 -2 10 12 9 14 11 -4 16 -10 -9 -7 17 18 22 -1 -6 -18 -8 -15
right_child=1 -3 6 -5 20 15 7 8 13 -11 -12 -13 -14 23 -16 -17 21 -19 -20 -21 -22 -23 -24 -25
leaf_value=-1.4952992482184717 -1.4927225749290685 -1.4887036160625493 -1.5194515485696993 -1.4812222173575373 -1.5037803219318728 -1.5104570664095098 -1.5146300317080328 -1.5188117037969884 -1.5039055281399647 -1.4824069453249544 -1.4909436362642918 -1.4981196528794902 -1.5026772479371557 -1.5104570664095098 -1.4979785674137822 -1.5288955313917958 -1.5184778402983148 -1.5109654917094091 -1.5096031197170621 -1.4733927137736342 -1.4835028889038036 -1.5048067949834094 -1.5301803328821928 -1.5243427074694627
leaf_weight=7.2407139539718655 5.9477293193340293 9.3094893693923932 10.343877077102665 7.757907807826995 5.6891323924064636 5.6891323924064698 5.6891323924064556 7.7579078078269976 7.7579078078269985 6.2063262462615958 7.757907807826995 8.792295515537262 5.4305354654788962 5.6891323924064698 6.2063262462615967 15.257218688726423 9.5680862963199598 8.5336985886096937 5.4305354654788962 9.0508924424648267 5.1719385385513288 5.9477293193340293 31.548825085163124 13.447040200233454
leaf_count=28 23 36 40 30 22 22 22 30 30 24 30 34 21 22 24 59 37 33 21 35 20 23 122 52
internal_value=-1.50766 -1.51 -1.51121 -1.50394 -1.50928 -1.51698 -1.51353 -1.51583 -1.50895 -1.5 -1.50367 -1.50938 -1.52011 -1.51593 -1.50912 -1.52468 -1.5217 -1.52396 -1.52622 -1.48093 -1.49188 -1.5131 -1.52832 -1.52101
internal_weight=217.221 200.93 191.62 45.5131 37.7552 26.8941 146.107 119.213 47.0646 20.1706 26.8941 19.1362 72.1485 26.8941 13.9642 20.9464 66.718 51.2022 42.6685 16.2916 10.8611 15.5158 37.238 19.1362
internal_count=840 777 741 176 146 104 565 461 182 78 104 74 279 104 54 81 258 198 165 63 42 60 144 74
is_linear=0
shrinkage=1


Tree=1
num_leaves=32
num_cat=0
split_feature=1 22 23 5 14 3 35 14 17 25 24 31 31 16 34 41 16 22 25 22 41 22 33 16 30 24 20 24 16 30 22
split_gain=11.192 5.47807 4.86248 7.39264 4.64203 3.76709 3.72362 4.89308 3.67667 2.82198 3.70698 4.02008 2.81096 2.68516 3.11572 2.61131 2.76532 2.40411 2.35341 3.15076 2.32814 2.93348 2.04844 2.67289 1.41223 1.2386 1.07441 0.84632 0.717668 0.542417 0.0439268
threshold=0.13544189141464821 -1.7251889377687226 0.34716147558026705 -0.64132365856069562 -0.1150976347080479 -0.51457620221475786 -0.81203243442369011 0.24850523250055143 -0.82780303939838462 -1.4847050175350551 0.90470911643741714 0.9532030620065074 -0.54013843632821712 -0.3359604229276551 -0.025567120740692204 525.50000000000011 -0.61209227738874139 -0.37739552620439581 -0.51205597658487967 0.26842215017017756 386.50000000000006 -0.040447173313314037 1.2853020615394626 1.0446988493777771 0.27895229938285349 -1.0000000180025095e-35 -0.58105829361704109 0.90470911643741714 -0.3359604229276551 0.55651077478915301 0.40881729720812809
decision_type=2 2 2 2 2 2 2 2 2 2 2 2 2 2 2 2 2 2 2 2 2 2 2 2 2 2 2 2 2 2 2
left_child=1 -1 4 17 5 -3 7 -6 -5 -10 11 -11 15 26 -15 16 -8 -4 -12 -20 21 -7 23 25 -16 30 -14 -27 -22 -18 -2
right_child=22 2 3 8 6 20 12 -9 9 10 18 -13 13 14 24 -17 29 -19 19 -21 28 -23 -24 -25 -26 27 -28 -29 -30 -31 -32
leaf_value=-0.806589225703081 -0.8446435285774373 -0.82417316117808026 -0.82977488737214111 -0.83486439506585053 -0.85319279588695118 -0.84602636091506511 -0.82776954695821203 -0.82543836038906893 -0.83250678919506937 -0.79956917188864074 -0.81137643414802729 -0.82709896054736254 -0.81656308724449023 -0.84852539773532876 -0.82108026424624359 -0.83270751973408108 -0.80138119286337084 -0.85069563814392979 -0.84110302175373541 -0.81695928175736565 -0.84062868042320626 -0.82241816759565955 -0.83067504633795486 -0.83076855843599307 -0.83709642520870453 -0.83270751973408108 -0.83036441931623195 -0.84683160468792695 -0.85408690595483971 -0.81892409021950674 -0.85749464014829335
leaf_weight=8.8512246608734113 9.5888267159461957 10.32642877101898 8.8512246608734149 9.9576277434825879 9.9576277434825915 7.3760205507278434 11.43283185362816 9.9576277434825879 7.3760205507278434 19.915255486965183 8.1136226058006304 7.3760205507278434 10.326428771018984 10.326428771018984 8.8512246608734149 9.2200256884098035 8.4824236333370227 8.1136226058006269 9.2200256884098071 7.3760205507278434 12.539234936237333 8.4824236333370191 9.9576277434825879 9.2200256884098035 7.7448215782642356 9.2200256884098106 10.695229798555372 7.7448215782642356 13.276836991310121 7.7448215782642356 12.170433908700941
leaf_count=24 26 28 24 27 27 20 31 27 20 54 22 20 28 28 24 25 23 22 25 20 34 23 27 25 21 25 29 21 36 21 33
internal_value=-0.830769 -0.828021 -0.82897 -0.823305 -0.832092 -0.839312 -0.828493 -0.839634 -0.818958 -0.816157 -0.813742 -0.806222 -0.8257 -0.830673 -0.836687 -0.819647 -0.815212 -0.840261 -0.823206 -0.830449 -0.843301 -0.833423 -0.842489 -0.844992 -0.828791 -0.848333 -0.822824 -0.840261 -0.84867 -0.807705 -0.853349
internal_weight=309.793 251.891 243.04 86.2994 156.74 52.0009 104.739 19.9153 69.3346 59.377 52.0009 27.2913 84.8242 47.9441 26.9225 36.8801 27.6601 16.9648 24.7097 16.596 41.6745 15.8584 57.9018 47.9441 16.596 38.7241 21.0217 16.9648 25.8161 16.2272 21.7593
internal_count=840 683 659 234 425 141 284 54 188 161 141 74 230 130 73 100 75 46 67 45 113 43 157 130 45 105 57 46 70 44 59
is_linear=0
shrinkage=1


Tree=2
num_leaves=30
num_cat=0
split_feature=3 0 35 34 34 40 39 35 33 23 24 30 25 16 35 39 28 24 16 26 2 2 34 38 39 34 28 30 2
split_gain=15.5355 7.35388 4.27282 4.56747 6.96617 4.4834 3.97269 3.96887 3.58418 3.11945 3.07213 2.86052 2.19738 2.131 1.93787 2.77579 1.74695 1.4474 1.39996 1.33826 1.21418 2.17154 0.984275 0.949476 0.777216 0.680298 0.844709 0.422517 0.263494
threshold=-0.14644492462357525 -0.56071919383337721 0.73436973672099126 -0.73601477208221666 1.0000000180025095e-35 666.50000000000011 1.0000000180025095e-35 -0.53086840330647533 -0.34269581687143685 -1.0733158514358407 -0.59249460933653719 -0.45459509990522268 -0.83627232356827153 1.0000000180025095e-35 -0.81203243442369011 1.3226022923420711 -0.6581001771654339 -0.2181936778930488 -0.61209227738874139 -0.45843182275775135 -0.63505923895738692 -0.45359895773576514 -1.2333281280212836 1.0000000180025095e-35 -0.59124081802371631 0.2586119397959174 -0.16499814990025533 0.83406925019545197 -0.65615927165757559
decision_type=2 2 2 2 2 2 2 2 2 2 2 2 2 2 2 2 2 2 2 2 2 2 2 2 2 2 2 2 2
left_child=1 8 3 7 5 16 11 -3 -1 -2 13 -6 -4 -10 20 24 -5 18 -18 -14 -11 -22 -9 -13 28 -26 -27 -12 -16
right_child=9 2 12 4 6 -7 -8 22 10 14 27 23 19 -15 15 -17 17 -19 -20 -21 21 -23 -24 -25 25 26 -28 -29 -30
leaf_value=-1.0416358091305962 -1.0637214111938533 -1.0613830207180748 -1.0648581610207482 -1.0642483569576611 -1.0887054843641721 -1.0739309432832327 -1.0573867483954078 -1.0742725299580951 -1.0655363278594168 -1.0665382025322956 -1.0764606855708729 -1.0645476727323795 -1.0704414117014134 -1.0415904090853623 -1.0728283651081427 -1.0686577447973458 -1.0452227295480925 -1.0356071116469707 -1.0649420659542324 -1.0866543910817106 -1.0875440980023365 -1.0670166523244737 -1.0890489171920352 -1.0774204749066503 -1.0956735268957825 -1.0899720001491182 -1.076922352930876 -1.0670166523244737 -1.0821927458024525
leaf_weight=12.842448472976683 8.4489792585372907 10.138775110244753 7.0971425771713283 7.7730609178543082 10.138775110244753 7.0971425771713248 11.828570961952208 9.4628567695617694 8.111020088195799 10.138775110244753 6.7591834068298358 11.152652621269228 7.0971425771713319 6.7591834068298331 6.7591834068298366 8.111020088195799 6.7591834068298331 10.138775110244753 8.7869384288787824 16.897958517074581 9.1248975992202741 6.7591834068298331 10.476734280586241 7.0971425771713248 14.19428515434265 11.490611791610714 13.18040764331818 6.759183406829834 12.504489302635191
leaf_count=38 25 30 21 23 30 21 35 28 24 30 20 33 21 20 20 24 20 30 26 50 27 20 31 21 42 34 39 20 37
internal_value=-1.07044 -1.06525 -1.0686 -1.06581 -1.06211 -1.05357 -1.07087 -1.07549 -1.05431 -1.07983 -1.06141 -1.07707 -1.07812 -1.05264 -1.08145 -1.08417 -1.04911 -1.04534 -1.05455 -1.08238 -1.07393 -1.07892 -1.08307 -1.07001 -1.08643 -1.08919 -1.084 -1.07147 -1.07961
internal_weight=283.886 183.174 141.943 110.851 80.7722 40.5551 40.2171 30.0784 41.231 100.712 28.3886 28.3886 31.0922 14.8702 92.2629 66.24 33.458 25.6849 15.5461 23.9951 26.0229 15.8841 19.9396 18.2498 58.129 38.8653 24.671 13.5184 19.2637
internal_count=840 542 420 328 239 120 119 89 122 298 84 84 92 44 273 196 99 76 46 71 77 47 59 54 172 115 73 40 57
is_linear=0
shrinkage=1


Tree=3
num_leaves=25
num_cat=0
split_feature=2 27 12 12 30 20 30 12 2 2 34 20 20 33 34 20 27 21 36 15 36 19 0 16
split_gain=14.5327 5.52374 3.54504 6.21964 5.82767 6.16092 3.66182 3.72066 3.32544 3.8935 2.38306 2.32503 2.32033 2.68748 2.03103 1.9617 1.94501 1.24396 1.19677 1.16162 1.60742 1.42193 0.966492 0.453945
threshold=-0.76587944169855615 1.6495593419320291 -0.68112620064027374 -0.7403902870027983 0.20956268053127869 -1.0801791100965172 -0.83128160224234282 -0.077305485571597096 -0.17085851955323808 -0.28479869613425646 0.89801482600328963 1.0000000180025095e-35 -0.58105829361704109 -0.12879828540139157 -0.73601477208221666 -1.0000000180025095e-35 -1.0000000180025095e-35 -0.50286206361303254 -1.4439362159584805 -1.0371204752123269 -1.0000000180025095e-35 0.70955717177674138 -0.28565359801312556 -0.61209227738874139
decision_type=2 2 2 2 2 2 2 2 2 2 2 2 2 2 2 2 2 2 2 2 2 2 2 2
left_child=17 2 3 4 5 -2 12 10 9 15 18 -12 13 -4 -10 -9 -16 -1 -8 20 21 -20 -6 -7
right_child=1 -3 6 -5 22 23 7 8 14 -11 11 -13 -14 -15 16 -17 -18 -19 19 -21 -22 -23 -24 -25
leaf_value=0.0088972273032701145 0.01463158500365621 0.018414852344754422 -0.01162309457682343 0.025548163861656085 0.0038003808162730759 -0.0072051669157079381 -0.0010603286562322497 -0.01102898117328613 0.0037441025280313296 0.024478848378592474 -0.01160734291581471 0.012333495874083982 0.016234047088636971 0.0092649774946621348 0 0.0093560471657439491 -0.019997219791736531 0.031647084595103632 -0.018827274829188449 -0.022229722913647561 0.0011585309815502396 -0.0025094506439111122 0.023487704004793358 -0.020572932276536782
leaf_weight=5.4934988021850613 5.9919246137142173 9.4157537817954999 10.258569419384006 7.8904018998146048 5.7025253474712372 7.4359040856361416 6.4178966283798209 7.710077017545701 7.7590318024158504 6.3039465546607962 5.9335466325283033 5.6722164452075958 7.8422561287879935 8.8536851704120636 7.1970121562480989 6.2606538236141214 11.786359369754786 11.064249157905577 18.41017264127731 20.522659510374069 6.4295952320098939 8.2133830487728101 5.2462016046047193 13.319010704755785
leaf_count=21 23 36 40 30 22 29 25 30 30 24 23 22 30 34 28 24 46 42 72 80 25 32 20 52
internal_value=0 -0.00229225 -0.00347879 0.00365494 -0.001577 -0.0091917 -0.00576802 -0.00803575 -0.00126565 0.00744272 -0.0122822 0 0.00389809 -0.00168561 -0.00812497 -0.00148466 -0.013188 0.0257975 -0.0146356 -0.0160797 -0.0112882 -0.0144089 0.0154092 -0.0168617
internal_weight=217.131 200.573 191.157 45.586 37.6956 26.7468 145.571 118.617 47.0171 20.2747 71.5995 11.6058 26.9545 19.1123 26.7424 13.9707 18.9834 16.5577 59.9937 53.5758 33.0532 26.6236 10.9487 20.7549
internal_count=840 777 741 176 146 104 565 461 182 78 279 45 104 74 104 54 74 63 234 209 129 104 42 81
is_linear=0
shrinkage=0.03


Tree=4
num_leaves=28
num_cat=0
split_feature=1 22 29 40 25 33 27 24 14 14 19 40 33 29 0 30 33 16 19 39 0 1 33 24 21 37 22
split_gain=10.5563 5.2412 4.71919 3.98977 3.37639 4.59109 3.59618 2.91046 2.88294 3.1544 4.20871 3.5559 3.00798 3.03719 3.04814 2.4379 1.97631 2.60651 1.53208 1.46028 1.4124 1.31851 2.62506 1.19116 0.960481 0.846486 0.049989
threshold=0.13544189141464821 -1.7251889377687226 -0.54676969129388564 295.50000000000006 0.46059306436529585 0.51289430900874367 1.440249446401433 -0.96679554078002583 1.348866250581592 0.070737507645445993 -0.88944490546661503 451.00000000000006 1.1545869034188796 0.86307084648213073 -0.40244572508175352 0.070783442828129137 1.2853020615394626 1.0446988493777771 -0.56964449001794393 -0.59124081802371631 -0.24135313602157701 -0.32683381923761906 -0.34269581687143685 -1.0000000180025095e-35 0.10845459083119212 0.44182418895223635 0.40881729720812809
decision_type=2 2 2 2 2 2 2 2 2 2 2 2 2 2 2 2 2 2 2 2 2 2 2 2 2 2 2
left_child=1 -1 4 24 6 -6 7 -3 9 10 19 -11 13 14 -12 18 17 23 -13 -5 -9 -22 -23 26 -4 -25 -2
right_child=16 2 3 8 5 -7 -8 20 -10 11 12 15 -14 -15 -16 -17 -18 -19 -20 -21 21 22 -24 25 -26 -27 -28
leaf_value=0.023586132115378005 -0.013526445467110211 -0.0018357984230928078 -0.0043069207920749877 -0.0017195919497052954 -0.016507484849701218 0.010097936443946966 -0.0047732651935371243 0.0036269212851784984 -0.013740440473429361 0.023310870139699364 0.0086849077945668329 0.016456887613725324 0.014767487722786835 0.014420016340812435 -0.0078670828228917383 -0.0076668702260130964 0.00017985648250471166 0 0 -0.020123288096616163 0.029560345559620685 0.0029987153155547623 0.023497608220728505 -0.015020976093976037 -0.017054759744171564 -0.0009768308261089661 -0.026209095046468622
leaf_weight=8.8835816979408246 9.5602460503578168 7.38100242614746 12.910072386264803 7.3741107285022762 9.5818488001823443 10.704907387495039 9.2218935489654523 7.3775498569011679 9.5776860415935499 9.9783197641372663 11.801881939172736 10.345068573951723 12.550712347030638 8.4778102338314039 37.615912497043617 10.33024427294731 9.950994670391081 9.2089327573776227 9.9710625708103198 10.310376405715941 10.71770298480987 12.179772615432734 11.458577752113351 8.8346548974514043 13.25639498233795 8.098825216293335 12.110888004302977
leaf_count=24 26 20 35 20 26 29 25 20 26 27 32 28 34 23 102 28 27 25 27 28 29 33 31 24 36 22 33
internal_value=0 0.00265692 0.00172772 -0.00113895 0.00770942 -0.0024643 0.0113207 0.014513 0.000891525 0.00217171 -0.000979039 0.00894082 0.00229576 -0.000611532 -0.00365692 0.00320595 -0.0114067 -0.0138719 0.00915655 -0.0134965 0.0175066 0.0200434 0.0139833 -0.0171788 -0.0115566 -0.00925561 -0.0221109
internal_weight=309.771 252.006 243.123 164.5 78.6233 20.2868 58.3365 49.1146 138.333 128.755 88.1308 40.6247 70.4463 57.8956 49.4178 30.6464 57.7645 47.8135 20.3161 17.6845 41.7336 34.3561 23.6384 38.6046 26.1665 16.9335 21.6711
internal_count=840 683 659 446 213 55 158 133 375 349 239 110 191 157 134 83 157 130 55 48 113 93 64 105 71 46 59
is_linear=0
shrinkage=0.03


Tree=5
num_leaves=30
num_cat=0
split_feature=3 0 35 34 34 40 39 35 37 23 30 29 12 12 35 39 40 20 15 24 21 34 38 39 22 34 28 16 24
split_gain=14.7629 6.98493 4.09516 4.37399 6.5901 4.28681 3.81239 3.79513 3.58631 3.01776 2.77789 2.64041 2.36664 3.09756 1.89661 2.70374 1.65716 1.52706 1.4004 1.27534 1.26521 0.966959 0.917862 0.753613 1.28283 0.665035 0.820021 0.529553 0.193939
threshold=-0.14644492462357525 -0.56071919383337721 0.73436973672099126 -0.73601477208221666 1.0000000180025095e-35 666.50000000000011 1.0000000180025095e-35 -0.53086840330647533 1.0000000180025095e-35 -1.0733158514358407 -0.45459509990522268 -0.79078055360127297 0.093560506737392066 -0.66092228970366884 -0.81203243442369011 1.3226022923420711 470.50000000000006 -0.77302783841683975 -1.4281353761002806 1.0000000180025095e-35 -0.50286206361303254 -1.2333281280212836 1.0000000180025095e-35 -0.59124081802371631 0.18418506194740711 0.2586119397959174 -0.16499814990025533 -0.61209227738874139 -0.59249460933653719
decision_type=2 2 2 2 2 2 2 2 2 2 2 2 2 2 2 2 2 2 2 2 2 2 2 2 2 2 2 2 2
left_child=1 8 3 7 5 12 10 -3 28 -2 -6 -10 13 -5 17 23 -13 19 -4 -11 -20 -9 -12 24 -16 -25 -27 -15 -1
right_child=9 2 18 4 6 -7 -8 21 11 14 22 16 -14 27 15 -17 -18 -19 20 -21 -22 -23 -24 25 -26 26 -28 -29 -30
leaf_value=0.03237179412359642 0.0066415202836292431 0.0087631650333857038 0.0016181116285046502 0.0051793832534216674 -0.018023537432148708 -0.0035095969965195256 0.012747959271229655 -0.0037155572957562554 0.020576508585371481 0 0.0057923220180414667 -0.0088745738743707375 0.0030322332057604808 0.039051117225600396 -0.00083318373986599392 0.0018131853052614413 0.0082957499535439155 0.0045767041752399693 -0.018510582974904835 -0.016094322916890891 -0.0032234562103866625 -0.018369724311832848 -0.0068670094814622142 -0.024891163238060857 -0.016570436525723577 -0.019229746727505014 -0.006339956275994315 0.019626321753965198 0.015466564809450035
leaf_weight=8.1725639402866381 8.4598422646522504 10.18555209040642 9.110561817884447 7.1464837789535514 10.075879603624346 7.0997866690158835 11.881425768136976 9.4414808452129382 7.4801810979843166 6.7355377078056362 11.170919150114061 7.803512483835223 6.8066733181476584 8.5288438796997088 10.430148899555208 8.1065056920051557 9.5315098762512189 10.791821360588072 10.450066864490513 8.4270077347755414 11.45955121517181 10.412235766649244 7.0798875391483298 14.050128817558287 8.7657918930053693 11.399910598993298 13.143827646970752 11.226007252931597 8.4857966005802137
leaf_count=24 25 30 27 21 30 21 35 28 22 20 33 23 20 25 31 24 28 32 31 25 34 31 21 42 26 34 39 33 25
internal_value=0 0.00504746 0.0017742 0.00450037 0.00811498 0.0163845 -0.000421418 -0.00498032 0.0156677 -0.0091759 -0.00650969 0.00736193 0.0207161 0.0245828 -0.0107803 -0.0134814 0.00015662 -0.00334218 -0.00755864 -0.00924309 -0.01149 -0.0124324 0.000429141 -0.0157196 -0.00898962 -0.0184558 -0.01332 0.030459 0.0260797
internal_weight=283.859 183.549 142.075 111.055 81.0159 40.8078 40.2081 30.0393 41.4736 100.311 28.3267 24.8152 33.708 26.9013 91.8507 65.8963 17.335 25.9544 31.0202 15.1625 21.9096 19.8537 18.2508 57.7898 19.1959 38.5939 24.5437 19.7549 16.6584
internal_count=840 542 420 328 239 120 119 89 122 298 84 73 99 79 273 196 51 77 92 45 65 59 54 172 57 115 73 58 49
is_linear=0
shrinkage=0.03


Tree=6
num_leaves=26
num_cat=0
split_feature=2 27 41 30 35 1 36 31 15 25 32 26 23 26 33 20 36 5 34 35 41 29 35 36 40
split_gain=13.6589 5.27919 3.05434 3.72769 4.58776 2.895 3.23704 4.18384 3.04456 2.73044 2.11408 2.37618 1.81686 6.53622 6.26648 1.88706 1.33392 1.57017 1.30278 1.04048 1.37174 1.00977 0.890112 0.424837 0.232042
threshold=-0.76587944169855615 1.6495593419320291 478.50000000000006 -1.386398553054941 -1.3743604966581198 -0.32683381923761906 -0.63214867446192347 0.30312076745584549 0.91795402922744218 -0.83627232356827153 0.21523720644499322 -1.0304501399242856 -0.32129844301554839 -0.68723914962436505 -0.34269581687143685 0.45557724830187135 0.32114311738724483 -0.18309454216515506 1.1314476257297905 -0.1091223566306531 370.00000000000006 0.12426018005142965 -0.53086840330647533 -0.4279970315383424 451.00000000000006
decision_type=2 2 2 2 2 2 2 2 2 2 2 2 2 2 2 2 2 2 2 2 2 2 2 2 2
left_child=21 2 3 4 -2 6 -5 24 12 -9 11 -10 13 15 -15 -7 17 -4 19 22 -21 -1 -14 -13 -8
right_child=1 -3 16 5 -6 8 7 9 10 -11 -12 23 18 14 -16 -17 -18 -19 -20 20 -22 -23 -24 -25 -26
leaf_value=0.011409905039408913 -0.0032395097648792656 0.017908089336872039 -0.019836085009451068 -0.010185965617538831 0.028815979581559716 -0.020199560637955371 0.0093539488625478742 -0.015575605639215985 0.011030719462606938 0.008018694834727523 0.015519226143862905 -0.0019344398531894562 -0.01149196740124118 -0.010864226200134055 0.025768934856682382 -0.00047620260227818886 -0.0003557692642998971 -0.0025490388545883528 0.00067364141248328429 -0.0059525246105853313 -0.021861289450022674 0.031767264025836704 0.0020733121018456 -0.015311084229500123 0.025569847145339167
leaf_weight=7.4135096967220333 7.1872287839651108 9.5170320272445661 16.636465013027191 9.0856824517250043 6.2443265616893751 12.290727168321611 5.4223025590181368 5.9071752130985251 5.9267415702343031 9.2661877274513227 7.284418746829032 5.4262119531631505 7.9904574602842331 5.6058096289634696 9.0433320701122266 7.4317609071731559 8.5418204367160779 8.2233482748270053 5.4253179728984824 9.9454574286937767 18.619238823652267 9.434843957424162 6.1680835634469933 5.6838607788085902 7.3123101890087128
leaf_count=28 28 36 65 35 24 48 21 23 23 36 28 21 31 22 35 29 33 32 21 39 73 35 24 22 28
internal_value=0 -0.00223378 -0.0034023 -0.00156015 0.012659 -0.00304619 0.00398025 0.00908052 -0.00555588 -0.00138187 0.0034413 -0.0022371 -0.00829314 -0.00262962 0.0116719 -0.0136091 -0.0114641 -0.0148158 -0.0120137 -0.0137287 -0.0170952 0.0248018 -0.00556666 -0.0102609 0.0208
internal_weight=217.034 200.185 190.668 157.267 13.4316 143.835 36.9937 27.908 106.841 15.1734 24.3212 17.0368 82.5202 34.3716 14.6491 19.7225 33.4016 24.8598 48.1486 42.7232 28.5647 16.8484 14.1585 11.1101 12.7346
internal_count=840 777 741 611 52 559 143 108 416 59 94 66 322 134 57 77 130 97 188 167 112 63 55 43 49
is_linear=0
shrinkage=0.03


Tree=7
num_leaves=31
num_cat=0
split_feature=1 22 23 36 20 13 26 3 34 29 33 24 23 32 33 38 16 5 34 33 16 33 23 24 24 32 28 24 5 22
split_gain=9.9951 5.0232 4.5604 7.21448 5.78533 3.90335 3.8277 3.54032 3.48234 4.42445 7.69771 4.27866 3.23582 3.14284 2.98834 2.81422 2.32031 5.22095 2.26457 1.91261 2.52312 1.37112 1.34172 1.19295 1.14453 0.931764 0.910152 0.847453 0.606851 0.0480235
threshold=0.13544189141464821 -1.7251889377687226 0.34716147558026705 0.72331309207361283 -0.58105829361704109 1.0000000180025095e-35 0.57120114814201095 -0.51457620221475786 -1.1622833628871312 -0.54676969129388564 0.29899677753869858 1.0000000180025095e-35 -0.32129844301554839 1.2696291611140025 -0.55659334834148189 -0.62930008834761775 -0.3359604229276551 -0.09663621831693979 -1.3754176582895885 1.2853020615394626 1.0446988493777771 1.0000000180025095e-35 -0.6555284023134561 0.5304081849939285 -1.0000000180025095e-35 0.21523720644499322 -0.32711388489154697 0.90470911643741714 -0.13986538024104742 0.40881729720812809
decision_type=2 2 2 2 2 2 2 2 2 2 2 2 2 2 2 2 2 2 2 2 2 2 2 2 2 2 2 2 2 2
left_child=1 -1 5 6 -5 8 23 -7 18 15 11 12 -11 -6 26 -10 17 -9 -3 20 24 -17 -12 -4 29 -16 -8 -26 -18 -2
right_child=19 2 3 4 13 7 14 16 9 10 22 -13 -14 -15 25 21 28 -19 -20 -21 -22 -23 -24 -25 27 -27 -28 -29 -30 -31
leaf_value=0.023040420778656118 -0.013219813975579298 0.0021180975216313724 0.030336292361028267 0.011442824597049399 -0.022192601203328513 0.006470038346069267 0.023305130151912594 0.014020790979677976 -0.0032952372403667178 0.017687886644410199 -0.029378947846099027 -0.012410885276825054 -0.0018099349328036115 0.00058823397894770129 -0.008624881778748773 0.0060669513028262807 -0.02601205184080797 -0.015477711922431433 0.024306538772393971 0.00026281590450493553 0 0.023012688929248556 -0.009377515296511681 0.010208670436619259 -0.0015589172182294015 0.0039803442022895968 0.006575926290893765 -0.01559181317986846 -0.011216498118283071 -0.025698939195322911
leaf_weight=8.9100146293640119 9.5329253971576673 9.2454833686351794 11.860101312398912 12.202082663774489 12.153211802244188 10.334460169076918 7.4046324789524105 7.3634466826915768 11.451974570751188 14.026625514030455 8.819960296154024 11.438845455646513 13.641267240047457 8.1160220205783826 7.3800061047077206 12.563910990953447 8.4388299286365491 12.140260070562361 7.7681621313095084 9.9441939294338209 9.2027063369750959 8.5000889301300031 8.843739837408064 7.385767698287963 9.1915985643863731 11.071945548057554 8.8624744117259961 7.711096614599227 12.153702616691591 12.042862325906752
leaf_count=24 26 25 32 33 33 28 20 20 31 38 24 31 37 22 20 34 23 33 21 27 25 23 24 20 25 30 24 21 33 33
internal_value=0 0.00257807 0.00166711 0.00714805 -0.00378417 -0.00135679 0.0137587 -0.00812533 0.00186706 -0.000515143 -0.00558675 0.00183827 0.00827034 -0.0133833 0.00704375 0.008019 -0.0121291 -0.0038492 0.0137216 -0.0111193 -0.0135507 0.0142463 -0.0211957 0.024198 -0.0168134 -0.00102989 0.0158533 -0.00903591 -0.0189058 -0.021663
internal_weight=309.702 252.077 243.167 86.4362 32.4713 156.731 53.9649 50.4307 106.3 89.2864 56.7704 39.1067 27.6679 20.2692 34.7191 32.516 40.0962 19.5037 17.0136 57.6254 47.6812 21.064 17.6637 19.2459 38.4785 18.452 16.2671 16.9027 20.5925 21.5758
internal_count=840 683 659 234 88 425 146 137 288 242 154 106 75 55 94 88 109 53 46 157 130 57 48 52 105 50 44 46 56 59
is_linear=0
shrinkage=0.03


Tree=8
num_leaves=29
num_cat=0
split_feature=13 13 35 40 26 7 36 31 41 39 30 41 25 25 23 20 26 19 14 31 2 12 12 26 30 41 22 35
split_gain=14.7184 7.52239 3.77087 3.77131 3.65209 3.30237 3.09315 2.94605 3.38271 4.40291 3.63836 2.49491 2.1895 1.9744 1.88159 2.05926 1.7874 1.71696 1.48627 2.43211 3.16246 1.48285 1.37761 1.13392 0.997558 0.968424 0.866082 0.58625
threshold=-0.1244838435582914 1.0536975299515901 0.73436973672099126 666.50000000000011 -0.68723914962436505 -0.12677855398621016 -0.34914017375670164 -0.95168924295589719 666.50000000000011 1.0000000180025095e-35 -0.55372312683604386 525.50000000000011 1.0000000180025095e-35 -0.83627232356827153 1.015621394176083 0.45557724830187135 -1.0000000180025095e-35 -0.56964449001794393 -1.6873970565252503 -0.95168924295589719 1.3567838479404157 -0.3895985204670781 -0.2051207871245668 -0.45843182275775135 0.070783442828129442 451.00000000000006 0.74576565009921003 -1.0931964655409048
decision_type=2 2 2 2 2 2 2 2 2 2 2 2 2 2 2 2 2 2 2 2 2 2 2 2 2 2 2 2
left_child=4 2 3 5 6 7 -1 25 9 10 16 14 -7 -4 15 27 -9 -5 -3 -20 -21 -13 -16 -15 -11 -2 -12 -6
right_child=1 18 13 17 11 12 -8 8 -10 24 26 21 -14 23 22 -17 -18 -19 19 20 -22 -23 -24 -25 -26 -27 -28 -29
leaf_value=-0.0091996116721566705 -0.0084327821078949549 0.0027187236310543166 0.0055474652304485566 -0.017871716056369436 -0.01054604632799911 0.0063274102438681404 0.014418444495990352 0.0060576072215261017 -0.0061952967192182703 0.036718331500886686 0.018327623039522144 0.007064917202159602 -0.012324929877097953 0 -0.013297136827518189 -0.0053046384123896654 -0.013020991448637657 0.00078641243694464529 0.0049396965222970957 0.010753802751332876 0.037376654851203985 -0.0099641031527060806 0.00075330641291231298 -0.014816561566778927 0.01360639437956671 0.0041446656368828404 0.0045362322226799711 -0.024626619692999341
leaf_weight=8.0628588199615496 7.7276642918586758 6.8438819646835318 7.1012930572032955 7.4209324717521667 8.7292124927043862 8.5021349191665667 8.7632967531681043 7.7890698909759521 6.7822521328926078 7.5284827053546888 20.104634314775474 8.3989214003086072 11.19826230406761 7.0827059447765413 10.401730954647066 11.404980868101118 6.7132187187671608 7.4446874856948835 8.8677965700626391 10.270961016416551 9.6186096966266614 7.0124502182006827 11.401908487081526 17.44098877906799 6.8332153260707855 11.80670380592346 8.1607567667961103 24.388542681932453
leaf_count=24 23 20 21 22 26 25 26 23 20 22 59 25 33 21 31 34 20 22 26 30 28 21 34 52 20 35 24 73
internal_value=0 0.00497189 0.0019081 0.00440471 -0.00928705 0.00648675 0.00294695 0.0090885 0.0121491 0.0145321 0.00892548 -0.0118853 -0.00411396 -0.00700475 -0.0143664 -0.0179451 -0.00279177 -0.00894547 0.0170899 0.0200075 0.0256274 -0.000525319 -0.00611663 -0.0109803 0.0284267 -0.000792182 0.0149766 -0.0217063
internal_weight=283.802 185.238 149.637 118.012 98.5639 103.146 16.8262 83.446 63.9116 57.1294 42.7677 81.7377 19.7004 31.625 66.3264 44.5227 14.5023 14.8656 35.6012 28.7574 19.8896 15.4114 21.8036 24.5237 14.3617 19.5344 28.2654 33.1178
internal_count=840 546 442 348 294 304 50 246 188 168 126 244 58 94 198 133 43 44 104 84 58 46 65 73 42 58 83 99
is_linear=0
shrinkage=0.03


Tree=9
num_leaves=25
num_cat=0
split_feature=2 12 30 20 12 1 35 35 23 36 12 12 41 36 30 30 21 41 36 25 39 29 21 40
split_gain=12.8649 4.9683 7.22005 6.34058 5.16768 4.6831 3.8642 3.30261 3.72214 3.28043 2.32378 2.62375 2.08135 1.34575 3.20009 1.31925 1.10407 1.00703 2.74133 0.820927 0.641382 1.35869 0.588026 0.509592
threshold=-0.76587944169855615 -0.68112620064027374 0.070783442828129442 -1.0801791100965172 -0.75037225657103046 -0.33967481120018206 0.73436973672099126 0.14009121640506003 -0.6555284023134561 -0.75131014844306943 1.2199520217740423 0.13943159246047729 470.50000000000006 0.58925643384482373 -0.9700608399454923 -0.48433350798446911 -0.50286206361303254 386.50000000000006 -0.34914017375670164 0.46059306436529585 -0.59124081802371631 -0.79078055360127297 1.0000000180025095e-35 436.50000000000006
decision_type=2 2 2 2 2 2 2 2 2 2 2 2 2 2 2 2 2 2 2 2 2 2 2 2
left_child=16 2 3 -2 23 6 9 8 12 -3 11 22 -7 14 -10 -14 -1 18 -9 -4 -19 -22 -11 -5
right_child=1 5 19 4 -6 7 -8 17 13 10 -12 -13 15 -15 -16 -17 -18 20 -20 -21 21 -23 -24 -25
leaf_value=0.0081492468685980188 0.019667426760029218 -0.017124235579678074 0.025605712113638136 -0.00529799642678989 0.012430183595746984 -0.0040285186503829741 0.020947779375739557 0.0081878642052945795 0.0035776220845862728 -0.0049556565824306377 -0.0083264102663080618 0.022880979526315143 0.024343700397297496 0.0023302140008263296 -0.018201066655221254 0.0021670221910368116 0.029257126900811364 -0.019471116751058472 -0.01637509940017692 0.0072652449561915085 -0.00042924281047492744 -0.014992549250575854 0.0067014682814152569 -0.020565893840023768
leaf_weight=5.6097181141376522 7.1207005679607418 7.2193817943334571 11.363590970635416 5.1214064210653403 5.6002480089664415 6.1298370957374599 7.5471338629722586 6.5842789709568024 7.7956940531730714 6.442339897155767 7.9881337434053412 6.5598953366279593 5.7347898930311212 7.1774557828903189 16.945791229605675 5.0831933021545384 11.513097345829008 20.621115297079086 6.6137352883815748 5.8165248930454245 9.7777131646871585 16.987159088253975 5.9770097881555557 13.646515235304831
leaf_count=21 27 28 43 20 21 24 29 26 30 25 31 25 22 28 67 20 42 81 26 22 38 67 23 54
internal_value=0 -0.00218462 0.00597501 -0.00250925 -0.00998619 -0.00488354 0.00347802 -0.00812982 -0.00207688 -0.000928891 0.00386982 0.00952993 0.00865417 -0.00808692 -0.011298 0.0159432 0.0238774 -0.0127473 -0.00412779 0.0207995 -0.014825 -0.0101897 0.000341067 -0.0173961
internal_weight=216.976 199.854 48.669 31.4889 24.3682 151.185 41.7339 109.451 48.8668 34.1868 26.9674 18.9792 16.9478 31.9189 24.7415 10.818 17.1228 60.584 13.198 17.1801 47.386 26.7649 12.4193 18.7679
internal_count=840 777 187 122 95 590 161 429 191 132 104 73 66 125 97 42 63 238 52 65 186 105 48 74
is_linear=0
shrinkage=0.03


Tree=10
num_leaves=32
num_cat=0
split_feature=10 22 23 36 20 14 26 35 14 9 0 41 33 31 38 16 34 35 41 30 28 33 16 30 24 24 16 28 24 22 22
split_gain=9.15973 4.88046 4.45105 6.8855 5.5649 4.24851 3.67328 3.31727 4.53363 3.12356 3.05495 2.96002 2.87266 2.58621 3.30953 2.52162 2.93001 2.33825 2.2288 2.15795 1.88948 1.79618 2.40577 1.34521 1.12072 1.05175 1.02962 0.87548 0.835537 0.770234 0.0129141
threshold=-0.45162595902002139 -1.7251889377687226 0.34716147558026705 0.72331309207361283 -0.58105829361704109 -0.1150976347080479 0.57120114814201095 -0.81203243442369011 0.24850523250055143 0.77919057802306313 0.024449635927714652 386.50000000000006 -0.55659334834148189 -0.54013843632821712 -0.62930008834761775 -0.3359604229276551 -0.025567120740692204 -0.28987066234886255 478.50000000000006 -0.2067750325781699 -0.16499814990025533 1.2853020615394626 1.0446988493777771 0.27895229938285349 0.5304081849939285 -1.0000000180025095e-35 -0.3359604229276551 -0.32711388489154697 0.90470911643741714 -0.15276329094367463 0.40881729720812809
decision_type=2 2 2 2 2 2 2 2 2 2 2 2 2 2 2 2 2 2 2 2 2 2 2 2 2 2 2 2 2 2 2
left_child=21 -2 5 6 -5 9 24 8 -7 11 -6 17 27 14 -9 20 -17 -3 19 -16 -15 22 25 -18 -4 30 -13 -8 -27 -14 -1
right_child=1 2 3 4 10 7 12 13 -10 -11 -12 26 29 15 18 16 23 -19 -20 -21 -22 -23 -24 -25 -26 28 -28 -29 -30 -31 -32
leaf_value=-0.012932791293362922 0.022601938560057738 -0.012402389467166815 0.029589988397376945 0.011198910616326939 -0.0009734397599161196 -0.02164152394396477 0.022765101969138772 -0.0020812546353314782 0.0050990999442017456 0.0052048448932595342 -0.024247273648189575 -0.0093663777404183537 0.0052008899841548585 0.01478926919772185 0.0065792606539103859 -0.017442011784177994 0.0092409772651230997 0.0084900197035270037 0.0016123555443253662 0.03041962833589229 -0.0020860318314688 0.00029742300103812781 8.8438931238761081e-05 -0.0063859890944244794 0.0099954764765705952 -0.0014077572637849005 -0.024401132766476295 0.0063781648768251546 -0.015316123407198548 -0.0061771475378118411 -0.024992254673320956
leaf_weight=9.5054463148117048 8.9288232028484327 7.7136851251125362 11.901874274015428 12.217831045389174 10.683222889900209 9.879700720310213 7.4264423251152065 11.83076351881027 9.9708881676197034 10.701099693775175 9.545536130666731 12.485344022512436 7.7492651939392116 11.84794268012047 7.3973618149757412 10.295137941837313 8.8759257793426531 8.4711308479309064 7.7688467204570761 10.017133593559267 9.2265527546405774 9.9409600496292096 9.1940031647682172 7.7467094063758841 7.3957313895225516 9.1792208850383812 12.820513367652893 8.8736528754234296 7.6892897188663474 10.706036061048506 11.609398245811461
leaf_count=26 24 21 32 33 29 27 20 32 27 29 26 34 21 32 20 28 24 23 21 27 25 27 25 21 20 25 35 24 21 29 32
internal_value=0 0.0024534 0.00155641 0.00697164 -0.00371345 -0.00142609 0.0134207 0.00201619 -0.00851418 -0.00831674 -0.0131477 -0.0120037 0.00684263 0.00464958 0.0104399 0 -0.00594334 -0.00133542 0.0163334 0.0219348 0.00748767 -0.010703 -0.013082 0.00170143 0.0236315 -0.0163042 -0.0181464 0.0154705 -0.00880736 -0.00106709 -0.0210466
internal_weight=309.595 252.477 243.548 86.4996 32.4466 157.049 54.053 104.857 19.8506 52.1918 20.2288 41.4907 34.7554 85.0064 37.0141 47.9923 26.9178 16.1848 25.1833 17.4145 21.0745 57.1183 47.1774 16.6226 19.2976 37.9834 25.3059 16.3001 16.8685 18.4553 21.1148
internal_count=840 684 660 234 88 426 146 284 54 142 55 113 94 230 100 130 73 44 68 47 57 156 129 45 52 104 69 44 46 50 58
is_linear=0
shrinkage=0.03


Tree=11
num_leaves=28
num_cat=0
split_feature=13 13 34 35 34 35 26 35 36 40 41 36 20 17 41 41 7 23 34 7 14 31 2 29 13 25 14
split_gain=14.0367 7.13398 4.21437 5.46561 5.42751 4.30657 3.54116 3.53027 4.80671 3.4211 3.00857 2.99535 2.68086 2.49471 2.42715 2.19793 2.74151 1.81649 2.24471 2.04576 1.42651 2.27897 2.98065 1.12387 0.814454 0.439446 0.15143
threshold=-0.1244838435582914 1.0536975299515901 -0.72812090928953299 0.73436973672099126 1.0000000180025095e-35 -0.39028638774786784 -0.68723914962436505 -0.53086840330647533 -1.2875367813582266 666.50000000000011 323.00000000000006 -0.34914017375670164 1.0000000180025095e-35 0.53430186382324785 525.50000000000011 323.00000000000006 -0.090647856381445693 1.015621394176083 1.0401043562715946 -0.30126784773241977 -1.6873970565252503 -0.95168924295589719 1.3567838479404157 0.42927375793566397 1.0000000180025095e-35 0.46059306436529585 0.15130256758009208
decision_type=2 2 2 2 2 2 2 2 2 2 2 2 2 2 2 2 2 2 2 2 2 2 2 2 2 2 2
left_child=6 2 7 4 9 -6 11 -2 -9 15 -7 -1 -5 -12 17 -4 -17 19 -19 26 -3 -22 -23 -16 -14 -10 -8
right_child=1 20 3 12 5 10 14 8 25 -11 13 -13 24 -15 23 16 -18 18 -20 -21 21 22 -24 -25 -26 -27 -28
leaf_value=-0.0090435995306703022 0.0061702650590654334 0.0025580774304725614 0.0027890145722593339 -0.017849296855665244 -0.012449913540405474 0.022328821088191869 -0.010647781658487692 0.0066268811521158037 -0.0097940912910000275 -0.0022395324124211166 -0.0067084938656945666 0.014198535973804598 0.0069250882465358198 0.012272434906182964 0.0066301874731568965 0.0287921990867827 0.0050266637655245637 0.0034832948776680321 -0.014517204275112553 -0.0038902628436650153 0.0048276640607003629 0.010423021263317542 0.036196658681291898 -0.0081526003138622759 -0.0057492792710825691 -0.024014130110965884 -0.022897382569495528
leaf_weight=8.0330917835235613 12.59829208254814 6.862270474433898 6.8352393209934226 10.027164101600649 13.126163244247435 7.163984268903735 7.3310005664825431 7.7138525247573844 8.3769044280052238 6.7380090355873099 13.234316259622574 8.7913883328437787 8.4185937941074354 9.1988161206245422 7.7127828598022443 20.688426941633224 7.1629666090011623 10.373397350311281 11.381045818328856 9.6543478071689588 8.8835027813911456 10.319206178188326 9.7395449578762037 7.6785093545913696 6.7187450826168051 11.72376239299774 27.219418942928314
leaf_count=24 37 20 20 30 39 21 22 23 25 20 39 26 25 27 23 60 21 31 34 29 26 30 28 23 20 35 82
internal_value=0 0.00484415 0.00185455 0.00493355 0.00860517 0.00085515 -0.00909455 -0.00620916 -0.0120498 0.0161492 0.00726473 0.00294192 -0.00691243 0.00110539 -0.0116645 0.0198318 0.0234537 -0.014122 -0.0060048 -0.0176573 0.0166078 0.0194517 0.0248635 -0.000458594 0.000927749 -0.0194574 -0.0210158
internal_weight=283.705 185.53 149.725 109.312 84.1479 42.7233 98.175 40.4128 27.8145 41.4246 29.5971 16.8245 25.1645 22.4331 81.3505 34.6866 27.8514 65.9592 21.7544 44.2048 35.8045 28.9423 20.0588 15.3913 15.1373 20.1007 34.5504
internal_count=840 546 442 322 247 126 294 120 83 121 87 50 75 66 244 101 81 198 65 133 104 84 58 46 45 60 104
is_linear=0
shrinkage=0.03


Tree=12
num_leaves=26
num_cat=0
split_feature=2 27 12 12 27 20 1 36 39 25 35 23 22 11 34 16 40 29 21 34 31 29 16 29 35
split_gain=12.139 4.98239 3.17174 5.65821 4.7971 6.1642 3.02982 3.67953 4.22527 3.61273 2.53981 3.30407 2.32149 1.33586 1.24498 3.47544 1.17378 1.13936 1.03444 1.00596 1.8794 1.00468 0.79717 2.25931 0.645876
threshold=-0.76587944169855615 1.6495593419320291 -0.68112620064027374 -0.7403902870027983 0.13206259933520978 -1.0801791100965172 -0.33967481120018206 -0.75131014844306943 1.0000000180025095e-35 -0.83627232356827153 0.14009121640506003 -0.6555284023134561 -0.15276329094367463 -0.18815175732014761 0.47174623519837494 1.0000000180025095e-35 376.50000000000006 1.0000000180025095e-35 -0.50286206361303254 -0.45183571154560703 -1.1633439435072754 0.58613788370469877 -0.88822413184982785 -1.0347914159086604 1.0000000180025095e-35
decision_type=2 2 2 2 2 2 2 2 2 2 2 2 2 2 2 2 2 2 2 2 2 2 2 2 2
left_child=18 2 3 4 5 -2 7 -4 9 -9 11 12 -8 -6 21 -16 -7 -10 -1 20 -12 -13 -21 -24 -11
right_child=1 -3 6 -5 13 16 10 8 17 24 19 14 -14 -15 15 -17 -18 -19 -20 22 -22 -23 23 -25 -26
leaf_value=0.0078406318987295515 0.01525261645155518 0.017322891882533869 -0.01486336859590771 0.024017129522746716 0.001685136631702868 -0.002702478277327371 0.015627427993260955 -0.0042750797756513663 -0.015617135347058759 0.010830352471325704 -0.01461345519018355 -0.019066613431697351 -0.0052371985905001819 0.022517822074894719 0.015572267422046357 -0.013332364490454645 -0.020810605142341326 0.0014127121203868236 0.028186090942522047 -0.0044158873298102341 0.0036949632343009223 -0.0037205618446794165 -0.0026810777750803094 -0.022272927991611145 0.028529355057119132
leaf_weight=5.657978534698489 5.8468384742736808 9.6335615217685682 8.208000645041464 8.1236885488033277 6.2448597103357315 5.665106996893889 10.156384378671648 6.1877176016569129 5.9213584512472135 8.39034251868725 8.0955067127943057 10.244590625166898 6.6012554615735999 5.3548322618007642 5.1166669577360135 7.0822050124406815 14.58110551536083 5.2141851335763931 11.720100879669188 7.7568042278289786 8.8555568754672986 8.73847648501396 8.3390862345695478 22.295618131756786 6.8244287967681876
leaf_count=21 22 36 32 30 24 22 39 24 23 32 32 41 26 20 20 28 58 20 42 31 35 34 33 89 26
internal_value=1.5174e-06 -0.00213165 -0.00327827 0.00343597 -0.0015961 -0.00876897 -0.00546876 0.00130266 0.00603224 0.0136117 -0.00817783 -0.00282518 0.00732468 0.0132375 -0.00854928 -0.000393067 -0.0165556 -0.00794704 0.0230291 -0.012512 -0.00520079 -0.0130851 -0.0152728 -0.0175006 0.0209758
internal_weight=216.856 199.478 189.845 45.8164 37.6927 26.0931 144.028 40.746 32.538 21.4025 103.282 47.9396 16.7576 11.5997 31.1819 12.1989 20.2462 11.1355 17.3781 55.3426 16.9511 18.9831 38.3915 30.6347 15.2148
internal_count=840 777 741 176 146 102 565 157 125 82 408 188 65 44 123 48 80 43 63 220 67 75 153 122 58
is_linear=0
shrinkage=0.03


Tree=13
num_leaves=31
num_cat=0
split_feature=1 21 36 23 36 26 41 21 29 39 28 31 36 36 37 13 36 34 20 21 16 34 16 37 31 12 34 16 16 16
split_gain=8.98207 3.66387 4.71238 8.92794 5.51801 4.16152 3.55107 2.70397 2.65246 2.57363 4.19571 2.23883 2.18304 4.25879 2.81596 3.041 2.44129 2.28855 1.7625 1.84799 1.51044 3.54353 2.48544 1.40632 1.33429 1.33376 0.760785 0.353477 0.216198 0.123854
threshold=0.13544189141464821 1.7543071220271822 0.81268419755947241 0.34716147558026705 1.3935963832175593 0.57120114814201095 666.50000000000011 -0.87905692788640166 -0.54676969129388564 1.0000000180025095e-35 -0.32711388489154697 -0.95168924295589719 -0.21508351552791224 0.18708645915845537 0.44182418895223635 0.15904173999880603 -0.75131014844306943 1.0000000180025095e-35 1.0000000180025095e-35 0.10845459083119212 -0.88822413184982785 -0.45183571154560659 1.0446988493777771 1.0000000180025095e-35 -0.31672514130176233 -0.78439093577292718 -0.16765665100899688 0.49243514045560405 1.0000000180025095e-35 -0.61209227738874139
decision_type=2 2 2 2 2 2 2 2 2 2 2 2 2 2 2 2 2 2 2 2 2 2 2 2 2 2 2 2 2 2
left_child=1 2 3 6 29 26 7 11 -6 10 -7 -1 14 28 15 16 -9 -15 19 -16 21 -2 25 -13 -8 -22 -5 -27 -14 -4
right_child=20 -3 4 5 8 9 24 12 -10 -11 -12 23 13 17 18 -17 -18 -19 -20 -21 22 -23 -24 -25 -26 27 -28 -29 -30 -31
leaf_value=0.015669132534047937 0.010657917392577609 0.016560134092656172 -0.025847394004525053 0.031258944188217883 0.014370384882954947 0.024463312024926048 0.0022248416841789817 0.019467867698492455 -0.0061336100019618684 -0.0038994918313301993 0.00016921340275883126 -0.0096996013309680468 -0.024535627327860462 -0.011480521631799658 -0.0023309822757504152 -0.0089453149791347761 0.0011539566767846084 0.0084241476030200678 0.0012746675286484863 -0.022804088943632211 -0.027076991309750359 -0.014453648663646321 -0.0012926561322727736 0.0063177658244398527 0.020262579789129251 -0.014671772782059663 0.013835063290006255 -0.0036863229851585382 -0.011567577961010409 -0.011491082110276506
leaf_weight=10.388233035802843 8.0717151165008563 14.105323940515516 8.0823821723461133 9.3127874135971087 7.7742894887924203 11.128238648176193 8.4849968850612623 10.727392673492426 12.878678381443024 12.569481164216993 14.037608176469803 7.7459636628627804 9.5691441893577593 7.3477586805820492 8.4645446240902 9.9182242453098279 16.197411984205253 11.091034591197966 9.5775701701641065 8.4155508279800397 10.571222811937334 9.0785118937492353 11.764836251735685 8.8721294701099378 7.3876012861728659 10.568737834692003 10.769771248102186 7.2732930183410636 9.9151048660278303 7.345554292201995
leaf_count=28 22 38 22 25 21 30 23 29 35 34 38 21 26 20 23 27 44 30 26 23 29 25 32 24 20 29 29 20 27 20
internal_value=0 0.00243295 0.00147217 0.00328791 -0.00825533 0.0130895 -0.000697889 -0.00243517 0.00176418 0.00654242 0.0119088 0.00568733 -0.00471206 -0.0102768 -0.00112496 0.00407698 0.00930396 0 -0.00841351 -0.0138923 -0.0105781 -0.0024066 -0.0137101 -0.00100195 0.0119902 -0.0183284 0.0238039 -0.0111369 -0.019521 -0.0209904
internal_weight=309.435 252.107 238.001 201.921 36.0809 57.8179 144.103 128.23 20.653 37.7353 25.1658 27.0063 101.224 37.923 63.3007 36.843 26.9248 18.4388 26.4577 16.8801 57.3283 17.1502 40.1781 16.6181 15.8726 28.4133 20.0826 17.842 19.4842 15.4279
internal_count=840 683 645 547 98 156 391 348 56 102 68 73 275 103 172 100 73 50 72 46 157 47 110 45 43 78 54 49 53 42
is_linear=0
shrinkage=0.03


Tree=14
num_leaves=33
num_cat=0
split_feature=13 13 35 40 33 26 17 36 28 36 35 29 1 1 29 25 28 29 21 25 36 28 2 40 40 28 26 19 36 22 28 28
split_gain=13.3087 6.75976 3.43749 3.51183 4.37774 3.42748 3.25083 2.89263 2.43496 2.01516 2.3181 2.82006 2.02801 1.93689 2.29465 1.90152 1.83844 2.05409 1.99389 2.62671 1.89425 1.58702 1.40439 1.37715 2.0778 1.84263 1.12442 1.08762 0.803359 1.31734 0.35185 0.312228
threshold=-0.1244838435582914 1.0536975299515901 0.73436973672099126 666.50000000000011 0.72679184047878875 -0.68723914962436505 0.53430186382324785 -0.34914017375670164 -0.57929391710022271 0.32114311738724483 -1.2839863437990151 0.86307084648213073 1.0000000180025095e-35 -0.33967481120018206 -0.3027588289864982 -0.83627232356827153 0.99683128420400169 -1.3194707552672793 1.0000000180025095e-35 -0.18783962960148787 -0.34914017375670164 0.24029118757797377 -0.048478329892144394 470.50000000000006 350.50000000000006 0.42942621173448065 -0.45843182275775135 -1.0000000180025095e-35 -0.4279970315383424 0.40881729720812809 0.61856123589098755 -1.0836539815175741
decision_type=2 2 2 2 2 2 2 2 2 2 2 2 2 2 2 2 2 2 2 2 2 2 2 2 2 2 2 2 2 2 2 2
left_child=5 2 3 4 16 7 27 -1 -5 21 -11 12 13 14 -12 -4 17 -2 28 22 -21 31 -20 24 -3 -25 -17 -6 -19 -30 -28 -7
right_child=1 23 15 8 6 9 -8 -9 -10 10 11 -13 -14 -15 -16 26 -18 18 19 20 -22 -23 -24 25 -26 -27 30 -29 29 -31 -32 -33
leaf_value=-0.0088685695210641222 -0.0028680251138445646 0.015882188357622385 0.0055435080656420256 0.0036372733440741016 -0.0029527418577394307 -0.0094871327839819424 0.0088932599897389338 0.013973513607906343 -0.018652035210618256 0.0077827715420558663 -0.017678932153320195 -0.024379605915357941 -0.017414274368049983 0.0079978692799536066 0.0041945971742794203 0 -0.0027800346596585338 0.029230549119942908 -0.0075675187014325419 0.0041218844174216616 0.023853579035835688 -0.0026542708420820996 0.0084346677389363078 0.033825045182190101 -0.0033301903866910778 0.011052120658473743 -0.018209585348107647 -0.018505357784131406 0.0026334034261679706 0.020697459309336853 -0.0056724532337179608 -0.023041633290848729
leaf_weight=7.999924004077914 6.8177973031997672 11.429484337568285 7.1005538105964687 6.7300136983394614 10.158701151609424 6.9277547001838711 10.155509591102602 8.8201621472835523 8.0712070763111097 6.6706101894378653 7.6132533848285648 7.9255086779594413 7.3275660276412955 11.349943399429323 6.6583287119865426 7.0505568385124269 7.8530342578887931 7.6020666658878353 9.8460821807384509 9.9199343323707563 9.6155991256237083 6.9725047051906577 7.1677009165286973 6.9420484602451351 6.8761024475097647 10.756583154201506 10.601745396852492 8.0395359396934474 7.8113078176975277 8.5728560090064985 6.7066759765148154 19.476488620042801
leaf_count=24 20 33 21 20 30 21 30 26 24 20 23 24 22 34 20 21 23 22 29 29 28 21 21 20 20 31 32 24 23 25 20 59
internal_value=0 0.00470206 0.00178657 0.00416131 0.00616188 -0.00888598 -0.00359426 0.0029453 -0.00874706 -0.0114268 -0.00689253 -0.0096198 -0.00498838 -0.00044686 -0.00766516 -0.00674873 0.00991664 0.0115125 0.013259 0.00802816 0.0151277 -0.0171397 -0.000364729 0.0161173 0.00865688 0.0222419 -0.0106776 -0.0110141 0.0200525 0.0133639 -0.0145105 -0.0204015
internal_weight=283.567 185.825 149.821 118.361 103.56 97.742 28.3537 16.8201 14.8012 80.922 47.5452 40.8746 32.9491 25.6215 14.2716 31.4595 75.2064 67.3533 60.5355 36.5493 19.5355 33.3767 17.0138 36.0042 18.3056 17.6986 24.359 18.1982 23.9862 16.3842 17.3084 26.4042
internal_count=840 546 442 348 304 294 84 50 44 244 143 123 99 77 43 94 220 197 177 107 57 101 50 104 53 51 73 54 70 48 52 80
is_linear=0
shrinkage=0.03


Tree=15
num_leaves=27
num_cat=0
split_feature=2 12 30 12 1 35 35 23 36 34 40 22 25 2 34 16 30 33 17 25 22 30 22 21 12 28
split_gain=11.3948 4.59047 6.62935 5.82515 4.3598 3.59702 3.17412 3.44511 3.09118 3.33682 2.39613 2.31064 1.97885 1.78992 1.69796 4.13441 2.66855 1.62231 1.1835 1.64652 1.45163 1.09399 0.998566 0.955481 0.838183 0.226026
threshold=-0.76587944169855615 -0.68112620064027374 0.070783442828129442 -0.7403902870027983 -0.33967481120018206 0.73436973672099126 0.14009121640506003 -0.6555284023134561 -0.75131014844306943 -0.16765665100899718 376.50000000000006 -1.1074502908017394 0.46059306436529585 -0.4936890198661234 0.47174623519837494 1.0000000180025095e-35 -0.83128160224234282 0.94068937194883406 -0.82780303939838462 0.46059306436529585 0.26842215017017756 0.20956268053127869 0.97039788535993132 -0.50286206361303254 -0.042420401970858938 0.42942621173448065
decision_type=2 2 2 2 2 2 2 2 2 2 2 2 2 2 2 2 2 2 2 2 2 2 2 2 2 2
left_child=23 2 3 10 5 8 7 12 -3 -10 -2 -12 -6 -11 16 -16 -9 -14 -8 24 -21 -15 -4 -1 -20 -22
right_child=1 4 22 -5 6 -7 18 14 9 13 11 -13 17 21 15 -17 -18 -19 19 20 25 -23 -24 -25 -26 -27
leaf_value=0.0075398342029190006 0.0035890692641373043 -0.016820660511334129 0.025387489262961204 0.020222994131746438 0.019587589808642367 0.020042938205104902 -0.00024260286385771457 0 0.020481242824657402 -0.013322412150592067 0 -0.021977870695471725 -0.010396667679426227 0.0099147478788745805 0.018007007254291142 -0.013175547552052889 -0.021724153342655948 0.010336966284622679 -0.02053082682019303 -0.015407660161924195 -0.0021629936038040525 -0.0055364523493750765 0.0070381072431293353 0.027057152005252244 -0.0069623594170805849 0.0052231130380639519
leaf_weight=5.7051168978214291 7.7907592058181825 7.0763254612684241 10.783108949661257 6.305357187986373 6.496418550610545 7.6894957572221747 7.3680164963006964 8.0307232737541216 6.3221650123596218 6.9630939364433315 5.6309608072042527 11.676978334784502 5.3686188459396345 8.6442473381757718 5.4231808334588987 7.0201311707496643 11.05554720759392 5.2161838114261627 26.392067462205887 5.9656818807125118 5.5486134141683561 5.1694668233394614 6.733269363641738 11.941973030567167 9.0227805376052839 5.3869640529155731
leaf_count=21 30 28 40 23 25 29 29 31 24 27 22 47 21 33 21 28 45 20 106 24 22 20 25 42 36 21
internal_value=6.86226e-06 -0.00207662 0.00573341 -0.00245268 -0.00469215 0.00334456 -0.00785689 -0.00192137 -0.000929163 0.00367535 -0.00919409 -0.0150945 0.00832264 -0.00220392 -0.00777866 0.000459602 -0.0130832 0 -0.0124275 -0.0139775 -0.00512483 0.00376476 0.0197611 0.0221458 -0.0176598 0.00118413
internal_weight=216.727 199.08 48.9204 31.4041 150.16 41.8648 108.295 48.6108 34.1753 27.099 25.0987 17.3079 17.0812 20.7768 31.5296 12.4433 19.0863 10.5848 59.6841 52.3161 16.9013 13.8137 17.5164 17.6471 35.4148 10.9356
internal_count=840 777 187 122 590 161 429 191 132 104 99 69 66 80 125 49 76 41 238 209 67 53 65 63 142 43
is_linear=0
shrinkage=0.03


Tree=16
num_leaves=29
num_cat=0
split_feature=1 22 23 5 13 17 9 34 40 34 25 34 25 1 24 34 36 22 2 22 22 28 12 19 13 1 34 24
split_gain=8.51004 4.59694 3.98484 6.42673 3.46059 3.30378 3.28115 3.2036 3.10252 3.63352 2.56891 3.1362 3.9051 2.54845 2.54053 2.21359 2.19465 2.18429 1.9973 3.21054 1.67042 5.01601 3.02601 1.52409 1.57153 1.52125 0.351719 0.197379
threshold=0.13544189141464821 -1.7251889377687226 0.34716147558026705 -0.64132365856069562 1.0000000180025095e-35 -0.82780303939838462 0.77919057802306313 -1.1622833628871312 283.50000000000006 0.75592529573498468 -1.4847050175350551 0.75592529573498468 -0.83627232356827153 -0.1342189397991744 0.90470911643741714 -1.3754176582895885 0.32114311738724483 -0.37739552620439581 -0.32066875172457704 -0.37739552620439581 -0.040447173313314037 -0.32711388489154697 -0.11658369906464693 0.38975675632806994 0.19480897367343245 -0.32683381923761906 -0.16765665100899718 -1.0000000180025095e-35
decision_type=2 2 2 2 2 2 2 2 2 2 2 2 2 2 2 2 2 2 2 2 2 2 2 2 2 2 2 2
left_child=1 -1 4 17 7 -5 13 15 -9 16 -7 14 -13 23 -12 -3 18 -4 25 -20 21 -2 27 24 -6 -10 -24 -22
right_child=20 2 3 5 6 10 -8 8 9 -11 11 12 -14 -15 -16 -17 -18 -19 19 -21 22 -23 26 -25 -26 -27 -28 -29
leaf_value=0.021892019219789453 -0.01405496855601438 0.0016663999006091609 0.00074633733275915055 -0.0043745228290038374 -0.0093439066918759722 -0.002196063714219665 0.0062902374737108515 -0.013095500355022964 0.00042866673177648513 0.019812996833201951 0.028083408671570841 0.018323495803897343 -0.0063811137278716934 0.00098787819165290815 0.0087916224719365062 0.023465740013784469 -0.011349820699610848 -0.019217296695299969 -0.014181112019794214 0.0037499607663219405 -0.024406363542574704 0.013810183421238312 0.0012642275874234098 -0.0046844996092629352 -0.02918405298954509 0.018448131303556214 -0.0069296284536841382 -0.010829893312261293
leaf_weight=8.9526355862617475 13.130957573652269 9.2684456408023852 8.8562165796756762 9.9665502905845624 10.247094780206682 7.3916026651859275 10.343788951635359 13.553354531526564 8.8772118985652941 7.4085923433303824 19.393529385328293 9.2711062133312243 10.711414486169813 9.8783928751945513 12.952534377574919 7.7991147041320792 12.160603642463682 8.045883893966673 11.37576985359191 27.715197950601592 14.111233890056608 8.0683429241180402 7.3078449964523315 10.283233016729353 9.4900345206260663 8.1541838347911746 7.2574192583560926 7.2987236976623562
leaf_count=24 36 25 24 27 28 20 28 37 24 20 52 25 29 27 35 21 33 22 31 75 39 22 20 28 26 22 20 20
internal_value=-1.98925e-06 0.00236096 0.00148748 0.00660538 -0.00134104 0.0106421 -0.00772972 0.00168809 -0.000596811 0.00177446 0.013292 0.0155914 0.00528066 -0.0116056 0.0212675 0.0130418 -0.000480522 -0.00922269 0.00200466 -0.00165152 -0.0103171 -0.00297353 -0.0141921 -0.0157897 -0.0205535 0.0101746 -0.00271085 -0.0210521
internal_weight=309.271 252.096 243.144 86.5888 156.555 69.6867 50.2425 106.312 89.2449 75.6916 59.7202 52.3286 19.9825 39.8988 32.3461 17.0676 68.283 16.9021 56.1224 39.091 57.1745 21.1993 35.9752 30.0204 19.7371 17.0314 14.5653 21.41
internal_count=840 683 659 234 425 188 137 288 242 205 161 141 54 109 87 46 185 46 152 106 157 58 99 82 54 46 40 59
is_linear=0
shrinkage=0.03


Tree=17
num_leaves=30
num_cat=0
split_feature=13 13 34 35 34 12 35 22 26 35 31 20 41 20 40 12 22 33 40 12 13 31 2 35 30 13 25 3 16
split_gain=12.7009 6.39708 3.93955 5.06283 5.09484 5.14219 4.11335 3.5867 3.32009 3.31496 3.10543 2.54749 2.36617 2.22319 2.00915 3.96891 1.76184 1.64677 1.54554 1.42518 1.36395 2.30897 3.45902 1.0899 0.893558 0.781479 0.606948 0.522693 0.0246171
threshold=-0.1244838435582914 1.0536975299515901 -0.72812090928953299 0.73436973672099126 1.0000000180025095e-35 0.13694239334262492 -0.39028638774786784 0.40881729720812837 -0.68723914962436505 -0.53086840330647533 -1.3749986440586535 1.0000000180025095e-35 525.50000000000011 -0.58105829361704109 539.00000000000011 -0.66092228970366884 -0.37739552620439581 0.72679184047878875 386.50000000000006 -0.3895985204670781 2.1239749545538351 -0.95168924295589719 1.3567838479404157 -1.0931964655409048 0.20956268053127869 1.0000000180025095e-35 0.78480941134868787 0.48545261719960658 -0.61209227738874139
decision_type=2 2 2 2 2 2 2 2 2 2 2 2 2 2 2 2 2 2 2 2 2 2 2 2 2 2 2 2 2
left_child=8 2 9 4 5 14 -6 13 17 -2 -11 -5 16 -8 15 -4 23 -1 -18 -14 21 -3 -23 -10 27 -13 -12 -20 -17
right_child=1 20 3 11 6 -7 7 -9 12 10 26 25 19 -15 -16 28 18 -19 24 -21 -22 22 -24 -25 -26 -27 -28 -29 -30
leaf_value=0.011268541050849621 0.0058783603574118909 0.004369004996009257 0.0023296522920144003 -0.017457259305541067 -0.012317792306718154 -0.006539350363771337 0.00076175679752755738 -0.0055711281241205019 -0.0075226263525327375 0.00333336126183167 -0.010100778679447669 0.0067595407815036245 0.0072528035372609002 0.02251432578208341 0.0041517552649293918 0.036204092572312732 0.0015154362916317418 -0.0059081561113089208 -0.010015337243711203 -0.009517734583985301 0.0033124346403684353 0.0098008068825910077 0.037660210828795587 -0.023160011567284314 -0.017573462749837641 -0.00565513383150156 -0.024631299709945834 0.00028828309261882452 0.019628405003323898
leaf_weight=8.7904516160488146 12.650092124938963 8.9463508129119891 6.886092633008956 9.9152855575084704 13.080891817808149 6.8252154290676108 7.4447290897369411 11.265991568565367 8.8954567015171069 7.7175546884536734 11.639967620372778 8.44062891602516 8.370690852403639 11.007186472415926 7.440046787261962 10.142425984144213 9.2867097258567792 8.0285665690898878 7.2100950479507464 6.9322595298290244 8.321889251470564 10.407202512025835 8.5164477229118329 20.612898200750351 12.53579458594322 6.7021437585353842 8.2785454690456373 6.6906875967979431 10.436828285455706
leaf_count=26 37 26 20 30 39 20 22 33 27 23 35 25 25 32 22 29 28 24 22 21 24 30 24 63 38 20 25 20 30
internal_value=0 0.00458317 0.00174105 0.00471004 0.00822621 0.0154987 0.000715126 0.00696022 -0.00870503 -0.00607085 -0.0117674 -0.00671998 -0.0112171 0.0147557 0.0200646 0.0237298 -0.0136595 0.00292931 -0.0083062 -0.000158652 0.0156558 0.0187798 0.0244776 -0.0192315 -0.0118673 0.000889868 -0.0177222 -0.00512138 0.029974
internal_weight=283.419 186.066 149.874 109.587 84.5294 41.7306 42.7988 29.7179 97.3536 40.2862 27.6361 25.0581 80.5346 18.4519 34.9054 27.4653 65.2316 16.819 35.7233 15.303 36.1919 27.87 18.9237 29.5084 26.4366 15.1428 19.9185 13.9008 20.5793
internal_count=840 546 442 322 247 121 126 87 294 120 83 75 244 54 101 79 198 50 108 46 104 80 54 90 80 45 60 42 59
is_linear=0
shrinkage=0.03


Tree=18
num_leaves=26
num_cat=0
split_feature=2 27 12 12 30 20 30 35 12 40 2 2 36 15 20 33 26 21 30 40 40 19 21 6 27
split_gain=10.737 4.69698 2.90514 5.13162 4.88997 5.58028 3.20618 4.42397 3.31294 2.81739 2.79432 3.67989 2.27692 2.60361 1.8601 1.66118 1.53215 1.88219 1.42666 1.98188 1.15303 0.960317 0.908912 0.900119 0.442836
threshold=-0.76587944169855615 1.6495593419320291 -0.68112620064027374 -0.7403902870027983 0.20956268053127869 -1.0801791100965172 -0.83128160224234282 -1.2839863437990151 -0.077305485571597096 470.50000000000006 -0.17085851955323808 -0.28479869613425646 0.43604882444049298 -0.38542897373240392 1.0000000180025095e-35 -0.12879828540139157 1.0000000180025095e-35 -0.50286206361303254 1.1116277256017515 539.00000000000011 376.50000000000006 0.70955717177674138 -0.50286206361303254 -0.27881219053996625 -1.0000000180025095e-35
decision_type=2 2 2 2 2 2 2 2 2 2 2 2 2 2 2 2 2 2 2 2 2 2 2 2 2
left_child=22 2 3 4 5 -2 7 -4 12 -9 11 14 18 -14 -10 -11 17 -12 19 21 -7 -8 -1 -6 -19
right_child=1 -3 6 -5 23 20 8 9 10 15 16 -13 13 -15 -16 -17 -18 24 -20 -21 -22 -23 -24 -25 -26
leaf_value=0.007208393237641989 0.013510263136130353 0.016756895177676423 -0.013916270175156956 0.022581687626632541 0.0028255159513092326 -0.002587518710598858 -0.021815771145131301 0.024856850980849162 -0.011112072851065278 -0.0068383319310415759 0.01025140116700632 0.023167896917662543 0.011630490099808093 -0.011424716320943872 0.0086237765713716094 0.01261769926815501 -0.016031362204305906 -0.00070357335731998088 -0.0012511433099678868 -0.0012602207718415673 -0.020559442645034606 -0.0078234451977620915 0.026091946626183606 0.021093820669683763 -0.014145546657161244
leaf_weight=5.7573882937431362 6.1570001542568198 9.7472449541091901 7.4218651354312923 8.3483896851539594 5.8784661889076233 5.6397851109504762 29.359310895204544 6.831806272268298 7.7359225153923052 7.2246990650892293 6.1054501533508327 6.4699779748916617 6.6283287853002539 8.0649851858615857 6.382549911737442 5.5721779316663689 9.8134293407201749 5.1073406934738186 7.7786191999912253 7.7769413143396369 14.449301555752752 9.6221264153718931 12.13445472717285 5.5196232795715314 5.0523539483547202
leaf_count=21 23 36 29 30 22 22 120 26 30 28 24 24 26 32 24 21 40 20 31 31 59 39 42 20 20
internal_value=1.10396e-05 -0.00202638 -0.00315125 0.00325055 -0.00158431 -0.00875565 -0.00526489 0.00373077 -0.00743643 0.0112016 -0.0010535 0.00679064 -0.0115406 -0.000539778 -0.00183455 0.00164877 -0.00749635 -0.00109027 -0.0143036 -0.0162443 -0.0163223 -0.018928 0.0213525 0.0135616 -0.00886261
internal_weight=216.58 198.688 188.94 45.9926 37.6442 26.2461 142.948 27.0505 115.897 19.6287 46.667 20.5885 69.2303 14.6933 14.1185 12.7969 26.0786 16.2651 54.537 46.7584 20.0891 38.9814 17.8918 11.3981 10.1597
internal_count=840 777 741 176 146 104 565 104 461 75 182 78 279 58 54 49 104 64 221 190 81 159 63 42 40
is_linear=0
shrinkage=0.03


Tree=19
num_leaves=31
num_cat=0
split_feature=1 22 23 5 26 16 14 9 35 14 41 35 12 15 15 38 22 22 22 21 33 16 26 34 24 34 16 32 24 22
split_gain=8.05509 4.418 3.77014 6.19467 3.73295 4.32721 3.6451 3.21493 3.07718 4.16628 2.87574 2.24073 2.20907 5.47593 3.35594 2.10731 2.53682 2.09437 1.92956 5.05928 1.72373 2.33527 1.70797 1.53438 1.08233 1.07806 1.05059 0.940125 0.84576 0.068532
threshold=0.13544189141464821 -1.7251889377687226 0.34716147558026705 -0.64132365856069562 0.57120114814201095 -0.61209227738874139 -0.1150976347080479 0.77919057802306313 -0.81203243442369011 0.24850523250055143 386.50000000000006 -0.28987066234886255 -0.88845806922815418 0.26626252774751907 -0.38542897373240392 -0.62930008834761775 0.26842215017017756 -0.37739552620439581 -0.37739552620439581 -0.50286206361303254 1.2853020615394626 1.0446988493777771 1.0288158018752387 -0.2387014161431496 -1.0000000180025095e-35 -0.025567120740692364 -0.3359604229276551 0.21523720644499322 0.90470911643741714 0.40881729720812809
decision_type=2 2 2 2 2 2 2 2 2 2 2 2 2 2 2 2 2 2 2 2 2 2 2 2 2 2 2 2 2 2
left_child=1 -1 6 17 27 22 7 10 9 -8 11 -3 -10 14 15 16 -14 -4 -7 -20 21 24 -6 -17 29 -15 -12 -5 -26 -2
right_child=20 2 3 4 5 18 8 -9 12 -11 26 -13 13 25 -16 23 -18 -19 19 -21 -22 -23 -24 -25 28 -27 -28 -29 -30 -31
leaf_value=0.021425146825378258 -0.012177498278885986 -0.011887098739355608 0.00061547840587879426 0.025561929233734546 -0.013702209294607498 0.021479354801637342 -0.020959097617821974 0.0061737480678222909 -0.00942553539317398 0.0047053869097074463 -0.0088185002221456525 0.0086081383463011557 0.010092561983936843 0.0279079320589747 -0.014368504778886531 0.01626553984624551 -0.010005506093122726 -0.018940899655427324 0.019997588422065917 -0.009037304973384128 0.00069015738485817847 0.00055131344778801435 0.0031272935760265769 0.0024615141875013705 -0.00077903459612709404 0.0089217441301830784 -0.023806904097321165 0.0087280211299249778 -0.014617134139641297 -0.024207133452258146
leaf_weight=8.965530723333357 9.4225808382034284 7.6691514849662807 8.8617196679115313 13.443784207105638 9.5628128349781054 11.159038782119753 9.7964129447937029 10.350539267063139 7.7216666638851157 9.9881469309329969 12.417010962963104 8.4587147533893567 7.3838599920272818 8.5448172390460986 8.4670181572437269 14.119674444198607 13.656102806329725 8.0197169780731183 8.9055990576744097 9.6164683103561384 9.9041775465011579 9.1551508605480176 8.8838095068931562 16.988136470317848 9.119923293590551 8.1632804870605451 12.730764895677567 8.1671347916126233 7.6259922981262198 11.784819096326826
leaf_count=24 26 21 24 36 26 30 27 28 21 27 34 23 20 23 23 38 37 22 24 26 27 25 24 46 25 22 35 22 21 33
internal_value=-5.70864e-06 0.00229055 0.00143319 0.00641003 0.0103706 0.00524747 -0.00131892 -0.00774804 0.00185551 -0.0083021 -0.0114735 -0.00097962 0.00439081 0.00599978 0.00151939 0.0045405 -0.00248375 -0.0091361 0.0121719 0.0050756 -0.010058 -0.0123927 -0.00567072 0.00937111 -0.0155694 0.0204603 -0.0175443 0.0204391 -0.00809327 -0.020284
internal_weight=309.054 252.041 243.075 86.6201 69.7386 48.1277 156.455 51.6262 104.829 19.7846 41.2756 16.1279 85.0446 77.3229 60.6148 52.1478 21.04 16.8814 29.6811 18.5221 57.0126 47.1085 18.4466 31.1078 37.9533 16.7081 25.1478 21.6109 16.7459 21.2074
internal_count=840 683 659 234 188 130 425 141 284 54 113 44 230 209 164 141 57 46 80 50 157 130 50 84 105 45 69 58 46 59
is_linear=0
shrinkage=0.03


Tree=20
num_leaves=29
num_cat=0
split_feature=13 13 34 35 34 12 35 22 26 35 36 36 20 41 20 40 12 22 29 41 15 13 22 36 13 36 25 29
split_gain=12.0623 6.05495 3.77129 4.85081 4.85401 4.90171 3.95971 3.44156 3.22341 3.18357 4.56233 2.73423 2.45915 2.3042 2.1103 1.91191 3.73548 1.71014 3.59416 1.89267 1.37397 1.32796 1.36065 1.18827 0.750352 0.716705 0.438191 0.288277
threshold=-0.1244838435582914 1.0536975299515901 -0.72812090928953299 0.73436973672099126 1.0000000180025095e-35 0.13694239334262492 -0.39028638774786784 0.40881729720812837 -0.68723914962436505 -0.53086840330647533 -1.2875367813582266 -0.34914017375670164 1.0000000180025095e-35 525.50000000000011 -0.58105829361704109 539.00000000000011 -0.66092228970366884 -0.37739552620439581 -0.3027588289864982 470.50000000000006 0.52693912833948831 2.2451987897431365 0.52113341483848896 0.72331309207361283 1.0000000180025095e-35 -0.4279970315383424 0.46059306436529585 -0.79078055360127297
decision_type=2 2 2 2 2 2 2 2 2 2 2 2 2 2 2 2 2 2 2 2 2 2 2 2 2 2 2 2
left_child=8 2 9 4 5 15 -6 14 11 -2 -11 -1 -5 17 -8 16 -4 23 -19 -20 -15 22 -3 -10 -14 -24 -12 -18
right_child=1 21 3 12 6 -7 7 -9 13 10 26 -13 24 20 -16 -17 27 18 19 -21 -22 -23 25 -25 -26 -27 -28 -29
leaf_value=-0.0085946449994879198 0.0057129094891880837 0.0087233189029257332 0.0022825970466542399 -0.017213705934466045 -0.012140975895090358 -0.006437201730984575 0.00073628476278920704 -0.0054948438583366848 -0.023728878018416548 0.0065468990324846696 -0.0093611038573140435 0.013617923519541761 0.0065861044408020335 -0.0093173351886798698 0.021925062003685988 0.0040091632133550216 0.015431885348209461 -0.017340696273627419 -0.0063422413307282705 0.011773337758914933 0.0071682288715520627 0.0018769077800054022 0.012021920553168346 -0.0083572640796431667 -0.0055774061996098009 0.031061700580714689 -0.023426084762390449 0.03347021494314939
leaf_weight=7.9462656378746059 12.679940938949583 13.607636511325838 6.8906955420970908 9.8451438844203967 13.026088416576384 6.8090097308158866 7.4473607540130642 11.249812662601469 18.455362588167194 7.7217366695404044 8.2884190380573326 8.8640610277652723 8.4649349153041822 6.8960779607295981 11.085301280021669 7.4582791030406943 6.9974984824657467 17.361413925886154 10.899477094411852 7.3267928659915915 8.3824919462203962 6.9389488399028769 7.671822100877761 10.79676043987274 6.6896735131740561 8.1478869915008527 11.50116580724716 13.756765782833101
leaf_count=24 37 39 20 30 39 20 22 33 57 23 25 26 25 21 32 22 20 53 33 22 25 20 22 33 20 23 35 39
internal_value=0 0.00445675 0.00168619 0.0045866 0.00801967 0.0150962 0.000679377 0.00679176 -0.00850885 -0.00596802 -0.0115756 0.00294641 -0.00661663 -0.0109959 0.0144025 0.0195296 0.0230891 -0.0134169 -0.00813719 0.000977394 -8.27906e-05 0.0152001 0.0179043 -0.0189348 0.000837784 0.0240156 -0.0188917 0.0291081
internal_weight=283.207 186.278 149.912 109.721 84.7208 41.9122 42.8086 29.7825 96.9287 40.1913 27.5113 16.8103 24.9998 80.1184 18.5327 35.1032 27.645 64.8398 35.5877 18.2263 15.2786 36.3663 29.4273 29.2521 15.1546 15.8197 19.7896 20.7543
internal_count=840 546 442 322 247 121 126 87 294 120 83 50 75 244 54 101 79 198 108 55 46 104 84 90 45 45 60 59
is_linear=0
shrinkage=0.03


Tree=21
num_leaves=26
num_cat=0
split_feature=2 27 41 30 35 1 36 33 19 15 21 14 7 16 36 36 33 26 23 16 35 34 16 31 15
split_gain=10.1163 4.47815 2.80199 3.42505 3.96141 2.40755 2.89994 3.80902 2.57405 2.56672 2.47797 2.19625 4.35226 2.17169 4.88578 3.86061 3.629 2.02413 1.46592 1.2448 1.52722 1.19868 1.18925 0.961577 0.956304
threshold=-0.76587944169855615 1.6495593419320291 478.50000000000006 -1.386398553054941 -1.3743604966581198 -0.32683381923761906 -0.63214867446192347 -0.77049087981152686 -0.56964449001794393 0.91795402922744218 -0.50286206361303254 -0.88299954305925998 -0.045788853950189827 -0.88822413184982785 -0.52788238472842053 -0.21508351552791224 0.29899677753869858 0.22799015784209034 -0.32129844301554839 -0.3359604229276551 -0.28987066234886255 0.89801482600328963 0.76856699491669056 1.5881671636606423 -0.6461055743243731
decision_type=2 2 2 2 2 2 2 2 2 2 2 2 2 2 2 2 2 2 2 2 2 2 2 2 2
left_child=23 2 3 4 -2 6 -5 -8 -9 13 -10 -11 -13 15 16 24 18 -17 -15 -4 -21 -16 -22 -1 -7
right_child=1 -3 19 5 -6 9 7 8 10 11 -12 12 -14 14 21 17 -18 -19 -20 20 22 -23 -24 -25 -26
leaf_value=0.026298622141088902 -0.0028108389049237279 0.016278677472275748 -0.017121080384260089 -0.0099298050740693131 0.026853391568798068 -0.018734819774527008 -0.0058135148144426198 -0.00095385094356538523 0.0040186240729353081 -0.0095867929755106135 0.03198613991142684 -0.0060606788176775835 0.021556143093117458 0.002046146755736816 -0.019350341974990075 0.023643196997482251 0.014038219491646383 -0.00031443157827167734 -0.016754013761161739 -0.015356689672875422 0.01124843683409928 -0.0039391470453188724 -0.0056986140438285817 0.008147187207541453 -0.0001329229370465932
leaf_weight=10.95681867003441 7.0613691955804825 9.8445690870285016 14.83929894864559 8.965307876467703 6.4780984669923765 5.3421574681997299 9.7925238013267499 5.1535778045654324 5.5855080038309106 6.8887828588485744 7.8334170579910287 8.342642039060598 9.2797873020172066 5.0959262102842331 30.835708096623421 5.224594980478285 9.1611701697111112 5.0310024321079254 7.2914258390665072 5.8087721019983301 5.0811386406421661 7.5302029699087134 6.8039056360721588 7.1709982454776755 4.9933341443538684
leaf_count=38 28 36 60 35 24 22 38 20 21 27 29 32 35 20 124 20 36 20 30 23 20 30 27 25 20
internal_value=1.69151e-05 -0.00197511 -0.00308146 -0.00132128 0.0122461 -0.00276771 0.00358224 0.00833812 0.0159755 -0.00509991 0.0223216 0.00308698 0.00871843 -0.00767658 -0.0105091 0.000447586 0.000688478 0.0128396 -0.00920229 -0.0109093 -0.00445622 -0.0167381 0.00154701 0.0205953 -0.0114106
internal_weight=216.392 198.264 188.42 155.887 13.5395 142.347 37.3303 28.365 18.5725 105.017 13.4189 24.5112 17.6224 80.5055 59.9144 20.5911 21.5485 10.2556 12.3874 32.5331 17.6938 38.3659 11.885 18.1278 10.3355
internal_count=840 777 741 611 52 559 143 108 70 416 50 94 67 322 240 82 86 40 50 130 70 154 47 63 42
is_linear=0
shrinkage=0.03


Tree=22
num_leaves=30
num_cat=0
split_feature=1 22 29 40 25 33 36 23 20 26 2 23 19 41 22 13 24 28 35 22 33 16 30 0 16 24 15 37 1
split_gain=7.62886 4.24757 3.8216 3.48903 2.89758 4.02018 1.94937 4.7608 3.90319 3.6106 3.14531 4.24533 5.20764 3.25589 2.3983 2.33848 1.88984 3.10345 1.9847 1.85992 1.66016 2.28384 1.48303 1.36946 1.36167 1.04419 0.958547 0.856792 0.0614413
threshold=0.13544189141464821 -1.7251889377687226 -0.54676969129388564 295.50000000000006 0.46059306436529585 0.51289430900874367 0.72331309207361283 0.34716147558026705 -0.58105829361704109 0.57120114814201095 -0.36919882693501083 1.0000000180025095e-35 -0.2498440745692726 386.50000000000006 -0.37739552620439581 -0.64293086281444078 -0.59249460933653719 -0.6581001771654339 0.73436973672099126 0.40881729720812809 1.2853020615394626 1.0446988493777771 -0.9700608399454923 -0.17288878567100177 1.0000000180025095e-35 -1.0000000180025095e-35 -0.38542897373240392 0.44182418895223635 0.7710709935615162
decision_type=2 2 2 2 2 2 2 2 2 2 2 2 2 2 2 2 2 2 2 2 2 2 2 2 2 2 2 2 2
left_child=1 -1 4 26 16 -6 7 10 -8 -9 15 12 22 -14 -11 -5 19 -18 23 -3 21 25 -12 -19 -10 28 -4 -27 -2
right_child=20 2 3 6 5 -7 8 9 24 14 11 -13 13 -15 -16 -17 17 18 -20 -21 -22 -23 -24 -25 -26 27 -28 -29 -30
leaf_value=0.020974789017804685 -0.025127515122939745 -0.0087521242895956131 -0.0032996024034459711 -0.0025440900703707849 -0.015856088221034015 0.009050977753569325 0.0091587842354136206 0.025755339739467618 -0.022246723606467372 0.01389505875001449 -0.018563975666946265 -0.022927430699044404 0.023344478129720486 0.00023422110103993345 -0.0049310400648082372 0.016249953264986135 0.026995818746399922 -0.0070485439696545988 0.015498578164690559 0.0092039637206920173 0.00072323029644075329 0.00067468975187331742 -0.0037976568331180138 0.0089667576661564292 -0.0042302341114342779 -0.01368251459346792 -0.015993600662293585 0 -0.013249575036450193
leaf_weight=8.9747476577758771 8.9875111579895002 7.3715479373931911 11.706890702247621 9.2417517304420489 9.5103825330734271 10.746310979127882 8.1487944424152392 10.084598153829576 8.3577920496463793 10.050509870052339 9.8177293539047223 8.4226915538310987 7.3977927565574708 15.806341528892515 11.083369135856627 11.882345169782637 10.430134683847426 8.8667704761028308 13.747487634420393 10.746691316366194 9.8992799222469312 9.1438664495944959 18.683010160923004 7.4240661859512356 9.1652070283889753 8.7055335044860875 14.263641864061354 8.0058185160160065 12.100457012653349
leaf_count=24 25 20 32 25 26 29 22 27 23 27 27 23 20 43 30 32 28 24 37 29 27 25 51 20 25 24 39 22 34
internal_value=-1.05379e-05 0.00222185 0.00138012 -0.0012033 0.00675426 -0.00265392 0.000690429 0.00244328 -0.0064791 0.012128 -0.00135767 -0.00490826 -0.00129654 0.00881504 0.0040844 0.00813887 0.0100921 0.0136133 0.00771327 0.00148195 -0.00981024 -0.012109 -0.0097581 5.3359e-05 -0.0142154 -0.0152618 -0.0109825 -0.0079101 -0.01991
internal_weight=308.773 251.931 242.956 164.112 78.8434 20.2567 138.142 112.47 25.6718 31.2185 81.2517 60.1276 51.7049 23.2041 21.1339 21.1241 58.5867 40.4685 30.0383 18.1182 56.8425 46.9432 28.5007 16.2908 17.523 37.7993 25.9705 16.7114 21.088
internal_count=840 683 659 446 213 55 375 305 70 84 221 164 141 63 57 57 158 109 81 49 157 130 78 44 48 105 71 46 59
is_linear=0
shrinkage=0.03


Tree=23
num_leaves=31
num_cat=0
split_feature=13 13 34 35 34 35 22 26 35 31 40 20 20 22 1 33 35 4 14 37 22 29 16 29 22 0 13 16 29 16
split_gain=11.4777 5.74795 3.63976 4.6423 4.61089 3.81599 3.31447 3.11888 3.03536 2.96787 2.93323 2.36724 1.99839 1.98422 1.88118 1.54286 1.47375 3.00256 2.27345 1.39104 1.00813 0.992573 0.980709 0.962501 2.24903 1.29454 0.726621 0.379897 0.18352 0.0638223
threshold=-0.1244838435582914 1.0536975299515901 -0.72812090928953299 0.73436973672099126 1.0000000180025095e-35 -0.39028638774786784 0.40881729720812837 -0.68723914962436505 -0.53086840330647533 -1.3749986440586535 666.50000000000011 1.0000000180025095e-35 -0.58105829361704109 -1.1074502908017394 -0.37177729110658941 0.72679184047878875 -1.3743604966581198 0.097507711395874122 0.68556361641620189 1.0000000180025095e-35 -0.37739552620439581 -0.54676969129388564 -0.61209227738874139 -0.54676969129388564 -0.37739552620439581 0.16137833662886489 1.0000000180025095e-35 0.76856699491669056 -0.3027588289864982 -0.61209227738874139
decision_type=2 2 2 2 2 2 2 2 2 2 2 2 2 2 2 2 2 2 2 2 2 2 2 2 2 2 2 2 2 2
left_child=7 2 8 4 10 -6 12 15 -2 -10 13 -5 -7 -4 23 -1 -16 18 20 29 -18 -21 -15 -9 25 -25 -13 -24 -11 -3
right_child=1 19 3 11 5 6 -8 14 9 28 -12 26 -14 22 16 -17 17 -19 -20 21 -22 -23 27 24 -26 -27 -28 -29 -30 -31
leaf_value=0.010971371903542982 0.0054780476436881494 0.012094024009008518 0.0020780232735788727 -0.016946445866648112 -0.011954526084261863 0.000751877772653955 -0.0054173217282733957 -0.024582222076782487 0.0033232962616412814 -0.010348579239311661 -0.0022638908170778457 0.0064482869605548927 0.021388468381987165 0.028350603997516946 0.0052470297217544594 -0.0056540455925701985 -0.016010816125634427 -0.020414913023563942 0.0093264122424052305 0.015620863369768529 0 0.0021549492733385425 0.0050313621776498221 -0.0052521877421910701 -0.0011649981918641272 -0.02472660095831692 -0.0055206231057976741 0.017651825363060123 -0.022063624941771571 0.026813481777256665
leaf_weight=8.8273193836212176 12.721340477466581 6.9772923588752747 6.9076723158359519 9.7665330767631549 12.967628896236418 7.4447550177574184 11.23249304294586 9.3585054576396924 7.716281831264495 10.487214624881746 6.7361806333065024 8.4838899672031385 11.15507346391678 13.052346348762512 7.2889501452445975 7.9793261289596549 6.8004620671272251 10.75284907221794 8.6454166471958143 8.7993680834770203 7.2337848246097609 12.94256666302681 6.9716845452785501 6.8061116039752987 12.86362347006798 9.9534805417060834 6.6802294850349417 8.4103502929210645 9.1849571466445941 7.8044069409370405
leaf_count=26 37 20 20 30 39 22 33 29 23 32 20 25 32 37 22 24 21 33 26 25 22 37 20 21 39 31 20 24 28 22
internal_value=0 0.0043389 0.00163419 0.00448044 0.00783093 0.0006652 0.00665198 -0.00832446 -0.00589443 -0.0113946 0.0147081 -0.00649657 0.0140995 0.0180663 -0.0107827 0.00293382 -0.00571029 -0.00839369 -0.00153318 0.0147807 -0.00886378 0.00851943 0.0214512 -0.0155253 -0.0114244 -0.0182277 0.000793263 0.0132425 -0.0172774 0.0219884
internal_weight=282.952 186.442 149.919 109.809 84.8782 42.8 29.8323 96.5098 40.1098 27.3885 42.0782 24.9307 18.5998 35.3421 79.7032 16.8066 40.7215 33.4325 22.6797 36.5236 14.0342 21.7419 28.4344 38.9817 29.6232 16.7596 15.1641 15.382 19.6722 14.7817
internal_count=840 546 442 322 247 126 87 294 120 83 121 75 54 101 244 50 124 102 69 104 43 62 81 120 91 52 45 44 60 42
is_linear=0
shrinkage=0.03


Tree=24
num_leaves=26
num_cat=0
split_feature=2 27 12 12 30 20 30 35 12 41 41 37 2 34 31 20 35 36 15 36 40 33 31 0 12
split_gain=9.57442 4.30863 2.73635 4.9129 4.6546 5.37011 2.99876 4.21134 3.13182 4.02481 2.97778 2.45456 2.26089 2.24863 2.22287 2.16466 1.27404 1.24024 1.34495 1.58344 1.10406 1.04867 0.900005 0.838101 0.604986
threshold=-0.76587944169855615 1.6495593419320291 -0.68112620064027374 -0.7403902870027983 0.20956268053127869 -1.0801791100965172 -0.83128160224234282 -1.2839863437990151 -0.077305485571597096 395.50000000000006 470.50000000000006 0.44182418895223635 -0.20461857187353985 0.89801482600328963 1.0000000180025095e-35 -1.0000000180025095e-35 0.87495175227959887 -1.4439362159584805 -1.0371204752123269 1.0000000180025095e-35 376.50000000000006 0.29899677753869858 1.5881671636606423 -0.28565359801312556 0.21530033425151357
decision_type=2 2 2 2 2 2 2 2 2 2 2 2 2 2 2 2 2 2 2 2 2 2 2 2 2
left_child=22 2 3 4 5 -2 7 -4 13 14 -9 16 -12 17 -10 -15 24 -8 19 21 -7 -19 -1 -6 -11
right_child=1 -3 6 -5 23 20 8 10 9 11 12 -13 -14 15 -16 -17 -18 18 -20 -21 -22 -23 -24 -25 -26
leaf_value=0.025403663915056256 0.013072256443584515 0.015911102027035669 -0.013739980136914682 0.021990130746571034 0.0027095689640742999 -0.0026681851665494899 0 -0.0047771850408338682 0.023653307845667642 -0.0051307965923058493 0.003509719331153282 0.0052913317631585978 0.029037784590201385 -0.010804728771403399 0 0.012474776042332124 0 -0.018454804474951465 -0.021648261787289007 0.0023341907320363446 -0.020357761934442657 -0.0045088421093772953 0.0078756379521021536 0.020316031257992542 -0.019680362994621992
leaf_weight=11.120853841304781 6.2203791737556449 9.9200460314750654 7.3427130281925228 8.4400588870048505 5.898003488779068 5.6560644656419816 6.1512954980134955 6.3040089607238796 5.8111593425273878 6.5610553622245851 6.7740520089864766 9.2401437759399396 6.7116897255182213 5.6805981397628784 7.9531819522380829 5.6478279829025251 5.6662511378526679 14.335674032568933 19.502220422029499 6.1720704287290564 14.201765298843382 10.765797585248945 7.2183243036270133 5.6097119152545911 11.32720811665058
leaf_count=38 23 36 29 30 22 22 25 24 22 26 26 36 25 23 31 22 22 60 80 25 59 44 25 20 45
internal_value=2.18803e-05 -0.00192842 -0.00302006 0.00318239 -0.00156929 -0.00862361 -0.00508527 0.00358715 -0.00720611 -0.00100369 0.0108131 -0.00678948 0.0182499 -0.0112384 0.0117009 0.000435216 -0.0118012 -0.0136156 -0.0151179 -0.0100581 -0.0161415 -0.0132906 0.0199241 0.0131066 -0.0154632
internal_weight=216.232 197.893 187.973 46.026 37.5859 26.0782 141.947 27.1325 114.814 46.559 19.7898 32.7947 13.4857 68.2555 13.7643 11.3284 23.5545 56.9271 50.7758 31.2735 19.8578 25.1015 18.3392 11.5077 17.8883
internal_count=840 777 741 176 146 104 565 104 461 182 75 129 51 279 53 45 93 234 209 129 81 104 63 42 71
is_linear=0
shrinkage=0.03


Tree=25
num_leaves=29
num_cat=0
split_feature=7 27 8 23 21 35 26 16 19 21 21 37 23 19 12 14 15 8 32 32 4 33 16 34 23 30 15 32
split_gain=7.24345 3.19562 3.95465 4.02663 4.58273 3.27365 2.8236 2.89237 2.97796 2.93682 2.65488 2.52243 2.46851 2.99071 4.79718 3.22997 2.45365 2.43704 1.97678 1.64466 1.6359 1.60683 2.21035 1.2713 0.973994 0.578669 0.381962 0.0052951
threshold=0.2768720194840778 1.440249446401433 -1.2732278525222569 0.34716147558026705 1.7543071220271822 -0.81203243442369011 0.57120114814201095 -0.61209227738874139 -0.2498440745692726 -0.50286206361303254 -0.87905692788640166 1.0000000180025095e-35 1.0000000180025095e-35 -0.2498440745692726 -0.70348215593997454 -0.092226778317075223 -1.0371204752123269 -0.36840107019932572 0.21523720644499322 -0.43361938104362757 -0.33064273370056035 1.2853020615394626 1.0446988493777771 0.2586119397959174 1.015621394176083 -0.48433350798446911 0.13592422745153446 0.45276506436493485
decision_type=2 2 2 2 2 2 2 2 2 2 2 2 2 2 2 2 2 2 2 2 2 2 2 2 2 2 2 2
left_child=1 2 -1 4 5 17 18 20 27 -10 11 -7 13 15 -15 -12 -3 -4 -5 -19 -8 22 24 -14 25 -2 -27 -9
right_child=21 16 3 6 -6 10 7 8 9 -11 12 -13 23 14 -16 -17 -18 19 -20 -21 -22 -23 -24 -25 -26 26 -28 -29
leaf_value=-0.013881757755499135 -0.0064775405283147205 0.0015635383564865835 0.0027825312656810188 0.024867541286198971 0.01979239288640924 0.0003612529816884463 0.0053504456832746518 0.011463584052089852 0.013794764788935075 -0.0079717754652307675 -0.011649108290678329 0.019056940209218519 -0.018631618943936983 -0.011662749030490751 0.013599084248265402 0.0065382747407084774 -0.020035473845460075 -0.0054479460180983557 0.005014665141279546 -0.024420497754382341 -0.01013498739798128 0.00077149849530167621 0.00071338975287233949 -0.0011887110377227584 -0.003151192888616699 -0.0091239335208763029 -0.023045972783227012 0.02463025118366214
leaf_weight=10.174135476350783 7.2115836441516867 7.7616538703441647 8.9044180214405078 13.839443653821947 9.3073861896991712 13.692276716232302 9.639555901288988 7.4544575810432416 8.9116953015327436 10.335229992866518 20.468889683485031 12.260702311992643 7.6744124293327323 7.3345213234424511 27.303344100713744 12.949722558259955 8.4293883740901929 10.909064382314684 8.9259123206138593 8.2541055679321271 11.720852941274641 9.8936423659324628 9.1393646001815778 8.0935572385787946 7.2296929359436026 7.1363176107406678 16.066117346286774 7.4706613123416901
leaf_count=28 20 21 24 37 25 37 26 20 24 28 56 33 21 20 74 35 23 30 24 23 32 27 25 22 20 20 45 20
internal_value=-1.23105e-05 0.00216081 0.00308626 0.00396512 0.000966417 -0.000461041 0.00940156 0.00533884 0.0106212 0.00208605 0.00185671 0.00997069 -0.000716272 0.00174279 0.00782183 -0.00445154 -0.0100875 -0.00936341 0.018122 -0.0150898 -0.0029917 -0.00957744 -0.0118463 -0.0109068 -0.0149593 -0.0172982 -0.0198209 0.0200668
internal_weight=308.492 251.815 235.624 225.45 147.152 137.845 78.2978 55.5325 34.172 19.2469 109.777 25.953 83.8244 68.0565 34.6379 33.4186 16.191 28.0676 22.7654 19.1632 21.3604 56.6767 46.7831 15.768 37.6437 30.414 23.2024 14.9251
internal_count=840 683 639 611 400 375 211 150 92 52 298 70 228 185 94 91 44 77 61 53 58 157 130 43 105 85 65 40
is_linear=0
shrinkage=0.03


Tree=26
num_leaves=30
num_cat=0
split_feature=13 13 34 35 40 34 35 36 35 26 36 20 41 41 1 34 36 34 37 21 37 30 24 16 29 13 34 26 28
split_gain=10.9128 5.45601 3.48033 4.40204 4.4884 4.06291 3.54507 3.04921 4.3491 3.02831 2.61629 2.288 2.23284 1.99797 2.31202 1.88951 1.70726 2.0987 4.89334 1.58896 1.32731 1.24111 1.21038 1.06404 0.959102 0.705149 0.514223 0.377189 0.308754
threshold=-0.1244838435582914 1.0536975299515901 -0.72812090928953299 0.73436973672099126 666.50000000000011 1.0000000180025095e-35 -0.1091223566306531 -1.2875367813582266 -0.53086840330647533 -0.68723914962436505 -0.34914017375670164 1.0000000180025095e-35 525.50000000000011 323.00000000000006 -0.1342189397991744 0.47174623519837494 0.32114311738724483 1.0401043562715946 1.0000000180025095e-35 -0.50286206361303254 1.0000000180025095e-35 -0.2067750325781699 -0.59249460933653719 1.0000000180025095e-35 -0.54676969129388564 1.0000000180025095e-35 -0.025567120740692364 -0.91604647649097848 1.1386825523213819
decision_type=2 2 2 2 2 2 2 2 2 2 2 2 2 2 2 2 2 2 2 2 2 2 2 2 2 2 2 2 2
left_child=9 2 7 4 5 13 15 -2 -9 10 -1 -5 16 -4 22 -7 26 18 -18 -8 28 -19 -15 -14 -22 -13 -11 -10 -3
right_child=1 20 3 11 -6 6 19 8 27 12 -12 25 23 14 -16 -17 17 21 -20 -21 24 -23 -24 -25 -26 -27 -28 -29 -30
leaf_value=-0.0083893457632073752 0.0076153386379330607 0.026928350757161289 0.0017257428717486019 -0.016677336508030285 -0.0078360593325946908 -0.017114667914024627 0.00076661579172739329 0.0041495055509606178 -0.022989588192977976 -0.010070207815090031 0.013344341961688173 0.0063607818284651223 0.0070271695229280626 0.012577320729333485 0.0041910041113944214 0.0018035110242072268 0.01549796812749041 -0.0039843657162951553 -0.012513344502997901 0.017912611289641157 0.015215038645312103 -0.022044293510267734 0.032320431729830575 -0.0074759102158662178 0.0020136210037258379 -0.005429724541557151 -0.02288530999165982 -0.0094291144556643714 0.010944665001911894
leaf_weight=7.9036718606948879 9.785312205553053 7.7919315695762617 6.9510278403758994 9.6856398582458514 12.778371959924696 7.0209703445434597 9.238182544708252 10.678224802017214 11.061253368854524 10.579704999923708 8.8957586884498578 8.4953761696815473 7.656181186437605 8.8084037005901354 7.2496037483215359 9.0624525249004346 7.9384611546993282 7.5159786939620998 12.265066415071486 11.459509640932083 8.8408519327640533 9.4336088895797712 12.496959269046782 7.5446089804172516 12.966416597366333 6.6659149527549735 16.359921157360077 8.4860788583755475 7.0774469077587128
leaf_count=24 29 22 20 30 38 21 27 31 34 33 26 25 23 25 21 27 24 23 38 33 25 29 35 23 37 20 51 26 20
internal_value=0 0.00422001 0.00157984 0.00435936 0.00761267 0.0105287 0.00312391 -0.00579277 -0.0104775 -0.00814334 0.00294183 -0.00635015 -0.0105772 0.0175997 0.0209852 -0.0068692 -0.0129784 -0.00799203 -0.000920129 0.0110989 0.014369 -0.0153362 0.0257852 0 0.00825778 0.000794641 -0.0188601 -0.0184792 0.0213871
internal_weight=282.693 186.6 149.923 109.912 85.0655 72.2871 36.7811 40.0109 30.2256 96.093 16.7994 24.8469 79.2935 35.506 28.555 16.0834 64.0927 37.1531 20.2035 20.6977 36.6766 16.9496 21.3054 15.2008 21.8073 15.1613 26.9396 19.5473 14.8694
internal_count=840 546 442 322 247 209 108 120 91 294 50 75 244 101 81 48 198 114 62 60 104 52 60 46 62 45 84 60 42
is_linear=0
shrinkage=0.03


Tree=27
num_leaves=29
num_cat=0
split_feature=2 12 1 28 12 20 35 35 23 12 41 15 39 34 16 17 16 28 41 29 40 21 21 39 22 12 15 34
split_gain=9.01047 4.01174 3.86212 3.69187 5.62523 4.24706 3.34063 3.07184 3.26539 2.45318 1.93567 1.93235 1.96765 1.66003 3.82975 1.1269 1.0974 1.03946 1.07683 0.994424 0.994369 0.909522 0.740435 0.678972 0.65137 0.547772 0.0387297 0.00422245
threshold=-0.76587944169855615 -0.68112620064027374 -0.33967481120018206 0.42942621173448065 -0.7403902870027983 -1.0801791100965172 0.73436973672099126 0.14009121640506003 -0.6555284023134561 0.87187475446644658 470.50000000000006 0.13592422745153446 -0.59124081802371631 0.47174623519837494 1.0000000180025095e-35 -0.82780303939838462 1.0000000180025095e-35 -0.77893644259875761 386.50000000000006 0.58613788370469877 376.50000000000006 -0.50286206361303254 0.10845459083119212 -1.0000000180025095e-35 0.52113341483848896 -0.2051207871245668 1.3089689301153962 0.31189551364653195
decision_type=2 2 2 2 2 2 2 2 2 2 2 2 2 2 2 2 2 2 2 2 2 2 2 2 2 2 2 2
left_child=21 3 6 4 5 -2 9 8 10 11 -4 12 -3 19 -15 -9 -5 -17 -19 -10 -7 -1 -12 -20 -25 -13 -22 -11
right_child=1 2 7 16 -6 20 -8 15 13 27 22 25 -14 14 -16 17 -18 18 23 -21 26 -23 -24 24 -26 -27 -28 -29
leaf_value=0.0059531931553976061 0.012825638372051234 -0.0015699486076264373 -0.0038695130562548348 0.025541416742244295 0.021879406580528206 -0.0014806998479024978 0.019111784742662431 -4.9318959095565152e-05 -0.018646499510746505 -0.015046938490060143 0.004378598260719342 -0.010319150858855231 0.020082198848143658 0.017467032231810169 -0.012630882382961102 0 0.0068511343955706995 -0.0037832827719445311 -0.020177294661998437 -0.0033606688417560549 -0.020484651757006322 0.02376093290508861 0.022508682463243102 -0.014655501903790627 -0.00017186251503382486 0.0014580763108407934 -0.0087222713800739239 -0.0052821488580210262
leaf_weight=5.9566999077796963 6.2571852803230277 5.2644957900047276 6.0853316485881832 6.6394905596971503 6.5786252021789577 6.5037401169538525 7.8334108889102927 7.3113785386085501 10.030949607491499 5.5837510228157026 5.5859857499599439 5.339454248547554 7.6766508668661162 5.4871804714202863 6.7996933162212372 4.827900990843772 8.5132851153612119 8.9780637323856336 25.466461315751072 8.6074361801147443 8.121040463447569 12.606768816709517 5.350806325674057 5.5552586466074008 6.1333038657903671 5.1989110410213453 6.6115080863237372 5.1066336631774902
leaf_count=21 23 20 24 24 23 25 29 29 42 22 22 21 29 21 28 20 31 37 105 34 34 42 20 23 24 20 27 20
internal_value=3.00506e-05 -0.00187509 -0.00435539 0.0053831 -9.66824e-05 -0.00642195 0.00316642 -0.00738817 -0.00153474 -0.000970802 0.00841576 0.00427781 0.0116104 -0.00733276 0.000813299 -0.0119447 0.0169639 -0.0134868 -0.0148313 -0.0126614 -0.0128291 0.0192181 0.0153761 -0.0170953 -0.00839441 -0.00455293 -0.0168695 -0.0120986
internal_weight=216.011 197.448 148.223 49.2249 34.0721 27.4935 42.0033 106.22 47.9474 34.1699 17.0221 23.4795 12.9411 30.9253 12.2869 58.2724 15.1528 50.961 46.1331 18.6384 21.2363 18.5635 10.9368 37.155 11.6886 10.5384 14.7325 10.6904
internal_count=840 777 590 187 132 109 161 429 191 132 66 90 49 125 49 238 55 209 189 76 86 63 42 152 47 41 61 42
is_linear=0
shrinkage=0.03


Tree=28
num_leaves=29
num_cat=0
split_feature=1 21 36 36 26 16 40 33 25 17 31 26 27 19 32 29 16 34 16 16 40 26 34 34 30 36 31 16
split_gain=6.86576 3.08885 4.23072 4.99657 3.2938 5.43966 5.44261 3.87829 4.78453 4.0777 4.72193 4.15148 4.07836 3.86816 3.22223 2.2913 1.54655 3.20643 2.20554 1.44343 1.30019 1.23688 0.949561 0.69903 0.486289 1.64653 0.17464 0.0705138
threshold=0.13544189141464821 1.7543071220271822 0.81268419755947241 1.3935963832175593 -0.34402815932444425 0.49243514045560405 370.00000000000006 0.51289430900874367 1.0000000180025095e-35 -0.82780303939838462 0.027213747094227369 -0.00081716902452363038 -0.26413113149056072 -0.2498440745692726 -0.67694060135186052 -0.54676969129388564 -0.88822413184982785 -0.45183571154560659 1.0446988493777771 1.3208307038388634 478.50000000000006 0.57120114814201095 -0.73601477208221666 -0.45183571154560659 0.3830367276602159 -0.34914017375670164 0.027213747094227369 -0.61209227738874139
decision_type=2 2 2 2 2 2 2 2 2 2 2 2 2 2 2 2 2 2 2 2 2 2 2 2 2 2 2 2
left_child=1 2 4 27 5 6 -1 8 9 -6 11 -11 -13 22 -7 -5 17 -2 24 -16 21 -12 -8 -9 -18 -26 -10 -4
right_child=16 -3 3 15 7 14 13 23 26 10 20 12 -14 -15 19 -17 18 -19 -20 -21 -22 -23 -24 -25 25 -27 -28 -29
leaf_value=-0.011442267478731838 0.011129405765509606 0.015041014745253224 -0.024802482985628867 0.013195030291820698 -0.0081999090670513905 0.00078901683361846584 -0.0063421938863396383 0.010351959330850119 -0.0051271883832527086 0.014408583692935123 0.0089478321569278034 -0.018804044491961443 0.005186586863676703 0.021222383664764605 -0.022929011736857532 -0.0058565706403406262 -0.0218008411627621 -0.012917389451760663 -0.00083857919832935337 -0.004364321999731656 0.0035589787410880095 0.022892232686791955 0.0073970167710602488 0.025428559761124188 -0.01907722561128453 0 -0.015396865296380556 -0.011174062801253919
leaf_weight=11.309703230857847 8.0303062498569506 14.156280636787413 7.9679513573646545 7.8026701509952554 13.645958274602888 12.887672513723372 7.7249405384063721 12.917350322008135 7.341437488794325 10.686618059873579 14.474470466375349 11.333202481269836 11.105875194072723 15.929313153028488 13.816626995801927 12.823719590902328 13.669635564088823 8.8774977028369886 11.709727942943571 7.2919730544090262 9.2858806848525983 19.721470862627029 7.3382449150085449 7.4379091560840598 7.0704699456691724 7.1496610641479492 7.3640163540840149 7.305636912584303
leaf_count=31 22 38 22 21 37 35 21 35 20 29 39 31 30 43 38 35 38 25 32 20 25 53 20 20 20 20 20 20
internal_value=-1.87102e-05 0.00209508 0.00120881 -0.00803108 0.00293081 -0.00190266 0.00511823 0.00590871 0.00338894 0.00604437 0.00876724 0 -0.00709863 0.0115953 -0.010655 0.00148516 -0.00934714 -0.00119425 -0.0125116 -0.0174963 0.0150979 0.017782 5.25433e-05 0.0175027 -0.0169155 -0.0102054 -0.0115893 -0.0202237
internal_weight=308.176 251.669 237.513 35.9 201.613 76.2985 42.3022 125.314 104.959 90.2535 76.6075 33.1257 22.4391 30.9925 33.9963 20.6264 56.5073 16.9078 39.5995 21.1086 43.4818 34.1959 15.0632 20.3553 27.8898 14.2201 14.7055 15.2736
internal_count=840 683 645 98 547 208 115 339 284 244 207 90 61 84 93 56 157 47 110 58 117 92 41 55 78 40 40 42
is_linear=0
shrinkage=0.03


Tree=29
num_leaves=31
num_cat=0
split_feature=3 0 35 33 32 24 31 25 31 41 26 36 23 38 41 30 16 35 40 35 16 33 33 26 30 41 27 31 31 31
split_gain=9.87488 4.68392 3.30548 3.24397 2.81587 2.70203 2.69398 2.7822 3.26832 2.84352 3.58242 4.13537 2.48203 2.38886 2.28931 2.11942 2.08248 1.80324 1.62331 1.53731 1.36375 1.28524 1.07026 0.79046 0.648994 0.607787 0.305067 0.0570538 1.71348 0.02113
threshold=-0.14644492462357525 -0.56071919383337721 -1.2839863437990151 -0.34269581687143685 -1.1635830419683264 -0.59249460933653719 -0.54013843632821712 1.0000000180025095e-35 1.0000000180025095e-35 295.50000000000006 0.22799015784209001 0.18708645915845537 -1.0733158514358407 -0.62930008834761775 525.50000000000011 0.20956268053127869 1.0000000180025095e-35 -0.53086840330647533 295.50000000000006 -1.3743604966581198 0.49243514045560405 -0.55659334834148189 1.0000000180025095e-35 -0.00081716902452363038 0.070783442828129137 451.00000000000006 0.8123197598096461 1.1648577625578858 0.52989366090375067 -0.95168924295589719
decision_type=2 2 2 2 2 2 2 2 2 2 2 2 2 2 2 2 2 2 2 2 2 2 2 2 2 2 2 2 2 2
left_child=1 3 -3 -1 22 16 13 9 -9 -8 -11 21 -2 -6 18 -10 -5 -16 -14 -20 29 -12 -4 25 -13 -21 -7 28 -25 -15
right_child=12 2 4 5 6 26 7 8 15 10 11 24 14 20 17 -17 -18 -19 19 23 -22 -23 -24 27 -26 -27 -28 -29 -30 -31
leaf_value=0.024207664313939278 0.0065748578859002342 0.01581951289309895 0.01847013294461896 0.002389211718673533 0.0031251450441814217 -0.0070046507460756278 0.011851557633512035 0.022670456601403256 -0.010333605013719696 -0.019189971731876084 0 -0.0018274863012125652 -0.00049512555237650967 -0.02355453741650642 0.011506858231076795 0.0091114825854719857 0.024791507185143887 -0.006928745377917352 0 -0.00012297707873401291 -0.0032396964273936611 0.015359590420983801 0.0016510137978013192 -0.019779340689412034 -0.015331951675945952 -0.012406791397421306 0.00071070666333410831 -0.022162449482481257 -0.0022394867832284818 -0.011212625431563129
leaf_weight=13.477927923202513 8.4513471424579603 11.412543565034865 7.6664781868457776 8.4237952232360822 10.22168970108032 6.8705138862133044 8.5365972220897657 8.6467934548854846 7.0494340062141445 11.328690171241758 7.0828023850917772 6.6560893356800106 11.49607679247856 6.5998232364654532 6.6592428684234646 10.646940380334852 7.0829654037952414 9.89394563436508 7.1857440769672385 7.2621243596076885 10.365351587533949 10.301852792501455 7.3068037927150726 13.960417270660409 9.797924190759657 8.6721156537532789 7.057044118642807 14.190060764551161 9.2889800965785962 8.8089642226696032
leaf_count=38 25 33 22 24 30 20 25 25 21 34 21 20 35 20 20 31 20 30 22 22 31 30 22 44 29 27 20 44 29 26
internal_value=0 0.00405037 0.00133574 0.0125759 -4.54205e-05 0.00614023 -0.00171737 0.0013038 0.00906372 -0.0025368 -0.00567829 -0.000362452 -0.00768585 -0.00837923 -0.00919941 0.00085069 0.0142587 0.000495287 -0.0114728 -0.0133977 -0.0130827 0.0092835 0.0115245 -0.0151069 -0.0108123 -0.00764478 -0.00301739 -0.0177118 -0.0135744 -0.0184743
internal_weight=282.401 185.341 142.429 42.9122 131.016 29.4343 116.043 80.0471 26.3432 53.704 45.1674 33.8387 97.0601 35.9958 88.6087 17.6964 15.5068 16.5532 72.0555 60.5594 25.7741 17.3847 14.9733 53.3737 16.454 15.9342 13.9276 37.4395 23.2494 15.4088
internal_count=840 542 420 122 387 84 343 236 77 159 134 100 298 107 273 52 44 50 223 188 77 51 44 166 49 49 40 117 73 46
is_linear=0
shrinkage=0.03


Tree=30
num_leaves=25
num_cat=0
split_feature=2 27 41 12 12 20 27 35 35 29 24 41 37 12 12 12 12 16 35 39 36 29 40 17
split_gain=8.46053 4.03778 2.64505 2.65848 5.38507 3.77823 5.67332 2.72731 3.45617 4.6457 3.63749 2.94145 2.59158 2.56137 3.37567 2.03806 1.75009 1.23895 1.51056 1.76229 0.954413 0.881811 0.871449 0.0774916
threshold=-0.76587944169855615 1.6495593419320291 478.50000000000006 -0.68112620064027374 -0.7403902870027983 -1.0801791100965172 0.13206259933520978 0.14009121640506003 -0.81203243442369011 -0.54676969129388564 0.90470911643741714 354.50000000000006 1.0000000180025095e-35 -0.077305485571597096 0.12117245431235328 -0.15194373314219642 1.5538631926990139 -0.3359604229276551 -0.28987066234886255 -0.59124081802371631 -0.63214867446192347 0.12426018005142965 376.50000000000006 -1.0000000180025095e-35
decision_type=2 2 2 2 2 2 2 2 2 2 2 2 2 2 2 2 2 2 2 2 2 2 2 2
left_child=21 2 3 4 5 -2 22 8 15 -10 11 -11 -13 20 -15 -5 -16 -4 -19 -20 -9 -1 -7 -22
right_child=1 -3 17 7 -6 6 -8 13 9 10 -12 12 -14 14 16 -17 -18 18 19 -21 23 -23 -24 -25
leaf_value=0.0076952485062377358 0.020457757872439319 0.015349350917736863 -0.016815533556226964 0.00040354140720927383 0.026733079034113569 -0.0029223135474798516 0.012160213106569286 -0.0041589294090044254 -0.012300889433921625 0 -0.00689221223356458 0.0056867290384948962 0.029706478630693756 0.013978067913035927 -0.019362898557005702 -0.017155897313469975 7.7928968885168049e-05 -0.015096536205343639 -0.0078752556227089966 0.012745457359635105 -0.0087636008158303805 0.024280240676855535 -0.019388914964320998 -0.020212015331324433
leaf_weight=8.1130080819129962 4.9706895947456387 10.032718867063521 14.517122343182566 10.055429354310037 6.9427515566349021 5.7056404203176561 9.4972689598798734 9.1843722015619296 8.9344878047704679 8.1969200074672717 7.3228552639484397 8.1556964963674563 11.454416960477827 7.5950247794389751 6.069658696651457 10.916721805930136 7.9127645343542099 5.6993020623922392 6.1717330366373089 5.6047705709934172 6.7059344053268477 10.674380511045454 11.520862400531767 13.867560848593708
leaf_count=28 18 36 60 39 24 22 35 38 37 32 29 32 43 29 25 43 31 23 25 22 28 35 48 58
internal_value=3.24852e-05 -0.00182594 -0.00289404 -0.00118617 0.00543855 -4.25553e-05 -0.00495286 -0.0034778 0.000536989 0.00535695 0.0103314 0.0151926 0.021115 -0.00854854 -0.000290592 -0.00900479 -0.00903198 -0.0105659 -0.00413937 0.001818 -0.0140431 0.0185126 -0.0149263 -0.0176013
internal_weight=215.822 197.035 187.002 155.009 38.6372 31.6945 26.7238 116.372 65.0365 44.0644 35.1299 27.807 19.6101 51.3353 21.5774 20.9722 13.9824 31.9929 17.4758 11.7765 29.7579 18.7874 17.2265 20.5735
internal_count=840 777 741 611 147 123 105 464 255 173 136 107 75 209 85 82 56 130 70 47 124 63 70 86
is_linear=0
shrinkage=0.03


Tree=31
num_leaves=28
num_cat=0
split_feature=7 27 2 23 21 35 26 28 27 21 37 23 19 12 3 39 2 32 19 32 19 16 16 31 12 32 36
split_gain=6.51832 3.0146 3.65268 3.7574 4.33757 3.06525 2.72268 2.87593 5.87958 2.4612 2.42124 2.41551 2.77839 4.54934 3.1663 2.36979 2.34146 1.92005 1.83285 1.55084 1.52727 1.48841 2.14595 1.72462 1.42469 0.963617 0.711522
threshold=0.2768720194840778 1.440249446401433 -0.76587944169855615 0.34716147558026705 1.7543071220271822 -0.81203243442369011 0.57120114814201095 -0.32711388489154697 0.60300986427905023 -0.87905692788640166 1.0000000180025095e-35 1.0000000180025095e-35 -0.2498440745692726 -0.70348215593997454 -0.27282443298821163 -0.59124081802371631 -0.36919882693501083 0.21523720644499322 -0.2498440745692726 -0.43361938104362757 1.0000000180025095e-35 -0.88822413184982785 1.0446988493777771 -0.31672514130176233 -0.78439093577292718 1.0000000180025095e-35 -0.34914017375670164
decision_type=2 2 2 2 2 2 2 2 2 2 2 2 2 2 2 2 2 2 2 2 2 2 2 2 2 2 2
left_child=1 2 -1 4 5 16 17 18 20 10 -7 12 14 -14 -11 -3 -4 -5 -8 -18 -9 23 24 -2 -23 -13 -26
right_child=21 15 3 6 -6 9 7 8 -10 11 -12 25 13 -15 -16 -17 19 -19 -20 -21 -22 22 -24 -25 26 -27 -28
leaf_value=-0.013412359814342231 0.0085860078825314434 0.0015581986815260392 0.0027492317404265916 0.024227089834561431 0.019184355772848112 0.00014094911405716602 0.018789593175725032 -0.0010988249437719204 0.01602668879145416 -0.017734314241937714 0.018422329329898204 -0.01795467837754194 -0.011449988483334853 0.013161534473217426 0.0014995853774165267 -0.01967822326606106 -0.0053778261486540826 0.0047207468314554085 0.00068272838533525281 -0.023898980350781727 -0.017289909842576858 -0.025458351932592504 -0.00073152620451101644 -0.0091411887060419625 -0.015124437221019459 -0.0022813668677691881 -0.0020953686046131471
leaf_weight=10.112091392278669 7.2499723136425045 7.755678832530978 8.900832414627077 13.834571808576586 9.3220407366752607 13.693568527698519 14.567933261394503 11.407250076532366 10.759879469871519 9.4183886647224409 12.288863837718962 7.3079478144645682 7.3120864033698956 27.340007781982436 23.927090734243386 8.3924979567527753 10.898768275976183 8.9320463240146619 8.5286070406436902 8.1773810684680921 10.256615072488783 10.297890126705171 11.697470337152479 9.6329994499683362 8.5023411512374896 8.4350993037223798 8.9575638771057111
leaf_count=28 20 21 24 37 25 37 39 31 29 26 33 20 20 74 65 23 30 24 23 23 28 29 32 27 24 23 25
internal_value=-2.10074e-05 0.00203637 0.00293595 0.00377998 0.000880581 -0.000508823 0.0090309 0.00504712 -0.000618102 0.00173108 0.00953935 -0.000746464 0.00168611 0.00754259 -0.00429037 -0.00987324 -0.0091381 0.0175863 0.0127968 -0.0147723 -0.00964665 -0.00912619 -0.0122378 -0.00112286 -0.0165955 -0.0108339 -0.00945111
internal_weight=307.907 251.569 235.421 225.309 147.022 137.7 78.2869 55.5203 32.4237 109.723 25.9824 83.7406 67.9976 34.6521 33.3455 16.1482 27.977 22.7666 23.0965 19.0761 21.6639 56.3382 39.4553 16.883 27.7578 15.743 17.4599
internal_count=840 683 639 611 400 375 211 150 88 298 70 228 185 94 91 44 77 61 62 53 59 157 110 47 78 43 49
is_linear=0
shrinkage=0.03


Tree=32
num_leaves=30
num_cat=0
split_feature=13 13 34 35 40 34 35 41 36 16 23 41 36 20 23 36 34 37 22 12 20 40 19 28 30 13 16 35 28
split_gain=9.90488 4.92487 3.30521 4.10211 4.27115 3.78123 4.06165 3.64549 2.9378 4.2236 2.56612 2.6609 2.19855 2.18558 2.17056 2.16143 2.24132 4.27861 1.88656 1.68595 1.56106 1.28915 1.97089 1.80214 1.21192 0.691294 0.648749 0.455931 0.245726
threshold=-0.1244838435582914 1.0536975299515901 -0.72812090928953299 0.73436973672099126 666.50000000000011 -0.025567120740692364 -0.1091223566306531 353.00000000000006 -1.2875367813582266 1.0446988493777771 -0.6555284023134561 525.50000000000011 -0.21508351552791224 1.0000000180025095e-35 0.34716147558026705 0.32114311738724483 1.0401043562715946 1.0000000180025095e-35 0.52113341483848896 -0.67532657106299665 -0.58105829361704109 470.50000000000006 1.269207898811916 0.42942621173448065 -0.2067750325781699 1.0000000180025095e-35 -0.61209227738874139 -0.28987066234886255 1.0000000180025095e-35
decision_type=2 2 2 2 2 2 2 2 2 2 2 2 2 2 2 2 2 2 2 2 2 2 2 2 2 2 2 2 2
left_child=10 2 8 4 5 7 14 -4 -2 20 12 15 -1 -5 -7 27 17 -17 28 -13 -10 22 -3 -23 -18 -15 -9 -12 -8
right_child=1 21 3 13 -6 6 18 26 9 -11 11 19 -14 25 -16 16 24 -19 -20 -21 -22 23 -24 -25 -26 -27 -28 -29 -30
leaf_value=-0.0082684257578548442 0.0074210592186578382 -0.00074627204132017967 -0.00054872040295440275 -0.016334198825355327 -0.007756383446427928 -0.016360267239997093 0.008878471691856302 0.029775786309102298 -0.004322460852961587 0.0077277956559019872 -0.023809063437386584 0.0099906041503147452 0.011428342756689525 0.0062945740317334655 0.0028231615308455379 0.015129093270071671 -0.0036862615815376684 -0.011366610104070415 0 -0.0080629344402062715 -0.022335187311843824 0.030329766273949368 0.017660854462542591 0.0088998593461564156 -0.021548552567369719 -0.0053810033672843033 0.014514680652173683 -0.011101019795806294 0.022980772533282963
leaf_weight=7.8728431761264828 9.8128073215484601 11.621942907571794 6.9584035277366665 9.5767868757247943 12.751746803522108 8.4507685005664843 6.9393362402915972 11.095445871353155 8.4465086758136767 7.383309304714202 14.813976645469667 7.6900591552257538 9.4485476016998273 8.5020056962966901 9.6790309846401197 7.9798114299774197 7.4611057639122036 11.510238230228422 8.5621205568313581 7.8314001560211164 14.25472864508629 7.1900465488433865 7.0998233258724204 11.028138667345045 9.2620927393436414 6.6551103591918936 13.432218611240382 11.430152237415312 7.4080338180065155
leaf_count=24 29 33 20 30 38 25 20 31 25 22 47 23 28 25 29 24 23 36 25 24 44 20 20 31 29 20 38 36 21
internal_value=0 0.0040064 0.00148899 0.00419441 0.00732425 0.0101603 0.00373737 0.0177995 -0.00570753 -0.0103288 -0.00780121 -0.0101006 0.00221158 -0.00616968 -0.00637994 -0.012811 -0.00730252 0 0.0118897 0.00062132 -0.0165644 0.0136096 0.00672976 0.0193256 -0.0148679 0.000784991 0.0229669 -0.01939 0.0180246
internal_weight=282.149 186.848 149.908 110.011 85.2771 72.5254 41.0393 31.4861 39.8974 30.0845 95.3002 77.9788 17.3214 24.7339 18.1298 62.4574 36.2132 19.49 22.9095 15.5215 22.7012 36.94 18.7218 18.2182 16.7232 15.1571 24.5277 26.2441 14.3474
internal_count=840 546 442 322 247 209 120 89 120 91 294 242 52 75 54 195 112 60 66 47 69 104 53 51 52 45 69 83 41
is_linear=0
shrinkage=0.03


Tree=33
num_leaves=22
num_cat=0
split_feature=2 27 41 30 35 7 36 33 24 38 32 23 16 36 16 41 36 5 19 31 19
split_gain=7.94647 3.85448 2.54447 3.23394 3.54999 2.13064 2.76736 3.62535 2.31357 2.15811 1.95877 3.54811 3.33204 2.01925 2.0532 1.37922 1.24006 1.50107 0.991529 0.895114 0.691765
threshold=-0.76587944169855615 1.6495593419320291 478.50000000000006 -1.386398553054941 -1.3743604966581198 -0.36674637116243824 -0.63214867446192347 -0.77049087981152686 -1.3410964722235144 1.2790467499628477 -0.19029816073539482 -0.6555284023134561 1.0000000180025095e-35 -0.63214867446192347 0.49243514045560405 395.50000000000006 0.32114311738724483 -0.18309454216515506 -0.2498440745692726 1.5881671636606423 -0.2498440745692726
decision_type=2 2 2 2 2 2 2 2 2 2 2 2 2 2 2 2 2 2 2 2 2
left_child=19 2 3 4 -2 6 -5 -8 -7 10 13 -12 -13 14 -10 -9 17 -4 -17 -1 -15
right_child=1 -3 16 5 -6 8 7 15 9 -11 11 12 -14 20 -16 18 -18 -19 -20 -21 -22
leaf_value=0.02306978271493746 -0.002467677688335365 0.014933201138256247 -0.01886301141048671 -0.0098660411972540541 0.02557075528861856 0.0092770436446183643 -0.0058271402250780818 0.024860410994036512 -0.010824742416742274 -0.01866970711936115 0.016369738917992253 0.0043165011269543554 -0.011858919522293955 -0.0059517483154096079 0.0077306450679320345 0.013757600574868393 0 -0.0017798629104048057 -0.0018687283604005764 0.0065528491619412186 -0.021543795230794933
leaf_weight=11.552685141563417 6.9554441273212433 10.118980020284651 15.426812931895258 8.9242233932018262 6.6293725669383985 7.9835509806871405 9.7846909612417203 7.3469209372997328 9.8246337026357669 9.9187423437833768 7.7920564860105435 20.572283610701575 21.948463693261147 6.8508676588535335 8.5118304789066297 6.1056141108274469 8.3325593024492246 7.9710012376308468 5.3168479502201071 7.4488567709922782 10.294370248913756
leaf_count=38 28 36 65 35 24 31 38 27 40 41 30 81 90 27 34 23 33 32 20 25 42
internal_value=3.42687e-05 -0.00177843 -0.00282904 -0.00115603 0.0119994 -0.00257684 0.00336677 0.00798816 -0.0047994 -0.00616028 -0.00434937 -0.000360719 -0.00401625 -0.00959897 -0.00197557 0.0153845 -0.0103878 -0.0137421 0.00664704 0.0178408 -0.0166154
internal_weight=215.611 196.609 186.49 154.76 13.5848 141.175 37.4783 28.5541 103.697 95.7132 85.7945 50.3128 42.5207 35.4817 18.3365 18.7694 31.7304 23.3978 11.4225 19.0015 17.1452
internal_count=840 777 741 611 52 559 143 108 416 385 344 201 171 143 74 70 130 97 43 63 69
is_linear=0
shrinkage=0.03


Tree=34
num_leaves=26
num_cat=0
split_feature=1 27 2 29 21 40 39 4 35 5 39 36 14 31 2 33 29 35 34 12 33 37 12 19 34
split_gain=6.15123 2.88317 3.47266 3.17299 2.87559 2.64477 2.28736 1.83579 1.77288 2.90897 3.14173 2.65514 2.46904 2.45399 2.12095 1.76057 2.73413 2.35663 1.61605 1.53336 1.51366 2.15384 3.18094 3.8765 0.990851
threshold=0.13544189141464821 1.440249446401433 -0.76587944169855615 -0.54676969129388564 1.7543071220271822 295.50000000000006 -0.59124081802371631 -0.33064273370056035 0.73436973672099126 -0.35601118986158542 1.0000000180025095e-35 0.32114311738724483 -0.2410108240144751 0.30312076745584549 -0.5348340836314911 -0.34269581687143685 -1.3194707552672793 0.73436973672099126 -0.025567120740692364 -0.01276390075810232 1.2853020615394626 1.0000000180025095e-35 0.034997926468506642 1.0000000180025095e-35 -0.45183571154560659
decision_type=2 2 2 2 2 2 2 2 2 2 2 2 2 2 2 2 2 2 2 2 2 2 2 2 2
left_child=1 2 -1 7 5 18 -3 19 9 11 13 14 -12 -11 -7 17 -17 -9 -5 -4 21 -2 23 -23 -18
right_child=20 6 3 4 -6 8 -8 15 -10 10 12 -13 -14 -15 -16 16 24 -19 -20 -21 -22 22 -24 -25 -26
leaf_value=-0.013117181955059639 -0.020099704555417264 0.0015216195288636485 0.02704738924332559 -0.015941221913170146 0.013718820926222761 0.0015988264452473412 -0.019348748453481578 -0.011990166435883975 0.012057193527821107 -0.0021512666577230984 0 -0.0025261454379351335 -0.019007441868920449 0.011883083745140938 0.022364311919332629 0.020796472613394859 -0.0029811453870524241 0.0085058868177703417 -0.00047944596809696555 0.0056888954782558024 0.0011215995374099308 0.0013538257804989883 0.0089974207920224362 -0.021949819109767451 0.0090631389594622823
leaf_weight=10.073088139295576 15.168403089046476 7.7559111714363125 7.4627491533756256 11.849908739328386 13.794712036848066 8.1947421729564685 8.3584966063499433 8.4764559566974658 12.265163034200667 40.204828381538391 11.298742294311525 11.813262641429899 13.480696350336073 13.693819731473921 11.191337734460832 11.561192393302912 11.082206070423124 8.5731424093246442 12.892853677272795 7.4044688344001752 9.850740969181059 10.829457253217702 7.9543970227241507 12.349915027618406 9.9650692045688682
leaf_count=28 43 21 20 33 37 22 23 23 33 110 31 32 37 37 30 31 30 23 35 20 27 30 22 35 27
internal_value=-2.84169e-05 0.00196828 0.00284835 0.003671 0.00133845 8.39233e-06 -0.00968898 0.00922622 0.00188414 0.000547602 -0.00247838 0.00812561 -0.0110178 0.00153129 0.014619 0.0059441 0.00991035 -0.00150614 -0.00860102 0.0182728 -0.00889018 -0.0111141 -0.00582973 -0.0113986 0.00267882
internal_weight=307.546 251.393 235.278 225.205 160.68 146.885 16.1144 64.5253 122.143 109.877 78.6781 31.1993 24.7794 53.8986 19.3861 49.6581 32.6085 17.0496 24.7428 14.8672 56.1529 46.3022 31.1338 23.1794 21.0473
internal_count=840 683 639 611 437 400 44 174 332 299 215 84 68 147 52 134 88 46 68 40 157 130 87 65 57
is_linear=0
shrinkage=0.03


Tree=35
num_leaves=30
num_cat=0
split_feature=13 13 34 35 40 34 12 35 13 26 12 35 36 36 41 25 23 34 1 30 37 15 15 15 25 22 34 29 28
split_gain=9.47989 4.68377 3.1888 3.91788 4.08455 3.61079 3.72714 3.33022 2.84702 2.83395 2.82393 2.48344 3.04393 2.44713 2.05137 1.99189 1.77114 2.0935 2.0098 1.53525 1.31009 1.24899 1.0976 1.00748 1.00058 0.973832 0.450631 0.362291 0.302717
threshold=-0.1244838435582914 1.0536975299515901 -0.72812090928953299 0.73436973672099126 666.50000000000011 1.0000000180025095e-35 0.093560506737392066 0.31262369004516927 0.51060296089257295 -0.68723914962436505 -0.68455005322077389 -0.53086840330647533 -1.2875367813582266 -0.34914017375670164 525.50000000000011 -0.83627232356827153 1.015621394176083 1.0401043562715946 -0.28189034736864871 0.20956268053127883 1.0000000180025095e-35 0.52693912833948831 -0.12475237314043477 0.13592422745153446 0.78480941134868787 0.40881729720812809 -0.025567120740692204 -0.79078055360127297 1.1386825523213819
decision_type=2 2 2 2 2 2 2 2 2 2 2 2 2 2 2 2 2 2 2 2 2 2 2 2 2 2 2 2 2
left_child=9 2 8 4 5 6 10 19 11 13 -4 -2 -13 -1 16 -5 18 -18 26 22 28 -16 -7 -22 -14 -17 -11 -12 -3
right_child=1 20 3 15 -6 7 -8 -9 -10 14 27 12 24 -15 21 25 17 -19 -20 -21 23 -23 -24 -25 -26 -27 -28 -29 -30
leaf_value=-0.0079750624424656143 0.010859164173402627 0.02542966384327976 0.00334276247053853 0.0060833709500901188 -0.0076031485190495955 -0.013164717348275443 -0.0016322420873190646 0.017335732023856999 -0.019219749458599746 -0.0093783982508169658 0.013690049654798342 0.007579431487146712 -0.0046166724516900418 0.0130714809582783 -0.0086813823699287956 -0.019430586306844994 0.0047171479465023276 -0.01290586074578751 -0.002375074205252473 0.006314162058206424 0 0.0071153141962798988 0.00071327003548566628 0.012346442868258723 -0.02236129402925691 -0.0040064425753216547 -0.021974056055422742 0.030741402433089409 0.010164568308858018
leaf_weight=7.8196711242198971 9.3586066365242022 7.8995620906352979 7.3425586819648769 7.0183997154235866 12.708090066909788 10.342666327953337 7.2822582721710196 9.0893688499927503 8.9091196060180646 8.803579896688456 7.1371328234672591 7.4253237843513515 7.7933757901191694 8.9246946871280652 6.7750880122184745 6.7278015911579159 10.103421479463579 10.882675915956495 9.3184913694858533 9.9738206565380079 9.2411219477653521 8.3845115900039655 7.4277799129486146 12.772134542465208 6.3089282810688019 10.901164561510084 23.903545141220096 14.075118422508236 7.1379213035106659
leaf_count=24 27 22 21 21 38 31 21 26 27 28 20 22 24 26 21 21 31 34 29 29 26 25 22 36 20 33 76 39 20
internal_value=0 0.00392057 0.00146028 0.00411555 0.00716776 0.0099332 0.0165591 0.00293436 -0.00561852 -0.00764591 0.0212479 -0.000801512 -0.00650841 0.00306622 -0.0100303 -0.00603254 -0.0123639 -0.00440601 -0.0159112 -0.00222573 0.0132697 0 -0.00744858 0.00734592 -0.0143262 -0.0112685 -0.0193191 0.0265515 0.0201257
internal_weight=281.788 186.872 149.822 110.026 85.3788 72.6707 35.8371 36.8336 39.7954 94.9157 28.5548 30.8862 21.5276 16.7444 78.1713 24.6474 63.0117 20.9861 42.0256 27.7443 37.0507 15.1596 17.7704 22.0133 14.1023 17.629 32.7071 21.2123 15.0375
internal_count=840 546 442 322 247 209 101 108 120 294 80 93 66 50 244 75 198 65 133 82 104 46 53 62 44 54 104 59 42
is_linear=0
shrinkage=0.03


Tree=36
num_leaves=27
num_cat=0
split_feature=2 12 30 20 12 4 39 35 35 23 12 25 34 16 30 33 12 17 25 30 22 29 12 20 40 25
split_gain=7.47643 3.72461 5.37181 5.22442 4.65959 3.51899 3.27176 4.12853 2.89734 3.07811 2.59794 1.82369 1.6288 3.58282 2.45934 1.43635 1.33159 1.08508 1.59807 2.95361 1.00892 0.873142 0.820786 0.818624 0.41791 0.0606765
threshold=-0.76587944169855615 -0.68112620064027374 0.070783442828129442 -1.0801791100965172 -0.7403902870027983 -0.39551401326062624 1.0000000180025095e-35 0.73436973672099126 0.14009121640506003 -0.6555284023134561 0.70319990048808678 0.46059306436529585 0.47174623519837494 1.0000000180025095e-35 -0.83128160224234282 0.94068937194883406 -0.037408880858681291 -0.82780303939838462 0.46059306436529585 0.83406925019545197 0.97039788535993132 0.12426018005142965 -0.042420401970858938 -0.15872529505748426 376.50000000000006 1.0549897005015145
decision_type=2 2 2 2 2 2 2 2 2 2 2 2 2 2 2 2 2 2 2 2 2 2 2 2 2 2
left_child=21 2 3 -2 24 6 7 10 9 11 16 -7 14 -14 -11 -13 -3 -10 22 25 -4 -1 -19 -8 -5 -20
right_child=1 5 20 4 -6 8 23 -9 17 12 -12 15 13 -15 -16 -17 -18 18 19 -21 -22 -23 -24 -25 -26 -27
leaf_value=0.0068555955122787549 0.017246523860357375 -0.00012630050643303947 0.022930432163877711 -0.005232711555917864 0.011952346811721856 0.018939188443620577 -0.014087698299530058 0.027449002450900026 0 0 -0.0096966069565350577 -0.0098600943196818953 0.016901339320335759 -0.012246408252182102 -0.021087184208724304 0.0097101662983707857 0.017027368960032024 -0.019754082574142729 -0.0062681642408215716 0.0101654924574656 0.0056038452747092342 0.022801889146823677 -0.0062721166283381665 0 -0.019661686931688956 -0.017899476407180471
leaf_weight=8.274884372949602 7.4850713908672359 6.1184631288051614 11.255647435784342 5.1036749780178168 5.5177972316741899 6.5802738815546062 7.6054153889417648 6.3484474122524253 7.2625611275434485 8.0130279064178485 8.8607263416051847 5.2093747258186323 5.5574446022510511 6.6470672935247421 10.360868111252787 5.2922219038009644 7.580903068184857 24.752410918474197 5.5806944370269793 6.1130500286817542 6.988375410437583 10.928296864032744 8.7367169559001905 5.6146740168333036 12.940481409430502 4.7068541795015335
leaf_count=28 27 24 40 20 19 25 30 23 29 31 35 21 21 28 45 20 28 106 23 24 25 35 36 21 56 20
internal_value=3.58565e-05 -0.00173276 0.00524543 -0.00226254 -0.00936081 -0.00414335 0.00300513 0.00863671 -0.00707492 -0.00138924 0.00171229 0.00822481 -0.0070804 0.000985657 -0.01241 0 0.00971499 -0.0115572 -0.0130939 -0.00436254 0.0175273 0.0172148 -0.016828 -0.00852714 -0.0166024 -0.0136994
internal_weight=215.435 196.232 49.291 31.047 23.562 146.941 42.1286 28.9085 104.813 47.6603 22.5601 17.0819 30.5784 12.2045 18.3739 10.5016 13.6994 57.1523 49.8897 16.4006 18.244 19.2032 33.4891 13.2201 18.0442 10.2875
internal_count=840 777 187 122 95 590 161 110 429 191 87 66 125 49 76 41 52 238 209 67 65 63 142 51 76 43
is_linear=0
shrinkage=0.03


Tree=37
num_leaves=29
num_cat=0
split_feature=1 22 29 40 25 33 27 24 36 23 20 26 2 23 19 41 22 13 39 22 28 15 1 27 17 16 36 15
split_gain=5.82619 3.85001 3.19458 3.00546 2.56304 3.72329 2.5401 2.47974 1.66411 4.06795 3.53579 3.31455 2.6221 4.05332 4.59902 3.04003 2.08186 2.04811 1.69641 1.51378 4.55209 1.59622 2.22035 1.35941 1.98913 1.30359 1.13392 0.991365
threshold=0.13544189141464821 -1.7251889377687226 -0.54676969129388564 295.50000000000006 0.46059306436529585 0.51289430900874367 1.440249446401433 -0.96679554078002583 0.72331309207361283 0.34716147558026705 -0.58105829361704109 0.57120114814201095 -0.36919882693501083 1.0000000180025095e-35 -0.2498440745692726 386.50000000000006 -0.37739552620439581 -0.64293086281444078 -0.59124081802371631 -0.040447173313314037 -0.32711388489154697 0.78761572893145759 0.7710709935615162 0.8123197598096461 0.53430186382324785 1.0000000180025095e-35 -0.081026857299122859 -0.38542897373240392
decision_type=2 2 2 2 2 2 2 2 2 2 2 2 2 2 2 2 2 2 2 2 2 2 2 2 2 2 2 2
left_child=1 -1 4 27 6 -6 7 -3 9 12 -10 -11 17 14 18 -16 -13 -5 -14 20 -2 22 -21 24 26 -12 -9 -4
right_child=19 2 3 8 5 -7 -8 23 10 11 25 16 13 -15 15 -17 -18 -19 -20 21 -22 -23 -24 -25 -26 -27 -28 -29
leaf_value=0.019759484152543753 -0.012529116185250249 -0.0030263713186617896 -0.0026758847809912633 -0.0026968159859297697 -0.015550303607386481 0.0084438870601212176 -0.004315021768609313 0.0050814018047231416 0.0086988321304796584 0.024102148943286921 -0.021461046547838373 0.012560342533202285 0.00019806744878131331 -0.022326523823406722 0.022345303355192959 4.5436975437684777e-05 -0.004967552410481124 0.014839073485885 -0.014304581865941643 -0.01728869651710644 0.014163356391836737 -0.019707546856357075 0.0016237477664180872 0.023409832313026183 0 -0.00383290204589741 0.02220791065101364 -0.01544504174777152
leaf_weight=8.9755128026008588 12.861356168985369 7.3981318175792685 11.597192019224169 9.2298809587955493 9.4594588875770587 10.740005850791929 9.1652719378471357 8.157948970794676 8.1446522176265734 10.091955959796907 8.2490823864936846 10.07106873393059 10.195737510919569 8.3486068248748762 7.4316890835762086 15.774906456470488 11.057993978261946 11.93081074953079 18.090549618005753 7.5233999192714718 8.0241229832172376 14.753700286149977 12.801437884569166 11.943928241729735 11.857802510261537 9.1023946404457075 10.068158000707628 14.132391631603239
leaf_count=24 36 20 32 25 26 29 25 22 22 27 23 27 28 23 20 43 30 32 50 21 22 42 36 32 32 25 27 39
internal_value=-2.7598e-05 0.00191371 0.00111034 -0.00125605 0.00602581 -0.00281434 0.0091675 0.0118389 0.00049782 0.00212158 -0.00614778 0.0110738 -0.00139478 -0.00465325 -0.00112377 0.00835268 0.00340068 0.00725328 -0.00912897 -0.00866878 -0.00174406 -0.0123871 -0.00580902 0.0146076 0.00997711 -0.0135726 0.0158156 -0.0103744
internal_weight=307.179 251.215 242.24 163.449 78.7907 20.1995 58.5912 49.426 137.719 112.223 25.4961 31.221 81.0022 59.8415 51.4929 23.2066 21.1291 21.1607 28.2863 55.964 20.8855 35.0785 20.3248 42.0278 30.0839 17.3515 18.2261 25.7296
internal_count=840 683 659 446 213 55 158 133 375 305 70 84 221 164 141 63 57 57 78 157 58 99 57 113 81 48 49 71
is_linear=0
shrinkage=0.03


Tree=38
num_leaves=31
num_cat=0
split_feature=13 13 35 32 31 33 37 25 39 23 17 36 36 35 29 12 35 38 12 29 30 14 22 19 14 35 11 32 36 0
split_gain=9.00406 4.43524 2.74429 2.70882 3.95734 3.45736 3.3483 3.19199 2.82449 2.45114 2.21985 2.04644 2.02919 3.08129 2.91306 3.32627 1.82256 2.12623 1.77158 1.71777 1.54447 1.27584 1.90338 1.05598 1.48787 1.01496 0.86929 0.812261 0.791321 0.541536
threshold=-0.1244838435582914 1.0536975299515901 -1.0931964655409048 -1.1635830419683264 -0.54013843632821712 0.29899677753869858 -1.237507569961241 0.46059306436529585 1.0000000180025095e-35 -0.6555284023134561 0.53430186382324785 -0.21508351552791224 0.32114311738724483 -1.2839863437990151 0.86307084648213073 -0.60967752049632506 -0.1091223566306531 -0.62930008834761775 0.14557525841403027 -0.79078055360127297 0.55651077478915301 -1.6873970565252503 0.52113341483848896 -0.2498440745692726 0.43248748711452983 -1.514942512216727 0.38976062672797473 -0.67694060135186052 -0.4279970315383424 -0.21316193293604599
decision_type=2 2 2 2 2 2 2 2 2 2 2 2 2 2 2 2 2 2 2 2 2 2 2 2 2 2 2 2 2 2
left_child=9 2 25 5 10 -4 -6 8 16 11 27 -1 23 -14 15 -15 -8 -18 26 -12 -10 -3 -23 -11 -25 -2 -17 -5 -24 -9
right_child=1 21 3 4 6 -7 7 29 20 12 19 -13 13 14 -16 18 17 -19 -20 -21 -22 22 28 24 -26 -27 -28 -29 -30 -31
leaf_value=-0.00787460971363344 0.0026133554934231378 0.00040408629853517581 0.020780854785599406 -0.022349913303757886 0.017740677891854094 -0.0049470546891709315 -0.018183928765168493 0.0036395070931119385 0.012632651206983253 -0.020836824334843625 -0.0097514064513516789 0.011150085953784798 0.011497640191743565 0.010947468241727199 -0.023506117615785003 -0.0035149011213033176 -0.015357577206989105 0.001554624022916789 0.0017395279768620227 0.009453616217648713 -0.0039538392851816706 0.0056130572428383825 0.01051860437813461 -0.015828045898967132 0.0022288608440122681 0.018811799805868022 -0.019757130034368461 -0.0081911554562406081 0.028822934024301153 0.016570782133082801
leaf_weight=7.7926761209964779 7.6050208806991604 7.0905343592166892 10.083406746387483 9.236984044313429 9.0212078988552076 6.5783419311046591 10.555048882961268 8.2176705300807935 10.30280312895775 17.037713766098026 6.9086140394210815 9.4816635549068433 6.6495136618614188 8.2536899745464307 7.8911344707012168 6.3509870171546998 7.9944952428340903 20.229342401027687 7.4404478669166556 6.8519228696823102 7.1180202662944785 13.555824041366579 7.8025231957435635 6.9452488124370557 6.4010217785835266 8.7384279668331128 10.257450640201567 12.989598095417024 8.727701783180235 7.3424425721168509
leaf_count=24 22 20 29 28 26 20 32 24 30 55 21 28 20 25 25 20 24 60 23 20 21 38 22 22 20 25 32 39 24 21
internal_value=0 0.00381219 0.00141323 -1.93744e-05 -0.00171951 0.010723 0.00192431 -0.000304662 -0.00374721 -0.00747556 -0.00980863 0.00230476 -0.00974169 -0.00534941 -0.00859381 -0.00389197 -0.00822365 -0.00356722 -0.0095635 0 0.00576225 0.0128921 0.0154863 -0.0157549 -0.00741341 0.0124638 -0.0146832 -0.0153691 0.0221096 0.0110136
internal_weight=281.451 186.95 149.773 133.43 116.768 16.6617 80.781 71.7598 56.1997 94.5015 35.9871 17.2743 77.2272 46.8432 40.1937 32.3026 38.7789 28.2238 24.0489 13.7605 17.4208 37.1766 30.086 30.384 13.3463 16.3434 16.6084 22.2266 16.5302 15.5601
internal_count=840 546 442 395 346 49 238 212 167 294 108 52 242 145 125 100 116 84 75 41 51 104 84 97 42 47 52 67 46 45
is_linear=0
shrinkage=0.03


Tree=39
num_leaves=27
num_cat=0
split_feature=2 28 13 21 38 36 20 21 39 36 35 36 42 32 15 35 12 31 25 39 32 14 31 35 29 29
split_gain=7.10147 3.65118 3.11121 2.38942 4.65743 3.55867 3.75962 2.84859 2.93834 2.76302 4.29349 2.02101 4.34491 3.87949 2.84556 2.57003 1.80748 1.45508 1.30719 1.30001 4.71664 0.860977 0.851726 0.698048 0.792886 0.251356
threshold=-0.76587944169855615 2.3207764532995498 1.1762646876322422 1.0000000180025095e-35 1.2790467499628477 0.43604882444049298 0.45557724830187135 1.0019173934804442 1.3226022923420711 -0.34914017375670164 -0.67145041886508283 0.43604882444049298 1.0000000180025095e-35 -0.19029816073539482 -0.25509067343641934 -0.39028638774786784 0.17364285277132199 -0.74003454240451882 -0.51205597658487967 1.0000000180025095e-35 -0.43361938104362757 0.73558498462719524 1.5881671636606423 0.5937877211623841 -1.3194707552672793 0.58613788370469877
decision_type=2 2 2 2 2 2 2 2 2 2 2 2 2 2 2 2 2 2 2 2 2 2 2 2 2 2
left_child=22 2 3 5 7 16 18 8 11 10 -9 12 15 -14 -13 -5 19 -4 -7 23 -21 -11 -1 -2 -25 -6
right_child=1 -3 17 4 25 6 -8 9 -10 21 -12 14 13 -15 -16 -17 -18 -19 -20 20 -22 -23 -24 24 -26 -27
leaf_value=0.021715657017784235 -0.017732579902086352 0.020408547651453016 -0.00082328396275917594 0.0085007368493544792 -0.019351264043781978 -0.010952241076487824 0.021659174430323419 -0.01074673857910417 -0.008839841456043919 -0.017691943819857253 0.02166219640245165 0.013914599629515126 -0.01575229568984577 0.01436690015370287 -0.012533163280296722 0.028672706396673325 0.0027828464295315543 -0.019587837691879932 0.0063292513269484997 -0.017824668798457181 0.011514670466161598 -0.00085455264494356878 0.005929770032635567 0.001252766531925071 -0.012452583250001989 -0.0054788235906869601
leaf_weight=11.804988741874697 21.156375482678413 4.9663746803998938 6.3426854163408306 13.353225976228709 6.0493593662977201 7.7477998137474069 6.7087566703557959 5.534264549612999 6.5198954492807379 8.2678778469562513 6.1443905532360095 5.3146818429231644 6.3103944212198257 6.0518682897090894 6.4040902107954008 14.309455513954168 9.0711793750524503 11.640919536352156 5.1234049052000055 8.3545032143592852 8.2647268921136838 5.1075803488492957 7.5568905174732199 5.3659802228212357 6.5835812836885435 5.1300603449344635
leaf_count=38 90 18 25 51 25 31 25 22 26 34 24 20 26 24 25 52 35 48 20 34 33 20 25 22 27 20
internal_value=3.95956e-05 -0.00169292 -0.00245388 -0.00112496 0.00203151 -0.00497246 0.00561822 0.00459142 0.0081972 -0.00355728 0.00637386 0.0106452 0.0137515 -0.000615679 0 0.0200792 -0.00865083 -0.0138506 -0.00371318 -0.0108742 -0.00315773 -0.0124002 0.0167114 -0.0142697 -0.00639872 -0.0148599
internal_weight=215.185 195.823 190.857 172.873 94.4971 78.3763 19.58 83.3177 58.2636 25.0541 11.6787 51.7437 40.0249 12.3623 11.7188 27.6627 58.7963 17.9836 12.8712 49.7252 16.6192 13.3755 19.3619 33.1059 11.9496 11.1794
internal_count=840 777 759 686 369 317 76 324 224 100 46 198 153 50 45 103 241 73 51 206 67 54 63 139 49 45
is_linear=0
shrinkage=0.03


Tree=40
num_leaves=27
num_cat=0
split_feature=1 22 29 40 28 28 26 34 14 23 26 22 5 23 19 15 16 26 33 37 22 15 39 34 22 15
split_gain=5.49554 3.69855 3.05608 2.87385 2.38296 2.17023 3.50135 2.63431 1.91058 2.48069 4.03561 4.1326 4.0172 3.28487 3.4097 2.85982 2.0817 1.68495 1.4684 2.07107 2.77003 1.95949 1.33793 1.10777 0.947915 0.606114
threshold=0.13544189141464821 -1.7251889377687226 -0.54676969129388564 295.50000000000006 -0.32711388489154697 0.99683128420400169 -0.34402815932444425 0.31189551364653195 1.348866250581592 0.34716147558026705 0.57120114814201095 -0.37739552620439581 -0.35601118986158542 1.0000000180025095e-35 -0.2498440745692726 0.91795402922744218 0.49243514045560405 0.22799015784209034 1.2853020615394626 1.0000000180025095e-35 -0.040447173313314037 0.52693912833948831 -0.59124081802371631 -0.025567120740692364 0.18418506194740697 -1.1674587755083115
decision_type=2 2 2 2 2 2 2 2 2 2 2 2 2 2 2 2 2 2 2 2 2 2 2 2 2 2
left_child=1 -1 4 23 17 6 -6 -8 9 12 -11 -12 15 14 22 -5 -16 25 19 -2 -21 -22 -14 -4 -13 -3
right_child=18 2 3 8 5 -7 7 -9 -10 10 11 24 13 -15 16 -17 -18 -19 -20 20 21 -23 -24 -25 -26 -27
leaf_value=0.019348296678594546 -0.019493967869158878 0.010537316041154265 -0.016239565519542955 -0.00031725024786603275 -0.015470110741888976 0.013714776022339959 0.012880614285173455 -0.0049129878235364471 -0.01159456557978944 0.021327157624183482 0.01266349206310529 -0.015396923270196185 0 -0.020394099663153566 0.013766061457002694 0.020157567587529908 -0.0026084098842139251 0.021138301311454555 0.0014040016386618005 0.0044966162561619026 0 -0.020263738308088752 -0.013371258454641053 -0.0029821388987934577 -0.00096995067761425141 0.00028239707045854941
leaf_weight=8.9723936319351179 14.998762637376784 11.145204246044157 12.453360229730608 12.267547875642778 10.584974676370619 8.4798845350742322 13.009946823120119 13.654787570238112 9.3123897612094861 11.567556887865065 14.155555009841921 7.3476423323154476 10.53636890649795 9.3956444561481458 12.576169133186349 9.6884813606739026 12.094582080841063 10.819118559360502 9.817035108804701 12.972884029150007 7.4728505015373292 10.518259435892103 18.766492486000061 13.212831467390059 9.8655073046684247 11.077840566635134
leaf_count=24 43 30 35 33 29 23 35 37 26 31 38 20 29 26 34 26 33 29 27 36 21 30 52 36 27 30
internal_value=-2.90451e-05 0.00185488 0.0010665 -0.00124958 0.00587456 0.00119327 -0.00192296 0.00377926 0.000464618 0.00151032 0.00728453 0.00118665 -0.00140185 -0.00528572 -0.00206718 0.00917311 0.00581998 0.0118465 -0.00843722 -0.0106435 -0.00546897 -0.0127558 -0.0088624 -0.0101771 -0.00818945 0.0060194
internal_weight=306.764 250.984 242.012 163.24 78.7718 45.7296 37.2497 26.6647 137.574 128.262 42.9363 31.3687 85.3253 63.3693 53.9736 21.956 24.6708 33.0422 55.7798 45.9628 30.964 17.9911 29.3029 25.6662 17.2131 22.223
internal_count=840 683 659 446 213 124 101 72 375 349 116 85 233 174 148 59 67 89 157 130 87 51 81 71 47 60
is_linear=0
shrinkage=0.03


Tree=41
num_leaves=29
num_cat=0
split_feature=13 13 34 35 40 34 35 41 36 35 26 24 36 23 41 30 22 23 34 1 40 19 28 12 26 34 26 28
split_gain=8.54078 4.21989 3.01794 3.63143 3.8975 3.39385 3.70074 3.40183 2.79939 3.83197 2.71332 2.43634 2.29619 2.09814 1.99495 1.92709 1.79728 1.69537 2.05414 1.96608 1.24815 1.90981 1.76298 1.1969 0.864279 0.450422 0.3913 0.226411
threshold=-0.1244838435582914 1.0536975299515901 -0.72812090928953299 0.73436973672099126 666.50000000000011 -0.025567120740692364 -0.1091223566306531 353.00000000000006 -1.2875367813582266 -0.53086840330647533 -0.68723914962436505 -0.2181936778930488 -0.34914017375670164 0.34716147558026705 525.50000000000011 0.97284848789860179 0.52113341483848896 1.015621394176083 1.0401043562715946 -0.28189034736864871 470.50000000000006 1.269207898811916 0.42942621173448065 -0.3895985204670781 0.22799015784209034 -0.025567120740692204 -0.91604647649097848 1.0000000180025095e-35
decision_type=2 2 2 2 2 2 2 2 2 2 2 2 2 2 2 2 2 2 2 2 2 2 2 2 2 2 2 2
left_child=10 2 8 4 5 7 13 -4 -2 -10 12 -9 -1 -7 17 24 27 19 -19 25 21 -3 -22 -16 -5 -12 -11 -8
right_child=1 20 3 15 -6 6 16 11 9 26 14 -13 -14 -15 23 -17 -18 18 -20 -21 22 -23 -24 -25 -26 -27 -28 -29
leaf_value=-0.0075967624977837499 0.0072403792172963926 -0.0013636922491061939 -0.00085799693110640137 -0.017758919463767897 -0.0075624659441903622 -0.016078942193048007 0.0084063639506292941 0.011141871946356333 0.0035325354807558712 -0.022266405346680927 -0.009026775977572005 0.032511283315311904 0.012816082516032331 0.002812251084588479 0.007165876797421207 0.0050570425643940752 0 0.0048438385510947363 -0.012653892340076783 -0.0021016055999854397 0.028822537320002135 0.016656506584926525 0.0080074007841693263 -0.0083350043203850796 -0.0028095410987210969 -0.021534894779251103 -0.0087987194571118397 0.021898260674643524
leaf_weight=7.7405859827995327 9.8346265554428083 11.705972939729692 6.9820991158485439 8.2735542058944755 12.686832726001738 8.3827773332595843 6.976222753524782 14.311103463172916 10.750534653663637 10.752360522747042 8.7029409110546059 10.451539665460583 8.9506731033325178 9.6683095097541791 8.373710095882414 8.0765974819660169 8.602117180824278 10.066304922103884 10.795981377363203 9.2531869709491712 7.2800116240978268 7.1729301214218131 11.123514056205748 6.707497149705886 8.1838035285472852 23.478261172771457 8.3325984179973585 7.4924168288707733
leaf_count=24 29 33 20 26 38 25 20 40 31 34 28 29 26 29 25 24 25 31 34 29 20 20 31 21 25 76 26 21
internal_value=0 0.00370458 0.00136103 0.00394178 0.00687163 0.00956728 0.0034733 0.016768 -0.0055377 -0.0100862 -0.00730452 0.0217314 0.00317395 -0.00621431 -0.00965829 -0.0058518 0.0112139 -0.0119782 -0.00418413 -0.0154795 0.0125468 0.00591061 0.0180945 0 -0.0115148 -0.0188831 -0.0177474 0.0171694
internal_weight=281.109 187.04 149.757 110.087 85.5534 72.8666 41.1218 31.7447 39.6701 29.8355 94.0691 24.7626 16.6913 18.0511 77.3779 24.534 23.0708 62.2967 20.8623 41.4344 37.2824 18.8789 18.4035 15.0812 16.4574 32.1812 19.085 14.4686
internal_count=840 546 442 322 247 209 120 89 120 91 294 69 50 54 244 75 66 198 65 133 104 53 51 46 51 104 60 41
is_linear=0
shrinkage=0.03


Tree=42
num_leaves=28
num_cat=0
split_feature=2 27 41 30 35 26 31 26 19 35 20 36 34 32 16 15 22 27 15 16 35 16 41 21 16 20 26
split_gain=6.7143 3.57079 2.36879 3.05775 3.26449 1.94522 3.07297 2.46174 4.2183 2.61101 2.59296 2.12983 2.06513 3.73934 3.07033 1.93392 1.5612 1.39736 1.25136 1.22414 1.48423 1.13745 0.942002 0.843496 0.789849 0.538866 0.19256
threshold=-0.76587944169855615 1.6495593419320291 478.50000000000006 -1.386398553054941 -1.3743604966581198 0.57120114814201095 1.1648577625578858 -0.91604647649097848 -0.2498440745692726 -0.81203243442369011 0.45557724830187135 1.0000000180025095e-35 -0.45183571154560703 0.21523720644499322 -1.0000000180025095e-35 -0.25509067343641934 0.40881729720812837 0.60300986427905023 0.91795402922744218 -0.3359604229276551 -0.28987066234886255 0.76856699491669056 436.50000000000006 -0.50286206361303254 -0.3359604229276551 1.0000000180025095e-35 0.80000847500862482
decision_type=2 2 2 2 2 2 2 2 2 2 2 2 2 2 2 2 2 2 2 2 2 2 2 2 2 2 2
left_child=23 2 3 4 -2 7 22 10 9 -9 18 15 14 24 -10 -11 -8 -15 -5 -4 -21 -22 -7 -1 -14 -24 -25
right_child=1 -3 19 5 -6 6 16 8 12 11 -12 -13 13 17 -16 -17 -18 -19 -20 20 21 -23 25 26 -26 -27 -28
leaf_value=0.0042922000303154597 -0.0022976672450842283 0.014337818568514302 -0.016337429057768544 -0.019610356741217125 0.024522644007491785 -0.0040241847867817284 -0.004967423660214236 -0.0026035666846561372 -0.0069818898726488159 0.0044224975397211186 0.0047725876514472685 0.00044707002214029317 -0.0058008896793013045 -0.0022321989568650368 0.020672293007010269 0.028949078211000692 0.014512416506312575 0.015521383753116319 -0.0019699605537790129 -0.01470355069776203 0.01164597679325321 -0.0050303809445866703 -0.021685648414181625 0.010166248338976292 -0.019541849509992291 -0.0058741382256185422 0.025481834435971091
leaf_weight=6.2216478288173702 6.90028315782547 10.236923456192015 14.032806158065798 11.389132142066961 6.7537043243646604 8.9310686886310595 6.5060973316431028 8.2031028717756289 5.7433327585458755 5.5541126728057888 8.4147960841655713 6.5387334674596778 9.9896672070026344 8.1516090184450132 5.651536747813223 9.9471187591552717 5.1733694076538086 5.0978736430406562 6.6713670641183844 5.5406136214733168 5.012979701161381 6.599687322974205 11.468934178352358 6.3723837137222272 11.578647017478948 5.377032831311225 6.939494788646698
leaf_count=21 28 36 60 46 24 36 26 32 23 22 33 25 41 33 22 37 19 20 26 23 20 27 48 20 48 22 22
internal_value=3.772e-05 -0.00165544 -0.00267954 -0.00106828 0.0116868 -0.00246155 -0.00817671 -0.000236787 0.00244768 0.0109287 -0.00791908 0.0160652 -0.00314593 -0.00681119 0.00707774 0.0216796 0.0038755 0.00507569 -0.0140517 -0.0100404 -0.0036678 0.00221965 -0.0137703 0.0161756 -0.0142287 -0.0178588 0.0203274
internal_weight=214.998 195.465 185.228 154.042 13.654 140.388 37.4565 102.931 76.4557 30.2431 26.4753 22.04 46.2127 34.8178 11.3949 15.5012 11.6795 13.2495 18.0605 31.1861 17.1533 11.6127 25.777 19.5335 21.5683 16.846 13.3119
internal_count=840 777 741 611 52 559 151 408 303 116 105 84 187 142 45 59 45 53 72 130 70 47 106 63 89 70 42
is_linear=0
shrinkage=0.03


Tree=43
num_leaves=32
num_cat=0
split_feature=1 22 29 40 25 33 24 34 33 22 36 13 25 19 16 36 41 15 15 12 33 16 15 34 24 12 24 37 15 33 34
split_gain=5.2109 3.56315 2.92407 2.76735 2.34733 3.56023 1.65121 3.46393 3.2475 1.70187 1.6266 4.55116 3.79824 3.69271 3.81947 2.92215 2.65343 2.57905 2.25764 1.85171 1.42833 2.03764 1.18692 1.03999 1.02333 0.957505 0.893705 0.65599 0.424706 0.266415 0.248099
threshold=0.13544189141464821 -1.7251889377687226 -0.54676969129388564 295.50000000000006 0.46059306436529585 0.51289430900874367 -0.59249460933653719 0.31189551364653195 -0.77049087981152686 0.40881729720812809 -0.21508351552791224 0.4208514691346516 -0.18783962960148787 -0.88944490546661503 0.49243514045560405 -0.63214867446192347 451.00000000000006 -0.6461055743243731 1.0000000180025095e-35 -0.4503982263885547 1.2853020615394626 1.0446988493777771 -0.6461055743243731 -0.025567120740692364 -1.0000000180025095e-35 -0.2258019895046964 0.90470911643741714 1.0000000180025095e-35 0.26626252774751907 0.51289430900874367 0.2586119397959174
decision_type=2 2 2 2 2 2 2 2 2 2 2 2 2 2 2 2 2 2 2 2 2 2 2 2 2 2 2 2 2 2 2
left_child=1 -1 4 23 6 -6 9 27 -9 -3 13 12 18 29 15 -15 -14 -16 22 -20 21 24 -12 -4 28 -19 -26 -8 -2 -5 -18
right_child=20 2 3 10 5 -7 7 8 -10 -11 11 -13 16 14 17 -17 30 25 19 -21 -22 -23 -24 -25 26 -27 -28 -29 -30 -31 -32
leaf_value=0.018977507869878032 -0.0077920952037488769 -0.0090303528518100272 -0.01591764900015534 -0.011994832758942543 -0.015221813070493414 0.008265727300674746 0.010415900214219306 0.013156176632648927 -0.0083657060790259911 0.0081866335187926308 0.0013304567951535654 0.014866858188388855 8.1560797084820157e-05 0.0033770111106721881 0.012141470502527689 0.024474894151025682 -0.025470148815737403 0 -0.00066608835750971206 0.016208777884997777 0.0014631625476493558 0.0015695768407213958 -0.012801573387814758 -0.0030058361332803828 0 -0.014033003923740524 -0.01309968879900935 0.027029319394963117 -0.021674410913188672 -0.0023921509107754633 -0.011292271403561611
leaf_weight=8.9682185053825361 6.9762681424617758 7.3428319990634945 12.386229127645494 7.6133407354354841 9.4181486070156115 10.731835365295408 8.1778143048286456 12.255370706319811 9.9869337081909162 10.753654837608336 7.7445684075355556 9.9466114044189435 7.3313137888908413 11.774959206581114 7.4013480246067074 13.723496168851854 8.9907740354537982 7.3337202072143564 11.747316777706144 8.8494330644607562 9.807882606983183 9.0471511483192426 10.86590403318405 13.212655901908873 8.9308693110942894 8.0620056688785517 7.4459449350833884 10.079910993576048 13.392110228538511 7.6249656677246094 8.4175033867359144
leaf_count=24 20 20 35 21 26 29 22 33 27 29 21 27 20 32 20 37 25 20 32 24 27 25 30 36 25 22 21 27 39 21 23
internal_value=-2.90814e-05 0.00180412 0.00102935 -0.00123769 0.0057329 -0.00272929 0.00873818 0.012016 0.00332199 0.000738004 0.000443593 -0.0025118 -0.00558542 0.00395179 0.00803569 0.0156832 -0.0144237 -0.000711262 0.000170099 0.00692083 -0.00823159 -0.0104154 -0.00696172 -0.01001 -0.013469 -0.00777457 -0.00639376 0.0212474 -0.0180546 -0.00819326 -0.0203716
internal_weight=306.341 250.741 241.773 163.026 78.7465 20.15 58.5965 40.5 22.2423 18.0965 137.427 73.8934 63.9468 63.5338 48.2955 25.4985 24.7396 22.7971 39.2072 20.5967 55.6002 45.7923 18.6105 25.5989 36.7452 15.3957 16.3768 18.2577 20.3684 15.2383 17.4083
internal_count=840 683 659 446 213 55 158 109 60 49 375 202 175 173 131 69 68 62 107 56 157 130 51 71 105 42 46 49 59 42 48
is_linear=0
shrinkage=0.03


Tree=44
num_leaves=30
num_cat=0
split_feature=13 13 34 24 13 35 40 34 35 16 12 12 26 36 20 41 22 29 41 35 34 37 35 12 29 12 26 28 30
split_gain=8.10374 3.96824 2.93062 3.30743 3.62029 3.26307 4.28492 2.87618 3.07425 3.30126 2.82771 3.27188 2.61549 2.20836 2.08352 1.95924 1.64958 3.31939 1.73329 1.51947 1.48422 1.24032 1.19391 1.15538 1.10946 1.04846 0.656828 0.334854 0.321644
threshold=-0.1244838435582914 1.0536975299515901 -0.87810430235052117 -0.2181936778930488 0.43183353896203464 0.73436973672099126 666.50000000000011 1.0000000180025095e-35 0.31262369004516927 1.0000000180025095e-35 0.13694239334262492 -0.68455005322077389 -0.68723914962436505 -0.34914017375670164 1.0000000180025095e-35 525.50000000000011 -0.37739552620439581 -0.3027588289864982 470.50000000000006 -0.39028638774786784 -1.2333281280212836 1.0000000180025095e-35 -1.0931964655409048 -0.3895985204670781 -0.79078055360127297 -0.30210448085809222 0.22799015784209001 1.1386825523213819 -0.48433350798446911
decision_type=2 2 2 2 2 2 2 2 2 2 2 2 2 2 2 2 2 2 2 2 2 2 2 2 2 2 2 2 2
left_child=12 2 3 4 20 6 7 10 9 -9 11 -4 13 -1 -7 16 22 -18 -19 -11 -2 27 -14 -17 -13 -23 -16 -3 -8
right_child=1 21 5 -5 -6 14 28 8 -10 19 -12 24 15 -15 26 23 17 18 -20 -21 -22 25 -24 -25 -26 -27 -28 -29 -30
leaf_value=-0.0074474958242437671 0.014542384982847946 0.023937272623187927 0.00068769447145817868 -0.019636999761003221 -0.016491630399297869 -0.015672867423323883 -0.0019011507896506887 -0.014152182756152208 0.016499827394207221 -0.0035729465311190377 -0.0013462549157546889 0.010020713297243111 -0.0054794347521720122 0.012573592388142736 -0.0052128738062760128 0.0071312401916652033 -0.015755285863252134 -0.0050751021702082856 0.012372269177062309 0.013073133518394307 -0.0013746416872555528 0.013172868243621587 -0.021386177007329463 -0.0081135430344022302 0.028302958088074519 2.6926898396182164e-05 0.0059374188594864845 0.0091755822621204155 -0.012707616153905111
leaf_weight=7.7078386843204525 9.3627529740333575 7.9917510449886304 8.0350204110145516 9.7035798430442792 6.8748040497303 9.3566016256809252 6.6708846390247345 11.012003690004351 9.1681309044361097 7.2678567469120052 7.2437593340873709 7.8368258476257315 8.4135922789573687 8.978213816881178 6.6260252594947842 8.3783479630947095 16.503888875246048 10.554412484169008 7.2262896299362174 9.4286093413829786 8.588211804628374 9.7063551247119904 19.215561509132385 6.6648112535476676 16.383242726325996 12.485404878854752 9.4536339640617353 7.208567887544632 6.6400741636753065
leaf_count=24 28 22 23 30 21 30 20 33 26 22 21 22 27 26 20 25 53 33 22 27 26 27 63 21 45 35 28 20 20
internal_value=0 0.00360462 0.00132662 -0.00610658 0 0.00365742 0.00636077 0.00912984 0.00272286 -0.00224346 0.0146467 0.0183163 -0.007135 0.00314381 -0.00547506 -0.00945765 -0.0117674 -0.00661932 0.00211541 0.00580025 0.00710004 0.0121647 -0.0172799 0 0.0235501 0.0065 0.000948617 0.0187489 -0.00843801
internal_weight=280.687 187.044 149.652 34.5293 24.8258 115.123 89.6864 76.3754 36.8766 27.7085 39.4988 32.2551 93.643 16.6861 25.4363 76.9569 61.9137 34.2846 17.7807 16.6965 17.951 37.3921 27.6292 15.0432 24.2201 22.1918 16.0797 15.2003 13.311
internal_count=840 546 442 105 75 337 259 219 108 82 111 90 294 50 78 244 198 108 55 49 54 104 90 46 67 62 48 42 40
is_linear=0
shrinkage=0.03


Tree=45
num_leaves=26
num_cat=0
split_feature=2 28 13 41 30 35 28 26 30 31 29 28 40 35 34 36 36 37 31 41 30 31 14 29 26
split_gain=6.35049 3.44316 3.01977 2.88868 2.3848 3.4265 2.9224 3.12161 3.08375 2.70985 2.47573 3.03088 3.92881 3.15581 2.2322 1.82705 1.78469 1.63527 1.43943 1.10607 0.944582 0.872158 0.789652 0.708295 0.130269
threshold=-0.76587944169855615 2.3207764532995498 1.1762646876322422 478.50000000000006 -1.386398553054941 -1.3743604966581198 1.0000000180025095e-35 0.57120114814201095 -0.20677503257817006 -0.54013843632821712 -1.0347914159086604 0.24029118757797377 295.50000000000006 0.14009121640506003 0.11652240952761266 -0.75131014844306943 0.32114311738724483 0.44182418895223635 -0.74003454240451882 436.50000000000006 0.83406925019545197 1.5881671636606423 -0.17332379199803566 0.12426018005142965 -0.22962449589113734
decision_type=2 2 2 2 2 2 2 2 2 2 2 2 2 2 2 2 2 2 2 2 2 2 2 2 2
left_child=21 2 3 4 5 -2 7 8 9 17 -8 23 -13 -14 -11 -10 20 -6 -4 -9 22 -1 -5 -12 -17
right_child=1 -3 18 16 6 -7 10 19 15 14 11 12 13 -15 -16 24 -18 -19 -20 -21 -22 -23 -24 -25 -26
leaf_value=0.020617664830896529 -0.0022443296127710004 0.019722755505943282 -0.00070879812574333443 -0.0035094483706203704 -0.010948817126005267 0.025416873647753104 0.018320039843587269 -0.0018308045368493656 0.0024391067605047446 0.023282626621314181 0.018954960067365776 0.016531891349323605 0.0024764124307175036 -0.015224777149553744 0.0010224825761138195 -0.0072048102689712045 0.001477165289604268 0.0071555457569150334 -0.019409967982642534 -0.019747779734754143 -0.00098819795227324172 0.0051811553127155468 -0.021266283715005423 0.0029806576172718888 -0.019755168131226242
leaf_weight=12.008912175893785 6.8845078945159912 5.0384430289268485 6.3141991794109371 4.6325099170208004 9.6560356765985471 6.5810609906911832 7.9832265377044669 5.4400765895843515 6.141526103019717 7.6598774343729046 7.1824025064706785 6.2584806680679312 15.575165346264837 17.663322985172272 8.6079027801752073 5.8941449522972116 8.5548865348100644 5.8126526772975913 11.463279083371161 12.236620232462883 5.2083602398633948 7.6860900819301596 11.286732316017153 5.8699683398008347 7.1329579651355752
leaf_count=38 28 18 25 19 38 23 30 22 25 29 27 23 61 72 33 24 34 22 48 51 21 25 50 23 31
internal_value=4.14453e-05 -0.00161337 -0.00236039 -0.0010529 0.000709818 0.0120662 -0.000553592 -0.00478544 -0.00075181 0.00480742 0.00414404 0.00143077 -0.00266385 -0.00700872 0.0129223 -0.00992714 -0.00933936 -0.00376101 -0.0136509 -0.0151211 -0.0137919 0.0156696 -0.0171906 0.013231 -0.01582
internal_weight=214.773 195.078 190.04 172.262 142.58 13.4656 129.114 68.5818 50.9051 31.7365 60.5326 52.5493 39.497 33.2385 16.2678 19.1686 29.6825 15.4687 17.7775 17.6767 21.1276 19.695 15.9192 13.0524 13.0271
internal_count=840 777 759 686 562 51 511 275 202 122 236 206 156 133 62 80 124 60 73 73 90 63 69 50 55
is_linear=0
shrinkage=0.03


Tree=46
num_leaves=29
num_cat=0
split_feature=27 1 22 29 25 33 13 13 41 3 39 2 15 22 23 23 37 31 16 16 32 1 21 22 22 1 20 1
split_gain=5.08446 3.64561 3.22603 3.55791 2.29373 3.55195 1.92776 2.66976 2.15739 2.60931 2.58913 3.3424 1.8296 2.52593 1.816 1.6996 3.14818 1.73245 1.49771 2.15976 3.37276 1.32482 1.3215 1.07507 0.948246 0.886122 1.17004 0.111358
threshold=1.6495593419320291 0.13544189141464821 -1.7251889377687226 -0.54676969129388564 0.46059306436529585 0.51289430900874367 0.43183353896203464 0.73215276918912198 470.50000000000006 -0.27282443298821163 1.0000000180025095e-35 -0.32066875172457704 0.13592422745153446 -0.15276329094367463 1.015621394176083 1.0000000180025095e-35 1.0000000180025095e-35 -0.54013843632821712 -0.88822413184982785 0.49243514045560405 -1.0000000180025095e-35 -0.45524373886324904 0.53167381313873241 -0.040447173313314037 -0.82665999672583801 -0.28189034736864871 1.0000000180025095e-35 -0.32683381923761906
decision_type=2 2 2 2 2 2 2 2 2 2 2 2 2 2 2 2 2 2 2 2 2 2 2 2 2 2 2 2
left_child=1 2 -1 4 15 -6 8 -8 14 -10 12 24 13 -11 21 17 -17 -4 23 -20 -21 -5 -14 -3 -12 26 -23 -18
right_child=-2 18 3 6 5 -7 7 -9 9 10 11 -13 22 -15 -16 16 27 -19 19 20 -22 25 -24 -25 -26 -27 -28 -29
leaf_value=0.018664266121533664 -0.017685015474050297 0.0086997556450664447 0.012034056275837453 -0.0025312173864198285 -0.014438790023811892 0.0097918209850500343 0.018809212962095825 -0.0019604385337087657 -0.016301188422686057 0.0027176542414235191 0.006564227490989046 -0.020607980034246548 0.014864333940535901 -0.01327475099004502 -0.0088278526022840947 0.0012868055058305654 0.027025010716914401 -0.00341875186832048 -0.018626360486430585 -0.014541362420458495 0.0083414671019135401 0.019836159210690908 0 -0.0060258931059771923 -0.0070252786021477998 0.00059832190357078402 0.0033524534940047659 0.014076008482713629
leaf_weight=8.9616165161132795 12.543446540832518 7.2364228963851929 9.6617666780948657 10.235346645116804 9.04159724712372 9.63452300429344 8.4892581105232257 11.008921056985853 13.590332537889479 23.76857125759124 7.7726927101612091 12.161125779151915 10.341939240694048 12.008951395750051 7.622794806957244 12.18915945291519 8.2058543860912305 13.691113889217375 13.649018764495848 9.8764579892158491 10.144669741392137 9.209954649209978 9.8647062480449659 7.3956408798694593 7.696111738681795 8.7849612236022967 8.836593031883238 12.295972347259523
leaf_count=24 36 20 26 28 25 26 23 30 38 65 21 34 28 33 21 33 22 37 39 28 28 25 27 21 21 24 24 33
internal_value=-3.05149e-05 0.000790087 0.00229969 0.00153942 0.00689208 -0.0018428 -0.000942518 0.00749432 -0.00220997 -0.00472023 -0.0025133 -0.00979286 0.0011368 -0.0028075 0.00309618 0.00987933 0.0142174 0.00307355 -0.00658738 -0.00996489 -0.00289462 0.00595191 0.00810834 0.00101664 0 0.0093624 0.0129484 0.0210207
internal_weight=305.92 293.376 245.074 236.112 74.72 18.6761 161.392 19.4982 141.894 97.2044 83.6141 27.6299 55.9842 35.7775 44.6897 56.0439 32.691 23.3529 48.3022 33.6701 20.0211 37.0669 20.2066 14.6321 15.4688 26.8315 18.0465 20.5018
internal_count=840 804 668 644 202 51 442 53 389 267 229 76 153 98 122 151 88 63 136 95 56 101 55 41 42 73 49 55
is_linear=0
shrinkage=0.03


Tree=47
num_leaves=30
num_cat=0
split_feature=3 37 32 8 40 31 35 8 32 16 39 27 35 32 14 32 3 32 25 27 30 30 25 25 15 25 24 35 0
split_gain=7.39689 4.05098 3.07967 5.62214 3.31053 2.73471 2.58938 2.48344 2.20033 3.15286 2.33017 2.24296 2.03339 1.99729 1.92903 2.76745 2.39691 2.70003 1.61943 1.47121 3.8196 1.71316 1.26265 2.74647 1.01287 0.89363 0.58981 0.316372 0.276234
threshold=-0.14644492462357525 -1.237507569961241 -1.1635830419683264 1.7033624094460156 354.50000000000006 -0.74003454240451882 -0.39028638774786784 2.2082522428034372 1.0000000180025095e-35 -0.61209227738874139 -0.59124081802371631 -0.72261947408138938 -1.0931964655409048 1.0263079408057698 -0.25343004651060114 -0.19029816073539482 -0.47258559137102391 -0.43361938104362757 -0.18783962960148787 -0.4435396133739285 0.20956268053127869 -0.20677503257816968 0.46059306436529585 -0.51205597658487967 -0.90678217491634228 1.0000000180025095e-35 1.2790100478809057 0.31262369004516927 -0.26148970965409907
decision_type=2 2 2 2 2 2 2 2 2 2 2 2 2 2 2 2 2 2 2 2 2 2 2 2 2 2 2 2 2
left_child=1 5 25 4 6 -1 -4 -5 9 11 -11 -2 -10 14 16 22 18 -18 -6 -14 21 -21 23 -16 -8 -3 -22 -17 -7
right_child=8 2 3 7 13 28 24 -9 12 10 -12 -13 19 -15 15 27 17 -19 -20 20 26 -23 -24 -25 -26 -27 -28 -29 -30
leaf_value=0 0.019285441868566892 0.017399180224664357 0.019218375499369989 0.026412987827404481 0.0010830353806747278 0.027398429288942028 0.0063919837611431758 0.0019415496751607174 0.00075430551310435245 0.003613804265050452 -0.015530772808066475 -0.0010374367718590499 -0.020535829620558971 0.0061659834814317303 0.0050542974000944976 -0.020884887133525286 -0.0051769392065987678 0.014975810341706574 -0.01456261626719677 -0.0067825167956638852 -0.023647375487872348 0.011602200583416008 0.0076509967365167375 -0.019345256184920438 -0.007144973055760109 0.0036687969971641453 -0.0071704253326466509 -0.0096234499115222822 0.011990268691943305
leaf_weight=8.5041154921054858 7.1938911080360439 11.273322314023973 8.4826396405696887 8.0386220812797529 8.7427752614021319 7.5103206634521475 8.9765767753124255 7.4926715493202201 10.675762146711348 7.7756587266922024 13.518222659826277 9.6656649112701398 16.071394979953766 11.607663393020628 7.1036058664321908 13.896092087030423 9.8230919837951678 10.958029687404624 12.763893157243727 7.561757028102873 8.4477302134037 7.4540903270244634 6.6093507707118979 6.4475432038307163 7.9717538356780997 9.9121642708778364 6.3174074888229361 11.181774556636809 8.3048343658447248
leaf_count=25 22 32 24 22 25 21 26 21 33 24 43 30 52 34 21 42 29 32 38 24 27 23 20 20 23 29 20 34 24
internal_value=0 0.00347719 0.00165251 0 -0.00219347 0.0145468 0.00709743 0.0161704 -0.00675979 -0.000949283 -0.00849896 0.00817459 -0.0104523 -0.00470677 -0.0062957 -0.0105225 -0.00143136 0.00547325 -0.0082857 -0.0131294 -0.00814764 0.0022055 -0.00167205 -0.00692718 0 0.0119069 -0.0182779 -0.0169159 0.0213935
internal_weight=280.282 185.601 161.282 140.096 124.565 24.3193 25.431 15.5313 94.6816 38.1534 21.2939 16.8596 56.5281 99.1338 87.5262 45.2384 42.2878 20.7811 21.5067 45.8524 29.781 15.0158 20.1605 13.5511 16.9483 21.1855 14.7651 25.0779 15.8152
internal_count=840 542 472 411 368 70 73 43 298 119 67 52 179 295 261 137 124 61 63 146 94 47 61 41 49 61 47 76 45
is_linear=0
shrinkage=0.03


Tree=48
num_leaves=29
num_cat=0
split_feature=2 12 30 20 12 1 36 35 23 33 16 36 22 25 33 15 28 17 25 30 22 29 12 35 40 28 12 28
split_gain=6.06537 3.37392 4.82983 4.90402 4.41396 3.24144 3.02913 2.79175 3.00276 2.12542 2.3665 2.48797 2.19808 1.73889 1.32236 1.30397 2.02494 1.03616 1.49919 2.83238 0.952863 0.851169 0.815838 0.57495 0.367885 0.21262 0.0306841 0.00305542
threshold=-0.76587944169855615 -0.68112620064027374 0.070783442828129442 -1.0801791100965172 -0.7403902870027983 -0.33967481120018206 -0.63214867446192347 0.14009121640506003 -0.6555284023134561 -1.1982859427516168 1.0000000180025095e-35 0.18708645915845537 -0.60202776146511694 0.46059306436529585 0.94068937194883406 -0.51576727402838851 -0.77893644259875761 -0.82780303939838462 0.46059306436529585 0.83406925019545197 0.97039788535993132 0.12426018005142965 -0.042420401970858938 -0.39028638774786784 376.50000000000006 -0.16499814990025533 -0.89899816033750668 -0.57929391710022271
decision_type=2 2 2 2 2 2 2 2 2 2 2 2 2 2 2 2 2 2 2 2 2 2 2 2 2 2 2 2
left_child=21 2 3 -2 24 6 -3 8 13 -8 11 -11 -12 -7 -15 16 -10 -9 22 25 26 -1 27 -17 -5 -20 -4 -19
right_child=1 5 20 4 -6 7 9 17 15 10 12 -13 -14 14 -16 23 -18 18 19 -21 -22 -23 -24 -25 -26 -27 -28 -29
leaf_value=0.005591799829655136 0.016602321619389491 -0.010628710453291791 0.026842714788801306 -0.005336432340688823 0.011452517373423709 0.018767678509222521 -0.0071632792050232161 0 -0.013475984682125759 0.013254540468965731 0.00069831044617610328 -0.011755987454237298 0.025413030320614712 -0.0094143199491601489 0.0094322382595225223 -0.016303060871915426 0.0077848020001183996 -0.0086735345446994471 -0.0050016453884978648 0.0098787852746021806 0.0051155955307361362 0.020578084795897466 -0.0059138823541514144 -0.0023744899628332875 -0.019331339903980345 -0.018221463624258291 0.011141391121221304 -0.021048623640230336
leaf_weight=8.5164716839790362 7.5702898204326656 9.5259152799844724 5.8023284673690805 5.1236490011215308 5.5733760297298387 6.5973566025495556 5.795560628175731 7.223403885960578 4.9051705151796332 5.3944670259952598 5.3212943822145435 5.9378653764724731 10.117185473442078 5.0833782404661161 5.3187685161828995 10.281358808279036 9.3781454265117663 4.9700509756803504 5.1817150712013254 6.1570818275213233 7.0681826174259177 11.306498259305952 8.5818392634391767 5.6382755041122428 12.547121450304983 4.9670829027891168 5.6869002580642709 18.984425187110904
leaf_count=28 27 38 20 20 19 25 23 29 21 20 20 23 37 21 20 43 38 22 22 24 25 35 36 23 56 21 20 84
internal_value=4.50573e-05 -0.00157879 0.00504439 -0.00214457 -0.00912896 -0.00389776 0.00294739 -0.00674737 -0.00115696 0.00738777 0.0109631 0 0.0180649 0.00834113 0 -0.00683387 0 -0.011197 -0.0127235 -0.00424672 0.0165484 0.0152673 -0.016421 -0.0123437 -0.0163215 -0.0135 0.0217169 -0.0193792
internal_weight=214.555 194.732 49.3718 30.8144 23.2441 145.36 42.0923 103.268 47.2025 32.5664 26.7708 11.3323 15.4385 16.9995 10.4021 30.203 14.2833 56.0656 48.8422 16.3059 18.5574 19.823 32.5363 15.9196 17.6708 10.1488 11.4892 23.9545
internal_count=840 777 187 122 95 590 161 429 191 123 100 43 57 66 41 125 59 238 209 67 65 63 142 66 76 43 40 106
is_linear=0
shrinkage=0.03


Tree=49
num_leaves=26
num_cat=0
split_feature=27 7 22 29 40 25 33 14 23 5 23 19 32 25 15 12 23 37 31 16 16 32 34 15 4
split_gain=4.86895 3.47596 3.12213 3.41613 2.50827 2.20683 3.42725 1.84905 2.07847 3.91266 3.32414 3.6132 2.47232 4.01646 2.43023 2.08938 1.62062 3.00489 1.66915 1.44554 2.08811 3.25422 1.55444 1.22282 0.108906
threshold=1.6495593419320291 0.2768720194840778 -1.7251889377687226 -0.54676969129388564 295.50000000000006 0.46059306436529585 0.51289430900874367 1.348866250581592 0.34716147558026705 -0.35601118986158542 1.0000000180025095e-35 -0.2498440745692726 0.45276506436493485 -0.51205597658487967 0.91795402922744218 -0.15883032401134015 1.0000000180025095e-35 1.0000000180025095e-35 -0.54013843632821712 -0.88822413184982785 0.49243514045560405 -1.0000000180025095e-35 -0.45183571154560659 -0.38542897373240392 -0.33064273370056035
decision_type=2 2 2 2 2 2 2 2 2 2 2 2 2 2 2 2 2 2 2 2 2 2 2 2 2
left_child=1 2 -1 5 23 16 -7 8 9 14 11 -11 13 -10 -6 -14 18 -18 -4 22 -21 -22 -3 -5 -19
right_child=-2 19 3 4 7 6 -8 -9 12 10 -12 -13 15 -15 -16 -17 17 24 -20 20 21 -23 -24 -25 -26
leaf_value=0.018347645952253376 -0.017358602487416289 0.0098237227976318564 0.011809670334816707 -0.0010408785730287597 0 -0.014226126054783749 0.0095851531221370165 -0.01122673898960266 0.001920091000842601 -0.0085849098460833943 -0.020064068592266039 0.0066725979369189588 -0.0086737862154633253 0.027574653377245614 0.019549968870505075 0.0092191721144426007 0.0012627353910839227 0.026456712694949269 -0.0033559560660842156 -0.018317451387417565 -0.014297846853549795 0.0081932527917839611 -0.0079321377859898432 -0.014874108586221981 0.013740299682020056
leaf_weight=8.9543033838272077 12.465554296970366 7.6358707547187805 9.6643967628479022 11.117666244506838 11.889207929372782 9.0156732201576251 9.6407718360424024 9.2528501749038679 13.284277796745302 29.170371413230889 9.3453755080699903 23.927382767200484 11.410497754812242 8.9386916160583478 9.6959654390811902 9.2234694361686689 12.187060892581938 8.20036932826042 13.680588930845259 13.56822022795677 9.8334011137485486 10.156302541494371 6.9880366921424848 13.992162168025969 12.293497443199159
leaf_count=24 36 21 26 31 32 25 26 26 36 81 26 65 31 24 26 25 33 22 37 39 28 28 20 39 33
internal_value=-3.21165e-05 0.000769136 0.00224321 0.00149468 -0.000938012 0.00674094 -0.00182628 0.000660472 0.0016951 -0.000999477 -0.00486742 -0.00160511 0.00696867 0.0135831 0.00951929 -0.00032174 0.00967133 0.0139098 0.00301479 -0.00644364 -0.00977102 -0.00281717 0.00101836 -0.0093787 0.0205588
internal_weight=305.532 293.066 244.885 235.93 161.248 74.6824 18.6564 136.138 126.885 84.0283 62.4431 53.0978 42.8569 22.223 21.5852 20.634 56.0259 32.6809 23.345 48.1818 33.5579 19.9897 14.6239 25.1098 20.4939
internal_count=840 804 668 644 442 202 51 372 346 230 172 146 116 60 58 56 151 88 63 136 95 56 41 70 55
is_linear=0
shrinkage=0.03


Tree=50
num_leaves=30
num_cat=0
split_feature=13 13 32 25 35 35 16 36 21 21 25 23 41 36 24 14 36 35 31 23 12 19 14 22 31 30 36 35 36
split_gain=7.36326 3.56917 2.49898 3.09829 3.03087 3.18619 5.66608 3.01988 2.92146 2.78308 2.27123 2.23151 2.38688 2.07719 2.06579 1.91557 1.85986 1.50657 1.44634 2.11779 1.4462 1.382 1.19741 1.82877 1.09548 0.896495 0.759235 0.512207 0.132742
threshold=-0.1244838435582914 1.0536975299515901 -1.1635830419683264 1.0000000180025095e-35 0.5937877211623841 0.31262369004516927 1.0000000180025095e-35 -0.63214867446192347 -0.50286206361303254 0.10845459083119212 0.46059306436529585 -0.6555284023134561 525.50000000000011 0.32114311738724483 -0.2181936778930488 -0.36880385404908239 -0.21508351552791224 -1.0120914565647852 1.1648577625578858 0.681391434878175 -0.67532657106299665 1.0000000180025095e-35 -1.6873970565252503 0.52113341483848896 0.027213747094227369 0.83406925019545197 -0.4279970315383424 -0.28987066234886255 -0.081026857299122859
decision_type=2 2 2 2 2 2 2 2 2 2 2 2 2 2 2 2 2 2 2 2 2 2 2 2 2 2 2 2 2
left_child=11 2 3 -2 5 6 7 -4 25 10 28 16 13 27 -11 -9 -1 -15 19 -19 -14 -7 -3 -24 -10 -6 -25 -13 -8
right_child=1 22 4 -5 8 21 9 15 24 14 -12 12 20 17 -16 -17 -18 18 -20 -21 -22 -23 23 26 -26 -27 -28 -29 -30
leaf_value=-0.007319689515870414 0.020228024737211733 0 0.0033653188876860704 -0.0026204311704757792 -0.021622480410542759 0.0019820262339143141 0.0017380440701905522 0 -0.0066627401188493534 -0.01193688816853586 0.026959597612542668 -0.022758028743534536 0.0096768338481337483 0.0053416849006720935 0.0071045855568691273 -0.018635179608518584 0.010861567964476192 -0.011265681196082017 -0.015702991298768496 0.0094765815739137563 -0.0070925849311641006 0.020772056614359703 0.0045406049609225726 0.0094466556463105363 0.0067447179585251472 -0.0055547691824271543 0.026824837509074804 -0.0099488599756003427 0.0089990552308212429
leaf_weight=7.6693446338176754 11.217628926038744 7.157031685113906 12.216065376996992 7.9602103531360617 9.6983617544174212 6.840026646852496 7.8464561402797708 6.8100174367427817 8.2836952507495898 7.4599614441394833 7.2952712774276725 14.091503739356996 7.7199075520038605 6.4654258489608756 10.333231419324873 18.476255267858509 9.5002278685569745 8.3437715768814105 14.025822788476942 6.421380102634429 7.6176057159900648 9.4303026199340803 13.672844827175142 7.8805953264236477 10.768733263015745 7.9455485045909873 8.8422447741031629 11.019814461469648 6.917096436023713
leaf_count=24 32 20 35 24 31 20 23 20 25 22 21 47 23 20 30 56 28 27 45 20 24 27 38 22 32 24 24 36 20
internal_value=0 0.00342444 0.00125626 0.010952 -0.000233415 0.00258894 0 -0.00824377 -0.00741017 0.00769548 0.014479 -0.00684035 -0.0090398 -0.0116777 -0.00087512 -0.0139506 0.00248334 -0.00628686 -0.0092315 -0.00183393 0.00110183 0.0140445 0.0115226 0.0140125 0.000562606 -0.0157023 0.0204164 -0.01824 0.00602516
internal_weight=279.926 187.052 149.499 19.1778 130.321 93.6247 77.3544 37.5023 36.6963 39.852 22.0588 92.8748 75.7052 60.3677 17.7932 25.2863 17.1696 35.2564 28.791 14.7652 15.3375 16.2703 37.5527 30.3957 19.0524 17.6439 16.7228 25.1113 14.7636
internal_count=840 546 442 56 386 274 227 111 112 116 64 294 242 195 52 76 52 112 92 47 47 47 104 84 57 55 46 83 43
is_linear=0
shrinkage=0.03


Tree=51
num_leaves=28
num_cat=0
split_feature=9 20 41 26 27 30 30 37 35 35 27 12 32 37 29 26 26 12 13 35 14 41 22 27 32 38 34
split_gain=5.7878 4.52621 2.83638 2.94955 2.75009 2.73451 2.48603 1.95029 1.94549 3.43851 2.01768 3.02959 1.92464 2.10964 1.95964 3.50814 1.81226 1.66511 2.76554 2.98378 2.24174 1.28069 1.23675 1.40671 2.1523 1.0539 0.729952
threshold=-0.681885456220793 -0.15872529505748426 587.00000000000011 -0.00081716902452363038 -0.72261947408138938 -1.386398553054941 2.2218616272269478 0.44182418895223635 -0.1091223566306531 -1.2839863437990151 -0.4435396133739285 -0.8270636435226536 -0.67694060135186052 0.44182418895223635 -0.3027588289864982 0.80000847500862482 -0.00081716902452375734 -0.089140811136042525 1.2141025716028053 0.87495175227959887 -0.74608954375527581 470.50000000000006 0.18418506194740711 1.0216296553402422 -0.43361938104362757 -1.0000000180025095e-35 -0.025567120740692364
decision_type=2 2 2 2 2 2 2 2 2 2 2 2 2 2 2 2 2 2 2 2 2 2 2 2 2 2 2
left_child=1 2 3 -1 -5 7 8 -2 9 -7 26 -12 13 -11 -14 16 25 22 19 20 -19 -3 -13 24 -24 -16 -10
right_child=5 21 -4 4 -6 6 -8 -9 10 12 11 17 14 -15 15 -17 -18 18 -20 -21 -22 -23 23 -25 -26 -27 -28
leaf_value=-0.0086654791024837873 -0.0005691258561711976 0.026554579335637797 -0.013564963208252527 0.025746184202027535 0 -0.017008455041806939 0.014293619315522877 0.021627194931784114 0.011590400843021211 -0.014707328149287879 0.0071560206484004366 -0.020659485502875337 -0.0060712919926037183 0.0062981451932764649 0.012688405237350965 -0.0079933242829750926 0.024628900009550422 0.0075855288738702065 -0.019217660868221985 0.015719734361452041 -0.015039557567853679 0.0066588468881497928 -0.015341679464508729 -0.016161968001292954 0.004356029820223207 -0.0025766444842784289 -0.0020922725212542321
leaf_weight=6.0059481263160768 6.1688041687011701 11.225472450256349 6.761558234691619 7.0131187885999715 7.4455356448888725 7.6398424208164206 5.1400875002145758 5.4074230641126633 4.9854443520307541 8.3247672170400602 8.3960525840520841 16.893014132976525 7.1188340336084321 6.015911027789115 7.8032950907945624 6.187981352210044 9.7193619757890755 4.9217112213373211 6.2511756420135489 7.092041701078414 8.4964276403188794 6.6562297791242591 6.3600384294986698 13.429839149117468 11.760998755693443 5.5155595839023617 5.5708407461643201
leaf_count=22 24 37 26 24 26 32 18 20 20 34 31 75 30 23 29 25 36 20 27 26 34 24 28 56 49 21 23
internal_value=4.3355e-05 0.00943979 0.00124408 0.00700242 0.0140894 -0.00248748 -0.00357984 0.0106318 -0.00435468 0 -0.00698784 -0.00856409 0.00293851 -0.00575479 0.00661931 0.0100512 0.0153348 -0.0105029 -0.00387542 0.00151906 -0.0064103 0.0205467 -0.0138176 -0.00920146 -0.00289592 0.00634107 0.00451008
internal_weight=214.307 45.1079 27.2262 20.4646 14.4587 169.199 157.623 11.5762 152.483 58.3256 94.1576 83.6013 50.6857 14.3407 36.345 29.2262 23.0382 75.2052 26.7614 20.5102 13.4181 17.8817 48.4439 31.5509 18.121 13.3189 10.5563
internal_count=840 159 98 72 50 681 637 44 619 230 389 346 198 57 141 111 86 315 107 80 54 61 208 133 77 50 43
is_linear=0
shrinkage=0.03


Tree=52
num_leaves=28
num_cat=0
split_feature=1 22 29 40 28 28 26 34 26 16 34 16 12 2 23 26 22 5 23 19 15 41 32 10 15 22 15
split_gain=4.43938 3.21363 2.61569 2.47301 2.18628 2.17592 3.15154 2.41554 1.50941 1.37297 2.7298 1.91045 1.44698 1.28775 2.10139 3.91134 3.862 3.31745 3.07178 3.0355 2.90706 1.92493 1.15881 1.05484 1.0096 0.789129 0.553209
threshold=0.13544189141464821 -1.7251889377687226 -0.54676969129388564 295.50000000000006 -0.32711388489154697 0.99683128420400169 -0.34402815932444425 0.31189551364653195 0.22799015784209034 -0.88822413184982785 -0.45183571154560659 1.0446988493777771 -0.78439093577292718 -0.76587944169855615 0.34716147558026705 0.57120114814201095 -0.37739552620439581 -0.35601118986158542 1.0000000180025095e-35 -0.2498440745692726 0.91795402922744218 354.50000000000006 -0.43361938104362757 -1.4113658339640369 -0.38542897373240392 -1.0000000180025095e-35 -1.1674587755083115
decision_type=2 2 2 2 2 2 2 2 2 2 2 2 2 2 2 2 2 2 2 2 2 2 2 2 2 2 2
left_child=1 -1 4 24 8 6 -6 -8 26 10 -2 12 -11 -5 17 -16 -17 20 19 22 -15 -21 -19 -14 -4 -18 -3
right_child=9 2 3 13 5 -7 7 -9 -10 11 -12 -13 23 14 15 16 25 18 -20 21 -22 -23 -24 -25 -26 -27 -28
leaf_value=0.017983849893053499 0.011204245045529949 0.0098726583401193974 -0.0019068774934037054 -0.010391664946893139 -0.015118349210997742 0.013444462034239471 0.011922133899481394 -0.0051273669091612684 0.019888637650907811 -0.023751919911810648 -0.011195188105306732 0 -0.00033730309915190279 -0.0013156205705941867 0.020300222863543507 0.011402569167397522 -0.015167590733904701 -0.0022545666169111098 -0.019772915547308444 0.016428004745423695 0.019147840805646792 -0.0002264681578092145 -0.014749906368033817 -0.015419651259162922 -0.014652603392776782 -0.0017742297727089632 8.4606557787122164e-05
leaf_weight=8.9433178603649122 8.0048689246177691 11.120192706584929 11.472265064716341 7.7637642323970786 10.512199610471724 8.4722507596015912 12.994753718376161 13.616635650396345 10.806414067745207 9.8911881446838397 8.5822571218013746 11.563458502292631 9.7244594395160693 12.612712323665621 11.535012423992155 14.894283235073088 7.32369440793991 16.255927681922913 9.3043219447135908 7.7938769459724488 9.698310583829878 16.857529550790787 12.859751582145689 7.2692708671092978 13.949117362499235 10.180255621671678 11.050249874591829
leaf_count=24 22 30 32 22 29 23 35 37 29 29 25 32 28 34 31 40 20 45 26 21 26 46 36 21 39 28 30
internal_value=-3.19784e-05 0.00165604 0.000918118 -0.00122847 0.00537238 0.000886846 -0.00223451 0.00317664 0.0110919 -0.00764697 -2.08925e-05 -0.0106624 -0.0148518 0.000358178 0.00116119 0.00640485 0.000601191 -0.00153185 -0.00509432 -0.00197793 0.00797347 0.0054499 -0.00842173 -0.00784077 -0.00955026 -0.00844865 0.00556207
internal_weight=305.052 250.017 241.074 162.501 78.5727 45.5958 37.1236 26.6114 32.9769 55.0355 16.5871 38.4484 26.8849 137.079 129.316 43.9332 32.3982 85.3824 63.0714 53.7671 22.311 24.6514 29.1157 16.9937 25.4214 17.504 22.1704
internal_count=840 683 659 446 213 124 101 72 89 157 47 110 78 375 353 119 88 234 174 148 60 67 81 49 71 48 60
is_linear=0
shrinkage=0.03


Tree=53
num_leaves=30
num_cat=0
split_feature=13 13 34 34 35 12 13 24 41 26 39 30 37 15 17 14 41 35 35 23 7 34 33 40 40 7 37 15 34
split_gain=6.96679 3.36443 2.79405 3.18115 2.84665 3.94152 2.63702 2.65932 2.54555 2.44111 2.21094 2.49762 2.50449 2.20275 1.98151 1.90336 1.84092 1.75239 1.92414 1.64819 1.96382 1.95485 1.35726 1.21116 1.71356 1.39401 1.11304 1.06886 0.473663
threshold=-0.1244838435582914 1.0536975299515901 -0.72812090928953299 1.0000000180025095e-35 0.73436973672099126 0.13694239334262492 0.51060296089257295 -0.2181936778930488 283.50000000000006 -0.68723914962436505 1.0000000180025095e-35 -0.20677503257816968 -1.0000000180025095e-35 -1.1674587755083115 0.53430186382324785 -0.22008391217229781 525.50000000000011 0.14009121640506003 -0.39028638774786784 1.015621394176083 -0.30126784773241977 1.0401043562715946 0.72679184047878875 470.50000000000006 350.50000000000006 1.0672273341379945 1.0000000180025095e-35 0.52693912833948831 -0.025567120740692204
decision_type=2 2 2 2 2 2 2 2 2 2 2 2 2 2 2 2 2 2 2 2 2 2 2 2 2 2 2 2 2
left_child=9 2 6 4 5 15 7 13 -5 22 11 -10 -13 -2 -14 -4 19 18 -17 20 28 -21 -1 24 -3 -25 -12 -18 -11
right_child=1 23 3 8 -6 -7 -8 -9 10 16 26 12 14 -15 -16 17 27 -19 -20 21 -22 -23 -24 25 -26 -27 -28 -29 -30
leaf_value=0.010719141573058486 -0.0050371876186992614 0.011394379159191488 0.025960666732151153 0.013767792723183962 -0.0050378665662607781 -0.0069185253085386677 -0.018665897949372717 -0.012565165956524493 -0.018479563343142477 -0.0083352493594492476 -0.0015387860764626616 0.010433546638007711 -0.016713542235860947 0.013270281034130001 0.0028535589645740937 0.013166848835337275 -0.0076587638996941142 0.019674301414610882 -0.0060910492312902772 0.0052363202786899626 -0.0013836331573479576 -0.011950479029532007 -0.0049333014577636093 0.023284356468940007 -0.0056256816878465666 0.0047889633835346054 0.013232187311857026 0.0070312444224850138 -0.020835680984074696
leaf_weight=8.8283858597278613 9.0994895994663256 11.959452480077745 11.808184057474131 7.2838121652603141 9.2551184296607953 6.8346117734909049 8.7293417453765851 10.088544249534609 11.323867946863169 8.4996316730976087 8.2429786026477796 8.1635976135730726 9.1953729391098076 11.549293220043181 6.7869452238082877 7.116675496101375 6.5695878565311423 8.7091150879859907 8.4158947467804044 9.9641118645668048 9.0820584297180194 10.554339766502379 7.790865719318389 10.562927782535555 7.0917043387889853 8.0211772918701154 6.8396950960159293 8.387438237667082 22.758586406707764
leaf_count=26 28 33 33 21 29 20 27 31 35 28 24 24 28 34 20 20 21 24 24 31 29 34 24 29 20 22 20 25 76
internal_value=0 0.00332655 0.00121775 0.00370113 0.00897763 0.0122056 -0.00543797 -0.000801425 -0.00106125 -0.0066734 -0.00364832 -0.00771614 -0.00164879 0.0051369 -0.00852921 0.0161226 -0.00894698 0.0098639 0.00276272 -0.0112167 -0.0147092 -0.00354364 0.00324941 0.0111792 0.00481861 0.0165541 0.00538876 0.000104389 -0.0181571
internal_weight=279.513 187.078 149.443 109.976 52.1396 42.8845 39.4667 30.7373 57.8363 92.435 50.5525 35.4698 24.1459 20.6488 15.9823 36.0499 75.8158 24.2417 15.5326 60.8587 40.3403 20.5185 16.6193 37.6353 19.0512 18.5841 15.0827 14.957 31.2582
internal_count=840 546 442 322 150 121 120 93 172 294 151 107 72 62 48 101 244 68 44 198 133 65 50 104 53 51 44 46 104
is_linear=0
shrinkage=0.03


Tree=54
num_leaves=26
num_cat=0
split_feature=3 28 10 30 28 23 1 36 39 13 11 35 27 36 15 19 26 24 39 30 34 36 15 29 29
split_gain=5.51073 3.9112 2.86008 2.63315 2.78328 2.81554 3.31667 3.23598 3.03872 2.35799 2.47875 2.20724 2.14922 2.68601 3.90834 1.64154 3.74722 1.1893 1.01581 0.979543 0.90644 1.7728 0.466204 0.383945 0.100287
threshold=0.17969574212387343 -0.6581001771654339 1.0000000180025095e-35 -1.386398553054941 1.7533713808300291 0.681391434878175 -0.32683381923761906 -0.75131014844306943 1.0000000180025095e-35 -0.87996982158682047 1.4202019815770222 -1.3743604966581198 -0.4435396133739285 1.0000000180025095e-35 1.0000000180025095e-35 -0.56964449001794393 -0.45843182275775135 -1.3410964722235144 -1.0000000180025095e-35 0.55651077478915301 0.47174623519837494 -0.63214867446192347 -1.0000000180025095e-35 0.58613788370469877 1.0000000180025095e-35
decision_type=2 2 2 2 2 2 2 2 2 2 2 2 2 2 2 2 2 2 2 2 2 2 2 2 2
left_child=3 2 -2 11 5 6 7 -5 -9 10 -3 -1 13 14 -8 16 -14 -17 -16 24 21 -19 -6 -4 -7
right_child=1 9 23 4 22 19 12 8 -10 -11 -12 -13 15 -15 18 17 -18 20 -20 -21 -22 -23 -24 -25 -26
leaf_value=-0.0023340676320538177 0.012740383821905264 -0.00209593856163229 -0.015473684815077233 -0.0089997445468151197 0.0013980018648391478 -0.0089028655959610542 -0.0065163838909031166 0.022533834102118833 -0.0016883126822592777 0.029914391008333666 0.01730855710682341 0.021164746028281205 -0.013690582545601578 -0.012639475932155525 0.0060512171808438289 0.0014022624947979474 0.018033308168877511 -0.0054307720166329784 0.026891711513580514 -0.0036033937543767935 -0.0015264149182957149 -0.018454018620152925 0.015201446366680738 -0.0023207358435528196 -0.021079634849360863
leaf_weight=5.6051382124423981 5.9244109988212612 9.0450519472360664 5.7621718645095807 6.5640264004468944 5.186539962887764 6.7932551354169908 8.7787223607301765 10.757369771599771 6.5045055001974097 7.0011654198169699 12.217419117689131 6.0234140604734403 4.9700754880905151 6.6532055735588065 6.0490272343158749 6.4108968079090038 5.3626961559057218 20.399499565362923 5.3218898773193315 8.7995481491088849 9.185818210244177 23.72954580187799 5.7034803926944715 5.3396048247814178 9.9633724391460401
leaf_count=23 19 34 23 26 20 29 36 39 25 25 38 21 21 27 23 26 21 85 20 36 38 102 20 20 43
internal_value=4.42892e-05 0.00918957 -0.00181665 -0.00243408 -0.00351174 -0.00465625 -0.00259716 0.00703301 0.0136815 0.0157788 0.00919614 0.0104084 -0.00509811 0.00187616 0.00748987 -0.00783355 0.00246586 -0.00973015 0.0182686 -0.0134753 -0.01118 -0.0129417 0.0100767 -0.0106529 -0.0176088
internal_weight=214.052 45.2898 17.0262 168.762 157.133 146.243 120.687 23.8259 17.2619 28.2636 21.2625 11.6286 96.8614 26.8028 20.1496 70.0585 10.3328 59.7258 11.3709 25.5562 53.3149 44.129 10.89 11.1018 16.7566
internal_count=840 159 62 681 637 597 489 90 64 97 72 44 399 106 79 293 42 251 43 108 225 187 40 43 72
is_linear=0
shrinkage=0.03


Tree=55
num_leaves=29
num_cat=0
split_feature=27 1 2 40 35 13 34 12 34 15 38 24 20 34 2 38 1 31 20 25 38 1 16 16 24 35 19 16
split_gain=4.59582 3.09536 2.14996 1.7757 2.0047 2.92954 3.75455 2.61176 2.48264 3.48839 2.3169 3.14131 2.0317 1.84548 1.74095 1.7147 1.48061 1.45317 2.07375 1.53166 2.42601 1.35303 1.38491 3.2236 3.151 1.14943 1.00273 0.772119
threshold=1.6495593419320291 0.13544189141464821 -0.76587944169855615 295.50000000000006 0.73436973672099126 -0.12926709844438256 -0.45183571154560659 -0.67532657106299665 -0.72812090928953299 -1.1674587755083115 1.2790467499628477 -0.2181936778930488 -0.58105829361704109 -1.2333281280212836 -0.50001902967617995 1.0000000180025095e-35 -0.32683381923761906 0.027213747094227369 -0.15872529505748426 1.0000000180025095e-35 1.0000000180025095e-35 0.2124878431900262 -0.88822413184982785 0.49243514045560405 -0.2181936778930488 -0.28987066234886255 0.38975675632806994 -0.61209227738874139
decision_type=2 2 2 2 2 2 2 2 2 2 2 2 2 2 2 2 2 2 2 2 2 2 2 2 2 2 2 2
left_child=1 2 -1 15 5 6 16 14 9 -7 11 -6 -9 -11 -8 27 -5 18 25 20 -19 -3 -23 -24 -25 -10 -20 -4
right_child=-2 21 3 4 10 8 7 12 17 13 -12 -13 -14 -15 -16 -17 -18 19 26 -21 -22 22 23 24 -26 -27 -28 -29
leaf_value=-0.010308160806363294 -0.016942826248864697 -0.016720000068691315 -0.014463360540853086 -0.012220472105218162 0.0012554911558171605 0.020447163879372642 -0.0072114834474787341 0.025915349144210547 -0.0040954907272277461 -0.010905660587766139 -0.0040550676123868633 0.020634448411536801 0.0074270240161624585 0.0060184255969459415 0.010738509442214089 0.0053720737955802412 0.0045007187541586521 -0.0022782429054218289 0.0071295044025618502 -0.0084728784791769634 0.016040907239653551 0.0047459382973372979 -0.018079494256700877 -0.010961483929771981 0.012763630365183963 -0.019805364444520863 -0.0060872394193298082 -0.0024859790064668368
leaf_weight=10.268420249223707 12.346731960773466 7.6978032886981955 8.9622332751750946 8.4142348766326887 13.335477411746977 8.939492344856264 7.7197842299938229 13.047971546649931 9.319357216358183 8.0567497909069079 7.4430478215217581 18.951080679893494 12.99169570207596 13.105116903781889 8.5383510589599592 11.234266042709349 7.3670051693916312 15.390011787414553 8.0301512479782158 9.7840841710567457 8.9009080529212934 11.423449784517286 11.65832954645157 8.057504415512085 9.0462400317192078 11.444176077842711 9.7818692624568921 13.316702961921692
leaf_count=29 36 22 25 23 36 24 21 35 26 22 20 51 35 36 23 31 20 42 22 27 24 32 34 23 25 32 27 37
internal_value=-3.46875e-05 0.000742142 0.00213345 0.00276687 0.00384808 0.00226197 0.00756484 0.0121457 -0.000743564 0.00623819 0.00980746 0.0132189 0.017816 -0.000455517 0.00198831 -0.00341996 -0.00435436 -0.00378491 -0.00767063 0.000583325 0.00474432 -0.00608516 -0.00337571 -0.00687501 0.00128167 -0.0137748 0 -0.00816492
internal_weight=304.572 292.226 244.342 234.074 200.561 160.831 58.079 42.2978 102.752 30.1014 39.7296 32.2866 26.0397 21.1619 16.2581 33.5132 15.7812 72.6506 38.5756 34.075 24.2909 47.8833 40.1855 28.7621 17.1037 20.7635 17.812 22.2789
internal_count=840 804 668 639 546 439 157 114 282 82 107 87 70 58 44 93 43 200 107 93 66 136 114 82 48 58 49 62
is_linear=0
shrinkage=0.03


Tree=56
num_leaves=33
num_cat=0
split_feature=13 13 34 34 13 24 41 26 24 39 30 41 32 32 16 27 19 39 13 21 33 26 14 34 41 14 31 2 12 24 26 28
split_gain=6.62101 3.19169 2.72519 3.05482 2.55418 2.55833 2.46222 2.341 2.23761 2.13817 2.42081 1.78911 1.69849 3.05082 1.47336 1.37275 1.34713 1.8629 1.93962 1.30611 1.29821 1.23972 1.23136 2.05062 1.17821 1.14386 1.70159 2.62519 1.01411 0.731974 0.433098 0.281357
threshold=-0.1244838435582914 1.0536975299515901 -0.72812090928953299 1.0000000180025095e-35 0.51060296089257295 -0.2181936778930488 283.50000000000006 -0.68723914962436505 -0.2181936778930488 1.0000000180025095e-35 -0.20677503257816968 525.50000000000011 -1.1635830419683264 -0.43361938104362757 -0.61209227738874139 0.39369996874845442 -0.56964449001794393 1.3226022923420711 -1.2918933979238474 -0.50286206361303254 0.72679184047878875 -0.11522083245783055 -0.1160158274037575 -1.2333281280212836 470.50000000000006 -1.6873970565252503 -0.95168924295589719 1.3567838479404157 -0.3895985204670781 0.90470911643741714 1.0000000180025095e-35 -0.32711388489154697
decision_type=2 2 2 2 2 2 2 2 2 2 2 2 2 2 2 2 2 2 2 2 2 2 2 2 2 2 2 2 2 2 2 2
left_child=7 2 4 8 5 22 -5 20 12 10 -8 16 -4 31 -12 -11 24 18 -18 -16 -1 -10 -2 -24 -9 -3 -27 -28 -13 30 -20 -14
right_child=1 25 3 6 -6 -7 9 11 21 15 14 28 13 -15 19 -17 17 -19 29 -21 -22 -23 23 -25 -26 26 27 -29 -30 -31 -32 -33
leaf_value=0.010469967073487256 0.013716543616392775 0 0.014179330444861474 0.013525325614786149 -0.018463988958605505 -0.012407587543097421 -0.01824511542023817 -0.0068384442622640082 0.025199457938714202 0.012937243108334127 -0.01150637444412262 0.0068848361535859305 -0.003152436474142446 0.010793562909384906 -0.0049218477513144039 -0.0034649992858845221 0.0016626783336942 0.0063446585455826073 -0.0062773609948992568 0.010489564272216572 -0.0048312153556543504 0.0082882064956127013 0.0096046965110935766 -0.011595200730288208 -0.023778209547611319 0.0014856703201179833 0.0055025860778236332 0.027771214964445578 -0.0074328546762197452 -0.0028205661498439901 -0.02021693983255184 -0.014062456820773547
leaf_weight=8.8594358563423175 7.2964408397674587 7.1829306483268729 7.5216881930828121 7.3051704168319693 8.6693842709064466 10.042433798313143 11.236399769783015 9.3068741261959076 7.8597521483898189 8.0391915142536146 7.6436846554279319 8.408541411161421 6.7403751611709621 9.6240368783473933 7.6429185867309561 7.0598961710929862 8.550248175859446 6.2017783820629111 6.1550153791904547 8.8381986916065305 7.7687231302261344 13.627308279275892 6.9796706438064584 6.418184190988538 11.230343014001846 9.2686452865600604 10.864042162895204 10.386265307664869 6.5261310636997214 6.2043638527393332 12.816185653209685 6.8029822409152994
leaf_count=26 21 20 21 21 27 31 35 31 22 23 23 25 20 27 23 21 27 19 20 26 24 40 21 20 38 26 30 28 21 20 43 20
internal_value=0 0.0032409 0.00118329 0.00363589 -0.0053951 -0.000835236 -0.00103435 -0.00652213 0.00880262 -0.00358724 -0.00759999 -0.00876057 0.0030834 -0.000919011 -0.00162996 0.00528648 -0.0110102 -0.00708798 -0.0098934 0.00319464 0.003182 0.0159759 0.00496923 -0.000293215 -0.0173619 0.0108814 0.0133086 0.0177637 0.000155867 -0.0139159 -0.0167788 -0.00988726
internal_weight=279.077 187.05 149.348 109.942 39.4061 30.7367 57.7655 92.0276 52.1761 50.4603 35.3612 75.3995 30.6891 23.1674 24.1248 15.0991 60.4648 39.9276 33.7258 16.4811 16.6282 21.4871 20.6943 13.3979 20.5372 37.7019 30.519 21.2503 14.9347 25.1756 18.9712 13.5434
internal_count=840 546 442 322 120 93 172 294 150 151 107 244 88 67 72 44 198 129 110 49 50 62 62 41 69 104 84 58 46 83 63 40
is_linear=0
shrinkage=0.03


Tree=57
num_leaves=27
num_cat=0
split_feature=14 20 40 16 32 1 35 37 36 26 1 26 33 26 16 13 36 30 20 27 15 20 30 13 30 12
split_gain=5.26197 4.21345 2.71672 2.47241 2.27311 5.31816 2.77782 3.23286 2.5271 2.36035 2.67424 2.21707 1.89565 1.86725 3.31453 3.59438 2.22355 2.03593 1.83504 1.59784 1.24257 0.920019 0.812739 0.772456 0.510913 0.32945
threshold=0.62895650399447323 -0.15872529505748426 160.50000000000003 1.0446988493777771 -0.9202618216600934 0.1868058592649002 0.45320570560377682 -1.237507569961241 -1.0194234649006479 1.2576231287418524 0.096918915526959498 -0.00081716902452363038 -0.77049087981152686 -0.57283548619105806 -1.0000000180025095e-35 -0.16085361105098175 -0.34914017375670164 -0.76189198339076769 1.0000000180025095e-35 1.0216296553402422 0.26626252774751907 -0.58105829361704109 0.070783442828129137 0.0088669841786607265 1.2504069633049009 -0.21594986475984751
decision_type=2 2 2 2 2 2 2 2 2 2 2 2 2 2 2 2 2 2 2 2 2 2 2 2 2 2
left_child=2 3 18 11 5 23 7 -6 -8 10 13 -2 -3 17 15 -15 -16 -9 -1 21 24 -10 -19 -4 -21 -13
right_child=1 12 4 -5 6 -7 8 9 19 -11 -12 25 -14 14 16 -17 -18 22 -20 20 -22 -23 -24 -25 -26 -27
leaf_value=-0.0018729231228345666 -0.0073503875564320731 0.004023526010491961 -0.022013891722778504 -0.013330172824964487 -0.013268921003558452 0.01049668928972299 0.0092817577563786662 0.012084377734404614 -0.0030347067248590559 -0.013458581469293468 -0.0090485546939407229 0.017406064015597897 0.026894830321066796 0.00032244556209017489 0.013033650176632999 0.025779930289257697 -0.00570089058853242 -0.014808881049449579 0.019118811063496999 -0.0008055652360691775 0.0071936935860056547 -0.019004552678206412 0 -0.0076343933395425024 -0.014146533411470609 0.0046228963066917541
leaf_weight=5.4006044119596464 5.5785531252622667 6.109737008810046 14.006726801395422 6.1735111325979224 9.8179153203964216 6.8216045349836341 5.4668931663036338 5.6110465973615673 5.9593802690506008 4.9118002951145163 8.3606636673212034 7.1926098316907918 11.204024538397787 7.7372160553932146 7.8281470239162472 15.868639320135115 12.881003707647336 5.4749180376529605 7.0453591793775558 6.2754040062427539 5.7078834176063529 16.049339339137077 5.7466522306203842 9.2809878885745984 5.1157815456390381 6.1558987796306557
leaf_count=22 21 20 61 22 42 27 22 21 26 21 33 24 38 30 31 61 53 22 25 25 21 69 23 37 21 22
internal_value=5.16337e-05 0.00935157 -0.0022766 0.000991603 -0.00339109 -0.0106399 -0.0015477 0.00160731 -0.00749852 0.00387228 0.0054399 0.00659255 0.0201071 0.00768589 0.0108335 0.0181926 0.00151268 -0.000481841 0.010358 -0.0102482 -0.00258092 -0.0154051 -0.00792088 -0.017334 -0.00821134 0.0129775
internal_weight=213.782 42.4143 171.368 25.1006 158.922 30.1093 128.813 84.238 44.5747 74.4201 69.5083 18.9271 17.3138 61.1476 44.315 23.6059 20.7092 16.8326 12.446 39.1078 17.0991 22.0087 11.2216 23.2877 11.3912 13.3485
internal_count=840 147 693 89 646 125 521 337 184 295 274 67 58 241 175 91 84 66 47 162 67 95 45 98 46 46
is_linear=0
shrinkage=0.03


Tree=58
num_leaves=27
num_cat=0
split_feature=27 1 22 29 40 25 33 23 37 1 16 16 24 2 23 26 22 2 23 19 13 27 34 22 27 1
split_gain=4.40976 2.90718 2.85238 3.12532 2.32636 1.95225 3.21934 1.50931 2.81776 1.345 1.34053 3.1333 3.06139 1.24723 1.69907 3.80877 3.60325 2.84507 3.23431 3.55422 1.5118 1.20236 1.06033 0.770302 0.618162 0.130859
threshold=1.6495593419320291 0.13544189141464821 -1.7251889377687226 -0.54676969129388564 295.50000000000006 0.46059306436529585 0.51289430900874367 1.0000000180025095e-35 1.0000000180025095e-35 0.2124878431900262 -0.88822413184982785 0.49243514045560405 -0.2181936778930488 -0.76587944169855615 0.34716147558026705 0.57120114814201095 -0.37739552620439581 -0.36919882693501083 1.0000000180025095e-35 -0.2498440745692726 -0.64293086281444078 0.39369996874845442 -0.025567120740692364 -1.0000000180025095e-35 -0.72261947408138938 -0.32683381923761906
decision_type=2 2 2 2 2 2 2 2 2 2 2 2 2 2 2 2 2 2 2 2 2 2 2 2 2 2
left_child=1 2 -1 5 22 7 -7 21 -9 -3 -11 -12 -13 -6 17 -16 24 20 19 -19 -15 -4 -5 -18 -17 -10
right_child=-2 9 3 4 13 6 -8 8 25 10 11 12 -14 14 15 16 23 18 -20 -21 -22 -23 -24 -25 -26 -27
leaf_value=0.017487696616143581 -0.016651225519826132 -0.016512952268481602 -0.0046480417473739773 -0.015047193613774334 -0.010033909069903436 -0.013775768245039479 0.0093497952912568617 0.0009952143121463241 0.02546725199922412 0.0047731342673080048 -0.01776515427442928 -0.010743491812287212 0.012654433238097238 -0.0010440800845688634 0.019781156810556966 0.0027320214208425898 -0.015047539884930143 -0.0081678161607875843 -0.019494338791051658 0.0070532680097848835 0.01376046851263815 0.0082079258241526624 -0.0020891132490173801 -0.0017835739363783177 0.016384011865947064 0.013018230111743703
leaf_weight=8.9176844060420972 12.266586214303969 7.6675446033477774 9.5938203036785143 12.179897010326387 7.7149515450000754 8.9448125958442706 9.624162554740904 12.178196579217909 8.1712601780891401 11.41367733478546 11.573922008275987 8.0252753794193268 9.0539515018463135 9.2648689150810259 11.506853461265562 7.4445188641548157 7.3037884533405295 29.002428948879235 9.2537640035152418 23.540979415178306 13.041227608919142 13.717883974313734 12.820326209068297 10.169909954071047 7.4376624226570112 12.267176091670992
leaf_count=24 36 22 26 35 22 25 26 33 22 32 34 23 25 25 31 20 20 81 26 64 35 37 35 28 20 33
internal_value=-3.88799e-05 0.000720515 0.00206898 0.00135185 -0.000978231 0.00637659 -0.00168801 0.00913278 0.0132234 -0.00590614 -0.00320934 -0.00666732 0.00135741 0.000562106 0.00135613 0.00605943 0.000342094 -0.00108992 -0.00445762 -0.00123082 0.007681 0.00271415 -0.00912297 -0.00839528 0.0107966 0.0196698
internal_weight=304.097 291.831 244.096 235.178 160.681 74.4973 18.569 55.9283 32.6166 47.7344 40.0668 28.6531 17.0792 135.681 127.966 43.8627 32.3559 84.1033 61.7972 52.5434 22.3061 23.3117 25.0002 17.4737 14.8822 20.4384
internal_count=840 804 668 644 442 202 51 151 88 136 114 82 48 372 350 119 88 231 171 145 60 63 70 48 40 55
is_linear=0
shrinkage=0.03


Tree=59
num_leaves=31
num_cat=0
split_feature=13 37 31 35 0 32 31 26 22 21 35 15 36 34 36 12 1 33 28 23 13 39 21 26 26 22 13 28 0 23
split_gain=6.24977 3.23221 3.03746 2.91797 2.94276 4.48684 3.0869 2.24852 2.17293 2.48274 4.08225 3.19467 2.04506 1.99097 1.79982 2.55894 3.12893 1.76148 1.64755 1.48853 1.48708 2.24683 1.30592 1.097 0.90337 0.783936 0.650217 0.528038 0.218007 0.202678
threshold=-0.1244838435582914 -1.237507569961241 -0.74003454240451882 -1.0931964655409048 -0.71254895902259385 -1.1635830419683264 -0.95168924295589719 -0.68723914962436505 1.1950301206206524 0.10845459083119212 0.73436973672099126 -0.6461055743243731 -0.34914017375670164 -1.0912385977529784 0.32114311738724483 -0.54733686349142696 1.0000000180025095e-35 1.0000000180025095e-35 0.24029118757797377 1.015621394176083 0.079026203048917776 -0.59124081802371631 -0.50286206361303254 1.4864304556084662 0.22799015784209034 -0.60202776146511694 0.1159825030184682 -1.0836539815175741 -0.26148970965409907 -1.0733158514358407
decision_type=2 2 2 2 2 2 2 2 2 2 2 2 2 2 2 2 2 2 2 2 2 2 2 2 2 2 2 2 2 2
left_child=7 2 -2 26 17 13 29 12 9 10 11 -8 -1 -6 18 16 -16 -5 27 24 21 -11 -12 -21 -17 -22 -3 -9 -4 -7
right_child=1 3 28 4 5 6 8 14 -10 20 22 -13 -14 -15 15 19 -18 -19 -20 23 25 -23 -24 -25 -26 -27 -28 -29 -30 -31
leaf_value=-0.0071200221669073726 -0.0011201581049368745 0.019879006706798093 0.02577918759269943 0.016746018531962819 0 -0.018314155287005179 0.00037070463854886891 -0.0063223614384994697 -0.015288248623597208 -0.010325878407760739 -0.015068670586919988 0.017889967863967109 0.01217168825217033 0.020506154542182679 0.01751792249790865 -0.0050900006550058325 -0.007283578142471543 0 0 0.0054314756774571831 -0.0033340436106715308 0.0095898241542169572 0.0010973202892812126 -0.009353495566228014 -0.022364410072958703 -0.018881469313492459 0.0045933930874376928 -0.020520321050340448 0.011367993197274689 -0.006987989468281725
leaf_weight=7.6236600875854519 8.1730228364467639 7.1335443556308729 7.5768041312694541 12.496975362300875 6.9708860516548183 10.288675010204317 19.479832649230953 6.2733841240406099 7.7117115855216971 8.5336872935295087 8.7457412481307966 18.066684722900394 9.0090463757514936 9.2465726137161237 7.5294154882431013 7.0543278157711047 7.639001190662384 9.7267440557479841 6.4779340326786032 7.3503919541835767 7.0029889643192291 8.855244457721712 6.536085069179534 7.3990452885627747 7.6904951930046082 7.7762506306171399 6.965017169713974 17.544886350631714 8.3472636640071851 7.3974480032920829
leaf_count=24 24 20 21 34 21 31 57 21 23 26 28 51 26 26 23 23 24 27 21 23 21 26 20 24 26 23 20 59 24 23
internal_value=0 0.0031431 0.0130914 0.00152932 0.000192653 -0.00156615 -0.00381121 -0.00635726 -0.00144762 0 0.0040173 0.00931772 0.00314085 0.0124065 -0.00856355 -0.00430296 0.00513618 0.00993117 -0.0141565 -0.00936457 -0.00635022 0 -0.00831683 -0.00179492 -0.0157023 -0.0128691 0.0138801 -0.0176139 0.0201983 -0.0148063
internal_weight=278.623 187.031 24.0971 162.934 148.836 126.612 110.394 91.5916 92.7082 84.9965 52.8283 37.5465 16.6327 16.2175 74.9589 44.6627 15.1684 22.2237 30.2962 29.4943 32.1682 17.3889 15.2818 14.7494 14.7448 14.7792 14.0986 23.8183 15.9241 17.6861
internal_count=840 546 69 477 437 376 329 294 275 252 156 108 50 47 244 143 47 61 101 96 96 52 48 47 49 44 40 80 45 54
is_linear=0
shrinkage=0.03


Tree=60
num_leaves=27
num_cat=0
split_feature=3 20 41 16 30 23 20 40 32 1 33 34 13 25 15 24 30 29 29 16 41 30 30 19 29 29
split_gain=5.05095 3.98441 2.93847 2.91532 2.51788 2.26721 2.99206 4.91477 2.77803 3.61536 2.52247 4.33498 4.11171 2.14509 1.84065 1.78883 1.55339 1.89934 1.53556 1.26575 1.17377 0.994927 0.764368 0.527276 0.0823805 0.058168
threshold=0.17969574212387343 -0.15872529505748426 587.00000000000011 1.0446988493777771 -1.386398553054941 0.34716147558026705 0.45557724830187135 470.50000000000006 -0.43361938104362757 -0.32683381923761906 1.0000000180025095e-35 -0.87810430235052117 0.7829169314255563 -1.0000000180025095e-35 0.91795402922744218 -0.59249460933653719 -0.48433350798446911 -1.3194707552672793 0.12426018005142965 1.0000000180025095e-35 470.50000000000006 -1.6044802123027477 0.3830367276602159 -0.88944490546661503 -0.3027588289864982 0.12426018005142965
decision_type=2 2 2 2 2 2 2 2 2 2 2 2 2 2 2 2 2 2 2 2 2 2 2 2 2 2
left_child=4 2 3 18 21 8 13 -8 10 -10 15 12 22 23 16 25 -11 -18 -2 -19 -3 -1 -12 -7 -21 -6
right_child=1 20 -4 -5 5 6 7 -9 9 14 11 -13 -14 -15 -16 -17 17 19 -20 24 -22 -23 -24 -25 -26 -27
leaf_value=0 0.00096443897171858751 0.024667678477251868 -0.013811615307931688 -0.0087322541684987254 -0.021118589193390824 -0.0053137690495573906 0.019513378392311858 -0.013110300332693366 0.018743774192196579 0.0067674426496349147 -0.020816111321464593 0.019009268664204257 0.0077160155171374012 0.0021674377787597593 0.011810764948171581 0.00066858650618707076 0.0059519925047401305 -0.00013857225739519939 0.021451006785169639 -0.018190269976982539 0.0059571311339322594 0.017322360992880394 -0.0045866402369092087 -0.019864593886635123 -0.0068820634093215063 -0.009193537594677224
leaf_weight=5.6181734204292297 6.1570822000503602 11.549596875905992 6.9426427334547034 5.9012331515550605 10.029381260275846 5.3878199309110668 6.3539542108774167 7.2452614009380341 9.7670868337154371 9.4946355223655647 8.9567316770553642 6.5319509506225577 10.11707556247711 5.1143905073404339 7.9578843861818305 5.4103132933378211 7.1547237783670381 8.5187504291534548 8.278387248516081 9.0763793587684578 6.7691869437694541 6.0484923124313337 6.3829651474952689 20.151814341545105 5.8504367768764522 6.7926553934812537
leaf_count=22 22 37 27 21 43 24 23 31 35 36 38 25 39 21 29 22 29 35 28 38 24 22 26 90 25 28
internal_value=5.31591e-05 0.00877039 0.00103912 0.00698419 -0.00233468 -0.00339635 -0.00904339 0.00215933 -0.00102306 0.00344656 -0.00586149 -0.000164407 -0.00609076 -0.0140688 -1.49017e-05 -0.0132774 -0.00284754 -0.00619461 0.0140028 -0.0102768 0.0190306 0.010199 -0.0154293 -0.0174819 -0.0151565 -0.0177777
internal_weight=213.559 45.5981 27.2793 20.3367 167.961 156.294 44.2532 13.5992 112.041 57.8199 54.2211 31.9887 25.4568 30.654 48.0528 22.2323 40.0949 30.6003 14.4355 23.4456 18.3188 11.6667 15.3397 25.5396 14.9268 16.822
internal_count=840 159 98 71 681 637 189 54 448 227 221 128 103 135 192 93 163 127 50 98 61 44 64 114 63 71
is_linear=0
shrinkage=0.03


Tree=61
num_leaves=28
num_cat=0
split_feature=27 7 22 29 40 36 3 19 16 31 24 36 35 36 26 12 36 17 17 20 7 16 16 24 15 15 16
split_gain=4.22014 2.77964 2.74389 2.98999 2.22739 1.82178 4.28749 3.658 3.40273 3.1188 2.86024 2.56922 2.35038 2.27722 1.66799 2.26774 3.53395 2.39759 1.45188 1.41075 1.30799 1.28406 3.02626 2.92388 1.175 1.13887 0.613209
threshold=1.6495593419320291 0.2768720194840778 -1.7251889377687226 -0.54676969129388564 295.50000000000006 -0.21508351552791224 -0.39105042468416179 -0.88944490546661503 0.49243514045560405 -1.0000000180025095e-35 -0.2181936778930488 0.72331309207361283 -0.1091223566306531 -0.63214867446192347 0.22799015784209034 -0.18633997557398871 -0.34914017375670164 1.0000000180025095e-35 0.53430186382324785 -1.0801791100965172 0.37806273899188603 -0.88822413184982785 0.49243514045560405 -0.2181936778930488 -0.6461055743243731 -0.38542897373240392 -0.61209227738874139
decision_type=2 2 2 2 2 2 2 2 2 2 2 2 2 2 2 2 2 2 2 2 2 2 2 2 2 2 2
left_child=1 2 -1 14 25 7 -7 19 13 26 -11 -12 -10 -9 15 16 17 -4 24 -6 -3 -22 -23 -24 -16 -5 -8
right_child=-2 20 3 4 5 6 9 8 12 10 11 -13 -14 -15 18 -17 -18 -19 -20 -21 21 22 23 -25 -26 -27 -28
leaf_value=0.017157139784077426 -0.016343386433703894 -0.016268048887697412 -0.012596854009383434 -0.00089017165495350152 0.0011560028175645316 0.014284923401400813 -0.023240233984961559 0.0042023663801592304 -0.0095028318358751519 0.010527383164556007 0.0013075253746817708 -0.01378312692129848 0.0088992865847346593 0.023428068098516174 0.0054380444470574158 -0.0092921954132068347 0.017160825347610011 0.0061176888937895168 0.0019804147358977219 -0.015582439585033473 0.0046755631368294364 -0.01747493552578927 -0.01050798606950553 0.012368108318612726 0.023268495935520526 -0.014275763879358888 -0.0071355439085446096
leaf_weight=8.9021204411983472 12.17881318926811 7.6278382539749137 8.772913902997967 11.077515780925753 7.2361589968204498 9.9302945137023908 7.4069837331771851 11.358003944158552 10.926552236080171 11.374746292829505 20.284942865371718 17.216995537281036 11.04067340493202 13.701567232608797 7.8069058656692532 9.7993203401565534 13.700469851493837 13.653040945529938 10.700509101152422 7.8551793694496137 11.421254783868788 11.493151158094408 7.9895612597465524 9.0740918517112732 9.9957658946514112 13.853954762220381 7.160335272550574
leaf_count=24 36 22 24 31 20 27 21 31 30 31 55 48 30 37 21 27 37 37 29 22 32 34 23 25 27 39 20
internal_value=-3.79703e-05 0.000703323 0.00202256 0.00131825 -0.000962444 0.000544138 -0.00258397 0.00430719 0.00844261 -0.00558564 -0.00162688 -0.00573034 -2.06411e-05 0.0156696 0.00623497 0.00238588 0.00595719 -0.00128333 0.0118075 -0.00781598 -0.00578479 -0.00312394 -0.00652062 0.00135024 0.0167905 -0.00894334 -0.0171028
internal_weight=303.54 291.361 243.755 234.853 160.424 135.492 73.3743 62.1181 47.0268 63.444 48.8767 37.5019 21.9672 25.0596 74.4289 45.9257 36.1264 22.426 28.5032 15.0913 47.6059 39.9781 28.5568 17.0637 17.8027 24.9315 14.5673
internal_count=840 804 668 644 442 372 202 170 128 175 134 103 60 68 202 125 98 61 77 42 136 114 82 48 48 70 41
is_linear=0
shrinkage=0.03


Tree=62
num_leaves=25
num_cat=0
split_feature=13 37 40 35 40 26 36 0 28 11 19 40 15 36 12 4 15 28 16 23 33 26 26 28
split_gain=5.91182 3.08279 2.86165 3.27648 2.93538 2.16256 1.97494 1.78473 3.64551 2.0822 2.03876 2.30784 2.05365 1.75818 2.48972 3.56283 1.69425 1.61418 1.45975 1.44971 1.35322 1.0709 0.889963 0.51623
threshold=-0.1244838435582914 -1.237507569961241 666.50000000000011 -1.0931964655409048 478.50000000000006 -0.68723914962436505 -0.34914017375670164 -0.71254895902259385 1.1386825523213819 -1.6241642820868865 1.0293575872254126 451.00000000000006 -1.1674587755083115 0.32114311738724483 -0.54733686349142696 0.097507711395874122 -1.1674587755083115 0.24029118757797377 -0.3359604229276551 1.015621394176083 1.1545869034188796 1.4864304556084662 0.22799015784209034 -1.0836539815175741
decision_type=2 2 2 2 2 2 2 2 2 2 2 2 2 2 2 2 2 2 2 2 2 2 2 2
left_child=5 16 3 -3 7 6 -1 9 10 -5 11 12 -9 17 15 -15 -2 23 -4 22 -13 -21 -16 -7
right_child=1 2 18 4 -6 13 -8 8 -10 -11 -12 20 -14 14 19 -17 -18 -19 -20 21 -22 -23 -24 -25
leaf_value=-0.0070017377107144691 0.0027321442874171818 0.01683600162343224 -0.015917018986021759 -0.0019909767726811155 0.014544895733939169 -0.0061964707253997975 0.011958662226108856 0.0037741861821923247 -0.017819929624526831 0.017544313112916734 0.01189325042204193 0.0047489140073895698 -0.013765046194889071 0.018748869177120663 -0.0049540717807073252 -0.0077487651886324191 0.019514647061044745 0 0 0.0054062010135010876 -0.0052667353158966845 -0.0092155484573421004 -0.022127442264137952 -0.020270430868480651
leaf_weight=7.5965552926063564 10.937329709529878 12.442671895027159 10.225381135940554 7.9145420491695431 12.269578993320463 6.2463399320840898 9.0306834876537305 7.1994336545467403 9.6474461555480939 8.8213038742542249 10.495355159044264 42.239322066307068 18.141145318746567 7.265014320611952 7.0260930359363574 7.8980171978473663 13.217777013778685 6.4637359380722037 8.4828636050224286 7.3522653281688672 14.965653061866758 7.3649656176567078 7.5866019725799561 17.342176854610443
leaf_count=24 32 35 31 22 36 21 26 21 29 24 31 124 53 22 23 25 37 21 25 23 46 24 26 59
internal_value=0 0.00305064 0.00147162 0.00295829 0.00142722 -0.00620352 0.00310258 -3.4574e-05 -0.00159823 0.00857301 0.000276386 -0.00131517 -0.00862604 -0.0083784 -0.0041665 0.00513178 0.0127535 -0.0139295 -0.00905482 -0.00918395 0.00195885 -0.00171659 -0.0154724 -0.017376
internal_weight=278.172 187 162.845 144.136 131.694 91.1724 16.6272 119.424 102.688 16.7358 93.0409 82.5456 25.3406 74.5452 44.493 15.163 24.1551 30.0523 18.7082 29.3299 57.205 14.7172 14.6127 23.5885
internal_count=840 546 477 421 386 294 50 350 304 46 275 244 74 244 143 47 69 101 56 96 170 47 49 80
is_linear=0
shrinkage=0.03


end of trees

feature_importances:
Column_35=110
Column_34=94
Column_36=91
Column_16=87
Column_12=83
Column_22=76
Column_26=66
Column_30=66
Column_13=65
Column_41=59
Column_40=58
Column_23=57
Column_29=54
Column_33=53
Column_20=51
Column_15=50
Column_1=46
Column_2=46
Column_25=46
Column_28=46
Column_24=45
Column_31=45
Column_27=39
Column_19=35
Column_32=35
Column_21=34
Column_37=31
Column_39=31
Column_14=29
Column_0=16
Column_17=15
Column_3=13
Column_38=13
Column_7=12
Column_5=11
Column_4=6
Column_8=4
Column_9=4
Column_11=4
Column_10=3
Column_6=1
Column_42=1

parameters:
[boosting: gbdt]
[objective: multiclass]
[metric: multi_logloss]
[tree_learner: serial]
[device_type: cpu]
[data_sample_strategy: bagging]
[data: ]
[valid: ]
[num_iterations: 800]
[learning_rate: 0.03]
[num_leaves: 96]
[num_threads: 1]
[seed: 42]
[deterministic: 0]
[force_col_wise: 1]
[force_row_wise: 0]
[histogram_pool_size: -1]
[max_depth: 10]
[min_data_in_leaf: 20]
[min_sum_hessian_in_leaf: 0.001]
[bagging_fraction: 0.85]
[pos_bagging_fraction: 1]
[neg_bagging_fraction: 1]
[bagging_freq: 0]
[bagging_seed: 400]
[bagging_by_query: 0]
[feature_fraction: 0.8]
[feature_fraction_bynode: 1]
[feature_fraction_seed: 30056]
[extra_trees: 0]
[extra_seed: 12879]
[early_stopping_round: 0]
[early_stopping_min_delta: 0]
[first_metric_only: 0]
[max_delta_step: 0]
[lambda_l1: 0.2]
[lambda_l2: 1.5]
[linear_lambda: 0]
[min_gain_to_split: 0]
[drop_rate: 0.1]
[max_drop: 50]
[skip_drop: 0.5]
[xgboost_dart_mode: 0]
[uniform_drop: 0]
[drop_seed: 17869]
[top_rate: 0.2]
[other_rate: 0.1]
[min_data_per_group: 100]
[max_cat_threshold: 32]
[cat_l2: 10]
[cat_smooth: 10]
[max_cat_to_onehot: 4]
[top_k: 20]
[monotone_constraints: ]
[monotone_constraints_method: basic]
[monotone_penalty: 0]
[feature_contri: ]
[forcedsplits_filename: ]
[refit_decay_rate: 0.9]
[cegb_tradeoff: 1]
[cegb_penalty_split: 0]
[cegb_penalty_feature_lazy: ]
[cegb_penalty_feature_coupled: ]
[path_smooth: 0]
[interaction_constraints: ]
[verbosity: -1]
[saved_feature_importance_type: 0]
[use_quantized_grad: 0]
[num_grad_quant_bins: 4]
[quant_train_renew_leaf: 0]
[stochastic_rounding: 1]
[linear_tree: 0]
[max_bin: 255]
[max_bin_by_feature: ]
[min_data_in_bin: 3]
[bin_construct_sample_cnt: 200000]
[data_random_seed: 175]
[is_enable_sparse: 1]
[enable_bundle: 1]
[use_missing: 1]
[zero_as_missing: 0]
[feature_pre_filter: 1]
[pre_partition: 0]
[two_round: 0]
[header: 0]
[label_column: ]
[weight_column: ]
[group_column: ]
[ignore_column: ]
[categorical_feature: ]
[forcedbins_filename: ]
[precise_float_parser: 0]
[parser_config_file: ]
[objective_seed: 16083]
[num_class: 3]
[is_unbalance: 0]
[scale_pos_weight: 1]
[sigmoid: 1]
[boost_from_average: 1]
[reg_sqrt: 0]
[alpha: 0.9]
[fair_c: 1]
[poisson_max_delta_step: 0.7]
[tweedie_variance_power: 1.5]
[lambdarank_truncation_level: 30]
[lambdarank_norm: 1]
[label_gain: ]
[lambdarank_position_bias_regularization: 0]
[eval_at: ]
[multi_error_top_k: 1]
[auc_mu_weights: ]
[num_machines: 1]
[local_listen_port: 12400]
[time_out: 120]
[machine_list_filename: ]
[machines: ]
[gpu_platform_id: -1]
[gpu_device_id: -1]
[gpu_device_id_list: ]
[gpu_use_dp: 0]
[num_gpu: 1]

end of parameters

pandas_categorical:null
