tree
version=v4
num_class=3
num_tree_per_iteration=3
label_index=0
max_feature_idx=62
objective=multiclass num_class:3
feature_names=Column_0 Column_1 Column_2 Column_3 Column_4 Column_5 Column_6 Column_7 Column_8 Column_9 Column_10 Column_11 Column_12 Column_13 Column_14 Column_15 Column_16 Column_17 Column_18 Column_19 Column_20 Column_21 Column_22 Column_23 Column_24 Column_25 Column_26 Column_27 Column_28 Column_29 Column_30 Column_31 Column_32 Column_33 Column_34 Column_35 Column_36 Column_37 Column_38 Column_39 Column_40 Column_41 Column_42 Column_43 Column_44 Column_45 Column_46 Column_47 Column_48 Column_49 Column_50 Column_51 Column_52 Column_53 Column_54 Column_55 Column_56 Column_57 Column_58 Column_59 Column_60 Column_61 Column_62
feature_infos=[-1.2436777444310767:8.1494393332939215] [-2.0739244521235856:6.5056289258629389] [-1.2913123101107133:6.5479968797204755] [-1.1937527810898292:7.8443449929827729] [-2.1513166487914144:6.6015304371739481] [-1.281997001440816:6.474273034470893] [-2.022013148392324:4.8857311427926788] [-2.8611812664923586:5.4898550656572986] [-2.4173949632370122:3.9207879502368184] [-2.9263345753103076:2.897976415343158] [-4.6518478442934041:3.8815786611283083] [-2.1913820189756383:3.8538745206653577] [-0.91302198585797134:3.002741551109974] [-2.9297243283717482:2.9918839603500667] [-2.1673507827743288:3.9393864505370728] [-2.9297243283717482:2.9918839603500667] [-4.7139722933453578:3.5475668660996451] [-2.1673507827743288:3.9393864505370728] [-5.106805227374128:0.8687349534001938] [-1.5363897168439977:1.6196299579378108] [-1.5714671429208193:1.3343758995775634] [-4.4905674055035609:0.98298592432272269] [-2.6163640466766642:0.38220980802354887] [-1.9386572304175935:2.7249057610405689] [-2.1206446335767541:4.0118355178005025] [-2.4082652407729155:4.5931112143640638] [-3.2449002811394236:3.4599053885586333] [-2.0303889825384491:2.6462211775079059] [-2.1744104215095317:4.9060095487156143] [-2.0641031693428578:5.7802762899693469] [-4.193470572872533:3.3560803041412504] [-2.4395960288413496:3.3402766853874897] [-2.6580094363262528:4.5254625004829636] [-2.5434856777787318:3.7992728379421825] [-2.3996335772823065:3.8986825361804103] [-2.5031285616110326:3.3597517549639755] [-2.2605062080034211:5.3394621741769335] [-2.5975854966386782:7.0847011201485781] [-4.9824577783092616:4.0948518242640528] [-2.969593217834916:4.0782606209064092] [-2.9963366520421211:3.9648813351815053] [-2.2962180866243735:2.2187600732235624] [-2.3964339921105946:3.3431078234735514] [-1.6370788772008182:3.1833653317193851] [-3.2761010085209552:3.1856701765615227] [-2.3216352251615127:3.7460027593367831] [-2.3393499736060175:3.5292012798785066] [-3.0967370318139356:2.953681532020938] [-2.8854537717675739:2.2560754399899055] [-1.1705192772223625:3.5639956732434879] [-1.1815694229628149:3.6030906425050038] [-9.7130915586614694:9.7064345766120113] [-3.8143529316846676:6.5586878581141361] [-3.5004018356088666:4.0904520354298262] [-2.2724707093642289:3.193387555691098] [-2.3925799464345152:3.1512123445723437] [-1.3082762780467938:2.8713973054696216] [-1.1534826938554712:3.1128615589951418] [-1.374133553342358:2.7396179576471558] [-2.488830316572209:2.5957330952706124] [6:798] [6:798] none
tree_sizes=2960 2806 2792 2990 2545 2745 3005 2691 2771 3004 2587 3179 2994 2584 3111 3005 2575 2998 2888 2953 2876 2876 2701 2897 2877 2563 2891 2864 2481 2896 2775 2264 2795 3110 2462 2897 3195 2680 2978 3003 2590 2881 3107 2258 3112 3125 2796 3108 3225 2147 2777 3180 2253 2772 2914 2700 2889 3216 2802 2689 2916 2764 2884 3132 2461 2794 3133 3202 3118 3212 2376 2987 3021 2596 3099 3340 2461 3002 3409 2672 2885 3240 3028 2979 3127 2472 2992 3202 3018 3107 2914 2480 2777 2791 2609 2790 2675 1962 2679 3009 3121 2862 2896 2570 2870 2708 3207 3002 2916 2694 2694 3002 2995 2775 3132 2908 2882 3007 2889 2890 3014 3130 3237 2819 3233 2909 2583 2803 2810 2587 2444 3021 3012 3328 3095 2579 3062 3015 2793 2786 3109 2892 2443 3184 2987 2809 3219 2604 2341 2965

Tree=0
num_leaves=27
num_cat=0
split_feature=48 45 37 47 61 45 24 33 40 28 49 19 29 20 33 32 33 55 55 43 57 30 39 38 12 55
split_gain=20.5264 8.46842 6.28566 5.0674 8.27176 4.54416 4.90223 5.57283 4.1668 4.02044 3.82794 3.63952 3.55808 3.45916 4.98281 2.26456 2.19586 1.99614 5.64368 2.24729 1.66735 1.51999 1.28744 0.923052 0.692241 0.348824
threshold=-0.23612019780310695 1.6160220478699088 0.52898622336554002 -0.56246045932627231 320.00000000000006 -0.82216483546917629 -0.34545301080965352 0.7336062220104077 1.2384042901855852 1.0000000180025095e-35 -0.24052526909514185 0.88698253343489109 0.71411455583021477 0.93812457560051132 -0.82565524643765043 -0.56283012142356448 -0.1120949134190478 -1.0161448632137258 -0.71591483007398937 -1.0000000180025095e-35 -0.6201896622491444 -0.20299368073667626 0.14320889427583636 1.0000000180025095e-35 -0.43770186835368469 0.051965433529712744
decision_type=2 2 2 2 2 2 2 2 2 2 2 2 2 2 2 2 2 2 2 2 2 2 2 2 2 2
left_child=2 5 3 4 20 -2 7 10 9 -6 12 -3 22 14 21 -11 -15 -16 -19 25 -1 -8 -7 -5 -22 -20
right_child=1 11 -4 23 8 6 13 -9 -10 15 -12 -13 -14 16 17 -17 -18 18 19 -21 24 -23 -24 -25 -26 -27
leaf_value=-0.78819088693322914 -0.796531402375668 -0.74981787746701001 -0.77276581716540493 -0.79501610216894614 -0.78898321787630488 -0.80941966185002434 -0.78990058128767426 -0.76719202905546746 -0.79525087958948681 -0.75603923550928598 -0.77666028863788716 -0.77704515972223887 -0.78223856011068571 -0.77462047821756153 -0.75177440074431501 -0.7786341050007014 -0.79320102156234296 -0.78934120084324189 -0.75259494659649318 -0.7748096622285181 -0.81134287140617911 -0.77462047821756153 -0.79016838729257954 -0.81204821564750951 -0.79438295760600153 -0.76891816071052888
leaf_weight=8.1898118853569049 10.423396944999693 13.02924618124962 11.167925298213957 9.6788685917854327 10.423396944999697 10.795661121606829 10.795661121606829 11.540189474821089 12.284717828035353 7.8175477087497702 13.02924618124962 8.1898118853569013 11.167925298213957 9.6788685917854327 8.5620760619640333 9.3066044151783007 10.051132768392561 8.5620760619640333 12.284717828035349 13.773774534463888 13.773774534463884 9.6788685917854291 7.8175477087497702 15.262831240892409 8.1898118853569013 7.8175477087497702
leaf_count=22 28 35 30 26 28 29 29 31 33 21 35 22 30 26 23 25 27 23 33 37 37 26 21 41 22 21
internal_value=-0.782431 -0.776198 -0.792783 -0.795314 -0.790728 -0.778774 -0.777331 -0.784346 -0.7818 -0.775242 -0.789464 -0.759013 -0.795266 -0.773123 -0.770098 -0.766702 -0.783896 -0.765202 -0.769002 -0.763616 -0.802183 -0.782431 -0.802812 -0.806755 -0.806443 -0.757286
internal_weight=283.293 177.198 106.095 94.9274 69.9857 155.979 145.555 54.3506 39.8323 27.5475 42.8104 21.2191 29.7811 91.2047 71.4747 17.1242 19.73 51.0002 42.4381 33.876 30.1534 20.4745 18.6132 24.9417 21.9636 20.1023
internal_count=761 476 285 255 188 419 391 146 107 74 115 57 80 245 192 46 53 137 114 91 81 55 50 67 59 54
is_linear=0
shrinkage=1


Tree=1
num_leaves=26
num_cat=0
split_feature=48 31 37 28 23 34 45 13 42 48 45 46 56 40 16 42 23 55 50 42 23 56 38 50 29
split_gain=4.99633 5.16853 3.99646 3.34701 3.48383 6.02621 4.61688 3.55727 3.57591 5.69949 2.7426 2.48788 4.93893 3.90398 2.57726 2.35859 2.15288 1.80001 1.68496 3.70777 1.5166 1.25878 1.10205 0.541317 0.155803
threshold=1.4735948078423851 1.7026460830226522 1.739272050463947 1.5267181992899761 -0.53958833298014464 -0.79225081915900886 -0.37136704325036668 0.19210063518484113 -0.85526072681485155 -0.58685847189678286 -1.0590114172049487 -0.37330935798638304 -0.89030891969515213 -0.15383930725914033 0.59410854053212836 -0.37696557551617277 0.70402846474203218 0.13077340289301226 1.0000000180025095e-35 -0.16438995271675999 -1.0000000180025095e-35 1.0000000180025095e-35 0.39909005750206072 -0.24172548153163614 1.0000000180025095e-35
decision_type=2 2 2 2 2 2 2 2 2 2 2 2 2 2 2 2 2 2 2 2 2 2 2 2 2
left_child=1 2 3 4 5 6 10 8 -7 -10 -1 12 -6 16 18 -5 20 23 19 -15 -13 -12 -16 -14 -2
right_child=24 -3 -4 15 11 7 -8 -9 9 -11 21 13 17 14 22 -17 -18 -19 -20 -21 -22 -23 -24 -25 -26
leaf_value=-1.374796038698654 -1.3985073691075809 -1.3527332884670009 -1.3592172325120178 -1.3528692820745529 -1.3693887797465794 -1.3775342009131577 -1.3614074421592661 -1.3796209588725423 -1.3761694422500008 -1.3393589279279081 -1.4002885557701352 -1.3739784416706124 -1.3990350214912894 -1.3684467232229138 -1.3649181084265067 -1.3771379858339043 -1.3806829747433307 -1.3783566295928369 -1.3970416085035873 -1.3902347632027656 -1.3509295294673649 -1.3806829747433307 -1.3806829747433307 -1.3851308285140194 -1.3848733079137794
leaf_weight=7.9230693578720155 7.0741690695285779 6.7912023067474356 9.3379031717777234 6.2252687811851501 9.0549364089965803 5.9423020184040096 5.6593352556228629 9.0549364089965803 6.2252687811851564 10.186803460121153 11.318670511245729 5.6593352556228647 20.37360692024231 9.6208699345588595 7.0741690695285779 7.6401025950908643 5.6593352556228629 7.357135832309722 9.6208699345588666 17.260972529649752 5.9423020184040007 5.6593352556228629 5.6593352556228638 7.3571358323097256 5.6593352556228638
leaf_count=28 25 24 33 22 32 21 20 32 22 36 40 20 72 34 25 27 20 26 34 61 21 20 20 26 20
internal_value=-1.37714 -1.37594 -1.37695 -1.37795 -1.37915 -1.37357 -1.3828 -1.36456 -1.35844 -1.35174 -1.3885 -1.38234 -1.38776 -1.3785 -1.38287 -1.36457 -1.36689 -1.39279 -1.38688 -1.38218 -1.36007 -1.3949 -1.37198 -1.39615 -1.39432
internal_weight=215.338 202.604 195.813 186.475 172.61 61.9697 30.5604 31.4093 22.3544 16.4121 24.9011 110.64 44.1428 66.4972 49.2362 13.8654 17.261 35.0879 36.5027 26.8818 11.6016 16.978 12.7335 27.7307 12.7335
internal_count=761 716 692 659 610 219 108 111 79 58 88 391 156 235 174 49 61 124 129 95 41 60 45 98 45
is_linear=0
shrinkage=1


Tree=2
num_leaves=26
num_cat=0
split_feature=47 38 27 29 38 46 32 19 24 43 39 12 41 28 39 53 61 23 51 20 28 31 32 35 35
split_gain=24.2418 5.6089 6.2159 4.84429 4.64885 4.90448 4.0644 4.54625 3.55087 3.73262 4.67384 3.83079 3.08454 2.94823 4.47894 2.0217 1.7039 1.5122 1.43188 2.27586 1.39268 1.56019 0.933945 0.538706 0.165865
threshold=0.093808829164217136 -0.054775422626605112 -0.3156319238547855 0.2783156969795369 -0.70315467995327052 -0.51186306251671632 0.63441520137797158 1.1124125102050202 0.9455954421118743 0.69280249044394682 -0.94333523919678475 -0.41071635687453806 -0.38989397468857828 -0.40430542895324534 0.22357915734920233 0.29502509991047993 321.50000000000006 -0.53958833298014464 1.0000000180025095e-35 0.40978947696444162 1.0000000180025095e-35 0.35400911636925597 -0.16374834715638595 0.52602626861938839 0.070024466219109779
decision_type=2 2 2 2 2 2 2 2 2 2 2 2 2 2 2 2 2 2 2 2 2 2 2 2 2
left_child=1 4 -3 6 5 -1 7 13 9 11 -11 12 23 14 -2 -8 -14 -6 19 -12 -5 -22 -19 -4 -15
right_child=3 2 8 20 17 -7 15 -9 -10 10 18 -13 16 24 -16 -17 -18 22 -20 -21 21 -23 -24 -25 -26
leaf_value=-1.2075585553863621 -1.2457074317270638 -1.203878098941392 -1.238845573388013 -1.2582955283150838 -1.2519518380645527 -1.2399174154838664 -1.2565004204346637 -1.2168117633816717 -1.2466559096859235 -1.2381410398851813 -1.2226786216190331 -1.2178752007106095 -1.2188208961318578 -1.2427507415369683 -1.2168591006517189 -1.2388189295290959 -1.2375735187427419 -1.2443822424394231 -1.2269504236331736 -1.1960906779354747 -1.2349850374250224 -1.2529217965061747 -1.2300832368773538 -1.2525151085195252 -1.2548603865174444
leaf_weight=6.4912339746952057 8.9640850126743334 11.436936050653456 6.1821275949478132 29.674212455749512 11.746042430400848 7.7276594936847669 15.455318987369539 8.0367658734321576 6.1821275949478141 7.1094467341899898 8.6549786329269462 10.818723291158678 6.4912339746952048 6.1821275949478167 7.418553113937377 10.818723291158674 8.0367658734321576 6.8003403544425947 7.418553113937377 8.6549786329269391 6.8003403544425947 7.7276594936847687 6.4912339746952075 7.4185531139373779 6.4912339746952057
leaf_count=21 29 37 20 96 38 25 50 26 20 23 28 35 21 20 24 35 26 22 24 28 22 25 21 24 21
internal_value=-1.23647 -1.22768 -1.22354 -1.24688 -1.23697 -1.22418 -1.24125 -1.23495 -1.22711 -1.22514 -1.21767 -1.23187 -1.23771 -1.24049 -1.23243 -1.24996 -1.2287 -1.24475 -1.2118 -1.20691 -1.25441 -1.2448 -1.23705 -1.24755 -1.25067
internal_weight=235.23 127.661 88.4044 107.569 39.2565 14.2189 63.3668 37.0928 76.9675 70.7854 31.838 38.9474 28.1287 29.056 16.3826 26.274 14.528 25.0376 24.7285 17.31 44.2022 14.528 13.2916 13.6007 12.6734
internal_count=761 413 286 348 127 46 205 120 249 229 103 126 91 94 53 85 47 81 80 56 143 47 43 44 41
is_linear=0
shrinkage=1


Tree=3
num_leaves=27
num_cat=0
split_feature=48 45 37 47 61 45 24 33 40 28 3 0 19 20 33 36 32 33 60 32 60 40 18 38 39 42
split_gain=19.4171 8.01299 6.05091 4.89917 7.98247 4.36719 4.66175 5.33431 3.99363 3.85299 3.68663 3.4866 3.42732 3.33576 4.75717 2.42816 2.14612 2.10229 1.99854 1.67428 1.59329 1.05825 1.80838 0.869918 0.699014 0.170857
threshold=-0.23612019780310695 1.6160220478699088 0.52898622336554002 -0.56246045932627231 320.00000000000006 -0.82216483546917629 -0.34545301080965352 0.7336062220104077 1.2384042901855852 1.0000000180025095e-35 -0.46604502865700509 -0.1342988089923329 0.88698253343489109 0.93812457560051132 -0.82565524643765043 -0.21051473649424632 -0.56283012142356448 -0.1120949134190478 320.00000000000006 -0.36328923428997523 687.00000000000011 -0.96598140576856328 0.31429809510294976 1.0000000180025095e-35 1.0000000180025095e-35 0.20761738718221245
decision_type=2 2 2 2 2 2 2 2 2 2 2 2 2 2 2 2 2 2 2 2 2 2 2 2 2 2
left_child=2 5 3 4 19 -2 7 10 9 -6 15 24 -3 14 20 -7 -11 -15 -16 -1 -8 -20 25 -5 -12 -23
right_child=1 12 -4 23 8 6 13 -9 -10 16 11 -13 -14 17 18 -17 -18 -19 21 -21 -22 22 -24 -25 -26 -27
leaf_value=-0.026093432982245948 -0.013871106332143541 0.031655425984359539 0.0095421607773124254 -0.01234862272464402 -0.0063458033387770504 0.015518109821209002 0.0074784799673055158 0.014883376321023939 -0.012480911158612827 0.025841894153467888 -0.026101665817548369 0.0012551486288547567 0.0052245415946447901 0.0075526487238023526 0.0034409421226106254 -0.0064668625150230488 0.0037994151490872352 -0.010621622974390604 0.0076250661834122982 -0.0095285891309446185 -0.0081491130701049283 0.017198838750792332 0.0069583026596644251 -0.029012773870314455 -0.0098293918264843131 0.031781727235090047
leaf_weight=15.969748765230181 10.410034239292143 13.074939727783205 11.173884302377699 9.6661376655101794 10.411724150180818 7.448196142911911 10.425712168216707 11.557351440191267 12.262068539857863 7.835584193468093 10.035062551498415 9.2945292592048698 8.1959851980209333 9.6900430917739886 10.065577000379561 7.4424050450324959 9.3063047230243701 10.04284745454788 8.9529588520526868 14.115574002265928 10.049578189849852 11.556261986494066 7.8215038478374472 15.20620274543762 8.5587193667888624 12.682775467634199
leaf_count=43 28 35 30 26 28 20 28 31 33 21 27 25 22 26 27 20 25 27 24 38 27 31 21 41 23 34
internal_value=0 0.00605373 -0.0100824 -0.0125711 -0.00806271 0.00354465 0.00495915 -0.0018812 0.000700804 0.00711503 -0.00689667 -0.0131483 0.0227498 0.00905994 0.0120285 0.00457761 0.0154655 -0.0015113 0.0168065 -0.019333 0 0.0197084 0.0224123 -0.0238348 -0.020203 0.0264697
internal_weight=283.252 177.304 105.947 94.7733 69.901 156.034 145.624 54.3363 39.8157 27.5536 42.7789 27.8883 21.2709 91.2873 71.5544 14.8906 17.1419 19.7329 51.0791 30.0853 20.4753 41.0135 32.0605 24.8723 18.5938 24.239
internal_count=761 476 285 255 188 419 391 146 107 74 115 75 57 245 192 40 46 53 137 81 55 110 86 67 50 65
is_linear=0
shrinkage=0.03


Tree=4
num_leaves=23
num_cat=0
split_feature=41 55 47 31 46 56 35 33 46 20 33 46 37 4 54 41 36 20 61 28 50 0
split_gain=5.37249 5.66148 3.97419 5.66644 5.40829 6.27036 5.0711 3.63508 3.2975 3.16174 3.10014 3.35293 3.18966 3.65332 2.59754 2.4287 1.595 0.855745 0.821613 0.613456 0.174003 0.0406614
threshold=-1.3430560306564756 -0.40601449524287009 1.5185049333955656 1.7026460830226522 -0.7255774210966075 -0.89030891969515213 -0.84197913858144691 1.0000000180025095e-35 -0.53355469527087585 1.2022921249185463 -0.95779604884850278 1.6976137697952123 0.70548623981739111 -0.50772647376014068 0.17392060774269003 0.56326808127931949 1.2394792311585847 0.1456219276464068 687.00000000000011 -1.0000000180025095e-35 -0.24172548153163614 -0.38207887579083416
decision_type=2 2 2 2 2 2 2 2 2 2 2 2 2 2 2 2 2 2 2 2 2 2
left_child=1 -1 3 4 5 -2 18 -8 17 10 15 12 13 -12 -11 -10 -13 -6 -7 -3 -4 -20
right_child=2 19 20 -5 8 6 7 -9 9 14 11 16 -14 -15 -16 -17 -18 -19 21 -21 -22 -23
leaf_value=-0.0040355474957430425 0.028986577057458222 0.012525771099230663 -0.021174584476202019 0.023709411904717585 -0.0052169069027767035 -0.015141676609043753 -0.0012903733273326166 0.027904451461250711 0.019036804641432689 0.020956858716492381 0 -0.003586505409784104 0.0075805130902590794 -0.015090154592448153 -0.0035200990012397024 -0.0044003860407863882 0.015500784732542804 -0.020752275937962326 0 0.033956679765305975 -0.0074580742665804091 -0.0034561808174480065
leaf_weight=8.4672886729240435 8.2510761022567731 6.2385801672935486 6.9850654304027557 6.8805137276649466 7.6199593544006374 7.6401413083076486 6.2109934985637683 6.8051450252532959 7.0998671948909742 7.3825500309467298 20.14004403352736 5.6670642197132093 8.2245261669158918 48.865636169910445 5.6542739868164062 5.9363297522068024 7.1071667373180389 11.278408288955687 5.6309925317764291 5.9734697341918928 5.5981951057910901 5.6414756178855887
leaf_count=30 29 22 25 24 27 27 22 24 25 26 71 20 29 173 20 21 25 40 20 21 20 20
internal_value=0 0.0139987 -0.00157885 -0.000354358 -0.00152689 0.00789616 0.00121034 0.0148662 -0.00443188 -0.00238214 -0.00421896 -0.00625154 -0.00863401 -0.0107718 0.0106603 0.00859862 0.00712565 -0.0156267 -0.00829586 0.026014 -0.0169426 -0.00195288
internal_weight=215.299 20.6793 194.619 182.036 175.156 40.1798 31.9287 13.0161 134.976 116.077 103.041 90.0044 77.2302 69.0057 13.0368 13.0362 12.7742 18.8984 18.9126 12.212 12.5833 11.2725
internal_count=761 73 688 643 619 142 113 46 477 410 364 318 273 244 46 46 45 67 67 43 45 40
is_linear=0
shrinkage=0.03


Tree=5
num_leaves=25
num_cat=0
split_feature=11 45 23 1 37 54 29 42 39 25 41 42 40 61 30 55 25 55 23 24 45 19 41 37
split_gain=21.0944 12.2483 6.88141 4.81706 7.07782 4.62352 4.47696 3.87035 3.94927 3.31892 3.25751 2.82996 2.56994 2.38271 2.24737 2.22474 2.09397 2.05756 2.03682 1.61865 1.59502 1.32977 0.582407 0.2371
threshold=0.14046147751294638 -0.43728818811547238 -0.85049253241068878 -0.38661228778623574 -0.47958529921646581 0.19564427886951188 0.2783156969795369 0.89848816128030418 0.22357915734920233 -0.9761655113130786 -0.6407260946801302 -0.85526072681485155 1.0000000180025095e-35 510.50000000000006 0.22840922652125425 0.033857957163772268 1.4902284672010844 1.3795031871141217 -0.85049253241068878 -0.34545301080965352 0.60074469712666201 1.1124125102050202 1.0000000180025095e-35 0.29365286809640545
decision_type=2 2 2 2 2 2 2 2 2 2 2 2 2 2 2 2 2 2 2 2 2 2 2 2
left_child=1 2 16 4 -2 11 7 8 19 -10 18 -4 20 -6 -9 -13 23 -12 -5 -3 -11 22 -8 -1
right_child=3 6 5 10 13 -7 21 14 9 12 17 15 -14 -15 -16 -17 -18 -19 -20 -21 -22 -23 -24 -25
leaf_value=-0.019068398030653945 0.036980977624711614 0 0 0.0069337711197920071 0.019140577964077529 -0.0036505899468036629 -0.0097036731830902421 -0.024468580623830075 0.019681583091518847 -0.0034690514858698308 0.0051149210831030788 0.011928830108107184 -0.012489541250681973 -0.0028894760684365535 -0.0023245162564866969 0.034277311978508661 0.0038652958965362887 0.026169427172706809 -0.01210429542228956 -0.019113913784378198 0.014728463202417158 -0.0061619760721586953 -0.024170428258363567 -0.0062348650547120101
leaf_weight=7.1005133688449877 14.665650188922884 6.4980058968067196 6.1944112777709952 8.0605648756027239 6.2221729755401602 10.226452708244322 7.6671293079853049 11.961594045162203 8.03303971886635 6.5078775286674517 12.145731121301653 12.096186012029653 9.2486251890659315 8.6850254833698255 7.3658246397972098 9.6309808492660505 7.1155982315540305 6.8687250018119803 8.9632396996021253 10.484659552574156 7.7316643595695496 8.9107570946216565 26.64081022143364 6.1729580760002136
leaf_count=23 47 21 20 26 20 33 25 39 26 21 39 39 30 28 24 31 23 22 29 34 25 29 87 20
internal_value=0 -0.00559122 0.00535509 0.0142546 0.023049 0.0127633 -0.0114091 -0.0062426 -0.00141615 0.00471117 0.00624542 0.0188586 -0.00104277 0.00684928 -0.0170926 0.0236674 -0.0081564 0.0143704 -0.00293457 -0.0125729 0.00649247 -0.0189022 -0.0216469 -0.0147452
internal_weight=235.198 169.587 58.5371 65.6111 29.5728 38.148 111.05 67.8313 48.5039 31.5212 36.0383 27.9216 23.4882 14.9072 19.3274 21.7272 20.3891 19.0145 17.0238 16.9827 14.2395 43.2187 34.3079 13.2735
internal_count=761 550 189 211 95 123 361 220 157 102 116 90 76 48 63 70 66 61 55 55 46 141 112 43
is_linear=0
shrinkage=0.03


Tree=6
num_leaves=27
num_cat=0
split_feature=48 45 37 47 61 45 33 55 49 26 33 55 57 45 19 55 56 0 28 49 14 59 57 26 38 12
split_gain=18.2935 7.61119 5.78994 4.78078 7.66827 4.16004 4.5125 5.1298 4.64099 5.04012 5.20172 3.53213 3.40273 3.37387 3.23548 3.18259 8.14036 2.99979 2.62788 2.51765 2.15309 1.68894 1.63928 0.876769 0.827769 0.743018
threshold=-0.23612019780310695 1.6160220478699088 0.52898622336554002 -0.56246045932627231 320.00000000000006 -0.82216483546917629 -1.3923924656664173 -1.0297186655747252 0.94310346852132076 -0.00063947322100896015 1.1564567897251357 -0.68422495321681254 1.0000000180025095e-35 0.16362001627113013 0.88698253343489109 -1.2781268016298684 1.0000000180025095e-35 -0.1342988089923329 0.15890979595102742 -0.24052526909514185 -0.12387578580698362 0.30767955994134294 -0.6201896622491444 -0.6224561280720381 1.0000000180025095e-35 -0.43770186835368469
decision_type=2 2 2 2 2 2 2 2 2 2 2 2 2 2 2 2 2 2 2 2 2 2 2 2 2 2
left_child=2 5 3 4 22 -2 -7 15 9 10 13 -11 18 -9 -3 16 -8 23 -13 -19 -14 -15 -1 -6 -5 -24
right_child=1 14 -4 24 17 6 7 8 -10 11 -12 12 20 21 -16 -17 -18 19 -20 -21 -22 -23 25 -25 -26 -27
leaf_value=-0.0051301309308056289 -0.013587133913639115 0.030770275943253329 0.009378194514844564 -0.012113836077838546 0.0021690910487614313 -0.014950396694594371 -0.010195735337055792 -0.020723662151731055 0.021982379235914153 -0.0076312197668959719 0.012327291044783931 -0.0026441407579692435 0.031755499927509638 -0.010895955105398803 0.0050747110803096521 0.029537763863242288 0.025983816895249146 -0.013415490229148177 0.015276275543951464 0.0055481061407276835 0.0078161874948118812 0.0067405778459706505 -0.027988118427231968 0.01670672362164646 -0.02846263778692458 -0.011125304384325763
leaf_weight=8.1595872938632983 10.392156809568403 13.104531824588777 11.18172252178192 9.6524143218994158 8.9399004578590411 8.1846509277820569 9.6894167959690147 17.465086638927453 8.952374726533888 10.801825374364844 8.5771331191062909 19.382297366857546 7.4630595743656185 7.8123794496059444 8.2008200287818891 10.447961539030073 9.7003043293952924 14.115606039762495 9.7014051079750043 8.9176557958126086 8.9435733258724195 8.5626029372215253 13.690530568361284 7.8162931799888602 15.143391788005827 8.1475178301334363
leaf_count=22 28 35 30 26 24 22 26 47 24 29 23 52 20 21 22 28 26 38 26 24 24 23 37 21 41 22
internal_value=0 0.00586817 -0.00980123 -0.0122421 -0.00779165 0.00342115 0.00480129 0.00616882 0.00294612 0.000856563 -0.00675002 0.00671851 0.0103884 -0.0120731 0.022127 0.016908 0.00818308 0.000789477 0.00359342 -0.00593858 0.0207887 -0.00154627 -0.0188599 0.0100946 -0.0233807 -0.0230733
internal_weight=283.146 177.382 105.765 94.5829 69.7871 156.076 145.684 137.499 107.662 98.7094 42.4172 56.2922 45.4903 33.8401 21.3054 29.8377 19.3897 39.7895 29.0837 23.0333 16.4066 16.375 29.9976 16.7562 24.7958 21.838
internal_count=761 476 285 255 188 419 391 369 289 265 114 151 122 91 57 80 52 107 78 62 44 44 81 45 67 59
is_linear=0
shrinkage=0.03


Tree=7
num_leaves=24
num_cat=0
split_feature=41 55 47 31 46 56 55 39 46 20 12 18 55 30 42 51 41 45 54 61 19 28 46
split_gain=5.15446 5.36672 3.82648 5.43216 5.16623 5.94166 4.50768 3.45534 3.20875 3.02244 4.27443 3.15992 2.82559 3.27662 3.06871 2.88032 3.02573 2.68288 2.50361 1.65597 1.00621 0.595804 0.186464
threshold=-1.3430560306564756 -0.40601449524287009 1.5185049333955656 1.7026460830226522 -0.7255774210966075 -0.89030891969515213 -1.0742199580840424 -1.0000000180025095e-35 -0.53355469527087585 1.2022921249185463 -0.67334834590559145 0.46774037223341097 -0.25449557962223085 0.6598121337791848 -0.37696557551617277 -0.21441029684291832 0.26226953728945707 0.10163763796185905 0.17392060774269003 320.00000000000006 -1.1418872574962715 1.0000000180025095e-35 -0.74330050071102305
decision_type=2 2 2 2 2 2 2 2 2 2 2 2 2 2 2 2 2 2 2 2 2 2 2
left_child=1 -1 3 4 5 -2 17 -8 20 10 11 -10 15 19 -15 -12 -17 -7 -11 -14 -6 -3 -4
right_child=2 21 22 -5 8 6 7 -9 9 18 12 -13 13 14 -16 16 -18 -19 -20 -21 -22 -23 -24
leaf_value=-0.0039430322450326781 0.028042657257277261 0.012127022447358009 -0.0072168166171306791 0.023096776278399189 -0.0043238082049080603 -0.021591048422688042 0.020777420983455495 -0.0034115021412393911 0.022563734714965099 0.020422521510653557 0.018000872197412757 -0.002700584779770694 -0.00045102469229971312 0.0077976178983882906 -0.010004619684585091 -0.015745404801758373 0.0086076355464840548 0.0032280223489042415 -0.0035388639653447639 -0.018994181626759137 -0.020731390278140447 0.032984042317013698 -0.020970891279383012
leaf_weight=8.4414614737033862 8.3836192786693555 6.2967391312122327 5.54449263215065 6.9596972763538352 7.285880476236346 7.5834836363792402 10.553185731172563 8.1943033337593096 7.0938119888305646 7.4596588313579542 5.9597942233085659 7.9095679223537445 5.9516777992248526 13.356492072343825 19.200209856033325 8.1765003800392133 7.0932723879814139 5.6474193632602692 5.6577648222446442 28.056029826402664 11.457390278577803 6.0711579322814941 6.8899149596691114
leaf_count=30 29 22 20 24 26 27 37 29 25 26 21 28 21 47 68 29 25 20 20 100 41 21 25
internal_value=0 0.0136749 -0.00154404 -0.000347268 -0.00150186 0.0076794 0.00114438 0.0104389 -0.00435217 -0.00233335 -0.00413835 0.0098463 -0.00672068 -0.00972617 -0.00250325 0.00245892 -0.00431685 -0.0113401 0.0103745 -0.0160741 -0.0154428 0.0252582 -0.0167056
internal_weight=215.224 20.8094 194.414 181.98 175.02 40.362 31.9784 18.7475 134.658 115.915 102.797 15.0034 87.794 66.5644 32.5567 21.2296 15.2698 13.2309 13.1174 34.0077 18.7433 12.3679 12.4344
internal_count=761 73 688 643 619 142 113 66 477 410 364 53 311 236 115 75 54 47 46 121 67 43 45
is_linear=0
shrinkage=0.03


Tree=8
num_leaves=25
num_cat=0
split_feature=47 29 28 44 1 49 12 41 47 61 16 24 54 46 46 40 27 34 28 34 2 44 46 47
split_gain=21.9562 4.61842 4.3405 6.37328 7.65835 6.15555 4.65601 4.51766 4.37648 3.80647 2.46061 2.44718 3.16284 2.07471 2.56825 1.9087 1.56302 1.52265 1.40768 1.75628 1.11469 0.844682 0.37549 0.301533
threshold=0.093808829164217136 0.2783156969795369 -0.40430542895324534 1.0855945414097177 -0.42474363613284255 -0.24052526909514185 -0.42486478356133611 -0.6407260946801302 -1.5142354857879725 510.50000000000006 0.85550903750219665 -0.34545301080965352 -0.43065693239840092 0.41458395932871844 -0.14279640291977913 -0.43099891230600668 1.0000000180025095e-35 0.1590573438119223 1.0000000180025095e-35 0.093449884296685506 -0.51913768302781849 0.49326551611049041 -0.68792021077401022 -0.23328861367588327
decision_type=2 2 2 2 2 2 2 2 2 2 2 2 2 2 2 2 2 2 2 2 2 2 2 2
left_child=2 9 5 4 10 6 23 -5 -6 -2 -4 12 -11 14 15 -10 22 -9 -3 -20 -15 -18 -13 -1
right_child=1 18 3 7 8 -7 -8 17 13 11 -12 16 -14 20 -16 -17 21 -19 19 -21 -22 -23 -24 -25
leaf_value=0.039672138491466856 0.010246124555015973 -0.021360688835109075 0.02338592648114108 -0.0029725472763764654 0.013859811897936202 -0.0043752560667986388 0.0044194765710176762 0.032246042022911404 0.00034706406206954857 -0.010813161538624178 0 -0.0088682553813204737 0.015500300680102757 -0.0055300046029193011 0.0062689117852543349 -0.018608306545432777 0.00099897666929556509 0.0099472701799045056 0.0028569049801645233 -0.016289116861936046 -0.02373598040426499 -0.010789721709109723 -0.021797299154879938 0.019198226753789755
leaf_weight=9.1460368633270281 11.1429505944252 29.096650987863541 11.92598679661751 6.2813048064708736 7.1771813035011283 8.0621004700660688 8.750922232866289 10.435204595327379 7.1199832558631924 6.4751527905464172 6.2277814745903006 8.8607064187526685 6.8570964336395246 7.1821909248828915 11.741383492946623 9.8584598898887652 10.091686755418779 7.2444946765899649 6.4552858173847181 7.8643925189971924 9.5333594977855665 8.2622025012969953 11.259435772895815 8.100823760032652
leaf_count=29 36 96 38 20 23 26 28 33 23 21 20 29 22 23 38 32 33 23 21 26 31 27 37 26
internal_value=0 -0.0100151 0.00828421 0.00475114 3.42252e-05 0.0173267 0.0241464 0.0176237 -0.00571026 -0.00451382 0.0161532 -0.00800006 0.00251485 -0.00927363 -0.00375121 -0.0109517 -0.0117515 0.0249142 -0.0174408 -0.00782634 -0.0173423 -0.00441987 -0.0173913 0.0326812
internal_weight=235.153 106.366 128.787 94.7273 70.7663 34.0599 25.9978 23.961 52.6126 62.9492 18.1538 51.8063 13.3322 45.4354 28.7198 16.9784 38.474 17.6797 43.4163 14.3197 16.7156 18.3539 20.1201 17.2469
internal_count=761 348 413 304 228 109 83 76 170 205 58 169 43 147 93 55 126 56 143 47 54 60 66 55
is_linear=0
shrinkage=0.03


Tree=9
num_leaves=27
num_cat=0
split_feature=47 24 42 56 20 26 18 50 25 33 16 59 58 24 54 25 34 53 16 33 30 56 50 30 33 47
split_gain=17.0776 7.62961 4.32497 5.38016 3.22851 3.22107 3.80139 3.42756 4.56625 3.02241 4.43727 5.91602 2.5205 2.50385 2.40412 2.30764 2.29386 3.6593 2.64216 2.29003 2.1448 1.59488 1.44023 1.25105 0.979592 0.800889
threshold=-0.024503494084186134 -0.34545301080965352 1.0000000180025095e-35 -0.89030891969515213 0.93812457560051132 -1.1902017694577605 0.78503452265227691 -0.24172548153163614 -0.65792112698867056 0.7336062220104077 0.26760709210812145 0.30767955994134294 0.68274220215239889 -0.99097723727041742 1.739735259702331 0.29681202598455392 -0.23458741327949764 1.0000000180025095e-35 0.52760142199256632 -0.1120949134190478 0.22840922652125425 -0.89030891969515213 -0.24172548153163614 0.7676628605936674 -0.82565524643765043 0.58957762570481864
decision_type=2 2 2 2 2 2 2 2 2 2 2 2 2 2 2 2 2 2 2 2 2 2 2 2 2 2
left_child=5 9 4 -4 19 13 7 16 -9 10 11 -2 15 -1 23 -10 18 -18 21 -3 -19 -7 -12 24 -5 -26
right_child=1 2 3 14 -6 6 -8 8 12 -11 22 -13 -14 -15 -16 -17 17 20 -20 -21 -22 -23 -24 -25 25 -27
leaf_value=0.013162835614005561 -0.013029794049064503 -0.0020145661957132461 -0.0032703432703797049 0.01498389485263712 -0.013198766045638207 -0.0071762118728336275 -0.024825996924111939 -0.014599041202903555 0.023863352089464981 0.011580401085972906 -0.019664291485990196 0.019886192579199938 -0.0050290387773645698 -0.0058690040397049951 0.0059160415943849565 0.00090002196815377935 0.0096396689285938066 -0.021723389988543777 -0.0023314580231977096 0.015906436044239053 -0.0026872513296279932 -0.026548958645880479 -0.0026922861075266607 0.0079608856592525389 0.014727721734439703 0.034406034945213729
leaf_weight=9.6713985502719897 7.4320055842399624 10.442296713590627 10.059521228075026 14.197893351316447 7.4403318166732779 7.7843625247478476 12.194936782121657 11.104288250207899 8.1881549358367938 9.324956536293028 14.830154299736021 9.3236003518104535 8.1500760316848737 12.24692666530609 11.951546430587767 7.8024432957172385 9.2857753634452838 8.8917251527309435 10.007414430379866 12.322666645050047 13.712111115455626 17.404237896203998 8.1847245693206805 7.4724872410297385 7.4699877798557344 16.090743690729141
leaf_count=26 20 28 27 38 20 21 33 30 22 25 40 25 22 33 32 21 25 24 27 33 37 47 22 20 20 43
internal_value=0 0.00706948 0.0118807 0.0160565 0.00207566 -0.00760161 -0.00960962 -0.00740602 2.7844e-05 -0.00243065 -0.00616268 0.00508655 0.00745041 0.00257775 0.0195553 0.0140398 -0.0113142 -0.0048713 -0.0165507 0.00782242 -0.0113103 -0.0215266 -0.0144074 0.0227253 0.0250786 0.0296614
internal_weight=282.987 146.543 97.4475 67.2422 30.2053 136.444 114.526 102.331 35.245 49.0954 39.7705 16.7556 24.1407 21.9183 57.1827 15.9906 67.0856 31.8896 35.196 22.765 22.6038 25.1886 23.0149 45.2311 37.7586 23.5607
internal_count=761 393 261 180 81 368 309 276 95 132 107 45 65 59 153 43 181 86 95 61 61 68 62 121 101 63
is_linear=0
shrinkage=0.03


Tree=10
num_leaves=23
num_cat=0
split_feature=41 55 37 61 58 54 27 55 46 30 54 25 58 29 54 47 25 45 41 28 43 46
split_gain=4.93714 5.11749 3.72852 3.71155 3.45415 3.96082 3.29972 3.92784 3.21141 3.08987 2.71212 3.43691 2.77286 2.68344 2.39392 6.77847 2.51287 2.07796 1.83704 0.528268 0.190374 0.128682
threshold=-1.3430560306564756 -0.40601449524287009 0.70548623981739111 199.00000000000003 -0.96275840224340647 1.6844854917555547 1.0000000180025095e-35 -0.95850727743981612 -0.67971317032493261 -0.85009804162357205 0.76561340529849187 -0.9761655113130786 1.505492504350302 1.0000000180025095e-35 -0.4902905461685792 -0.56246045932627231 0.29681202598455392 0.78681168345460384 1.0000000180025095e-35 -1.0000000180025095e-35 0.45178027999793652 -0.4754562906058506
decision_type=2 2 2 2 2 2 2 2 2 2 2 2 2 2 2 2 2 2 2 2 2 2
left_child=1 -1 4 -4 13 9 7 18 -9 21 11 -11 14 -2 15 -13 -16 20 -5 -3 -12 -6
right_child=2 19 3 6 5 -7 -8 8 -10 10 17 12 -14 -15 16 -17 -18 -19 -20 -21 -22 -23
leaf_value=-0.0038962403781168812 -0.020481786071356336 0.011877549386124481 -0.012859002151817055 -0.0073632750931818649 -0.007585920275683139 0.016660345070900445 -0.0083548179121136212 0.036737291987498227 0.0063281424161430368 0.018031846859385452 -0.0076351285937587034 -0.010697222665472175 0.013194683158472253 0.00010086248220100873 -0.013156511990910041 0.015116279481436097 0.0031861757008325828 0.0012916866512787835 0.011301479756785528 0.031911085108608753 -0.021524486307485331 -0.020930609201061476
leaf_weight=8.4280037581920642 15.892785459756853 6.3331676125526428 6.1771603226661673 7.0670366883277884 5.623521476984024 8.2495875060558301 5.9157677292823783 7.5057115852832794 6.7866226732730883 7.9582360088825217 5.6348971128463763 16.355995118618011 9.0992369353771192 7.6049580574035636 26.374491989612586 17.160805076360695 10.687837928533552 7.2488079369068137 8.8306691348552686 6.1802617609500867 7.5497590601444244 6.4798568189144117
leaf_count=30 57 22 22 25 20 29 21 26 24 28 20 58 32 27 94 60 38 26 31 21 27 23
internal_value=0 0.0133433 -0.0015128 0.0061731 -0.0037305 -0.00167037 0.00997179 0.0139777 0.0246502 -0.00316792 -0.0013908 0.000892753 -0.00104674 -0.0139739 -0.0032024 0.00242947 -0.00834749 -0.0108495 0.00274004 0.0245568 -0.0173833 -0.0166916
internal_weight=215.145 20.9414 194.204 42.283 151.921 128.423 36.1058 30.19 14.2923 120.173 108.07 87.6366 79.6784 23.4977 70.5791 33.5168 37.0623 20.4335 15.8977 12.5134 13.1847 12.1034
internal_count=761 73 688 149 539 455 127 106 50 426 383 310 282 84 250 118 132 73 56 43 47 43
is_linear=0
shrinkage=0.03


Tree=11
num_leaves=29
num_cat=0
split_feature=47 29 16 44 49 32 19 55 40 44 34 36 39 48 36 35 16 35 50 53 52 42 40 34 0 32 27 33
split_gain=20.7876 4.50447 4.0502 4.9749 4.27445 3.67171 4.26172 3.51895 2.84309 4.82635 2.99529 2.75407 2.62722 2.48834 2.43304 4.37978 2.45162 2.26236 2.18665 1.9837 1.53501 1.09531 1.33214 2.36639 0.983528 0.909042 0.772098 0.300637
threshold=0.093808829164217136 0.2783156969795369 0.65090525799772436 1.0855945414097177 -0.24052526909514185 0.63441520137797158 1.1124125102050202 0.44700776208547593 -0.43099891230600668 -0.36830397523384001 -0.36580233230997089 1.2394792311585847 0.37813735556721356 -1.9397367315974086 -0.21051473649424632 -1.0000000180025095e-35 0.33359825652276681 0.33059692473355456 -0.24172548153163614 0.29502509991047993 1.0000000180025095e-35 0.20761738718221245 -0.88119734053955756 -0.49701725134044411 0.50767681862196568 -0.36328923428997523 0.61969010815448555 0.31075565429568003
decision_type=2 2 2 2 2 2 2 2 2 2 2 2 2 2 2 2 2 2 2 2 2 2 2 2 2 2 2 2
left_child=2 5 3 8 17 6 7 12 10 27 20 -5 25 -11 15 -15 18 -4 26 -7 -1 22 23 -3 -13 -2 -16 -10
right_child=1 21 4 11 -6 19 -8 -9 9 13 -12 24 -14 14 16 -17 -18 -19 -20 -21 -22 -23 -24 -25 -26 -27 -28 -29
leaf_value=-0.0072316343193605101 0.00038320590097485919 -0.013708518335217636 0.035319741801154242 0.030046795224242064 0 -0.019343610725339862 0.019029092657269247 -0.021602607982352112 -0.021970153607119382 0.018472749880669926 0.026102156760128128 0.01422186053223732 0.01281078590455006 -0.0072036041076284484 -0.0079559085030446192 0.023063464883469435 0.0084602150652974741 0.01013115235279252 -0.020399516012655161 -0.001778164190041011 0.011403902511876474 -0.022656206936687691 -0.019702324221734704 0.0085330137268405035 -0.00056046156507934784 -0.013716443952447971 0.0048361860524657827 -0.0076943023156909275
leaf_weight=6.5090898871421832 7.114426016807557 8.2151695191860181 9.8449014723300987 8.297321170568468 7.5275352001190177 15.018422842025759 8.1246040165424329 6.0903189182281485 6.4298616349697095 6.2974121272563925 6.3041769862174979 6.3457360565662366 9.6122785806655866 6.5016548335552216 6.8042429983615857 7.9089379906654305 7.5796263217926017 7.9384063780307761 8.6175126135349362 10.661662757396696 6.2154461145401001 20.547117292881012 8.148208409547804 6.0763498842716244 6.643560916185379 6.0928356051445052 6.8376627266407013 6.751364529132843
leaf_count=21 23 27 31 26 24 50 26 20 21 20 20 20 31 21 22 25 24 25 28 35 20 69 27 20 21 20 22 22
internal_value=0 -0.00980016 0.0080182 0.00516885 0.0185626 -0.0043676 0.00157491 -0.00382965 0.00163956 -0.00137409 0.0113876 0.0176154 0.00170692 0.00284511 0 0.00963898 -0.00476473 0.0260495 -0.00977034 -0.0127723 0.00169196 -0.0171765 -0.0108031 -0.00395981 0.00697182 -0.0064489 -0.00130402 -0.0166
internal_weight=235.056 105.701 129.354 104.044 25.3108 62.7145 37.0345 28.9099 82.757 63.7283 19.0287 21.2866 22.8195 50.547 44.2496 14.4106 29.839 17.7833 22.2594 25.6801 12.7245 42.9868 22.4397 14.2915 12.9893 13.2073 13.6419 13.1812
internal_count=761 348 413 333 80 205 120 94 266 205 61 67 74 162 142 46 96 56 72 85 41 143 74 47 41 43 44 43
is_linear=0
shrinkage=0.03


Tree=12
num_leaves=27
num_cat=0
split_feature=47 24 12 56 30 40 50 18 46 12 20 24 12 33 16 59 44 40 46 34 25 39 50 40 37 39
split_gain=16.1517 7.22105 4.51842 6.10737 4.17818 3.9832 5.79726 5.40676 5.76359 3.52509 3.93991 3.59226 3.35926 2.89091 4.2675 5.67771 2.38035 2.15382 2.04392 1.66727 3.85266 1.39444 1.3717 1.02289 0.447339 0.0774388
threshold=-0.024503494084186134 -0.34545301080965352 -0.48411356834384295 1.0000000180025095e-35 -0.63439658799460652 0.77091072927890036 0.783558818211468 0.75354878482634158 0.53701538602670629 -0.41071635687453806 -0.91104826962573238 -0.66821512404003536 -0.61269107238584131 0.7336062220104077 0.26760709210812145 0.30767955994134294 -0.15291160239775742 -0.15383930725914033 0.51569668479960773 -0.30019487279473439 -0.33967674266426257 -0.091719567015541403 -0.24172548153163614 -0.43099891230600668 -1.084728212765669 1.3178512007327241
decision_type=2 2 2 2 2 2 2 2 2 2 2 2 2 2 2 2 2 2 2 2 2 2 2 2 2 2
left_child=5 13 12 4 -4 6 7 8 9 10 -1 -12 23 14 15 -2 -6 -13 -7 24 -21 -5 -16 -3 -20 -23
right_child=1 2 3 21 16 18 -8 -9 -10 -11 11 17 -14 -15 22 -17 -18 -19 19 20 -22 25 -24 -25 -26 -27
leaf_value=0.011593080963468758 -0.012774473060196792 0.017828677748161405 -0.0089530476247955317 0.0077732357857026105 0.024468094742481163 0 0.016053040887107239 -0.022939465508853656 0.017829886023681556 -0.020653222224165952 0.0071954948781456605 -0.0041626358942881683 -0.0084790384428720614 0.011313148608200702 -0.019276737528193724 0.01947216931290037 0.0015326349987275149 -0.026158985643444033 -0.010762709707473417 -0.018334717223811713 0.0046026821858651231 0.029678154606772835 -0.0026676290212611455 0.0014605320696707063 -0.025255636372689478 0.017556573623580461
leaf_weight=11.899832159280768 7.4190838336944607 7.4702357053756714 11.184218853712084 7.4712291657924643 7.4747183024883297 8.1526515781879407 10.777800828218458 12.554848581552504 9.2877929508686048 10.348579496145254 7.8052572011947587 9.6487904191017098 14.166093349456785 9.3333702087402326 14.789695382118223 9.3364239037036878 8.9599758684635145 7.7587347626686229 8.1199022531509382 14.033421576023104 10.000470370054243 19.081540644168854 8.1820001006126422 7.4669696688652056 15.863486140966417 14.230782270431517
leaf_count=32 20 20 30 20 20 22 29 34 25 28 21 26 38 25 40 25 24 21 22 38 27 51 22 20 43 38
internal_value=0 0.00686707 0.0115447 0.0156904 0.00419189 -0.00740538 -0.00291717 -0.00622965 -0.00193432 -0.00635233 -0.00156183 -0.00829758 0.00131328 -0.00237752 -0.00603408 0.00498875 0.0134725 -0.0155815 -0.0134579 -0.0157507 -0.00884581 0.0229105 -0.0141323 0.0108914 -0.0215066 0.0256519
internal_weight=282.818 146.566 97.5058 68.4025 27.6189 136.252 80.0816 69.3038 56.749 47.4612 37.1126 25.2128 29.1033 49.0606 39.7272 16.7555 16.4347 17.4075 56.1699 48.0173 24.0339 40.7836 22.9717 14.9372 23.9834 33.3123
internal_count=761 393 261 183 74 368 216 187 153 128 100 68 78 132 107 45 44 47 152 130 65 109 62 40 65 89
is_linear=0
shrinkage=0.03


Tree=13
num_leaves=23
num_cat=0
split_feature=41 55 47 31 46 56 35 33 46 41 33 20 46 53 36 52 61 46 29 50 36 36
split_gain=4.73968 4.8556 3.66623 5.11291 4.83183 5.49359 4.6407 3.26908 3.12813 2.88339 4.12599 3.14941 2.87867 3.96543 1.71316 1.12394 0.780745 0.77571 0.39099 0.195039 0.0849205 0.0632211
threshold=-1.3430560306564756 -0.53880428718843609 1.5185049333955656 1.7026460830226522 -0.7255774210966075 -0.89030891969515213 -0.84197913858144691 1.0000000180025095e-35 -0.53355469527087585 1.052390715262846 -0.95779604884850278 1.2022921249185463 1.6976137697952123 1.0000000180025095e-35 1.2394792311585847 1.0000000180025095e-35 510.50000000000006 -0.070313493000996569 1.0409636999682237 -0.24172548153163614 1.0000000180025095e-35 1.0000000180025095e-35
decision_type=2 2 2 2 2 2 2 2 2 2 2 2 2 2 2 2 2 2 2 2 2 2
left_child=1 -1 3 4 5 -2 16 -8 15 10 21 12 13 -12 -14 -6 -7 -3 -18 -4 -11 -10
right_child=2 17 19 -5 8 6 7 -9 9 20 11 -13 14 -15 -16 -17 18 -19 -20 -21 -22 -23
leaf_value=-0.0064272603443642513 0.026764867402870627 0.009055321236390898 -0.020714607506938029 0.0222801616741213 -0.0054792311417127572 -0.016198944203743505 -0.0013401951043323032 0.026120651096786133 0.019394729660322792 -0.020070845113328378 0.0033281685058343144 0.011089471938157076 -0.0036138810754137744 -0.011910751821675046 0.016292401468288364 -0.022182675383522914 -0.007103331081229537 0.028542675835815042 0.0020179616457440359 -0.006966099565321981 -0.0072868101861972932 0.0072038300326653327
leaf_weight=6.718765556812289 8.5639497041702253 6.0916503369808206 6.7665559947490692 7.0652717947959891 9.2059672474861163 5.8370201885700199 6.2186667621135729 7.0208587944507599 5.7210433185100538 5.5711078345775586 20.595041126012802 11.219724059104918 5.6699412167072278 48.616685390472412 6.9160736501216888 9.3470572531223279 7.0005486309528351 8.2492569983005488 5.9403424859046936 5.4876987338066083 5.5578478872776031 5.6790521144866943
leaf_count=24 29 21 25 24 33 21 22 24 20 20 73 39 20 174 24 34 25 28 21 20 20 20
internal_value=0 0.0130406 -0.00148187 -0.00031537 -0.00144525 0.00739914 0.00107425 0.0139913 -0.00421825 -0.00222745 -0.000522697 -0.00274161 -0.0048763 -0.00731691 0.00746888 -0.0152235 -0.00809846 0.022285 -0.00272614 -0.0164251 -0.0157853 0.0153307
internal_weight=215.06 21.0597 194 181.746 174.681 40.5814 32.0174 13.2395 134.1 115.547 104.418 93.0175 81.7977 69.2117 12.586 18.553 18.7779 14.3409 12.9409 12.2543 11.129 11.4001
internal_count=761 73 688 643 619 142 113 46 477 410 370 330 291 247 44 67 67 49 46 45 40 40
is_linear=0
shrinkage=0.03


Tree=14
num_leaves=28
num_cat=0
split_feature=48 38 1 12 38 29 46 42 24 1 61 42 31 24 54 26 30 44 46 48 23 42 38 40 32 54 42
split_gain=19.7026 4.68014 4.88758 6.82951 4.42759 4.40163 4.39901 4.3195 4.04881 4.01798 3.54472 3.43384 2.5525 2.27188 2.9566 2.18056 1.44189 3.25123 1.40836 2.99647 1.32978 1.05757 2.33454 3.97365 0.888546 0.765121 0.646631
threshold=0.15158351781853721 -0.054775422626605112 -0.38661228778623574 -0.67334834590559145 -0.70315467995327052 0.2783156969795369 -0.51186306251671632 -0.58954119831558549 0.21938068734351482 -0.25315256857311197 510.50000000000006 -0.16438995271675999 0.16134669256162801 -0.34545301080965352 -0.43065693239840092 -0.64949163480469185 -1.0000000180025095e-35 1.0000000180025095e-35 -0.057214878708064631 -1.6353258501437409 -0.53958833298014464 0.20761738718221245 -1.027344308616603 -0.88119734053955756 -0.16374834715638595 -0.39876786516625279 0.20761738718221245
decision_type=2 2 2 2 2 2 2 2 2 2 2 2 2 2 2 2 2 2 2 2 2 2 2 2 2 2 2
left_child=1 4 11 -4 6 10 -1 18 9 25 -2 15 -10 14 -12 -3 26 -18 -5 -20 -6 22 -7 -24 -22 -9 -15
right_child=5 2 3 7 20 21 -8 8 12 -11 13 -13 -14 16 -16 -17 17 -19 19 -21 24 -23 23 -25 -26 -27 -28
leaf_value=0.027161847274403673 0.0099569120037071371 0.012187844337411552 -0.018936066314194585 0.0097862578350716954 -0.015167501702152824 -0.020725269491075535 -0.0033071378667364013 0.018056091351276452 0.01405795253812769 0.040033673396412388 -0.010518479444401017 0.0075307942476009948 -0.010171436941421039 -0.0058760290514121528 0.01491748394026775 0.040111504800679355 0.0077735715385735711 -0.014742329886386046 0.0075608486620275242 -0.016866604051319834 -0.0081483213391981297 -0.022366645537565427 0.012911256251395126 -0.017250495080352469 0.0056974514142217316 0.0028254869411441798 -0.021634043810929527
leaf_weight=6.6717244982719421 11.203567475080488 6.709721326828002 6.844093680381774 6.5336303114891079 11.606504380702972 9.6256251335144061 7.6932207047939283 6.9796695709228498 6.362495690584181 7.7258382737636593 6.4084823727607727 11.849751710891722 6.1699720621109009 6.1041612327098838 6.9309085905551893 9.0132742524147051 8.7769559025764519 11.432215392589567 6.9663368463516244 8.0353576540946925 6.8451069891452772 20.242844998836517 6.7183851003646851 5.9821485877037031 6.5888638794422167 7.2837524116039276 11.612002164125441
leaf_count=21 36 21 22 21 38 32 25 22 20 24 21 37 20 20 22 28 29 38 22 26 22 69 22 20 21 23 39
internal_value=0 0.00776936 0.0114802 0.00645309 -0.000712613 -0.00959191 0.011696 0.0100699 0.0164286 0.0238097 -0.00422145 0.0218176 0.00188961 -0.00762872 0.00246524 0.0306429 -0.01129 -0.00482572 -0.000269032 -0.00550346 -0.00831581 -0.0169248 -0.0106414 -0.0011944 -0.00106554 0.011668 -0.0173993
internal_weight=234.917 129.879 90.4739 62.9011 39.4054 105.037 14.3649 56.0571 34.5217 21.9893 62.4683 27.5727 12.5325 51.2647 13.3394 15.723 37.9253 20.2092 21.5353 15.0017 25.0405 42.569 22.3262 12.7005 13.434 14.2634 17.7162
internal_count=761 413 286 200 127 348 46 178 109 69 205 86 40 169 43 49 126 67 69 48 81 143 74 42 43 45 59
is_linear=0
shrinkage=0.03


Tree=15
num_leaves=27
num_cat=0
split_feature=48 45 45 33 55 54 33 19 39 42 61 47 1 55 43 55 56 19 55 55 20 32 33 45 50 32
split_gain=15.6688 6.74273 3.77601 4.16904 4.64967 4.61488 5.87345 3.81739 3.82603 4.82107 3.69452 6.14891 5.75184 3.19198 3.1772 3.05803 7.51656 2.99186 2.8363 2.57978 1.69084 1.80942 2.90772 1.67427 1.57236 1.51724
threshold=-0.23612019780310695 1.6160220478699088 -0.82216483546917629 -1.3923924656664173 -1.0297186655747252 -0.16627470426144089 0.7336062220104077 1.3378424869751495 1.1742838077213265 1.0000000180025095e-35 321.50000000000006 -0.53826435508248516 -0.32941526526632553 0.19168627536602337 -0.19094561452475711 -1.2781268016298684 1.0000000180025095e-35 0.88698253343489109 -0.26031417095807202 -0.33381277337320076 0.93812457560051132 -0.36328923428997523 -0.32352019727641151 -0.34203120199291498 -0.24172548153163614 -0.56283012142356448
decision_type=2 2 2 2 2 2 2 2 2 2 2 2 2 2 2 2 2 2 2 2 2 2 2 2 2 2
left_child=10 2 -2 -4 15 6 18 8 9 14 20 12 13 -12 -7 16 -5 -3 -6 -11 21 -1 -23 -8 -13 -14
right_child=1 17 3 4 5 7 23 -9 -10 19 11 24 25 -15 -16 -17 -18 -19 -20 -21 -22 22 -24 -25 -26 -27
leaf_value=-0.025617175437895226 -0.013122178169516158 0.028994988200025624 -0.014578532378099564 -0.010175424217053501 -0.022055346155728125 0.012232452162168931 0.018024697850717891 -0.0081274561154037958 -0.0059057121266117138 0.0077515870789672458 0.0041016271906667697 -0.019973081421410337 0.023090473219494645 -0.019269720961455322 -0.011412461660459672 0.028268853035271376 0.024553382955153604 0.0044127778339414399 -0.0022458480360203902 0.028541366169286059 -0.0025523904393892462 -0.020239411561477308 0.0034511271781530115 -2.4722440599273982e-05 -0.0021781566158768132 0.0052464815408109558
leaf_weight=17.610554695129391 10.35100421309471 13.120192408561708 8.1613142788410169 9.6803621351718956 13.669356644153595 9.7068369686603564 7.4682123064994803 10.033757686614988 8.9538417458534223 10.812075078487391 8.5389823317527789 17.696213394403461 8.2106659114360827 9.5785317718982679 7.8250750303268424 10.479749649763106 9.7315399348735792 8.2176686525344831 13.360279619693756 17.586847215890892 8.4791252613067609 8.4590491056442243 7.3814122676849392 8.1993583440780622 7.3906215131282798 11.879824608564375
leaf_count=48 28 35 22 26 37 26 20 27 24 29 23 48 22 26 21 28 26 22 36 47 23 23 20 22 20 32
internal_value=0 0.00541189 0.00310541 0.00442128 0.00573727 0.00266562 -0.00480867 0.00766941 0.0108031 0.0142706 -0.00911314 -0.00423885 0.00322647 -0.00847733 0.00129598 0.0159489 0.00746022 0.0207022 -0.013107 0.0216129 -0.0159323 -0.0188971 -0.00951038 0.00905251 -0.015375 0.0139145
internal_weight=282.582 177.357 156.02 145.669 137.507 107.616 42.6972 64.9184 54.8847 45.9308 105.225 63.2948 38.208 18.1175 17.5319 29.8917 19.4119 21.3379 27.0296 28.3989 41.9301 33.451 15.8405 15.6676 25.0868 20.0905
internal_count=761 476 419 391 369 289 115 174 147 123 285 171 103 49 47 80 52 57 73 76 114 91 43 42 68 54
is_linear=0
shrinkage=0.03


Tree=16
num_leaves=23
num_cat=0
split_feature=41 55 47 31 46 56 35 33 46 41 33 20 19 46 53 19 52 61 46 40 46 32
split_gain=4.50659 4.61287 3.54283 4.88754 4.65706 5.18771 4.47009 3.10631 3.02836 2.81681 3.96548 3.0104 2.74052 2.73937 3.81797 2.16767 1.10311 0.762754 0.70411 0.551213 0.209343 0.0833355
threshold=-1.3430560306564756 -0.53880428718843609 1.5185049333955656 1.7026460830226522 -0.7255774210966075 -0.89030891969515213 -0.84197913858144691 1.0000000180025095e-35 -0.53355469527087585 1.052390715262846 -0.95779604884850278 1.2022921249185463 -1.0000000180025095e-35 1.6976137697952123 1.0000000180025095e-35 0.21069260312450341 1.0000000180025095e-35 510.50000000000006 -0.070313493000996569 -1.3140423051297445 -0.74330050071102305 0.78407086672816351
decision_type=2 2 2 2 2 2 2 2 2 2 2 2 2 2 2 2 2 2 2 2 2 2
left_child=1 -1 3 4 5 -2 17 -8 16 10 12 13 -10 14 -12 -15 -6 -7 -3 -19 -4 -11
right_child=2 18 20 -5 8 6 7 -9 9 21 11 -13 -14 15 -16 -17 -18 19 -20 -21 -22 -23
leaf_value=-0.0063434474357415577 0.02593402127074846 0.0088384963300836943 -0.0067296157667998515 0.021681608840539896 -0.0053759674931256936 -0.016019696667768264 -0.0012867043035967027 0.025417224798264821 0 -0.019910468955520864 0.0032276135882141877 0.010777261755635542 0.027187640066043885 -0.0047146618194470434 -0.011725856661359587 0.017570279502201976 -0.021980018987030343 0.0032641412891305575 0.027561092249641858 -0.0077147497986387254 -0.020545268605478909 -0.0071960699653695987
leaf_weight=6.6975456178188351 8.6824969649314863 6.1236607134342202 5.434453159570694 7.1433700621128073 9.1722412705421466 5.7790052592754337 6.2075799405574816 7.1069557964801788 5.7061232328414917 5.5117166042327863 20.644437223672867 11.294504374265669 5.7750934362411481 5.9999010562896711 48.280149102210999 6.6603201925754547 9.2106741666793805 5.6383306086063358 8.3827540278434718 7.27724361419678 6.6844128966331464 5.5368123054504395
leaf_count=24 29 21 20 24 33 21 22 24 20 20 73 39 20 21 174 23 34 20 28 26 25 20
internal_value=0 0.0126745 -0.00144685 -0.000304023 -0.00141534 0.00725024 0.00106915 0.0136925 -0.00414641 -0.00219129 -0.00050952 -0.00269478 0.014975 -0.00479295 -0.00718842 0.00720466 -0.0150277 -0.00797348 0.0216014 -0.00266474 -0.0162141 -0.0156388
internal_weight=214.95 21.204 193.746 181.627 174.484 40.6916 32.0091 13.3145 133.792 115.409 104.361 92.8793 11.4812 81.5848 68.9246 12.6602 18.3829 18.6946 14.5064 12.9156 12.1189 11.0485
internal_count=761 73 688 643 619 142 113 46 477 410 370 330 40 291 247 44 67 67 49 46 45 40
is_linear=0
shrinkage=0.03


Tree=17
num_leaves=27
num_cat=0
split_feature=47 38 7 12 29 38 46 42 55 32 19 55 61 31 42 20 39 33 53 55 28 42 54 36 42 20
split_gain=18.7292 4.44152 4.6293 6.58765 4.31752 4.28166 4.20345 4.09993 3.87174 3.40919 3.94753 3.39434 3.32431 4.41914 3.22494 2.9668 2.54354 1.98116 1.94063 1.5518 1.44795 1.84118 1.44315 0.751668 0.493733 0.0415429
threshold=0.093808829164217136 -0.054775422626605112 -0.4031055653612578 -0.67334834590559145 0.2783156969795369 -0.70315467995327052 -0.51186306251671632 -0.58954119831558549 1.190069861591067 0.63441520137797158 1.1124125102050202 0.44700776208547593 320.00000000000006 -0.22397815505362784 -0.16438995271675999 0.67395702628247645 0.37813735556721356 -0.1120949134190478 0.29502509991047993 -0.53880428718843609 1.0000000180025095e-35 0.20761738718221245 -0.52772209783219737 0.23948339139801147 -0.58954119831558549 1.0000000180025095e-35
decision_type=2 2 2 2 2 2 2 2 2 2 2 2 2 2 2 2 2 2 2 2 2 2 2 2 2 2
left_child=1 5 14 -4 9 6 -1 8 15 10 11 16 -9 -14 23 -5 22 -15 25 -7 -6 -22 -2 -3 -21 -11
right_child=4 2 3 7 20 19 -8 12 -10 18 -12 -13 13 17 -16 -17 -18 -19 -20 24 21 -23 -24 -25 -26 -27
leaf_value=0.026455148738756006 0.0030028910808839169 0.037181635154388 -0.018767837526485167 0.018655301470886954 -0.020690579948942561 0.00030818388499370626 -0.003257260100079823 0.027919783949073424 -0.018120893434157515 -0.0095938724154346483 0.018297787946143649 -0.021247088417851029 0.021414813421207858 0.0068799510211705554 0.0072990081961641588 -0.0054853909362822641 0.012676749611100095 -0.014400890308883434 -0.0014210934244792803 -0.019304950939102505 0.0023982869237832508 -0.01734729154150141 -0.014825316588311632 0.015506181249751354 -0.0053194127704809741 -0.022550071629164982
leaf_weight=6.7443753182888031 6.4276804625988015 8.5149069130420703 6.7952550649642935 8.16983610391617 28.20946854352951 10.251064628362654 7.6820141077041608 12.287321478128431 6.2067740559577933 6.2019110620021847 8.2264126241207105 5.9765816628932944 9.944791227579115 6.2983430922031376 11.899355381727217 7.1656081080436698 9.6333810091018659 6.2397161126136824 10.562005430459974 7.5854204595088941 7.6035729050636274 6.3686857521533966 6.7096615433692977 7.4123062193393698 7.1350892782211339 8.4853298068046552
leaf_count=21 21 26 22 26 96 33 25 38 20 21 26 20 31 20 37 23 31 20 35 25 25 22 22 23 23 29
internal_value=0 0.00754446 0.0111443 0.00624914 -0.00939741 -0.000721497 0.01144 0.00978037 -0.000294858 -0.0040779 0.00162049 -0.0036243 0.015942 0.00780898 0.0211538 0.00753526 0.00178117 -0.00369044 -0.0122696 -0.00822413 -0.0166975 -0.00702337 -0.0062788 0.0296414 -0.0140148 -0.0188458
internal_weight=234.737 130.332 90.9342 63.1076 104.405 39.398 14.4264 56.3124 21.5422 62.223 36.9737 28.7473 34.7702 22.4829 27.8266 15.3354 22.7707 12.5381 25.2492 24.9716 42.1817 13.9723 13.1373 15.9272 14.7205 14.6872
internal_count=761 413 286 200 348 127 46 178 69 205 120 94 109 71 86 49 74 40 85 81 143 47 43 49 48 50
is_linear=0
shrinkage=0.03


Tree=18
num_leaves=26
num_cat=0
split_feature=48 45 37 47 61 45 33 55 46 49 54 34 42 39 40 28 55 45 12 32 32 57 45 12 38
split_gain=14.8363 6.40005 5.28409 4.71232 6.96917 3.61598 4.01295 4.41037 4.42129 3.86129 4.07422 9.73512 4.24366 6.28052 3.60673 3.45259 2.95894 4.71861 2.52179 2.34982 1.90372 1.6132 1.02367 0.839714 0.813023
threshold=-0.23612019780310695 1.6160220478699088 0.52898622336554002 -0.56246045932627231 320.00000000000006 -0.82216483546917629 -1.3923924656664173 -1.0297186655747252 -1.0507958995367035 0.77401364886182622 -0.16627470426144089 -0.62823217037091716 -0.37696557551617277 1.1742838077213265 1.2384042901855852 1.0000000180025095e-35 -1.2781268016298684 -0.13745390613763236 -0.57046578492965849 -0.7623710085571539 -0.56283012142356448 -0.6201896622491444 0.16362001627113013 -0.43770186835368469 1.0000000180025095e-35
decision_type=2 2 2 2 2 2 2 2 2 2 2 2 2 2 2 2 2 2 2 2 2 2 2 2 2
left_child=2 5 3 4 21 -2 -7 16 -9 10 11 19 -12 -14 15 -6 17 -8 -3 -10 -17 -1 -13 -23 -5
right_child=1 18 -4 24 14 6 7 8 9 -11 12 22 13 -15 -16 20 -18 -19 -20 -21 -22 23 -24 -25 -26
leaf_value=-0.0040873034374255659 -0.012879860640915406 0.0039886702258445077 0.0094054269796207471 -0.011339371841962939 -0.0054255239857225078 -0.014350060270542274 -0.0063426539205529058 -0.017139260821894663 -0.0024206268335383932 0.018777949565526298 -0.0090953270009402915 -0.029400804046698745 0.016506711944232887 -0.010331165481913917 -0.011270936306826646 0.025073767942074696 0.027642407120950462 0.02117035765240876 0.027259680168535985 0.018631445589677605 0.0040889849788268385 -0.026627722874739957 -0.0096266338477140681 -0.0097736932769059339 -0.027304333122561371
leaf_weight=8.0931223034858721 10.32894793152809 7.4763280451297787 11.173956632614134 9.5947822928428668 10.336607754230501 8.1474199295043928 10.05757385492325 7.7891131341457358 7.395648479461669 13.071738034486769 10.407378405332556 8.46164831519126 35.489109873771682 8.5662272274494153 12.146537661552427 7.8471986353397361 10.487840533256529 9.354144364595415 13.850651919841765 8.9627271294593829 9.2823404669761675 13.510685443878176 7.4222634434700003 8.0478868484497053 14.96674796938896
leaf_count=22 28 20 30 26 28 22 27 21 20 35 28 23 95 23 33 21 28 25 37 24 25 37 20 22 41
internal_value=0 0.00526174 -0.0088828 -0.0112375 -0.00683676 0.00301304 0.00430101 0.00559257 0.0025977 0.00442875 0.00191488 -0.00626422 0.0069023 0.0109882 0.0013239 0.00739617 0.0155369 0.00719599 0.0201629 0.0093739 0.0152692 -0.0174703 -0.0221338 -0.0216413 -0.0223096
internal_weight=282.269 177.269 105 93.8259 69.2644 155.942 145.613 137.465 107.566 99.7767 86.705 32.2423 54.4627 44.0553 39.6127 27.4661 29.8996 19.4117 21.327 16.3584 17.1295 29.6517 15.8839 21.5586 24.5615
internal_count=761 476 285 255 188 419 391 369 289 268 233 87 146 118 107 74 80 52 57 44 46 81 43 59 67
is_linear=0
shrinkage=0.03


Tree=19
num_leaves=27
num_cat=0
split_feature=41 55 37 61 26 45 61 20 27 55 46 60 44 38 36 1 45 38 42 44 61 21 56 61 38 55
split_gain=4.30691 4.40125 3.4892 3.4717 3.17193 4.1123 3.81622 3.57104 3.02488 3.62789 2.77688 2.42199 2.36943 5.42659 3.38959 1.89932 3.55136 3.53322 1.59233 1.47777 1.45357 1.67302 1.23489 1.20457 0.641898 0.255225
threshold=-1.3430560306564756 0.087078154532806415 0.70548623981739111 199.00000000000003 1.4052068768769712 1.5002461804308187 430.50000000000006 1.2022921249185463 1.0000000180025095e-35 -0.95850727743981612 -0.67971317032493261 552.50000000000011 1.0000000180025095e-35 0.78811761189805996 1.0394800632064702 -0.36754661361293234 -0.028452533990747337 -0.18445127409193807 -0.16438995271675999 1.0855945414097177 704.00000000000011 0.52685648017053255 1.0000000180025095e-35 199.00000000000003 0.33425213176939406 0.23841873029461705
decision_type=2 2 2 2 2 2 2 2 2 2 2 2 2 2 2 2 2 2 2 2 2 2 2 2 2 2
left_child=1 -1 4 -4 6 -6 12 15 9 11 -11 -5 23 24 -15 16 17 -8 -16 20 21 22 -17 -2 -14 -23
right_child=2 -3 3 8 5 -7 7 -9 -10 10 -12 -13 13 14 18 19 -18 -19 -20 -21 -22 25 -24 -25 -26 -27
leaf_value=-0.00095135356592226765 0.00033314892439343524 0.024809895502745143 -0.012540362828878377 -0.0084161637148506847 0.023705586862179016 -0.007459451993593047 0.0073880927740306015 0.0084714921931795164 -0.0080209611982321617 0.034636519995091868 0.0062659996097854413 0.012954863068600846 0.0091759997814563309 -0.018017428349824855 0.014791032234477879 -0.0099919257624678098 0.015534540442528753 -0.019700613603575244 -0.0043872707833733206 0 0 -0.0080067968862000214 -0.023359731224120266 -0.016406139533734727 0.027452701734106029 0
leaf_weight=10.741633027791979 6.4339180290698987 10.58283483982086 6.0769774317741385 7.578273892402648 6.8720832169055921 5.5807162523269653 5.6458270549774179 8.722750395536421 5.8317853808403006 7.7421115636825562 6.7940847575664538 8.3581943213939649 6.9078939557075483 7.2956109046936062 6.453445523977277 15.669685453176497 5.6791291534900656 9.6807792782783508 5.9307568371295938 6.6520941555500022 5.5988119840621939 5.8250046968460065 24.236903101205826 6.0569682419300079 6.3014925122261047 5.5399507284164429
leaf_count=38 23 35 22 27 24 20 20 30 21 26 24 29 24 26 22 56 20 35 21 24 20 21 89 22 22 20
internal_value=3.54349e-06 0.0123608 -0.00141236 0.00600634 -0.00357134 0.0100085 -0.00492807 -0.00837063 0.00964396 0.01343 0.023577 0.00259842 0.00205951 0.00633593 -0.00346723 -0.0102958 -0.00195282 -0.00959636 0.00569272 -0.0128537 -0.0143816 -0.0159237 -0.0188078 -0.00824376 0.0202131 -0.00431824
internal_weight=214.79 21.3245 193.465 42.3814 151.084 12.4528 138.631 93.2509 36.3044 30.4727 14.5362 15.9365 45.3801 32.8892 19.6798 84.5282 21.0057 15.3266 12.3842 63.5225 56.8704 51.2715 39.9066 12.4909 13.2094 11.365
internal_count=761 73 688 149 539 44 495 335 127 106 50 56 160 115 69 305 75 55 43 230 206 186 145 45 46 41
is_linear=0
shrinkage=0.03


Tree=20
num_leaves=26
num_cat=0
split_feature=47 38 27 38 42 38 60 46 45 44 28 45 10 36 59 25 30 37 19 30 57 55 28 45 53
split_gain=17.7697 4.22905 5.48989 4.13583 4.06371 4.94948 4.62169 3.98346 3.77681 3.34411 4.45616 5.36818 3.38226 2.9339 2.28382 2.8297 2.27451 2.2792 2.25544 1.81667 1.6852 1.61413 1.06428 1.02149 0.778327
threshold=0.093808829164217136 -0.054775422626605112 -0.3156319238547855 -0.70315467995327052 0.44676496283155193 -1.027344308616603 362.50000000000006 -0.51186306251671632 0.55840968079555708 1.0855945414097177 1.5267181992899761 -0.03919026520905259 0.44013605461014532 0.23948339139801147 1.0000000180025095e-35 -1.0000000180025095e-35 0.22840922652125425 0.12555761433273774 -0.46559732718588409 0.22840922652125425 -0.6201896622491444 -0.53880428718843609 -0.40430542895324534 -0.70280856624047328 -0.87279857255701121
decision_type=2 2 2 2 2 2 2 2 2 2 2 2 2 2 2 2 2 2 2 2 2 2 2 2 2
left_child=1 3 -3 7 5 -2 22 -1 16 10 11 12 13 18 15 -11 17 -8 -4 24 -5 -22 -7 -15 -6
right_child=4 2 9 20 19 6 8 -9 -10 14 -12 -13 -14 23 -16 -17 -18 -19 -20 -21 21 -23 -24 -25 -26
leaf_value=0.025662970241802176 -0.017720478951750177 0.028789705947557424 0.006815710623265245 0.0028530316590283525 -0.0088239378129709532 -0.0014147039082216622 -0.017572542107907929 -0.0031872330236188714 0.02453650332315525 0.018133386933548688 -0.018114982953644321 -0.011483759455955832 0.023844978946140582 0.0031872947615463857 0.027014924203534112 -0.0055525120223640203 0.014193014241019037 0.0044194399380345526 -0.015476518411466638 -0.0039585522654456903 0 -0.019310541318914316 -0.017124482063761298 0.021767872768537342 -0.022863479441488612
leaf_weight=6.825873076915741 15.488470077514647 12.03433585166931 6.3039636611938414 7.3953879773616782 9.2496145963668805 8.2154811322689074 6.0617613196373039 7.6661132574081403 7.7148098945617667 8.1385661065578443 6.19659599661827 10.257021456956862 12.132763803005217 6.2735345661640167 9.7967313528060895 7.0228479206562069 6.4437302947044364 7.9370213150978088 6.8684673011303028 10.697143763303755 6.5435567200183895 10.972873359918596 8.6938503980636579 6.3487044870853406 23.255597740411758
leaf_count=21 52 37 20 24 32 27 20 25 25 25 20 33 37 20 30 22 21 26 22 36 21 36 29 20 80
internal_value=0 0.00731366 0.0108128 -0.000752737 -0.00920426 -0.00389462 0.00114594 0.0111588 0.00855342 0.00752818 0.00304102 0.00634724 0.011575 0.00459068 0.0163517 0.0072897 0.000983135 -0.00549547 -0.00479301 -0.0161319 -0.00814945 -0.0129688 -0.0105549 0.0142772 -0.0196103
internal_weight=234.535 130.777 91.3735 39.4038 103.757 60.5551 45.0667 14.492 28.1573 79.3392 54.3811 48.1845 37.9274 25.7947 24.9581 15.1614 20.4425 13.9988 13.1724 43.2024 24.9118 17.5164 16.9093 12.6222 32.5052
internal_count=761 413 286 127 348 200 148 46 92 249 172 152 119 82 77 47 67 46 42 148 81 57 56 40 112
is_linear=0
shrinkage=0.03


Tree=21
num_leaves=26
num_cat=0
split_feature=48 54 37 47 61 40 26 26 28 19 55 55 19 56 30 12 47 47 32 35 32 47 32 33 38
split_gain=14.0121 5.94264 5.08106 4.57244 6.71041 3.43361 3.38213 3.58002 3.31713 3.17689 2.61803 3.57313 2.39602 2.78182 4.14387 3.26119 2.53758 1.83791 1.8079 1.76395 3.40134 1.68955 1.60054 1.18285 0.761695
threshold=-0.23612019780310695 0.19564427886951188 0.52898622336554002 -0.56246045932627231 320.00000000000006 1.2384042901855852 -0.6224561280720381 -0.4332075809434639 1.0000000180025095e-35 -1.0291722691112068 -0.45033754899554096 0.1156917535491539 1.2251274985900851 1.0000000180025095e-35 -0.85009804162357205 -0.38317123521326862 0.48774322862190489 0.33317706420245935 -0.56283012142356448 -1.0862658184387388 -0.56283012142356448 0.85732781922698287 -0.36328923428997523 -1.1692213327058665 1.0000000180025095e-35
decision_type=2 2 2 2 2 2 2 2 2 2 2 2 2 2 2 2 2 2 2 2 2 2 2 2 2
left_child=2 6 3 4 22 8 9 -8 -6 -2 17 -12 13 14 -3 -16 -15 -9 -10 -11 -21 -14 -1 -18 -5
right_child=1 12 -4 24 5 -7 7 10 18 19 11 -13 21 16 15 -17 23 -19 -20 20 -22 -23 -24 -25 -26
leaf_value=-0.023669558785442555 -0.0074679880749120332 -0.010821260500344928 0.0092605952421104098 -0.011172350740330945 -0.0052920738381766735 -0.010945492673682755 -0.020422416360512442 -0.019363751773358417 0.024550674652484145 0.020031605394899451 0.017747700598742453 -0.0059804047699126336 -0.0088165672270609421 0.0036404217559971187 0.020282009643597689 -0.0013659589320055565 0.010913923636231698 0 0.0040574397497174118 -0.0059531626021251203 0.016748697620693233 0.0087308665504267531 -0.0077594680459840727 0.026799183744426358 -0.026795951039569464
leaf_weight=15.614634126424791 10.764151245355604 8.5799247920513135 11.179092854261397 9.5814878344535845 10.323079884052278 12.111688435077665 10.299368113279341 7.3879687786102277 7.8565010726451865 10.095837384462355 9.6773779690265673 10.037401318550108 8.1737850904464739 10.448309332132338 14.191836923360823 9.3088730275630969 11.219951093196867 7.808689296245575 9.2830232381820696 11.443289935588838 9.3209103047847766 8.5833830535411817 13.92371681332588 19.829766243696216 14.872579932212828
leaf_count=43 29 23 30 26 28 33 28 20 21 27 26 27 22 28 38 25 30 21 25 31 25 23 38 53 41
internal_value=-1.05758e-05 0.00509867 -0.00865898 -0.0109754 -0.00664004 0.00136106 -0.000454248 -0.00610144 0.0072815 0.00553929 -0.0010445 0.00581549 0.010422 0.0127115 0.0054323 0.0118996 0.0178134 -0.0100263 0.0149929 0.0103976 0.00440989 0 -0.0171006 0.0220108 -0.021905
internal_weight=281.917 177.171 104.746 93.5667 69.1126 39.5743 86.835 45.2108 27.4626 41.6242 34.9114 19.7148 90.3358 73.5787 32.0806 23.5007 41.498 15.1967 17.1395 30.86 20.7642 16.7572 29.5384 31.0497 24.4541
internal_count=761 476 285 255 188 107 234 122 74 112 94 53 242 197 86 63 111 41 46 83 56 45 81 83 67
is_linear=0
shrinkage=0.03


Tree=22
num_leaves=24
num_cat=0
split_feature=41 55 37 61 58 54 30 27 55 46 29 54 21 60 49 54 49 54 29 37 45 46 47
split_gain=4.13097 4.23294 3.37795 3.37173 3.21218 3.63313 2.9616 2.91729 3.42944 2.56884 2.5487 2.53968 2.36519 2.32163 2.06004 4.38138 3.08064 2.51063 6.03803 4.19283 1.09037 0.615272 0.148834
threshold=-1.3430560306564756 -0.53880428718843609 0.70548623981739111 199.00000000000003 -0.96275840224340647 1.6844854917555547 -0.85009804162357205 1.0000000180025095e-35 -0.95850727743981612 -0.67971317032493261 1.0000000180025095e-35 0.76561340529849187 0.52685648017053255 552.50000000000011 -0.40961508875463648 -0.52772209783219737 1.788552566818794 -0.79948734765751117 -1.0000000180025095e-35 -0.47958529921646581 0.15366331142438119 -0.070313493000996569 0.38656524403861953
decision_type=2 2 2 2 2 2 2 2 2 2 2 2 2 2 2 2 2 2 2 2 2 2 2
left_child=1 -1 4 -4 10 6 22 8 13 -10 -2 14 -13 -5 15 -8 17 19 -19 -16 -17 -3 -6
right_child=2 21 3 7 5 -7 11 -9 9 -11 -12 12 -14 -15 16 20 -18 18 -20 -21 -22 -23 -24
leaf_value=-0.0061989070029018897 -0.01998838621440259 0.0084376524253132537 -0.012413782662435448 -0.0082341259180312102 -0.020625701002511352 0.015914260203584246 0.010218724200397999 -0.0079002325652853603 0.033541036333724093 0.0062104897837547334 0.00015548925609264544 -0.017247608518023372 0.00295650535102747 0.012694744134745289 -0.018172552414644109 -0.021953714323949183 -0.012227069620176022 0.015983866548558979 -0.0084685849166700449 0.011720167977698344 -0.0029850267229261595 0.026065824375960302 -0.0072065815293122426
leaf_weight=6.6595539748668697 15.40451316535473 6.1814387142658243 6.0387364625930777 7.5235799551010123 6.3463260531425458 8.363484710454939 7.4748392701149013 5.8024154007434836 7.8693433701992035 6.8025975823402423 7.5819754600524893 13.390465945005419 6.7290244698524466 8.4037975370883924 7.5235466361045837 8.7852219939231855 7.8819344341754904 32.912905365228646 10.920939892530447 6.3439552485942823 5.5415834486484519 8.5867721140384639 5.5296507477760315
leaf_count=24 57 21 22 27 23 29 26 21 26 24 27 49 24 29 27 32 28 116 39 22 20 28 20
internal_value=1.67292e-05 0.0120881 -0.00137431 0.00591643 -0.00350461 -0.00152446 -0.00297812 0.0094865 0.0131855 0.0229917 -0.0134965 -0.00124308 -0.0104765 0.00260652 0.000956234 -0.00665647 0.0036686 0.00619606 0.0096807 -0.00429793 -0.015974 0.0205144 -0.0163349
internal_weight=214.599 21.4278 193.171 42.4405 150.73 127.744 119.38 36.4017 30.5993 14.6719 22.9865 107.504 20.1195 15.9274 87.3849 21.8016 65.5833 57.7013 43.8338 13.8675 14.3268 14.7682 11.876
internal_count=761 73 688 149 539 455 426 127 106 50 84 383 73 56 310 78 232 204 155 49 52 49 43
is_linear=0
shrinkage=0.03


Tree=23
num_leaves=26
num_cat=0
split_feature=47 29 38 1 12 38 46 42 24 10 61 42 31 36 49 24 26 57 57 28 42 53 34 29 52
split_gain=16.8626 4.14667 3.95574 4.12398 6.26037 4.01368 3.79453 3.73583 3.64644 3.81335 3.254 3.02369 2.37754 2.25475 2.1897 3.51532 2.01966 1.6339 1.5896 1.44346 1.74302 1.22458 1.64474 0.786971 0.0235083
threshold=0.093808829164217136 0.2783156969795369 -0.054775422626605112 -0.38661228778623574 -0.67334834590559145 -0.70315467995327052 -0.51186306251671632 -0.58954119831558549 0.21938068734351482 0.21245864618927521 510.50000000000006 -0.16438995271675999 0.16134669256162801 0.63948172730224095 -0.40961508875463648 0.21938068734351482 -0.64949163480469185 -0.6201896622491444 -0.6201896622491444 1.0000000180025095e-35 0.20761738718221245 1.0000000180025095e-35 0.8151319389642887 0.2783156969795369 0.50774739739816754
decision_type=2 2 2 2 2 2 2 2 2 2 2 2 2 2 2 2 2 2 2 2 2 2 2 2 2
left_child=2 10 5 11 -5 6 -1 13 9 -9 -2 16 -10 -6 15 -12 -4 -7 -11 24 -21 -16 -23 -19 -3
right_child=1 19 3 4 7 17 -8 8 12 18 14 -13 -14 -15 21 -17 -18 23 -20 20 -22 22 -24 -25 -26
leaf_value=0.025058552844843179 0.0097285436027264773 -0.02305823722588695 0.010752134789687425 -0.018620621068553608 0.0085069634608093622 0.0027823476218204837 -0.003061230212959498 0.037458537131175328 0.013047351756987131 -0.00018944625250680004 0.013892786816878971 0.0065638359805597069 -0.010260970113639488 -0.009652111166511974 -0.019298489954825679 -0.010975494270048482 0.036755742720616276 -0.018274920686291371 0.018147647710790398 0.0024905368890264512 -0.01682292688319189 0.0016187211772113665 -0.013762422186896665 -0.0037070448093505012 -0.012218093484962262
leaf_weight=6.887469083070755 11.246285408735273 17.843893587589267 6.8880233764648464 6.7482264041900626 10.758630633354189 7.4054610133171073 7.6385211050510389 7.9762542247772226 6.4772123098373395 6.4355012476444218 8.6228564679622668 12.052555143833159 6.1758502423763275 10.792100876569746 11.363258689641951 8.7582412064075452 9.3846835196018237 9.5075936317443901 8.1328989863395709 7.5829393565654737 6.1956872642040253 10.897844880819322 10.838065803050993 7.905743956565856 9.7647034823894483
leaf_count=21 36 62 21 22 34 24 25 24 20 20 28 37 20 35 38 30 28 31 25 25 22 36 37 26 34
internal_value=0 -0.00900874 0.00709915 0.0104677 0.00584106 -0.000711219 0.0109948 0.00925753 0.0150853 0.0219707 -0.00379471 0.0198228 0.00136506 -0.000362722 -0.00711672 0.00116759 0.0279228 -0.00802667 0.0104124 -0.0162405 -0.00660024 -0.0115024 -0.00618581 -0.0127968 -0.0202576
internal_weight=234.281 103.114 131.167 91.8219 63.4967 39.3448 14.526 56.7484 35.1977 22.5447 61.7266 28.3253 12.6531 21.5507 50.4803 17.3811 16.2727 24.8188 14.5684 41.3872 13.7786 33.0992 21.7359 17.4133 27.6086
internal_count=761 348 413 286 200 127 46 178 109 69 205 86 40 69 169 58 49 81 45 143 47 111 73 57 96
is_linear=0
shrinkage=0.03


Tree=24
num_leaves=26
num_cat=0
split_feature=48 45 38 47 61 1 33 34 45 36 60 20 45 30 12 43 34 49 29 39 33 40 53 32 13
split_gain=13.2532 5.86722 4.59799 3.63312 5.82022 4.46729 3.38197 3.94328 5.85386 3.42179 4.17709 2.841 2.82525 2.50389 2.42541 2.32353 2.6222 2.70449 2.06874 2.03322 1.92489 1.8709 1.67246 1.0383 0.964593
threshold=-0.23612019780310695 1.6160220478699088 -0.70315467995327052 -0.56246045932627231 320.00000000000006 -0.32941526526632553 -1.3923924656664173 0.29027226284239543 0.70397394470388719 -1.1605107842667903 746.50000000000011 0.93812457560051132 0.15366331142438119 -0.52654586118012381 -0.57046578492965849 -0.8336715090474508 -0.62823217037091716 -0.24052526909514185 0.2783156969795369 1.0829227394413465 0.7336062220104077 0.77091072927890036 0.29502509991047993 -0.16374834715638595 -0.17330660294100361
decision_type=2 2 2 2 2 2 2 2 2 2 2 2 2 2 2 2 2 2 2 2 2 2 2 2 2
left_child=2 6 -1 4 22 21 -2 9 12 -8 11 15 13 -9 -3 -11 -17 -18 -13 -10 -7 -6 -4 24 -5
right_child=1 14 3 23 5 20 7 8 19 10 -12 18 -14 -15 -16 16 17 -19 -20 -21 -22 -23 -24 -25 -26
leaf_value=0.011352718519836888 -0.014344990775870795 0.0034855879698762787 -0.0056778202518346877 -0.018571584715584823 0 0.016114736970792694 0.013950985120652454 -0.001468881785935811 0.0056717189352339164 -0.010617197407155487 0.016512140775394188 -0.022499834942546169 0.027140259374904042 0.019195999258723475 0.026187892973318368 0.012491486405087805 -0.0082633252772821419 0.011223555287493482 -0.0019947182898884951 -0.012975358643198194 -0.0012634334429523458 -0.018944822038621589 -0.021768292504404468 -0.02736038778405122 -0.0025597348996671504
leaf_weight=8.1858342885971052 8.1440373063087446 7.4830281734466579 12.010958999395372 7.9817494750022888 9.983297646045683 14.103592634201055 12.668547183275221 10.058204561471937 9.7039410471916216 14.441398650407782 8.201833248138426 9.931441545486452 14.965629786252974 8.2221447527408618 13.817386150360106 14.511956274509421 20.382926434278481 7.4551804959774257 8.8935915231704694 8.1983656883239728 7.7932137846946707 8.0190352201461774 17.787547647953033 10.921338021755217 7.6862716078758258
leaf_count=22 22 20 33 22 27 38 34 27 26 39 22 27 40 22 37 39 55 20 24 22 21 22 49 30 21
internal_value=-1.22956e-05 0.00495411 -0.00843785 -0.01033 -0.00635815 0.00106004 0.00279923 0.00391997 0.0105271 0.000248694 -0.00196085 -0.00432455 0.0177439 0.00827329 0.0192295 -0.000747221 0.00272967 -0.00253311 -0.0139699 -0.00290142 0.00998882 -0.00942562 -0.0160573 -0.0196323 -0.0119761
internal_weight=281.552 177.08 104.473 96.287 69.6976 39.8991 155.779 147.635 51.1483 96.4869 83.8183 75.6165 33.246 18.2803 21.3004 56.7915 42.3501 27.8381 18.825 17.9023 21.8968 18.0023 29.7985 26.5894 15.668
internal_count=761 476 285 263 190 108 419 397 137 260 226 204 89 49 57 153 114 75 51 48 59 49 82 73 43
is_linear=0
shrinkage=0.03


Tree=25
num_leaves=23
num_cat=0
split_feature=41 55 47 31 46 56 35 46 33 41 33 20 51 12 61 19 19 61 46 46 32 55
split_gain=3.98077 4.03304 3.28099 4.64555 4.28763 4.71894 4.1582 2.8573 2.82758 2.70338 3.73293 2.77054 2.58617 2.71292 2.70566 2.50783 1.01934 0.744251 0.560693 0.215441 0.0643582 0.0553057
threshold=-1.3430560306564756 -0.53880428718843609 1.5185049333955656 1.7026460830226522 -0.7255774210966075 -0.89030891969515213 -0.84197913858144691 -0.53355469527087585 1.0000000180025095e-35 1.052390715262846 -0.95779604884850278 1.2022921249185463 -0.21441029684291832 -0.57046578492965849 321.50000000000006 -1.0000000180025095e-35 -1.1418872574962715 687.00000000000011 -0.070313493000996569 -0.74330050071102305 0.78407086672816351 -1.1666629776315267
decision_type=2 2 2 2 2 2 2 2 2 2 2 2 2 2 2 2 2 2 2 2 2 2
left_child=1 -1 3 4 5 -2 17 16 -8 10 15 12 13 -12 -14 -9 -6 -7 -3 -4 -11 -19
right_child=2 18 19 -5 7 6 8 9 -10 20 11 -13 14 -15 -16 -17 -18 21 -20 -21 -22 -23
leaf_value=-0.0060671682494680022 0.024541055584313874 0.0082909981754292952 -0.0063506641032521913 0.021074916074155351 -0.0035887417997263462 -0.014439806938686872 -0.0012552408942264513 0 0.02409351481451771 -0.019548939556748145 -0.0093406613427531055 0.010249791686205566 0.00083235802456091629 0.012600160695126436 -0.011951404825605338 0.026014867804979268 -0.020053766187421353 0 0.025321700385217392 -0.020096393936189918 -0.007125308253993279 -0.0035282074071745582
leaf_weight=6.6270162761211422 8.877304792404173 6.2029443681240091 5.344024270772934 7.2184631526470175 7.0932083427906063 7.3729181289672825 6.1946986913681048 5.6876299977302551 7.265545666217804 5.3714891374111158 6.3849395811557796 11.417228043079374 21.364192306995399 12.342198371887198 41.007993042469025 5.8972387015819532 10.956983670592306 5.5465034544467899 8.6885456442832911 6.45816522836685 5.5131352245807648 5.6447265744209316
leaf_count=24 29 21 20 24 26 27 22 20 24 20 23 39 75 44 149 20 41 20 28 25 20 20
internal_value=1.64867e-05 0.0118404 -0.00135241 -0.000260561 -0.00135281 0.00692865 0.000987831 -0.00399239 0.0130702 -0.00209873 -0.00045616 -0.00259355 -0.00462759 0.00468496 -0.00756196 0.014495 -0.0146622 -0.00779588 0.0200016 -0.0157414 -0.0153659 -0.00175668
internal_weight=214.477 21.5185 192.959 181.156 173.938 40.9017 32.0244 133.036 13.4602 114.986 104.101 92.5166 81.0993 18.7271 62.3722 11.5849 18.0502 18.5641 14.8915 11.8022 10.8846 11.1912
internal_count=761 73 688 643 619 142 113 477 46 410 370 330 291 67 224 40 67 67 49 45 40 40
is_linear=0
shrinkage=0.03


Tree=26
num_leaves=26
num_cat=0
split_feature=47 28 12 44 1 42 38 60 45 47 41 59 42 30 30 46 42 61 30 25 36 32 2 28 30
split_gain=15.9961 3.91565 5.18766 5.11694 6.02371 3.84841 4.71137 4.64585 4.11963 3.80789 3.76046 2.88102 2.64057 1.92767 2.11003 1.89808 2.62775 2.09297 1.80415 1.49132 1.22194 1.02247 1.01796 0.703183 0.296434
threshold=0.093808829164217136 -0.40430542895324534 -0.47135451381469029 1.0855945414097177 -0.42474363613284255 0.44676496283155193 -1.1570201600819359 362.50000000000006 0.55840968079555708 -1.5142354857879725 -0.6407260946801302 -0.70923312242722125 -0.37696557551617277 0.22840922652125425 -0.31084440755115894 0.41458395932871844 1.0000000180025095e-35 552.50000000000011 0.22840922652125425 -0.33967674266426257 1.2394792311585847 0.63441520137797158 -0.51913768302781849 -0.40430542895324534 0.22840922652125425
decision_type=2 2 2 2 2 2 2 2 2 2 2 2 2 2 2 2 2 2 2 2 2 2 2 2 2
left_child=1 2 11 4 12 6 -2 23 13 -6 -5 -1 -3 14 -9 16 17 -11 21 -4 -12 -7 -17 -8 -19
right_child=5 3 19 10 9 18 7 8 -10 15 20 -13 -14 -15 -16 22 -18 24 -20 -21 -22 -23 -24 -25 -26
leaf_value=0.0049092798818634997 -0.019340750370106217 0.021430992132541467 0.0096620368472697792 -0.0036513811696367682 0.012169347360817191 -0.0087790660634453881 -0.0033770399873160363 0.0031337080114020497 0.023777984202704754 0.002190710680562616 0.030264221510177963 0.030779967476587195 -0.00016837094068476209 0.012250028176690192 -0.017433786598191271 -0.0055844211988798917 0.0090461778178265936 -0.0074974373079249078 -0.0035295730343593715 -0.0084730581389688957 0.01102537879076391 -0.023259002084556456 -0.023270174745604066 -0.016761292848507491 -0.021666675512229783
leaf_weight=6.6926474273204812 11.983834594488142 11.537390589714052 6.4184984266757965 6.3804708719253567 7.3988629579544059 10.775001347064974 9.0422152578830737 9.3499211668968201 8.3932051062583906 7.4993322491645875 8.065058112144472 15.018375605344772 7.432392716407775 6.7973467409610739 6.012049645185475 7.1719724535942104 8.2050040662288648 6.7017635703086835 10.564010024070738 6.8985566794872266 10.504310965538023 20.998078137636185 9.2737994790077192 8.5553495287895185 6.3266125023365021
leaf_count=21 41 35 20 20 23 37 30 31 27 24 24 46 23 22 20 23 26 22 36 22 32 75 31 29 21
internal_value=0 0.0068901 0.0153307 0.00357718 -0.000499722 -0.00881627 -0.00365074 0.000599759 0.00767241 -0.00581396 0.0148604 0.0238962 0.013283 0.000197797 -0.00539456 -0.00918404 -0.00388853 -0.00959491 -0.0156403 0 0.0213176 -0.019146 -0.0170032 -0.0110036 -0.0163176
internal_weight=233.996 131.525 35.0281 96.497 71.5471 102.471 60.1339 48.1501 30.5525 52.5773 24.9498 21.711 18.9698 22.1593 15.362 45.1785 28.7327 20.5277 42.3371 13.3171 18.5694 31.7731 16.4458 17.5976 13.0284
internal_count=761 413 109 304 228 348 200 159 100 170 76 67 58 73 51 147 93 67 148 42 56 112 54 59 43
is_linear=0
shrinkage=0.03


Tree=27
num_leaves=26
num_cat=0
split_feature=47 45 37 47 61 45 24 42 4 40 61 30 56 40 19 37 45 4 46 5 26 32 38 40 27
split_gain=12.2773 5.59612 4.70504 4.22616 6.25741 3.26803 3.32842 4.55804 3.48825 3.22222 3.24203 2.91911 4.66696 2.80176 2.73182 2.59462 2.50134 2.2686 2.21668 2.17472 2.57094 1.55954 0.702638 0.533149 0.42673
threshold=-0.25876229733161521 1.6160220478699088 0.52898622336554002 -0.56246045932627231 320.00000000000006 -0.82216483546917629 -0.34545301080965352 -0.58954119831558549 -0.10898566206616295 1.2384042901855852 687.00000000000011 -0.74224731480908934 1.0000000180025095e-35 0.42626219167616192 0.88698253343489109 0.29365286809640545 -0.32304673708840798 -0.64388187287515752 -0.63773852973615885 -0.21398981176517504 -0.6224561280720381 -0.36328923428997523 1.0000000180025095e-35 -0.45443735670743318 0.30791609748472842
decision_type=2 2 2 2 2 2 2 2 2 2 2 2 2 2 2 2 2 2 2 2 2 2 2 2 2
left_child=2 5 3 4 21 -2 7 16 11 10 -6 12 -8 -12 -3 -10 -7 -13 -19 23 -21 -1 -5 -9 -20
right_child=1 14 -4 22 9 6 8 19 15 -11 13 17 -14 -15 -16 -17 -18 18 24 20 -22 -23 -24 -25 -26
leaf_value=-0.022906935177523347 -0.012490328493091821 0.026640434011878697 0.0090543107258730642 -0.010719598897259947 0.018065918044148036 0.021300033672743121 -0.010281449252304016 -0.0072658152905054722 -0.009849714068679398 -0.01049571896487359 0.0097539988417368762 0 0.015912012106357443 -0.013486250397534941 0.0033547416760120585 0.0080967183159506399 0 0.0063490446982042729 0.03010116583959312 0.011207470417304499 -0.0092132527926715516 -0.0072469925250646973 -0.025890164694744165 -0.02229541790141417 0.015286897040884644
leaf_weight=15.452843815088274 10.275574326515196 13.030615895986559 11.183691203594206 9.5411121547222155 11.8784596323967 7.4487304389476803 11.892684429883959 7.7527378797531128 14.533857852220537 12.052447915077208 7.8130912780761701 7.8073510229587546 9.7018762826919538 7.7414688467979431 8.2309512197971326 11.567748457193373 11.461750715970991 12.325596749782557 10.850030571222311 7.4392398297786704 12.912542223930361 13.850717067718504 14.351405709981917 7.3688990175724012 12.69890648126602
leaf_count=43 28 35 30 26 32 20 32 21 39 33 21 21 26 21 22 31 31 33 29 20 35 38 40 20 34
internal_value=-1.64998e-05 0.00474931 -0.00816052 -0.0104126 -0.00625881 0.00264968 0.00387409 -0.00188651 0.00734222 0.0014556 0.00718561 0.0109927 0.00149594 -0.00162965 0.0187046 -0.00167103 0.00941376 0.0153492 0.018424 -0.00821035 -0.0012173 -0.0164132 -0.0210594 -0.0163019 0.0237458
internal_weight=281.164 177.299 103.865 92.6815 68.789 156.038 145.762 54.3839 91.3781 39.4855 27.433 65.2764 21.5946 15.5546 21.2616 26.1016 18.9105 43.6819 35.8745 35.4734 20.3518 29.3036 23.8925 15.1216 23.5489
internal_count=761 477 284 254 188 420 392 147 245 107 74 175 58 42 57 70 51 117 96 96 55 81 66 41 63
is_linear=0
shrinkage=0.03


Tree=28
num_leaves=22
num_cat=0
split_feature=41 56 37 61 58 54 30 27 60 46 29 54 25 58 20 46 52 42 21 46 3
split_gain=3.8253 3.69008 3.23965 3.21194 3.0671 3.43247 2.87488 2.77468 2.78896 2.53867 2.45821 2.41923 3.00551 2.514 2.53989 3.85725 3.55461 2.39175 2.2776 1.53001 0.157246
threshold=-1.3430560306564756 -0.89030891969515213 0.70548623981739111 199.00000000000003 -0.96275840224340647 1.6844854917555547 -0.85009804162357205 1.0000000180025095e-35 552.50000000000011 -0.76294540838915237 1.0000000180025095e-35 0.76561340529849187 -0.9761655113130786 1.505492504350302 0.67395702628247645 -0.69893494523244459 1.0000000180025095e-35 -0.16438995271675999 0.52685648017053255 -0.070313493000996569 -0.35930010890326997
decision_type=2 2 2 2 2 2 2 2 2 2 2 2 2 2 2 2 2 2 2 2 2
left_child=1 -1 4 -4 10 6 20 8 9 -5 -2 12 -8 14 15 -14 -16 -10 -13 -3 -6
right_child=2 19 3 7 5 -7 11 -9 17 -11 -12 18 13 -15 16 -17 -18 -19 -20 -21 -22
leaf_value=-0.0046787611974978428 -0.019710493780919113 0.0077809018035468833 -0.012179967097047207 0.011920044070173635 -0.0070171221974381168 0.015384758223046515 0.01677748098339147 -0.0077389229597842647 0.0065702278516385788 -0.011496371675589751 0.00011480753901863054 -0.016986218822723189 0.010119766013207852 0.012565024892285562 0.014615702123734241 -0.010783056694822594 -0.0082024901674492209 0.031129850849736195 0.0028674940586187348 0.03004083231405855 -0.02045468995517374
leaf_weight=7.2280798852443722 15.124383240938188 8.0927389562129974 5.9657084941864005 8.512567073106764 5.4863395690917969 8.4452211856842023 8.152009189128874 5.7599399089813224 8.4053849279880541 5.535959571599963 7.5856908857822409 13.191961273550989 8.3027816712856204 9.2115443944931013 12.984840214252474 39.664898455142982 9.041617274284361 8.3005148470401746 6.7395362108945838 6.2894958257675144 6.2618915885686857
leaf_count=25 57 28 22 29 20 29 28 21 29 20 27 49 29 32 45 144 32 28 24 20 23
internal_value=2.34215e-05 0.0115882 -0.00132229 0.0058098 -0.00341656 -0.00148575 -0.00290898 0.00927142 0.012855 0.0020878 -0.0132437 -0.00120278 0.000935026 -0.000902689 -0.00298546 -0.00684652 0.00506828 0.0206619 -0.0102622 0.019811 -0.0161373
internal_weight=214.283 21.6103 192.673 42.4801 150.193 127.483 119.037 36.5144 30.7544 14.0485 22.7101 107.289 87.3577 79.2057 69.9941 47.9677 22.0265 16.7059 19.9315 14.3822 11.7482
internal_count=761 73 688 149 539 455 426 127 106 49 84 383 310 282 250 173 77 57 73 48 43
is_linear=0
shrinkage=0.03


Tree=29
num_leaves=26
num_cat=0
split_feature=47 29 28 12 44 7 47 41 61 42 58 24 34 26 41 34 24 30 44 25 28 42 34 42 34
split_gain=15.202 4.03375 3.76356 4.95017 4.88372 5.74864 3.66835 3.59181 3.06305 2.53369 1.96614 1.89257 2.33486 1.69331 1.64676 2.27701 2.29188 1.45786 3.1842 1.43062 1.42681 1.67265 1.42215 0.579196 0.572198
threshold=0.093808829164217136 0.2783156969795369 -0.40430542895324534 -0.47135451381469029 1.0855945414097177 -0.45116980669227802 -1.5142354857879725 -0.6407260946801302 510.50000000000006 -0.37696557551617277 0.68274220215239889 -0.34545301080965352 -0.10337249424902438 -0.64949163480469185 -0.6407260946801302 -0.23458741327949764 0.21938068734351482 -1.0000000180025095e-35 1.0000000180025095e-35 -0.33967674266426257 1.0000000180025095e-35 0.20761738718221245 0.1590573438119223 0.20761738718221245 -1.1530918464928102
decision_type=2 2 2 2 2 2 2 2 2 2 2 2 2 2 2 2 2 2 2 2 2 2 2 2 2
left_child=2 8 3 10 5 9 -7 -6 -2 -4 -1 12 -10 24 -15 -16 -17 23 -19 -5 -3 -22 -9 -13 -8
right_child=1 20 4 19 7 6 13 22 11 -11 -12 17 -14 14 15 16 -18 18 -20 -21 21 -23 -24 -25 -26
leaf_value=0.028835940575834107 0.0095890397358839915 -0.019867571714614115 0.020804796182541455 0.0093905190955970979 -0.0036536167709262618 0.011834255736758928 -0.0067317422399629633 0.027359697057303005 -0.0096376291872576764 -0.00027898165540003262 0.0060785101991620467 -0.0054379614011083504 0.012997035450933116 -0.014935206704634326 0.013899956703521236 0.004198120714675296 -0.017869540137406766 0.0087183548229917539 -0.013835460909775752 -0.0083671942751939125 0.0025867418761523118 -0.016417957573048918 0.0073901585829537503 -0.020586784732923521 -0.021016342134055923
leaf_weight=15.491043746471407 11.271591693162916 27.047942221164703 11.636853367090227 6.4515900015830994 6.3792945742607143 7.443382889032363 7.8490773737430599 11.120064437389376 6.0586444139480591 7.448913872241973 6.3993673622608176 6.0160094499588004 7.2797726690769178 6.9047506153583553 6.3692101538181349 7.8360480368137324 6.1226290762424469 8.586131572723394 11.02389135956764 6.8755806386470777 7.5610140860080701 6.0582069754600525 7.5958665907382956 10.956532210111616 9.9417220056056959
leaf_count=47 36 96 35 20 20 23 26 33 20 23 20 20 23 23 20 25 20 29 38 22 25 22 23 39 33
internal_value=0 -0.00863731 0.00669109 0.0149399 0.00344176 -0.000546339 -0.00575769 0.0144279 -0.00349196 0.0128639 0.0232561 -0.00675575 0.00237651 -0.00908279 -0.0037297 0.00056637 -0.00588789 -0.0102055 -0.00375837 0 -0.0158377 -0.00626036 0.0207015 -0.0164196 -0.0160387
internal_weight=233.725 101.86 131.865 35.2176 96.6478 71.5526 52.4668 25.0952 61.1926 19.0858 21.8904 49.921 13.3384 45.0234 27.2326 20.3279 13.9587 36.5826 19.61 13.3272 40.6672 13.6192 18.7159 16.9725 17.7908
internal_count=761 348 413 109 304 228 170 76 205 58 67 169 43 147 88 65 45 126 67 42 143 47 56 59 59
is_linear=0
shrinkage=0.03


Tree=30
num_leaves=25
num_cat=0
split_feature=48 45 37 47 61 33 45 55 46 49 54 33 42 54 55 56 19 47 4 36 57 12 20 38
split_gain=11.9578 5.31044 4.57136 4.26281 6.0326 3.2276 3.66227 3.9421 4.06052 3.6028 3.53974 9.09961 3.79045 4.32614 2.87296 6.7416 2.64017 2.3957 1.89786 2.34038 1.57497 0.97778 0.969464 0.719911
threshold=-0.23612019780310695 1.6160220478699088 0.52898622336554002 -0.56246045932627231 320.00000000000006 -1.3923924656664173 -0.82216483546917629 -1.0297186655747252 -1.0507958995367035 0.77401364886182622 -0.16627470426144089 0.7336062220104077 -0.37696557551617277 1.2250229950924127 -1.2781268016298684 1.0000000180025095e-35 0.88698253343489109 -1.2995283952293641 -0.30349337508761559 0.83948089525435543 -0.6201896622491444 -0.43770186835368469 0.67395702628247645 1.0000000180025095e-35
decision_type=2 2 2 2 2 2 2 2 2 2 2 2 2 2 2 2 2 2 2 2 2 2 2 2
left_child=2 5 3 4 20 -2 -7 14 -9 10 11 22 -12 -14 15 -8 -3 -6 -19 -20 -1 -22 -10 -5
right_child=1 16 -4 23 17 6 7 8 9 -11 12 -13 13 -15 -16 -17 -18 18 19 -21 21 -23 -24 -25
leaf_value=-0.0030612126906696619 -0.014117139620149273 0.026122656780604867 0.0089155023239152597 -0.010513931208071125 -0.010446426560030161 -0.012276325991081116 -0.010276055354162702 -0.016692538216027026 -0.022733693454333844 0.017875302606774883 -0.0088647453758010381 0.013862075349811953 0.015254170825400802 -0.0057311506709709862 0.026386924882053072 0.022601691209547161 0.0032249225209081841 -0.0020897726653785202 0 0.021440245817441451 -0.025358489539690214 -0.0082526324439687621 -0.0063240231452483201 -0.02565941819618215
leaf_weight=8.0082737207412737 8.1253840029239637 12.990305423736574 11.186685442924498 9.5220566987991351 9.4807752966880745 10.252995729446409 9.6669039428234154 7.742622345685958 12.835385918617243 13.073253124952315 10.37699055671691 11.567371279001234 33.581865459680571 10.443703860044478 10.475937098264692 9.725723594427107 8.2306511700153333 13.605006515979765 7.4199846088886359 8.9351647198200208 13.272844374179842 7.8972458541393271 7.7079110443592063 14.612800061702726
leaf_count=22 22 35 30 26 26 28 26 21 35 35 28 31 90 28 28 26 22 37 20 24 37 22 21 41
internal_value=-1.85598e-05 0.00469641 -0.00804805 -0.0102669 -0.00608066 0.00264489 0.00374172 0.00510186 0.0022663 0.00402548 0.00159545 -0.00603935 0.00625029 0.0101194 0.0145042 0.00636438 0.0183049 0.00148762 0.00577283 0.0122755 -0.016079 -0.0202103 -0.0176982 -0.0208829
internal_weight=280.738 176.797 103.941 92.7542 68.6193 155.576 147.451 137.198 107.329 99.5865 86.5132 32.1107 54.4026 44.0256 29.8686 19.3926 21.221 39.4409 29.9602 16.3551 29.1784 21.1701 20.5433 24.1349
internal_count=761 476 285 255 188 419 397 369 289 268 233 87 146 118 80 52 57 107 81 44 81 59 56 67
is_linear=0
shrinkage=0.03


Tree=31
num_leaves=20
num_cat=0
split_feature=47 54 41 46 53 34 41 33 46 46 20 51 37 35 12 45 52 54 50
split_gain=3.7165 3.32794 3.7236 3.60658 3.26074 6.49695 3.1879 3.54906 2.6835 3.09211 3.25464 3.31234 2.31767 3.57872 3.73512 1.97591 0.986676 0.913702 0.239566
threshold=1.5185049333955656 1.5998651284384102 -1.3430560306564756 -0.7255774210966075 0.29502509991047993 -0.89066200843186405 1.052390715262846 -0.95779604884850278 -0.43165111014134799 -0.32569415392319057 1.2022921249185463 -0.21441029684291832 1.537557745947546 -1.2328378263531141 -0.47830038787432583 -0.38928843870985391 1.0000000180025095e-35 0.51202253480736026 -0.24172548153163614
decision_type=2 2 2 2 2 2 2 2 2 2 2 2 2 2 2 2 2 2 2
left_child=1 2 4 12 5 -1 7 17 16 -10 11 -11 13 -4 15 -15 -9 -5 -2
right_child=18 -3 3 6 -6 -7 -8 8 9 10 -12 -13 -14 14 -16 -17 -18 -19 -20
leaf_value=-0.017485079537063325 -0.019865702353074031 0.01605868051263435 -0.012951886836676571 0.018699619475423531 0.02376157765133112 0.021116272152945148 -0.018095592445583945 -0.0049679152965701944 0.016447707991145998 0.00574041345069816 0.011083759729843505 -0.0094715328227591902 0.019791750353503081 0.010050699493725647 0.023005172828532896 -0.0089829929152421065 -0.019664920643698437 0.0015143864718696902 -0.0059785738271849534
leaf_weight=6.725724071264267 6.3358162641525269 10.992266148328779 8.5350510925054532 6.4307355582714063 8.9849017262458784 5.984164237976076 11.546102225780485 10.417687803506853 6.2132530063390723 15.307822614908202 10.318411290645598 52.207895979285254 7.4464358091354361 7.4098388850688943 8.06812432408333 9.3874191045761108 10.495800405740736 6.0178004503250122 5.2583878040313703
leaf_count=24 25 37 31 22 29 20 43 38 22 55 35 189 25 25 27 33 40 21 20
internal_value=3.24611e-05 0.00105431 4.3826e-05 -0.00145293 0.0113538 0.000577781 -0.00393887 -0.00228552 -0.00416545 -0.00159391 -0.00339349 -0.00588579 0.00611515 0.00217453 0.00803572 -0.000123051 -0.013434 0.0118784 -0.015432
internal_weight=214.084 202.489 191.497 169.802 21.6948 12.7099 128.956 117.409 104.961 84.0474 77.8341 67.5157 40.8469 33.4004 24.8654 16.7973 20.9135 12.4485 11.5942
internal_count=761 716 679 606 73 44 465 422 379 301 279 244 141 116 85 58 78 43 45
is_linear=0
shrinkage=0.03


Tree=32
num_leaves=25
num_cat=0
split_feature=48 42 38 60 45 28 49 44 1 41 48 42 46 46 30 30 40 30 38 45 34 32 28 0
split_gain=14.4361 3.63991 4.54114 4.48714 3.83561 3.61069 5.02648 4.62543 5.49155 3.43822 3.28747 2.43413 2.21087 2.57918 1.82745 2.06858 1.79928 1.77916 1.74284 2.31816 1.3481 1.00034 0.672561 0.493711
threshold=0.15158351781853721 0.44676496283155193 -1.1570201600819359 362.50000000000006 0.55840968079555708 -0.40430542895324534 -0.24052526909514185 1.0855945414097177 -0.42474363613284255 -0.6407260946801302 -1.5220499659952187 -0.37696557551617277 0.41458395932871844 -0.14279640291977913 0.22840922652125425 -0.31084440755115894 -0.43099891230600668 0.22840922652125425 -0.054775422626605112 -0.84171744349772215 0.1590573438119223 0.63441520137797158 -0.40430542895324534 0.22047719574188482
decision_type=2 2 2 2 2 2 2 2 2 2 2 2 2 2 2 2 2 2 2 2 2 2 2 2
left_child=5 2 -2 22 14 6 18 8 11 -9 -10 -7 13 16 15 -5 -12 21 19 -1 -11 -3 -4 -14
right_child=1 17 3 4 -6 7 -8 9 10 20 12 -13 23 -15 -16 -17 -18 -19 -20 -21 -22 -23 -24 -25
leaf_value=0.021798625806901541 -0.018992152735462564 -0.008459408188541644 -0.0032815529675558133 0.0032933343500151707 0.02309042761645656 0.020225710960934316 -0.0048915939480493852 -0.0037029485075427918 0.009669192964648193 0.026508154545617935 0.00017782109490912962 -0.00037446776780316574 -0.022842440264951195 0.0066284746150355404 0.012049606321717837 -0.017146274576573618 -0.01827873096857369 -0.0031681880347088727 0.028694441707636156 -0.00030883457714120914 0.0071238724537425625 -0.022838722881192514 -0.016440046090077508 -0.0073711391099170517
leaf_weight=6.8399990797042829 11.772896230220793 10.649972170591356 9.0103814303874987 9.3091898858547211 8.4811593890190107 11.726576149463655 8.1419060528278333 6.3859745264053371 8.714117228984831 11.235793799161913 7.1220859289169303 7.4631277918815604 8.8112533688545209 11.498838514089586 6.8208101987838736 5.9291053116321608 9.6864823997020739 10.448682546615599 12.821737140417099 7.5989155173301715 7.6313873529434195 20.397136807441711 8.4270470142364484 6.5093348920345298
leaf_count=21 41 37 30 31 27 35 26 20 27 33 23 23 30 37 22 20 32 36 38 24 23 75 29 21
internal_value=0 -0.00846321 -0.00344199 0.000712585 0.00764502 0.00649129 0.0145459 0.00330695 -0.000580957 0.0139592 -0.00569422 0.0124777 -0.00911521 -0.0035152 0.000359915 -0.00512497 -0.0107568 -0.0151815 0.0205122 0.0108533 0.0200643 -0.0187078 -0.010756 -0.0178693
internal_weight=233.434 101.246 59.7506 47.9777 30.5403 132.188 35.4026 96.785 71.5318 25.2532 52.3421 19.1897 43.628 28.3074 22.0591 15.2383 16.8086 41.4958 27.2607 14.4389 18.8672 31.0471 17.4374 15.3206
internal_count=761 348 200 159 100 413 109 304 228 76 170 58 143 92 73 51 55 148 83 45 56 112 59 51
is_linear=0
shrinkage=0.03


Tree=33
num_leaves=28
num_cat=0
split_feature=48 54 37 47 61 26 26 61 37 39 55 55 18 48 49 4 19 28 5 47 32 36 24 32 38 27 54
split_gain=11.3175 5.00001 4.40485 4.15857 5.84787 3.14063 3.15154 2.95452 2.7087 2.93358 2.4478 2.82397 2.36762 4.48295 1.94705 2.88725 2.50615 2.93342 3.19795 1.72999 1.5347 1.16429 1.09661 0.765295 0.705894 0.648609 0.284501
threshold=-0.23612019780310695 0.18004056970625362 0.52898622336554002 -0.56246045932627231 320.00000000000006 -0.6224561280720381 -0.4332075809434639 320.00000000000006 0.93241483239834222 -1.0000000180025095e-35 -0.45033754899554096 0.1156917535491539 0.63585623067420627 -1.2366348891891279 0.77401364886182622 -0.41047261724941436 1.3378424869751495 -0.40430542895324534 -1.0000000180025095e-35 0.33317706420245935 -0.36328923428997523 0.63948172730224095 0.21938068734351482 -0.56283012142356448 1.0000000180025095e-35 -0.62740593452454241 -0.67609479388545191
decision_type=2 2 2 2 2 2 2 2 2 2 2 2 2 2 2 2 2 2 2 2 2 2 2 2 2 2 2
left_child=2 5 3 4 20 7 -7 -2 9 23 19 -12 13 -6 15 -3 17 18 -17 -8 -1 -15 -19 -9 -5 -16 -14
right_child=1 14 -4 24 12 6 10 8 -10 -11 11 -13 26 21 25 16 -18 22 -20 -21 -22 -23 -24 -25 -26 -27 -28
leaf_value=-0.022225604906836643 -0.010240937386076881 -0.0077230825061989179 0.0087863627753085212 -0.010301895144643729 -0.0087486255144740045 -0.019591315324109761 -0.018971885014370433 0.0099792558299114376 -0.0028362853949593664 -0.00045669078951094278 0.016377318273989777 -0.0050736241170640508 -0.0015992514109984147 0.0049138282635919758 0.0085830675983502545 -0.0076490475834145952 -0.0032270117958786673 0.0085061993638361096 0.012781691876115421 0 -0.0067447650532501142 0.023221929718147679 0.022538478563992638 0.028005220393201864 -0.025290933621684965 0.025405495024697997 -0.011244237827431038
leaf_weight=15.285304486751558 7.4235951602458945 8.8840011954307538 11.189010947942732 9.5015140175819415 8.7467458546161634 10.190446466207502 7.333436191081999 7.7733136713504782 10.687318831682203 7.4354338049888637 9.2762032151222247 9.6454384028911573 7.3219514489173889 7.4450443983078065 7.4404916763305664 11.143496453762056 10.787386924028395 12.669855326414117 13.397146433591834 7.7833717167377472 13.772137701511381 8.5699087977409345 18.64308887720108 8.2119366526603681 14.514041960239409 7.8388669192790967 7.306683272123335
leaf_count=43 20 24 30 26 24 28 20 21 29 20 25 26 20 20 20 30 29 34 36 21 38 23 50 22 41 21 20
internal_value=-2.95697e-05 0.00455776 -0.00785439 -0.0100401 -0.00590514 -0.000582122 -0.00610749 0.00517044 0.00898332 0.0144637 -0.00124534 0.00557925 0.00154118 0.00716451 0.00940772 0.00704159 0.00922462 0.0117556 0.00336781 -0.00988125 -0.0157759 0.0162031 0.017692 0.0211908 -0.0205501 0.0190708 -0.00738643
internal_weight=280.217 176.565 103.652 92.4633 68.4478 85.7605 44.2289 41.5316 34.108 23.4207 34.0384 18.9216 39.3903 24.7617 90.8043 75.525 66.641 55.8536 24.5406 15.1168 29.0574 16.015 31.3129 15.9853 24.0156 15.2794 14.6286
internal_count=761 476 285 255 188 232 120 112 92 63 92 51 107 67 244 203 179 150 66 41 81 43 84 43 67 41 40
is_linear=0
shrinkage=0.03


Tree=34
num_leaves=22
num_cat=0
split_feature=47 31 41 46 60 53 34 46 41 33 20 30 41 46 19 60 27 20 52 50 36
split_gain=3.57846 3.72385 3.49532 3.81742 3.31674 3.08453 6.25845 2.68112 2.57608 3.35924 2.44414 2.4535 2.92263 2.65958 2.37752 1.80454 1.91638 2.12709 1.09427 0.244803 0.0959885
threshold=1.5185049333955656 1.7026460830226522 -1.3430560306564756 -0.7255774210966075 300.00000000000006 0.29502509991047993 -0.89066200843186405 -0.53355469527087585 1.052390715262846 -0.95779604884850278 1.2022921249185463 0.6598121337791848 -0.6407260946801302 0.35078514331379912 -1.0000000180025095e-35 510.50000000000006 -0.62740593452454241 0.67395702628247645 1.0000000180025095e-35 -0.24172548153163614 1.0000000180025095e-35
decision_type=2 2 2 2 2 2 2 2 2 2 2 2 2 2 2 2 2 2 2 2 2
left_child=1 2 5 4 -4 6 -1 18 9 14 11 13 -13 -11 -9 -6 17 -17 -5 -2 -10
right_child=19 -3 3 7 15 -7 -8 8 20 10 -12 12 -14 -15 -16 16 -18 -19 -20 -21 -22
leaf_value=-0.017302458734460999 -0.019670821603453927 0.020094969183569893 0.024711434799282311 -0.0047024319911130449 -0.0068053415662866568 0.023082621299884407 0.020578756300732415 0 -0.019318097285641135 -0.0024982253882869852 0.0095427599126894774 0.015955366036107362 -0.0035218474674300593 -0.016790243193456761 0.024810430513734029 0.0087620157041200172 0.016401901747251892 -0.012405403647627546 -0.021305745897657793 -0.0057899788710081132 -0.0066813901722820217
leaf_weight=6.6580056548118591 6.2345136851072311 7.3419430553913108 6.0111737549304953 8.9404111355543154 11.148795604705809 9.0821317434310895 6.0443436205387133 5.7345850169658661 5.274517819285391 31.670768469572067 11.582400470972059 8.3533612489700335 21.31759712100029 19.031708672642708 6.0230437219142896 8.6324388980865461 9.5161954164505023 5.8848495781421652 8.7188529819250089 5.2159345597028715 5.4015447050333023
leaf_count=24 25 24 20 33 39 29 20 20 20 115 39 29 77 70 20 30 32 21 34 20 20
internal_value=4.843e-05 0.00104703 0.000151525 -0.00127379 0.00649719 0.0110959 0.000570304 -0.00378867 -0.00196011 -0.000362821 -0.00241723 -0.00435729 0.00227307 -0.00830613 0.0137076 0.00233834 0.00696556 0 -0.0142394 -0.0152141 -0.0150281
internal_weight=213.819 202.369 195.027 173.242 41.1935 21.7845 12.7023 132.049 114.39 103.713 91.9558 80.3734 29.671 50.7025 11.7576 35.1823 24.0335 14.5173 17.6593 11.4504 10.6761
internal_count=761 716 692 619 142 73 44 477 410 370 330 291 106 185 40 122 83 51 67 45 40
is_linear=0
shrinkage=0.03


Tree=35
num_leaves=26
num_cat=0
split_feature=48 29 28 49 44 7 12 41 48 61 42 46 46 49 24 40 28 42 34 53 55 55 38 0 52
split_gain=13.707 3.88534 3.48028 4.77472 4.41618 5.23639 3.73856 3.29639 3.1444 2.86908 2.33536 2.16518 2.48277 2.12463 3.18801 1.75271 1.41226 1.59477 1.27172 1.2411 1.73886 2.71598 0.589302 0.472308 0.0828614
threshold=0.15158351781853721 0.2783156969795369 -0.40430542895324534 -0.24052526909514185 1.0855945414097177 -0.45116980669227802 -0.42486478356133611 -0.6407260946801302 -1.5220499659952187 510.50000000000006 -0.37696557551617277 0.41458395932871844 -0.14279640291977913 -0.40961508875463648 0.21938068734351482 -0.43099891230600668 1.0000000180025095e-35 0.20761738718221245 0.1590573438119223 1.0000000180025095e-35 0.4666528826302323 -0.27461923913228309 -0.31412712555727129 0.22047719574188482 0.50774739739816754
decision_type=2 2 2 2 2 2 2 2 2 2 2 2 2 2 2 2 2 2 2 2 2 2 2 2 2
left_child=2 9 3 6 5 10 22 -6 -7 -2 -4 12 15 14 -11 -10 24 -18 -9 -15 21 -21 -1 -13 -3
right_child=1 16 4 -5 7 8 -8 18 11 13 -12 23 -14 19 -16 -17 17 -19 -20 20 -22 -23 -24 -25 -26
leaf_value=0.014775765071437396 0.009376337717068561 -0.022361941215140568 0.019629978027213221 -0.0047876085573813811 -0.0037233039789834319 0.00933217984111058 0.0027170544036402211 0.025734396606908065 0.00016345201522931788 0.013728921728711844 -0.0004806696742690536 -0.022641224399977265 0.0064552170736480521 -0.018711851416872746 -0.010102217851615239 -0.018074050691909271 0.0026658420955076693 -0.015984724812656708 0.0069169205523839311 -0.010811152367354049 -0.015560339722488417 0.01348594451468643 0.033570494267680391 -0.007343054403231024 -0.011334373295305452
leaf_weight=8.1500959396362322 11.312763214111326 17.064453214406971 11.819121181964876 8.1159007549285871 6.3873856067657497 8.7656236290931684 9.0349567234516162 11.33760377764702 7.1215894222259513 8.6318278312683123 7.4784759283065787 8.7030866742134076 11.533961951732637 11.033817142248152 8.4586392939090711 9.5981020629405993 7.5400166511535627 5.9080016762018204 7.6575985550880423 6.880613744258878 7.7740828394889823 6.614698171615605 10.255827754735945 6.5015507638454428 9.4018684625625593
leaf_count=25 36 62 35 26 20 27 28 33 23 28 23 30 37 38 30 32 25 22 23 24 27 22 30 21 34
internal_value=0 -0.00828818 0.00630257 0.0141897 0.00317542 -0.000628151 0.0199669 0.0135531 -0.00564008 -0.00323724 0.0120754 -0.00900407 -0.00346315 -0.00643525 0.00174792 -0.0106027 -0.0154299 -0.00590818 0.0195026 -0.0108276 -0.0055108 0.000855619 0.0272902 -0.0177056 -0.0194771
internal_weight=233.082 100.621 132.461 35.5568 96.9041 71.5215 27.4409 25.3826 52.2239 60.7064 19.2976 43.4583 28.2537 49.3937 17.0905 16.7197 39.9143 13.448 18.9952 32.3032 21.2694 13.4953 18.4059 15.2046 26.4663
internal_count=761 348 413 109 304 228 83 76 170 205 58 143 92 169 58 55 143 47 56 111 73 46 55 51 96
is_linear=0
shrinkage=0.03


Tree=36
num_leaves=29
num_cat=0
split_feature=14 45 29 58 43 40 51 45 32 58 26 45 45 44 19 34 41 27 39 19 25 27 1 57 54 30 40 46
split_gain=10.3297 7.40397 4.57504 3.92755 3.57679 4.78265 4.07534 4.11742 3.5284 2.44927 2.31343 2.28944 5.31252 2.64939 2.47581 2.34256 2.22791 2.18057 2.08124 2.05442 1.78331 1.74583 1.364 4.37159 2.77892 0.703475 0.679299 0.0976259
threshold=0.15264902617666562 -0.11338146604203959 0.2783156969795369 1.505492504350302 0.45178027999793652 -1.0820017055556235 -0.21441029684291832 -0.82216483546917629 -0.7623710085571539 1.0000000180025095e-35 -0.6224561280720381 0.60074469712666201 1.6160220478699088 0.70865788894657311 0.88698253343489109 0.48709464138810549 0.56326808127931949 -0.62740593452454241 -0.091719567015541403 -0.46559732718588409 0.29681202598455392 1.0000000180025095e-35 -0.36754661361293234 -1.0000000180025095e-35 -0.82958137951045841 0.33625995333573694 1.1223839903985249 -0.58457863602347115
decision_type=2 2 2 2 2 2 2 2 2 2 2 2 2 2 2 2 2 2 2 2 2 2 2 2 2 2 2 2
left_child=1 3 16 4 5 19 -7 20 -3 -6 -4 13 15 18 -14 -13 22 -9 -10 -1 -8 -17 24 26 -2 -19 -24 -20
right_child=2 8 10 -5 9 6 7 17 11 -11 -12 12 14 -15 -16 21 -18 25 27 -21 -22 -23 23 -25 -26 -27 -28 -29
leaf_value=-0.017991801711446716 -0.005162775364834833 -0.0070333453247905381 0.015554521908834445 -0.020205151387152669 -0.018331515561691519 0.021711437308647129 0.00058335585623206911 -0.00097710732782016019 0.0051318360115053009 0.00065208990979415636 -0.0059851113389229509 0.0069934831524295091 0.025083998396832223 0 0.0029102585368662144 -0.016225345014955751 0 0.021464789092611125 0.014654798170199006 0.0013546869019862137 -0.018611409101951255 0.0014004458420733494 -0.0070240833105480981 0.0076450064309804703 -0.028164564284891166 0.0059302138202331767 -0.021814955032110683 0.028319286831395164
leaf_weight=9.9436017572879809 8.6609905660152453 9.5937820971012098 7.4127994775772095 8.4105609953403455 12.699885427951815 12.267091810703276 7.3030357956886238 10.016164749860762 8.5487542152404767 9.5397137105464918 7.3410124480724317 14.508918046951296 12.888460844755175 7.7750194668769828 8.2248217761516553 9.652759253978731 9.4288252592086774 8.9035605490207761 9.3162403404712659 7.4049828052520743 7.3091461062431335 7.8048401772975913 8.0356215536594409 8.0111682713031822 15.375191569328303 7.36346611380577 11.439149379730223 14.547105818986894
leaf_count=27 24 26 20 23 35 33 20 27 23 26 20 39 35 21 22 26 26 24 25 20 20 21 22 22 43 20 32 39
internal_value=-3.22359e-05 0.00346121 -0.00940899 -0.00224496 -0.000257039 0.00301177 0.00751353 0.00249566 0.00908219 -0.010409 0.00490469 0.0108883 0.00632566 0.0163263 0.0174774 -0.0013138 -0.0130044 0.00952446 0.0199493 -0.00996507 -0.00948446 -0.00854151 -0.015395 -0.00954025 -0.0209014 0.0158649 -0.0169368 0.0244034
internal_weight=279.727 204.022 75.7048 101.161 92.7506 70.511 53.1625 40.8954 102.861 22.2396 14.7538 93.2669 53.0798 40.1871 21.1133 31.9665 60.9509 26.2832 32.4121 17.3486 14.6122 17.4576 51.5221 27.4859 24.0362 16.267 19.4748 23.8633
internal_count=761 552 209 275 252 191 144 111 277 61 40 251 143 108 57 86 169 71 87 47 40 47 143 76 67 44 54 64
is_linear=0
shrinkage=0.03


Tree=37
num_leaves=24
num_cat=0
split_feature=48 31 41 56 37 27 41 61 39 45 18 44 20 26 45 1 10 45 38 25 24 32 20
split_gain=3.44947 3.57064 3.38449 3.33296 3.05129 3.48664 2.80365 2.42008 3.46247 3.67781 4.37627 4.70743 3.18074 2.53648 2.34519 2.18211 2.00312 2.85531 3.04486 1.6225 1.73372 1.21428 0.237795
threshold=1.4735948078423851 1.7026460830226522 -1.3430560306564756 -0.89030891969515213 0.70548623981739111 1.0000000180025095e-35 1.0000000180025095e-35 321.50000000000006 0.61306581685859129 -0.74753120137766527 0.54873110413657056 0.9240502617826557 1.2022921249185463 1.1889228230157431 -0.18636326795212504 -0.17688987187989835 0.38221075750814276 -0.028452533990747337 -0.18445127409193807 -0.9761655113130786 -0.99097723727041742 -0.7623710085571539 0.1456219276464068
decision_type=2 2 2 2 2 2 2 2 2 2 2 2 2 2 2 2 2 2 2 2 2 2 2
left_child=1 2 3 -1 7 6 15 8 9 -4 11 -11 13 16 -8 -6 19 18 -18 -9 -21 -5 -2
right_child=22 -3 4 21 5 -7 14 12 -10 10 -12 -13 -14 -15 -16 -17 17 -19 -20 20 -22 -23 -24
leaf_value=-0.0046028795207256031 -0.0057976713367880522 0.019617164617400699 -0.0083053894917493355 0.0058618242531232202 -0.0074235255807652651 -0.012330981886317564 0.029345805757445224 0.00055970262903142106 -0.016015191541243541 0.032263701764959879 -0.0050265023567078199 0 0.0079688087674470356 0.0071518531062403721 0.0053435156736393969 0.013399886342125442 0.0075724055273648132 0.013771830459887134 -0.017254891542237846 0.00054463479947267242 -0.01644936081486471 0.025949225592874114 -0.019550975015436029
leaf_weight=7.1880332380533245 5.2997017353773099 7.4031426608562461 9.0663774609565717 6.6427950859069833 9.9960918426513654 6.1309267878532401 7.4991964399814597 6.3707259148359219 5.767330974340438 10.102015614509588 7.5481621921062461 6.5590516924858084 11.290291100740431 7.4818366467952719 8.8333996683359164 5.9308181256055823 5.6041761040687623 5.9701280146837226 10.400941982865332 5.2677457183599392 43.218664705753341 8.0115772783756221 6.0175359100103378
leaf_count=25 21 24 32 22 35 23 25 23 21 34 27 23 38 27 31 20 20 21 39 19 161 26 24
internal_value=5.55866e-05 0.00103224 0.000151237 0.0109055 -0.00125394 0.00600242 0.0100575 -0.00341027 0.00270626 0.00667443 0.012675 0.0207777 -0.00597314 -0.00801664 0.0182422 0.000472292 -0.00967899 -0.00156234 -0.00831493 -0.0126959 -0.0145221 0.0186049 -0.0150108
internal_weight=213.601 202.283 194.88 21.8424 173.038 38.3904 32.2595 134.647 39.0429 33.2756 24.2092 16.6611 95.6045 84.3142 16.3326 15.9269 76.8324 21.9752 16.0051 54.8571 48.4864 14.6544 11.3172
internal_count=761 716 692 73 619 134 111 485 137 116 84 57 348 310 56 55 283 80 59 203 180 48 45
is_linear=0
shrinkage=0.03


Tree=38
num_leaves=27
num_cat=0
split_feature=47 42 38 28 49 44 1 47 41 40 43 45 16 46 42 61 30 61 18 47 34 18 32 2 30 41
split_gain=13.0403 3.4632 4.36847 3.30995 4.56119 4.1985 4.97236 3.24919 3.13474 2.47545 3.38058 3.26819 2.30109 1.79466 2.4096 2.01164 1.78768 1.60673 5.86044 1.58355 1.1907 1.05826 1.02143 0.928165 0.30857 0.0792753
threshold=0.093808829164217136 0.44676496283155193 -1.1570201600819359 -0.40430542895324534 -0.24052526909514185 1.0855945414097177 -0.42474363613284255 -1.5142354857879725 -0.6407260946801302 -0.73394080619444246 0.45178027999793652 0.37170397858655219 0.85550903750219665 0.41458395932871844 1.0000000180025095e-35 552.50000000000011 0.22840922652125425 584.00000000000011 0.60461111710398585 0.32554964057392372 0.1590573438119223 0.54296173596257546 0.63441520137797158 -0.51913768302781849 0.22840922652125425 1.0000000180025095e-35
decision_type=2 2 2 2 2 2 2 2 2 2 2 2 2 2 2 2 2 2 2 2 2 2 2 2 2 2
left_child=3 2 -2 4 17 6 12 -8 -7 11 19 -4 -5 14 15 -9 22 18 -1 -11 -10 -19 -3 -15 -17 -21
right_child=1 16 9 5 -6 8 7 13 20 10 -12 -13 -14 23 -16 24 -18 21 -20 25 -22 -23 -24 -25 -26 -27
leaf_value=-0.0087744022941983017 -0.018633786755993875 -0.0080433719612496013 -0.0021127108309799917 0.018548547784052162 -0.004757153986820647 -0.0036871604661710741 0.010843338834826813 0.0023909355015435106 0.024938709187303267 0 0.0097830155498834503 0.021666203513476555 -0.0017204897104831033 -0.0054542649267156872 0.0087235267322804226 -0.0070678712199205747 -0.0027318110370622424 0.034857019875974289 0.026865351388505779 -0.021139845624331959 0.0067195994164992254 0.011966666790402727 -0.02251203537021508 -0.022610679010796889 -0.021203006992661557 -0.008908478960610141
leaf_weight=6.7689385712146777 11.548840910196303 10.491135090589525 9.779655873775484 12.748794168233873 8.1063343286514264 6.3787525594234493 7.5709532499313346 7.4425643980503144 11.440638154745104 7.3071001172065797 8.9060427844524366 8.2456322610378248 6.6484243869781485 7.1346885859966305 8.240221440792082 6.606222987174986 10.309850931167601 7.378020763397215 6.9063083529472351 6.1398403048515302 7.6827192306518546 6.5686081945896149 19.907108023762703 8.8985862880945188 6.1622483134269714 7.4081381410360336
leaf_count=21 41 37 33 38 26 20 23 24 33 24 29 27 20 23 26 22 36 22 20 21 23 20 75 31 21 25
internal_value=0 -0.00812344 -0.00322597 0.00612589 0.013796 0.00307136 -0.00064407 -0.00555054 0.0131611 0.000829778 -0.00430002 0.00928643 0.0116894 -0.00873383 -0.00358604 -0.00913707 -0.0147514 0.0194115 0.0097055 -0.0108354 0.0189313 0.0266735 -0.0183197 -0.0164382 -0.015822 -0.0164051
internal_weight=232.726 100.043 59.3353 132.683 35.7282 96.9548 71.4527 52.0555 25.5021 47.7864 29.7611 18.0253 19.3972 44.4845 28.4513 20.211 40.7081 27.6219 13.6752 20.8551 19.1234 13.9466 30.3982 16.0333 12.7685 13.548
internal_count=761 348 200 413 109 304 228 170 76 159 99 60 58 147 93 67 148 83 41 70 56 42 112 54 43 46
is_linear=0
shrinkage=0.03


Tree=39
num_leaves=27
num_cat=0
split_feature=47 54 37 47 40 18 29 26 26 53 19 55 12 25 14 19 24 49 59 35 32 12 53 47 31 26
split_gain=9.96958 4.71377 4.06161 3.98566 3.22482 4.31706 3.20226 3.13015 2.98344 2.98148 2.84079 2.509 2.09723 1.8748 3.35866 2.65683 3.40326 2.70323 1.85113 1.51932 2.90182 1.19624 1.12605 0.56159 0.458541 0.293623
threshold=-0.25876229733161521 0.18004056970625362 0.52898622336554002 -0.56246045932627231 1.2384042901855852 0.78503452265227691 -0.59328202072181935 -0.6224561280720381 -0.00063947322100896015 0.29502509991047993 -1.0291722691112068 -0.45033754899554096 -0.51969542582934802 -0.33967674266426257 -1.6613191533769898 -0.91645728072614252 0.62283332888149257 -0.40961508875463648 0.30767955994134294 -1.0862658184387388 -0.56283012142356448 0.7721597533169352 0.87893693614422552 0.40055825226822567 0.91058945181351458 1.0000000180025095e-35
decision_type=2 2 2 2 2 2 2 2 2 2 2 2 2 2 2 2 2 2 2 2 2 2 2 2 2 2
left_child=2 7 3 4 5 6 -1 10 18 -6 -2 -10 -8 14 -3 -16 17 -17 -9 -12 -21 -19 -11 -15 -25 -5
right_child=1 13 -4 25 9 -7 12 8 11 22 19 -13 -14 23 15 16 -18 21 -20 20 -22 -23 -24 24 -26 -27
leaf_value=-0.0056084152522789948 -0.0072732368067136869 0.019768068413246166 0.0085299553770194197 -0.023807091571590215 0 -0.017680010628140234 5.2808417012685647e-05 -0.021420008881683977 -0.0098013521855138518 -0.027112506632072347 0.018591184098616105 0.0088350477574480075 0.021324839404974268 0.0077470148016838096 0.012712150145637376 -0.008792435774829261 -0.013572932260261706 0.01693819061882965 -0.0025124512804171498 -0.0055398393990402231 0.015444401916909921 0.00048608146203308385 -0.0095214603199851658 0.025640328947680237 0.010024780580855487 -0.010969264604000618
leaf_weight=11.618368744850157 10.70634889602661 11.081731766462324 11.190292954444883 14.242014020681383 11.552809059619905 7.5502749681472769 7.3111692070961007 11.654827952384951 9.570374399423601 8.8328494429588336 10.086749255657194 14.076242953538893 10.416793376207355 11.177482515573503 14.124052822589872 7.7874636352062181 13.010590374469755 10.045013099908838 9.1394192576408368 11.367530435323717 9.3161052465438861 7.3955187797546378 10.77799531817436 7.8374745547771445 8.1357958316802961 9.2430970072746259
leaf_count=32 29 30 30 40 32 21 20 32 26 25 27 38 28 30 38 21 35 27 25 31 25 20 30 21 22 26
internal_value=-3.61352e-05 0.00425713 -0.00742517 -0.00954604 -0.00551464 0.000390836 0.00586831 -0.000720672 -0.00621223 -0.0123871 0.00503519 0.000919098 0.0135526 0.00897791 0.00576796 0.00222567 -0.00183034 0.00442293 -0.0141071 0.00964276 0.00404642 0.0108696 -0.0190923 0.0155746 0.0195735 -0.0199565
internal_weight=279.248 176.513 102.736 91.5454 68.0603 36.8966 29.3463 85.9176 44.4409 31.1637 41.4767 23.6466 17.728 90.5951 63.4444 52.3626 38.2386 25.228 20.7942 30.7704 20.6836 17.4405 19.6108 27.1508 15.9733 23.4851
internal_count=761 477 284 254 188 101 80 233 121 87 112 64 48 244 171 141 103 68 57 83 56 47 55 73 43 66
is_linear=0
shrinkage=0.03


Tree=40
num_leaves=23
num_cat=0
split_feature=47 31 37 28 23 54 38 20 12 16 36 30 47 43 60 49 40 59 49 18 27 29
split_gain=3.32117 3.41471 3.11898 2.60321 2.51901 4.32459 2.46364 2.68694 2.27434 2.9195 2.81795 3.71507 3.18872 3.03735 2.11061 1.94723 1.89133 1.90302 1.74748 0.890885 0.525701 0.271599
threshold=1.5185049333955656 1.7026460830226522 1.739272050463947 1.5267181992899761 -0.53958833298014464 -1.1724161256548269 0.61521647661094925 -1.1752158189437669 1.6011354726823492 0.056001723736398883 -0.56051328041044668 0.87551358740815 1.0594188262631608 -0.8336715090474508 510.50000000000006 -0.24052526909514185 -0.45443735670743318 -1.0000000180025095e-35 -0.40961508875463648 0.5477471882573538 1.2432381294939996 1.0000000180025095e-35
decision_type=2 2 2 2 2 2 2 2 2 2 2 2 2 2 2 2 2 2 2 2 2 2
left_child=1 2 3 4 5 14 7 -7 10 -10 12 13 -6 -12 -1 -5 -9 -18 -15 -16 -13 -2
right_child=21 -3 -4 15 8 6 -8 16 9 -11 11 20 -14 18 19 -17 17 -19 -20 -21 -22 -23
leaf_value=0.0031947372725452216 -0.019354480762084177 0.019131211464666141 0.01553625677715805 0.019273889679367308 -0.020039309635665387 -0.0021094738870818808 -0.0052087824473277975 0.0055903532786959849 -0.0094254146665862047 0.01364634613057132 -0.016290705079282607 -0.0067027108124490748 0.0037931817122088016 -0.0044995499223372286 -0.021112827118925974 -0.0012612430576179083 0.0068674705249389748 0.032873950514401132 0.0080093915524404296 -0.0040569419052199672 -0.021066611983333032 -0.0053254816721989865
leaf_weight=9.4744108319282532 6.0647208988666517 7.4660681784152976 9.7289652675390226 8.2118133902549726 20.066318035125736 7.6184741407632854 7.5656951814889899 10.469541102647785 6.4855152666568783 11.132158398628233 6.1431774497032086 8.1908499300479871 5.5258457213640204 12.85439410805701 6.7008346617221832 6.0655639320611945 5.7149857580661791 7.9910819679498619 30.380697295069712 7.0864824950695038 7.2921664714813224 5.1136226803064346
leaf_count=33 25 24 33 28 74 27 27 36 24 39 23 29 20 47 24 21 20 27 108 25 27 20
internal_value=6.86852e-05 0.00102319 0.000157273 -0.000737917 -0.00183075 0.00285549 0.00885995 0.0124718 -0.00460286 0.00476606 -0.00654087 -0.00295251 -0.0147468 0.00106615 -0.00698325 0.010879 0.0171553 0.0241718 0.00413002 -0.0139971 -0.0150843 -0.0147994
internal_weight=213.343 202.165 194.699 184.97 170.693 62.6215 39.3598 31.7941 108.071 17.6177 90.4534 64.8613 25.5922 49.3783 23.2617 14.2774 24.1756 13.7061 43.2351 13.7873 15.483 11.1783
internal_count=761 716 692 659 610 219 137 110 391 63 328 234 94 178 82 49 83 47 155 49 56 45
is_linear=0
shrinkage=0.03


Tree=41
num_leaves=26
num_cat=0
split_feature=48 29 38 36 8 38 10 26 46 43 37 42 36 61 49 24 57 28 54 28 53 34 29 42 52
split_gain=12.3613 3.78248 3.20324 3.75926 4.66987 3.73242 3.70445 3.96549 3.22824 2.78112 3.03698 2.76869 3.82567 2.70681 2.05985 2.99804 1.53823 1.39172 1.69727 1.29024 1.23725 1.44634 0.783008 0.333168 0.106793
threshold=0.15158351781853721 0.2783156969795369 -0.054775422626605112 1.2394792311585847 -0.037043477603920218 -0.70315467995327052 0.44013605461014532 -0.64949163480469185 -0.51186306251671632 0.69280249044394682 -0.68129960373286691 -0.58954119831558549 0.23948339139801147 510.50000000000006 -0.40961508875463648 0.21938068734351482 -0.6201896622491444 1.0000000180025095e-35 0.051708080160274623 1.0000000180025095e-35 1.0000000180025095e-35 0.8151319389642887 0.2783156969795369 -0.16438995271675999 0.50774739739816754
decision_type=2 2 2 2 2 2 2 2 2 2 2 2 2 2 2 2 2 2 2 2 2 2 2 2 2
left_child=2 13 5 4 6 8 11 -8 -1 -5 -11 19 -13 -2 15 -15 -7 24 -19 -4 -16 -22 -18 -9 -3
right_child=1 17 3 9 -6 16 7 23 -10 10 -12 12 -14 14 20 -17 22 18 -20 -21 21 -23 -24 -25 -26
leaf_value=0.022869446191201188 0.0092499384522371896 -0.022045243161778517 0.0088696174997664676 -0.012885574694542098 -0.0088483401286230546 0.0023233201390355572 0.0044000723091567415 0.040077800150649011 -0.0029087395167167068 -0.0046321171841049065 0.019428959607790473 0 0.025188010180931811 0.013481117554558036 -0.0183819723341004 -0.0096847657409513243 -0.01826144478147276 0.0049510885704743667 -0.014342754313009453 -0.0066820398046836781 0.0020485303748539177 -0.012545735101083554 -0.0036992619645889999 0.018418225190746328 -0.01094258822637448
leaf_weight=7.09104323387146 11.334590911865233 16.694477051496509 6.5019778907299068 9.255872309207918 6.9144077301025382 7.4542807042598715 7.3919198215007809 8.163057953119278 7.5790188014507276 8.8507698476314527 7.0904468297958365 9.0300073027610797 12.666949808597563 8.6660975217819232 10.851888045668604 8.3161241412162763 9.4573624432086998 5.9995720982551557 7.2981922030448914 10.416798695921896 10.752159625291826 10.288921162486075 7.8843575716018668 7.180435270071027 9.240593880414961
leaf_count=21 36 62 20 30 22 24 22 23 25 27 21 28 38 28 38 30 31 20 27 34 36 37 26 21 34
internal_value=0 -0.00795345 0.00593795 0.00893167 0.012525 -0.00107271 0.015183 0.0246861 0.0101462 -0.000735591 0.00647647 0.00872449 0.0154608 -0.00296794 -0.00611155 0.00194692 -0.00813845 -0.0150662 -0.00561296 -0.000144094 -0.0104769 -0.00518173 -0.0127808 0.0328407 -0.0191227
internal_weight=232.371 99.4426 132.929 93.4626 68.2656 39.4661 61.3511 22.7354 14.6701 25.1971 15.9412 38.6157 21.697 60.2098 48.8752 16.9822 24.796 39.2328 13.2978 16.9188 31.893 21.0411 17.3417 15.3435 25.9351
internal_count=761 348 413 286 208 127 186 66 46 78 48 120 66 205 169 58 81 143 47 54 111 73 57 44 96
is_linear=0
shrinkage=0.03


Tree=42
num_leaves=28
num_cat=0
split_feature=48 45 37 47 40 18 29 33 55 46 54 26 39 42 53 55 56 20 19 12 43 43 46 53 45 46 26
split_gain=9.7479 4.45537 3.94507 3.99698 3.13858 4.13415 3.08712 3.02736 3.33048 4.06703 3.28 5.14606 3.62732 5.69467 2.90072 2.80638 5.55782 2.79915 2.34008 1.97849 1.87375 1.78953 1.76072 1.10184 1.04939 0.629533 0.311501
threshold=-0.23612019780310695 1.6160220478699088 0.52898622336554002 -0.56246045932627231 1.2384042901855852 0.78503452265227691 -0.59328202072181935 -1.3923924656664173 -1.0297186655747252 -1.0507958995367035 -0.12043016151029858 -0.6224561280720381 1.1742838077213265 1.0000000180025095e-35 0.29502509991047993 -1.3080528505330136 1.0000000180025095e-35 -0.6468807203076975 0.88698253343489109 -0.51969542582934802 1.0000000180025095e-35 1.0000000180025095e-35 -0.20069528255733368 0.87893693614422552 -0.30835691231678375 -0.63773852973615885 1.0000000180025095e-35
decision_type=2 2 2 2 2 2 2 2 2 2 2 2 2 2 2 2 2 2 2 2 2 2 2 2 2 2 2
left_child=2 7 3 4 5 6 -1 -2 15 -10 11 17 13 20 -6 16 -9 -11 -3 -8 -12 -13 25 -16 -19 -15 -5
right_child=1 18 -4 26 14 -7 19 8 9 10 12 21 -14 22 23 -17 -18 24 -20 -21 -22 -23 -24 -25 -26 -27 -28
leaf_value=-0.0054732061095702994 -0.01390881295673089 0.024191223675181266 0.0083827490155614654 -0.023598266435132423 0 -0.01728625845865174 0.00016783204696000332 -0.012008454356063708 -0.01642909604402161 0.018853387963288653 0.0056849278208736757 -0.021241053343660436 -0.0084852496293570962 0.011987044462487958 -0.026762684682861464 0.022009405376861826 0.017239089828701041 0.0056324956790103752 0.0026284853181527072 0.020892240073872012 -0.010791929023347141 -0.0019710361796810454 0.0055167545358819079 -0.0093410762347632403 -0.0085614068658777989 0.028907957916243805 -0.010760014070389878
leaf_weight=11.597680956125258 8.1035680770874006 12.772489905357363 11.19460669159889 14.491470485925676 11.546663254499437 7.5022292137145987 7.3037678599357614 9.2604695260524768 9.5090214610099775 7.7846139073371914 13.764213383197786 11.629892140626909 9.6527065038681013 8.1968615949153882 8.7676712870597857 12.629537165164946 11.173679083585737 7.3577460050582895 8.2164284884929639 10.424798488616947 8.8748716413974744 8.0810492336750013 8.949509292840963 10.754223316907881 8.1115606725215876 11.898460745811461 9.2109162807464582
leaf_count=32 22 35 30 41 32 21 20 25 26 21 37 32 26 22 25 34 30 20 22 28 24 22 24 30 22 32 26
internal_value=-3.66592e-05 0.00421978 -0.00733642 -0.00942605 -0.005374 0.000451678 0.00580437 0.00233939 0.00340784 0.000861911 0.00270559 -0.00348878 0.00711979 0.0103042 -0.0121667 0.01158 0.00379618 0.00576269 0.0167553 0.0133454 -0.000794932 -0.0143217 0.0187661 -0.0188022 -0.00155559 0.0235958 -0.0197847
internal_weight=278.761 175.967 102.794 91.5994 67.897 36.8285 29.3262 154.978 146.874 113.811 104.301 42.9649 61.3366 51.6839 31.0686 33.0637 20.4341 23.2539 20.9889 17.7286 22.6391 19.7109 29.0448 19.5219 15.4693 20.0953 23.7024
internal_count=761 476 285 255 188 101 80 419 397 308 282 117 165 139 87 89 55 63 57 48 61 54 78 55 42 54 67
is_linear=0
shrinkage=0.03


Tree=43
num_leaves=20
num_cat=0
split_feature=47 42 28 34 23 49 40 4 13 20 58 47 32 53 20 54 25 47 50
split_gain=3.19925 2.87087 2.82055 2.92943 3.04942 3.30436 3.70837 3.2875 3.08647 2.46562 2.44379 2.25674 2.1195 2.07417 1.92839 3.56208 2.20337 0.812688 0.280756
threshold=1.5185049333955656 1.7487906524779555 1.5267181992899761 -1.6779515226147035 -0.85049253241068878 1.0000000180025095e-35 -0.61792050640738194 1.0000000180025095e-35 -0.32679747344585919 0.40978947696444162 1.505492504350302 -1.0514625921382115 1.0224113708043954 -1.0000000180025095e-35 -0.6468807203076975 -0.69114165035399855 0.61505641030896208 -0.71599452928461738 -0.24172548153163614
decision_type=2 2 2 2 2 2 2 2 2 2 2 2 2 2 2 2 2 2 2
left_child=1 2 3 -1 5 6 -5 10 -8 -9 12 -4 14 -11 15 -6 -16 -12 -2
right_child=18 -3 11 4 7 -7 8 9 -10 13 17 -13 -14 -15 16 -17 -18 -19 -20
leaf_value=-0.019981448455124454 -0.019192846597901842 0.015791274303855268 0.024141069411314633 -0.0014452474605389678 0.016585057124973941 -0.0076418663776624497 0.0030956258528676726 -0.0025607356699678461 0.029233437355743574 0.0013928993737380147 0 0.00062110924758212603 0.0073508051482813735 0.026339405377884925 -0.013725840096739673 -0.0061108497598752025 0.00083695389358475392 0.014418116813769919 -0.005123587468634355
leaf_weight=5.4872867017984381 5.9825887978076935 9.6710815429687482 6.0708027780055991 10.726022660732271 6.112350031733512 8.7151933610439283 7.5249659121036556 10.304944813251497 10.694617465138434 6.0242464244365692 5.701291635632515 8.3547460883855802 8.198661193251608 6.3333633691072446 44.183878272771842 31.652122005820267 10.592061236500738 5.7932920008897764 5.0675462335348112
leaf_count=20 25 33 20 37 21 31 26 37 36 21 20 29 29 21 161 116 38 20 20
internal_value=6.84597e-05 0.00100156 0.000111119 -0.000931996 -0.000124777 0.00721884 0.0120464 -0.00227583 0.019799 0.00772175 -0.00442254 0.0122375 -0.00596614 0.0160783 -0.00730819 -0.00179135 -0.010856 0.00777101 -0.0146024
internal_weight=213.191 202.141 192.47 178.044 172.557 37.6608 28.9456 134.896 18.2196 22.6626 112.234 14.4255 100.739 12.3576 92.5404 37.7645 54.7759 11.4946 11.0501
internal_count=761 716 683 634 614 130 99 484 62 79 405 49 365 42 336 137 199 40 45
is_linear=0
shrinkage=0.03


Tree=44
num_leaves=28
num_cat=0
split_feature=47 29 28 12 38 12 32 19 59 51 55 33 31 54 19 50 49 10 54 26 38 28 54 30 39 59 52
split_gain=11.7659 3.67006 3.15302 4.36428 3.7622 3.02876 2.60356 2.79203 2.56924 2.34638 2.19377 2.05794 3.32471 2.71191 3.47699 2.37888 2.18038 1.94439 1.92401 1.61974 1.60503 1.36638 1.64325 1.36124 1.28902 0.195456 0.111453
threshold=0.093808829164217136 0.2783156969795369 -0.40430542895324534 -0.47135451381469029 1.0000000180025095e-35 -0.66934048716326322 1.0224113708043954 1.1124125102050202 -0.70923312242722125 -0.21441029684291832 -0.80564337198102109 -0.32352019727641151 -0.22397815505362784 -0.75067898473360717 -0.57831231557094864 -0.24172548153163614 -0.24052526909514185 0.49875197085713802 0.76218826173281606 -0.64949163480469185 0.074900428838727939 1.0000000180025095e-35 0.051708080160274623 1.0912150410371158 -0.6790407202439851 0.30767955994134294 0.50774739739816754
decision_type=2 2 2 2 2 2 2 2 2 2 2 2 2 2 2 2 2 2 2 2 2 2 2 2 2 2 2
left_child=2 6 3 8 17 -6 7 10 -1 -8 -2 15 13 16 -15 -7 -13 19 20 -4 -12 26 -23 -14 -5 -10 -3
right_child=1 21 4 24 5 11 9 -9 25 -11 18 12 23 14 -16 -17 -18 -19 -20 -21 -22 22 -24 -25 -26 -27 -28
leaf_value=0.0035134487395871508 0.0086907608189372709 -0.021826169850526839 -0.019910352368290699 -0.0087296281211676988 -0.011176100293779764 0.025071650452575572 0.0015107331899015756 0.013965986873619151 0.033622650073641298 -0.02012084249051237 -0.018977465342316042 -0.0071618896469934114 -0.014142248215981996 0.032562257553942139 0.004479752396423578 0.0018676746600080883 0.013126474486280109 0.005919512825441656 0.0056222809503190451 -0.0016738851708141562 -0.00079692355067212709 0.0048771396931613807 -0.014131376222502587 0.0023299723560629595 0.0080414031667640495 0.015673857122313926 -0.010743285220872785
leaf_weight=6.8690991401672372 8.5565388649702054 16.437412306666378 8.9972709119319951 6.7453014254570007 6.5057817995548239 10.469653040170671 6.1009154915809658 9.8391163647174817 7.8810711205005646 10.624463424086569 10.976891130208974 10.385695755481718 7.8528023660182935 6.7051602005958584 9.9420969784259814 7.2318740189075461 6.4008571505546561 6.2640474438667288 5.8943414390087119 9.4018581807613373 8.0445047318935377 6.009131193161009 7.2205783575773239 7.0195227563381195 6.7235637009143812 7.7217725813388824 9.1615623235702497
leaf_count=21 29 62 31 21 21 31 22 31 23 39 37 33 25 20 30 22 20 19 20 31 27 20 27 21 21 23 34
internal_value=0 -0.00779331 0.00577753 0.0132345 0.00279948 0.00626288 -0.00288484 0.000958417 0.0209145 -0.0124262 -0.00312859 0.0082807 0.00463002 0.00981922 0.017878 0.0167907 0.000688285 -0.00692934 -0.00767773 -0.0117218 -0.0122012 -0.0148444 -0.00547266 -0.00649996 0 0.0272444 -0.0188954
internal_weight=231.983 98.8655 133.117 35.9408 97.1766 72.5134 60.0368 43.3114 22.4719 16.7254 33.4723 66.0077 48.3061 33.4338 16.6473 17.7015 16.7866 24.6632 24.9157 18.3991 19.0214 38.8287 13.2297 14.8723 13.4689 15.6028 25.599
internal_count=761 348 413 109 304 223 205 144 67 61 113 202 149 103 50 53 53 81 84 62 64 143 47 46 42 46 96
is_linear=0
shrinkage=0.03


Tree=45
num_leaves=28
num_cat=0
split_feature=48 45 37 47 61 18 40 61 24 42 4 45 30 40 5 55 42 37 47 52 56 57 45 45 12 38 28
split_gain=9.24584 4.26654 3.80168 3.9002 5.3625 2.83962 2.69881 2.98253 2.67205 4.87575 3.65594 4.30617 3.12711 2.52409 2.48564 2.28676 2.04554 2.11616 2.02493 1.96097 1.71465 1.56181 1.45456 1.13279 1.08073 0.7176 0.153782
threshold=-0.23612019780310695 1.6160220478699088 0.52898622336554002 -0.56246045932627231 320.00000000000006 0.77080752211597015 1.2384042901855852 687.00000000000011 -0.34545301080965352 -0.58954119831558549 -0.10898566206616295 -0.14551305398024067 -0.63439658799460652 0.42626219167616192 -0.21398981176517504 -0.50210356269897893 1.0000000180025095e-35 0.29365286809640545 0.89600330362303959 0.50774739739816754 1.0000000180025095e-35 -0.6201896622491444 -0.51229166710455898 -0.34203120199291498 -0.43770186835368469 1.0000000180025095e-35 -0.40430542895324534
decision_type=2 2 2 2 2 2 2 2 2 2 2 2 2 2 2 2 2 2 2 2 2 2 2 2 2 2 2
left_child=2 5 3 4 21 8 7 -6 9 23 11 12 -10 -9 26 -3 -12 -18 19 -13 -16 -1 -14 -2 -23 -5 -11
right_child=1 15 -4 25 6 -7 -8 13 10 14 16 18 22 -15 20 -17 17 -19 -20 -21 -22 24 -24 -25 -26 -27 -28
leaf_value=-0.0020082089877409815 0.016441828418666638 0.028400098677887016 0.0082531193453919422 -0.0094508400643402383 0.017562323400034788 -0.014257878487663812 -0.0091419227197372215 0.0093869430467335407 -0.0091653435016607453 -0.022008734299604392 -0.012404956229228834 0.027761192926207112 0.00057719963069034546 -0.012742795794766596 -0.010352138836209817 0.006870832396078763 -0.0057106028172616554 0.014246587454830746 0.0044000481414940293 0.0072820798875995359 0.0057293645875416549 -0.024183132539887964 0.017648019814564323 0.0016590039991098158 -0.0068901259331067364 -0.024217569020719656 -0.0090588862075749125
leaf_weight=7.8997224271297481 9.2649094760417956 7.6513330638408688 11.195687711238859 9.4058301150798815 11.837470054626467 7.2625575363636008 11.83340263366699 7.7982245683670026 12.503193765878679 7.3210278749465942 10.373013585805895 15.993479490280153 9.9989896416664141 7.6397466063499451 9.1425032317638415 13.262504577636717 8.5484690070152265 7.4081106483936301 10.391587138175963 8.5489198565483075 11.819532245397566 12.983886957168583 8.1933993101119977 10.701424330472944 7.7279018461704228 14.176578134298323 7.3255005776882154
leaf_count=22 25 21 30 26 32 20 33 21 34 20 28 43 27 21 25 36 23 20 28 23 32 37 22 29 22 41 20
internal_value=-4.67438e-05 0.00409924 -0.0071684 -0.0092269 -0.00522337 0.00225916 0.00190008 0.00712597 0.00324781 -0.00183464 0.0063637 0.0101074 0.00153321 -0.00136876 -0.00846029 0.0163885 -0.00279403 0.00363916 0.0171033 0.0216884 -0.00124032 -0.0147692 0.00932881 0.00946771 -0.018902 -0.0194845 -0.0173467
internal_weight=278.209 175.71 102.498 91.3028 67.7204 154.797 39.1088 27.2754 147.534 55.5749 91.9592 65.6296 30.6956 15.438 35.6086 20.9138 26.3296 15.9566 34.934 24.5424 20.962 28.6115 18.1924 19.9663 20.7118 23.5824 14.6465
internal_count=761 476 285 255 188 419 107 74 399 151 248 177 83 42 97 57 71 43 94 66 57 81 49 54 59 67 40
is_linear=0
shrinkage=0.03


Tree=46
num_leaves=25
num_cat=0
split_feature=41 55 37 61 58 54 30 29 52 57 38 55 55 42 45 54 42 46 9 30 33 46 36 38
split_gain=3.17167 3.23993 2.87018 3.05345 2.79842 2.93563 2.68839 2.37632 2.2594 2.19515 1.99292 1.88812 4.23809 2.72484 6.05624 2.12135 4.04908 1.90354 1.65474 1.43185 1.04978 0.500998 0.235899 0.167809
threshold=-1.3430560306564756 -0.53880428718843609 0.70548623981739111 199.00000000000003 -0.96275840224340647 1.6844854917555547 -0.85009804162357205 1.0000000180025095e-35 1.084027441275879 1.0000000180025095e-35 -1.027344308616603 -0.17358438522942884 0.19896285774405775 -0.16438995271675999 -0.14999457116877341 -0.73431547400488184 0.44676496283155193 -0.32569415392319057 -0.81577030961701735 -0.74224731480908934 1.0000000180025095e-35 -0.070313493000996569 -0.21051473649424632 -0.70315467995327052
decision_type=2 2 2 2 2 2 2 2 2 2 2 2 2 2 2 2 2 2 2 2 2 2 2 2
left_child=1 -1 4 -4 7 6 23 -2 11 10 20 15 22 14 -14 -8 17 -17 -15 -11 -5 -3 -13 -6
right_child=2 21 3 9 5 -7 8 -9 -10 19 -12 12 13 18 -16 16 -18 -19 -20 -21 -22 -23 -24 -25
leaf_value=-0.0056874456697633604 -0.019207647135620058 0.0070270208995388151 -0.012071620668272191 -0.0030524691337787714 -0.0065903248263657873 0.014133613046075034 0.017413737074202663 0.00041479758046391343 -0.013952076212789174 0.0072083331851731901 0.02257212998212316 -0.021032711958906637 -0.00080367707447989505 -0.015235451077144854 0.029444478071934652 -0.017627997602741585 0.017552869393963576 0.0032201023500064022 0 -0.011339534027918421 0.011849263822356019 0.022424602131187164 -0.0069309062345632904 -0.019978236969424062
leaf_weight=6.5127504914999035 14.567067191004755 6.3784206211566952 5.9104214608669272 6.6133033186197263 5.3862819522619247 8.6108980476856214 9.2259046286344546 7.498950168490409 9.4450988769531232 6.4076854437589645 11.147748157382013 7.4378504306077957 18.730779647827152 7.7964350581169084 6.9495944082736889 7.3996030092239407 6.6869194805622092 5.6300137341022483 21.594667986035361 5.477400064468382 6.9913724511861801 9.0696240067481941 5.4523504227399808 6.0271292477846128
leaf_count=24 57 21 22 23 20 29 31 27 35 22 38 28 67 28 23 28 24 20 79 20 24 28 20 23
internal_value=8.08298e-05 0.0105201 -0.00116099 0.00553403 -0.00315619 -0.00131662 -0.00266021 -0.0126826 -0.00101533 0.00889461 0.013764 0.000378081 -0.00229414 0.00135791 0.0083345 0.00665384 0.000461014 -0.00880428 -0.00465234 -0.00120427 0.00462446 0.0176057 -0.016829 -0.0156242
internal_weight=212.948 21.9608 190.987 42.5479 148.44 126.374 117.763 22.066 106.349 36.6375 24.7524 96.9041 67.9617 55.0715 25.6804 28.9424 19.7165 13.0296 29.3911 11.8851 13.6047 15.448 12.8902 11.4134
internal_count=761 73 688 149 539 455 426 84 383 127 85 348 245 197 90 103 72 48 107 42 47 49 48 43
is_linear=0
shrinkage=0.03


Tree=47
num_leaves=28
num_cat=0
split_feature=11 45 23 44 44 31 42 50 16 55 51 39 31 26 50 61 25 53 16 37 32 25 28 58 47 31 55
split_gain=11.3886 7.2083 4.44816 3.50517 3.31661 2.94571 5.79183 2.9203 5.88505 3.05873 2.69527 5.98729 2.61294 2.56309 2.76783 2.2208 1.84522 1.66409 1.52325 1.33469 1.63541 1.98188 1.32356 0.736539 0.446032 0.254071 0.252834
threshold=0.14046147751294638 -0.43728818811547238 -0.85049253241068878 -0.36830397523384001 -0.15291160239775742 1.1005760086238146 0.89848816128030418 0.783558818211468 0.71146498912636069 1.1457622236790719 -1.0000000180025095e-35 -0.56157648959829631 -0.41664057886125572 0.54007066143206039 -0.24172548153163614 510.50000000000006 1.4902284672010844 -1.0000000180025095e-35 0.27892725933834966 0.70548623981739111 0.78407086672816351 -0.33967674266426257 1.0000000180025095e-35 -1.0000000180025095e-35 0.88951439222160678 1.0000000180025095e-35 -0.34830597638418354
decision_type=2 2 2 2 2 2 2 2 2 2 2 2 2 2 2 2 2 2 2 2 2 2 2 2 2 2 2
left_child=1 2 16 19 -5 15 -7 8 10 -9 11 -2 -12 14 17 -6 26 -4 24 20 21 -3 -10 -19 -17 -13 -1
right_child=7 3 13 4 5 6 -8 9 22 -11 12 25 -14 -15 -16 18 -18 23 -20 -21 -22 -23 -24 -25 -26 -27 -28
leaf_value=-0.0053891902805854285 -0.0029010089259910803 0.0050289369952770018 0.02858440381783757 0.012716104128019887 9.5533217168293275e-06 0.02138948753240634 -0.013537296613220767 -0.015328831742074771 0.038301505681115636 0.010594220151109503 0.0068078612112608423 0.013375906709705209 -0.015557775604697599 -0.0055087531058187703 -0.00090118292607968586 -0.023750308933816005 0.0038494780087973907 0.015471863712730963 -0.002553283627086273 -0.021370607345440527 -0.020569630350710074 -0.013305196495795209 0.013839854857360979 0.0015616217854739901 -0.0079302262371889441 0.031252693758850827 -0.0180993789743174
leaf_weight=5.9557354748249063 11.776927858591078 9.6966850161552465 8.3136900067329389 7.5653473883867255 10.236840575933455 7.1207270026206952 6.8959956616163254 6.5597157478332502 7.1009844839572889 6.7152084410190582 9.3601293563842791 6.9425875842571241 6.6564257144928005 6.9806636273860923 8.646677225828169 12.836926937103277 7.0714408159255973 8.5261701047420466 7.3442735671997061 20.104701831936836 6.8335092514753333 8.3353601843118668 7.459013968706131 7.3859281241893813 5.6418436914682379 6.833896815776825 6.6918229311704645
leaf_count=20 37 33 25 26 33 24 26 21 20 20 29 21 21 22 27 45 23 26 24 75 26 29 22 23 20 20 23
internal_value=0 -0.00436862 0.00380214 -0.00915627 -0.00394987 -0.00688062 0.00417188 0.0100249 0.0129677 -0.00206514 0.0065453 0.012378 -0.00268098 0.00951939 0.0129864 -0.0113316 -0.00732606 0.0179399 -0.0158008 -0.0153577 -0.00932926 -0.00350982 0.0286066 0.0100505 -0.0201786 0.0248345 -0.0137442
internal_weight=231.589 162.184 59.5721 102.612 57.642 50.0766 14.0167 69.4049 56.13 13.2749 41.57 25.5534 16.0166 39.8531 32.8725 36.0599 19.719 24.2258 25.823 44.9703 24.8656 18.032 14.56 15.9121 18.4788 13.7765 12.6476
internal_count=761 550 189 361 198 172 50 211 170 41 128 78 50 123 101 122 66 74 89 163 88 62 42 49 65 41 43
is_linear=0
shrinkage=0.03


Tree=48
num_leaves=29
num_cat=0
split_feature=14 45 29 39 32 45 45 60 19 26 43 45 27 51 54 34 55 20 12 47 44 25 39 30 34 61 28 46
split_gain=8.5497 6.3199 4.07699 3.75997 3.20613 2.36038 4.68372 2.35091 2.2647 2.17375 2.17254 3.69191 2.5386 2.44837 2.9932 2.17243 3.33327 2.10481 2.22767 1.96143 1.93022 1.92779 1.83907 1.79695 1.77543 1.12601 1.10482 0.0879282
threshold=0.15264902617666562 -0.10772767767034561 0.2783156969795369 0.22357915734920233 -0.7623710085571539 0.60074469712666201 1.6160220478699088 552.50000000000011 0.88698253343489109 -0.6224561280720381 0.45178027999793652 -0.71603412748288531 -0.3156319238547855 -0.21441029684291832 -0.40879650533414352 0.48709464138810549 -0.051296828995173127 -0.6468807203076975 -0.47021547761602694 -0.53826435508248516 0.70865788894657311 0.93330079463337035 -0.091719567015541403 -0.63439658799460652 -0.30019487279473439 362.50000000000006 0.15890979595102742 -0.58457863602347115
decision_type=2 2 2 2 2 2 2 2 2 2 2 2 2 2 2 2 2 2 2 2 2 2 2 2 2 2 2 2
left_child=1 3 7 10 -3 20 15 -2 -8 -4 11 13 23 -1 21 -7 -17 25 24 -12 22 -15 -6 -13 -19 -9 -5 -24
right_child=2 4 9 26 5 6 8 17 -10 -11 19 12 -14 14 -16 16 -18 18 -20 -21 -22 -23 27 -25 -26 -27 -28 -29
leaf_value=0.0090955625719442938 -0.025476606812700937 -0.0069757698483308506 0.015172550919914086 -0.020297629849185816 0.0047858821615250104 0.0064038639702414376 0.023449778228207974 -0.023795603754413457 0.0022742905556516037 -0.0057310244044048945 0.00041731955712151481 -0.0048143228521179545 0.019653309642725169 -0.0046984588100790177 0.0066221589017387674 -0.020149426130882435 0.004139952961141528 -0.016357385150262797 0.0054020372099773881 -0.018180205077420002 0.00077584891093189815 -0.025184850463099265 0.013760698072410487 0.012673261517932499 0.00027691859802795275 -0.0059380282170406248 -0.0035215414536459906 0.026826238956896866
leaf_weight=8.4918709397315961 9.2800480127334577 9.5568297803401929 7.4032159447669983 9.9093295037746447 8.5142293870449084 14.467078149318697 12.652360409498216 9.3409924805164355 8.2083135545253736 7.2959355115890485 9.7916384637355822 11.088496118783953 13.293917417526243 11.196005791425707 7.3093879520893124 8.8815243840217608 8.4990738630294782 12.441534310579295 12.54380312561989 7.8318279087543479 7.3921257853507987 7.3032023608684531 9.2793125510215777 7.4257294833660152 8.5939323902130145 7.9007228016853324 7.6469675898551932 14.106310755014418
leaf_count=23 26 26 20 27 23 39 35 27 22 20 27 30 36 31 20 24 23 35 35 22 20 20 25 20 24 22 21 38
internal_value=-4.89165e-05 0.00312943 -0.00863878 -0.0021171 0.00837496 0.0101201 0.00554184 -0.0120747 0.0160974 0.00485672 0.000541815 0.00312271 0.0103057 -0.00352342 -0.00816673 -0.00160536 -0.00856891 -0.00885259 -0.00391646 -0.00831138 0.0156848 -0.0143685 0.01877 0.002324 -0.00972919 -0.017063 -0.0141577 0.0230249
internal_weight=277.646 202.846 74.8002 101.288 101.557 92.0003 52.7084 60.101 20.8607 14.6992 83.7321 66.1086 31.8081 34.3005 25.8086 31.8477 17.3806 50.821 33.5793 17.6235 39.292 18.4992 31.8999 18.5142 21.0355 17.2417 17.5563 23.3856
internal_count=761 552 209 277 275 249 143 169 57 40 229 180 86 94 71 86 47 143 94 49 106 51 86 50 59 49 48 63
is_linear=0
shrinkage=0.03


Tree=49
num_leaves=19
num_cat=0
split_feature=47 31 37 33 25 50 14 12 46 32 16 18 0 18 5 35 46 46
split_gain=3.00764 3.15204 2.96537 2.16933 4.63858 4.36757 3.12667 2.62245 3.62555 3.06095 4.46624 2.70851 2.45317 5.52394 1.30361 1.16049 0.309159 0.110199
threshold=1.5185049333955656 1.7026460830226522 1.739272050463947 1.5264510364755222 0.93330079463337035 0.10003595171606518 0.017750279814385629 -0.67334834590559145 0.060831861178535167 -1.2469703058815851 0.52955904835422341 0.77005856359550562 -0.21313792115549243 0.34418603201326958 -1.0731540113804801 1.0000000180025095e-35 -0.74330050071102305 -0.52372487981440774
decision_type=2 2 2 2 2 2 2 2 2 2 2 2 2 2 2 2 2 2
left_child=1 2 3 4 7 6 17 8 -1 10 -9 12 13 -11 -14 -5 -2 -6
right_child=16 -3 -4 15 5 -7 -8 9 -10 11 -12 -13 14 -15 -16 -17 -18 -19
leaf_value=-0.0054339385343694256 -0.0047024051369546479 0.018271646386850131 0.015093429564350972 -0.020080057393132424 0.014568021693112162 -0.0086574025708877813 0.0010566230305438153 0.024686979015440935 0.018463700021679963 -0.0068499463036133402 -0.0078907828935073331 0.0082645522999075342 0 0.015916540579157035 -0.017092979132276698 -0.0019083069290173427 -0.018969059804764914 0.033294269045515641
leaf_weight=9.0291181802749652 4.9722838252782822 7.5723175406455985 9.7924511730670911 6.0848404914140684 6.4140644967556035 5.9318933933973303 7.1467481404542914 6.5135335624217969 10.957886397838591 64.849415048956857 5.7535906434059143 10.591755107045172 5.5967652648687389 9.6502592116594297 22.618333339691176 7.4442156404256821 5.8577274829149228 5.9539450407028216
leaf_count=32 20 24 33 23 22 21 25 21 37 238 21 38 19 33 83 26 25 20
internal_value=8.23422e-05 0.000981532 0.000142362 -0.000734068 0.000190189 0.0116624 0.0183015 -0.00187305 0.00776302 -0.00352753 0.00977644 -0.00512906 -0.00666684 -0.00356602 -0.0140591 -0.0116689 -0.0142745 0.0266416
internal_weight=212.731 201.901 194.329 184.536 171.007 25.4467 19.5148 145.561 19.987 125.574 12.2671 113.307 102.715 74.4997 28.2151 13.5291 10.83 12.368
internal_count=761 716 692 659 610 88 67 522 69 453 42 411 373 271 102 49 45 42
is_linear=0
shrinkage=0.03


Tree=50
num_leaves=25
num_cat=0
split_feature=11 45 54 54 44 44 60 31 25 1 37 25 38 55 36 36 61 60 40 61 37 32 25 44
split_gain=10.8072 6.89535 4.23374 3.75775 3.44198 3.19349 3.41573 4.68858 3.04732 2.76283 5.10004 2.33857 2.24007 2.2143 3.80341 2.69673 1.79478 1.77959 1.30358 2.13495 1.30313 1.59167 1.91284 0.855475
threshold=0.14046147751294638 -0.43728818811547238 -0.78366226898675795 0.19564427886951188 -0.36830397523384001 -0.15291160239775742 320.00000000000006 0.91058945181351458 0.93330079463337035 -0.38661228778623574 -0.47958529921646581 1.4902284672010844 -0.70315467995327019 -0.39473215275970147 0.23948339139801147 1.0394800632064702 510.50000000000006 687.00000000000011 -0.45443735670743318 510.50000000000006 0.70548623981739111 0.78407086672816351 -0.33967674266426257 0.70865788894657311
decision_type=2 2 2 2 2 2 2 2 2 2 2 2 2 2 2 2 2 2 2 2 2 2 2 2
left_child=1 2 11 8 20 -6 -7 18 17 10 23 12 -1 -11 -15 -16 -12 -4 -8 -20 21 22 -3 -2
right_child=9 4 3 -5 5 6 7 -9 -10 13 16 -13 -14 14 15 -17 -18 -19 19 -21 -22 -23 -24 -25
leaf_value=0.00036238244225669021 0.033719605503805948 0.0048936789801927701 0.032882471268842868 -0.0045612104680133811 0.012486257638230679 -0.01909803743456686 0.00065879036389468384 0.013570730348419963 -0.0010676281788335692 0.018050430044895455 0.013388158505395844 0.0078219910354759212 -0.020495052089464894 -0.013965577477557478 0.018416926336621117 -0.0017712030495976709 -0.0051142598396797878 0.011507275054530766 0.0010511289991546663 -0.019522829972242327 -0.021154036254087183 -0.020373425823259055 -0.013133765285005343 0.012791600113286106
leaf_weight=7.0379392206668898 9.5256149172782916 9.7231021821498906 7.1001028418540999 10.399720728397368 7.5986955463886252 13.004655212163923 8.129466772079466 10.907635658979414 6.6484872400760642 6.2730202674865714 6.8081609010696402 6.1371998488903037 9.354428842663765 9.9380680322647112 9.0450777709484118 12.064726591110228 9.0753825008869153 12.939549148082733 5.8342316448688551 11.923540383577347 19.815320402383804 6.7297438830137244 8.2754044830799103 6.8700866103172293
leaf_count=23 27 33 21 33 26 48 27 37 21 20 20 20 32 32 27 37 28 39 19 41 75 26 29 20
internal_value=0 -0.00427284 0.00370346 0.00984703 -0.0089816 -0.00382072 -0.00671823 -0.0016094 0.0156184 0.00974317 0.0160451 -0.00614368 -0.0119251 0.00372864 0 0.00726154 0.00294219 0.0211216 -0.00861761 -0.0128964 -0.0151604 -0.00919366 -0.00346004 0.0270929
internal_weight=231.159 161.559 59.6174 37.0879 101.942 57.3982 49.7995 36.7949 26.6881 69.6001 32.2792 22.5296 16.3924 37.3209 31.0479 21.1098 15.8835 20.0397 25.8872 17.7578 44.5436 24.7283 17.9985 16.3957
internal_count=761 550 189 114 361 198 172 124 81 211 95 75 55 116 96 64 48 60 87 60 163 88 62 47
is_linear=0
shrinkage=0.03


Tree=51
num_leaves=29
num_cat=0
split_feature=48 45 38 47 61 4 25 33 55 49 34 39 55 59 55 27 33 43 26 26 19 34 55 53 48 48 31 54
split_gain=8.3476 3.9502 3.60034 3.1664 4.54906 3.77653 3.43626 2.84421 3.20162 3.60579 4.64828 4.34189 2.68512 3.80793 2.2263 1.95732 4.11049 2.69262 2.58747 2.0899 1.87582 1.96235 1.79384 1.5542 0.637617 1.45213 0.332129 0.150774
threshold=-0.23612019780310695 1.6160220478699088 -0.70315467995327052 -0.56246045932627231 320.00000000000006 -0.30349337508761559 0.93330079463337035 -1.3923924656664173 -1.0297186655747252 1.0000000180025095e-35 0.1590573438119223 1.1742838077213265 -1.3080528505330136 0.30767955994134294 -0.50210356269897893 -0.62740593452454241 0.94503150586777152 -0.55247893019377237 -0.00063947322100896015 -0.6224561280720381 0.99969752181995564 0.68391701993381548 0.21523622942042328 0.29502509991047993 -0.42853210527267732 -0.2972951480262353 0.35400911636925597 -0.38483635892847057
decision_type=2 2 2 2 2 2 2 2 2 2 2 2 2 2 2 2 2 2 2 2 2 2 2 2 2 2 2 2
left_child=2 7 -1 4 23 22 -7 -2 12 10 15 20 13 -9 -3 17 18 -10 19 -17 21 -12 -6 -4 -5 -26 -11 -25
right_child=1 14 3 24 5 6 -8 8 9 26 11 -13 -14 -15 -16 16 -18 -19 -20 -21 -22 -23 -24 27 25 -27 -28 -29
leaf_value=0.010592774411008928 -0.013655241603829105 0.027633548023473314 -0.0038420069519227306 -0.023377739736230599 0.0013545800295514793 0.017870837133895805 -0.0055598483868213875 -0.00623381024021449 -0.026019296961327362 0.016289344386626756 0.025293126786895357 -0.011653382370894359 0.021387159235445572 0.018421465382585572 0.0064038576670237442 -0.0040742226316198013 0.01392409278670809 -0.0026330299977428461 0.0021187371038353686 -0.024880753043249552 0 0.0051438608651798393 -0.016346914371078703 -0.023528234151872027 0 -0.018766753736081679 0.0051781454262835131 -0.010403966253041234
leaf_weight=8.178526818752287 8.0783676505088788 7.566707611083987 11.714304566383364 11.479899883270265 8.4524890184402448 14.389638394117361 7.3338907063007346 12.560325354337694 8.3376030921936053 10.032720744609835 10.023422867059713 7.7737965881824485 12.582471728324888 7.8033941984176627 13.203754276037214 10.646018594503401 8.5085832476615888 9.9245894253253919 12.535175561904909 8.2467832565307635 9.2246997058391553 9.9888687133789045 9.1750747263431531 9.2831925749778765 7.159098207950592 6.9915796816349012 8.1616696417331678 7.7677626311779013
leaf_count=22 22 21 33 33 23 39 20 34 23 27 27 21 34 21 36 29 23 27 34 23 25 27 26 27 20 20 22 22
internal_value=-5.88671e-05 0.00388189 -0.00684868 -0.00857613 -0.00487066 0.00166025 0.00985406 0.00211135 0.00315194 0.000653574 -0.00168331 0.00639178 0.0111744 0.00355533 0.0157476 -0.00695064 -0.00282107 -0.0147782 -0.00796454 -0.0146127 0.0117195 0.0165747 -0.0081047 -0.0136427 -0.017389 -0.0103722 0.0123837 -0.0191974
internal_weight=277.124 175.199 101.925 93.7469 68.1164 39.3511 21.7235 154.428 146.35 113.404 95.2095 37.0108 32.9462 20.3637 20.7705 58.1988 39.9366 18.2622 31.428 18.8928 29.237 20.0123 17.6276 28.7653 25.6306 14.1507 18.1944 17.051
internal_count=761 476 285 263 190 108 59 419 397 308 259 100 89 55 57 159 109 50 86 52 79 54 49 82 73 40 49 49
is_linear=0
shrinkage=0.03


Tree=52
num_leaves=20
num_cat=0
split_feature=41 55 58 46 56 44 39 20 52 45 32 40 0 16 40 32 20 45 60
split_gain=2.98833 2.99127 2.7225 2.57104 6.36502 2.2287 2.89462 1.99982 2.24377 2.11782 2.92006 2.19037 2.30848 2.64831 2.42266 1.73629 1.04404 1.00374 0.149976
threshold=-1.3430560306564756 0.087078154532806415 1.505492504350302 -0.76916681869752612 -0.89030891969515213 -0.79908872090600502 -0.24833854120979301 1.2022921249185463 1.0000000180025095e-35 -0.74221020688332262 -0.9619118956907432 1.2384042901855852 0.38378678522271498 0.6145462688333535 -0.22635199462605313 -0.16374834715638595 -0.6468807203076975 0.10163763796185905 687.00000000000011
decision_type=2 2 2 2 2 2 2 2 2 2 2 2 2 2 2 2 2 2 2
left_child=1 -1 3 4 -2 17 -7 9 -9 16 -11 12 13 14 -12 -4 -5 -6 -8
right_child=2 -3 15 7 5 6 18 8 -10 10 11 -13 -14 -15 -16 -17 -18 -19 -20
leaf_value=-0.0008992870493344144 0.02725188595421181 0.019957260767905726 0.018454172243258311 -0.0038100556585978821 -5.4441834859871199e-05 0.0062754994026209855 -0.01995887133801523 0.014866577748837527 -0.005675598376325152 0.012612597539258533 -0.00020657289503982096 0.0064113673323831109 -0.021336783697460712 0.009349478138273035 -0.012280829889432226 0 -0.018928752076217737 0.015836627891285249 -0.0077627057935878152
leaf_weight=10.666390165686609 7.1082842946052542 11.387798905372618 8.3308682739734667 8.5535012930631655 5.7169075459241849 7.5408001989126197 6.1878740042448062 8.4261495769023878 7.5468381941318503 7.5827365964651099 27.593735173344605 11.134326577186583 7.7904304713010779 8.5925222784280759 34.218346089124687 7.9173297286033621 13.239585697650908 5.6018203645944595 7.3558693081140518
leaf_count=38 22 35 28 32 20 26 24 28 26 26 102 39 29 31 130 28 50 20 27
internal_value=9.081e-05 0.0102005 -0.00111928 -0.00227012 0.00427237 -0.00157434 -0.00732586 -0.00425952 0.00516349 -0.00562601 -0.00352567 -0.0051473 -0.00695814 -0.00487175 -0.00711809 0.0100295 -0.0138799 0.00827508 -0.0151682
internal_weight=212.492 22.0542 190.438 174.19 39.5116 32.4033 21.0845 134.678 15.973 118.705 96.9121 89.3294 78.195 70.4046 61.8121 16.2482 21.7931 11.3187 13.5437
internal_count=761 73 688 632 139 117 77 493 54 439 357 331 292 263 232 56 82 40 51
is_linear=0
shrinkage=0.03


Tree=53
num_leaves=25
num_cat=0
split_feature=11 45 23 29 54 50 40 19 11 37 34 36 52 49 24 42 13 55 46 46 43 34 45 42
split_gain=10.2179 6.60553 4.12746 3.42867 3.27771 2.71828 3.006 2.94443 3.82554 2.94274 2.29359 2.25243 1.8753 2.70859 3.73664 1.66084 2.52393 3.50268 1.48587 1.42817 1.62667 1.16785 0.644066 0.628537
threshold=0.14046147751294638 -0.43728818811547238 -0.85049253241068878 1.0000000180025095e-35 0.19564427886951188 0.783558818211468 0.89034339082440361 1.2251274985900851 0.89179530808714835 -0.47958529921646581 -0.49701725134044411 -0.56051328041044668 1.084027441275879 -0.40961508875463648 0.21938068734351482 0.44676496283155193 0.71703228044252698 -0.89471136650679195 -0.35467316455659975 0.029214522416753676 -0.55247893019377237 -1.4155216845537566 -0.13745390613763236 -0.58954119831558549
decision_type=2 2 2 2 2 2 2 2 2 2 2 2 2 2 2 2 2 2 2 2 2 2 2 2
left_child=1 2 21 12 11 7 -7 8 9 -2 -10 -4 13 14 -3 16 17 -5 -13 20 -15 -1 -9 -23
right_child=5 3 4 15 -6 6 -8 22 10 -11 -12 18 -14 19 -16 -17 -18 -19 -20 -21 -22 23 -24 -25
leaf_value=0.0021147508931731876 0.027058414892471797 0.016082100626091927 0.00096452773699841278 -0.015312797086693824 -0.0045119352349420813 -0.015360049394054843 0.010327266370120922 0.010666780059708331 0.0068439390938139066 0.003601003460255007 -0.011710871255443261 0.027434774028350775 0.0092185193254320421 -0.0015066220181591584 -0.011981067980917049 -0.021007626109764782 -0.019819443822247335 0.0089339678104062136 0.0085062478446824418 0 -0.020004325921064783 -0.017711315271497059 0.029406754193787219 -0.0027581854384657713
leaf_weight=6.6369505822658565 9.7813785672187823 8.7110613584518415 9.4392800629138964 7.9107950478792217 10.386023402214049 6.5409344732761365 6.7435482144355774 6.6390213370323172 11.735876232385634 10.51055324077606 9.3255673944950122 9.9997245073318499 7.5754370391368857 7.2494711577892312 5.7511518001556388 20.683822527527809 9.8635919243097288 10.832034438848497 10.231552749872206 8.475732207298277 14.218655794858936 6.780624434351922 8.5459228456020337 6.1756439208984348
leaf_count=22 28 28 29 29 33 21 20 20 36 33 28 30 26 25 21 81 36 36 31 28 51 24 25 20
internal_value=0 -0.00416943 0.0036236 -0.00880385 0.00910099 0.00945244 -0.00218985 0.0122772 0.007428 0.0162678 -0.00133818 0.0140464 -0.00313391 -0.00560423 0.00446923 -0.0143961 -0.00860785 -0.00137983 0.0193861 -0.0106414 -0.0145255 -0.00714087 0.0232686 -0.0120247
internal_weight=230.744 160.922 59.6498 101.272 40.0566 69.8228 13.2845 56.5383 41.3534 20.2919 21.0614 29.6706 51.9815 44.4061 14.4622 49.2902 28.6064 18.7428 20.2313 29.9439 21.4681 19.5932 15.1849 12.9563
internal_count=761 550 189 361 123 211 41 170 125 61 64 90 179 153 49 182 101 65 61 104 76 66 45 44
is_linear=0
shrinkage=0.03


Tree=54
num_leaves=26
num_cat=0
split_feature=14 45 49 39 58 20 16 55 14 55 40 44 28 60 1 26 54 39 45 29 40 39 45 28 52
split_gain=7.71915 5.83034 3.84068 3.64687 3.11713 3.79173 3.74307 2.77894 2.36442 2.22763 1.98109 4.23242 2.69615 2.50669 2.97872 1.92603 1.79914 2.28466 2.3628 3.13962 1.57977 1.39452 1.13326 1.06973 0.443903
threshold=0.15264902617666562 -0.10772767767034561 0.77401364886182622 0.22357915734920233 1.0000000180025095e-35 0.93812457560051132 0.68519846865430689 -0.97223108456937812 -1.6613191533769898 -0.80564337198102109 -1.0820017055556235 0.25094909666989745 -0.72614270032711548 457.50000000000006 -0.32941526526632553 -0.21692352708223653 1.6432919143461486 0.14320889427583636 0.55840968079555708 1.0000000180025095e-35 0.89034339082440361 0.61306581685859129 0.64179879183073041 0.15890979595102742 -1.0000000180025095e-35
decision_type=2 2 2 2 2 2 2 2 2 2 2 2 2 2 2 2 2 2 2 2 2 2 2 2 2
left_child=1 3 4 10 6 -6 -2 22 -9 -10 12 13 -1 -12 -15 -13 17 -11 21 -20 -4 -19 -3 -5 -16
right_child=2 7 20 23 5 -7 -8 8 9 16 11 15 -14 14 24 -17 -18 18 19 -21 -22 -23 -24 -25 -26
leaf_value=0.0046583067606350169 0.010934947970919066 0.023600967372561479 0.012174608336516093 -0.020019730283396556 -0.020954281374405435 3.3514173940099992e-05 -0.01466831938773676 0.017645846246125866 -0.010434492616753612 -0.0032333238334127691 -0.0022015364163544648 -0.014026501153690904 -0.017423980135833447 0.00015347232689029907 0.024782255289557006 0.0020631619976297102 -0.0069362282539070716 0.027885332438663708 -0.0058578452741196328 0.014576665890866003 -0.0051522460773301554 0.0080895114228222396 0.0065160427147645493 -0.0034662766146011667 0.010004295730184834
leaf_weight=7.3585333228111294 9.5276583731174487 11.836563259363176 8.7081957161426526 9.8763301372528094 31.565911948680878 9.3696261644363386 8.0752827823162061 10.545577704906462 8.0940496921539289 13.197582602500914 12.38825812935829 12.926703184843065 9.8401506841182691 11.255190491676329 10.808254659175875 10.820057451725004 8.1198949515819532 7.4507938027381924 12.89092865586281 11.071283429861067 7.0614281296730033 9.5935086011886579 8.3966470658779127 7.6252615749835959 8.0889444947242755
leaf_count=20 26 32 24 27 90 26 23 29 22 36 34 36 27 31 29 30 22 20 35 30 20 26 23 21 22
internal_value=-6.75737e-05 0.0029527 -0.00826039 -0.00209104 -0.0117654 -0.0161777 -0.00072588 0.00800146 0.00522027 0.00294679 0.000530396 0.00297107 -0.00803932 0.00859068 0.0131085 -0.00677069 0.00498303 0.00701497 0.0104522 0.00365041 0.00429484 0.0186223 0.017726 -0.0139663 0.0199516
internal_weight=276.493 202.185 74.3081 100.988 58.5385 40.9355 17.6029 101.197 80.9636 70.418 83.4861 66.2874 17.1987 42.5406 30.1524 23.7468 62.324 54.2041 41.0065 23.9622 15.7696 17.0443 20.2332 17.5016 18.8972
internal_count=761 552 209 277 165 116 49 275 220 191 229 182 47 116 82 66 169 147 111 65 44 46 55 48 51
is_linear=0
shrinkage=0.03


Tree=55
num_leaves=24
num_cat=0
split_feature=41 56 37 61 58 54 54 29 27 55 46 40 45 46 25 42 50 24 60 55 46 47 61
split_gain=2.8697 2.93798 2.63732 2.9124 2.65055 2.79553 2.50572 2.35146 2.35089 3.15735 2.31755 3.23384 2.24632 2.09638 2.02872 2.87279 3.73242 2.95999 1.93074 1.3554 0.695806 0.539482 0.313046
threshold=-1.3430560306564756 -0.89030891969515213 0.70548623981739111 199.00000000000003 -0.96275840224340647 1.6844854917555547 0.76561340529849187 -0.26643287658381098 1.0000000180025095e-35 -0.95850727743981612 -1.036594931419027 -0.61792050640738194 0.78681168345460384 -0.67971317032493261 -0.9761655113130786 1.0000000180025095e-35 -0.58348691477933745 0.21938068734351482 552.50000000000011 0.087078154532806415 -0.66862960657867598 0.18665815936935434 430.50000000000006
decision_type=2 2 2 2 2 2 2 2 2 2 2 2 2 2 2 2 2 2 2 2 2 2 2
left_child=1 -1 4 -4 7 6 10 -2 9 18 -6 20 22 -11 -13 16 -16 -17 -5 -3 -12 -9 -8
right_child=2 19 3 8 5 -7 12 21 -10 13 11 14 -14 -15 15 17 -18 -19 -20 -21 -22 -23 -24
leaf_value=-0.0046010887947123321 -0.021825205684534187 0.003963611923758938 -0.011939500530017556 -0.0081853069054342725 0.015347858882955907 0.01381599760917104 -0.0070021978331466063 0.0037304857954901741 -0.0072397677695478667 0.030416864093925265 -0.0039932470206983286 0.014460541385219966 0.000496360494907917 0.0057536650860395581 0.023493585888627912 -0.016395535416837064 -2.3113153787253067e-05 0.0043105441156469229 0.01083393968392435 0.024183630984261274 -0.020634341836564946 -0.0076689037866178866 -0.02166772503535061
leaf_weight=7.1443960964679745 10.301889836788179 6.3588333427906027 5.8591726273298255 7.4219887554645565 6.3212587535381308 8.6473758965730649 5.465025037527087 5.6160566955804807 5.613600179553031 8.1823229938745481 5.7114780098199844 7.1503304988145819 8.7001161426305753 6.8533531874418285 5.6114115566015164 15.455367863178255 38.207701310515411 8.3786898106336576 8.6866320967674238 8.6144050955772382 7.0249902904033643 5.7913060784339905 9.1066817939281446
leaf_count=25 41 22 22 27 22 29 20 21 21 26 20 24 33 24 19 58 137 31 29 26 27 22 35
internal_value=0.000100125 0.00999163 -0.00108858 0.00531619 -0.0030144 -0.00122694 -0.00254872 -0.0123635 0.00858384 0.0118214 -0.000239424 -0.00167196 -0.011042 0.0210798 0.000731728 -0.000914709 0.00353393 -0.00905539 0.00177936 0.0171036 -0.0148004 -0.00181059 -0.0177077
internal_weight=212.224 22.1176 190.107 42.6171 147.49 125.78 117.133 21.7093 36.7579 31.1443 93.8612 87.54 23.2718 15.0357 74.8035 67.6532 43.8191 23.8341 16.1086 14.9732 12.7365 11.4074 14.5717
internal_count=761 73 688 149 539 455 426 84 127 106 338 316 88 50 269 245 156 89 56 48 47 43 55
is_linear=0
shrinkage=0.03


Tree=56
num_leaves=26
num_cat=0
split_feature=11 45 54 54 44 44 60 31 25 7 37 51 45 25 38 61 60 31 54 37 32 25 40 61 44
split_gain=9.71784 6.38904 3.98068 3.46525 3.31389 3.0465 3.33788 4.47443 2.87332 2.65348 4.7078 2.54318 4.59564 2.22786 2.18866 1.69889 1.68772 1.64444 1.62623 1.27191 1.5736 1.86884 1.26567 2.05648 0.804412
threshold=0.14046147751294638 -0.43728818811547238 -0.78366226898675795 0.19564427886951188 -0.36830397523384001 -0.15291160239775742 320.00000000000006 0.91058945181351458 0.93330079463337035 -0.4031055653612578 -0.47958529921646581 1.0000000180025095e-35 -0.72419463965861508 1.4902284672010844 -0.70315467995327019 510.50000000000006 687.00000000000011 -0.60930300266888371 -0.32672217694565192 0.70548623981739111 0.78407086672816351 -0.33967674266426257 -0.45443735670743318 510.50000000000006 0.70865788894657311
decision_type=2 2 2 2 2 2 2 2 2 2 2 2 2 2 2 2 2 2 2 2 2 2 2 2 2
left_child=1 2 13 8 19 -6 -7 22 16 10 24 12 -11 14 -1 -12 -4 -13 -14 20 21 -3 -8 -24 -2
right_child=9 4 3 -5 5 6 7 -9 -10 11 15 17 18 -15 -16 -17 -18 -19 -20 -21 -22 -23 23 -25 -26
leaf_value=0.00041512429566086944 0.032243174063862547 0.0050313884080085683 0.031686486159402734 -0.0043669669945399711 0.012291397461980243 -0.01881000354655131 0.00079193381821379325 0.013363082730737668 -0.0011554581497358863 -0.0080778636864824102 0.012880910436513324 0.0030820871406697782 0.0042193174934321764 0.0075670466057538004 -0.020245787225984333 -0.0050953733423744684 0.011008228994136159 -0.015660512852650497 0.025494108044207851 -0.020786784430305405 -0.020106595650738714 -0.012854439847105157 0.0010555920612950341 -0.019179152908639037 0.012152540541834905
leaf_weight=7.0254797041416213 9.6487084329128283 9.679177418351177 7.1938742101192519 10.344574481248854 7.6210272312164298 12.76318599283695 8.0922845900058729 10.933533310890196 6.6528516709804526 7.9009726941585532 6.8513730764389029 7.0042841732501984 6.7368451058864585 6.1661901175975791 9.2268701493740082 9.0638602674007398 13.018865942955017 6.664333224296568 9.2078696489334124 19.298132240772247 6.5811477899551383 8.1714626997709274 5.825547188520436 11.70860244333744 6.9257860481739035
leaf_count=23 27 33 21 33 26 48 27 37 21 25 20 22 21 20 32 28 39 21 27 75 26 29 19 41 20
internal_value=0 -0.00408139 0.00357501 0.00951068 -0.00866086 -0.0035937 -0.00645652 -0.00141488 0.0150141 0.009199 0.0153461 0.00333608 0.00914561 -0.00600473 -0.0116962 0.00274165 0.0203247 -0.00630556 0.0179849 -0.0147886 -0.00889097 -0.00320788 -0.00833138 -0.0125877 0.0258853
internal_weight=230.307 160.303 59.6287 37.2102 100.674 56.9442 49.3232 36.56 26.8656 70.004 32.4897 37.5143 23.8457 22.4185 16.2523 15.9152 20.2127 13.6686 15.9447 43.7299 24.4318 17.8506 25.6264 17.5341 16.5745
internal_count=761 550 189 114 361 198 172 124 81 211 95 116 73 75 55 48 60 43 48 163 88 62 87 60 47
is_linear=0
shrinkage=0.03


Tree=57
num_leaves=29
num_cat=0
split_feature=47 45 55 27 20 55 56 25 43 8 28 32 43 31 29 40 47 42 13 44 54 41 35 25 19 44 1 60
split_gain=7.30324 3.78197 2.87694 3.96795 3.49683 3.28884 4.34492 3.13947 2.60139 2.52513 2.39996 3.11777 2.37608 2.21307 3.39553 2.49442 2.06379 3.44413 2.25731 2.7733 1.89854 1.78762 1.63879 1.57509 1.54573 1.2431 0.696967 0.0679442
threshold=-0.25876229733161521 1.6971110564674181 -1.0297186655747252 -0.62740593452454241 0.93812457560051132 -1.3080528505330136 1.0000000180025095e-35 0.93330079463337035 -0.55247893019377237 1.0000000180025095e-35 -0.40430542895324534 -0.7623710085571539 0.45178027999793652 -0.99462785028413969 -0.92013116485982793 0.77091072927890036 -1.0700387349574327 1.0000000180025095e-35 -0.17330660294100361 1.0000000180025095e-35 -0.085056930365870781 0.56326808127931949 -0.45112045080977969 1.0000000180025095e-35 0.88698253343489109 0.70865788894657311 -0.17688987187989835 687.00000000000011
decision_type=2 2 2 2 2 2 2 2 2 2 2 2 2 2 2 2 2 2 2 2 2 2 2 2 2 2 2 2
left_child=13 2 5 8 7 6 -2 10 20 -10 22 -12 27 14 -1 -16 17 26 25 -20 -4 -14 -5 -6 -3 -18 -15 -13
right_child=1 24 3 4 23 -7 -8 -9 9 -11 11 12 21 16 15 -17 18 -19 19 -21 -22 -23 -24 -25 -26 -27 -28 -29
leaf_value=-0.015517050786012208 -0.012424993525414785 0.021984638204553184 -0.025643165675654639 0.0040968995001715363 0 0.02005585273285115 0.012644575649253566 0.020727967191527193 -0.009682848868393679 0.011090907645648945 -0.0085190456286347287 0.022885416776082138 -0.0077663351328611926 -0.015668580199977526 0.013530916944688678 -0.0065133191325322413 -0.025108739241006092 0.01053337812717671 0.0055073610159619302 -0.01398113067193053 -0.0036085532852723852 0.011169248177477512 -0.012992778123717489 -0.017581613060097603 0.0033294692989936816 -0.0080104253464073575 -0.0017935573556050076 0.011172399727707351
leaf_weight=7.0334780216217068 9.5725597441196459 11.75966861844063 8.6234744191169721 7.3436784148216274 10.305431485176088 13.597815722227095 12.580465376377104 9.9999698400497419 10.659930169582369 7.7418372333049765 7.5872880220413199 8.1438681185245532 7.3693065345287305 8.7433271408081037 14.277963489294054 7.0672366321086875 13.942259788513185 10.117406457662581 10.218876510858538 13.176468580961226 7.3658857941627494 7.4061199724674225 9.9032893478870374 7.2199063301086417 7.817451834678649 9.3916850984096509 7.0093153119087246 9.9377900063991529
leaf_count=20 26 33 24 20 28 37 34 27 29 21 21 22 20 25 39 20 40 28 28 37 20 20 27 20 21 27 20 27
internal_value=-6.70466e-05 0.00361124 0.00192926 -0.00028606 0.00313883 0.00921495 0.00145711 0.00627407 -0.00871618 -0.000464401 0.00320554 0.00719212 0.0112083 -0.0064575 0.000444289 0.00663987 -0.00919072 -0.00195067 -0.0128892 -0.00540878 -0.0170155 0.00151103 -0.00565045 -0.0081955 0.0155871 -0.019368 -0.0105352 0.0181032
internal_weight=275.914 174.936 155.359 119.608 85.2166 35.7508 22.153 67.6913 34.3911 18.4018 57.6913 40.4444 32.8571 100.978 28.3787 21.3452 72.5993 25.87 46.7293 23.3953 15.9894 14.7754 17.247 17.5253 19.5771 23.3339 15.7526 18.0817
internal_count=761 477 423 326 232 97 60 184 94 50 157 110 89 284 79 59 205 73 132 65 44 40 47 48 54 67 45 49
is_linear=0
shrinkage=0.03


Tree=58
num_leaves=25
num_cat=0
split_feature=47 54 31 49 16 52 45 30 38 55 47 16 20 55 54 2 54 39 29 23 55 41 25 53
split_gain=2.82172 3.74117 3.44467 2.81662 3.83983 3.0289 3.44117 3.90308 3.40865 5.4519 3.35857 4.26821 3.06088 2.84139 2.27051 2.25316 2.24228 3.96476 2.77117 1.71054 1.38726 0.789246 0.785097 0.373447
threshold=1.2372120270043518 1.5998651284384102 1.1005760086238146 1.0000000180025095e-35 0.65792014319439274 1.084027441275879 -0.30835691231678375 1.306916494666081 -0.054775422626605112 -0.52049409094432686 0.064405634207800183 0.23805688540404071 -0.6468807203076975 0.50360423673584753 -0.76916228321873248 1.0000000180025095e-35 -0.5991315533222501 0.37813735556721356 -0.59328202072181935 0.31539821545385166 -1.0000000180025095e-35 -0.94172463866999256 -0.9761655113130786 1.0000000180025095e-35
decision_type=2 2 2 2 2 2 2 2 2 2 2 2 2 2 2 2 2 2 2 2 2 2 2 2
left_child=1 2 3 4 5 6 7 8 9 -1 11 -8 15 21 -10 -12 20 18 -18 -14 -5 -6 -2 -24
right_child=22 -3 -4 16 13 -7 10 -9 14 -11 12 -13 19 -15 -16 -17 17 -19 -20 -21 -22 -23 23 -25
leaf_value=-0.0036490953003301724 -0.00031134459480182175 0.018197694202478416 -0.015277481217280293 -0.0021272048919639785 -0.0028721384099661936 -0.01137363288768227 0.0031768351509375834 0.02138534131171382 0.00078506730541652483 0.021940387371198071 -0.01611034010583794 0.036528484158578726 0.017288763606967471 0.0069909560761933871 -0.016893791401647148 0.0071593298155870578 -0.0044885352715564163 -0.016543921485925685 0.020405227172801629 -0.00020430842164865601 -0.02189444998445772 -0.019436921841693006 -0.019853662611143349 -0.0059364377240879104
leaf_weight=19.618503406643864 6.1003116816282299 9.5575588494539243 10.565027415752409 6.4300372451543817 5.3457869738340387 7.400439739227294 6.4478521943092337 6.4238621294498435 10.346441715955736 10.037369072437285 6.1921505630016309 8.3569180816411954 17.102800518274311 6.5276447832584372 13.357708975672727 5.6412294209003448 5.91234067082405 6.4813150763511649 7.4580938071012524 5.9318528175353995 8.0823710709810221 9.7823884338140488 6.0855874419212324 6.7985318154096603
leaf_count=70 24 31 39 23 19 27 22 21 36 34 24 28 57 23 51 20 21 25 27 22 29 37 24 27
internal_value=0.000102324 0.00124461 0.00018846 0.00129132 0.0032309 0.00541753 0.00674528 0.00169413 -0.00108698 0.00545871 0.0124795 0.0239996 0.00663507 -0.0078959 -0.00935174 -0.00500974 -0.00616745 0.000256613 0.00965146 0.0128023 -0.0145306 -0.0147314 -0.0104583 -0.014312
internal_weight=211.984 193 183.442 172.877 138.513 116.857 109.457 59.7839 53.36 29.6559 49.6728 14.8048 34.868 21.6558 23.7042 11.8334 34.3642 19.8517 13.3704 23.0347 14.5124 15.1282 18.9844 12.8841
internal_count=761 686 655 616 491 412 385 212 191 104 173 50 123 79 87 44 125 73 48 79 52 56 75 51
is_linear=0
shrinkage=0.03


Tree=59
num_leaves=24
num_cat=0
split_feature=47 29 38 27 38 46 42 39 46 46 44 45 1 30 60 2 54 43 57 55 38 40 46
split_gain=9.23307 3.47438 2.54423 4.16438 3.52338 2.75817 2.34773 2.49338 3.31814 4.31562 2.16525 3.18759 2.12838 2.10534 2.00626 2.00308 1.94587 1.85183 1.36846 1.44883 1.05813 3.00967 0.479125
threshold=0.093808829164217136 0.2783156969795369 -0.054775422626605112 -0.3156319238547855 -0.70315467995327052 -0.51186306251671632 0.89848816128030418 -0.24833854120979301 -0.69033548796427169 -0.44849474580836973 1.0855945414097177 -0.03919026520905259 -0.36754661361293234 0.22840922652125425 362.50000000000006 -0.71151336866784753 -0.75067898473360717 1.0000000180025095e-35 -0.6201896622491444 -0.53880428718843609 -0.89766845715126997 -0.73394080619444246 0.42851386051663093
decision_type=2 2 2 2 2 2 2 2 2 2 2 2 2 2 2 2 2 2 2 2 2 2 2
left_child=2 6 4 -4 5 -1 7 -2 -9 -10 11 12 22 -8 -11 -12 -14 -18 -6 -20 -3 -22 -5
right_child=1 20 3 10 18 -7 13 8 9 14 15 -13 16 -15 -16 -17 17 -19 19 -21 21 -23 -24
leaf_value=0.02125043430509985 -0.0098574761133309041 -0.019881236152444956 0.022853070495655797 0.0052590170365288316 0.0017232458400229546 -0.0025314400488080898 -0.019196675678978363 0.018748093512263656 -0.017999544719760126 -0.0019696494319409955 0.0018873694803099219 -0.011520833003648754 -0.0085979236635269664 0.001450811132717954 0.018472531164399283 0.018949206909806934 -0.003789169349091404 0.014183239999895838 -0.00015880058634998811 -0.018702767740349215 0.0038852371345122713 -0.017618363592978227 0.019322078533558718
leaf_weight=7.2261863350868225 11.128502011299132 16.689957290887833 12.761408835649489 6.8985046744346565 7.5017354786396018 7.4762417674064618 9.9477093964815158 10.072197809815405 7.2136791795492199 7.46253849565983 12.301220089197159 11.776981651782988 11.542015284299845 6.1141200959682456 6.8508692383766174 14.0975601375103 7.6673274934291973 10.047636657953261 6.5359484851360348 10.570830613374712 9.2927205115556735 11.300012126564978 7.38182732462883
leaf_count=21 37 66 37 20 24 25 39 33 26 26 36 38 38 22 22 41 25 30 21 36 33 44 21
internal_value=0 -0.00704806 0.00505931 0.00770267 -0.00119599 0.00967216 -0.00226363 0.00136199 0.00576215 -0.000878688 0.00489518 0.0012978 0.00516672 -0.0115427 0.00825936 0.0117428 0.000159707 0.00640367 -0.00810164 -0.0125241 -0.0140584 -0.00803807 0.0140544
internal_weight=229.858 96.0723 133.785 94.4745 39.3109 14.7024 58.7896 42.7278 31.5993 21.5271 81.7131 55.3143 43.5373 16.0618 14.3134 26.3988 29.257 17.715 24.6085 17.1068 37.2827 20.5927 14.2803
internal_count=761 348 413 286 127 46 205 144 107 74 249 172 134 61 48 77 93 55 81 57 143 77 41
is_linear=0
shrinkage=0.03


Tree=60
num_leaves=26
num_cat=0
split_feature=48 45 37 47 33 55 46 49 54 34 40 18 29 55 56 37 53 19 45 12 19 45 12 53 38
split_gain=7.13647 3.5736 3.35844 3.77463 3.16707 3.18175 3.61784 2.93327 3.00503 7.03363 2.82323 3.68099 2.75675 2.74765 4.97298 2.65898 2.62728 2.12944 1.72708 1.69991 1.49683 1.41423 2.80684 1.13272 0.695294
threshold=-0.23612019780310695 1.6971110564674181 0.52898622336554002 -0.56246045932627231 -1.3923924656664173 -1.0297186655747252 -1.0507958995367035 0.77401364886182622 -0.12043016151029858 -0.62823217037091716 1.2384042901855852 0.78503452265227691 -0.59328202072181935 -1.2781268016298684 1.0000000180025095e-35 0.12555761433273774 0.29502509991047993 1.3378424869751495 0.16362001627113013 -0.51969542582934802 0.88698253343489109 -0.38928843870985391 -0.38317123521326862 0.87893693614422552 1.0000000180025095e-35
decision_type=2 2 2 2 2 2 2 2 2 2 2 2 2 2 2 2 2 2 2 2 2 2 2 2 2
left_child=2 4 3 10 -2 13 -7 8 9 15 11 12 -1 14 -6 -8 -12 21 -11 -14 -3 -10 -23 -18 -5
right_child=1 20 -4 24 5 6 7 -9 17 18 16 -13 19 -15 -16 -17 23 -19 -20 -21 -22 22 -24 -25 -26
leaf_value=-0.004618331092256925 -0.014388492979158457 0.021574004423352368 0.0080895047769708409 -0.0087624617433668135 -0.010727462618699819 -0.015833730822799427 0.017402883427891352 0.014668378136635856 -0.0029105244847867496 -0.027290425475545388 5.2321107349452721e-05 -0.015871592962484249 0.00071939255055649678 0.021658951489402788 0.016354989287743538 -0.0035833387480084357 -0.02539428264539342 -0.0075364795844975125 -0.0064146940470349821 0.020252375975736075 0.0032008818193724575 0.015662085574879987 -0.0011185319854103389 -0.0080771415219237051 -0.023192985242521016
leaf_weight=11.44167050719261 8.4313206672668439 11.676347285509111 11.17665460705757 9.3013713359832781 9.9269793629646319 9.4139121770858747 8.4922807514667529 13.327636748552321 8.1183856129646212 9.4659370481967873 11.447546571493151 7.2714498639106742 7.2172616124153146 12.106383502483366 11.446534454822539 10.225335240364073 8.4553766250610369 8.8112577795982343 8.4134441018104535 10.400363832712177 7.8127203583717337 24.038196295499795 12.555887728929539 10.536631554365156 13.799745500087736
leaf_count=32 23 33 30 26 27 26 23 36 22 27 32 21 20 33 31 28 25 24 23 28 21 65 34 30 41
internal_value=-6.75589e-05 0.00358041 -0.00637753 -0.00834562 0.00194036 0.00305815 0.000544459 0.00229707 0.000191836 -0.00622039 -0.00440979 0.00111803 0.00613603 0.0109737 0.00363556 0.00622619 -0.010938 0.00473531 -0.0190335 0.0132486 0.0152496 0.00744961 0.00992961 -0.0173742 -0.0185152
internal_weight=275.311 174.263 101.048 89.8714 154.773 146.342 112.862 103.448 90.1207 36.597 66.7703 36.3307 29.0593 33.4799 21.3735 18.7176 30.4396 53.5237 17.8794 17.6176 19.4891 44.7125 36.5941 18.992 23.1011
internal_count=761 476 285 255 422 399 308 282 246 101 188 101 80 91 58 51 87 145 50 48 54 121 99 55 67
is_linear=0
shrinkage=0.03


Tree=61
num_leaves=25
num_cat=0
split_feature=41 56 58 41 47 34 46 55 54 38 53 20 61 26 38 36 37 52 32 26 55 9 55 29
split_gain=2.6998 2.76229 2.53349 2.53628 2.32175 3.13668 3.0685 3.8 3.27294 2.96522 2.29967 3.64316 5.13854 4.11679 3.33635 5.24739 2.40861 2.29787 1.56429 1.30027 1.2439 0.84594 0.748818 0.336318
threshold=-1.3430560306564756 -0.89030891969515213 1.505492504350302 -0.94172463866999256 1.5185049333955656 1.4712065341166556 -0.7255774210966075 -1.0742199580840424 -0.26810595896866901 -0.44380297702260402 1.0000000180025095e-35 1.2022921249185463 321.50000000000006 1.0000000180025095e-35 0.074900428838728078 0.43948255935012631 0.29365286809640545 1.0000000180025095e-35 -0.16374834715638595 -0.00063947322100896015 0.087078154532806415 -0.51632730107838543 -0.66212207483551389 1.0000000180025095e-35
decision_type=2 2 2 2 2 2 2 2 2 2 2 2 2 2 2 2 2 2 2 2 2 2 2 2
left_child=1 -1 3 21 5 6 7 8 -5 19 14 12 13 -12 17 -16 -14 -8 -4 -9 -3 -2 -19 -6
right_child=2 20 18 4 23 -7 10 9 -10 -11 11 -13 16 -15 15 -17 -18 22 -20 -21 -22 -23 -24 -25
leaf_value=-0.0045027215742265989 -0.0019229087612014197 0.0038642164145200461 0.017578648863488096 -0.020378424561136012 -0.018533904319735759 0.014232093947209626 0.0057220339266682452 0.026943507095162942 0.0055970912965530679 -0.00082119514572390748 0.014297931015226067 0.010074708607571613 -0.018625875958502278 -0.013233882918298967 0.030093870404808196 -0.0063023819454884273 0 -0.0026777791471833678 0 0.0057208472628207966 0.023273912084337708 -0.018925715002365135 -0.019974434238316852 -0.0041134387397900804
leaf_weight=7.1134684979915646 5.1799956560134879 6.3737928271293631 8.4507477134466189 6.0357355773448935 5.6165534704923612 11.306210204958914 8.7046479284763389 9.2681949734687787 8.7068780958652479 8.2595642507076281 10.902427121996881 8.0888587385416013 34.333948716521263 6.4830220341682425 6.3884435594081861 5.3087928891181946 8.1002061516046506 5.4094987511634844 7.8849541991949073 5.8243471086025229 8.7154960930347425 8.7877907007932645 5.6669529825448954 4.8364621102809906
leaf_count=25 19 22 28 22 25 37 31 29 31 29 38 27 134 24 22 20 30 20 28 20 26 33 21 20
internal_value=0.000103841 0.00967805 -0.00105344 -0.00217324 -0.000996228 0 -0.00128385 0.00574779 -0.00556792 0.0130379 -0.00408392 -0.00716382 -0.0097821 0.00347795 0.00240205 0.0142819 -0.0152846 -0.0048525 0.00966772 0.0203727 0.0165276 -0.013806 -0.0133311 -0.0137172
internal_weight=211.747 22.2028 189.544 173.209 159.241 148.788 137.482 38.0947 14.7426 23.3521 99.3868 67.9085 59.8196 17.3854 31.4783 11.6972 42.4342 19.7811 16.3357 15.0925 15.0893 13.9678 11.0765 10.453
internal_count=761 73 688 632 580 535 498 131 53 78 367 253 226 62 114 42 164 72 56 49 48 52 41 45
is_linear=0
shrinkage=0.03


Tree=62
num_leaves=26
num_cat=0
split_feature=13 45 29 50 40 16 25 42 51 39 54 40 19 28 57 58 55 42 28 14 39 8 20 45 33
split_gain=8.81377 5.9562 3.55331 3.51364 3.59517 3.52931 3.46564 3.3367 3.09693 3.04347 2.85348 2.45473 2.22211 2.17117 2.2149 2.10983 1.93184 2.00351 1.81442 1.62107 1.35229 0.885872 0.650412 0.536242 0.311349
threshold=-0.089822172711967518 -0.43728818811547238 0.2783156969795369 0.783558818211468 0.77091072927890036 0.71146498912636069 -0.65792112698867056 -0.37696557551617277 1.0000000180025095e-35 -0.37232856244690871 -0.14573139738856153 -0.22635199462605313 1.2251274985900851 -0.40430542895324534 1.0000000180025095e-35 -1.0000000180025095e-35 1.190069861591067 -0.16438995271675999 1.0000000180025095e-35 0.18044905984281401 -0.94333523919678475 -0.77407226491516001 -1.1752158189437669 0.080643895179385638 0.31075565429568003
decision_type=2 2 2 2 2 2 2 2 2 2 2 2 2 2 2 2 2 2 2 2 2 2 2 2 2
left_child=3 7 6 5 -5 12 8 13 11 15 -8 -3 16 -2 20 -9 17 18 -1 -7 -15 -21 -4 -12 -24
right_child=1 2 22 4 -6 19 10 9 -10 -11 23 -13 -14 14 -16 -17 -18 -19 -20 21 -22 -23 24 -25 -26
leaf_value=0 0.0064276291476095268 -0.0008177028882749317 -0.0043937227810147313 -0.01882942329746877 0.0081033029343611628 0.0050952970540008996 0.0012534374714853126 0.011861298690525024 -0.0115632235656961 0.023862478419289495 -0.00551569685981863 0.019104073062991223 0.015658810808700217 -0.0024568138073145034 0.0050445908169070115 -0.0087591746584720839 -0.0092816512543876309 -0.0061700427163987421 0.020181979914362973 0.01263692712515257 -0.022549201091580491 0.033741180150254763 -0.020272003461005196 -0.019937596669278464 -0.0070513745066594991
leaf_weight=7.7874038517475084 11.909391254186632 9.4323184043169057 5.9280226528644553 6.9113437831401807 7.8527555465698242 6.3950756490230587 11.009058550000193 7.9281283617019653 6.9803939610719672 9.0705516040325147 5.922929227352145 10.089595645666122 12.254000216722487 6.2057963162660625 5.8073337525129309 6.8277321606874484 9.5193439126014692 7.0151966810226503 8.1596078574657422 7.3538867235183725 7.6640830487012854 7.5587070584297154 23.127272695302967 14.996902808547018 5.663795292377471
leaf_count=24 37 34 22 23 23 20 37 24 24 27 20 34 37 21 19 22 29 22 25 21 26 21 91 56 22
internal_value=0 -0.00434187 -0.00893985 0.0078743 -0.0047093 0.0108183 -0.00410076 0.0033139 0.00365714 0.0114949 -0.0105948 0.00982161 0.00551393 -0.00291723 -0.00891109 0.00202301 0.000987841 0.00579858 0.0114854 0.0205968 -0.0150668 0.0258056 -0.0164111 -0.0167642 -0.0183473
internal_weight=229.371 148.563 93.1503 80.8073 14.7641 66.0432 58.4312 55.413 26.5023 23.8264 31.9289 19.5219 44.7356 31.5866 19.6772 14.7559 32.4816 22.9622 15.947 21.3077 13.8699 14.9126 34.7191 20.9198 28.7911
internal_count=761 516 340 245 46 199 205 176 92 73 113 68 137 103 66 46 100 71 49 62 47 42 135 76 113
is_linear=0
shrinkage=0.03


Tree=63
num_leaves=28
num_cat=0
split_feature=48 45 37 47 61 55 27 55 46 56 43 40 61 8 40 49 45 34 59 34 54 23 55 23 46 54 38
split_gain=6.78559 3.41994 3.23654 3.68125 4.77689 2.54167 3.85225 3.07837 4.08286 2.66529 2.46958 2.45222 2.76001 2.39982 2.2162 2.21466 2.13125 3.84407 2.84529 3.16811 1.7999 1.67493 1.47136 1.34826 2.36965 1.26592 0.67808
threshold=-0.23612019780310695 1.6971110564674181 0.52898622336554002 -0.56246045932627231 320.00000000000006 -1.0297186655747252 -0.62740593452454241 -1.3080528505330136 -1.2431572874848837 -1.0000000180025095e-35 -0.55247893019377237 1.2384042901855852 687.00000000000011 1.0000000180025095e-35 0.42626219167616192 0.77401364886182622 0.82451036651338383 0.35587972235763216 1.0000000180025095e-35 -0.62823217037091716 -0.085056930365870781 0.70402846474203218 -0.012297705459268027 -0.2286841335496006 2.2048558852120341 -0.16627470426144089 1.0000000180025095e-35
decision_type=2 2 2 2 2 2 2 2 2 2 2 2 2 2 2 2 2 2 2 2 2 2 2 2 2 2 2
left_child=2 5 3 4 23 7 10 8 -2 -10 20 12 -6 -12 -14 16 17 18 -8 -20 -7 -19 -3 -1 -25 -21 -5
right_child=1 22 -4 26 11 6 15 -9 9 -11 13 -13 14 -15 -16 -17 -18 21 19 25 -22 -23 -24 24 -26 -27 -28
leaf_value=-0.020571140107784502 0.017680688114697196 0.020870635076254154 0.0079494059676669306 -0.0086168134928955101 0.017441420780012592 -0.025104469176829781 0.0088326488557200888 0.019247517458506797 -0.018927319006838896 0.0043338851976413859 -0.0094839336819862799 -0.0081993977779516673 0.0091585878208082609 0.010787339502506961 -0.011692146705215014 0.01484732894917982 -0.0092535096442122686 0.023446140053578219 0.0084789779077580896 -0.019471279670353548 -0.0035524064502834795 0.0041090069748397845 0.002508140268362389 -0.01629015405253631 0.005143864456983188 -0.0036153982520131848 -0.022902740582271968
leaf_weight=12.492459475994112 7.4037025570869437 12.096913009881975 11.177180260419844 9.2780256569385546 11.753492325544359 8.5444183051586133 14.276408344507216 13.523033589124678 7.3179475367069236 7.3669308423995998 10.627834141254427 11.629397124052046 7.7678678631782514 7.7255551218986502 7.4925073385238647 11.089309155941008 12.86205932497978 8.4567408859729785 7.3058976233005479 10.669401556253431 7.3465133011341086 9.6141929030418378 7.3002111911773673 7.9446908831596357 7.4753643870353699 10.322336316108712 13.683171153068541
leaf_count=37 20 34 30 26 32 24 39 37 20 20 29 33 21 21 21 30 35 23 20 30 20 26 20 23 21 28 41
internal_value=-7.89577e-05 0.00348059 -0.00624415 -0.00818409 -0.00429475 0.00187539 -0.000213035 0.00873333 0.00122736 -0.00756705 -0.00853525 0.00242246 0.00739635 -0.000478527 -0.000850884 0.00317609 0.00107366 0.00353096 -0.00135417 -0.00688079 -0.0166516 0.0145683 0.014923 -0.0134476 -0.00600987 -0.0127023 -0.0182578
internal_weight=274.544 173.849 100.694 89.517 66.5558 154.452 118.841 35.6116 22.0886 14.6849 34.2443 38.6433 27.0139 18.3534 15.2604 84.5963 73.507 60.645 42.574 28.2976 15.8909 18.0709 19.3971 27.9125 15.4201 20.9917 22.9612
internal_count=761 476 285 255 188 422 325 97 60 40 94 107 74 50 42 231 201 166 117 78 44 49 54 81 44 58 67
is_linear=0
shrinkage=0.03


Tree=64
num_leaves=22
num_cat=0
split_feature=47 4 42 23 26 50 53 27 30 50 58 5 24 0 34 39 12 18 25 44 53
split_gain=2.62276 2.85286 2.71069 2.46302 4.08151 3.69258 3.06021 2.21258 2.17145 2.12006 2.09746 2.04552 1.97227 1.7502 2.52691 2.69534 1.25114 1.12249 0.807721 0.417143 0.371153
threshold=1.2372120270043518 1.0000000180025095e-35 1.7487906524779555 -0.85049253241068878 -1.1902017694577605 -0.24172548153163614 0.29502509991047993 1.0000000180025095e-35 -0.85009804162357205 -0.9252483480270387 1.505492504350302 1.0000000180025095e-35 -0.66821512404003536 -0.23566338177353799 1.0283561823888079 0.37813735556721356 -0.53749706992622392 -0.032237819010744358 -0.9761655113130786 0.25094909666989745 1.0000000180025095e-35
decision_type=2 2 2 2 2 2 2 2 2 2 2 2 2 2 2 2 2 2 2 2 2
left_child=1 2 3 4 6 12 -1 8 -3 -5 11 13 -6 -11 15 -15 -9 -13 -2 -12 -20
right_child=18 7 -4 9 5 -7 -8 16 -10 10 19 17 -14 14 -16 -17 -18 -19 20 -21 -22
leaf_value=-0.015250498119714517 0 0.0030218869884469464 0.016685007198059022 -0.019417438525583693 0.0088112662630658832 -0.001525765010284553 0.007453572187831119 0.0090882353577888143 0.027945929798041821 0.0088664527560740319 0.013830233261763695 -0.002775143452152956 0.032889732225597317 -0.0021007866869179794 0.012938808325573096 -0.016859317027719273 -0.0083671164782393326 -0.021039561064881147 -0.019610142172340819 0.0013488909285008976 -0.0057407653673521575
leaf_weight=10.594426780939104 6.0085201114416149 6.5485900193452835 6.6008614599704734 5.6050635278224936 9.2218840122222883 9.6776387840509397 7.9397114962339392 5.9133426398038864 7.101970314979555 10.246985673904417 5.8411855995655042 6.6984475404024124 6.2508737444877651 56.298462703824043 6.0202646404504767 13.019851386547087 5.8379075825214368 7.3724783062934858 5.9567381739616376 5.9117668569087982 6.729855477809906
leaf_count=39 24 23 22 22 31 34 27 20 23 36 20 25 19 206 21 49 21 28 24 20 27
internal_value=0.000115764 0.0012126 -0.000208526 -0.00108732 0.00483034 0.0124705 -0.00539511 0.0102851 0.0178681 -0.00338034 -0.00227312 -0.00375838 0.0209393 -0.00182303 -0.00349972 -0.00525594 0 -0.0138351 -0.0101433 0.00886806 -0.0140607
internal_weight=211.397 192.702 167.3 160.699 43.6845 25.1504 18.5341 25.4018 13.6506 117.015 111.409 99.6565 15.4728 85.5856 75.3386 69.3183 11.7513 14.0709 18.6951 11.753 12.6866
internal_count=761 686 599 577 150 84 66 87 46 427 405 365 50 312 276 255 41 53 75 40 51
is_linear=0
shrinkage=0.03


Tree=65
num_leaves=25
num_cat=0
split_feature=11 45 23 29 54 25 1 29 49 55 36 36 36 39 45 42 15 55 25 46 4 12 44 20
split_gain=8.48756 5.6648 3.60143 3.11281 2.9454 2.38956 2.30696 2.81965 2.16921 2.0741 3.43096 2.46847 2.06913 1.7987 2.67508 1.64686 2.47519 3.29078 1.62673 1.35027 1.27682 1.13676 0.452265 0.0561828
threshold=0.14046147751294638 -0.43728818811547238 -0.85049253241068878 1.0000000180025095e-35 0.19564427886951188 -0.65792112698867056 -0.38661228778623574 -0.26643287658381098 -0.40961508875463648 -0.39473215275970147 0.23948339139801147 1.0394800632064702 -0.56051328041044668 0.7305300475042803 0.34807000434053365 0.44676496283155193 0.71703228044252698 -0.89471136650679195 1.4902284672010844 -0.35467316455659975 -0.74113572938588335 -0.47135451381469029 -0.36830397523384001 0.93812457560051132
decision_type=2 2 2 2 2 2 2 2 2 2 2 2 2 2 2 2 2 2 2 2 2 2 2 2
left_child=1 2 18 5 12 8 7 20 -3 -8 -11 -12 -4 14 -7 16 17 -5 22 -14 -2 -10 -1 -17
right_child=6 3 4 15 -6 13 9 -9 21 10 11 -13 19 -15 -16 23 -18 -19 -20 -21 -22 -23 -24 -25
leaf_value=-0.0035735693266671169 0.0079703927222403281 0.015627901688458314 0.00057289712271252119 -0.014645274628806873 -0.0045033600923095295 -0.012388666234882771 0.016844498319710768 0.0024436482697291523 0.0029719848178848848 -0.013841185008041924 0.016938716327927362 -0.0022386743430297296 0.025706660123303124 -0.020617520892935722 0.0081381825643389184 -0.022577657913669089 -0.019235255675398629 0.0091171548845378984 0.0035721662054424607 0.0078135738558694073 0.027126912107061044 -0.011878293453309706 -0.017869745142411356 -0.0087761148105708568
leaf_weight=5.4834067225456247 7.6502981483936301 7.5831725299358395 9.4734207093715685 7.6136590689420727 10.358537167310713 11.3082986176014 6.3737484812736502 13.046476513147352 11.251155361533169 9.8523875772953051 9.1911983191967028 12.154310315847395 10.171646893024446 6.9876595586538306 8.6374824792146665 14.958902016282083 9.4804700762033445 10.762841001152994 7.0914427340030661 10.299720108509062 12.066663831472399 5.576623767614362 6.7654458284378061 4.7284358441829673
leaf_count=19 22 26 29 29 33 39 20 39 38 32 27 37 30 27 29 62 36 36 23 31 34 20 24 19
internal_value=0 -0.00385782 0.00332256 -0.00823329 0.00839934 -0.00282684 0.00855468 0.0142572 0.00369685 0.00307196 -0.000201936 0.0063263 0.0130554 -0.00883367 -0.0032723 -0.0136845 -0.00793277 -0.000788359 -0.00681214 0.0181253 0.0210658 -0.00219132 -0.0129943 -0.020402
internal_weight=228.867 158.532 59.6436 98.8887 40.3033 51.3444 70.3351 32.7634 24.411 37.5716 31.1979 21.3455 29.9448 26.9334 19.9458 47.5443 27.857 18.3765 19.3403 20.4714 19.717 16.8278 12.2489 19.6873
internal_count=761 550 189 361 123 179 211 95 84 116 96 64 90 95 68 182 101 65 66 61 56 58 43 81
is_linear=0
shrinkage=0.03


Tree=66
num_leaves=28
num_cat=0
split_feature=48 54 37 48 61 40 61 34 54 34 55 46 20 40 60 42 46 46 40 30 33 12 23 46 54 38 33
split_gain=6.44961 3.30869 3.13831 3.60376 4.80945 2.37249 2.63994 2.28003 3.40274 3.19115 2.25864 4.41626 2.76803 2.13422 1.61203 1.5321 2.73306 3.95937 2.45956 1.67371 1.53973 1.48806 1.40306 2.30468 1.25244 1.05212 1.04655
threshold=-0.24040416634704542 0.18004056970625362 0.52898622336554002 -0.57558827687431702 320.00000000000006 1.2384042901855852 687.00000000000011 -0.30019487279473439 -0.10794886935850999 1.0000000180025095e-35 -1.0837091059696868 -0.87142087069997831 -0.91104826962573238 0.42626219167616192 656.50000000000011 1.0000000180025095e-35 -0.27319503611556611 -0.76294540838915237 -0.15383930725914033 -0.95794876843805465 -0.82565524643765043 -0.52354199134043444 -0.2286841335496006 2.2048558852120341 0.68767648901583922 1.0000000180025095e-35 -1.1692213327058665
decision_type=2 2 2 2 2 2 2 2 2 2 2 2 2 2 2 2 2 2 2 2 2 2 2 2 2 2 2
left_child=2 7 3 4 22 6 -6 10 9 -9 -2 -12 -13 -8 -14 21 17 19 -18 -17 -20 -3 -1 -24 -23 -5 -19
right_child=1 15 -4 25 5 -7 13 8 -10 -11 11 12 14 -15 -16 16 18 26 20 -21 -22 24 23 -25 -26 -27 -28
leaf_value=-0.020601178613631407 0.013172927317288174 0.0096273782153213881 0.0078075063551905797 -0.0075946887368618984 0.017141237668274835 -0.0080285910736203545 0.009052686669246102 -0.022171473572400228 0.0042986480216466822 0.00031939680282002281 -0.017415449752391465 0.018504126605735041 0.0082115128165959877 -0.011428854065674452 -0.0083097969000671835 -0.0073690757551109886 -0.011766228340666724 0.0086163831667241571 -0.00069296314290008315 0.0098259810634847428 0.016487158995147511 0.0032075545883923436 -0.016061701031382752 0.00508948866833921 -0.012404838777229497 -0.024136863913370943 0.025648447033532109
leaf_weight=12.754468500614168 13.230413168668745 8.8231402337551135 11.179054170846937 8.8952173590660113 11.755121171474459 11.596908569335936 7.7657725512981397 13.177828282117845 14.299716114997862 8.3493973910808545 8.937000751495356 8.1248779594898206 7.7567891776561835 7.4643173813819885 10.755920797586439 7.3076282739639309 7.3031164705753353 7.9547790586948421 8.4566566646099091 10.209875673055647 7.3189137279987309 7.3678223490715009 7.9045756757259351 7.4800948798656464 7.7604162096977234 12.53747236728668 17.379940927028656
leaf_count=38 36 24 30 25 32 33 21 37 39 23 25 22 21 21 30 20 20 22 23 28 20 20 23 21 21 38 48
internal_value=-8.12765e-05 0.0033629 -0.00615173 -0.00808988 -0.0043318 0.0024322 0.00732441 -0.000833839 -0.00649305 -0.0137352 0.00327096 -0.000633778 0.00541155 -0.000751445 -0.000990969 0.00732898 0.00965112 0.014021 0.000932505 0.00232191 0.00766975 0.000509003 -0.0134622 -0.005884 -0.00483695 -0.0184788 0.0213048
internal_weight=273.847 174.514 99.333 88.1539 66.7213 38.5821 26.9852 84.6319 35.8269 21.5272 48.805 35.5746 26.6376 15.2301 18.5127 89.8823 65.9309 42.8522 23.0787 17.5175 15.7756 23.9514 28.1391 15.3847 15.1282 21.4327 25.3347
internal_count=761 479 282 252 189 107 74 233 99 60 134 98 73 42 51 246 181 118 63 48 43 65 82 44 41 63 70
is_linear=0
shrinkage=0.03


Tree=67
num_leaves=29
num_cat=0
split_feature=41 56 37 61 49 31 31 1 47 44 40 18 39 20 28 27 55 31 55 45 45 61 43 39 24 55 57 33
split_gain=2.58194 2.56809 2.44963 2.75432 2.64454 3.80375 3.49222 3.48382 3.93544 3.46332 3.29057 3.28386 2.76308 4.07834 2.52362 2.25288 2.75303 3.38061 2.19557 2.01934 2.0173 1.7771 1.73133 1.35772 1.37855 1.11405 0.858184 0.383905
threshold=-1.3430560306564756 -0.89030891969515213 0.70548623981739111 199.00000000000003 -0.40961508875463648 -0.60930300266888371 -0.82604822945246514 -0.57726902951926984 -0.034240141887962185 0.25094909666989745 1.7024854893338268 0.39859984379154101 -1.0000000180025095e-35 -0.6468807203076975 -0.72614270032711548 1.0000000180025095e-35 -0.95850727743981612 -0.60930300266888371 -0.14998003463079088 0.16362001627113013 0.58889998150601586 339.00000000000006 -0.55247893019377237 0.61306581685859129 1.2683575553422564 0.087078154532806415 -0.6201896622491444 -0.82565524643765043
decision_type=2 2 2 2 2 2 2 2 2 2 2 2 2 2 2 2 2 2 2 2 2 2 2 2 2 2 2 2
left_child=1 -1 4 -4 6 18 -2 8 -7 14 11 12 -11 -14 20 16 17 -5 -6 -8 -9 -16 -18 -21 -25 -3 -20 -23
right_child=2 25 3 15 5 7 19 9 -10 10 -12 -13 13 -15 21 -17 22 -19 26 23 -22 27 -24 24 -26 -27 -28 -29
leaf_value=-0.0042669583202101088 0.0094869337417361373 0.0038758404782319278 -0.011716219590310811 -0.015070168361683777 0.0011326430410245703 0.028120179970081486 -0.021340036925571987 -0.0074185930415504881 -0.0025341621856755938 0.029796190088496884 -0.010322908677714673 -0.0072592144464908382 -0.009343915582540151 0.019620441873986906 0.0010620852679612393 -0.0071831049676351101 0.028342495678533048 0.011396515809554612 -0.0028754104762253613 0.004513673180992472 0.014861631866198341 -0.006613118053257123 0.0056119322482461285 -0.01948906744288666 0 0.022398883563376784 -0.019263629149060553 -0.02169968300285615
leaf_weight=7.0497888326644924 5.8587392866611472 6.3676866739988318 5.779984399676322 5.1469790041446677 10.210006773471834 7.7850495129823685 14.583416551351545 5.7346310317516345 5.4004607200622541 7.4244822263717678 6.7210199385881415 5.6015526950359336 6.4415432810783395 8.1645293533802032 5.1398596465587625 5.5863630622625342 8.4893369376659376 10.819119095802305 5.4847021996974972 6.2912027090787914 5.7029174268245697 5.3878096789121654 6.7265221625566509 6.0500753223896009 5.4574682414531708 8.8099839687347394 13.068076968193052 9.835937231779095
leaf_count=25 20 22 22 19 36 27 56 22 20 25 24 21 24 29 19 21 27 37 20 23 20 21 23 25 20 26 48 39
internal_value=0.000124673 0.00948034 -0.00101074 0.00516064 -0.00287976 -0.000383529 -0.00950452 0.00296165 0.0161799 0 0.0064964 0.0111142 0.0162059 0.00679354 -0.00693993 0.00832572 0.0114899 0.00195945 -0.00949862 -0.0133855 0.00366192 -0.0130118 0.0200582 -0.00540498 -0.011184 0.016035 -0.0152955 -0.0177912
internal_weight=211.119 22.2275 188.892 42.5483 146.343 108.103 38.2409 79.3398 13.1855 66.1543 34.3531 27.6321 22.0306 14.6061 31.8012 36.7683 31.182 15.9661 28.7628 32.3822 11.4375 20.3636 15.2159 17.7987 11.5075 15.1777 18.5528 15.2237
internal_count=761 73 688 149 539 395 144 291 47 244 123 99 78 53 121 127 106 56 104 124 42 79 50 68 45 48 68 60
is_linear=0
shrinkage=0.03


Tree=68
num_leaves=28
num_cat=0
split_feature=11 45 54 54 44 23 44 50 16 40 51 45 61 47 50 43 19 34 28 33 52 40 36 42 26 36 47
split_gain=8.0825 5.42455 3.44506 3.26511 3.05751 3.03201 2.64272 2.38157 4.77751 2.67013 2.44092 3.74372 2.33836 2.04097 1.66787 1.54759 1.56903 1.52116 1.26518 1.21816 0.870246 1.37662 0.767229 0.762015 0.756698 0.404513 0.11322
threshold=0.14046147751294638 -0.43728818811547238 -0.78366226898675795 -0.40879650533414352 -0.36830397523384001 1.6367410630336645 -0.15291160239775742 0.783558818211468 0.71146498912636069 0.89034339082440361 -1.0000000180025095e-35 -0.72419463965861508 687.00000000000011 -0.099279182781352351 -1.0000000180025095e-35 -0.8336715090474508 -0.80374229234107786 -0.49701725134044411 1.0000000180025095e-35 -1.3923924656664173 1.0000000180025095e-35 -0.15383930725914033 0.23948339139801147 1.0000000180025095e-35 -0.43320758094346418 -0.21051473649424632 0.62281784986248956
decision_type=2 2 2 2 2 2 2 2 2 2 2 2 2 2 2 2 2 2 2 2 2 2 2 2 2 2 2
left_child=1 2 15 24 19 6 -6 8 10 -9 11 -2 25 -8 20 -1 -17 -12 -10 -3 21 -15 -13 26 -4 -5 -21
right_child=7 4 3 12 5 -7 13 9 18 -11 17 22 -14 14 -16 16 -18 -19 -20 23 -22 -23 -24 -25 -26 -27 -28
leaf_value=0.0049611785702184177 -0.0043591005092265605 -0.0002398446075918409 0.008179069876585383 -0.011094881978597393 0.0098530902204027188 0.013573302338044102 0.0041234575702688292 -0.015078474310994931 0.033804492487431302 0.0091231056246571674 0.0048339436625728224 0.0067157389043992627 0.011772619748662141 0.001504989189301196 0 -0.0016261258713134226 -0.021093573562850153 -0.011923907184015871 0.011429406832633042 -0.0037715851572397881 -0.020049017919374797 -0.016363428224642387 0.023409993696093926 -0.019899312889627572 0.025972661249439293 -0.00020396955259561588 -0.012054374710319556
leaf_weight=6.7262718975544002 8.6896679699420911 5.8663663119077674 7.2174798846244812 6.4718573093414289 6.5471781194210044 6.7419342696666709 7.6234329938888541 6.431405842304228 7.3355014920234662 6.8467627465724945 8.089421361684801 6.6612054705619839 9.4373225271701795 6.7994033843278885 7.6465569585561779 9.4063109010457993 6.0390048921108219 8.0739180743694323 7.6872431039810181 8.3030302673578245 15.095629692077635 5.6651193052530271 10.651529610157011 22.125259846448898 7.3441790342330915 7.007065504789356 5.8786174952983847
leaf_count=22 27 22 22 21 22 25 24 21 20 20 25 20 29 23 28 32 21 25 22 30 56 20 31 89 21 21 22
internal_value=0 -0.00378459 0.00323206 0.00871229 -0.00808739 -0.00321508 -0.00595788 0.00832738 0.0109517 -0.00253381 0.00519982 0.0107212 0.00108858 -0.00876177 -0.0117698 -0.00574307 -0.0107853 -0.00349899 0.0247952 -0.0141004 -0.0150543 -0.00707188 0.0183533 -0.0160829 0.0191143 -0.00642116 -0.00841223
internal_weight=228.409 157.942 59.6495 37.4779 98.2925 56.1193 49.3773 70.4667 57.1885 13.2782 42.1657 26.0024 22.9162 42.8301 35.2067 22.1716 15.4453 16.1633 15.0227 42.1733 27.5602 12.4645 17.3127 36.3069 14.5617 13.4789 14.1816
internal_count=761 550 189 114 361 198 173 211 170 41 128 78 71 151 127 75 53 50 42 163 99 43 51 141 43 42 52
is_linear=0
shrinkage=0.03


Tree=69
num_leaves=29
num_cat=0
split_feature=14 58 37 49 58 54 34 13 30 30 56 61 58 20 16 38 51 46 44 41 33 34 54 30 55 35 16 16
split_gain=6.07036 4.13526 4.30155 3.49217 3.08166 3.75249 5.6912 5.43513 3.94219 3.29741 6.78357 4.34987 2.93866 3.59942 3.4099 2.79138 2.53503 5.63263 1.92959 1.71897 1.59488 1.18685 0.806916 0.4841 3.16742 0.253597 0.112334 0.351854
threshold=0.15264902617666562 1.505492504350302 -1.2864425172820704 0.77401364886182622 0.68274220215239889 -0.085056930365870781 -0.30019487279473439 0.093534488915873626 -0.52654586118012381 -0.74224731480908934 1.0000000180025095e-35 362.50000000000006 1.0000000180025095e-35 0.93812457560051132 0.68519846865430689 -0.89766845715126997 -0.21441029684291832 -0.37330935798638304 1.0000000180025095e-35 -0.38989397468857828 -0.82565524643765043 1.0000000180025095e-35 -0.99015843301710238 0.40816043787872541 -0.086746840740445794 -0.45112045080977969 0.54485420997855372 0.70653726442628473
decision_type=2 2 2 2 2 2 2 2 2 2 2 2 2 2 2 2 2 2 2 2 2 2 2 2 2 2 2 2
left_child=1 2 -1 12 5 6 7 8 -4 10 -7 -11 14 26 -2 -9 17 -13 25 -5 -12 -8 -10 24 -18 -6 -14 -28
right_child=3 -3 4 19 18 9 21 15 22 11 20 16 13 -15 -16 -17 23 -19 -20 -21 -22 -23 -24 -25 -26 -27 27 -29
leaf_value=-0.015052607999364255 0.010975042396052804 -0.013965857378171612 0.0086789472862681492 0.01281271543132477 0.010840441633045364 -0.015949692718613746 -0.020060432645970704 0.0024095409065729816 -0.0049809560940110948 -0.0084355552895270785 0 0.021045219428958692 -0.023663281330483572 0.00061166744767431318 -0.013652126639799795 0.029008558430117251 0.021395705501794697 -0.011702860918859288 0.0028567416924587807 -0.0053624157065520267 0.01888890470534316 -0.0032194099969405469 -0.019806617554765135 0.024102233504877512 -0.00051114888215680139 0.025633869377653041 -0.0053570294424905374 -0.018114935054404032
leaf_weight=8.8416592180728895 9.4707184731960314 11.134477645158766 11.658878326416017 8.6133496165275556 7.6413888931274405 13.553223043680193 13.147462964057924 7.2915506660938263 9.8543856441974658 7.6911776363849631 7.2562341392040279 7.1574045419692984 16.450710684061054 9.274521589279173 7.8765304982662192 7.4082005321979505 13.81711766123771 8.8080437779426557 10.608699738979338 6.978557974100112 8.9915632903575879 7.2228288352489463 7.2918685972690573 13.980881631374357 8.738747000694282 8.0615125000476855 7.0158762931823713 7.3151175081729889
leaf_count=25 26 31 32 24 21 37 37 20 27 21 20 20 48 26 23 20 38 24 29 20 25 20 21 38 24 22 20 22
internal_value=-8.44186e-05 0.00259744 0.00370688 -0.007423 0.00477712 0.0030323 -0.00242916 0.00362427 -0.00384383 0.00695052 -0.001013 0.0109192 -0.0108159 -0.0151478 -8.51839e-05 0.0176298 0.0140212 0.00318133 0.0140512 0.00457023 0.0114035 -0.0149937 -0.0126939 0.0182879 0.0131563 0.0203568 -0.0198898 -0.0133476
internal_weight=273.153 200.157 189.023 72.9954 180.181 153.87 63.8752 43.5049 28.8051 89.9944 29.801 60.1934 57.4035 40.0562 17.3472 14.6998 52.5022 15.9654 26.3116 15.5919 16.2478 20.3703 17.1463 36.5367 22.5559 15.7029 30.7817 14.331
internal_count=761 552 521 209 496 424 177 120 80 247 82 165 165 116 49 40 144 44 72 44 45 57 48 100 62 43 90 42
is_linear=0
shrinkage=0.03


Tree=70
num_leaves=21
num_cat=0
split_feature=47 54 31 49 35 16 38 27 45 27 40 54 54 39 29 35 46 47 42 54
split_gain=2.49751 3.3961 3.29386 2.65945 3.65193 4.46663 4.98338 2.87211 3.28396 2.56285 2.42725 2.30119 2.19501 3.74084 2.60487 1.78879 0.973222 0.769919 0.743903 1.28937
threshold=1.2372120270043518 1.5998651284384102 1.1005760086238146 1.0000000180025095e-35 1.3077436441627228 0.75401192948561824 0.78811761189805996 0.93146411882424263 -0.33314236090963834 -0.3156319238547855 -0.15383930725914033 -0.45424556443933584 -0.5991315533222501 0.37813735556721356 -0.59328202072181935 -1.0000000180025095e-35 0.99047038935731202 -0.3938149362917816 0.6859125384808914 1.4544471028211376
decision_type=2 2 2 2 2 2 2 2 2 2 2 2 2 2 2 2 2 2 2 2
left_child=1 2 3 4 5 6 7 8 10 -10 -1 -6 15 14 -14 -5 -8 -7 -2 -20
right_child=18 -3 -4 12 11 17 16 -9 9 -11 -12 -13 13 -15 -16 -17 -18 -19 19 -21
leaf_value=0.0033156830318476489 -0.016980355113695885 0.017245795973910918 -0.015051614242164375 -2.9817771086359178e-05 0.027595331346580747 -0.0022749875396695781 -0.0019593167487702238 0.021408926061636503 0.015233472244949106 0.00022368856045710636 -0.010495501833279677 0.0016388990346918922 -0.0043732791063661449 -0.016194293733427522 0.019737313849551446 -0.022018189283085184 -0.020735431935937951 -0.018645397181093214 0.0058344352165158389 -0.01195785053020247
leaf_weight=30.902591973543156 7.0692177712917355 9.6918235570192319 10.400869116187094 5.8144563883543023 6.981764167547226 5.3211664855480185 5.2878624349832517 8.324650362133978 27.024952530860901 17.327100887894645 16.030480235815045 5.9571712315082532 5.8739784657955161 6.3308540284633628 7.5329386740922955 8.5515136420726741 6.306740328669548 8.6635686755180341 5.2120281904935819 6.2199697941541672
leaf_count=110 28 31 39 21 22 20 20 29 92 62 59 21 21 25 27 31 23 33 21 26
internal_value=0.000129604 0.00119789 0.000180132 0.00125651 0.00314126 0.0014234 0.0035256 0.0057811 0.00396821 0.00969958 -0.00145674 0.0174721 -0.00601936 0.00034007 0.00939413 -0.014341 -0.0138359 -0.0136277 -0.00993248 -0.00364625
internal_weight=210.826 192.324 182.633 172.232 138.128 125.189 111.204 99.6098 91.2851 44.3521 46.9331 12.9389 34.1037 19.7378 13.4069 14.366 11.5946 13.9847 18.5012 11.432
internal_count=761 686 655 616 491 448 395 352 323 154 169 43 125 73 48 52 43 53 75 47
is_linear=0
shrinkage=0.03


Tree=71
num_leaves=27
num_cat=0
split_feature=11 45 55 37 20 32 42 42 31 40 20 41 32 46 50 16 40 51 39 31 27 53 28 35 60 31
split_gain=7.68163 5.17818 3.28436 3.09761 2.56035 3.07654 2.38369 3.52969 3.60306 2.76668 2.36779 2.43066 2.34915 2.32924 2.28006 4.59207 2.5673 2.34663 4.94869 2.28406 1.47627 1.66118 1.21363 1.09227 0.774316 0.323317
threshold=0.14046147751294638 -0.43728818811547238 -1.2781268016298684 0.70548623981739111 -1.1752158189437669 -0.9619118956907432 -0.58954119831558549 0.44676496283155193 1.1005760086238146 -0.61792050640738194 0.1456219276464068 1.0000000180025095e-35 -0.56283012142356448 0.029214522416753676 0.783558818211468 0.71146498912636069 0.89034339082440361 1.0000000180025095e-35 -0.56157648959829631 -0.41664057886125572 0.93146411882424263 -0.87279857255701121 1.0000000180025095e-35 -1.0000000180025095e-35 505.50000000000006 1.0000000180025095e-35
decision_type=2 2 2 2 2 2 2 2 2 2 2 2 2 2 2 2 2 2 2 2 2 2 2 2 2 2
left_child=1 2 -1 6 -4 -6 -3 8 9 -8 -7 23 -5 -11 15 17 -16 18 -2 -19 21 -9 -17 -12 -23 -20
right_child=14 3 4 12 5 10 7 20 -10 13 11 -13 -14 -15 16 22 -18 19 25 -21 -22 24 -24 -25 -26 -27
leaf_value=0.021324553819764041 -0.003385147662442761 -0.018791318886202054 0.012701012402829379 0 -0.018971700887371778 -0.010892760211910497 0.011453740130798903 0.00090616731499370423 0.02231620137148789 -0.015797005213064604 -0.0074184707396987648 0.01814977328573043 -0.021681168925101912 0.0040339520233061065 -0.01489050321842047 0.03302361844521029 0.00885737963249132 0.005294400720393287 0.011131822768999324 -0.015552296640360064 0.0018305602806400719 -0.021805957436102762 0.011140944808140289 0.0060671787787488548 -0.0065225253100695876 0.027549401908393743
leaf_weight=6.312059372663497 11.848778456449507 7.9178354293107978 10.550422340631483 5.4773271977901485 7.1441624313592902 9.3804196268320066 9.24863448739052 5.319638177752501 6.207239791750907 10.662898495793344 9.1447554230689985 7.7590920925140372 18.89223600924015 7.9241300523281089 6.3833697438240034 7.3648982346057874 6.8701531291007996 9.5325551629066485 7.1310926079750079 6.6148924827575675 6.8465596288442603 11.16792978346348 7.7116203904151917 9.3590249121189171 8.0134659558534604 7.0957213044166565
leaf_count=20 37 28 33 20 24 30 31 21 20 38 30 23 78 26 21 20 20 29 21 21 24 46 22 29 29 20
internal_value=0 -0.00370442 0.00314138 -0.00792979 0.000355713 -0.00287996 -0.00455585 -0.00235971 0.0041355 -0.000647976 0.000819757 0.00558178 -0.0169947 -0.00737396 0.00810558 0.0106681 -0.0025248 0.00502949 0.0104331 -0.00350161 -0.00946278 -0.0127729 0.0242136 -0.000354141 -0.0166472 0.0215483
internal_weight=227.881 157.328 59.6499 97.6779 53.3379 42.7875 73.3083 65.3905 34.0429 27.8357 35.6433 26.2629 24.3696 18.587 70.5531 57.2996 13.2535 42.223 26.0756 16.1474 31.3476 24.501 15.0765 18.5038 19.1814 14.2268
internal_count=761 550 189 361 169 136 263 235 115 95 112 82 98 64 211 170 41 128 78 50 120 96 42 59 75 41
is_linear=0
shrinkage=0.03


Tree=72
num_leaves=27
num_cat=0
split_feature=48 45 33 37 48 45 43 45 40 18 53 45 29 54 34 23 51 27 33 19 26 19 40 12 53 38
split_gain=5.83397 3.13956 2.98682 2.95846 3.50904 2.74389 2.4297 2.82144 2.37384 3.25729 2.46615 2.32242 2.25945 2.1633 7.89302 2.18083 3.28162 3.22018 1.95374 1.98148 1.86766 1.43291 1.28595 1.26212 1.15355 1.03435
threshold=-0.24040416634704542 1.6971110564674181 -1.3923924656664173 0.52898622336554002 -0.57558827687431702 -0.82216483546917629 1.0000000180025095e-35 -0.10772767767034561 1.2384042901855852 0.78503452265227691 0.29502509991047993 0.6495300545963657 -0.59328202072181935 -0.16627470426144089 -0.30019487279473439 1.0000000180025095e-35 -0.21441029684291832 -0.62740593452454241 0.94503150586777152 0.21069260312450341 0.54007066143206039 0.88698253343489109 0.058864575683803787 -0.51969542582934802 0.87893693614422552 1.0000000180025095e-35
decision_type=2 2 2 2 2 2 2 2 2 2 2 2 2 2 2 2 2 2 2 2 2 2 2 2 2 2
left_child=3 2 -2 4 8 -4 13 -8 9 12 -10 22 -1 14 18 -15 -17 20 19 -7 -18 -3 -9 -14 -12 -6
right_child=1 21 5 -5 25 6 7 11 10 -11 24 -13 23 15 -16 16 17 -19 -20 -21 -22 -23 -24 -25 -26 -27
leaf_value=-0.0041466224748707859 -0.014213172104981828 0.020468228034467253 -0.011270924608298984 0.0076615637458236682 -0.0073253830159327633 -0.0071614522011671632 -0.012767307331108859 0.015578184958675145 0.00047939727402844496 -0.015188519267511169 -0.024545448525340338 -0.0067829360814025902 0.00088505362489484508 0.022210218486659078 -0.017566086130878681 -0.0055607125654792283 -0.007264816239373118 0.022379126358215113 0.020200979183885585 0.011707108911162601 0.011082504881768183 0.0025701376391874544 0.00016857957948678939 0.017913001340123115 -0.0072508719743502705 -0.023725566375334243
leaf_weight=11.31651449203491 8.4056491851806623 11.414807081222536 9.9691300094127637 11.170441031455992 8.8477879166603106 7.5171715617179933 12.937569677829741 10.666547536849981 11.371247887611391 7.1093789935111991 8.2127985656261462 11.678905516862867 7.1480256915092477 10.691880166530607 12.096945792436598 12.069217264652243 7.7095065414905539 13.206136822700513 9.6086758673191053 9.4481664597988111 9.1189856231212598 7.7792819738388053 9.5339260101318342 10.727481067180637 10.375592201948164 12.347624152898787
leaf_count=32 23 33 28 30 25 21 36 29 32 21 25 32 20 29 34 33 21 36 26 26 25 21 26 29 30 38
internal_value=-8.26835e-05 0.00319461 0.00166491 -0.0058809 -0.00777809 0.00275312 0.00393406 -0.00164794 -0.00406675 0.000972871 -0.0101191 0.00305581 0.00565423 0.00671613 0.00107432 0.0105942 0.00684425 0.0120468 0.0102586 0.00311911 0.00244317 0.0142162 0.00909624 0.0120092 -0.016453 -0.0180805
internal_weight=272.479 173.853 154.658 98.6269 87.4565 146.253 136.284 44.8169 66.261 36.3014 29.9596 31.8794 29.192 91.4667 38.671 52.7957 42.1038 30.0346 26.574 16.9653 16.8285 19.1941 20.2005 17.8755 18.5884 21.1954
internal_count=761 479 425 282 252 402 374 123 189 102 87 87 81 251 107 144 115 82 73 47 46 54 55 49 55 63
is_linear=0
shrinkage=0.03


Tree=73
num_leaves=23
num_cat=0
split_feature=48 31 37 49 40 53 35 16 55 54 61 42 18 16 30 54 39 60 48 54 54 46
split_gain=2.42254 2.70761 2.52942 2.15466 3.7127 5.28551 3.15943 3.14061 3.17747 3.95043 2.73506 2.48863 3.18455 2.34669 3.80914 1.82455 1.49345 0.944309 0.668346 0.628194 0.740112 0.367709
threshold=1.4735948078423851 1.7026460830226522 1.739272050463947 1.0000000180025095e-35 1.1223839903985249 0.29502509991047993 0.91688495639105549 0.75401192948561824 -0.51310620796549311 -0.58069913359815983 362.50000000000006 -1.0501217143809798 0.38463857949896701 0.6145462688333535 -0.74224731480908934 -1.1469410970054874 -0.37232856244690871 510.50000000000006 -0.35766146289836459 -0.5401118674488431 0.49782990364849805 -0.74330050071102305
decision_type=2 2 2 2 2 2 2 2 2 2 2 2 2 2 2 2 2 2 2 2 2 2
left_child=1 2 3 4 6 -6 7 8 11 15 -11 -1 -13 14 -5 -10 -7 -8 -9 -16 -21 -2
right_child=21 -3 -4 13 5 16 17 18 9 10 -12 12 -14 -15 19 -17 -18 -19 -20 20 -22 -23
leaf_value=-0.019661171773306917 -0.0035026329721121103 0.016785131870099144 0.013843432959487404 0.0081537946372308209 -0.008626738798717672 0.031724555503696759 -0.0022277402474706054 -0.0019803771704948164 0.0048229463004847558 0.014679190533377054 -0.0026570247075273297 -0.0055060918159875426 0.01332373984378849 0.0075250174418062732 -0.02235926293448573 0.025980860201479706 0.0077982937783991095 -0.020666925368646994 -0.017626793669371706 -0.0012642804312984676 -0.01589769175845665 -0.018136839576253717
leaf_weight=5.7188591659069052 4.6951540559530258 7.7402339577674857 9.9283485263586027 6.2231427431106594 5.9066422879695919 6.8761196434497842 5.1879911273717862 5.2635214030742645 7.7468028664588955 9.2777939885854845 31.769175305962563 28.208059728145592 9.585471570491789 6.454892396926879 9.9919953793287313 10.106575906276694 6.1886503100395176 7.2298133075237274 7.532839894294737 7.3367592692375148 6.2377660870552063 5.3978433609008771
leaf_count=22 20 24 33 22 21 21 19 20 26 32 119 101 33 23 37 33 21 28 29 27 25 25
internal_value=0.000123568 0.000915858 0.000123102 -0.000695944 0.000904881 0.0127882 -0.000943107 0.000630088 0.00248431 0.00698602 0.00149981 -0.00350585 -0.000251323 -0.00710841 -0.0106797 0.0181956 0.0227732 -0.0144647 -0.0124937 -0.0160827 -0.00929945 -0.0131808
internal_weight=210.604 200.511 192.771 182.843 146.598 18.9714 127.627 115.209 102.413 58.9003 41.047 43.5124 37.7935 36.2446 29.7897 17.8534 13.0648 12.4178 12.7964 23.5665 13.5745 10.093
internal_count=761 716 692 659 525 63 462 415 366 210 151 156 134 134 111 59 42 47 49 89 52 45
is_linear=0
shrinkage=0.03


Tree=74
num_leaves=28
num_cat=0
split_feature=47 30 16 44 28 12 44 1 2 47 33 38 42 42 39 37 39 46 46 40 39 45 35 0 20 2 28
split_gain=7.21124 2.82469 4.43965 3.85106 2.73018 3.67128 3.07178 3.64941 2.72231 2.70626 2.42007 2.35929 1.98812 1.88545 3.64861 2.281 4.39369 1.8097 2.15181 1.59687 1.18928 0.806527 0.749522 0.656389 0.367486 0.243744 0.0156748
threshold=0.093808829164217136 1.0000000180025095e-35 0.49547323394279841 1.0000000180025095e-35 -0.40430542895324534 -0.47135451381469029 1.0855945414097177 -0.42474363613284255 -0.71151336866784753 -1.5142354857879725 1.0000000180025095e-35 -0.054775422626605112 -0.37696557551617277 0.6859125384808914 -0.24833854120979301 0.70548623981739111 0.84799427814996886 0.41458395932871844 -0.14279640291977913 -0.43099891230600668 -0.6790407202439851 0.60074469712666201 -1.2328378263531141 0.22047719574188482 0.40978947696444162 0.0072235679594834547 -0.72614270032711548
decision_type=2 2 2 2 2 2 2 2 2 2 2 2 2 2 2 2 2 2 2 2 2 2 2 2 2 2 2
left_child=4 13 3 11 5 10 7 12 -8 -9 -1 -3 -6 14 22 16 21 18 19 -11 -7 -16 -2 -19 -10 -5 -12
right_child=1 2 -4 25 6 20 8 9 24 17 26 -13 -14 -15 15 -17 -18 23 -20 -21 -22 -23 -24 -25 -26 -27 -28
leaf_value=0.0016359747272348319 -0.0056279351786636947 -0.0055891253545945234 0.019383362136887124 -0.020653873106723217 0.015808070629032417 -0.0091266259424524591 -0.00034650330843088805 0.0089789109609383459 0.0084641147521669884 0 0.015124158924229778 0.017995103441590402 -0.0022867923315467577 -0.018145991740953278 0.0053774182801915116 -0.010741588173916808 -0.010656129908384732 -0.022203040561430232 0.005582200572211469 -0.017584789753120816 0.0069331666686246081 0.023953277833772504 -0.022237343967224567 -0.0065175637985091881 0.023393909052818039 -0.0065193684956568907 0.030279106050122753
leaf_weight=6.7612196803092983 6.329298570752143 6.325268566608429 7.2190698385238639 7.0317956358194333 12.202832251787187 6.6932732760906219 11.631883770227434 7.7684612870216361 6.9081902801990491 7.0099797546863565 8.996931195259096 5.8279972076416069 7.6687729358673087 17.824537083506584 5.8927314728498512 9.1358050107955915 6.9878142923116675 8.5181327611207944 11.66953954100609 9.2701528966426849 6.7549945712089521 6.0495822578668594 9.4210196286439878 7.2437782883644095 7.7312884926795959 5.314069390296936 7.1143062114715567
leaf_count=20 23 23 23 27 35 21 34 23 20 23 27 20 23 76 20 35 26 31 38 32 21 20 35 23 22 20 20
internal_value=0 -0.00635874 0.000737502 -0.00532735 0.00442713 0.011305 0.00167535 -0.00151689 0.010175 -0.00577871 0.0182627 0.00601553 0.00887384 -0.010036 -0.00611301 0.000334789 0.00637019 -0.00874504 -0.00352996 -0.0103189 -0.000772242 0.0168566 -0.0169804 -0.0165347 0.0181619 -0.0163686 0.0241659
internal_weight=227.303 93.359 31.7182 24.4991 133.944 36.3207 97.623 71.3516 26.2714 51.48 22.8725 12.1533 19.8716 61.6408 43.8163 28.0659 18.9301 43.7116 27.9497 16.2801 13.4483 11.9423 15.7503 15.7619 14.6395 12.3459 16.1112
internal_count=761 348 113 90 413 109 304 228 76 170 67 43 58 235 159 101 66 147 93 55 42 40 58 54 42 47 47
is_linear=0
shrinkage=0.03


Tree=75
num_leaves=30
num_cat=0
split_feature=48 54 37 47 61 26 21 39 61 46 37 39 40 61 40 57 49 50 42 34 54 1 39 46 27 40 47 55 26
split_gain=5.56135 2.94955 2.86222 3.65479 4.26594 2.52848 3.57288 3.73144 2.47671 2.37874 2.35441 2.71917 2.15243 2.49464 1.99253 1.58604 1.41164 1.88651 2.79361 2.13211 1.68836 1.28257 1.24193 1.04 0.803709 0.661325 0.421068 0.230199 0.146539
threshold=-0.24040416634704542 0.18004056970625362 0.52898622336554002 -0.56246045932627231 320.00000000000006 -0.6224561280720381 0.52685648017053255 -0.091719567015541403 320.00000000000006 -0.46732914306422241 0.93241483239834222 -1.0000000180025095e-35 1.2384042901855852 687.00000000000011 0.42626219167616192 -0.6201896622491444 0.77401364886182622 -0.41260619815548677 1.0000000180025095e-35 0.48709464138810549 1.3626554079558717 -0.21502122022650516 0.7305300475042803 -0.37330935798638304 -0.62740593452454241 -0.61792050640738194 -1.1482810640044929 0.19896285774405775 -0.00063947322100896015
decision_type=2 2 2 2 2 2 2 2 2 2 2 2 2 2 2 2 2 2 2 2 2 2 2 2 2 2 2 2 2
left_child=2 5 3 4 15 8 7 28 -2 -9 11 25 13 -6 -15 -1 17 21 -19 -20 22 -3 -21 -22 -18 -10 -17 -5 -7
right_child=1 16 -4 27 12 6 -8 9 10 -11 -12 -13 -14 14 -16 26 24 18 19 20 23 -23 -24 -25 -26 -27 -28 -29 -30
leaf_value=-4.1575356891980108e-05 -0.0098204175181879887 0.020750430353599716 0.00755394497392947 -0.010884217546316157 0.01673888203179321 -0.023734270006679957 0.011383771634727478 0.010664908360288069 0.025932848205105861 -0.0099060566231720694 -0.0032200283094390562 -0.0012628296869587547 -0.0074895614224948209 0.0087691193471086774 -0.011070016954938224 -0.010436856963773377 0.005129817121411126 -0.0097816597415500625 0.018229995231625079 0.0038823295647917046 0.016531698219584903 0.0040343221575074219 -0.0097281477269147171 0.00020007873223863818 0.021608519116178906 0.0090492111280110043 -0.02390111885270366 -0.022816312869181225 -0.011432163487301038
leaf_weight=7.6433371007442501 7.3075352907180777 8.435946077108385 11.170919954776762 11.003925889730455 11.707504004240038 8.3480722010135651 7.2685501575469962 8.6160632967948931 8.0878729224204999 8.5932884812355024 10.417206883430479 7.360511094331744 11.472020804882048 7.7450744211673719 7.3961179256439209 12.800563484430317 7.1691058576107025 12.462457776069639 8.0204308331012708 9.5321493148803729 7.0201445817947388 10.547915160655974 11.216524571180342 7.3376344144344312 7.5866549015045148 7.6821121573448172 6.9261671006679508 10.403831034898756 10.460435062646866
leaf_count=22 20 23 30 32 32 24 20 24 22 24 29 20 33 21 21 38 20 34 22 26 20 29 31 20 21 21 21 32 29
internal_value=-8.50671e-05 0.00311624 -0.00575822 -0.00763229 -0.00381768 -0.000853254 -0.00586671 -0.00982381 0.00433654 0.000101671 0.00787979 0.013014 0.00252419 0.00718445 -0.000685589 -0.0125745 0.00687363 0.00488351 0.00183439 0.00554151 0.00185057 0.012731 -0.00336549 0.0093721 0.0151835 0.019556 -0.0168018 -0.0180593 -0.0185376
internal_weight=271.74 173.471 98.2695 87.0985 65.6908 84.1416 43.2864 36.0179 40.8552 17.2094 33.5477 23.1305 38.3207 26.8487 15.1412 27.3701 89.329 74.5732 55.5893 43.1269 35.1065 18.9839 20.7487 14.3578 14.7558 15.77 19.7267 21.4078 18.8085
internal_count=761 479 282 252 188 233 121 101 112 48 92 63 107 74 42 81 246 205 153 119 97 52 57 40 41 43 59 64 53
is_linear=0
shrinkage=0.03


Tree=76
num_leaves=22
num_cat=0
split_feature=47 54 31 49 35 16 38 33 26 47 55 54 54 39 29 35 36 46 42 54 47
split_gain=2.33251 3.16593 3.17675 2.48738 3.39939 4.15527 4.76476 4.41526 2.6757 4.06083 4.0486 2.16843 2.08963 3.60544 2.49613 1.7464 1.12061 0.970455 0.745644 1.24157 0.741834
threshold=1.2372120270043518 1.5998651284384102 1.1005760086238146 1.0000000180025095e-35 1.3077436441627228 0.75401192948561824 0.78811761189805996 1.2885975921359878 -0.10878150015162276 0.44285262982524792 -1.0742199580840424 -0.45424556443933584 -0.5991315533222501 0.37813735556721356 -0.59328202072181935 -1.0000000180025095e-35 -0.41765673187322205 0.99047038935731202 0.6859125384808914 1.4544471028211376 -0.3938149362917816
decision_type=2 2 2 2 2 2 2 2 2 2 2 2 2 2 2 2 2 2 2 2 2
left_child=1 2 3 4 5 6 7 8 10 -10 -1 -6 15 14 -14 -5 -9 -8 -2 -20 -7
right_child=18 -3 -4 12 11 20 17 16 9 -11 -12 -13 13 -15 -16 -17 -18 -19 19 -21 -22
leaf_value=-0.0042587218653193926 -0.016744511443729355 0.016578833242479704 -0.014868386198065568 0 0.026565564834550161 -0.0021346382302232553 -0.0018245789231958833 -0.019156520557805441 -0.0036026831022495571 0.014785321789889637 0.017719757102253961 0.0014614302927453381 -0.0043195465711058706 -0.016014343943094835 0.019243484689256605 -0.021718193035552884 -0.00075309606109806517 -0.020587725325799545 0.0058639882720232612 -0.011665851215977107 -0.018270059129822346
leaf_weight=8.3922959566116315 6.9476894140243557 9.787171855568884 10.287869930267332 5.7859605252742776 7.0668103247880936 5.2927211970090857 5.2547347545623762 5.1860457062721252 30.3003564476967 14.732743814587591 34.316115573048577 5.978840619325636 5.8607255816459647 6.2497274279594413 7.5977639406919506 8.3741819709539378 6.9137341976165754 6.2310514450073242 5.1967130303382856 6.0994852781295776 8.4500591456890088
leaf_count=30 28 31 39 21 22 20 20 20 112 51 115 21 21 25 27 31 24 23 21 26 33
internal_value=0.000125836 0.00115463 0.000165214 0.00121987 0.00303892 0.00137291 0.00338622 0.00558061 0.00797795 0.00256677 0.0132673 0.01681 -0.00584286 0.000338118 0.00917724 -0.0140371 -0.010325 -0.013668 -0.00966565 -0.00339046 -0.0132711
internal_weight=210.303 192.059 182.272 171.984 138.116 125.07 111.327 99.8413 87.7415 45.0331 42.7084 13.0457 33.8684 19.7082 13.4585 14.1601 12.0998 11.4858 18.2439 11.2962 13.7428
internal_count=761 686 655 616 491 448 395 352 308 163 145 43 125 73 48 52 44 43 75 47 53
is_linear=0
shrinkage=0.03


Tree=77
num_leaves=27
num_cat=0
split_feature=11 42 42 54 46 23 19 20 28 28 50 16 55 51 39 31 30 18 37 46 46 28 31 57 33 31
split_gain=6.99863 4.88745 2.87194 3.43047 4.50781 4.21052 3.10135 2.74495 2.33548 2.26309 2.17446 4.24216 2.41945 2.23259 4.71032 2.20061 2.05706 1.9432 1.76987 1.73367 1.6727 1.17647 1.12583 0.931308 0.860702 0.315297
threshold=0.14046147751294638 0.89848816128030418 -0.58954119831558549 -0.085056930365870781 -0.23986897785845077 -0.85049253241068878 -0.35288233880081948 0.40978947696444162 -0.40430542895324534 -1.0479799717009854 0.783558818211468 0.71146498912636069 1.1457622236790719 1.0000000180025095e-35 -0.56157648959829631 -0.41664057886125572 0.22840922652125425 0.38463857949896701 0.52898622336554002 -0.87142087069997831 0.33094300439309748 1.0000000180025095e-35 -0.82604822945246514 -0.6201896622491444 -0.82565524643765043 1.0000000180025095e-35
decision_type=2 2 2 2 2 2 2 2 2 2 2 2 2 2 2 2 2 2 2 2 2 2 2 2 2 2
left_child=1 2 6 5 9 22 8 20 -1 -5 11 13 -12 14 -2 -15 -3 18 -7 -11 -6 -13 -4 -10 -21 -16
right_child=10 16 3 4 7 17 -8 -9 23 19 12 21 -14 15 25 -17 -18 -19 -20 24 -22 -23 -24 -25 -26 -27
leaf_value=0.013303696216457089 -0.003427247101292634 -0.020065517424553939 0.002453770101816286 0.0050149621840087149 0.0079333496799431184 0.025311444862969965 -0.017640171544360952 0.018137752470543462 -0.01401807309166467 -0.0011389917523591511 -0.01469791370639837 0.031797818491791079 0.0083632809797834114 0.0050801372929276615 0.010714526460515076 -0.015402496586651791 -0.00032418263591963228 4.5874854459731887e-05 0.0037126372350451547 -0.0061366234197613835 -0.011494797274849431 0.010530566269603029 -0.013075339973303681 7.4672515861284942e-05 -0.023025777418537046 0.02670407167209303
leaf_weight=6.1971133351325998 11.843238309025763 18.592480286955837 7.4870466142892838 6.0146223306655875 6.1687768101692217 13.284175366163259 15.480543836951254 9.3213474303483945 6.5290855169296256 8.410171642899515 6.3421159982681257 7.402670890092848 6.8924176692962646 9.5467292666435259 7.1605552434921282 6.5730035901069632 7.1074358820915213 6.7041087299585334 6.1151154786348334 6.5256391316652325 6.609449565410614 7.7606970071792603 6.0563991218805295 7.1356365978717813 12.348212689161299 7.1481044590473175
leaf_count=19 37 79 25 21 21 39 55 30 23 31 21 20 20 29 21 21 26 21 21 24 22 22 22 24 47 20
internal_value=0 -0.00355814 -0.00108244 0.00159808 -0.00312524 0.00821708 -0.0082255 0.00694494 0 -0.00999229 0.00772221 0.0102211 -0.00265191 0.00479254 0.0100537 -0.00353158 -0.0151455 0.0150292 0.0195452 -0.013598 -0.00184739 0.0232009 -0.00470307 -0.00698381 -0.0183626 0.0208578
internal_weight=226.757 156.087 130.387 95.0451 55.3982 39.6468 35.3424 22.0996 19.8618 33.2986 70.6695 57.435 13.2345 42.2716 26.1519 16.1197 25.6999 26.1034 19.3993 27.284 12.7782 15.1634 13.5434 13.6647 18.8739 14.3087
internal_count=761 550 445 324 196 128 121 73 66 123 211 170 41 128 78 50 105 81 60 102 43 42 47 47 71 41
is_linear=0
shrinkage=0.03


Tree=78
num_leaves=31
num_cat=0
split_feature=14 45 29 58 32 60 43 40 51 45 45 45 58 55 44 55 32 20 57 42 26 34 55 25 40 61 23 36 45 45
split_gain=5.32511 4.18228 3.18422 3.12088 2.51968 2.47935 2.45469 4.06553 3.21877 3.19229 2.32683 3.71515 2.17094 2.14819 2.11421 2.10655 1.99727 1.95101 2.08645 2.45259 1.94481 1.92026 2.93797 1.76792 0.958655 0.955237 0.552627 0.853482 0.819158 0.0624278
threshold=0.15264902617666562 -0.11338146604203959 0.2783156969795369 1.505492504350302 -0.7623710085571539 552.50000000000011 0.45178027999793652 -1.0820017055556235 -0.21441029684291832 -0.82216483546917629 0.60074469712666201 1.6160220478699088 1.0000000180025095e-35 -1.0161448632137258 0.70865788894657311 -0.50210356269897893 -1.0000000180025095e-35 -0.6468807203076975 1.0000000180025095e-35 -0.16438995271675999 -0.6224561280720381 0.48709464138810549 -0.051296828995173127 0.29681202598455392 -0.15383930725914033 362.50000000000006 -0.53958833298014464 -0.76051244836256127 0.27751129343510822 -0.62211805086690664
decision_type=2 2 2 2 2 2 2 2 2 2 2 2 2 2 2 2 2 2 2 2 2 2 2 2 2 2 2 2 2 2
left_child=1 3 5 6 -3 -2 7 13 -9 23 14 21 -8 -1 26 -13 24 25 19 29 -4 -12 -23 -10 -11 -7 -6 -28 -29 -19
right_child=2 4 20 -5 10 17 12 8 9 16 11 15 -14 -15 -16 -17 -18 18 -20 -21 -22 22 -24 -25 -26 -27 27 28 -30 -31
leaf_value=0 -0.023916209857194878 -0.0069026392680278251 0.01464020433831315 -0.018162570402165786 0.0063841193853857621 -0.02135532694483621 -0.016398467824169698 0.019502511443715811 0.0015778518327976153 0.0055629527903981995 0.0050521295939309407 0.025136847139847998 0.0016446764214938562 -0.02039698283763915 0 0.0045267363838709437 -0.0030784104400819307 -0.0073477381232218402 0.0080746039244667112 0.0045202370633695109 -0.0052312494507529032 -0.019952143372441496 0.0029931878791918509 -0.017684172266496431 0.021301960092247732 -0.004711031340045406 0.027482535836455189 0.0035300438907385555 0.01886393049180218 -0.018267586029450566
leaf_weight=9.8503359258174914 8.888021916151045 9.4290052354335767 7.3653379678726196 8.1021536290645582 7.2669574320316341 8.651376426219942 12.09762814640999 12.078825026750563 7.0977974534034676 10.231943190097807 14.246201127767565 7.1654285788536098 9.3127470314502698 7.1300550103187552 7.6301792263984671 12.881704747676848 7.9522998631000616 6.7622704505920357 10.189746290445326 8.3836603164672905 7.1365470588207227 8.7915816903114337 8.3954511582851392 7.0875075459480286 7.7056516110897055 7.6368491351604453 9.09034311771393 8.0519419312477094 7.2574844956398001 7.1662982404232025
leaf_count=27 26 26 20 23 20 27 35 33 20 28 39 21 26 20 21 36 22 20 29 24 20 24 23 20 21 22 25 22 20 21
internal_value=-8.12236e-05 0.0024331 -0.00699804 -0.00189524 0.00671819 -0.0101427 -0.000102149 0.00260205 0.00679891 0.00226019 0.00828721 0.00375149 -0.00869461 -0.00946919 0.0137257 0.0134089 0.00847994 -0.00687579 -0.00217501 -0.00732165 0.00491257 -0.00255573 -0.00908224 -0.00843445 0.0137549 -0.0149442 0.0170031 0.0193812 0.0121907 -0.0145847
internal_weight=271.033 198.853 72.1801 98.6469 100.206 57.6782 90.5448 69.1344 52.154 40.0752 90.7773 51.4804 21.4104 16.9804 39.2969 20.0471 25.8899 48.7902 32.502 22.3122 14.5019 31.4332 17.187 14.1853 17.9376 16.2882 31.6667 24.3998 15.3094 13.9286
internal_count=761 552 209 275 277 169 252 191 144 111 251 143 61 47 108 57 71 143 94 65 40 86 47 40 49 49 87 67 42 41
is_linear=0
shrinkage=0.03


Tree=79
num_leaves=24
num_cat=0
split_feature=41 56 58 41 37 27 26 26 61 19 40 30 1 35 47 1 32 35 56 1 45 32 9
split_gain=2.41215 2.31852 2.24591 2.36471 1.95689 2.43269 2.30025 2.61286 1.89165 2.52479 3.85929 2.02785 4.18749 2.23302 2.04199 1.90146 1.4263 1.35698 1.27424 2.86058 2.54727 1.06068 0.828056
threshold=-1.3430560306564756 -0.89030891969515213 1.505492504350302 -0.94172463866999256 0.70548623981739111 1.0000000180025095e-35 1.4052068768769712 0.97263876915451564 339.00000000000006 0.88698253343489109 0.89034339082440361 1.0000000180025095e-35 -0.36754661361293234 0.070024466219109779 -0.40119959480519979 0.08049672945969738 -0.16374834715638595 0.070024466219109779 -0.89030891969515213 -0.19595554605320176 -0.22362032757427402 -0.7623710085571539 -0.51632730107838543
decision_type=2 2 2 2 2 2 2 2 2 2 2 2 2 2 2 2 2 2 2 2 2 2 2
left_child=1 -1 3 22 6 18 7 8 9 10 -5 12 -10 -13 -15 -14 -4 -8 -6 20 -20 -3 -2
right_child=2 21 16 4 5 -7 17 -9 11 -11 -12 13 15 14 -16 -17 -18 -19 19 -21 -22 -23 -24
leaf_value=-0.0039903635450046033 -0.0016534440178550647 0.0040174596168090935 0.016554282291139338 0.021404340474773319 0.017831217679858267 -0.01107791296471017 -0.00065568384089865085 -0.017417282164991207 0.016340345000918313 -0.0080774200321972935 -0.0040794625225033399 -0.020212901374571036 -0.011428130423008413 -0.013636433468299755 0.0031210322051676551 0.0042389398388829654 0 0.017687352484149852 0.0071298875308007711 0.014646611727166046 -0.016770121978571806 0.021874643407331262 -0.018546367239325331
leaf_weight=6.9668958783149746 5.0922765284776679 6.8208254575729379 8.5645978599786776 10.187534943223005 8.044193387031557 5.5015466958284369 5.8441924005746824 10.709547609090803 8.8423190563917142 8.8136640936136228 8.5054228007793409 11.516819089651106 17.841279819607738 9.6522534638643211 13.848734751343732 9.2171305269002897 7.896573305130004 5.7885238826274872 6.347580775618554 10.541166245937346 6.5518777221441278 8.451263546943661 8.5352396070957166
leaf_count=25 19 22 28 35 25 21 21 42 31 32 31 45 69 38 53 34 28 20 22 36 25 26 33
internal_value=0.000115986 0.00915469 -0.000986479 -0.00205643 -0.000919927 0.00493436 -0.00280048 -0.00421664 -0.00248035 0.0039315 0.0100702 -0.00508004 0 -0.0100576 -0.00392677 -0.00593889 0.00906047 0.00899275 0.00829073 0.00390061 -0.00507509 0.0153296 -0.0134204
internal_weight=210.081 22.239 187.842 171.381 157.754 36.9864 120.767 109.135 98.4252 27.5066 18.693 70.9185 35.9007 35.0178 23.501 27.0584 16.4612 11.6327 31.4848 23.4406 12.8995 15.2721 13.6275
internal_count=761 73 688 632 580 129 451 410 368 98 66 270 134 136 91 103 56 41 108 83 47 48 52
is_linear=0
shrinkage=0.03


Tree=80
num_leaves=26
num_cat=0
split_feature=13 45 37 55 50 40 16 60 25 48 61 19 27 36 41 58 35 45 17 44 49 26 12 2 32
split_gain=6.64264 4.73269 3.80942 3.67411 2.99762 3.07877 2.86626 2.14045 3.39059 2.20204 2.43229 2.04027 1.9431 4.06289 1.92556 2.0692 2.74723 1.25719 1.18058 1.11807 0.903607 1.58034 0.929296 0.878516 0.643096
threshold=-0.089822172711967518 -0.43728818811547238 0.70548623981739111 -1.2781268016298684 0.783558818211468 0.77091072927890036 0.71146498912636069 449.50000000000006 0.29681202598455392 0.78603588125173329 510.50000000000006 1.2251274985900851 0.93146411882424263 0.23948339139801147 -0.94172463866999256 -1.0000000180025095e-35 -0.45112045080977969 -0.76327742307566215 0.18044905984281401 -1.0000000180025095e-35 -0.40961508875463648 0.97263876915451564 -0.51831945259329426 -0.6473881401211713 -0.36328923428997523
decision_type=2 2 2 2 2 2 2 2 2 2 2 2 2 2 2 2 2 2 2 2 2 2 2 2 2
left_child=4 3 7 -2 6 -6 11 20 9 10 -9 12 13 19 -5 16 -16 -17 -8 -1 21 -3 -22 -20 -4
right_child=1 2 24 14 5 -7 18 8 -10 -11 -12 -13 -14 -15 15 17 -18 -19 23 -21 22 -23 -24 -25 -26
leaf_value=-0.011449673229917239 0.022348977723961678 0.0053070327901428849 -0.0074156634185016945 -0.010192942988165386 -0.018205617690223164 0.0068214376472447019 0.004655305204429281 0.010095828621381003 -0.015047423571699326 0.01725307510841197 -0.0097700703385936866 0.014349529860626171 -0.0085031055629549122 0.021568495374573431 -0.004987291467849317 0.0031758110101035818 0.016381419890536611 -0.011760399698482733 0.010526916504556354 0.0041438372016239485 -0.0026014550331813985 -0.013759945949999373 -0.018214447350628632 0.030108105464406554 -0.02225879125452878
leaf_weight=6.8513971567153886 6.0970853567123404 7.761068135499956 7.2794042080640819 11.260027691721914 6.6818994879722577 7.9591875672340393 6.3876008689403561 9.3353784233331734 7.623930111527442 8.5422871708869916 9.8631125241518003 12.391356140375136 11.822841107845305 7.5809192061424246 6.8448214530944815 8.5918354392051715 14.198773577809332 8.2711426764726657 7.4731426537036905 6.324495464563376 6.6082384288311031 5.1034226268529892 12.413813784718512 7.7267593741416905 15.170958414673803
leaf_count=23 19 27 28 39 23 23 20 30 28 29 36 37 36 22 22 27 42 27 21 19 24 22 50 21 66
internal_value=0 -0.00384846 -0.00807088 0.00293167 0.00678674 -0.00485911 0.00948731 -0.00418752 0.000768822 0.00586968 0 0.00470645 0.000392578 0.00596062 0 0.00321488 0.00929533 -0.00418575 0.0182341 -0.00389737 -0.00965178 -0.00248627 -0.0136695 0.0226504 -0.0184624
internal_weight=226.165 144.965 89.7016 55.2637 81.1996 14.6411 66.5585 67.2513 35.3647 27.7408 19.1985 44.971 32.5797 20.7568 49.1666 37.9066 21.0436 16.863 21.5875 13.1759 31.8865 12.8645 19.0221 15.1999 22.4504
internal_count=761 516 340 176 245 46 199 246 123 95 66 137 100 64 157 118 64 54 62 42 123 49 74 42 94
is_linear=0
shrinkage=0.03


Tree=81
num_leaves=29
num_cat=0
split_feature=48 38 47 61 10 54 46 34 54 34 55 46 40 43 56 43 53 49 50 36 28 40 47 10 32 15 27 16
split_gain=5.06017 2.695 3.03272 3.56503 3.18101 2.68713 2.31727 2.08016 2.89698 2.89294 2.13448 4.10863 2.35992 2.33435 1.82679 1.53436 3.02 1.31916 1.80547 1.77511 1.82641 1.74562 1.82855 1.22624 0.928328 1.36299 0.817968 0.435205
threshold=-0.24040416634704542 -0.70315467995327052 -0.56246045932627231 320.00000000000006 0.35350328813463167 0.18004056970625362 1.0191212121133142 -0.30019487279473439 -0.10794886935850999 -1.0000000180025095e-35 -1.0837091059696868 -0.87142087069997831 -0.61792050640738194 1.0000000180025095e-35 1.0000000180025095e-35 1.0000000180025095e-35 0.29502509991047993 0.77401364886182622 -0.41260619815548677 -0.76051244836256127 -0.40430542895324534 -0.43099891230600668 0.44285262982524792 0.21245864618927521 -0.16374834715638595 -0.17330660294100361 -0.62740593452454241 0.24513310281890541
decision_type=2 2 2 2 2 2 2 2 2 2 2 2 2 2 2 2 2 2 2 2 2 2 2 2 2 2 2 2
left_child=1 -1 3 15 6 7 -5 10 9 -9 -2 -12 -13 -14 -6 -3 -17 18 23 -20 -21 -22 -23 -7 25 -4 -19 -18
right_child=5 2 24 4 14 17 -8 8 -10 -11 11 12 13 -15 -16 16 27 26 19 20 21 22 -24 -25 -26 -27 -28 -29
leaf_value=0.0095117335503707642 0.01275897203789509 -0.023269704262822221 -0.016957552546950139 0.016286600556938327 0.0013106418597751397 0.0038192423515951471 -0.0031513885345094451 -0.021125520578616438 0.0037149556616133251 0.00036496691930058026 -0.016979477511270328 0.01583363223463324 0.0077875000591723798 -0.012861515366045566 -0.016847087721498399 0.0072310143630151102 -0.005692170783118804 0.0046481287456876935 0.010370318599203517 -0.010303102257043567 0.010886419951054214 0.0060600202295723058 -0.012117252135195277 0.020169682592150445 -0.023444913268479171 0.00017519665842888866 0.021066877207076996 -0.020049820058357315
leaf_weight=8.1561180055141431 13.152052938938139 6.4896723628044155 6.8858011066913605 14.300158411264421 9.7865041196346301 10.521012812852861 7.1277897059917441 12.931190967559814 14.174457877874373 8.2879189848899841 8.8282555341720528 9.7394348680973035 9.0892940163612455 7.5867672860622397 7.3117459416389456 7.7656636238098171 6.6462028026580793 7.1191916167736053 14.000124663114546 12.774520605802531 11.912297457456587 7.9951057434082129 8.6689030230045301 8.407184958457945 9.6262303292751294 6.9317256808280963 7.5262896716594678 6.589118480682373
leaf_count=22 36 20 21 39 28 29 20 37 39 23 25 27 25 21 21 22 20 20 39 35 33 22 24 23 29 20 21 20
internal_value=-8.34984e-05 -0.00551595 -0.00708625 -0.00351009 0.00226056 0.0029735 0.0097759 -0.000819937 -0.006263 -0.0129976 0.00310913 -0.000702508 0.00514251 -0.0015628 -0.00686407 -0.0115027 -0.00629105 0.00656854 0.00464163 0.00165349 -0.00141744 0.00267098 -0.00328554 0.012323 -0.0160994 -0.00879551 0.0146306 -0.0145606
internal_weight=270.331 97.6167 89.4606 66.0169 38.5262 172.714 21.4279 83.7894 35.3936 21.2191 48.3958 35.2438 26.4155 16.6761 17.0983 27.4907 21.001 88.9246 74.2791 55.351 41.3508 28.5763 16.664 18.9282 23.4438 13.8175 14.6455 13.2353
internal_count=761 282 260 190 108 479 59 233 99 60 134 98 73 46 49 82 62 246 205 153 114 79 46 52 70 41 41 40
is_linear=0
shrinkage=0.03


Tree=82
num_leaves=27
num_cat=0
split_feature=41 55 37 61 49 31 18 31 44 44 43 18 18 55 27 55 45 46 19 46 60 41 57 55 2 28
split_gain=2.29025 2.26027 2.15003 2.6031 2.52037 3.55111 3.29679 3.17138 2.57723 3.41977 2.26908 2.93089 2.12446 2.05841 2.0287 2.55641 1.97992 2.22083 1.75942 1.75583 1.69503 0.914814 0.865997 0.598645 0.478977 0.389398
threshold=-1.3430560306564756 -0.53880428718843609 0.70548623981739111 199.00000000000003 -0.40961508875463648 -0.60930300266888371 0.73205367902245133 -0.82604822945246514 1.0000000180025095e-35 -0.79908872090600502 1.0000000180025095e-35 0.30730498801535799 0.2253726353126794 -0.14998003463079088 1.0000000180025095e-35 -0.95850727743981612 0.16362001627113013 -0.27319503611556611 0.88698253343489109 -0.67971317032493261 552.50000000000011 0.56326808127931949 -0.6201896622491444 0.10595294368384768 -0.36416838070668395 -0.72614270032711548
decision_type=2 2 2 2 2 2 2 2 2 2 2 2 2 2 2 2 2 2 2 2 2 2 2 2 2 2
left_child=1 -1 4 -4 7 13 8 -2 9 -7 -10 12 18 -6 15 20 -9 -18 -12 -17 -5 -14 -15 25 -3 -11
right_child=2 24 3 14 5 6 -8 16 10 23 11 -13 21 22 -16 19 17 -19 -20 -21 -22 -23 -24 -25 -26 -27
leaf_value=-0.0048720439860773408 0.0087203125912123022 0.0066286952406364686 -0.011639233757515053 -0.0077961032352087088 0.0010838270389131215 0.0084614118216352948 0.018517857157747175 -0.02101053476820694 0.018843606978437327 -0.0066816160574477692 -0.012370329237787641 -0.013829940185688918 0.021397500586602249 -0.0024739009579279212 -0.0069155126097026733 0.027461388623852872 -0.015154127506573212 0.0044816134966879952 0.0078105127248554312 0.0050596084053052869 0.010092322769023205 0.0037041295737054707 -0.018901575053836672 -0.002912258996980192 0.020285047630344447 -0.020729819734574155
leaf_weight=6.2776322662830379 5.9243047088384619 8.4570908248424566 5.7341814786195746 7.2352391928434363 10.172567591071131 8.8096071332693118 9.1329410225152952 14.180315703153612 7.520615577697753 6.8584992736578014 6.1764519363641739 6.9106595218181601 6.5111215561628342 5.3860273659229305 5.5008995831012717 8.4328354746103269 8.4382536113262194 9.0868121832609159 6.1888423711061478 6.9321745038032558 8.7477912753820402 6.4995168298482895 12.736187800765036 6.8038145750761023 7.5758678019046757 7.5435604453086844
leaf_count=24 20 26 22 27 36 33 33 56 26 26 24 26 22 20 21 26 35 33 21 24 29 24 48 26 23 30
internal_value=0.000120463 0.00891259 -0.000956606 0.0048123 -0.00272513 -0.000285381 0.00293871 -0.00924794 0.000470203 -0.00591039 0.00546647 0.00147466 0.00640509 -0.00917848 0.00788396 0.0108608 -0.0130284 -0.00510692 -0.00208481 0.0190592 0.00167724 0.0142688 -0.0148873 -0.0123097 0.0146072 -0.0156785
internal_weight=209.774 22.3106 187.463 42.5831 144.88 107.25 78.9556 37.6297 69.8227 30.0155 39.8072 32.2866 25.3759 28.2948 36.8489 31.348 31.7054 17.5251 12.3653 15.365 15.983 13.0106 18.1222 21.2059 16.033 14.4021
internal_count=761 73 688 149 539 395 291 144 258 115 143 117 91 104 127 106 124 68 45 50 56 46 68 82 49 56
is_linear=0
shrinkage=0.03


Tree=83
num_leaves=27
num_cat=0
split_feature=11 42 42 54 46 23 19 26 20 30 20 55 49 55 42 45 33 18 46 37 34 47 13 16 46 37
split_gain=6.35747 4.63454 2.7873 3.20794 4.2817 4.01278 2.99991 2.87339 2.56245 2.01806 1.95055 2.74039 2.71563 2.42209 2.37087 1.93594 2.17749 1.83441 1.6428 1.61502 1.56203 1.37639 1.24828 0.715028 1.80957 0.459363
threshold=0.14046147751294638 0.89848816128030418 -0.58954119831558549 -0.085056930365870781 -0.23986897785845077 -0.85049253241068878 -0.35288233880081948 -0.43320758094346418 0.40978947696444162 0.22840922652125425 0.93812457560051132 1.190069861591067 0.60492382920233145 1.5171533361270144 -0.58954119831558549 -0.48023324436002784 -0.82565524643765043 0.38463857949896701 0.33094300439309748 0.52898622336554002 -1.0218769274623372 -1.0700387349574327 -0.0077593140572029791 0.7333478106343797 0.27612564369684117 0.29365286809640545
decision_type=2 2 2 2 2 2 2 2 2 2 2 2 2 2 2 2 2 2 2 2 2 2 2 2 2 2
left_child=1 2 6 5 15 22 7 20 18 -3 11 12 21 -13 -12 -5 25 19 -6 -7 -1 -2 -4 24 -23 -17
right_child=10 9 3 4 8 17 -8 -9 -10 -11 14 13 -14 -15 -16 16 -18 -19 -20 -21 -22 23 -24 -25 -26 -27
leaf_value=0.0014366382414002269 0.0054506340120977111 -0.019777819929753641 0.0031536725746224652 0.0029403576165974257 0.0079703710728971002 0.024520840532617723 -0.017404129422083074 0.014004376610534353 0.017582042292141262 -0.00015407553378759384 -0.012932355070709176 -0.01173258643269577 -0.0016924149313328281 0.0093871893644170389 0.0080033218732835244 0.0025789762601603097 -0.020768312075029199 4.811141161953292e-05 -0.011327487425878132 0.0037379156821544341 -0.017273551714912114 0.0018412008233291794 -0.013210793245977676 0.031101074999407608 0.023472844957221052 -0.0078383744018451929
leaf_weight=6.6602572053670874 8.440948426723482 18.119040757417682 7.2119360864162445 7.1787985265254965 6.1531745493412036 13.36935287714005 15.286638826131819 6.7472073435783413 9.3859637528657895 7.0606466829776755 7.3496345281600979 7.3564839959144619 6.7888329029083243 9.4029083251953107 9.1672519743442518 5.6729797273874283 14.246628329157829 6.6910453587770453 6.5566547065973282 6.0980346798896781 6.4013585448265067 7.0956219434738177 6.2717113345861417 7.4234162867069236 7.700035959482193 5.7906829863786697
leaf_count=22 25 79 24 23 21 39 55 21 30 26 24 22 22 27 27 20 58 21 22 21 23 22 23 20 22 22
internal_value=0 -0.00341159 -0.00100775 0.00163515 -0.002957 0.00802604 -0.00807261 0 0.00682895 -0.014818 0.00734961 0.0100506 0.0144154 0 -0.00128064 -0.00971704 -0.013439 0.0146575 -0.00170748 0.01903 -0.00815577 0.0180811 -0.00461809 0.0219783 0.0145915 -0.00251844
internal_weight=225.627 154.902 129.722 94.627 54.9849 39.6421 35.0955 19.8088 22.0958 25.1797 70.7251 54.2082 37.4489 16.7594 16.5169 32.8891 25.7103 26.1584 12.7098 19.4674 13.0616 30.66 13.4836 22.2191 14.7957 11.4637
internal_count=761 550 445 324 196 128 121 66 73 105 211 160 111 49 51 123 100 81 43 60 45 89 47 64 44 42
is_linear=0
shrinkage=0.03


Tree=84
num_leaves=28
num_cat=0
split_feature=48 45 33 55 46 38 47 61 4 25 30 24 45 49 55 56 40 43 46 43 1 55 55 33 32 15 30
split_gain=4.7954 2.75332 2.86038 2.67787 3.01863 2.61008 2.95399 3.45363 3.16234 3.06175 2.57451 2.90243 2.6599 2.58929 2.46739 4.50111 2.19222 2.01137 1.68904 1.49495 2.02398 1.45071 1.28852 1.04922 0.895081 1.32584 0.301162
threshold=-0.24040416634704542 1.6971110564674181 -1.3923924656664173 -1.0297186655747252 -1.0507958995367035 -0.70315467995327052 -0.56246045932627231 320.00000000000006 -0.30349337508761559 0.93330079463337035 -0.63439658799460652 -0.34545301080965352 0.76029080182816955 -0.24052526909514185 -1.2781268016298684 1.0000000180025095e-35 -0.61792050640738194 -0.55247893019377237 -0.63773852973615885 1.0000000180025095e-35 -0.32941526526632553 0.21523622942042328 -0.012297705459268027 -0.1120949134190478 -0.16374834715638595 -0.17330660294100361 1.306916494666081
decision_type=2 2 2 2 2 2 2 2 2 2 2 2 2 2 2 2 2 2 2 2 2 2 2 2 2 2 2
left_child=5 2 -2 14 -5 -1 7 19 21 -10 17 13 18 16 15 -4 -12 -6 -13 -7 -21 -9 -3 -20 25 -8 -22
right_child=1 22 3 4 10 6 24 8 9 -11 11 12 -14 -15 -16 -17 -18 -19 23 20 26 -23 -24 -25 -26 -27 -28
leaf_value=0.0093947438792524474 -0.014101509162824375 0.018963573389161249 -0.010763569431329983 -0.01486326460201935 -0.014224571008890345 -0.022978542087440074 -0.01674772939428874 0.001570884219168605 0.017352051553896054 -0.0049328609373460444 0.0023976555625296607 0.0020681235069837105 -0.0021008443770181642 0.0091661816782249838 0.020051839637836438 0.015122707722047633 -0.01714645624960558 0.0014259436720294109 0.023754180029138518 0.0059151152394949415 -0.0051827476151561089 -0.014485720406346138 0.0017387983789112478 0.0089306934422440608 -0.0231296127066879 0.00016379118651217676 -0.017142143656952602
leaf_weight=8.1524578928947431 8.3814253509044629 11.662322759628298 9.8345875442028063 9.2441439330577833 12.140967160463335 6.4161960184574154 6.8415415585041046 8.3222155869007093 14.199932545423513 7.1919047534465781 7.4745099246501949 10.883860141038886 13.145162403583525 8.7450945973396284 11.860104233026503 11.303168922662733 10.894781768321993 14.270242989063261 11.966040939092631 6.7790937721729323 7.4427284300327265 8.7448471486568433 7.1966541409492484 13.362134218215955 9.5296190679073316 6.9280022382736224 6.7147552073001862
leaf_count=22 23 34 27 26 34 20 21 23 39 20 21 30 36 24 33 31 31 39 33 20 22 26 20 37 29 20 20
internal_value=-8.95159e-05 0.0028873 0.00145333 0.00252766 0.000220944 -0.00538937 -0.00694127 -0.00340983 0.00226672 0.00976549 0.00182787 0.00464718 0.0089161 -0.00297404 0.00984156 0.00289861 -0.00931129 -0.00593129 0.0129989 -0.0113021 -0.00615935 -0.00683869 0.0132976 0.0170941 -0.0158647 -0.00866571 -0.012337
internal_weight=269.628 172.365 153.506 145.125 112.127 97.2633 89.1108 65.8117 38.4589 21.3918 102.883 76.4716 49.3572 27.1144 32.9979 21.1378 18.3693 26.4112 36.212 27.3528 20.9366 17.0671 18.859 25.3282 23.2992 13.7695 14.1575
internal_count=761 479 425 402 311 282 260 190 108 59 285 212 136 76 91 58 52 73 100 82 62 49 54 70 70 41 42
is_linear=0
shrinkage=0.03


Tree=85
num_leaves=22
num_cat=0
split_feature=47 33 27 41 32 46 55 38 46 56 45 27 25 45 55 16 16 56 54 19 11
split_gain=2.2121 2.54441 2.30981 2.09241 2.36474 2.04214 4.67186 2.66831 2.56578 2.30129 1.94878 3.4121 2.84765 3.62973 2.12831 3.24878 1.77666 0.907743 0.742492 0.681205 0.530982
threshold=1.5185049333955656 -1.1692213327058665 1.0000000180025095e-35 -1.3430560306564756 -0.9619118956907432 -0.7255774210966075 -1.0742199580840424 -0.44380297702260402 -0.53355469527087585 1.0000000180025095e-35 -0.74753120137766527 1.2432381294939996 1.1322035348361255 -0.54815731040368576 1.4658375695512047 0.71146498912636069 0.30147957305278 -1.0000000180025095e-35 -0.26810595896866901 -1.1418872574962715 -1.8394631992855623
decision_type=2 2 2 2 2 2 2 2 2 2 2 2 2 2 2 2 2 2 2 2 2
left_child=1 2 -1 4 -3 6 18 9 19 -8 11 17 13 -12 15 -15 -6 -10 -5 -7 -2
right_child=20 3 -4 5 16 8 7 -9 10 -11 12 -13 -14 14 -16 -17 -18 -19 -20 -21 -22
leaf_value=0.020089741810542652 -0.0019824968289687038 -0.0049626891950664094 0 -0.015940453217130137 0.022822915076783096 -0.0034461956274998494 0.027273752510995737 -0.00096396178625920493 -0.020228160878903501 0.0026532406788139034 0.01350532984899995 0.0095584646892934548 0.016624729203495246 0.0011083515341061144 -0.017794435136379814 -0.017964869310170661 0.0014171715330702677 -0.0032333004502302569 -0.0010810662324332394 -0.018773671168934029 -0.018112799373902502
leaf_weight=9.6853998899459857 4.3103029578924179 7.0418949872255352 9.6163253337144834 5.8307424038648605 8.1716243028640729 5.8409105241298667 9.4993054717779142 8.3558088839054125 11.204824775457386 6.3138596117496482 10.963181078433989 5.1534834802150717 7.3985237479209891 49.656277522444725 7.467182680964469 7.9697424918413153 6.7870240062475196 5.6735432446002969 7.1875890046358091 9.8302711546421033 5.4919640421867353
leaf_count=32 19 24 33 22 25 23 29 30 43 21 38 18 26 181 28 31 23 22 26 41 26
internal_value=0.000126345 0.000879034 0.0108206 -0.000232457 0.00808867 -0.00149119 0.00447114 0.0121245 -0.00340244 0.0188714 -0.001564 -0.00920422 0.000509275 -0.00127224 -0.00409936 -0.00181686 0.0144896 -0.0155721 -0.00910898 -0.0142104 -0.0127552
internal_weight=209.45 199.648 19.3017 180.346 22.0005 158.345 37.1873 24.169 121.158 15.8132 105.487 22.0319 83.4549 76.0564 65.0932 57.626 14.9586 16.8784 13.0183 15.6712 9.80227
internal_count=761 716 65 651 72 579 128 80 451 50 387 83 304 278 240 212 48 65 48 64 45
is_linear=0
shrinkage=0.03


Tree=86
num_leaves=27
num_cat=0
split_feature=13 42 50 40 16 46 30 42 54 23 34 19 28 37 9 14 23 47 40 19 27 36 44 11 8 44
split_gain=6.02724 3.987 2.78427 2.93426 2.74072 2.68842 2.32252 2.08475 3.64886 4.8899 4.65336 3.22241 2.55992 2.18895 2.14146 2.36629 2.03708 2.2997 1.9538 1.92683 1.85616 3.84969 1.06231 1.02308 0.841291 0.595243
threshold=-0.089822172711967518 0.89848816128030418 0.783558818211468 0.77091072927890036 0.71146498912636069 1.0920665641408764 0.22840922652125425 -0.58954119831558549 -0.085056930365870781 -0.85049253241068878 0.48709464138810549 -0.35288233880081948 -0.40430542895324534 0.52898622336554002 -0.0095747803308182024 -1.1157895021238613 0.31539821545385166 0.606434748912277 -0.88119734053955756 1.2251274985900851 0.93146411882424263 0.23948339139801147 -1.0000000180025095e-35 0.14046147751294638 -0.77407226491516001 -0.15291160239775742
decision_type=2 2 2 2 2 2 2 2 2 2 2 2 2 2 2 2 2 2 2 2 2 2 2 2 2 2
left_child=2 5 4 -4 19 7 -3 11 9 18 16 12 -2 -11 -12 -16 -10 -18 -9 20 21 22 -1 -6 -25 -14
right_child=1 6 3 -5 23 -7 -8 8 10 13 14 -13 25 -15 15 -17 17 -19 -20 -21 -22 -23 -24 24 -26 -27
leaf_value=-0.011335128269707855 0.012872465230941918 -0.019614549669903513 -0.01793305353309008 0.006557006199238307 0.0046856409021291696 0.014927029505488127 0.00018157466224564826 0.0040934793004884992 -0.02292585234929613 0.021523037199343776 -0.0069977184316702429 -0.020620691505361003 -0.00011883996459394156 0.00043316634083670588 -0.0021366982177948718 0.019892821395702514 0.0039839253883233753 -0.018682758389303552 -0.017187314372973193 0.013720846984943474 -0.0084991664808814829 0.020779574942994858 0.0038622573230467964 0.0099778511822004902 0.028962698414924961 -0.014009966152668986
leaf_weight=6.8190943300723985 6.228821769356732 17.869420602917675 6.5926229506731016 7.9742070436477661 6.3694337904453304 6.9663719534873954 6.5039811581373206 6.143414631485939 11.15951628983021 14.883204042911531 8.3081057816743868 11.450608044862745 5.6764843761920956 6.9670417606830588 6.5746135115623465 8.4716057032346708 8.8280473351478559 4.9848127812147132 6.2794199734926206 12.466144323348997 11.81158936023712 7.637038826942443 6.3379077911377015 7.494002878665925 7.7526678144931767 6.4871811419725391
leaf_count=23 19 79 23 23 20 20 24 21 42 44 31 43 20 24 25 28 30 20 23 37 36 22 19 21 21 23
internal_value=0 -0.00369145 0.00645185 -0.00479267 0.00904742 -0.00130539 -0.0143958 -0.002547 0 0.00726425 -0.00529359 -0.00913485 -0.000666784 0.0155152 0.0040426 0.0105831 -0.0139858 -0.00483306 -0.00692525 0.00438737 0.00019646 0.00564446 -0.00395893 0.0175893 0.0217191 -0.00869115
internal_weight=225.037 143.783 81.2547 14.5668 66.6879 119.409 24.3734 112.443 82.5998 34.2731 48.3267 29.8431 18.3925 21.8502 23.3543 15.0462 24.9724 13.8129 12.4228 45.0718 32.6056 20.794 13.157 21.6161 15.2467 12.1637
internal_count=761 516 245 46 199 413 103 393 288 112 176 105 62 68 84 53 92 50 44 137 100 64 42 62 42 43
is_linear=0
shrinkage=0.03


Tree=87
num_leaves=29
num_cat=0
split_feature=0 58 14 29 37 58 13 54 34 13 28 30 33 33 57 38 30 45 45 42 26 61 46 57 53 23 61 12
split_gain=4.63485 2.80934 2.92951 3.47586 2.85878 2.67135 2.6171 2.58481 4.81779 3.79923 2.96695 2.48556 2.1365 1.91235 1.85692 4.13719 1.84369 1.72068 1.68007 1.66917 1.65898 1.65538 1.26219 0.972226 1.74936 0.282534 0.273634 0.223237
threshold=-0.72840783279328447 1.505492504350302 0.15264902617666562 0.2783156969795369 -1.2864425172820704 0.68274220215239889 -0.012206030724783733 -0.16627470426144089 -0.49701725134044411 0.093534488915873626 -0.40430542895324534 -0.52654586118012381 -0.82565524643765043 -0.95779604884850278 1.0000000180025095e-35 0.78811761189805996 -0.63439658799460652 1.8803279211434467 -0.0048579788908457086 -0.16438995271675999 0.54007066143206039 495.00000000000006 -0.37330935798638304 -0.6201896622491444 0.29502509991047993 -0.2286841335496006 552.50000000000011 0.62876835067395376
decision_type=2 2 2 2 2 2 2 2 2 2 2 2 2 2 2 2 2 2 2 2 2 2 2 2 2 2 2 2
left_child=13 2 4 14 -2 7 25 8 9 11 12 -6 -9 17 19 -16 -12 -1 -14 27 -15 -3 -10 -18 -25 -7 -13 -4
right_child=1 21 3 -5 5 6 -8 10 22 -11 16 26 18 20 15 -17 23 -19 -20 -21 -22 -23 -24 24 -26 -27 -28 -29
leaf_value=-0.0079597908634458543 -0.014602475340427693 -0.0036141058259949008 -0.021725944004778921 0.0065022529936386514 0.0062551522481249858 0.023808393207098936 -0.0013789071023015576 -0.013735250805381167 -0.020886374127177164 0.015371299246581427 -0.0029339629778894517 -0.01642551320141851 -0.0053898293175490145 0.0049172910535469749 -0.013871403030978087 0.01326430580613509 0.020685482485091333 0.010042757995847211 0.012567408864924051 -0.0021870870979012916 0.024119029274446143 -0.021469322352060775 -0.0031302818702491548 0.015916957152033478 0 0.0093185719755379728 -0.004858560674052703 -0.0091507020228271986
leaf_weight=7.3218265771865871 7.5832763612270346 12.6113797724247 13.995907425880434 13.771021634340284 10.12304300069809 7.7045530378818521 7.9810770452022544 9.04216116666794 12.251224130392076 12.048401474952696 7.2670246362686148 6.9430727362632751 7.9210898280143738 9.405445724725725 9.62396487593651 7.7048978209495536 9.6550163924694044 8.702217370271681 7.5520476996898633 9.208089083433153 9.5690556168556196 8.069833427667616 6.8876414299011222 11.266150683164598 12.934231609106062 7.1695891618728647 7.1454711556434631 7.3669851422309867
leaf_count=20 22 37 42 38 28 21 22 25 35 33 20 20 22 26 29 22 27 25 21 27 27 23 20 31 36 20 20 22
internal_value=-9.23937e-05 -0.00165648 -0.000565383 -0.00601756 0.00165241 0.00269214 0.0117782 0.000804292 -0.00385236 0.00249667 0.00482218 -0.00419976 -0.00314494 0.00983159 -0.00982656 -0.00139193 0.0096561 0.00149729 0.00335723 -0.0141318 0.0159516 -0.0118324 -0.015479 0.0125381 0.00803652 0.018684 -0.0119759 -0.0185367
internal_weight=268.826 233.827 213.146 61.6709 151.475 143.892 22.8552 121.037 55.3989 36.26 65.6377 24.2116 24.5153 34.9985 47.8998 17.3289 41.1224 16.024 15.4731 30.571 18.9745 20.6812 19.1389 33.8554 24.2004 14.8741 14.0885 21.3629
internal_count=761 663 603 180 423 401 63 338 156 101 182 68 68 98 142 51 114 45 43 91 53 60 55 94 67 41 40 64
is_linear=0
shrinkage=0.03


Tree=88
num_leaves=27
num_cat=0
split_feature=28 30 55 38 61 60 36 2 2 40 20 40 46 55 58 50 46 55 50 30 42 39 38 61 46 16
split_gain=2.22998 2.26138 3.78564 3.96656 6.11152 2.95865 2.67451 2.73052 2.43605 2.37022 2.41996 2.35757 2.34458 4.06577 2.1819 2.17842 2.12234 1.83348 1.91489 1.77405 1.58761 1.41048 1.30998 1.16416 0.942973 0.779638
threshold=1.5267181992899761 1.0000000180025095e-35 0.19896285774405775 0.61521647661094925 430.50000000000006 430.50000000000006 -0.76051244836256127 -0.51913768302781849 -0.28935561406889471 1.2384042901855852 -0.6468807203076975 -0.22635199462605313 -0.79861084772041058 -1.0519653147265711 1.0000000180025095e-35 -0.24172548153163614 -0.61863591630947889 -0.82190399488024413 -0.41260619815548677 -0.52654586118012381 -0.16438995271675999 1.0000000180025095e-35 -0.18445127409193807 430.50000000000006 -0.68792021077401022 -0.023021865243739132
decision_type=2 2 2 2 2 2 2 2 2 2 2 2 2 2 2 2 2 2 2 2 2 2 2 2 2 2
left_child=1 6 23 4 -4 -5 11 -8 -9 -7 -11 15 13 -10 20 19 24 -18 -19 25 -6 -2 -20 -3 -14 -1
right_child=21 2 3 5 14 9 7 8 12 10 -12 -13 16 -15 -16 -17 17 18 22 -21 -22 -23 -24 -25 -26 -27
leaf_value=-0.01893757173876847 0.016841731449457553 -0.002332287692704433 0.030666909990552629 0.0099208711065497251 0.0027079759015870264 -0.020309374412166712 -0.0088152467204348963 0.020890383471471326 -0.0028707378629046474 0.009629747181173624 -0.012709184198239248 -0.017795359239331478 -0.00034806003039487376 0.023690818059724828 0.010421993189551938 0.011857133859692255 0.01688083078429289 0.011972211563197414 -0.014160539330731785 0.0071120092100873345 -0.016571426008907989 -0.00031596498707234629 0.0015759092772224964 -0.019235949867293631 -0.018324822558227146 -0.0036030999752703786
leaf_weight=5.3505572527647045 9.6693476438522321 6.4080013781785974 6.1677003949880627 5.70945020020008 5.5690693706274059 12.741948649287226 9.4010121673345548 8.9416489452123624 7.7728622406721142 6.5387888252735138 7.86113493144512 7.722416713833808 5.8211358487606049 10.933531552553168 8.0011692345142347 7.8144450634717968 6.5423926860094026 6.8919899314641926 6.8438255488872501 5.5015313774347296 6.9218402206897727 5.8486143499612799 9.1365896910429267 15.016796693205833 4.8102520406246096 9.1703105866909009
leaf_count=22 31 23 20 20 20 51 35 30 28 22 28 30 21 35 28 28 22 24 25 20 29 21 34 61 20 33
internal_value=0.000126641 -0.0007541 -0.00455742 -0.000451314 0.00780357 -0.00737328 0.00194979 0.00509745 0.0072655 -0.0115497 -0.00223654 -0.00464277 0.00462387 0.0129633 -0.000427332 -6.61809e-05 0.000256576 0.00455582 0 -0.00550051 -0.0081781 0.0105647 -0.00545701 -0.0149253 -0.0102365 -0.010872
internal_weight=209.108 193.59 80.9359 59.5111 26.6598 32.8513 112.655 77.0952 67.6942 27.1419 14.3999 35.5593 58.7526 18.7064 20.4921 27.8368 40.0462 29.4148 22.8724 20.0224 12.4909 15.518 15.9804 21.4248 10.6314 14.5209
internal_count=761 709 302 218 97 121 407 274 239 101 50 133 209 63 77 103 146 105 83 75 49 52 59 84 41 55
is_linear=0
shrinkage=0.03


Tree=89
num_leaves=28
num_cat=0
split_feature=48 29 28 12 44 1 2 48 46 46 59 42 61 44 44 40 40 28 42 25 29 55 59 52 59 0 13
split_gain=5.71588 3.06962 2.55679 3.46157 2.72537 3.19972 2.58907 2.31846 2.15891 2.06597 2.00458 1.94799 1.90047 1.73265 3.61982 1.89943 1.56516 1.45221 1.18543 0.968865 0.925325 0.617586 0.3952 0.278579 0.199632 0.138691 0.0358386
threshold=0.15158351781853721 0.2783156969795369 -0.40430542895324534 -0.47135451381469029 1.0855945414097177 -0.42474363613284255 -0.71151336866784753 -1.5220499659952187 0.41458395932871844 -0.14279640291977913 -0.70923312242722125 -0.37696557551617277 510.50000000000006 1.0000000180025095e-35 -0.36830397523384001 -0.45443735670743318 -0.43099891230600668 1.0000000180025095e-35 0.20761738718221245 -0.33967674266426257 -0.26643287658381098 0.63358404354708509 0.30767955994134294 0.50774739739816754 1.0000000180025095e-35 0.22047719574188482 0.34790351726610219
decision_type=2 2 2 2 2 2 2 2 2 2 2 2 2 2 2 2 2 2 2 2 2 2 2 2 2 2 2
left_child=2 12 3 10 5 11 -6 -7 9 16 -1 -4 -2 14 15 26 -9 23 -19 -5 21 -15 -12 -3 -8 -10 -14
right_child=1 17 4 19 6 7 24 8 25 -11 22 -13 13 20 -16 -17 -18 18 -20 -21 -22 -23 -24 -25 -26 -27 -28
leaf_value=0.0021327440465833867 0.0088977034560504178 -0.020274977664143237 0.014833835318386819 0.0058713200122090491 -0.00093028550394459307 0.0068384056053929576 0.0088088221394644721 0.00031420662704053211 -0.021782738630579213 0.0058265371619230476 0.028915758960212191 -0.0029850136552565733 -0.018746336494935692 -0.020534282861569293 0.014024094701455367 0.0044690995039805082 -0.017202109035049287 0.0039558309547107042 -0.012950911668832686 -0.0086150257252412335 0 -0.0046475268508282801 0.012222084960108019 -0.0083462180666161838 0.021934884787082963 -0.0087564438895899443 -0.0068775265770743017
leaf_weight=6.904861956834794 11.281354397535322 14.313655182719232 12.224833250045778 6.6395727097988129 11.67401444911957 9.0274435579776746 7.5227020084857923 6.8833343684673265 7.9916975498199445 11.40057308971882 8.1168469786643964 7.7178455293178549 4.9827496558427828 6.9395177215337771 9.9551330059766787 6.0935886949300757 9.0443160086870211 7.1990271210670453 4.7969912886619568 6.7346722781658155 5.5872216820716849 6.111238107085228 7.8782001435756692 8.0958710610866529 7.1971986591815948 6.6143254041671753 5.4724926948547363
leaf_count=21 36 62 35 20 34 27 22 23 30 37 23 23 20 27 34 22 32 25 22 22 21 23 23 34 20 21 22
internal_value=0 -0.00576027 0.00392489 0.0105753 0.00126187 -0.00175853 0.00924918 -0.0057833 -0.00878092 -0.00317691 0.0173208 0.00793168 -0.00124282 -0.00411032 0.000682156 -0.00750989 -0.00991243 -0.0126401 -0.0030483 -0.00115313 -0.0107665 -0.0147534 0.0227893 -0.0170104 0.0170316 -0.0176212 -0.0146782
internal_weight=224.401 90.8288 133.572 36.2742 97.2983 70.9044 26.3939 50.9617 41.9342 27.3282 22.8999 19.9427 56.4233 45.1419 26.504 16.5488 15.9277 34.4055 11.996 13.3742 18.638 13.0508 15.995 22.4095 14.7199 14.606 10.4552
internal_count=761 348 413 109 304 228 76 170 143 92 67 58 205 169 98 64 55 143 47 42 71 50 46 96 42 51 42
is_linear=0
shrinkage=0.03


Tree=90
num_leaves=26
num_cat=0
split_feature=0 18 40 54 50 53 46 44 54 34 37 53 49 12 12 19 46 40 30 52 24 29 44 49 46
split_gain=4.40498 3.06368 3.46508 2.86092 2.74361 3.70403 2.86362 2.53041 2.48358 3.68919 2.39914 2.38255 1.77631 1.76849 1.75039 2.31797 2.483 1.72341 1.64593 1.57449 1.53756 1.25094 1.04313 0.523386 0.232868
threshold=-0.72840783279328447 0.77005856359550562 1.2384042901855852 -0.79206870029473386 -0.24172548153163614 1.0000000180025095e-35 -0.62264276598515023 -0.15291160239775742 -0.16627470426144089 -0.82505454891662733 -0.68129960373286691 0.29502509991047993 -0.40961508875463648 -0.27150726265227959 0.84397880103360023 0.99969752181995564 -0.87532319796129565 0.19422159210204101 -0.20299368073667626 -0.64481269035725508 -0.66821512404003536 -0.59328202072181935 -0.36830397523384001 1.0000000180025095e-35 -0.64571056667157978
decision_type=2 2 2 2 2 2 2 2 2 2 2 2 2 2 2 2 2 2 2 2 2 2 2 2 2
left_child=13 2 4 -3 8 7 -7 -6 9 12 -10 -4 -2 22 15 16 -12 19 -18 -11 -14 -8 -1 -13 -21
right_child=1 3 11 -5 5 6 21 -9 10 17 14 23 20 -15 -16 -17 18 -19 -20 24 -22 -23 -24 -25 -26
leaf_value=0.010516452949770843 0.012904912850117353 0.00063291582278025577 0.00068338200784324901 -0.020689434825816387 0.0041554029711372642 -0.00070687519867775354 0.0050691321235982138 -0.016025712693742717 0.014659686684718875 -0.003168835188812163 -0.0060808171059438428 -0.019616099999859346 0.0053455655190617242 0.017443308886686937 -0.012372919238236713 -0.0077429976377935208 0.019119245892872457 -0.001148499897186126 0.0023385426280661693 -0.010192887363508733 -0.011744467440509835 0.021838296482460915 -0.001990679036560008 -0.0061398700976716793 -0.024440621601039582
leaf_weight=8.6857061088085157 9.0425404310226458 8.572939872741701 11.991439521312715 12.27599188685417 13.781280905008318 9.9924105107784253 7.8070630133152035 7.1797872483730307 10.935209155082701 8.505594074726103 8.2668827474117226 12.039755314588549 8.3735505044460279 13.943288564682005 7.1854193508625022 12.547627151012419 11.563798248767851 12.227798879146574 11.144804507493982 6.9727694392204311 7.342364400625228 17.47258135676384 12.258361160755159 7.4948587715625754 10.504008263349535
leaf_count=24 25 25 34 37 38 28 22 20 31 24 23 37 23 40 20 35 32 35 31 20 21 49 34 22 31
internal_value=-9.48745e-05 -0.00162189 -0.000477145 -0.0121993 0.00111633 0.00654363 0.0123296 -0.00309869 -0.00133395 -0.00549474 0.00285082 -0.00943512 0.00323634 0.0095943 0 0.00233611 0.00677279 -0.0112117 0.0117867 -0.0154082 -0.00261788 0.0174576 0.00328501 -0.0155375 -0.0203273
internal_weight=268.108 233.22 212.372 20.8489 180.845 56.2331 35.2721 20.9611 124.612 62.9686 61.6437 31.5261 24.7585 34.8874 50.7085 43.5231 30.9755 38.2102 22.7086 25.9824 15.7159 25.2796 20.9441 19.5346 17.4768
internal_count=761 663 601 62 508 157 99 58 351 179 172 93 69 98 141 121 86 110 63 75 44 71 58 59 51
is_linear=0
shrinkage=0.03


Tree=91
num_leaves=22
num_cat=0
split_feature=28 47 54 31 60 32 27 50 12 41 24 41 20 1 35 47 39 53 1 50 30
split_gain=2.15131 2.18145 3.58593 2.53276 2.29248 5.91464 3.19794 3.1665 3.32753 3.22616 3.09021 2.88072 2.66501 2.58449 2.01241 1.65513 1.34746 0.894828 0.651648 0.642934 0.588488
threshold=1.5267181992899761 1.2372120270043518 1.6486958614846816 1.1005760086238146 321.50000000000006 -0.7623710085571539 -0.97815169652801914 0.44179738496376658 1.6011354726823492 -1.3430560306564756 0.21938068734351482 1.0000000180025095e-35 0.40978947696444162 -0.42474363613284255 -0.34254859309542762 0.0066789549226471531 1.0000000180025095e-35 1.0000000180025095e-35 -0.48194065865275276 -0.24172548153163614 -1.0000000180025095e-35
decision_type=2 2 2 2 2 2 2 2 2 2 2 2 2 2 2 2 2 2 2 2 2
left_child=1 2 3 4 5 -1 11 8 9 -8 14 12 -6 -11 -7 -10 -2 -3 -9 -19 -20
right_child=16 17 -4 -5 6 10 7 18 15 13 -12 -13 -14 -15 -16 -17 -18 19 20 -21 -22
leaf_value=-0.014014290277734515 0.016479329929381947 -0.017298531004345752 0.019096591704244281 -0.014376377020596543 0.012123289666010832 0.031676350935991818 0.011367034213813524 -0.0021462478250218529 0.019630261436155948 -0.017790745493944601 -0.0011038226122721947 0.021315243803398016 -0.012912815608133279 -0.0027780895685563991 0.0066095891690847296 0 -0.0002683886521169383 -0.0094138439264460222 -0.0063478110595858979 0.0038355553083514408 -0.021689137457680262
leaf_weight=6.7378650009632137 9.7223397493362409 7.7699383646249798 7.1870472133159629 9.8183596581220609 6.0936996936798113 8.2376077622175234 9.6890081763267499 5.2378760874271419 7.8995004594326002 12.037337586283675 6.2382113933563224 8.1709192991256696 6.1918717175722122 53.422768607735641 6.5030551552772513 6.6149626970291138 5.8401213437318793 4.9655747860670099 6.8241054266691235 4.7226448804140064 8.8269553035497612
leaf_count=25 31 33 22 38 21 26 31 19 26 49 24 27 23 197 23 24 21 21 26 20 34
internal_value=0.00013461 -0.000732781 0.000274727 -0.000653964 0.000284063 0.00791873 -0.00135723 -0.00343339 -0.000827482 -0.00347341 0.0156951 0.00905768 -9.16248e-05 -0.00596504 0.0226191 0.0115394 0.0103717 -0.01041 -0.0135461 -0.00277065 -0.0164901
internal_weight=208.752 193.189 175.731 168.544 158.726 27.7167 131.009 110.553 89.6636 75.1491 20.9789 20.4565 12.2856 65.4601 14.7407 14.5145 15.5625 17.4582 20.8889 9.68822 15.6511
internal_count=761 709 635 613 575 98 477 406 327 277 73 71 44 246 49 50 52 74 79 41 60
is_linear=0
shrinkage=0.03


Tree=92
num_leaves=25
num_cat=0
split_feature=13 45 37 55 20 24 49 33 39 54 54 37 18 42 42 40 46 25 42 26 28 33 38 32
split_gain=5.49454 4.16226 3.62053 3.55671 2.72207 3.47388 2.25325 2.96624 2.95453 3.06469 3.19769 2.97152 3.86802 2.00788 3.66659 2.31444 3.34861 2.18207 1.82555 1.64932 1.55197 1.49296 1.05656 0.564345
threshold=-0.089822172711967518 -0.43728818811547238 0.70548623981739111 -1.2781268016298684 -1.1752158189437669 0.21938068734351482 0.77401364886182622 1.1564567897251357 -0.56157648959829631 -0.5793007472063777 0.73136697513147619 1.0000000180025095e-35 0.77368243877212428 -0.58954119831558549 0.44676496283155193 -0.73394080619444246 0.013377863713335521 -0.65792112698867056 -0.37696557551617277 -0.4332075809434639 1.0000000180025095e-35 -0.53494548113377527 -0.70315467995327052 -0.36328923428997523
decision_type=2 2 2 2 2 2 2 2 2 2 2 2 2 2 2 2 2 2 2 2 2 2 2 2
left_child=6 3 13 -2 -5 18 7 8 11 -10 -11 12 -1 -3 15 -15 21 20 23 -8 -16 -17 -4 -6
right_child=1 2 22 4 5 -7 19 -9 9 10 -12 -13 -14 14 17 16 -18 -19 -20 -21 -22 -23 -24 -25
leaf_value=-0.01413265961972617 0.021866252146721353 -0.017508881193732888 -0.021960803844753379 0.013022881926106089 -0.018096671357759705 0.010034227705666787 0.0047949418186761066 -0.0074838502273708012 0 0.027585730394267597 0.0028119436314436408 0.017184738003074702 0.011901893471320608 0.017309511993471933 -0.0094031609271640233 0.0010355273690739377 0.012527300897396331 -0.018040848373209642 0.00081764344389264178 -0.013270943078954156 0.0077808060474213745 -0.017435976993419703 -0.0043953448214859659 -0.0046270241442768912
leaf_weight=11.266717314720159 6.1171597987413397 7.0198789834976187 15.526249647140505 9.5704497694969159 12.167216286063192 10.276653349399565 7.8724378347396851 7.6824960708618155 7.4119804799556688 18.354564189910896 7.3635550439357749 7.2743932455778113 6.9948828518390647 8.4178197532892245 8.5637360513210279 5.8593657612800616 9.3542799949645978 12.391699478030205 9.9306251704692858 7.0628577768802625 7.2698767334222802 7.2039680331945419 5.9877694696187964 6.937724024057391
leaf_count=35 19 26 71 30 42 31 24 25 22 52 22 22 20 28 35 20 30 52 30 23 27 28 23 24
internal_value=0 -0.00355066 -0.00758184 0.00279419 -5.33461e-05 -0.00374537 0.00614742 0.00851313 0.0108421 0.0166 0.0212589 0.00264326 -0.00371035 -0.00379813 -0.00167611 0.00524212 0 -0.00931907 -0.00907226 -0.00381477 -0.00117657 -0.00948556 -0.0179378 -0.0141894
internal_weight=223.878 142.594 87.5946 54.9998 48.8827 39.3122 81.2839 66.3486 58.6661 33.1301 25.7181 25.536 18.2616 66.0806 59.0607 30.8354 22.4176 28.2253 29.0356 14.9353 15.8336 13.0633 21.514 19.1049
internal_count=761 516 340 176 157 127 245 198 173 96 74 77 55 246 220 106 78 114 96 47 62 48 94 66
is_linear=0
shrinkage=0.03


Tree=93
num_leaves=25
num_cat=0
split_feature=39 61 37 31 41 50 61 26 60 26 55 32 55 18 19 23 34 16 48 43 46 48 60 26
split_gain=4.20845 3.34258 4.37112 2.8342 3.18071 3.26934 3.47986 2.9793 4.57359 3.91449 2.74129 2.36448 3.04889 2.3581 2.28419 1.91096 1.8013 1.68064 1.63041 1.51451 1.44162 1.18868 1.16592 0.803807
threshold=0.84799427814996886 321.50000000000006 0.52898622336554002 1.1005760086238146 0.86426662526918197 -0.24172548153163614 704.00000000000011 -0.6224561280720381 454.50000000000006 0.54007066143206039 -0.50210356269897893 0.23533342711079266 -0.26378235054629945 0.71022134950833815 1.4505574753602142 0.31539821545385166 0.35587972235763216 0.27476608161304145 -1.3189394418073177 0.69280249044394682 -0.35919166814151177 -0.49718978192656937 510.50000000000006 1.4052068768769712
decision_type=2 2 2 2 2 2 2 2 2 2 2 2 2 2 2 2 2 2 2 2 2 2 2 2
left_child=1 2 18 4 5 6 7 8 -3 16 -10 12 17 -14 15 -2 21 -7 19 -1 -20 -9 23 -17
right_child=14 3 -4 -5 -6 11 -8 9 10 -11 -12 -13 13 -15 -16 22 -18 -19 20 -21 -22 -23 -24 -25
leaf_value=0.0042635082256044718 -0.0017078833754021992 -0.0064861006810364745 0.0066462671416057557 -0.015837282827076919 0.014314013388675067 -0.0096062661301233292 -0.018572061374927347 -0.0016085247275944147 0.026116710515710507 0.0077683062652844836 0.0025480217227758319 -0.0075849204127790464 0.022619965962171321 0.0010191151358810303 -0.0064363080137965671 0.021722009200338861 0.0022219849532332542 0.007938329778522657 -0.0050353884304081631 -0.011661368995028357 -0.02246448957001836 -0.016501291237368491 0.0035558199860725678 0.007348871256464171
leaf_weight=7.8293417394161215 8.3034715354442579 13.978912919759749 12.429957062005995 7.7606087625026694 13.620630532503126 7.9235497713089016 10.417472153902052 7.5282282233238176 8.7492432892322523 13.013975292444227 9.586742967367174 7.6049330234527579 14.76244166493416 7.3522589504718772 7.2464624941349021 14.183885723352434 7.1022834479808798 8.7134071886539441 8.2732145488262159 10.684861123561857 16.694302707910545 23.946250736713417 10.359745055437086 9.3567135632038099
leaf_count=23 23 39 34 22 38 22 30 22 24 36 27 21 41 21 20 41 20 24 23 32 52 70 29 27
internal_value=-9.77392e-05 -0.00192228 -0.00814594 0.000243239 0.00123522 -0.000126527 -0.00336411 -0.00111265 0.0057823 -0.00558581 0.0152211 0.00623466 0.00927737 0.0162135 0.00764673 0.01034 -0.0103627 -0.000190094 -0.0125885 -0.0048124 -0.0175286 -0.0133563 0.0134078 0.0170311
internal_weight=267.423 217.973 55.9117 162.061 154.3 140.68 94.3231 83.9056 32.3149 51.5907 18.336 46.3566 38.7517 22.1147 49.4503 42.2038 38.5768 16.637 43.4817 18.5142 24.9675 31.4745 33.9003 23.5406
internal_count=761 621 164 457 435 397 268 238 90 148 51 129 108 62 140 120 112 46 130 55 75 92 97 68
is_linear=0
shrinkage=0.03


Tree=94
num_leaves=23
num_cat=0
split_feature=34 41 46 56 55 46 39 36 54 54 55 55 25 23 27 40 19 54 56 55 24 2
split_gain=2.08765 3.34746 1.88884 4.30998 2.99989 2.91611 2.74831 2.17815 2.58496 3.19221 2.92756 3.17488 2.23064 1.94335 1.92366 1.69875 1.15058 1.01646 0.73978 0.378419 0.191746 0.0789531
threshold=-1.6779515226147035 -1.3430560306564756 -0.7255774210966075 -0.89030891969515213 -1.0742199580840424 -0.53355469527087585 -1.0000000180025095e-35 -0.96051161631467596 1.5998651284384102 1.2250229950924127 -0.24899048035548926 0.19896285774405775 1.1322035348361255 -0.2286841335496006 -1.5627279665338134 -0.43099891230600668 -1.1418872574962715 0.42209749881048458 1.0000000180025095e-35 -0.61050961590792163 1.0000000180025095e-35 -0.4095904175939129
decision_type=2 2 2 2 2 2 2 2 2 2 2 2 2 2 2 2 2 2 2 2 2 2
left_child=-1 15 3 -3 14 16 -6 18 9 10 13 20 -13 19 -5 -2 -4 -8 -7 -9 -12 -17
right_child=1 2 5 4 6 7 17 8 -10 -11 11 12 -14 -15 -16 21 -18 -19 -20 -21 -22 -23
leaf_value=-0.0159229536310663 -0.00049805204189340424 0.020941744725746374 -0.0017601172677341012 0.0020384717216683028 0.016179905028453841 -0.019320145508508284 -0.011689245939052201 -0.0041824831170718633 0.014496565419343736 -0.019506538992591992 -0.018028181505201971 -0.0012769774765224733 0.016050112161649453 0.018021655293009836 -0.018221026843155338 0.0092553785800097623 -0.018954901956031122 0.0043042729434174809 -0.0021149328919263361 0.0054466027245854819 -0.0054097010430608893 0.022044741422454973
leaf_weight=5.5109165459871283 5.8668626248836544 9.6106207966804487 6.55701416730881 5.8615615367889395 11.072794809937475 5.4059679210185987 5.4620259553194099 5.6262152194976807 9.5740165412425977 6.0753963738679877 8.2383605837821943 51.850785151124001 6.1055386066436759 11.011608079075812 8.7979123592376656 6.9297178983688363 10.62192916870117 5.4707840234041214 5.2609914541244507 5.8215593397617358 5.0490566194057456 6.6068319082260105
leaf_count=21 21 29 26 21 36 21 20 20 31 25 33 193 21 38 36 21 46 22 20 20 20 20
internal_value=0.000138716 0.000718031 -0.000542318 0.00456495 -0.000224872 -0.00233895 0.00646867 -0.000563342 0.000715061 -0.000743187 0.000698516 -0.00224145 0.00080634 0.00983132 -0.0103117 0.0121064 -0.0133814 -0.00364975 -0.0126345 0.000314521 -0.0146742 0.017473
internal_weight=208.388 202.878 183.474 46.2757 36.6651 137.198 22.0056 120.019 109.353 99.7785 93.7031 71.2437 57.9563 22.4594 14.6595 19.4034 17.1789 10.9328 10.667 11.4478 13.2874 13.5365
internal_count=761 740 678 164 135 514 78 442 401 370 345 267 214 78 57 62 72 42 41 40 53 41
is_linear=0
shrinkage=0.03


Tree=95
num_leaves=25
num_cat=0
split_feature=32 29 48 2 42 55 20 39 36 20 43 48 48 57 20 56 2 20 42 37 42 46 38 20
split_gain=5.25959 3.92869 3.70232 2.93853 2.32808 6.24683 4.20764 3.34169 3.06857 3.02996 3.30334 2.31552 2.24153 3.07867 1.95545 2.71323 1.64245 1.55018 1.39688 2.48297 1.12273 1.00909 2.14807 0.973478
threshold=1.0224113708043954 0.2783156969795369 0.20338396774327991 -0.19316777124888021 -0.58954119831558549 1.2572663163035009 0.40978947696444162 0.37813735556721356 0.43948255935012631 0.67395702628247645 0.45178027999793652 0.22083735126058021 0.00865321331698749 -0.6201896622491444 -1.1752158189437669 -1.0000000180025095e-35 -0.36416838070668395 0.67395702628247645 -0.16438995271675999 -0.27787099470006466 0.6859125384808914 -0.88906755075497401 -1.027344308616603 -0.6468807203076975
decision_type=2 2 2 2 2 2 2 2 2 2 2 2 2 2 2 2 2 2 2 2 2 2 2 2
left_child=1 3 12 4 5 9 7 14 -8 10 16 -5 13 -3 -6 -16 -1 -15 -13 -20 -2 22 -4 -22
right_child=20 2 21 11 6 -7 8 -9 -10 -11 -12 18 -14 17 15 -17 -18 -19 19 -21 23 -23 -24 -25
leaf_value=0.012610613960055079 -0.0013797854525035805 -0.016851842847658078 -0.016422568827550658 -0.015056622577941081 0.0069833618613154127 -0.020510488577612496 0.0067969492632602661 0.016611272406805207 0.02892724905675945 -0.0041242937952147779 0.029095380392175949 -0.0072190528312024334 0.014110149925443471 0.011493017768125974 -0.016257362259869432 0.0061241248830876628 -0.0063605219296557743 -0.0048094970109948468 -0.0046328689052552658 0.01761456133095957 -0.0044293048474565583 -0.019433115334007989 0.0047313463394504356 -0.021573995575511817
leaf_weight=7.1126087605953199 7.3512888550758388 7.7557469308376303 6.9937806576490402 8.9974127411842328 12.215496405959128 7.9776636660099021 12.447338446974756 11.351965904235838 13.303616642951964 12.117481693625448 6.6924191415309897 8.1102909594774246 8.2337635308504087 9.8798567801713997 10.999450579285623 6.4715031683445003 6.1127102971077001 7.9381319582462302 7.2271077036857587 7.7597691863775271 6.4343026578426423 11.523529872298239 7.1195991039276141 11.181408688426012
leaf_count=21 28 26 30 31 37 26 38 36 37 39 19 28 27 31 35 19 21 26 26 27 28 49 26 50
internal_value=0 0.00165188 -0.00467689 0.00442421 0.00681336 0.000867129 0.0101905 0.00378195 0.0194132 0.00704896 0.0139394 -0.00329689 0.00172101 -0.00260696 -0.00149454 -0.00782194 0.00368002 0.00410996 0.00167897 0.00707685 -0.0125796 -0.0129637 -0.00593769 -0.0164646
internal_weight=223.308 198.341 59.4444 138.897 106.802 40.0129 66.7894 41.0384 25.751 32.0352 19.9177 32.0946 33.8075 25.5737 29.6865 17.471 13.2253 17.818 23.0972 14.9869 24.967 25.6369 14.1134 17.6157
internal_count=761 655 215 440 328 126 202 127 75 100 61 112 110 83 91 54 42 57 81 53 106 105 56 78
is_linear=0
shrinkage=0.03


Tree=96
num_leaves=24
num_cat=0
split_feature=6 18 18 54 61 33 20 45 32 61 18 52 26 19 54 19 45 26 34 44 45 45 55
split_gain=4.04842 2.8462 3.21719 2.78775 2.37642 1.85547 1.71508 2.15339 3.87411 2.94555 4.10193 3.58313 1.9129 3.94212 2.65826 2.29059 1.6058 1.59296 1.31604 1.27033 0.598939 0.51903 0.0584626
threshold=-0.9299102163421139 0.77005856359550562 -0.49614789812876431 -0.79206870029473386 787.00000000000011 -0.95779604884850278 1.2022921249185463 -0.82216483546917629 -0.7623710085571539 320.00000000000006 0.47844723407339779 0.50774739739816754 -0.6224561280720381 -0.46559732718588409 -0.12043016151029858 1.1124125102050202 1.8803279211434467 0.54007066143206039 -0.36580233230997089 -0.15291160239775742 -1.1509857131991466 -0.32304673708840798 -0.20556502958724018
decision_type=2 2 2 2 2 2 2 2 2 2 2 2 2 2 2 2 2 2 2 2 2 2 2
left_child=5 2 -2 -3 6 16 7 8 -4 10 11 21 13 -11 18 -16 -1 -7 -14 -8 -10 -9 -15
right_child=1 3 4 -5 -6 17 19 9 20 12 -12 -13 14 22 15 -17 -18 -19 -20 -21 -22 -23 -24
leaf_value=-0.0080649759819151727 -0.014633162088291804 0.00083505236363544974 0.0070583407290791284 -0.02025607004956206 -0.014654666069343245 0.0044927295964577547 0 -0.0086585829268031357 -0.019717240376646138 -9.2599961071637731e-05 0.013540454426941772 0.0058559955769185166 0.0015724895403583354 0.013439530972278017 0.0093354961305191567 -0.0050128682037208624 0.0093971154826952962 0.023306593703977852 -0.013693054711727392 -0.014031624287211778 -0.0066983798195216458 -0.023565068157391119 0.02673892552805756
leaf_weight=7.2971695363521567 12.020198345184324 8.5366609990596789 13.929793566465376 12.120484203100203 7.3834347426891318 9.3486319780349749 11.044486671686174 8.6361363232135826 6.9483395814895621 12.452789574861528 7.3930969834327689 7.4577541053295127 8.3527830243110675 10.156271457672121 48.364985138177872 10.91884198784828 8.5953751504421216 9.4402624666690809 8.7059697806835157 9.2526469826698285 12.868324875831606 7.856372237205508 7.6080488860607138
leaf_count=20 35 25 39 37 21 26 31 25 20 35 21 21 24 28 136 31 25 27 25 27 38 23 21
internal_value=-9.31308e-05 -0.00156147 -0.000456184 -0.0118028 0.000471763 0.00922127 0.00119376 0.00220975 -0.00436678 0.00389181 -0.00393915 -0.0100506 0.00627343 0.0125769 0.00350711 0.00653563 0.00103024 0.0152655 -0.00637206 -0.00668383 -0.0126109 -0.0174655 0.0210853
internal_weight=266.689 232.007 211.35 20.6571 199.33 34.6814 191.947 171.65 33.7465 137.903 31.3434 23.9503 106.56 30.2171 76.3426 59.2838 15.8925 18.7889 17.0588 20.2971 19.8167 16.4925 17.7643
internal_count=761 663 601 62 566 98 545 487 97 390 90 69 300 84 216 167 45 53 49 58 58 48 49
is_linear=0
shrinkage=0.03


Tree=97
num_leaves=17
num_cat=0
split_feature=34 25 49 49 59 54 50 50 18 28 55 56 34 31 26 28
split_gain=2.03042 2.48039 3.75526 4.61783 2.30594 1.80488 3.17887 2.72769 2.54657 2.362 2.65406 4.07563 2.20681 1.85978 1.52795 0.622838
threshold=-1.6779515226147035 0.93330079463337035 1.0000000180025095e-35 -0.40961508875463648 1.3245922423099075 1.6844854917555547 -0.9252483480270387 -0.75436763140318808 0.73117810583080856 1.5267181992899761 -0.33381277337320076 -0.89030891969515213 -0.4314097918252075 -0.60930300266888371 -1.1902017694577605 1.0000000180025095e-35
decision_type=2 2 2 2 2 2 2 2 2 2 2 2 2 2 2 2
left_child=-1 4 3 -3 5 6 -2 -8 9 10 11 -9 -12 -10 -5 -6
right_child=1 2 -4 14 15 -7 7 8 13 -11 12 -13 -14 -15 -16 -17
leaf_value=-0.015759158188471557 -0.01764628548088272 -0.005502413335944702 -0.0089530731572944854 0.0070283353490180264 -0.015814484437663461 0.011509547732760764 0.017717847966701384 0.017278168497173396 -0.0011528843470932392 0.011837026860183212 -0.016413826592189013 -0.0030194724742488655 -0.0034442199527934089 0.017330486104614178 0.026964723129030622 -0.0011697515245919778
leaf_weight=5.4611380696296683 7.737616539001464 7.5957011431455639 7.7501293271780005 7.8493908494710949 9.3781673163175565 10.470326393842695 6.3406309485435477 10.047371119260786 7.2758992910385158 8.2287603169679624 17.363955184817307 36.66073012351989 39.162389293313041 9.9192620664834958 11.786193326115606 5.0124237388372412
leaf_count=21 31 28 29 27 40 35 21 32 27 27 65 136 149 35 38 20
internal_value=0.000138349 0.000708997 0.00781504 0.0130144 -0.000794881 0.000292412 -0.000599951 0.000516302 -0.000479757 -0.00221513 -0.00354599 0.00162405 -0.00785298 0.00972357 0.0203434 -0.011683
internal_weight=208.04 202.579 34.9814 27.2313 167.598 153.207 142.737 134.999 128.658 111.463 103.234 46.7081 56.5263 17.1952 19.6356 14.3906
internal_count=761 740 122 93 618 558 523 492 471 409 382 168 214 62 65 60
is_linear=0
shrinkage=0.03


Tree=98
num_leaves=24
num_cat=0
split_feature=32 29 45 2 23 40 47 42 27 20 39 24 36 18 20 56 39 42 37 16 42 20 52
split_gain=5.05937 3.76681 3.61502 2.81076 2.42276 2.2736 2.24609 2.21529 4.39116 4.02167 3.2115 2.97393 2.90982 2.15825 1.87979 2.62278 1.40985 1.36365 2.37674 1.30477 1.09217 0.97098 0.918564
threshold=1.0224113708043954 0.2783156969795369 -0.43728818811547238 -0.19316777124888021 -1.239122781698869 -0.45443735670743318 0.15802434584696676 -0.58954119831558549 1.2432381294939996 0.40978947696444162 0.37813735556721356 -0.99097723727041742 0.43948255935012631 0.66614734872959125 -1.1752158189437669 -1.0000000180025095e-35 -0.94333523919678475 -0.16438995271675999 -0.27787099470006466 0.27892725933834966 0.6859125384808914 -0.6468807203076975 0.50774739739816754
decision_type=2 2 2 2 2 2 2 2 2 2 2 2 2 2 2 2 2 2 2 2 2 2 2
left_child=1 3 4 7 -3 -6 -5 8 11 10 14 -1 -11 16 -9 -16 -13 -8 -19 22 -2 -22 -4
right_child=20 2 19 6 5 -7 17 9 -10 12 -12 13 -14 -15 15 -17 -18 18 -20 -21 21 -23 -24
leaf_value=-0.0085793525755836902 -0.0013519788499646529 -0.0109575155442451 -0.0191351587311967 -0.014868723384159883 0.017095878885219459 -0.0013085404136849808 -0.0071533195275757374 0.0067888075949232617 -0.017163283649355956 0.0066393889279838282 0.016216486550003236 0.012499755158989531 0.028188080992507691 0.021529769078982762 -0.016061740419302823 0.0059531591091546354 -0.0042824569018158299 -0.0045157224927936113 0.017236188158040247 -0.00067764259804786557 -0.004276364832210282 -0.021415948348620133 -0.0041189095025127888
leaf_weight=7.7785824239253989 7.3395879566669491 6.5387352705001858 15.180275201797491 8.9290804415941221 10.531881392002109 10.630117431282994 8.0884312987327576 12.233252957463263 7.8854334503412238 12.462657272815706 11.40717178583145 6.3733177334070197 13.367616921663283 9.3002497851848585 10.932149365544321 6.4814356863498714 8.6036826372146624 7.1965950876474363 7.8081440329551715 8.8708195835351926 6.3918767273426118 10.99835735559463 7.4442629963159552
leaf_count=25 28 23 64 31 33 34 28 37 26 38 36 20 37 27 35 19 28 26 27 31 28 50 30
internal_value=0 0.00161043 -0.00460178 0.00432255 0.00307315 0.0081115 -0.00323638 0.00665726 0.000844177 0.00994625 0.00367472 0.00602186 0.0189458 0.01116 -0.00150689 -0.00772816 0.0029827 0.00164991 0.00697772 -0.0113667 -0.0124043 -0.0162736 -0.0150063
internal_weight=222.774 198.044 59.1961 138.848 27.7007 21.162 32.0223 106.826 39.9413 66.8843 41.054 32.0558 25.8303 24.2773 29.6468 17.4136 14.977 23.0932 15.0047 31.4954 24.7298 17.3902 22.6245
internal_count=761 655 215 440 90 67 112 328 126 202 127 100 75 75 91 54 48 81 53 125 106 78 94
is_linear=0
shrinkage=0.03


Tree=99
num_leaves=27
num_cat=0
split_feature=39 53 61 37 54 18 42 26 29 0 16 28 44 43 47 25 48 43 46 46 20 47 0 50 46 33
split_gain=3.89976 4.03993 3.09727 4.18031 2.72068 3.00249 3.13113 4.46134 2.57686 2.15225 1.96901 2.3964 2.67846 2.01809 1.96765 1.83982 1.57518 1.4352 1.39504 1.30142 1.62664 1.00691 2.98053 0.956682 0.566549 0.142271
threshold=0.84799427814996886 0.29502509991047993 321.50000000000006 0.52898622336554002 1.1018005061965948 0.47844723407339779 -0.16438995271675999 -1.1902017694577605 1.0409636999682237 1.0000000180025095e-35 0.38996897906968553 -0.40430542895324534 -0.36830397523384001 0.69280249044394682 0.47849507105264955 -0.65792112698867056 -1.3189394418073177 0.69280249044394682 -0.35919166814151177 0.11442890796971512 0.40978947696444162 1.3219628922948174 -0.46091798795399336 -0.24172548153163614 -0.50367538606848139 0.43157010221417347
decision_type=2 2 2 2 2 2 2 2 2 2 2 2 2 2 2 2 2 2 2 2 2 2 2 2 2 2
left_child=2 21 3 16 5 8 7 -7 10 -8 11 12 -4 19 -10 -3 17 -1 -18 20 -13 22 -2 25 -14 -9
right_child=1 15 4 -5 -6 6 9 23 14 -11 -12 13 24 -15 -16 -17 18 -19 -20 -21 -22 -23 -24 -25 -26 -27
leaf_value=0.0042094296966089656 -0.0056051618848354245 -0.0095564428462260407 0.0078314373957205381 0.0065830894450763303 -0.015799492786325853 0.0072288979331735451 -0.0029111458429110738 -0.023582671177794383 -0.011063705094175893 0.016363865222369781 0.020139880925916929 0.013189209538367153 -0.0017930956915617612 -0.0014760115748954372 0.0058684425928989051 0.0077855549271598134 -0.0048506713237597273 -0.011314783115234209 -0.022036983490597947 0.022987737908260888 -0.0028432967359518632 0.02101972853893096 0.017619205822608421 -0.0055667257456449067 -0.014518496642351254 -0.010301151051371072
leaf_weight=7.8182199597358695 7.2437877058982876 12.471206337213518 12.79162433743477 12.409662425518034 7.4620899856090537 9.34587913751602 10.69399741292 10.168570429086687 13.710201025009157 7.4325777590274802 7.8878926932811728 15.332233667373663 7.0888881981372824 10.199990242719648 8.6664956212043744 7.3915396332740775 8.2439424097537977 10.588955461978911 16.443063139915473 8.3697786927223188 7.0962426364421836 12.034706652164457 10.002170890569689 9.4839364290237445 8.4264630675315839 7.2248968482017508
leaf_count=23 20 35 36 34 21 26 30 31 39 21 22 43 20 29 24 21 23 32 52 23 20 36 28 27 24 21
internal_value=-9.52952e-05 0.00738211 -0.00185612 -0.00787081 0.000229106 0.00118977 -0.00435311 -0.00937865 0.0042944 0.00533323 0.00689582 0.004909 -0.00159674 0.00943984 -0.0042979 -0.00272856 -0.012249 -0.00459932 -0.0171335 0.0131415 0.00800562 0.0142344 0.0078763 -0.0154418 -0.00972757 -0.0196392
internal_weight=266.029 49.1434 216.886 55.5038 161.382 153.92 54.3499 36.2233 99.5698 18.1266 77.1931 69.3052 28.307 40.9982 22.3767 19.8627 43.0942 18.4072 24.687 30.7983 22.4285 29.2807 17.246 26.8774 15.5154 17.3935
internal_count=761 140 621 164 457 436 156 105 280 51 217 195 80 115 63 56 130 55 75 86 63 84 48 79 44 52
is_linear=0
shrinkage=0.03


Tree=100
num_leaves=28
num_cat=0
split_feature=34 41 37 49 31 4 18 44 40 58 31 39 27 55 46 31 55 35 45 46 40 59 39 20 37 26 2
split_gain=1.98651 3.16659 2.18867 2.22982 3.1656 3.29882 4.29501 2.89573 3.51165 2.78344 2.61938 2.97991 2.00847 2.71828 2.13752 1.91402 1.81716 1.79376 1.65306 2.12566 1.59353 0.833873 0.801941 0.683653 0.0883997 0.086235 0.0398742
threshold=-1.6779515226147035 -1.3430560306564756 0.70548623981739111 -0.40961508875463648 -0.60930300266888371 -0.41047261724941436 0.73205367902245133 0.25094909666989745 1.7024854893338268 1.0000000180025095e-35 0.54667154017688413 1.1742838077213265 1.0000000180025095e-35 -1.0161448632137258 -0.69033548796427169 -0.60930300266888371 0.37524075830104631 -0.34254859309542762 0.16362001627113013 -0.27319503611556611 -0.43099891230600668 0.30767955994134294 -0.56157648959829631 0.40978947696444162 -0.68129960373286691 -0.21692352708223661 -0.4095904175939129
decision_type=2 2 2 2 2 2 2 2 2 2 2 2 2 2 2 2 2 2 2 2 2 2 2 2 2 2 2
left_child=-1 20 3 15 17 6 9 10 16 -6 25 -12 13 21 -15 -3 -9 -5 -17 -20 -2 -4 24 -18 -19 -7 -22
right_child=1 2 12 4 5 7 -8 8 -10 -11 11 -13 -14 14 -16 18 23 22 19 -21 26 -23 -24 -25 -26 -27 -28
leaf_value=-0.015629225524622318 -0.00044835614634303954 0.0042669007672905823 0.0042895162271866785 0.003003118718360421 0.014476894276460567 -0.006512386849339788 0.030057766436883404 0 -0.012468071144315897 -0.01184858847583308 0.012892231045067669 -0.011949617215559084 -0.0085141488834557539 0.024422059684943927 0.0029702536583684127 -0.020022454363448391 0.0073999919410937523 -0.0081364160605822047 -0.014799386408099718 0.0045701212736715315 0.0090816209299369299 -0.0083834057185158996 -0.0023946442466346494 0.023510272814403637 -0.020814800441066875 -0.018309683504044574 0.021205133947325483
leaf_weight=5.4183267354965201 5.8493236452341106 6.927359700202941 10.579086020588877 7.344506427645686 5.6889147460460681 5.1589957475662223 6.8290133625268927 9.7936908602714592 5.9628296494483939 5.7016649097204208 8.1901936829090101 6.2940483987331381 6.1684235632419577 9.8658894151449221 8.4809742867946607 12.00293578207493 8.1156967580318433 5.9452910572290456 8.1659882515668887 9.0195204019546491 6.9357919096946725 6.0387210398912421 6.4115154296159718 7.1759571433067313 7.5798164159059525 9.4055186361074465 6.6724077314138386
leaf_count=21 21 24 37 26 20 19 23 37 22 21 29 27 24 30 30 49 29 23 35 33 21 23 23 24 30 40 20
internal_value=0.000144549 0.000708381 -0.000522069 -0.00232373 -3.1848e-05 0.00298868 0.0136461 -0.000398547 0.00573614 0.000988598 -0.00711159 0.00161361 0.00540772 0.00827754 0.0157821 -0.00859688 0.0107483 -0.00861525 -0.0119047 -0.00476172 0.0117673 -0.000297316 -0.0130859 0.0167423 -0.0170097 -0.0155027 0.0169383
internal_weight=207.722 202.304 182.847 141.713 105.598 78.3165 18.2196 60.0969 31.0482 11.3906 29.0488 14.4842 41.1331 34.9647 18.3469 36.1158 25.0853 27.2811 29.1884 17.1855 19.4575 16.6178 19.9366 15.2917 13.5251 14.5645 13.6082
internal_count=761 740 678 534 393 291 64 227 112 41 115 56 144 120 60 141 90 102 117 68 62 60 76 53 53 59 41
is_linear=0
shrinkage=0.03


Tree=101
num_leaves=26
num_cat=0
split_feature=47 29 61 2 61 40 29 45 25 39 39 29 58 48 38 61 61 13 42 20 30 38 40 29 32
split_gain=4.85212 2.77924 2.105 2.03843 2.6158 2.60264 2.3243 2.39808 1.74939 2.72398 2.61498 2.27868 1.56321 2.80335 2.15323 1.82942 1.66173 2.60957 1.67811 1.54791 1.3094 1.13583 2.65178 0.898799 0.521308
threshold=0.093808829164217136 0.2783156969795369 787.00000000000011 -0.19316777124888021 706.00000000000011 -0.45443735670743318 0.2783156969795369 -0.46131871360018323 -0.65792112698867056 0.7305300475042803 1.0000000180025095e-35 -0.26643287658381098 0.68274220215239889 -1.553067809344008 1.3068210177593926 321.50000000000006 177.50000000000003 -0.53178283991519815 1.0000000180025095e-35 0.67395702628247645 0.22840922652125425 -0.89766845715126997 -0.73394080619444246 -0.59328202072181935 -0.16374834715638595
decision_type=2 2 2 2 2 2 2 2 2 2 2 2 2 2 2 2 2 2 2 2 2 2 2 2 2
left_child=2 8 3 4 6 -5 12 19 11 10 24 20 14 -14 16 -15 -1 -18 -19 -8 -2 -3 -23 -12 -10
right_child=1 21 -4 5 -6 -7 7 -9 9 -11 23 -13 13 15 -16 -17 17 18 -20 -21 -22 22 -24 -25 -26
leaf_value=0.0002759633315655729 -0.01089789206686209 -0.018297560508698935 0.017464792340524126 0.006276232305773722 -0.012254431668018866 -0.016955487971451372 0.010355606085159138 -0.015691415127704052 -0.001904565584144862 -0.018326348969773431 0 0.015741456805582164 0.012818092936613084 0.0044498635088695039 -0.0015351620752314099 -0.012566882329373835 0.027606971673432394 0.001800973266930209 0.019763182005244986 -0.0068217033312613206 0.0057581310862550002 0.0051585050233800885 -0.015752460854975499 0.016407244600549858 -0.015351550193228421
leaf_weight=7.6005500257015219 6.8164435029029864 14.558217421174048 7.8501761108636847 6.0082766860723487 6.7538064271211615 8.7003966867923719 10.073132663965231 7.2046302109956732 6.9303602427244169 8.8804717808961851 6.2322946637868881 8.8792750686407071 11.823751330375673 8.9725506603717822 9.0340389609336835 10.561338767409323 11.720042034983626 14.032326653599748 6.5806250870227805 6.2500929832458487 6.8800324946641922 8.8393879085779172 9.8692372292280215 5.9115374535322172 5.3138990849256551
leaf_count=22 25 66 24 19 22 31 31 25 23 38 22 32 34 26 27 35 33 44 19 21 25 33 44 20 20
internal_value=0 -0.00538845 0.00359041 0.00247766 0.00392514 -0.00739289 0.00519378 -0.0027813 -0.00109286 -0.00545539 0 0.00502608 0.00761123 0.00200298 0.0109175 -0.00470536 0.013833 0.016689 0.00875831 0.00342126 -0.00239387 -0.0120685 -0.00592607 0.00932438 -0.00921549
internal_weight=222.277 89.1112 133.166 125.316 110.607 14.7087 103.853 23.5279 55.8443 33.2686 24.3881 22.5758 80.3252 31.3576 48.9676 19.5339 39.9335 32.333 20.613 16.3232 13.6965 33.2668 18.7086 12.1438 12.2443
internal_count=761 348 413 389 339 50 317 77 205 123 85 82 240 95 145 61 118 96 63 52 50 143 77 42 43
is_linear=0
shrinkage=0.03


Tree=102
num_leaves=26
num_cat=0
split_feature=6 58 14 49 37 58 30 61 51 45 24 15 49 58 56 57 33 61 61 26 45 47 46 25 45
split_gain=3.75559 2.57112 2.2877 3.144 2.60559 2.50493 2.50108 4.42639 3.57191 3.30756 2.79957 2.42865 2.37757 1.93509 1.84673 1.79682 1.76325 1.6496 1.62718 1.57607 1.51472 1.36067 0.961885 0.602852 0.222104
threshold=-0.9299102163421139 1.505492504350302 0.15264902617666562 -0.24052526909514185 -1.2864425172820704 0.68274220215239889 -0.63439658799460652 321.50000000000006 -0.21441029684291832 -0.82216483546917629 -0.66821512404003536 -0.012206030724783733 -0.40961508875463648 1.0000000180025095e-35 1.0000000180025095e-35 -1.0000000180025095e-35 -0.95779604884850278 474.50000000000006 495.00000000000006 0.54007066143206039 1.8803279211434467 0.26739677838630399 1.564876248035042 0.29681202598455392 -0.5661213808781399
decision_type=2 2 2 2 2 2 2 2 2 2 2 2 2 2 2 2 2 2 2 2 2 2 2 2 2
left_child=16 2 4 13 -2 6 8 24 -6 -9 -11 -7 -12 -4 23 21 20 22 -3 -18 -1 -10 -5 -15 -8
right_child=1 18 3 17 5 11 7 9 15 10 12 -13 -14 14 -16 -17 19 -19 -20 -21 -22 -23 -24 -25 -26
leaf_value=-0.0079200478684661475 -0.014128203512240969 -0.0031581009950691443 -0.00085352921291876401 -0.010930774867078566 0.007991649456499399 0.018012050986884548 -0.0041001183476169038 -0.0080397812040101102 -0.024817218952027448 -0.0029180470696177204 0.001458953286330081 -0.0013532473655659609 0.017421801111784287 -0.012567993563233145 -0.025704626087435487 -0.00039435975330967164 0.0041536132533010594 0.010943908349518916 -0.020876156451090849 0.022828927927839728 0.009075916394889116 -0.0064416424540709848 0.003025935080805084 0 -0.01456738823154209
leaf_weight=7.2771430015563956 7.4564055800437918 12.425690472126009 12.81496351957321 6.8417356014251727 11.430939227342604 14.736132979393007 7.0762914419174194 9.4136524796485883 8.0744004845619219 10.917105823755263 12.725883185863486 7.9329879581928244 32.079489380121238 6.6288419812917727 9.2000658512115461 10.967775136232378 9.3099582791328448 10.590864568948744 7.9703976809978476 9.3490086793899518 8.5359587669372541 10.069419950246809 7.4681717157363892 7.0371174216270447 6.9689125716686231
leaf_count=20 22 37 38 21 32 41 20 27 23 31 36 22 90 21 28 31 26 30 23 27 25 28 22 20 20
internal_value=-9.69853e-05 -0.00151518 -0.000463986 -0.00533203 0.00149779 0.00249649 0.00065619 0.00378352 -0.00522598 0.00714017 0.00995302 0.0113236 0.0132116 -0.0109007 -0.0158861 -0.0107493 0.00889973 0.00258617 -0.0113118 0.0148109 0.000899326 -0.0161952 -0.0036714 -0.00699193 -0.0105842
internal_weight=265.299 230.827 210.431 60.5818 149.849 142.393 119.724 79.1813 40.5425 65.1361 55.7225 22.6691 44.8054 35.681 22.866 29.1116 34.4721 24.9008 20.3961 18.659 15.8131 18.1438 14.3099 13.666 14.0452
internal_count=761 663 603 180 423 401 338 224 114 184 157 63 126 107 69 82 98 73 60 53 45 51 43 41 40
is_linear=0
shrinkage=0.03


Tree=103
num_leaves=23
num_cat=0
split_feature=28 34 41 38 38 30 35 46 55 27 49 24 46 20 49 2 18 47 61 25 25 42
split_gain=1.93382 2.47117 2.987 2.32591 3.19572 2.47933 3.01169 2.95022 4.50687 2.48904 2.3849 1.78185 1.58341 1.86667 2.52718 1.37123 1.19748 0.923326 0.799769 0.750531 0.469454 0.378836
threshold=1.5267181992899761 -1.6779515226147035 -1.3430560306564756 0.61521647661094925 0.33425213176939406 1.0000000180025095e-35 0.33059692473355456 -0.7255774210966075 -1.0742199580840424 -1.5627279665338134 -0.40961508875463648 -0.34545301080965352 -0.61863591630947889 1.2022921249185463 -0.40961508875463648 -0.36416838070668395 0.30193365105198539 -1.0514625921382115 430.50000000000006 1.0000000180025095e-35 -1.0000000180025095e-35 -0.37696557551617277
decision_type=2 2 2 2 2 2 2 2 2 2 2 2 2 2 2 2 2 2 2 2 2 2
left_child=1 -1 15 4 5 7 18 8 9 -4 -10 -6 -9 14 -14 -3 -5 -2 -7 -18 -12 -20
right_child=17 2 3 16 11 6 -8 12 10 -11 20 -13 13 -15 -16 -17 19 -19 21 -21 -22 -23
leaf_value=-0.018873939812732651 0.01705427577507215 0.0015392813025208619 0.0075048392784683822 0 0.02154207824600303 -0.0013740207946462781 0.0086266878320422295 -0.01591218774328082 0.00070941510998400728 -0.013533153313069708 0.011433044901306701 0.001685039427729621 0.0067290332157396012 0.011770392729558755 -0.0085263521468446086 0.018380971681694201 -0.017549800299496484 0.0018351122392433327 -0.00561816907998348 -0.004063686724175561 0.029710794020205634 -0.020065741853851477
leaf_weight=4.9935449957847586 6.932381495833396 9.3175366371870059 7.8805587291717556 10.994961455464365 7.6195780932903316 4.9445096403360429 5.4057929813861838 6.4191053956747046 6.975387096405032 9.2410158514976484 6.8452374190092096 9.1523189991712552 12.5675978064537 6.7326202243566504 29.43735304474831 9.1365863680839521 11.372097238898279 8.728859141469 5.0781543850898823 8.7852983027696592 6.8371753841638538 11.960978090763085
leaf_count=20 22 30 27 39 26 18 21 27 25 37 23 36 46 22 113 29 46 30 20 35 20 49
internal_value=0.000150065 -0.000679289 -1.42296e-05 -0.00133632 0.00033189 -0.00138235 -0.00908091 0.000931184 0.00728545 -0.00370324 0.016298 0.0120625 -0.0033929 -0.00119871 -0.00374949 0.0109332 -0.00853964 0.00982326 -0.0139636 -0.0126377 0.0229947 -0.0168865
internal_weight=207.359 191.697 186.704 168.25 137.097 120.325 27.3894 92.9361 37.7794 17.1216 20.6578 16.7719 55.1567 48.7376 42.005 18.4541 31.1524 15.6612 21.9836 20.1574 13.6824 17.0391
internal_count=761 709 689 630 510 448 108 340 132 64 68 62 208 181 159 59 120 52 87 81 43 69
is_linear=0
shrinkage=0.03


Tree=104
num_leaves=26
num_cat=0
split_feature=42 29 45 33 2 57 2 39 47 42 39 49 39 47 50 20 20 40 12 23 40 47 40 20 30
split_gain=4.71452 3.60903 2.95182 2.67777 2.45947 2.70418 2.83742 3.05881 2.34438 2.29386 3.03276 1.80443 3.09544 2.53432 2.13506 1.5379 1.45505 1.2175 1.147 2.34239 2.18755 1.02312 1.30996 2.00511 0.944453
threshold=1.2704955011792767 0.2783156969795369 -0.48023324436002784 0.94503150586777152 -0.36416838070668395 1.0000000180025095e-35 -0.71151336866784753 -0.56157648959829631 -0.71599452928461738 -0.85526072681485155 -1.0314334121810511 -0.40961508875463648 -0.091719567015541403 -0.075086091187914289 0.44179738496376658 0.1456219276464068 0.40978947696444162 -0.45443735670743318 -0.49791620582152046 1.0000000180025095e-35 -0.88119734053955756 0.19219644122896076 -0.15383930725914033 0.1456219276464068 0.22840922652125425
decision_type=2 2 2 2 2 2 2 2 2 2 2 2 2 2 2 2 2 2 2 2 2 2 2 2 2
left_child=1 4 3 17 5 6 7 -1 -7 10 -6 12 -11 15 21 -13 -14 -3 19 -4 -20 -15 23 -23 -2
right_child=24 2 18 -5 9 8 -8 -9 -10 11 -12 13 16 14 -16 -17 -18 -19 20 -21 -22 22 -24 -25 -26
leaf_value=-0.0047620851896923227 -0.018893943086210341 0.016224044712290529 -0.013941469333020576 -0.0095405493800484117 0.0037479805487040953 -0.010447694226504304 0.022995715806017454 0.015019552748720905 0.0098663546088866901 -0.0049634833457203606 -0.021535837094788655 0 0.0053570134492668736 -0.020303823814577855 0.005710782903316323 0.015005102006122309 0.027581427315199733 0.00013010383869306455 -0.00072559951635541909 0.008302225369632002 -0.022016667845818589 0.011257307018577304 -0.015496908907066861 -0.011036421884150924 -0.0017422300099719592
leaf_weight=11.689673244953154 11.77206200361252 8.8545360714197177 7.0629380792379362 8.9712591618299466 6.8700520247220993 9.5485728681087512 14.440278887748716 13.351569235324861 7.9312042593955985 6.6738252043724087 7.3555472344160062 11.632040947675707 6.648636192083357 5.6851840913295808 9.2977218478918058 10.477855592966078 6.23600834608078 8.4975350052118319 7.3304842412471762 6.8036263585090637 12.454190418124201 6.235065639019016 5.4638562649488422 5.2916060984134674 5.155266508460044
leaf_count=35 57 28 28 31 23 29 41 38 23 22 27 36 23 21 33 31 19 27 30 24 54 21 21 20 19
internal_value=0 0.00127429 -0.00479356 0.00249401 0.00385141 0.00862846 0.0128549 0.00581184 -0.00086305 0.000594629 -0.00975103 0.00282774 0.0102786 0 -0.00537801 0.00745662 0.0182849 0.00929835 -0.010528 -0.00289208 -0.015017 -0.0102452 -0.00518088 0.00046988 -0.014563
internal_weight=221.731 204.803 59.9746 26.3233 144.829 56.9613 39.4815 25.0412 17.4798 87.8674 14.2256 73.6418 19.5585 54.0833 31.9734 22.1099 12.8846 17.3521 33.6512 13.8666 19.7847 22.6757 16.9905 11.5267 16.9273
internal_count=761 685 222 86 463 166 114 73 52 297 50 247 64 183 116 67 42 55 136 52 84 83 62 41 76
is_linear=0
shrinkage=0.03


Tree=105
num_leaves=24
num_cat=0
split_feature=6 18 18 54 25 52 54 40 46 54 20 30 43 47 37 27 20 20 33 26 47 58 60
split_gain=3.59876 2.62121 2.90448 2.6409 2.15312 3.80243 2.78609 2.51824 4.02399 2.43635 2.39336 3.20418 2.36607 1.96683 2.35827 1.74795 3.23965 2.20816 1.71702 1.52691 1.44724 1.27011 0.373976
threshold=-0.9299102163421139 -0.57189587326318359 0.77005856359550562 -0.79206870029473386 -0.9761655113130786 0.50774739739816754 0.18004056970625362 1.0063636906114641 0.53701538602670629 1.3995050728698561 0.93812457560051132 -0.52654586118012381 0.69280249044394682 0.48774322862190489 -0.68129960373286691 -0.62740593452454241 0.40978947696444162 -0.91104826962573238 -0.95779604884850278 0.54007066143206039 1.4071740296902562 1.0000000180025095e-35 687.00000000000011
decision_type=2 2 2 2 2 2 2 2 2 2 2 2 2 2 2 2 2 2 2 2 2 2 2
left_child=18 -2 4 -4 5 22 7 8 10 13 15 -12 -9 14 -8 16 -6 -17 20 -20 -1 -16 -3
right_child=1 2 3 -5 6 -7 9 12 -10 -11 11 -13 -14 -15 21 17 -18 -19 19 -21 -22 -23 -24
leaf_value=-0.0077931325757479618 -0.01724554336534263 -0.0077231943828774659 0.0010448030562119608 -0.019569843486961992 -0.011325580497517937 0.0054012435905367272 0.016073663465040713 0.0005753392586764157 0.016662696001394937 -0.0068972900624182654 -7.463696914861445e-05 -0.024877836529844741 -0.018784990015891689 0.018647584405134202 -0.0067118851664988806 0.013777850952592626 0.0087529783267216547 -7.4888487967816645e-05 0.0040610218605044547 0.022478838811407074 0.0088406941600421805 0.0063801160672937339 -0.021211628646196124
leaf_weight=7.2726497948169699 7.6811199486255637 7.9848201870918318 8.4711342751979846 11.854722976684569 18.617693245410923 11.162368863821028 10.122327446937556 9.164680480957033 11.342864006757734 8.0873134136199933 12.154337525367739 6.6824913918972006 11.051614582538603 14.105556756258009 12.285110950469976 15.146262049674982 9.6474325060844404 25.134067416191105 9.2999747097492236 9.2874749004840833 8.4931470751762372 11.346289277076719 8.1842631697654724
leaf_count=20 23 23 25 37 53 32 29 27 32 23 34 20 34 40 34 42 27 72 26 27 25 32 24
internal_value=-0.000109869 -0.00149988 -0.000817823 -0.0112221 0.000273428 -0.00729341 0.00154195 -0.00102247 0.000942865 0.00698265 -0.00127695 -0.0103547 -0.0102985 0.00958798 0.00499947 0.00130035 -0.00417506 0.00529807 0.00871131 0.0145538 0.000809689 -0.000181576 -0.0161113
internal_weight=264.58 230.226 222.545 20.3259 202.219 27.3315 174.888 118.941 98.7251 55.9466 87.3823 18.8368 20.2163 47.8593 33.7537 68.5455 28.2651 40.2803 34.3532 18.5874 15.7658 23.6314 16.1691
internal_count=761 663 640 62 578 79 499 341 280 158 248 54 61 135 95 194 80 114 98 53 45 66 47
is_linear=0
shrinkage=0.03


Tree=106
num_leaves=29
num_cat=0
split_feature=49 28 25 49 33 59 28 37 25 31 45 31 16 32 16 31 37 32 39 26 29 24 44 24 54 55 44 38
split_gain=1.91447 2.26431 2.53219 4.87904 4.20437 2.62904 3.22448 2.11073 2.71313 2.34605 2.40315 1.90287 2.0873 2.63282 2.03913 1.71207 1.67007 1.75124 1.63286 1.50786 1.49253 1.30652 1.14888 0.892896 0.884062 0.830688 0.776684 0.716519
threshold=-0.40961508875463648 1.5267181992899761 0.93330079463337035 1.0000000180025095e-35 1.5264510364755222 1.3245922423099075 0.56120638516836541 0.70548623981739111 1.0000000180025095e-35 -0.82604822945246514 0.16362001627113013 0.54667154017688413 0.58189057774621988 -0.7623710085571539 0.81965180893618073 1.1005760086238146 0.12555761433273774 -1.0000000180025095e-35 0.61306581685859129 1.1889228230157431 1.0000000180025095e-35 1.2683575553422564 -1.0000000180025095e-35 -0.34545301080965352 -0.34826706895758947 1.3195945711979675 1.0000000180025095e-35 -0.70315467995327052
decision_type=2 2 2 2 2 2 2 2 2 2 2 2 2 2 2 2 2 2 2 2 2 2 2 2 2 2 2 2
left_child=7 2 5 4 23 6 11 9 -9 -1 -11 12 13 22 -14 26 17 -15 -12 -17 25 -20 -2 -4 -3 -8 -13 -18
right_child=1 24 3 -5 -6 -7 20 8 -10 10 18 15 14 16 -16 19 27 -19 21 -21 -22 -23 -24 -25 -26 -27 -28 -29
leaf_value=0.0046964338371860582 -0.0017017869776722486 0.0027587261545007563 0.011146399686193915 -0.010792925966516227 -0.0028412452048177054 -0.015547112014933272 0.0037956919537198339 0.01643168106223741 -0.006696501547362131 -0.020664488637329569 0.0069507416108647484 0.007332489558237603 0.015953224687114933 -0.022059105289263966 -0.0034061497913634681 -0.01018830600869937 -0.0065572692978960109 -0.00053798540909950486 -0.018711935103001478 0.0095759927464186077 -0.020554017456425811 0 0.014595621115764037 0.032401330059547859 0.020076142196251104 -0.0097975607887976213 0.023897513282451426 0.0064346604510672712
leaf_weight=8.5531480312347394 6.2000740468502045 6.1258962452411652 6.6811773329973256 7.0475765168666831 6.4972882419824591 9.037706792354582 6.2762520760297793 7.205235153436659 7.9039760529994965 13.838962972164156 6.5115403681993511 9.7776757478714007 10.038903549313547 9.8200596421956963 6.9963313937187186 5.2425235658884031 6.6560744196176529 5.8149830400943854 5.6031247228384 5.6667751669883728 6.7002138942480078 5.2787128835916519 6.157612785696978 7.1387731730937976 6.6287826448678953 6.4212967753410339 5.5058992505073538 5.6100636869668943
leaf_count=29 23 20 22 27 24 39 23 24 29 57 24 35 34 38 27 22 25 22 25 19 26 20 20 22 22 24 19 20
internal_value=0.000167652 0.00193019 0.000711234 0.00866532 0.0159679 -0.0012695 0.000132594 -0.00452915 0.00445945 -0.00812606 -0.0118752 0.00278256 -0.000230802 -0.00404017 0.00804646 0.0092461 -0.00909407 -0.0151529 -0.00347902 0 -0.0103667 -0.0102906 0.00668681 0.0246149 0.0133453 -0.00296482 0.01526 -0.000125724
internal_weight=206.937 152.042 139.287 27.3648 20.3172 111.922 102.885 54.8947 15.1092 39.7855 31.2323 83.487 57.2941 40.2589 17.0352 26.1929 27.9012 15.635 17.3934 10.9093 19.3978 10.8818 12.3577 13.82 12.7547 12.6975 15.2836 12.2661
internal_count=761 553 511 95 68 416 377 208 53 155 126 304 209 148 61 95 105 60 69 41 73 45 43 44 42 47 54 45
is_linear=0
shrinkage=0.03


Tree=107
num_leaves=27
num_cat=0
split_feature=32 29 47 2 47 47 57 19 42 55 36 55 20 45 51 20 44 47 47 25 51 51 45 46 38 55
split_gain=4.5629 3.36305 3.35604 2.47814 2.11231 2.09643 2.9551 2.058 3.07548 3.69061 3.31738 3.3932 2.52663 2.49958 1.88177 1.58443 3.01505 1.48898 1.48277 1.1706 1.15556 1.12761 1.03237 1.00327 2.04111 0.60427
threshold=1.0224113708043954 0.2783156969795369 0.14178516987873585 -0.19316777124888021 0.15802434584696676 -0.034240141887962185 -0.6201896622491444 1.3378424869751495 -0.58954119831558549 1.2788845680124821 0.43948255935012631 0.88782266228457829 0.40978947696444162 -0.72751558531386495 1.0000000180025095e-35 0.40978947696444162 1.0000000180025095e-35 -0.3938149362917816 0.097635954996501351 0.61505641030896208 -0.21441029684291832 -0.21441029684291832 -0.034989118170805501 -0.88906755075497401 -1.027344308616603 -0.51696155317246717
decision_type=2 2 2 2 2 2 2 2 2 2 2 2 2 2 2 2 2 2 2 2 2 2 2 2 2 2
left_child=1 3 5 7 -5 6 -3 8 9 15 11 13 -12 -10 21 16 -1 -8 -15 -17 -2 -6 -9 24 -4 -22
right_child=20 2 23 4 14 -7 17 22 10 -11 12 -13 -14 18 -16 19 -18 -19 -20 -21 25 -23 -24 -25 -26 -27
leaf_value=-0.0046245438892093538 -0.0011563252113919642 -0.016601916533819133 -0.015936184643793712 -0.014446955779339486 -0.0011884000238760854 0.013613624597106692 0.011809543604293139 0.023245535390568606 -0.0061981834980497199 -0.019691140038598835 0.0042482222212978987 -0.015459492891427335 0.025586032219323568 0.019268513605828201 -0.010181739277981784 -0.012421099538453729 0.020929288695754902 -0.0041228504012862151 0.0018630519114276997 0.0034659092468497053 -0.003551064046556464 0.013298322225365724 0.0060220456824161203 -0.018981834668727736 0.0048619624879819127 -0.019688802270016771
leaf_weight=6.4273339360952395 7.7346830666065243 7.6543266028165808 6.7292948216199875 8.7690930515527743 7.0364945977926316 8.2585225850343686 9.1039848029613513 7.7613595128059414 7.7547358274459866 7.244820535182952 10.132321640849115 6.1944546103477469 12.337886184453962 10.789113014936449 6.5623740851879111 6.4990002214908582 7.3333908319473267 8.6448903977870959 8.7160616368055326 6.8264581561088562 4.5642187595367494 9.4047046005725843 8.7492333650588971 11.077198892831801 7.0695483237504977 11.781171649694437
leaf_count=22 34 26 30 31 25 27 29 22 24 24 30 20 34 31 24 21 21 28 31 22 21 32 26 49 26 51
internal_value=0 0.00151071 -0.00439632 0.00406985 -0.00305285 0.00165725 -0.00254903 0.00625786 0.00423416 -0.00263673 0.00851525 0.00210306 0.0170826 0.0069007 0.00166427 0.00250886 0.0093191 0.00402114 0.0124648 -0.00435046 -0.0119508 0.00718288 0.0157133 -0.0124438 -0.00545654 -0.016196
internal_weight=221.157 197.077 58.5378 138.539 31.7727 33.6617 25.4032 106.766 90.2556 34.331 55.9246 33.4544 22.4702 27.2599 23.0036 27.0862 13.7607 17.7489 19.5052 13.3255 24.0801 16.4412 16.5106 24.876 13.7988 16.3454
internal_count=761 655 215 440 112 110 83 328 280 110 170 106 64 86 81 86 43 57 62 43 106 57 48 105 56 72
is_linear=0
shrinkage=0.03


Tree=108
num_leaves=26
num_cat=0
split_feature=0 18 18 2 25 52 54 40 46 20 30 54 43 42 14 47 47 37 33 26 45 44 1 47 47
split_gain=3.4293 2.53339 2.78043 2.41753 2.11479 3.67183 2.37279 2.30441 3.77059 2.45259 3.1183 2.29674 2.2164 2.03921 2.55293 2.2308 2.01051 1.99734 1.663 1.49824 1.41226 1.35339 1.33154 0.641268 0.257054
threshold=-0.72840783279328447 -0.57189587326318359 0.76134681658936465 -0.55654406634671294 -0.9761655113130786 0.50774739739816754 0.18004056970625362 1.0063636906114641 0.53701538602670629 0.93812457560051132 -0.52654586118012381 1.3995050728698561 0.69280249044394682 -0.58954119831558549 -0.2175712013896168 -0.25876229733161521 0.48774322862190489 -0.68129960373286691 -0.95779604884850278 0.54007066143206039 1.8803279211434467 1.0000000180025095e-35 -0.57726902951926984 0.064405634207800183 -0.018092483810519051
decision_type=2 2 2 2 2 2 2 2 2 2 2 2 2 2 2 2 2 2 2 2 2 2 2 2 2
left_child=18 -2 4 22 5 24 7 8 9 13 -11 16 -9 15 -15 -6 17 -8 20 -20 -1 23 -4 -19 -3
right_child=1 2 3 -5 6 -7 11 12 -10 10 -12 -13 -14 14 -16 -17 -18 21 19 -21 -22 -23 -24 -25 -26
leaf_value=-0.0077623192808082475 -0.016987663352218657 -0.021384549297845789 0.0060450091942169 -0.021969553116291358 -0.0031241439171390238 0.0052824376046095422 0.014967559149162007 0.00065549724221830303 0.016768827464615586 -8.671827454485158e-05 -0.024613550742133394 -0.0068226002518908717 -0.018206267654857472 0.0082246885204435016 -0.0073151307399176501 0.013958894245925212 0.018318187199266946 0.010796902924381437 0.0039012965700328775 0.022146571787116733 0.0086877976715601275 -0.0085945740696555615 -0.010664773998210602 -0.00050242380681699407 -0.0087349114708625431
leaf_weight=7.2606307268142691 7.637106478214263 6.9170864820480391 7.3041516542434692 8.3416087776422483 9.3394410610198992 11.161769032478331 9.7360554337501473 9.148279011249544 10.660054206848143 12.143252968788149 6.6325335800647727 8.0816932618617994 10.630428075790403 12.148350238800043 29.004445701837543 17.274142801761627 14.040352910757063 7.0934712290763908 9.2850077748298663 9.2286440432071668 8.4683938324451429 9.2188608646392805 6.641626715660097 7.2986996471881866 9.1779415309429169
leaf_count=20 23 21 22 26 27 32 28 27 30 34 20 23 33 34 83 48 40 20 26 27 25 26 20 20 26
internal_value=-0.000110909 -0.00146978 -0.000798647 -0.0105023 0.000324691 -0.00717679 0.0015965 -0.000793393 0.00109286 -0.00102271 -0.0102267 0.00663014 -0.00976892 0.00160701 -0.00245917 0.00790373 0.00918611 0.00454599 0.00851304 0.0142742 0.000731357 -0.000149808 -0.00178738 0.00518256 -0.0158719
internal_weight=263.874 229.631 221.994 22.2874 199.707 27.2568 172.45 116.981 97.2022 86.5422 18.7758 55.4691 19.7787 67.7664 41.1528 26.6136 47.3874 33.3471 34.2427 18.5137 15.729 23.611 13.9458 14.3922 16.095
internal_count=761 663 640 68 572 79 493 336 276 246 54 157 60 192 117 75 134 94 98 53 45 66 42 40 47
is_linear=0
shrinkage=0.03


Tree=109
num_leaves=24
num_cat=0
split_feature=34 41 37 61 49 54 46 59 36 33 60 37 19 20 57 25 26 40 47 35 36 16 19
split_gain=1.88851 2.89239 2.00275 2.30845 2.07669 2.56099 2.38255 2.46657 3.00911 3.48793 3.9922 2.81688 2.85721 1.92349 1.91341 2.00529 1.81568 1.54311 1.36805 0.950824 0.95075 0.819876 0.220394
threshold=-1.6779515226147035 -1.3430560306564756 0.70548623981739111 199.00000000000003 -0.40961508875463648 -0.52772209783219737 -1.0507958995367035 0.81613590112562517 -0.96051161631467596 -0.1120949134190478 454.50000000000006 -0.47958529921646581 1.1124125102050202 0.67395702628247645 1.0000000180025095e-35 0.29681202598455392 1.1889228230157431 -0.43099891230600668 0.64256366438144485 0.72145561250522194 -0.41765673187322205 0.26760709210812145 1.1124125102050202
decision_type=2 2 2 2 2 2 2 2 2 2 2 2 2 2 2 2 2 2 2 2 2 2 2
left_child=-1 17 4 -4 5 -3 -6 8 -8 11 -11 19 -13 -12 15 18 22 -2 -5 -10 -9 -16 -7
right_child=1 2 3 14 6 16 7 20 9 10 13 12 -14 -15 21 -17 -18 -19 -20 -21 -22 -23 -24
leaf_value=-0.015332459674039033 -0.00067263233979134984 0.0048477747038977292 -0.010788770143113496 0.010910754487538228 0.017435909676771194 -0.01912015884335477 -0.013721510410742096 -0.00030443117251341114 0.027372244427357872 0.01364947430306041 -0.014168924894821142 0.0087665203110272663 -0.014777448511058442 0.00010930467833569627 0.0053713671249566181 0.02122905611503902 0.00069463460204089171 0.016345411188770542 -0.0067388433500940401 0.0089926670285395086 -0.016248629048831429 -0.0087120864266165901 -0.0066192153916444759
leaf_weight=5.3060618937015525 5.8833546042442348 8.6033287495374662 5.3246441781520835 7.579036623239519 5.0905526131391516 15.300623729825025 9.4494007378816587 5.8692493289709118 6.5287461131811133 8.5186047554016096 17.371595084667209 13.612521186470987 5.1391717344522467 13.906848922371863 5.7845450788736326 11.330046743154524 6.0935028791427603 13.679413169622419 5.2681933790445328 9.1213159263133985 10.419494926929472 5.7946941256523132 5.5722079873085013
leaf_count=21 21 30 21 25 17 65 37 23 21 29 68 50 20 50 20 36 23 41 20 32 46 22 23
internal_value=0.000174077 0.000722941 -0.000461723 0.00520807 -0.0021981 -0.00830301 0 -0.00117773 0.000897883 0.00307397 -0.0028321 0.00990628 0.00140108 -0.00792308 0.00808973 0.012689 -0.0127438 0.0112591 0.00330721 0.0187334 -0.0113509 -0.00140865 -0.0167186
internal_weight=206.547 201.241 181.678 41.0812 140.597 35.5697 105.028 99.9369 83.6482 74.1988 39.797 34.4018 18.7517 31.2784 35.7565 24.1773 26.9663 19.5628 12.8472 15.6501 16.2887 11.5792 20.8728
internal_count=761 740 678 144 534 141 393 376 307 270 147 123 70 118 123 81 111 62 45 53 69 42 88
is_linear=0
shrinkage=0.03


Tree=110
num_leaves=24
num_cat=0
split_feature=42 29 45 33 2 41 57 2 39 47 54 47 54 49 39 54 45 40 37 18 40 40 30
split_gain=4.45965 3.36565 2.7855 2.54791 2.18967 2.70985 2.52703 2.6583 2.8745 2.22813 1.78644 3.42903 3.22992 2.45398 2.26538 1.95564 2.58349 1.29957 1.19796 1.60486 1.26597 1.14236 0.943844
threshold=1.2704955011792767 0.2783156969795369 -0.48023324436002784 0.94503150586777152 -0.36416838070668395 -0.94172463866999256 1.0000000180025095e-35 -0.71151336866784753 -0.56157648959829631 -0.71599452928461738 0.96756458636266773 1.0090046160968502 0.19564427886951188 0.43583400954283674 0.37813735556721356 -0.65214456404388177 -0.38043031360912832 -0.45443735670743318 0.93241483239834222 -0.22020656372996311 0.19422159210204101 -0.45443735670743318 0.22840922652125425
decision_type=2 2 2 2 2 2 2 2 2 2 2 2 2 2 2 2 2 2 2 2 2 2 2
left_child=1 4 3 21 6 -6 7 8 -1 -8 12 -12 13 15 -14 17 -17 -7 19 -4 -21 -3 -2
right_child=22 2 18 -5 5 10 9 -9 -10 -11 11 -13 14 -15 -16 16 -18 -19 -20 20 -22 -23 -24
leaf_value=-0.004766514622824413 -0.018681819975138399 0.015702612961071394 -0.015882111219772153 -0.0093772262181029686 -0.012290327830266796 0.0026758722016979866 -0.010332514735207405 0.02209469349747098 0.01439547211057772 0.009483339087272535 0.02228375906425966 -0.0044637415222476785 -0.018405782312086689 0.019776781417414509 0.00047094461073475167 0.017026679996639604 -0.0030084998647714658 -0.013602380968124604 -0.017560961926552408 0.0072924652577968764 -0.0090400073903765237 0.00010483591853470214 -0.0015339062072884239
leaf_weight=11.665822625160216 11.502100989222528 8.9045586287975329 6.4198738038539895 8.9159755706787092 10.960191488265989 6.4657447189092627 9.494937792420389 14.481754392385481 13.396267443895342 7.9380197525024405 8.8265076726675016 6.1348513513803473 9.7675220966339129 6.8693664968013755 10.269467175006865 10.174723923206324 9.9146691709756976 8.1023416966199786 12.090699613094328 9.1250508427619916 5.5710573494434366 8.4869150668382662 5.1155042350292197
leaf_count=35 57 28 28 31 39 22 29 41 38 23 28 24 34 21 37 29 35 28 54 34 20 27 19
internal_value=-3.52924e-06 0.00122772 -0.0046569 0.00240054 0.00371606 0.00062605 0.00822026 0.0122989 0.00548465 -0.00095608 0.00275359 0.0115442 0.00029836 0.00512844 -0.00909342 0.00135909 0.00733882 -0.00642885 -0.010283 -0.00496215 0.000466804 0.0090213 -0.0142983
internal_weight=220.594 203.976 59.5141 26.3074 144.462 87.4854 56.9768 39.5438 25.0621 17.433 76.5252 14.9614 61.5638 41.5268 20.037 34.6575 20.0894 14.5681 33.2067 21.116 14.6961 17.3915 16.6176
internal_count=761 685 222 86 463 297 166 114 73 52 258 52 206 135 71 114 64 50 136 82 54 55 76
is_linear=0
shrinkage=0.03


Tree=111
num_leaves=27
num_cat=0
split_feature=39 53 61 37 49 26 13 49 5 40 30 52 31 52 25 55 48 55 35 43 26 48 5 20 40 44
split_gain=3.30195 3.77708 2.73431 3.82541 2.75292 2.69124 2.89289 4.6207 2.69352 3.31265 2.42508 2.03238 1.88192 1.71533 1.68319 1.61496 1.54194 1.31267 3.44762 1.26395 1.03204 0.949273 3.1656 0.918121 0.86841 0.685632
threshold=0.84799427814996886 0.29502509991047993 321.50000000000006 0.52898622336554002 1.0000000180025095e-35 -0.6224561280720381 0.069813701371975692 -0.40961508875463648 -0.28007936558173685 -1.0820017055556235 -0.74224731480908934 1.0000000180025095e-35 0.16134669256162801 -0.64481269035725508 -0.65792112698867056 0.087078154532806415 -1.3189394418073177 -0.45488155047198958 0.52602626861938839 0.69280249044394682 -0.00063947322100896015 1.3229702396071661 -0.10824652565867586 -0.6468807203076975 1.0000000180025095e-35 0.49326551611049041
decision_type=2 2 2 2 2 2 2 2 2 2 2 2 2 2 2 2 2 2 2 2 2 2 2 2 2 2
left_child=2 21 3 16 5 6 7 24 25 -10 12 23 -11 -9 -3 -13 19 -6 -19 -1 -18 22 -2 -12 -4 -7
right_child=1 14 4 -5 17 8 -8 13 9 10 11 15 -14 -15 -16 -17 20 18 -20 -21 -22 -23 -24 -25 -26 -27
leaf_value=0.0040751190371477383 0.019092794388513842 -0.0095102658463543568 0.019165825373933281 0.0063740042837608932 -0.00069168712704055144 -0.017894656075071923 0.016935164594486601 -0.016960534141187887 -0.014652528520481304 0.0016441208322616893 0.021211631818327473 0.0075584600500387756 -0.017061184912312569 -0.00052628175945213104 0.0071511046330604991 -0.0092586185259521808 -0.022579877614012426 0.022849109171899085 0 -0.010538228555356051 -0.0076969927060894826 0.020148056157218718 -0.0046734158395680377 0.0041289672935409414 0.0028870204857244781 -0.004341759281867438
leaf_weight=7.7996101677417746 8.4661973714828509 12.376128047704698 7.160607963800425 12.366339206695555 9.2783217728137988 13.435170203447344 10.123626410961149 9.72223052382469 12.160382866859434 9.3889743089675921 7.5026402473449707 9.6157395541667956 7.0958939492702475 13.476421505212789 7.275315284729003 8.0473519265651685 12.613916307687759 10.752300709486009 10.570182919502257 10.371168076992033 11.579486161470417 11.746686667203901 8.6520327031612414 6.9620295166969282 6.9539019167423248 7.6439820528030387
leaf_count=23 24 35 20 34 26 41 28 28 35 27 21 27 20 38 21 23 39 30 30 32 36 36 24 20 20 23
internal_value=-0.000114363 0.00680818 -0.0017434 -0.00743694 0.000219333 -0.00167694 0.00386265 -4.69571e-05 -0.00497108 -0.0015318 0.00197095 0.00676592 -0.00682537 -0.00826834 -0.00298857 0 -0.0116853 0.00812201 0.0120135 -0.00412816 -0.0165553 0.0134936 0.00734967 0.0145258 0.0125777 -0.0138606
internal_weight=263.137 48.5164 214.62 54.7305 159.89 129.289 47.4368 37.3132 81.8522 60.773 48.6126 32.1278 16.4849 23.1987 19.6514 17.6631 42.3642 30.6008 21.3225 18.1708 24.1934 28.8649 17.1182 14.4647 14.1145 21.0792
internal_count=761 140 621 164 457 371 134 106 237 173 138 91 47 66 56 50 130 86 60 55 75 84 48 41 40 64
is_linear=0
shrinkage=0.03


Tree=112
num_leaves=27
num_cat=0
split_feature=34 41 37 61 49 31 42 55 54 44 38 48 44 54 26 30 41 48 55 60 55 33 54 36 54 19
split_gain=1.84501 2.76074 1.90446 2.23505 2.02506 3.07211 2.83214 2.77673 2.46707 2.04229 2.67893 3.89466 2.22607 2.22433 1.78455 1.7598 3.291 1.68766 1.57086 1.37883 1.32527 1.23978 0.920261 0.856593 0.552756 0.220868
threshold=-1.6779515226147035 -1.3430560306564756 0.70548623981739111 199.00000000000003 -0.40961508875463648 -0.60930300266888371 -0.16438995271675999 0.48158140328063442 -0.52772209783219737 1.0000000180025095e-35 0.61521647661094925 0.58955086858869754 -0.79908872090600502 0.57662221103168876 1.1889228230157431 -0.74224731480908934 1.0000000180025095e-35 -0.52666605911678321 -0.140340653829193 510.50000000000006 -0.40601449524287009 -0.1120949134190478 0.57662221103168876 0.83948089525435543 0.51202253480736026 1.1124125102050202
decision_type=2 2 2 2 2 2 2 2 2 2 2 2 2 2 2 2 2 2 2 2 2 2 2 2 2 2
left_child=-1 20 4 -4 8 17 7 19 -3 12 11 -11 -8 -12 25 16 -5 23 -19 -7 -2 -17 -18 -6 -14 -10
right_child=1 2 3 15 5 6 9 -9 14 10 13 -13 24 -15 -16 21 22 18 -20 -21 -22 -23 -24 -25 -26 -27
leaf_value=-0.015198206199281684 0 0.0046850655986731592 -0.010684777715278176 -0.00073835826419144969 -0.020847771124744428 0.010938078876398347 0.0069082966373946678 0.021325718258897279 -0.018960850409376107 0.02224655030784755 -0.01617461625336199 -0.00644074644924754 -0.0050832050055431427 0.0047719564704999731 0.00072782604484656081 -0.0092742110156889372 0.029042495346913763 0.0076966610792235475 -0.011103193418518112 -0.0069281341086113923 0.016106225715188324 0.006944941875580121 0.0082979469567968783 -0.0032844287361444109 -0.018084861338836536 -0.0064938640030497482
leaf_weight=5.2601003795862189 6.6664348840713528 8.62673072516918 5.2978869378566733 8.7662159502506274 8.2866917848587054 5.497819051146509 5.7892406880855587 11.113160118460653 15.109909251332288 10.342622965574266 6.4715503752231589 5.3704713135957709 8.9871548414230364 8.8771961033344251 6.0815937966108313 6.2158037722110748 7.0292435288429242 7.6541665345430374 5.5714750289916974 7.0907667130231857 12.94922226667404 7.8748236149549466 5.9342527985572815 5.4573808759450904 8.2819440215826017 5.5377192050218573
leaf_count=21 24 30 21 30 34 19 23 37 65 35 26 22 35 32 23 23 21 26 22 28 38 28 21 20 34 23
internal_value=0.000181146 0.000723163 -0.000437402 0.0050855 -0.00213683 0 0.00302491 0.0113488 -0.00818531 -0.000720385 0.00410878 0.0123863 -0.00732367 -0.00435743 -0.0125799 0.00791442 0.0129928 -0.00846307 -0.000139854 0.000782528 0.0110012 -2.88883e-05 0.0218066 -0.0152769 -0.0125852 -0.0165544
internal_weight=206.142 200.881 181.266 41.1182 140.148 104.792 77.8219 23.7017 35.356 54.1202 31.0618 15.7131 23.0583 15.3487 26.7292 35.8203 21.7297 26.9697 13.2256 12.5886 19.6157 14.0906 12.9635 13.7441 17.2691 20.6476
internal_count=761 740 678 144 534 393 291 84 141 207 115 57 92 58 111 123 72 102 48 47 62 51 42 54 69 88
is_linear=0
shrinkage=0.03


Tree=113
num_leaves=25
num_cat=0
split_feature=32 29 47 2 47 47 39 26 59 61 37 20 20 32 51 60 24 36 54 51 51 46 38 55
split_gain=4.26464 3.12172 3.19202 2.2516 2.04346 2.02628 1.90493 2.65707 2.40875 3.26461 2.89586 1.98957 1.82231 2.41804 1.79939 1.46439 1.36625 1.86736 1.30899 1.15749 1.09089 0.983472 1.97468 0.610346
threshold=1.0224113708043954 0.2783156969795369 0.14178516987873585 -0.19316777124888021 0.15802434584696676 -0.034240141887962185 0.37813735556721356 0.54007066143206039 1.0000000180025095e-35 321.50000000000006 -1.084728212765669 0.1456219276464068 0.67395702628247645 -0.56283012142356448 1.0000000180025095e-35 687.00000000000011 -0.99097723727041742 0.63948172730224095 -0.43065693239840092 -0.21441029684291832 -0.21441029684291832 -0.88906755075497401 -1.027344308616603 -0.51696155317246717
decision_type=2 2 2 2 2 2 2 2 2 2 2 2 2 2 2 2 2 2 2 2 2 2 2 2
left_child=1 3 5 6 -5 12 7 8 9 10 -1 -11 13 -3 20 -8 -10 18 -18 -2 -6 22 -4 -21
right_child=19 2 21 4 14 -7 15 -9 16 11 -12 -13 -14 -15 -16 -17 17 -19 -20 23 -22 -23 -24 -25
leaf_value=-0.0052411065821178996 -0.00087124343196827198 0.01683277153095614 -0.0157075478488653 -0.014180113035182317 -0.0011357165617476466 0.013351016277517551 0.00176886437766686 -0.0097577017021604536 0 -0.015370769452007495 0.016790102471865437 0.0020376514838635878 -0.010840879991713457 -0.0058783438180844676 -0.0099186818934957968 0.020657721901675082 0.024766965463014302 0.00012724357804099032 0.008093977166629511 -0.0032795820994341129 0.013112745544788898 -0.018733177439382836 0.0048255792010460799 -0.019461426578982064
leaf_weight=7.0688550174236324 7.6391740143299129 6.0645662546157819 6.6029258817434311 8.660367429256441 7.0126732885837617 8.2822385728359205 6.6469669938087472 9.5681808441877347 7.255951300263404 11.06442376971245 13.034063667058943 9.5669273585081083 11.458956822752951 7.8072384297847783 6.4872072786092749 11.353441312909126 11.771767407655718 7.8213599920272818 11.479771733283998 4.488410219550139 9.4210185110568982 10.838493689894674 7.0642770677804965 11.552581697702403
leaf_count=21 34 19 30 31 25 27 24 30 22 38 37 30 39 25 24 33 34 24 35 21 32 49 26 51
internal_value=-6.08822e-06 0.00144706 -0.00426629 0.00391249 -0.00289473 0.00161586 0.00599627 0.00395483 0.00583956 0.00053378 0.00893945 -0.00743625 -0.00252937 0.004334 0.0017327 0.014663 0.0110952 0.0137214 0.017767 -0.0116609 0.00711156 -0.012193 -0.00527121 -0.0159433
internal_weight=220.012 196.332 58.1187 138.213 31.5813 33.613 106.632 88.6313 79.0631 40.7343 20.1029 20.6314 25.3308 13.8718 22.9209 18.0004 38.3289 31.0729 23.2515 23.6802 16.4337 24.5057 13.6672 16.041
internal_count=761 655 215 440 112 110 328 271 241 126 58 68 83 44 81 57 115 93 69 106 57 105 56 72
is_linear=0
shrinkage=0.03


Tree=114
num_leaves=28
num_cat=0
split_feature=39 53 55 16 49 5 46 31 39 45 45 46 55 41 45 52 25 37 26 28 57 46 58 47 16 29 39
split_gain=3.14514 3.63841 2.5483 4.35657 4.02652 3.81013 4.91944 3.04474 2.59811 2.37142 2.2698 1.7621 3.53284 1.72189 2.44937 1.70851 1.60854 1.60095 1.59034 1.44096 1.409 3.84628 1.85941 0.931839 3.50307 0.897298 0.0966535
threshold=0.84799427814996886 0.29502509991047993 -1.0519653147265711 0.52424695969954838 3.3103609437542461 -0.25628712620777455 -0.87532319796129565 0.91058945181351458 -0.94333523919678475 -0.92887233423071869 -0.38928843870985391 -1.2118458636565903 -1.3395210058390294 -0.94172463866999256 -0.91649778390717362 0.50774739739816754 -0.65792112698867056 0.52898622336554002 -1.0000000180025095e-35 1.0000000180025095e-35 1.0000000180025095e-35 0.36946257345684991 1.0000000180025095e-35 1.3219628922948174 -0.024293474707255212 -0.26643287658381098 -0.56157648959829631
decision_type=2 2 2 2 2 2 2 2 2 2 2 2 2 2 2 2 2 2 2 2 2 2 2 2 2 2 2
left_child=2 23 3 11 5 8 17 10 9 -4 13 -1 -13 -8 -15 19 -3 -7 -16 25 22 -22 -10 24 -2 -12 -24
right_child=1 16 4 -5 -6 6 7 -9 20 -11 15 12 -14 14 18 -17 -18 -19 -20 -21 21 -23 26 -25 -26 -27 -28
leaf_value=0.0096084473316894736 -0.0078921175088376375 -0.0093298252504082496 -0.0081306015854120967 0.023064924566524446 0.016000352503389898 -0.0029319126136047135 0.0095798090894396847 -0.014117437644998796 -0.0013473332835058029 0.01182858778247942 -0.0016103379940714954 -0.016864829325483496 0.0083528072165585093 0.0073730032557069976 -0.014432550738351004 -0.00045352829725299313 0.0069663481436083143 -0.023668728976628493 0.0013522249703195363 0.020520432147830746 -0.018998626162337995 0.0057573035549173526 -0.010365271578019751 0.019852544357162934 0.017486170723149577 0.01181318414712557 -0.022843434659790759
leaf_weight=8.262514531612398 6.8541268110275313 12.368043005466463 11.661469072103502 7.9722690582275382 7.825458586215972 7.0766593813896161 9.8998988866806013 7.4782296419143668 6.6566195487976101 7.535560578107833 7.0041589736938459 9.9573836028575915 7.2823025584220877 10.154173269867888 15.284020811319346 10.091521084308622 7.2546865344047538 7.9796977639198303 7.3773241341114177 12.399773627519606 8.7288710474967974 10.945667490363119 6.829206287860873 11.652619153261183 10.231947481632233 7.4613986611366307 18.155993789434433
leaf_count=23 19 35 35 22 22 20 28 21 20 22 20 28 21 29 45 28 21 23 21 35 26 33 21 36 29 21 57
internal_value=-0.000109226 0.00665705 -0.00170171 0.00567299 -0.00313747 -0.00416928 -0.000378226 0.00237217 -0.00945863 0 0.00422612 -0.00052097 -0.00607641 -0.000386675 -0.00385557 0.00952081 -0.00295408 -0.0154333 -0.00928061 0.0133049 -0.012894 -0.00551044 -0.0168468 0.0132389 0.00716747 0.00539712 -0.0204395
internal_weight=262.382 48.3614 214.02 33.4745 180.546 172.72 102.207 87.1505 70.5134 19.197 79.6723 25.5022 17.2397 42.7154 32.8155 36.9569 19.6227 15.0564 22.6613 26.8653 51.3164 19.6745 31.6418 28.7387 17.0861 14.4656 24.9852
internal_count=761 140 621 94 527 505 291 248 214 57 227 72 49 123 95 104 56 43 66 76 157 59 98 84 48 41 78
is_linear=0
shrinkage=0.03


Tree=115
num_leaves=26
num_cat=0
split_feature=28 30 55 38 61 60 45 36 5 40 20 8 33 39 50 58 41 37 30 12 45 55 39 61 9
split_gain=1.75933 1.8159 3.44518 3.54245 4.99366 2.5885 2.28279 2.23415 2.4304 2.24653 2.20936 2.07412 2.18516 2.48842 1.99822 1.91343 2.04397 1.73017 1.71346 1.58972 1.73765 1.15201 1.14426 1.09597 0.57148
threshold=1.5267181992899761 1.0000000180025095e-35 0.19896285774405775 0.61521647661094925 430.50000000000006 430.50000000000006 0.10163763796185905 -0.76051244836256127 -0.51800175932135983 -0.22635199462605313 -1.1752158189437669 -0.17625468018032034 -1.1692213327058665 0.37813735556721356 -0.24172548153163614 1.0000000180025095e-35 -1.0000000180025095e-35 0.70548623981739111 -0.52654586118012381 -0.59351523752170754 -0.73869982812261259 -0.26031417095807202 1.0000000180025095e-35 430.50000000000006 0.59932895603866998
decision_type=2 2 2 2 2 2 2 2 2 2 2 2 2 2 2 2 2 2 2 2 2 2 2 2 2
left_child=1 7 23 4 -4 -5 10 9 -9 14 -7 -10 -13 19 18 16 -6 -15 24 -14 -21 -22 -2 -3 -1
right_child=22 2 3 5 15 6 -8 8 11 -11 -12 12 13 17 -16 -17 -18 -19 -20 20 21 -23 -24 -25 -26
leaf_value=-0.002822712778278742 0.014950942041340336 -0.0019700519559568076 0.027831046631982166 0.0092593219470211447 0.0033920544890306431 0.00028328040556040152 0.0034325587874623233 -0.0085588519168635947 0.019188303463740376 -0.017334627304454394 -0.021145377624374552 0.01717643082684684 -0.0060241674782086762 -0.015573793658358003 0.01155655685486447 0.010020833021083244 -0.018717067406194117 0.0024731903976665604 0.0072990311266654421 -0.00088147049917860695 0.018953435944956094 0.0014982877569796862 -0.00037029898011481746 -0.018548910824541576 -0.016342464187456173
leaf_weight=7.4561213254928607 9.889955669641493 6.273266777396203 6.3982808738946941 5.6907538920640972 6.3326644003391301 5.1166792511940082 6.3525462746620169 9.2109297662973386 9.0990172922611219 7.4558284580707541 14.668311297893521 8.4182555973529727 6.1372837573289791 8.8839328736066836 7.8031249344348934 7.9857178479433051 5.6905438452959043 7.2945467829704276 5.3901580572128287 9.0700881034135765 12.613657310605044 5.8809283375740327 5.8185371905565253 14.181235700845718 6.6397657245397568
leaf_count=27 31 23 20 20 23 19 23 35 30 30 59 29 22 37 28 28 26 25 20 33 41 22 21 61 28
internal_value=0.000180281 -0.00061718 -0.00408783 -0.000161038 0.00762725 -0.00685528 -0.010893 0.00180399 0.00467724 -0.00429706 -0.0156923 0.0067202 0.00424138 0.00150386 0 -4.47384e-05 -0.00754385 -0.00757795 -0.00514689 0.00617112 0.00926361 0.0142319 0.00938958 -0.0142196 -0.0105351
internal_weight=205.752 190.044 78.69 58.2355 26.4072 31.8283 26.1375 111.354 76.6086 34.745 19.785 67.3977 58.2987 49.8804 27.2892 20.0089 12.0232 16.1785 19.486 33.702 27.5647 18.4946 15.7085 20.4545 14.0959
internal_count=761 709 302 218 97 121 101 407 274 133 78 239 209 180 103 77 49 62 75 118 96 63 52 84 55
is_linear=0
shrinkage=0.03


Tree=116
num_leaves=26
num_cat=0
split_feature=42 29 45 33 57 8 42 5 25 26 52 19 26 32 12 55 55 55 37 18 40 19 40 30 41
split_gain=4.20655 3.11342 2.62377 2.44053 2.09805 2.63033 2.7919 2.51703 2.34031 3.17238 2.32555 1.57483 2.2522 1.50221 1.6183 1.90308 2.2199 1.88547 1.16133 1.56526 1.22636 1.1358 1.09596 0.937304 0.141731
threshold=1.2704955011792767 0.2783156969795369 -0.48023324436002784 0.94503150586777152 1.0000000180025095e-35 -0.2900648881796451 -0.37696557551617277 -0.70305251000773328 1.0000000180025095e-35 0.43192863450144636 1.0000000180025095e-35 1.1124125102050202 -0.21692352708223653 1.0224113708043954 1.0000000180025095e-35 -0.72067927246318375 -0.002600076686786499 0.61040521969110562 0.93241483239834222 -0.22020656372996311 0.19422159210204101 -0.46559732718588409 -0.45443735670743318 0.22840922652125425 -0.38989397468857828
decision_type=2 2 2 2 2 2 2 2 2 2 2 2 2 2 2 2 2 2 2 2 2 2 2 2 2
left_child=1 4 3 22 5 7 10 11 9 24 -7 12 -1 14 15 -8 -17 -18 19 -4 -21 -10 -3 -2 -6
right_child=23 2 18 -5 8 6 13 -9 21 -11 -12 -13 -14 -15 -16 16 17 -19 -20 20 -22 -23 -24 -25 -26
leaf_value=0.0084818006948231602 -0.018453379637312618 0.015316297131613092 -0.01567467496140906 -0.0092351904717158564 0.0061861929670258302 -0.017339540977227775 0.023416071030333514 0.021348155739880081 0 -0.0076243712551081373 0.0022279758279743502 0.015212763594800782 -0.011703024863577242 -0.0057327705140515469 -0.0036753567507853803 -0.007469698383506679 0.021770497569274322 0.0011063205174928826 -0.017275438719944289 0.0072555358994074925 -0.0088459223549005317 -0.01452467936719209 3.8258472588615267e-05 -0.0013489599223885842 0.017191065747587522
leaf_weight=10.191694378852846 11.225446313619615 8.9384191334247607 6.3051095455884942 8.8654941171407682 6.9738432914018631 8.8717727363109606 7.5740684866905239 14.500630825757979 6.9738183766603496 10.082209751009939 9.9552401006221753 7.7334187030792227 7.158451825380328 6.4974379837512961 6.5941415280103675 6.3337281495332745 7.0708665102720287 8.9565146565437299 11.810793727636336 9.1209310293197614 5.5230571031570443 11.983464598655699 8.4636335074901599 5.080521509051322 6.6938866823911685
leaf_count=30 57 28 28 31 21 32 24 41 24 34 32 22 21 26 23 22 22 29 54 34 20 40 27 19 20
internal_value=-1.14981e-05 0.00117829 -0.00450747 0.002324 0.00357024 0.00590738 0.00183427 0.0118266 -0.00185728 0.00415745 -0.00729668 0.00520255 0 0.00607561 0.00847701 0.0113925 0.0058524 0.0116481 -0.0100221 -0.00478449 0.000553465 -0.00943822 0.00879582 -0.0140236 0.0131386
internal_weight=219.479 203.173 59.0274 26.2675 144.145 101.438 61.8538 39.5842 42.7072 23.7499 18.827 25.0836 17.3501 43.0268 36.5293 29.9352 22.3611 16.0274 32.7599 20.9491 14.644 18.9573 17.4021 16.306 13.6677
internal_count=761 685 222 86 463 324 210 114 139 75 64 73 51 146 120 97 73 51 136 82 54 64 55 76 41
is_linear=0
shrinkage=0.03


Tree=117
num_leaves=27
num_cat=0
split_feature=0 58 49 55 40 17 55 20 27 55 56 58 26 33 40 55 40 25 26 36 38 44 45 55 26 55
split_gain=2.99192 2.33043 2.11491 2.94945 3.52171 3.26876 2.72675 2.29738 2.96374 3.14217 2.27285 2.71419 1.70333 1.60746 1.54364 2.06087 1.64515 1.51468 1.50618 1.44336 1.404 1.3153 1.27817 1.00164 0.539149 0.368376
threshold=-0.72840783279328447 1.505492504350302 1.0000000180025095e-35 -1.0519653147265711 -1.0820017055556235 0.09227323480988063 -1.2781268016298684 0.40978947696444162 -0.62740593452454241 0.13758429521685547 1.0000000180025095e-35 1.0000000180025095e-35 -0.4332075809434639 -0.95779604884850278 0.77091072927890036 -0.45488155047198958 1.3544245899726455 0.29681202598455392 0.54007066143206039 1.0000000180025095e-35 0.61521647661094925 1.0000000180025095e-35 1.8803279211434467 0.1156917535491539 -0.00063947322100896015 0.21523622942042328
decision_type=2 2 2 2 2 2 2 2 2 2 2 2 2 2 2 2 2 2 2 2 2 2 2 2 2 2
left_child=13 2 3 6 -5 7 12 8 -6 24 19 -12 -2 22 15 -4 -16 23 -15 -7 -3 -11 -1 -9 -10 -17
right_child=1 20 14 4 5 10 -8 17 9 21 11 -13 -14 18 16 25 -18 -19 -20 -21 -22 -23 -24 -25 -26 -27
leaf_value=-0.0077014800438204023 0.0085257862980652795 -0.01723440011604303 0 -0.019165016533684472 -0.0079411754292620165 0.0059938627366558665 0.019153543035224645 0.0052685759376668037 0.0089961695303183032 0.0090478813698901522 -0.0022035669752916848 -0.025275372873404676 -0.010257532082931016 0.0033770067576828866 -0.010629423942905314 0.02232563610711431 0.0065292530973451923 -0.012321364827870664 0.021587988769819873 -0.0083623700509459706 -0.00077617443724890931 -0.0039994992347289066 0.0080311640499459176 -0.0068342009454033983 0.023811892854907868 0.0079356987684477878
leaf_weight=7.2298103272914878 7.1713856756687164 11.171356856822969 12.005600243806841 10.652564167976378 10.888912528753279 9.8255571424961108 9.0125860571861249 13.149632930755617 8.974107354879381 10.312085151672365 8.8474847972393054 10.695642054080961 7.1229085028171557 9.2222568392753619 7.9113457500934627 7.0841265618801099 9.0791336596012098 12.736780911684034 9.0899142324924451 12.301570013165472 8.8859594762325269 14.937168270349501 8.3375774621963483 9.0944763123989087 8.5241736471652967 7.3374211490154266
leaf_count=20 20 33 34 31 31 29 26 37 25 29 27 34 20 26 24 20 26 37 27 38 27 43 25 27 24 21
internal_value=-0.000108108 -0.00138312 -0.000375769 -0.00196454 -0.00363978 -0.00212119 0.00753154 0.00109895 0.00499983 0.0085893 -0.00890847 -0.0160171 -0.000539396 0.00798763 0.00536581 0.00973901 -0.00135006 -0.00467748 0.0136696 -0.00175773 -0.0107826 0.00131345 0.000338349 0 0.0178396 0.0168185
internal_weight=261.602 227.722 207.665 164.247 140.94 130.288 23.3069 88.6173 53.6364 42.7475 41.6703 19.5431 14.2943 33.8796 43.4176 26.4271 16.9905 34.9809 18.3122 22.1271 20.0573 25.2493 15.5674 22.2441 17.4983 14.4215
internal_count=761 663 603 478 412 381 66 253 152 121 128 61 40 98 125 75 50 101 53 67 60 72 45 64 49 41
is_linear=0
shrinkage=0.03


Tree=118
num_leaves=26
num_cat=0
split_feature=34 41 37 26 31 41 30 40 61 20 47 47 47 55 38 34 36 38 40 30 47 45 42 58 34
split_gain=1.76813 2.62945 1.77841 1.93914 2.42804 1.78835 3.06436 2.08961 1.73024 2.11918 1.85896 2.66438 1.72256 1.58206 2.12194 2.96953 2.8946 1.68345 1.40571 1.359 1.0256 0.964233 0.874851 0.430541 0.0195144
threshold=-1.6779515226147035 -1.3430560306564756 0.70548623981739111 1.4052068768769712 1.1005760086238146 1.0000000180025095e-35 -0.74224731480908934 -0.73394080619444246 430.50000000000006 1.2022921249185463 -0.50054356562457247 -0.30646687849444404 0.15802434584696676 -0.51310620796549311 0.78811761189805996 -0.49701725134044411 1.0394800632064702 0.26941420603672755 -0.43099891230600668 1.0000000180025095e-35 0.71155390724457945 1.5002461804308187 -0.37696557551617277 0.68274220215239889 -0.89066200843186405
decision_type=2 2 2 2 2 2 2 2 2 2 2 2 2 2 2 2 2 2 2 2 2 2 2 2 2
left_child=-1 18 3 4 8 12 7 -7 13 10 23 -12 -4 -3 15 -15 -16 -17 -2 -13 -5 -6 -18 -10 -20
right_child=1 2 5 20 21 6 -8 -9 9 -11 11 19 -14 14 16 17 22 -19 24 -21 -22 -23 -24 -25 -26
leaf_value=-0.014965179180714366 -0.0006385298415878273 -0.010442977571314956 -0.011742961411938662 0.016248094121893437 -0.020748210174433013 0.005500480885615 -0.0046420777955384681 0.028789382080351776 -0.018718973526511778 0.0084574986384139163 0.012337332791869124 -0.0013502618553196176 0.005424274908633263 -0.0042941549554246419 -0.016307417684748166 0.0057727424239862836 0.013238848025640636 0.029494741005116502 0.007969877124956868 -0.012617513724024185 0 -0.0026296327445489514 -0.00097338747394351771 -0.0040130085065863659 0.019083833142066485
leaf_weight=5.1759114861488333 5.865834295749667 5.1056308895349494 7.609744846820834 5.8016665428876859 7.8681074976921064 9.0516794472932816 7.2238323390483847 6.5912705063819894 10.333028987050048 8.2417774796485883 6.724773645400993 25.011657476425185 10.627853423357008 5.778481304645541 6.3153979927301434 6.7054184228181821 6.2509395927190781 6.240813672542572 6.4486931562423715 16.264459565281868 6.5531574785709381 5.5398094356060028 6.033579617738722 4.6532526165246955 7.3206843435764286
leaf_count=21 21 20 29 19 32 31 27 21 45 27 23 98 36 21 25 24 20 20 20 70 25 24 22 19 21
internal_value=0.000185958 0.000715899 -0.000420873 -0.00207139 -0.00323474 0.00491252 0.0102798 0.0173239 -0.00165856 -0.00451365 -0.0064612 -0.00320134 -0.00178292 0.00298826 0.00531254 0.0120855 -0.00160043 0.0194986 0.0107394 -0.00621704 0.00851523 -0.0146824 0.00647686 -0.0152973 0.015566
internal_weight=205.337 200.162 180.526 139.422 127.067 41.1044 22.8668 15.6429 113.659 71.2289 62.9872 48.0009 18.2376 42.4303 37.3246 18.7247 18.5999 12.9462 19.6352 41.2761 12.3548 13.4079 12.2845 14.9863 13.7694
internal_count=761 740 678 534 490 144 79 52 434 282 255 191 65 152 132 65 67 44 62 168 44 56 42 64 41
is_linear=0
shrinkage=0.03


Tree=119
num_leaves=26
num_cat=0
split_feature=42 29 45 33 49 39 14 30 38 1 51 12 5 61 33 33 38 12 41 40 30 61 45 35 25
split_gain=4.05161 2.98203 2.54391 2.35601 2.01419 3.86847 3.0312 2.32433 3.87777 2.47962 2.29292 2.51401 1.93475 1.64505 1.35645 1.53992 1.14855 1.7797 3.62595 1.04161 0.91909 0.862863 0.777773 0.639638 0.0208437
threshold=1.2704955011792767 0.2783156969795369 -0.48023324436002784 0.94503150586777152 -0.40961508875463648 -0.24833854120979301 -0.098959236710534568 -0.52654586118012381 1.0000000180025095e-35 -0.42474363613284255 -0.21441029684291832 -0.57968041409124915 -0.51800175932135983 321.50000000000006 0.31075565429568003 -0.32352019727641151 -1.1570201600819359 -0.49791620582152046 1.0000000180025095e-35 -0.45443735670743318 0.22840922652125425 449.50000000000006 0.81223895661941758 0.070024466219109779 0.29681202598455392
decision_type=2 2 2 2 2 2 2 2 2 2 2 2 2 2 2 2 2 2 2 2 2 2 2 2 2
left_child=1 4 3 19 5 12 14 -8 24 21 -11 -12 -1 -13 15 22 -4 -18 -19 -3 -2 -10 -6 -7 -9
right_child=20 2 16 -5 6 23 7 8 9 10 11 13 -14 -15 -16 -17 17 18 -20 -21 -22 -23 -24 -25 -26
leaf_value=0.010076772004421324 -0.018291462733980694 0.014969919855115813 -0.019558934813393557 -0.0091037363693001593 0 0.025565009543900313 0.015606864871863605 -0.015582072915077724 0.005279934677063584 -0.013092556801634046 -0.010273049579058977 0.01512052982572748 -0.0080007719158392797 0.00067434373589503153 -0.019382353471396812 0.0068056025802510425 0.0033086485588799245 0.0076362171917710893 -0.021112096102066904 5.7025302096517666e-05 -0.0013067313091745659 0.020679761560949771 -0.015930311621789085 0.0094915142300664012 -0.0057990460714196839
leaf_weight=7.9578708112239864 11.037343546748163 8.9739222526550311 7.6020911931991568 8.8217643052339536 5.5277985781431234 8.4935703128576296 11.881694823503492 6.4689792394638044 8.9606376588344592 6.972161039710044 6.9386459738016049 13.763286054134378 10.699435934424399 15.255326360464094 5.3531734794378272 7.0976093411445627 10.016106516122818 4.6072272360324869 10.309298008680342 8.4560437202453631 5.0707268416881552 8.4374717473983747 5.7916497588157654 8.6232288777828199 5.792421355843544
leaf_count=23 57 28 37 31 20 26 37 22 25 23 22 39 36 51 21 24 35 17 47 27 19 24 22 28 20
internal_value=-1.82378e-05 0.00114484 -0.00443238 0.00228436 0.0034849 0.00953129 0.0013289 0.00404318 0.00179175 0.00503353 0.000865979 0.00414865 0 0.00812907 -0.00774667 -0.00285833 -0.00989012 -0.00577242 -0.0119808 0.00862978 -0.0138523 0.0141144 -0.00947322 0.0192069 -0.0125323
internal_weight=218.909 202.801 58.7865 26.2517 144.015 35.7741 108.241 84.4706 72.5889 60.3275 42.9294 35.9573 18.6573 29.0186 23.7702 18.4171 32.5347 24.9326 14.9165 17.43 16.1081 17.3981 11.3194 17.1168 12.2614
internal_count=761 685 222 86 463 113 350 263 226 184 135 112 59 90 87 66 136 99 64 55 76 49 42 54 42
is_linear=0
shrinkage=0.03


Tree=120
num_leaves=27
num_cat=0
split_feature=39 53 55 16 56 49 5 46 54 43 39 45 40 47 54 56 25 37 47 25 55 28 38 33 47 39
split_gain=2.87466 3.45701 2.41462 4.16721 4.99569 3.82038 3.52543 4.68747 3.77439 2.68503 2.48203 2.26527 2.20938 2.22483 1.81479 1.5946 1.54902 1.53315 1.27886 3.50666 2.27838 1.22513 1.19456 0.979172 1.80913 0.708933
threshold=0.84799427814996886 0.29502509991047993 -1.0519653147265711 0.52424695969954838 1.0000000180025095e-35 3.3103609437542461 -0.25628712620777455 -0.87532319796129565 0.99084663341437607 0.69280249044394682 -0.94333523919678475 -0.92887233423071869 0.058864575683803787 0.14449050525044235 0.21964804102673796 1.0000000180025095e-35 -0.65792112698867056 0.52898622336554002 -1.1047604399803725 1.0000000180025095e-35 0.91224085633384988 -0.40430542895324534 -0.11961334835927163 -0.82565524643765043 1.3219628922948174 1.0000000180025095e-35
decision_type=2 2 2 2 2 2 2 2 2 2 2 2 2 2 2 2 2 2 2 2 2 2 2 2 2 2
left_child=2 23 3 4 -1 6 10 17 9 12 11 -4 13 15 -11 -9 -3 -8 19 -12 22 -15 -20 24 -2 -14
right_child=1 16 5 -5 -6 -7 7 8 -10 14 18 -13 25 21 -16 -17 -18 -19 20 -21 -22 -23 -24 -25 -26 -27
leaf_value=-0.013656151996092963 -0.0017112421925585427 -0.0092385487386329335 -0.0078883138358602414 0.022581742375096352 0.011500812566980217 0.015614135738898607 -0.0028633552682767608 -0.0076361593043775145 -0.016538830704087799 -0.013958789497239905 -0.01681788135908914 0.011651073406507667 0.0084925413096923613 0.0022134205195356886 0.0037035830233627942 0.0071107431720877001 0.006778297825523332 -0.023254149100561197 -0.0092834071198498631 0.010134353434508745 -0.0011132453630665264 0.019184483672937732 -0.024955844529397385 0.019821934071108733 0.01609812709156767 0.023000529011629689
leaf_weight=12.269520968198778 9.3182812035083824 12.334113061428072 11.592522084712984 7.9512947499752036 13.131422340869902 7.8114952445030204 7.037738621234892 17.089823901653293 7.0870922207832328 9.1279881447553652 7.44384817779064 7.5171343982219687 12.772868454456331 9.1024457216262835 8.561250835657118 8.5083369910716993 7.214226782321929 7.8951429724693298 11.401230275630949 6.8247588276863098 8.7379853427410108 7.4254575967788687 16.403193771839145 11.03825807571411 8.1284283995628339 7.1258644163608542
leaf_count=35 26 35 35 22 37 22 20 49 20 28 24 22 36 26 24 24 21 23 33 20 27 21 53 33 25 20
internal_value=-0.000104452 0.0063852 -0.00163161 0.00555664 -0.000511708 -0.00303562 -0.00404687 -0.00039243 0.00229228 0.00431491 -0.00916014 0 0.00726523 0.0029778 -0.00547657 -0.00239087 -0.00298073 -0.0151478 -0.0125405 -0.00380823 -0.0155078 0.0111326 -0.0195382 0.0128404 0.00688705 0.0152164
internal_weight=260.852 48.0333 212.818 33.3522 25.4009 179.466 171.655 101.734 86.8011 79.714 69.9207 19.1097 62.0248 42.1261 17.6892 25.5982 19.5483 14.9329 50.811 14.2686 36.5424 16.5279 27.8044 28.485 17.4467 19.8987
internal_count=761 140 621 94 72 527 505 291 248 228 214 57 176 120 52 73 56 43 157 44 113 47 86 84 51 56
is_linear=0
shrinkage=0.03


Tree=121
num_leaves=28
num_cat=0
split_feature=34 41 37 49 31 4 18 58 38 46 40 40 24 27 55 46 21 48 23 55 40 26 33 38 59 47 2
split_gain=1.72763 2.54089 1.69567 1.89319 2.90969 2.90582 3.70884 2.65428 2.37338 4.09382 3.43461 2.24786 2.96838 1.72399 2.38475 1.96688 1.70365 1.61892 1.5114 1.45277 1.35254 1.07859 0.827494 0.825881 0.74248 0.358654 0.0234117
threshold=-1.6779515226147035 -1.3430560306564756 0.70548623981739111 -0.40961508875463648 -0.60930300266888371 -0.41047261724941436 0.73205367902245133 1.0000000180025095e-35 0.33425213176939406 -0.68792021077401022 1.7024854893338268 1.2384042901855852 0.62283332888149257 1.0000000180025095e-35 -1.0161448632137258 -0.69033548796427169 -1.2976612964382286 -0.52666605911678321 -0.53958833298014464 -0.140340653829193 -0.43099891230600668 1.1889228230157431 -0.95779604884850278 0.91779346336339285 0.30767955994134294 0.064405634207800183 -0.4095904175939129
decision_type=2 2 2 2 2 2 2 2 2 2 2 2 2 2 2 2 2 2 2 2 2 2 2 2 2 2 2
left_child=-1 20 3 16 17 6 7 -6 9 -7 11 12 -10 14 24 -16 -3 23 -18 -19 -2 -20 -11 -5 -4 -24 -22
right_child=1 2 13 4 5 8 -8 -9 10 22 -12 -13 -14 -15 15 -17 18 19 21 -21 26 -23 25 -25 -26 -27 -28
leaf_value=-0.014837599241452294 -0.00060318498797100881 0.0038498488346774061 0.0037124681716029953 -0.020569489371586498 0.014134363767883582 0.0096462700674007622 0.027915796560440412 -0.01165902535267435 -0.0071620407106195716 -2.6867632608875313e-05 -0.012122623011001494 0.023063231393371676 0.017898912614992726 -0.0082002956107242106 0.022634099703258814 0.0022869677387071779 0.0012171893556320848 0.0073772361477785669 -0.017936362553021636 -0.01076892881131407 0.0081368726276046417 -0.00028366905884285015 -0.0078812683279014355 -0.0032035583053588849 -0.0082533945427822036 -0.020596254167772537 0.019099542020105026
leaf_weight=5.1319257020950309 5.8576288819313076 7.2352665066719046 10.579309120774271 8.0606066137552279 5.6735347956419009 9.1083519160747546 7.0210221707820883 5.619110181927681 8.7476467490196281 4.6538710594177273 5.8334136456251136 7.6977074444293967 5.6668379157781592 6.0341288149356833 9.9835251122713107 8.5558562725782377 5.8228965103626278 7.6781838238239288 17.159522503614429 5.4682203382253629 6.9936989247798929 4.6387764215469351 8.9949256479740161 5.4291321188211432 5.9593825042247763 8.5104764103889448 6.8120276182889912
leaf_count=21 21 27 37 34 20 34 23 21 35 18 22 25 20 24 30 30 21 26 75 22 21 18 35 20 23 38 20
internal_value=0.000189043 0.000712513 -0.000407443 -0.00202405 0 0.00298189 0.0129336 0.00096864 -0.000240685 -0.0058816 0.00584512 0.0113083 0.0030717 0.00479706 0.00744149 0.0144174 -0.00791833 -0.00825221 -0.0112465 -9.08509e-05 0.0105574 -0.0146974 -0.0127247 -0.0150006 -0.000594343 -0.0155162 0.0152798
internal_weight=204.927 199.795 180.132 139.02 104.163 77.5269 18.3137 11.2926 59.2132 31.2676 27.9456 22.1122 14.4145 41.1122 35.0781 18.5394 34.8565 26.6361 27.6212 13.1464 19.6634 21.7983 22.1593 13.4897 16.5387 17.5054 13.8057
internal_count=761 740 678 534 393 291 64 41 227 125 102 80 55 144 120 60 141 102 114 48 62 93 91 54 60 73 41
is_linear=0
shrinkage=0.03


Tree=122
num_leaves=29
num_cat=0
split_feature=42 38 36 49 10 12 53 57 53 12 14 55 38 60 28 24 16 36 45 37 24 10 61 43 55 39 37 34
split_gain=3.91822 2.78275 2.21716 2.04208 1.87605 3.13128 2.12149 2.83611 2.49721 2.24652 2.04183 1.65131 1.80925 2.0054 2.71897 2.57842 2.24642 2.20076 1.73291 1.49976 1.39691 1.17384 1.0605 1.02711 0.911631 0.865868 0.375932 0.26126
threshold=1.2704955011792767 -0.054775422626605112 -0.76051244836256127 1.450372927499805 0.44013605461014532 -0.67334834590559145 -1.0000000180025095e-35 -0.6201896622491444 0.87893693614422552 -0.4277799597899769 0.017750279814385629 -0.019955543291476894 -1.2866960115472688 449.50000000000006 -0.72614270032711548 1.0000000180025095e-35 0.52680287106510004 -0.96051161631467596 -0.34814074408621981 -0.47958529921646581 -0.34545301080965352 0.26838376745867276 687.00000000000011 1.0945061745206306 0.1156917535491539 -0.24833854120979301 0.29365286809640545 -0.23458741327949764
decision_type=2 2 2 2 2 2 2 2 2 2 2 2 2 2 2 2 2 2 2 2 2 2 2 2 2 2 2 2
left_child=1 3 -3 11 5 -4 27 21 9 22 -6 12 18 20 17 16 -16 -15 -1 -12 -14 -8 -9 -10 -2 -23 -22 -7
right_child=24 2 4 -5 10 6 7 8 23 -11 19 -13 13 14 15 -17 -18 -19 -20 -21 26 25 -24 -25 -26 -27 -28 -29
leaf_value=0.0016045330053383749 -0.019632774863665062 0.019772288775199907 -0.013903676202379214 -0.018817550841082241 -0.0052247529943930645 -0.001714202940241989 0.005717598901884482 0.025604145083557538 -0.0082373589257857972 -8.1814679346095044e-05 0.019110057805455216 -0.012325561160732143 0.0028961134467293168 0.0055609834588499297 -0.0048092945488802654 0.024251168327345429 0.015048640712961867 -0.016378864526837237 -0.018885838166657006 0.0031053287329200481 -0.0028677912947032442 -0.00055474679676580563 0.0078849433452839457 0.0070496637047185121 -0.0034465981837585842 -0.016531048022577453 -0.016209785724997997 -0.012101587373261469
leaf_weight=5.6651457250118256 8.8562842756509763 6.3431307077407828 10.190223753452299 5.2419885694980612 5.734922647476199 6.3180018663406372 5.8344321399927077 11.53087000548839 6.6300071328878385 6.0091776102781536 13.592173159122471 9.4247281551361066 9.845781475305559 7.8529067486524582 9.8112738579511731 8.451993450522421 7.6760615259408942 5.6897097378969139 6.4250802397727949 10.718510925769802 5.3438075482845289 7.1308921426534662 7.9471218436956397 6.0804905593395233 7.0785658210515967 5.4345177412033072 5.9295147955417633 5.5501693934202105
leaf_count=20 47 18 35 22 20 20 18 33 22 20 38 35 33 26 36 28 24 21 31 31 20 24 26 18 29 20 25 21
internal_value=-2.55666e-05 0.0011146 0.0041776 -0.00285408 0.0029564 0.000389811 0.00285544 0.00534451 0.00992477 0.0151005 0.0091472 -0.00144398 0.000106666 0.00235244 0.00632687 0.0118456 0.00409157 -0.00397191 -0.00972574 0.0128766 -0.0047393 -0.00389387 0.0197414 -0.000529881 -0.0137018 -0.00891711 -0.0114346 -0.00783352
internal_weight=218.337 202.403 115.045 87.358 108.702 78.6559 68.4657 56.5975 38.1977 25.4872 30.0456 82.116 72.6913 60.601 39.4819 25.9393 17.4873 13.5426 12.0902 24.3107 21.1191 18.3998 19.478 12.7105 15.9349 12.5654 11.2733 11.8682
internal_count=761 685 364 321 346 257 222 181 119 79 89 299 264 213 135 88 60 47 51 69 78 62 59 40 76 44 45 41
is_linear=0
shrinkage=0.03


Tree=123
num_leaves=25
num_cat=0
split_feature=58 55 46 47 16 56 49 14 20 55 56 58 55 40 43 14 11 54 40 61 40 36 27 12
split_gain=2.77494 2.67388 2.92743 3.13585 2.42656 3.54441 2.29461 2.36353 2.42353 2.49249 2.19592 2.65698 2.01279 1.82755 1.73769 1.58326 2.17759 1.78699 1.57303 1.57137 1.51586 1.39274 0.819582 0.447132
threshold=1.505492504350302 -1.0519653147265711 -1.0507958995367035 1.2745201494115828 0.52424695969954838 1.0000000180025095e-35 1.0000000180025095e-35 0.09227323480988063 0.40978947696444162 -0.80564337198102109 1.0000000180025095e-35 1.0000000180025095e-35 -0.45033754899554096 0.77091072927890036 0.69280249044394682 -0.49177369718516561 -0.10197247607222243 0.25461167847386484 1.3544245899726455 495.00000000000006 0.058864575683803787 1.0000000180025095e-35 -0.3156319238547855 -0.48177643007641074
decision_type=2 2 2 2 2 2 2 2 2 2 2 2 2 2 2 2 2 2 2 2 2 2 2 2
left_child=1 4 -3 6 5 -1 7 8 9 -4 21 -12 -5 22 20 -10 -17 -18 -15 -2 -11 -9 -8 -7
right_child=19 2 3 12 -6 23 13 10 15 14 11 -13 -14 18 -16 16 17 -19 -20 -21 -22 -23 -24 -25
leaf_value=-0.0079182956342458161 -0.0024478970088470629 -0.015540644198734313 -0.011277883865293752 0.02337773999142365 0.021762282128741733 0.0059133708749843934 0.0024069395694113426 0.0060862335393435342 -0.015281103633073881 0.003658056905040682 -0.0019283903737709388 -0.024838811475653266 0.0016214742526889719 -0.010383914645716471 -0.0046138504075070525 0.01074483435533637 -0.012394160618449761 0.0036531984938796961 0.0064272321340879219 -0.019918365624775856 0.015763893068587782 -0.0080604321271860353 0.016372711014713982 0.017984426930963623
leaf_weight=12.595013558864595 12.117673695087435 9.6257793307304365 6.9724997580051413 6.6996499747037879 7.5679166913032523 11.19064784049988 7.7389204204082516 9.7810621559619921 9.8839061856269819 26.494842976331711 8.7707529366016406 10.494353786110876 8.8576895594596845 7.8446789383888271 9.3341926634311658 7.4631919264793387 14.782913714647298 8.4727939367294294 9.0778764486312848 7.7745117247104636 15.946943759918211 12.199596047401426 11.577879220247267 6.6868872940540305
leaf_count=36 37 28 20 21 21 32 22 29 28 75 27 34 26 24 27 21 44 24 26 23 45 38 33 20
internal_value=-9.86541e-05 0.00079597 -0.000568676 0.000263883 0.00794151 0.00346149 -0.000882147 -0.0026505 -5.0885e-05 0.00374946 -0.00855048 -0.0155902 0.0125743 0.00565219 0.00614632 -0.00562982 -0.0017714 -0.00643813 -0.00125107 -0.0104743 0.00872606 -0.00152319 0.0116424 0.0117807
internal_weight=259.952 240.06 202.02 192.394 38.0405 30.4725 176.836 140.597 99.3513 58.7485 41.2458 19.2651 15.5573 36.2394 51.776 40.6028 30.7189 23.2557 16.9226 19.8922 42.4418 21.9807 19.3168 17.8775
internal_count=761 701 592 564 109 88 517 412 284 167 128 61 47 105 147 117 89 68 50 60 120 67 55 52
is_linear=0
shrinkage=0.03


Tree=124
num_leaves=29
num_cat=0
split_feature=28 34 54 36 52 38 46 56 26 47 33 44 24 53 0 39 38 54 49 45 36 61 39 44 19 16 5 37
split_gain=1.66226 1.6325 2.50222 2.66472 2.07769 2.3822 2.06214 4.05493 2.79286 2.62702 2.13932 2.61716 1.97253 1.60967 1.5285 2.28216 3.27332 1.74499 1.47228 1.42605 1.24174 2.37697 1.08929 0.834398 0.804432 0.73901 0.706848 0.387753
threshold=1.5267181992899761 -1.1530918464928102 -0.58069913359815983 0.83948089525435543 -0.64481269035725508 0.52876590896739395 -0.33764841914908283 -0.89030891969515213 -0.6224561280720381 0.30500673020953445 -0.53494548113377527 -0.79908872090600502 0.21938068734351482 0.29502509991047993 0.50767681862196568 0.37813735556721356 0.39909005750206072 -0.039162072902584701 -0.40961508875463648 -0.69137490416514369 -0.41765673187322205 584.00000000000011 1.0000000180025095e-35 -0.15291160239775742 1.0000000180025095e-35 0.056001723736398883 -1.0000000180025095e-35 0.12555761433273774
decision_type=2 2 2 2 2 2 2 2 2 2 2 2 2 2 2 2 2 2 2 2 2 2 2 2 2 2 2 2
left_child=1 13 4 6 19 20 7 9 -9 -4 11 -10 -5 27 15 17 18 -8 -17 -3 21 -6 -2 -13 -19 -12 -20 -1
right_child=22 2 3 12 5 -7 14 8 10 -11 25 23 -14 -15 -16 16 -18 24 26 -21 -22 -23 -24 -25 -26 -27 -28 -29
leaf_value=-0.0054656218899260482 0.014547706087499347 0.0067378449458115304 -0.0037474059212077664 -0.021103048031452649 0.020261359325202486 -0.0033637606543393504 0.00026458895275780522 0.0076804293643280832 0.0095789418800658055 0.021498966457039304 -0.0045792478231371381 -0.01877322340768248 0.00022336401239318542 0.0010887256134242821 -0.0073953715938264173 0.003182529935182454 0.015615398127349724 0.02705085981363814 -0.0023473782916511913 -0.0092685194501964229 0.024464661174133318 -0.0028249084006401965 -0.00037999390132372634 -0.0022399888807759323 0.0084486812221629421 -0.02227747903550626 -0.019466747244991991 -0.019773361093665346
leaf_weight=6.1007141321897524 9.9268235862255079 7.7712018787860897 5.574326813220976 8.7644768357276899 5.7374969422817266 6.5938986837863913 7.3702699840068844 6.7277318984270016 6.7420356720685914 6.5044095814228058 4.639619007706659 5.8805449306964821 5.3684704005718222 8.846233204007147 7.1126433312892905 6.4688047170639065 6.7376684844493857 6.0379771888256055 5.0182767063379314 9.103658050298689 8.4730924367904663 7.4741284400224686 5.8025185316801062 6.6296331137418782 7.5263334810733795 13.333161681890486 5.8409870415925971 6.3391981571912766
leaf_count=22 31 27 21 36 19 25 28 23 26 20 19 27 21 32 28 24 24 20 18 33 28 27 21 28 26 56 25 26
internal_value=0.000195876 -0.000584171 0.000403517 -0.00179414 0.00634981 0.0111507 -6.38104e-05 -0.00406054 -0.0083424 0.010279 -0.0115785 -0.00374981 -0.0133742 -0.00813151 0.0041149 0.00624309 0 0.0131278 -0.00705569 -0.00162245 0.0157552 0.00783669 0.00913901 -0.0116178 0.0189965 -0.0187215 -0.0132861 -0.0145302
internal_weight=204.446 188.717 167.431 122.277 45.1535 28.2786 108.144 56.0315 43.9527 12.0787 37.225 19.2522 14.1329 21.2861 52.113 45.0003 24.0657 20.9346 17.3281 16.8749 21.6847 13.2116 15.7293 12.5102 13.5643 17.9728 10.8593 12.4399
internal_count=761 709 629 470 159 99 413 220 179 41 156 81 57 80 193 165 91 74 67 60 74 46 52 55 46 75 43 48
is_linear=0
shrinkage=0.03


Tree=125
num_leaves=26
num_cat=0
split_feature=42 29 45 57 2 42 2 39 52 25 26 26 20 20 47 43 39 29 39 38 12 41 59 27 46
split_gain=3.77557 2.77873 2.41046 1.94845 2.2589 2.64845 2.39627 2.63425 2.24818 2.18485 3.02178 1.7816 2.28874 1.64041 3.35256 2.74849 1.50178 1.47541 1.25773 1.10179 1.6956 3.52102 0.902121 0.862521 0.179962
threshold=1.2704955011792767 0.2783156969795369 -0.48023324436002784 1.0000000180025095e-35 -0.36416838070668395 -0.37696557551617277 -0.71151336866784753 -0.56157648959829631 1.0000000180025095e-35 1.0000000180025095e-35 0.43192863450144636 -0.6224561280720381 0.67395702628247645 0.1456219276464068 -0.034240141887962185 -0.55247893019377237 0.37813735556721356 -0.26643287658381098 -0.56157648959829631 -1.1570201600819359 -0.49791620582152046 1.0000000180025095e-35 1.0000000180025095e-35 0.61969010815448555 0.10136267323850856
decision_type=2 2 2 2 2 2 2 2 2 2 2 2 2 2 2 2 2 2 2 2 2 2 2 2 2
left_child=1 3 11 4 6 8 7 -1 -6 10 24 12 -3 15 -15 -7 -17 -16 -11 -4 -21 -22 -13 -2 -5
right_child=23 2 19 9 5 13 -8 -9 -10 18 -12 22 -14 14 17 16 -18 -19 -20 20 21 -23 -24 -25 -26
leaf_value=-0.0051067000515208488 -0.018005061125297785 0.0055861578297029743 -0.019306450611970116 0.016665803360184677 -0.017112188267067792 0.013996657684011834 0.020349166242862659 0.013200442536782105 0.0021945580633091011 -0.00036971404626897492 -0.0076243173371067698 0.016456377312754376 -0.016897272935178252 0.024191562571501613 -0.0086335779265169395 -0.015779762000054612 0.0015596792851605608 0.0099094277097189886 -0.01613832787196277 0.0031791100713308377 0.0074622967220430696 -0.020927951882789019 0.00031238023461569538 -0.0014439116399780311 0.0055040522205359
leaf_weight=11.68713667988777 10.607163131237028 7.1096403300762194 7.3840982764959326 6.9536053687334078 8.7369651198387164 6.8776287734508523 14.485721647739409 13.43814727663994 9.9322978407144529 9.2493515908718127 10.009057864546774 6.533583998680113 6.0773084312677383 8.8323667645454425 6.0436458885669708 7.1814673393964767 7.6744197607040405 6.3266948312520963 9.5353787839412671 10.015961706638336 4.6193813532590875 10.090066596865652 6.4739277362823486 5.1457030773162833 6.6756736040115356
leaf_count=35 56 24 37 21 32 23 41 38 32 31 34 19 22 25 23 25 27 23 33 35 17 47 21 20 20
internal_value=-3.89907e-05 0.00107666 -0.00433162 0.00333532 0.00558837 0.00178865 0.0110711 0.0046515 -0.00714394 -0.00191084 0.00390387 0.00219371 -0.00503447 0.00591774 0.0115575 0 -0.00713397 0.000463537 -0.00927135 -0.00969373 -0.0056541 -0.0117766 0.00969805 -0.013539 0.0126831
internal_weight=217.696 201.944 58.304 143.64 101.216 61.6055 39.611 25.1253 18.6693 42.4231 23.6383 26.1945 13.1869 42.9362 21.2027 21.7335 14.8559 12.3703 18.7847 32.1095 24.7254 14.7094 13.0075 15.7529 13.6293
internal_count=761 685 222 463 324 210 114 73 64 139 75 86 46 146 71 75 52 46 64 136 99 64 40 76 41
is_linear=0
shrinkage=0.03


Tree=126
num_leaves=23
num_cat=0
split_feature=48 37 47 61 45 55 55 56 14 60 40 35 40 45 5 40 61 32 57 12 29 38
split_gain=2.63765 2.13014 3.25258 3.19499 2.08185 1.74601 2.59977 2.20146 1.93074 2.09021 1.7602 1.83344 1.81692 2.52053 2.36131 1.63205 1.98092 3.76172 1.59282 1.24911 1.13089 0.845584
threshold=-0.24040416634704542 0.52898622336554002 -0.56246045932627231 320.00000000000006 -0.82216483546917629 -1.0297186655747252 -1.2138225054757446 1.0000000180025095e-35 -1.6613191533769898 746.50000000000011 -1.0820017055556235 -0.84197913858144691 0.65830279125028301 0.82451036651338383 -0.25628712620777455 1.2384042901855852 687.00000000000011 -0.7623710085571539 -0.6201896622491444 -0.43770186835368469 -0.26643287658381098 1.0000000180025095e-35
decision_type=2 2 2 2 2 2 2 2 2 2 2 2 2 2 2 2 2 2 2 2 2 2
left_child=1 2 3 18 -2 6 7 -6 -7 10 -10 -12 13 14 -13 16 -5 -18 -1 -20 -15 -4
right_child=4 -3 21 15 5 8 -8 -9 9 -11 11 12 -14 20 -16 -17 17 -19 19 -21 -22 -23
leaf_value=0.00098094637046509297 -0.010368701453380019 0.0073727344293778255 -0.0063332814434023327 0.016009560321563972 -0.005269284250309478 0.01302226920437227 0.023033438972663217 0.011559217032515326 -0.011717152595702022 0.013158699506477023 0.01167412936402089 -0.010226855139871168 0.0091432058848058204 -0.019450931250521102 0.0037824686866399755 -0.0056509604587129652 0.014423058597612089 -0.013380383456582138 -0.020203655072460726 -0.0025692306619663203 -0.0036350818567620533 -0.021520646913145956
leaf_weight=7.2325223982334164 9.5591963529586774 10.950942903757094 8.7099940180778521 11.289931625127794 11.669463962316515 10.017314210534094 7.5777855515480033 13.049383938312529 10.951126068830488 8.6167199313640577 9.7366979420185071 12.883801192045196 11.349617540836332 8.5808487236499804 42.059657812118544 10.820445090532301 6.8576364815235102 7.6990763843059558 11.388237029314045 6.8907589018344853 10.193720102310179 11.065618157386778
leaf_count=22 28 30 26 32 33 31 22 38 32 25 28 38 32 24 119 33 19 23 37 22 29 38
internal_value=-9.9416e-05 -0.0041319 -0.00584596 -0.0022109 0.00213514 0.003027 0.00910974 0.0035389 0.00131028 7.74039e-05 -0.00110161 0.00022572 -0.00119491 -0.00301693 0.000206614 0.00331685 0.00739457 0 -0.0101209 -0.0145582 -0.0120639 -0.0160316
internal_weight=259.15 92.9052 81.9542 62.1786 166.245 156.686 32.2966 24.7188 124.39 114.372 105.755 94.8043 85.0676 73.718 54.9435 36.6671 25.8466 14.5567 25.5115 18.279 18.7746 19.7756
internal_count=761 282 252 188 479 451 93 71 358 327 302 270 242 210 157 107 74 42 81 59 53 64
is_linear=0
shrinkage=0.03


Tree=127
num_leaves=25
num_cat=0
split_feature=49 60 49 25 26 37 11 18 28 36 35 17 33 47 56 43 37 25 31 45 46 19 17 36
split_gain=1.63667 2.0827 2.1327 4.04064 3.80924 3.0059 2.38236 2.07398 2.05738 2.64112 3.06444 2.44266 2.05927 2.72154 1.94861 1.68482 1.66986 2.41475 2.04252 2.36191 2.29813 1.17647 0.714602 0.405986
threshold=-0.40961508875463648 746.50000000000011 1.0000000180025095e-35 0.93330079463337035 -1.4605568367842949 0.29365286809640545 -0.24814328049857767 0.73478695223775448 1.5267181992899761 0.23948339139801147 0.070024466219109779 0.66760625205004842 0.7336062220104077 -0.062298469305256052 -0.89030891969515213 0.45178027999793652 0.70548623981739111 1.0000000180025095e-35 -0.82604822945246514 0.16362001627113013 -0.27319503611556611 0.32340759150956805 -0.12387578580698362 -0.41765673187322205
decision_type=2 2 2 2 2 2 2 2 2 2 2 2 2 2 2 2 2 2 2 2 2 2 2 2
left_child=16 2 3 8 -5 7 -7 21 9 10 12 22 13 -2 -15 -12 18 -18 -1 -20 -21 -4 -11 -6
right_child=1 -3 5 4 23 6 -8 -9 -10 11 15 -13 -14 14 -16 -17 17 -19 19 20 -22 -23 -24 -25
leaf_value=0.0043986739391737072 -0.016110346677303305 -0.013013578874015034 -0.018382222738076052 -0.0025858858152096442 0.010863671844853793 0.020899797120826277 -0.0030498834486477086 0.0051572847216535319 0.017099025661140854 -0.0029478335626398444 0.0024136185040498337 0.005663969457740327 0.013700209190586024 0.015048865925199002 -0.0025957970468343298 0.024363263196670485 0.014927891518497828 -0.006844943399081327 -0.02005528930623365 -0.013871061147149937 0.0065094588560999159 -0.0020229103592174676 -0.01906565820834458 0.028444024402932901
leaf_weight=8.5325523018836957 9.2221432775258965 6.4692860543727866 12.981972798705106 6.2640538960695293 6.0820438265800485 5.3424063473939896 6.7413652241229993 5.8289002925157538 5.6620768457651129 5.2149063646793374 6.6782918572425825 6.3986352980136862 6.2765978425741187 5.8212124854326204 22.057669550180446 6.9365165531635284 7.3292838782072049 7.8200235217809677 13.102826923131945 7.6206287741661063 9.214653208851816 7.2263942360877982 9.8522018194198608 9.3470126837491954
leaf_count=29 37 26 54 23 21 19 27 20 18 19 25 22 21 19 84 23 24 29 57 35 34 27 40 28
internal_value=0.000197086 0.0018301 0.00266586 0.00486336 0.0159886 -0.00323557 0.00823554 -0.00893576 0.00169445 0.000207795 0.00366046 -0.00833825 -0.000248931 -0.0032049 0.00146449 0.0153016 -0.0041998 0.00372433 -0.007493 -0.0111212 -0.00276877 -0.0133526 -0.0146212 0.023445
internal_weight=204.024 150.404 143.934 105.813 21.6931 38.121 12.0838 26.0373 84.1203 78.4582 56.9924 21.4657 43.3776 37.101 27.8789 13.6148 53.62 15.1493 38.4707 29.9381 16.8353 20.2084 15.0671 15.4291
internal_count=761 553 527 380 72 147 46 101 308 290 209 81 161 140 103 48 208 53 155 126 69 81 59 49
is_linear=0
shrinkage=0.03


Tree=128
num_leaves=25
num_cat=0
split_feature=42 13 23 45 55 20 24 50 40 54 39 18 43 37 40 34 45 46 42 42 54 30 32 45
split_gain=3.64492 2.41072 2.96066 3.10076 2.99854 2.41488 2.7706 2.39464 2.41768 2.12474 2.98062 2.59335 2.38007 2.08846 1.92605 2.34972 2.32086 1.79932 1.56494 1.41963 1.35775 0.89595 0.55751 0.322156
threshold=1.2704955011792767 -0.089822172711967518 1.6367410630336645 -0.43728818811547238 -1.2781268016298684 -1.1752158189437669 0.21938068734351482 0.783558818211468 0.89034339082440361 -0.5793007472063777 -0.6790407202439851 0.7840117160880985 1.0000000180025095e-35 0.93241483239834222 -0.73394080619444246 0.48709464138810549 0.37170397858655219 0.77692259564728283 -0.37696557551617277 0.44676496283155193 -0.35736424285617069 0.22840922652125425 -0.36328923428997523 -0.023341607439685549
decision_type=2 2 2 2 2 2 2 2 2 2 2 2 2 2 2 2 2 2 2 2 2 2 2 2
left_child=1 7 3 4 -3 -6 18 9 -9 11 -11 12 -1 14 16 20 -5 -12 22 -17 -16 -2 -7 -22
right_child=21 2 -4 13 5 6 -8 8 -10 10 17 -13 -14 -15 15 19 -18 -19 -20 -21 23 -23 -24 -25
leaf_value=0.0053739763678440555 -0.017879224964127329 0.019793498721703582 0.016718552096833417 -0.0097405223742934987 0.012017900691539208 -0.017395365955412086 0.0088613124593262677 -0.016119837093831441 0.0061953469586898706 -0.0014604440298184522 0.024325192027493725 0.014731023429864145 -0.013499354520256416 -0.018441605650450388 -0.00018709095154807425 0.0082923303962490254 0.012838841912407407 0.0071038750781943528 0.00061585449994313061 -0.0080074845310908194 -0.0070011555744839181 -0.0010484065283745078 -0.0040261879560134295 -0.021894356087178584
leaf_weight=10.123283028602605 10.558439001441 6.2323814481496802 5.9406918287277213 4.9394189715385428 9.5486459881067258 11.640031352639197 9.5875604748725873 7.3796581327915174 6.9377087354660034 9.6463952958583814 14.087902098894121 7.5005570650100699 10.675900444388388 11.009395331144331 5.6771944016218141 8.8754055798053759 9.4192082285881025 13.006003469228743 9.6111862957477587 7.3707680553197852 5.2293974459171251 5.0191323757171622 6.7198682725429562 10.325192645192155
leaf_count=32 57 19 22 20 30 42 29 26 20 29 40 21 34 55 21 30 33 38 29 29 20 19 24 42
internal_value=-3.93163e-05 0.00105347 -0.00155251 -0.0027389 0.00246638 -0.000242672 -0.00385516 0.00509253 -0.00536525 0.00755384 0.0121848 0.00102967 -0.00430077 -0.00720456 -0.00425394 -0.00780845 0.00450649 0.0170745 -0.0086467 0.000507363 -0.0140491 -0.013376 -0.0134779 -0.0182953
internal_weight=217.061 201.484 122.126 116.186 53.3397 47.1073 37.5586 79.3574 14.3174 65.04 36.7403 28.2997 20.7992 62.846 51.8366 37.478 14.3586 27.0939 27.9711 16.2462 21.2318 15.5776 18.3599 15.5546
internal_count=761 685 445 423 173 154 124 240 46 194 107 87 66 250 195 142 53 78 95 59 83 76 66 62
is_linear=0
shrinkage=0.03


Tree=129
num_leaves=23
num_cat=0
split_feature=58 55 46 47 55 27 37 49 5 2 55 26 19 28 35 44 61 23 42 12 47 25
split_gain=2.62377 2.51249 2.80162 2.9277 2.22495 2.16389 2.65872 3.18058 2.44284 2.05782 1.99435 1.97462 1.962 1.75317 3.16664 2.03458 1.5148 1.34043 1.41573 1.66093 1.13295 0.252799
threshold=1.505492504350302 -1.0519653147265711 -1.0507958995367035 1.2745201494115828 -1.3620797156008411 -0.62740593452454241 -1.2864425172820704 0.94310346852132076 -0.48627877348941012 -0.6767788698717313 -0.45033754899554096 -0.00063947322100905014 1.1124125102050202 -0.40430542895324534 -0.34254859309542762 1.0855945414097177 495.00000000000006 -0.53958833298014464 0.44676496283155193 -0.48411356834384295 -0.7979205086796769 1.0000000180025095e-35
decision_type=2 2 2 2 2 2 2 2 2 2 2 2 2 2 2 2 2 2 2 2 2 2
left_child=1 4 -3 5 11 17 20 8 9 12 -5 -1 -8 14 -10 -15 -2 -4 19 -19 -7 -6
right_child=16 2 3 10 21 6 7 -9 13 -11 -12 -13 -14 15 -16 -17 -18 18 -20 -21 -22 -23
leaf_value=0.0085333343654679251 -0.0023334531176305907 -0.015245108248959801 -0.01490081352800896 0.023043583265306387 0.018332917049161287 -0.00090491997439263322 0.0068752403262242519 0.016144550359578014 0.0069790337522968359 -0.01607121284446289 0.0013508122544544795 -0.0094033622449702994 -0.011981394949033776 0.0077171648609225775 -0.015281683454813202 -0.0071301578219074265 -0.019544697372762317 -0.0060549327569273149 -0.011617699809251687 0.012309570159029747 -0.017405373559563512 0.0068722626232226415
leaf_weight=10.619570612907411 12.061751365661623 9.5597770214080793 12.270613044500349 6.5929815471172324 10.80453881621361 7.9484357237815857 11.783116981387144 11.926924526691435 9.9015052020549792 10.840500190854071 8.8052618503570539 8.6204131543636304 6.4268081635236731 56.598375633358955 9.9101293683052045 8.0690631717443448 7.6906403303146353 7.3369753658771506 7.9290226697921744 7.1291097104549435 7.7800025641918165 7.7318767905235282
leaf_count=30 37 28 36 21 32 24 35 35 28 35 26 25 21 162 29 24 23 21 23 20 24 22
internal_value=-0.000100687 0.000771026 -0.000554424 0.000261702 0.00772159 -0.000845607 0.000785329 0.00231675 0.000620318 -0.00661125 0.012215 0.0001087 0 0.00324883 -0.00416648 0.00565423 -0.0102235 -0.00741098 -0.00237832 0.00292579 -0.0102198 0.0147243
internal_weight=258.337 238.585 200.809 191.249 37.7764 175.851 141.185 125.456 113.529 29.0504 15.3982 19.24 18.2099 84.4791 19.8116 64.6674 19.7524 34.6657 22.3951 14.4661 15.7284 18.5364
internal_count=761 701 592 564 109 517 417 369 334 91 47 55 56 243 57 186 60 100 64 41 48 54
is_linear=0
shrinkage=0.03


Tree=130
num_leaves=22
num_cat=0
split_feature=47 31 31 24 34 16 4 25 33 0 18 47 24 55 16 25 12 34 42 2 34
split_gain=1.54654 2.25176 1.84828 3.42186 2.79014 2.4184 2.07644 2.02769 3.29818 3.48703 2.64706 2.36668 2.1426 1.68953 1.57326 2.34955 1.29215 1.2505 1.24616 0.547863 0.274191
threshold=1.5185049333955656 1.7026460830226522 1.1005760086238146 1.2683575553422564 0.8151319389642887 -0.065916832278530332 0.31893130658103253 0.93330079463337035 1.5264510364755222 -1.0000000180025095e-35 0.71022134950833815 -0.20152244559209267 0.21938068734351482 0.47334305912562663 0.65792014319439274 -0.65792112698867056 -0.53068471603435863 -0.23458741327949764 -0.85526072681485155 3.2081412262477467 -0.79225081915900886
decision_type=2 2 2 2 2 2 2 2 2 2 2 2 2 2 2 2 2 2 2 2 2
left_child=1 2 4 -4 6 -6 7 10 9 20 12 17 14 -14 15 -1 -8 -12 -10 -2 -9
right_child=19 -3 3 -5 5 -7 16 8 18 -11 11 -13 13 -15 -16 -17 -18 -19 -20 -21 -22
leaf_value=0.0082479396430422177 -0.016798660273978052 0.015235870023118735 -0.020739332989384147 0.0071134666410089921 -0.00053383957000060036 0.023071007222468499 0.018899061373820188 0.0088209985596783193 0.0019333997643557949 -0.0052406522585966148 0.017286355615455912 -0.0082048083199133814 -0.021711774475622597 -0.0011503144360265351 -0.014812841260090439 -0.0045161766432000507 0 0 -0.015642650067673763 -0.00057414254214144223 0.022326533635207455
leaf_weight=15.608720555901519 4.7284153550863248 7.8043377101421347 8.3486676663160306 5.2395438849925986 5.880931094288826 7.6106973737478238 6.4002702087163925 7.2719476521015194 5.5047613978385925 7.1024401783943203 10.289331912994385 6.1002301275730124 10.174830541014673 6.3850360065698615 7.6208948194980612 50.88484779000283 5.5381581932306272 5.4179571568965921 5.929248094558714 3.9952127039432526 9.7052583247423154
leaf_count=54 26 24 35 18 22 26 20 25 20 26 36 25 42 26 31 190 21 20 24 19 31
internal_value=0.000207979 0.000827374 7.78131e-05 -0.0099623 0.000977456 0.0133576 -0.00014415 -0.00119453 0.00485765 0.0110427 -0.00319679 0.00578139 -0.00548011 -0.0148701 -0.00304934 -0.00131582 0.0111104 0.0118036 -0.0074741 -0.0111295 0.0180521
internal_weight=203.542 194.818 187.014 13.5882 173.426 13.4916 159.934 147.996 35.5137 24.0796 112.482 21.8075 90.6743 16.5599 74.1145 66.4936 11.9384 15.7073 11.434 8.72363 16.9772
internal_count=761 716 692 53 639 48 591 550 126 82 424 81 343 68 275 244 41 56 44 45 56
is_linear=0
shrinkage=0.03


Tree=131
num_leaves=27
num_cat=0
split_feature=42 29 45 57 55 46 25 26 48 20 23 39 24 16 20 55 39 46 20 39 38 12 41 55 37 46
split_gain=3.51893 2.60113 2.27311 1.87065 2.16766 2.8854 2.06106 2.87246 2.02159 1.73018 1.67788 1.62586 2.03863 2.42375 2.2608 1.6005 1.62373 2.88428 1.35579 1.24322 1.06204 1.61971 3.42568 0.895797 0.474644 0.183968
threshold=1.2704955011792767 0.2783156969795369 -0.48023324436002784 1.0000000180025095e-35 0.37524075830104631 -0.070313493000996569 1.0000000180025095e-35 0.43192863450144636 -0.029025908696999381 -0.6468807203076975 -1.239122781698869 -0.82167585745660709 0.21938068734351482 0.24513310281890541 0.1456219276464068 -0.002600076686786499 -0.24833854120979301 -0.69033548796427169 0.93812457560051132 -0.56157648959829631 -1.1570201600819359 -0.49791620582152046 -1.0000000180025095e-35 0.1156917535491539 -0.47958529921646581 0.10136267323850856
decision_type=2 2 2 2 2 2 2 2 2 2 2 2 2 2 2 2 2 2 2 2 2 2 2 2 2 2
left_child=1 3 10 4 8 24 7 25 9 -1 -3 -7 13 -13 -15 16 -10 -18 -12 -8 -4 -22 -23 -2 -6 -5
right_child=23 2 20 6 5 11 19 -9 15 -11 18 12 -14 14 -16 -17 17 -19 -20 -21 21 22 -24 -25 -26 -27
leaf_value=0.0033512741439326909 -0.019259406871572314 -0.0098746394518824995 -0.019067143807275554 0.016199685345261661 -0.0027450859470619145 -0.0054112103107845904 -0.0002637015038986417 -0.0075658759064213196 -0.011408220119846961 0.022565072346901159 0.011952201084288686 0.024935904013869806 -0.0054711448292312972 -0.0075559184961890768 0.013328269971331182 0.015058996653604153 0.016078800899979765 -0.0070351530542357484 -0.0029264289767497692 -0.015972654240682591 0.0030822123705591137 0.0073296889482446044 -0.020742453721614297 -0.0031235716792571795 -0.016756510837170984 0.0051960665378375705
leaf_weight=7.7972975969314602 8.4190414100885373 6.0816950201988247 7.1677694022655514 6.9570642113685626 5.8368726223707199 8.7483607530593854 9.1932380944490451 9.9422883838415128 6.4514384418725994 13.618659257888792 12.754698708653452 7.4897463023662629 6.1486678421497336 6.6760585308074942 9.0713938474655134 7.0664817839860943 8.3942754268646294 7.8832716941833452 7.2999488413333884 9.4538840949535352 10.012349039316181 4.6248231828212782 9.8782247155904681 6.9877079874277106 5.8002685308456403 6.6542529612779617
leaf_count=24 47 22 37 21 21 28 31 34 22 39 39 21 20 20 27 23 28 30 25 33 35 17 47 29 21 20
internal_value=-4.81032e-05 0.00102253 -0.00423384 0.00320848 0.00541745 0.000770758 -0.00194463 0.00370409 0.00966921 0.0165086 0.00208986 0.00489439 0.00827049 0.0122604 0.00423951 0.00400589 0 0.00489805 0.00643122 -0.00912202 -0.00948991 -0.00552118 -0.0115677 -0.0132223 -0.0113013 0.0122671
internal_weight=216.41 201.003 57.8195 143.184 100.983 49.7714 42.2007 23.5536 51.2114 21.416 26.1363 38.1342 29.3859 23.2372 15.7475 29.7955 22.729 16.2775 20.0546 18.6471 31.6832 24.5154 14.503 15.4067 11.6371 13.6113
internal_count=761 685 222 463 324 158 139 75 166 63 86 116 88 68 47 103 80 58 64 64 136 99 64 76 42 41
is_linear=0
shrinkage=0.03


Tree=132
num_leaves=27
num_cat=0
split_feature=58 37 18 49 36 45 58 45 23 2 28 53 54 45 27 48 46 5 61 46 45 46 38 48 18 46
split_gain=2.51626 2.2595 2.76049 2.14248 2.20531 2.68723 2.20465 3.27816 1.91161 1.71866 1.66579 3.78423 1.87323 2.22399 2.2208 3.01549 1.95544 1.79741 1.47194 1.4303 1.64505 1.23518 1.22061 0.932804 0.71528 0.522129
threshold=1.505492504350302 -1.2864425172820704 0.76134681658936465 1.0000000180025095e-35 -0.56051328041044668 1.5427048211082048 -0.96275840224340647 0.60074469712666201 -0.53958833298014464 -0.55654406634671294 -0.40430542895324534 -0.87279857255701121 0.66743835597812695 1.5002461804308187 0.93146411882424263 -0.65371381352000657 0.62263929994401301 -0.31973309787167398 495.00000000000006 -0.75566100562779803 0.19050610746551175 -0.20069528255733368 0.52876590896739395 -0.84213626995719493 0.38463857949896701 -0.10580635018295446
decision_type=2 2 2 2 2 2 2 2 2 2 2 2 2 2 2 2 2 2 2 2 2 2 2 2 2 2
left_child=1 23 3 4 5 6 -3 8 -8 -4 11 -6 14 21 15 -12 -16 -17 -2 -5 22 -14 -21 -1 -10 -13
right_child=18 2 9 19 10 -7 7 -9 24 -11 12 25 13 -15 16 17 -18 -19 -20 20 -22 -23 -24 -25 -26 -27
leaf_value=-0.00084792678417525732 -0.0022567061772888232 -0.0084910288933888016 -0.00092908464832290691 -0.001979338205171168 0.0079744628151252519 0.022704969396004859 0.00035646144833623226 -0.0096322853331333638 0.020443983534777582 -0.019587150509612784 0.013527333221916122 -0.021710920010098934 0.019316405194819461 -0.0057610246809716055 -0.0003150149690955581 -0.015259929103359776 -0.022229677463556519 2.1343802940179232e-05 -0.019258747544324103 0.010971487929152916 0.020214149010430893 0.0024899300889171926 -0.0036519952626913772 -0.015732417965636333 0.0053875735217831129 -0.0066995748542164465
leaf_weight=7.93574330210686 12.036108285188677 9.763448089361189 11.599785491824152 7.1067428886890402 7.2214067280292538 6.1594045162200919 11.481749594211577 7.4862487614154807 12.61154660582543 6.7348005622625342 11.486883759498594 8.234639048576355 9.778990507125858 6.8239632844924918 7.8237629830837232 7.0673588812351218 6.595170259475708 32.187586188316345 7.635872244834899 10.623767226934438 11.715543344616888 8.2102698385715485 7.0996714830398551 8.3487312793731672 6.8624861240386954 6.9548586606979343
leaf_count=24 37 28 36 20 21 20 33 21 36 22 33 24 28 20 23 22 22 92 23 30 35 23 21 26 20 21
internal_value=-0.000103762 0.000750202 0.001589 0.00263688 0.00111921 0.0060125 0.0031381 0.00644983 0.0107894 -0.00904819 -0.00124319 -0.00829928 0.000556031 0.00737625 -0.00205864 0.000874005 -0.0118658 -0.00304302 -0.0100365 0.00908683 0.0119186 0.0127274 0.00497361 -0.00949959 0.0161891 -0.016417
internal_weight=257.587 237.915 221.63 203.295 166.75 54.3649 48.2055 38.442 30.9558 18.3346 112.385 22.4109 89.974 24.8132 65.1608 50.7418 14.4189 39.2549 19.672 36.5457 29.439 17.9893 17.7234 16.2845 19.474 15.1895
internal_count=761 701 651 593 487 158 138 110 89 58 329 66 263 71 192 147 45 114 60 106 86 51 51 50 56 45
is_linear=0
shrinkage=0.03


Tree=133
num_leaves=30
num_cat=0
split_feature=49 60 49 25 26 37 11 16 28 36 35 40 60 56 18 61 60 16 23 52 43 27 46 58 56 46 36 55 23
split_gain=1.57679 1.98959 2.06358 3.75763 3.62522 2.92347 2.29063 2.12053 1.93233 2.56842 2.91222 2.79996 1.8841 2.39691 2.15493 1.66324 1.64545 3.78405 3.62754 2.76198 1.57569 1.54034 0.93427 0.928662 0.474742 0.373574 0.372846 0.185948 0.0913449
threshold=-0.40961508875463648 746.50000000000011 1.0000000180025095e-35 0.93330079463337035 -1.4605568367842949 0.29365286809640545 -0.24814328049857767 0.55312312296474708 1.5267181992899761 0.23948339139801147 0.070024466219109779 1.2384042901855852 454.50000000000006 1.0000000180025095e-35 0.38463857949896701 339.00000000000006 505.50000000000006 0.53598895302559979 -0.53958833298014464 0.50774739739816754 0.45178027999793652 -0.3156319238547855 -0.56702064567837851 0.68274220215239889 0.781560513711414 0.9148511504993152 -0.41765673187322205 -0.56044076656605291 0.70402846474203218
decision_type=2 2 2 2 2 2 2 2 2 2 2 2 2 2 2 2 2 2 2 2 2 2 2 2 2 2 2 2 2
left_child=16 2 3 8 -5 7 -7 23 9 10 12 28 14 15 22 -14 19 18 -18 24 -12 -20 -2 25 -1 -4 -6 -15 -11
right_child=1 -3 5 4 26 6 -8 -9 -10 11 20 -13 13 27 -16 -17 17 -19 21 -21 -22 -23 -24 -25 -26 -27 -28 -29 -30
leaf_value=-0.021267038116772156 0.0060222858602894209 -0.012769833583918736 -0.020981525051558054 -0.0026112151502450552 0.010551472865802004 0.02047163734146094 -0.0029966583946028696 0.0053244065217883958 0.016613202426537389 -0.018524563851031243 0.002427923165979957 0.0057574980626426504 0.013562108149289591 -0.019549211093954296 0.018800197939258325 -0.0048198046824548309 0.020246500984164389 -0.015481054675398018 0.0058416534343108725 0.0051943574981373657 0.023714679825635847 -0.011264582510181186 -0.0097610054667993072 -0.0015617955099168441 -0.0055138780382711612 -0.0056613579569617422 0.02757412125149665 -0.0059220680357235734 -0.0066379112748721049
leaf_weight=9.3834193944931048 5.4161793589591989 6.3804142177104941 9.3783200234174782 6.2523969858884838 6.1012265384197244 5.3788773864507675 6.7017301768064481 5.8814714252948752 5.6972021460533133 8.8351259678602236 6.6655890643596631 7.1525011956691733 5.6144050508737591 5.7664760202169418 6.5988122075796118 9.8534024059772474 8.6567381769418716 8.578859478235243 8.1418479830026609 5.8837623298168173 6.9928717315196991 7.5527886152267465 4.883693367242814 5.8733416497707358 5.0715110003948203 4.740583971142768 9.4062628149986232 4.9923906475305539 5.2999329417943946
leaf_count=40 20 26 41 23 21 19 27 21 18 36 25 24 19 23 22 37 28 35 29 23 23 31 20 21 22 18 28 20 21
internal_value=0.000215122 0.00181949 0.00263504 0.00479853 0.015507 -0.003182 0.00811776 -0.00883284 0.00172265 0.000267923 0.00367329 -0.00819633 -0.000159951 -0.00522014 0.00715264 0.00210782 -0.00411517 0 0.00618872 -0.0105015 0.0149904 -0.00230604 -0.00124239 -0.0133578 -0.0171541 -0.0172595 0.0227508 -0.0152137 -0.0155158
internal_weight=203.132 149.863 143.483 105.528 21.7599 37.9543 12.0806 25.8737 83.7686 78.0714 56.7838 21.2876 43.1254 26.2267 16.8987 15.4678 53.2689 32.9302 24.3514 20.3387 13.6585 15.6946 10.2999 19.9922 14.4549 14.1189 15.5075 10.7589 14.1351
internal_count=761 553 527 380 72 147 46 101 308 290 209 81 161 99 62 56 208 123 88 85 48 60 40 80 62 59 49 43 57
is_linear=0
shrinkage=0.03


Tree=134
num_leaves=28
num_cat=0
split_feature=32 29 47 42 36 20 49 35 5 39 61 43 47 57 39 25 59 47 45 16 47 51 46 37 28 42 26
split_gain=3.46699 2.40771 2.71453 2.0584 3.90574 2.96339 2.80827 2.73798 2.67886 2.43038 2.37179 1.97779 1.92633 2.72107 1.84276 1.73096 1.33436 1.94744 1.47281 1.29063 1.29036 1.17779 0.98006 1.6287 0.832589 0.446397 0.229965
threshold=1.0224113708043954 0.2783156969795369 0.14178516987873585 -0.58954119831558549 0.43948255935012631 0.40978947696444162 -0.40961508875463648 1.3077436441627228 -0.37260474092492363 -0.24833854120979301 321.50000000000006 -0.55247893019377237 -0.034240141887962185 -0.6201896622491444 -1.0314334121810511 -0.33967674266426257 0.30767955994134294 0.17573442974884387 -0.19327887679688174 0.58123157499847367 -0.3938149362917816 -0.21441029684291832 -0.88906755075497401 0.93241483239834222 -0.40430542895324534 0.6859125384808914 -0.21692352708223653
decision_type=2 2 2 2 2 2 2 2 2 2 2 2 2 2 2 2 2 2 2 2 2 2 2 2 2 2 2
left_child=1 3 12 7 6 10 9 8 19 -5 -6 15 13 -3 -10 -8 18 -18 -13 -1 -15 -2 23 -4 -16 -23 -7
right_child=21 2 22 4 5 26 11 -9 14 -11 -12 16 -14 20 24 -17 17 -19 -20 -21 -22 25 -24 -25 -26 -27 -28
leaf_value=0.0014226067439218845 0 -0.016226998142783031 0.0058196861149828532 -0.00063774396502090517 0.015090588807126678 0.029561463583969085 0.015599358869326096 -0.018641959519953278 0.0042808747533318089 0.019861774551230896 -0.0063139580059758922 -0.018858509824538496 0.012977574592960471 0.010989270741747815 -0.0026288417708392581 -0.0038686399119375759 0.010281544456970397 -0.010163303619016305 -0.00055292585823179922 0.017400552245403992 -0.0038920070539392418 -0.003370308131805666 -0.018092205315531275 -0.013185888895625436 -0.020102345127198756 -0.018448982465874762 0.012939222024436172
leaf_weight=11.367385253310205 7.3114942461252239 7.4386412799358359 5.8819983452558535 8.3492664843797701 7.5164012908935565 7.4185481369495392 6.9063350707292557 5.8288449645042411 7.5575343370437631 10.000326246023176 7.9198427349328995 9.7590060234069842 8.2482258379459363 9.081741929054262 5.7959910482168198 6.3817561119794828 7.0492376387119275 6.7189152091741562 7.3213984370231655 7.742903620004653 8.4804587066173571 4.2172890752553931 10.136478886008261 7.1958140581846237 5.9254901856184006 10.886467352509497 7.3749027997255308
leaf_count=35 34 26 22 26 21 20 22 19 26 32 25 34 27 29 20 22 21 26 25 22 28 17 49 34 23 55 21
internal_value=-5.12513e-05 0.00124432 -0.00385292 0.00340843 0.00593324 0.0145311 0.00143687 -0.00177529 0.00123996 0.0108887 0.00416777 -0.00258993 0.00152242 -0.00255108 -0.0062407 0.00639986 -0.00676499 0 -0.012013 0.00898274 0.00374782 -0.0108572 -0.0114197 -0.00450693 -0.0131944 -0.0152849 0.0235972
internal_weight=215.813 193.397 56.4634 136.934 92.7159 30.2297 62.4862 44.2181 38.3893 18.3496 15.4362 44.1366 33.2491 25.0008 19.279 13.2881 30.8486 13.7682 17.0804 19.1103 17.5622 22.4153 23.2143 13.0778 11.7215 15.1038 14.7935
internal_count=761 655 215 440 295 87 208 145 126 58 46 150 110 83 69 44 106 47 59 57 57 106 105 56 43 72 41
is_linear=0
shrinkage=0.03


Tree=135
num_leaves=23
num_cat=0
split_feature=58 55 46 47 16 56 49 19 55 41 16 49 25 20 40 55 25 35 61 28 58 12
split_gain=2.4341 2.34446 2.68454 2.71407 2.38399 3.22926 2.03269 2.03998 1.96186 1.8023 1.73952 1.94253 2.6256 1.7174 1.92845 2.11666 1.60559 1.49022 1.4313 1.25261 0.992896 0.47427
threshold=1.505492504350302 -1.0519653147265711 -1.0507958995367035 1.2745201494115828 0.52424695969954838 1.0000000180025095e-35 1.0000000180025095e-35 1.3378424869751495 -0.45033754899554096 0.86426662526918197 0.019722735685796983 -0.40961508875463648 0.93330079463337035 -0.6468807203076975 0.65830279125028301 1.3195945711979675 0.61505641030896208 0.070024466219109779 495.00000000000006 1.0000000180025095e-35 1.0000000180025095e-35 -0.48177643007641074
decision_type=2 2 2 2 2 2 2 2 2 2 2 2 2 2 2 2 2 2 2 2 2 2
left_child=1 4 -3 6 5 -1 7 9 -5 10 20 16 -13 -8 -15 -16 -12 -9 -2 -11 -4 -7
right_child=18 2 3 8 -6 21 13 17 -10 19 11 12 -14 14 15 -17 -18 -19 -20 -21 -22 -23
leaf_value=-0.0078612099016770482 -0.0022128204166650348 -0.014970696415825307 -0.00090286290150778633 0.022653549965852587 0.021169730229970332 0.00522113732759261 -0.0050745005755416179 -0.0014845056827194568 0.0010826909271440814 0 1.4110903487301191e-05 0.00021784546279757816 -0.014045871152641873 0.016659039718935474 -0.010203249975116025 0.011053969142896731 0.015279843936130747 -0.017696499225202219 -0.019014817463676968 0.016448685228396338 -0.015454517971235898 0.017323724078690737
leaf_weight=12.47410559654236 12.014130562543871 9.4987751543521863 8.0338025689125079 6.472070947289466 7.5085317194461814 11.041110455989839 8.8767496645450574 10.568643212318422 8.7474960088729841 8.6374878585338575 16.661542475223538 42.764315128326423 14.033982813358305 13.214140802621843 6.5913319587707502 7.230307936668396 9.1998340487480146 11.093113571405409 7.5924669802188864 6.8578358590602866 11.10610246658325 6.5413616001605979
leaf_count=36 37 28 23 21 21 32 26 31 26 25 49 128 41 38 20 21 26 35 23 20 34 20
internal_value=-0.000107974 0.000732909 -0.000550652 0.000250171 0.00746549 0.00300831 -0.000815111 -0.00249311 0.0118239 -0.000819933 -0.00234489 -0.000318412 -0.0034743 0.00535685 0.00907878 0.000518657 0.00620393 -0.0106542 -0.00989245 0.00816828 -0.0101468 0.011046
internal_weight=256.759 237.153 199.588 190.089 37.5651 30.0566 174.869 138.957 15.2196 117.295 101.8 82.6597 56.7983 35.9125 27.0358 13.8216 25.8614 21.6618 19.6066 15.4953 19.1399 17.5825
internal_count=761 701 592 564 109 88 517 412 47 346 301 244 169 105 79 41 75 66 60 45 57 52
is_linear=0
shrinkage=0.03


Tree=136
num_leaves=28
num_cat=0
split_feature=49 28 25 49 33 36 18 31 12 31 40 55 55 37 25 31 45 39 34 38 0 49 45 54 34 24 54
split_gain=1.52136 1.80014 2.01507 4.04512 3.60242 2.51572 3.41468 2.25952 2.62692 2.76049 2.10145 1.8077 1.6072 1.56415 2.28185 1.93564 2.28969 1.42898 1.55171 1.24903 1.45773 1.81705 1.07916 0.845436 0.74399 0.585099 0.00297069
threshold=-0.40961508875463648 1.5267181992899761 0.93330079463337035 1.0000000180025095e-35 1.5264510364755222 0.43948255935012631 0.71286215781252837 0.54667154017688413 -0.49727921920203377 1.1005760086238146 0.058864575683803787 0.4666528826302323 1.3253763161385879 0.70548623981739111 1.0000000180025095e-35 -0.82604822945246514 0.16362001627113013 0.61306581685859129 1.4712065341166556 -0.18445127409193807 -0.23566338177353799 -0.24052526909514185 -0.71168047152284686 -0.34826706895758947 -0.23458741327949764 -0.34545301080965352 -0.20086192711956305
decision_type=2 2 2 2 2 2 2 2 2 2 2 2 2 2 2 2 2 2 2 2 2 2 2 2 2 2 2
left_child=13 2 5 4 25 6 7 19 -9 -10 -8 -7 -13 15 -15 -1 -17 -18 -19 20 21 -2 -21 -3 -22 -4 -24
right_child=1 23 3 -5 -6 11 10 8 9 -11 -12 12 -14 14 -16 16 17 18 -20 22 24 -23 26 -25 -26 -27 -28
leaf_value=0.0042842788403687042 -0.0028020722873162316 0.0018301564202341913 0.010328497908869028 -0.010280925855024098 -0.0030979115243052768 -0.020503082592749567 0 -0.0072519170586577142 0.019893645711635544 -0.002014178946136353 0.024500039683768307 0.005353780041419366 -0.011978532009019447 0.014469936680558031 -0.0067224983343925114 -0.019769671834070697 0.0070556892982186533 -0.018380570274685884 0.002298572961571882 0 -0.014004646175467627 0.016168159449677165 -0.0076756410369006982 0.018320940404046526 0 0.028790051008642601 -0.019311700677990686
leaf_weight=8.5204659402370435 9.9146138876676506 6.1405632495880127 6.6473783701658284 6.7609291076660147 6.4189273864030829 7.4458224177360561 5.3899662643671018 8.5122440159320849 11.409013807773592 7.4547165334224692 6.8078851997852325 8.4971551895141619 7.5212992131710044 7.3537304997444135 7.7328229993581772 12.770521476864817 6.411270126700404 5.544170215725897 4.6982619017362595 5.4333429634571102 6.8263107240200043 5.8727465122938183 5.5989043712615976 6.779262498021124 6.3645659387111646 7.3435851931571978 6.4604810178279886
leaf_count=29 37 20 22 27 24 31 21 33 40 31 22 31 29 24 29 57 24 26 19 20 27 20 21 22 24 22 29
internal_value=0.000218955 0.00179519 0.000677271 0.00778824 0.0143417 -0.00111441 0.00123647 -0.00121665 0.0053388 0.0114307 0.0150328 -0.00953187 -0.00277076 -0.0040446 0.00362012 -0.00726593 -0.0108502 -0.00261155 -0.00930205 -0.00524972 -0.00104176 0.00469818 -0.0112718 0.0119049 -0.00809824 0.0222554 -0.0157986
internal_weight=202.631 149.6 136.68 27.1708 20.4099 109.509 86.0448 73.8469 27.376 18.8637 12.1979 23.4643 16.0185 53.0312 15.0866 37.9447 29.4242 16.6537 10.2424 46.471 28.9782 15.7874 17.4927 12.9198 13.1909 13.991 12.0594
internal_count=761 553 511 95 68 416 325 282 104 71 43 91 60 208 53 155 126 69 45 178 108 57 70 42 51 44 50
is_linear=0
shrinkage=0.03


Tree=137
num_leaves=27
num_cat=0
split_feature=32 38 47 38 49 59 40 44 34 24 60 59 24 12 28 35 45 45 37 51 24 32 40 33 38 42
split_gain=3.3332 2.34009 2.51632 3.18282 2.35863 1.87421 2.44878 2.01165 1.71682 1.69525 2.43862 1.60653 1.89354 2.22421 2.18868 1.52587 1.4824 1.92508 1.42223 1.16171 1.13283 0.916879 0.798994 0.679085 0.527674 0.435572
threshold=1.0224113708043954 1.0000000180025095e-35 0.61447886928599027 0.074900428838728078 1.450372927499805 1.0000000180025095e-35 1.7024854893338268 0.9240502617826557 -0.49701725134044411 0.21938068734351482 474.50000000000006 -1.2176894636115032 -0.99097723727041742 -0.61269107238584131 -0.40430542895324534 -0.84197913858144691 -0.028452533990747337 -0.70280856624047328 0.52898622336554002 -0.21441029684291832 -0.66821512404003536 0.23533342711079266 -0.88119734053955756 -0.32352019727641151 1.0474693148287262 0.6859125384808914
decision_type=2 2 2 2 2 2 2 2 2 2 2 2 2 2 2 2 2 2 2 2 2 2 2 2 2 2
left_child=1 4 3 -3 9 6 8 16 20 11 -11 -1 -13 -14 15 18 17 -7 -15 -2 -5 -12 -16 -10 -9 -21
right_child=19 2 -4 5 -6 7 -8 24 23 10 21 12 13 14 22 -17 -18 -19 -20 25 -22 -23 -24 -25 -26 -27
leaf_value=0.009456536266284496 0 0.022375844652565952 -0.010985415622106974 -0.0043966367856794293 -0.018905580496488331 -0.0040742855442747888 0.010758089132472653 0.0073040965607323342 -0.0035346599045584333 -0.0065902440148376869 0.0031990295947864917 -0.014910431795681967 0.0094985539858485155 0.016169217893087458 -0.0017308207132754217 -0.0070832991919618843 -0.0081503118700153882 0.014308385635880772 -0.0014769187786906276 -0.0033260396209508934 0.010972113716528866 0.021406266960457079 -0.016674575193779538 -0.016191216819543816 0.022503947619511497 -0.018290218490100124
leaf_weight=6.727726697921752 7.2828731834888485 8.1293621212244016 7.1419775187969199 7.2731311768293381 5.5077747255563727 7.1005478203296688 11.234982550144194 7.4574311673641187 10.474650606513018 6.3173498362302807 5.8865138292312604 11.331745639443396 10.565896242856978 6.4196010977029747 5.9993783831596401 10.112349465489386 6.5375102162361172 10.993711203336714 6.9307519346475601 4.2053785324096671 6.6381362825632042 6.288688987493515 11.911770358681684 8.4655601978302091 7.4920585602521896 10.715878233313559
leaf_count=22 34 24 28 24 24 23 32 22 32 25 21 41 36 22 22 35 23 34 28 17 20 22 47 27 21 55
internal_value=-4.98993e-05 0.00121758 0.00442628 0.00584699 -0.00211339 0.00380475 -0.000350027 0.00842229 -0.00462747 -0.000703859 0.0069445 -0.00291164 -0.00450793 -0.00177131 -0.00502094 0.000855215 0.00253391 0.00702878 0.00738045 -0.0106966 0.00290179 0.0143586 -0.0124988 -0.0102583 0.0166438 -0.0151272
internal_weight=215.143 192.939 98.9391 91.7971 93.9995 83.6677 44.0865 39.5813 32.8515 88.4918 18.4926 69.9992 63.2715 51.9397 41.3739 23.4627 24.6318 18.0943 13.3504 22.2041 13.9113 12.1752 17.9111 18.9402 14.9495 14.9213
internal_count=761 655 310 282 345 258 135 123 103 321 68 253 231 190 154 85 80 57 50 106 44 43 69 59 43 72
is_linear=0
shrinkage=0.03


Tree=138
num_leaves=25
num_cat=0
split_feature=0 40 53 49 55 27 1 39 46 1 55 26 33 55 21 46 49 54 26 14 55 20 36 47
split_gain=2.30801 1.71225 2.48189 2.31669 1.84042 3.99253 2.53363 3.13179 2.56805 2.6613 2.11051 3.05638 1.53919 1.53894 2.53267 2.0168 1.4914 1.63158 1.40034 1.21731 1.2091 1.18716 1.11288 0.828622
threshold=-0.72840783279328447 1.2384042901855852 0.29502509991047993 1.450372927499805 -1.0519653147265711 -0.62740593452454241 -0.36754661361293234 -0.94333523919678475 -0.68792021077401022 -0.10062717518668517 -1.2781268016298684 -0.6224561280720381 -0.95779604884850278 0.1156917535491539 0.52685648017053255 0.060831861178535167 -0.40961508875463648 -0.14573139738856153 0.54007066143206039 0.017750279814385629 1.7521201244859241 -0.6468807203076975 -0.41765673187322205 -0.6179974241494931
decision_type=2 2 2 2 2 2 2 2 2 2 2 2 2 2 2 2 2 2 2 2 2 2 2 2
left_child=12 3 -3 4 10 16 7 -7 21 13 11 -2 22 15 -15 -10 -6 -18 -14 -9 -4 -8 -1 -21
right_child=1 2 20 -5 5 6 8 19 9 -11 -12 -13 18 14 -16 -17 17 -19 -20 23 -22 -23 -24 -25
leaf_value=0.0083639846138765326 0.011218503417999001 0.0023896848136233028 -0.020095626705551362 0.011579370428916502 -0.0010231832802031703 0.0097094632601881642 0.00062260770633515493 -0.0019807569511310669 0.021005828172898637 -0.0059280024710984397 0.015604243554854954 -0.011327514490610575 0.0027905775992021192 -0.00074312503393377308 0.016395488204615758 0.00050656512188826494 -0.022768241579707266 -0.0053330507757264273 0.020468210551570231 -0.0044920667721485546 -0.0032413509909298313 -0.014655287905331249 -0.0065860633635362112 -0.021166863019563237
leaf_weight=6.47462373971939 8.8356629014015216 12.264893025159838 10.943601965904238 12.546732455492018 10.401278555393217 6.7283461391925803 7.35523921251297 10.13965827226639 13.498141407966616 13.049128860235212 10.248022645711897 9.815088629722597 9.0415433347225207 26.039162665605545 9.1470375359058362 7.034833997488021 11.859751626849174 11.166270077228546 8.7659712582826597 6.1414784193038967 7.8994579315185538 7.8475722074508649 8.729550361633299 10.112754777073858
leaf_count=20 25 36 36 36 30 20 21 29 39 39 30 28 26 76 26 20 36 33 27 20 25 23 25 35
internal_value=-0.000102759 -0.00123496 -0.00759432 -0.000122524 -0.00106322 -0.00243029 0.000172444 -0.00662274 0.00299218 0.00551063 0.00562845 -0.000308731 0.00709528 0.00837954 0.00403689 0.0147675 -0.0113351 -0.0154011 0.0127175 -0.0112995 -0.0140848 -0.00751239 0 -0.0161162
internal_weight=256.086 223.074 31.108 191.966 179.419 150.521 117.093 33.1222 83.9711 68.7683 28.8988 18.6508 33.0117 55.7192 35.1862 20.533 33.4273 23.026 17.8075 26.3939 18.8431 15.2028 15.2042 16.2542
internal_count=761 663 97 566 530 447 348 104 244 200 83 53 98 161 102 59 99 69 53 84 61 44 45 55
is_linear=0
shrinkage=0.03


Tree=139
num_leaves=25
num_cat=0
split_feature=49 60 49 25 26 30 54 59 35 60 16 23 52 60 41 47 40 36 35 42 27 61 56 36
split_gain=1.45477 1.91519 1.89407 3.41208 3.41296 2.42026 2.75651 3.1404 1.71818 1.58021 3.62779 3.45475 2.67221 1.50794 1.89151 2.35432 1.76981 1.83265 2.20343 1.94033 1.47163 1.46954 0.473539 0.375148
threshold=-0.40961508875463648 746.50000000000011 1.0000000180025095e-35 0.93330079463337035 -1.4605568367842949 -0.74224731480908934 -0.5991315533222501 0.30767955994134294 -1.2328378263531141 505.50000000000006 0.53598895302559979 -0.53958833298014464 0.50774739739816754 454.50000000000006 0.56326808127931949 0.015308004408111883 1.1223839903985249 0.63948172730224095 0.070024466219109779 0.44676496283155193 -0.3156319238547855 449.50000000000006 0.781560513711414 -0.41765673187322205
decision_type=2 2 2 2 2 2 2 2 2 2 2 2 2 2 2 2 2 2 2 2 2 2 2 2
left_child=9 2 3 8 -5 -4 -7 21 -2 12 11 -11 22 14 15 -10 17 18 19 -15 -13 -8 -1 -6
right_child=1 -3 5 4 23 6 7 -9 13 10 -12 20 -14 16 -16 -17 -18 -19 -20 -21 -22 -23 -24 -25
leaf_value=-0.021039951824592819 -0.010857197109841057 -0.012606993358663962 0.0092665838741122653 -0.0027246637140198064 0.0099793686193613354 -0.019130750609436621 -0.0016964118967747691 -0.017804087398067499 0 0.01977769970717877 -0.015224472697090775 0.0057076203006003294 0.0051314607936873936 -0.0097737963737718966 -0.0010323536799038946 0.023724713591975418 0.010239278098897605 -0.014468109366629575 0.011044215986549139 0.0084378658412952983 -0.011055325742038423 0.01593246392650971 -0.0053154181487923046 0.026507005261517596
leaf_weight=9.1810744404792803 7.2045919597148886 6.3258661925792685 8.9983201920986158 6.2650206089019802 6.1504534631967553 9.7549207508564013 7.2691595703363436 4.9960774183273307 6.2575295269489315 8.6929327696561813 8.4342728406190854 8.1388218998908979 5.8722954690456381 16.922442004084591 9.4224533438682538 9.0288868248462659 10.639739304780958 7.8849361687898627 10.464842423796652 5.7349867969751349 7.4600912034511575 6.6333249658346176 5.0150482803583136 9.4729841351509059
leaf_count=40 29 26 33 23 21 39 27 24 23 28 35 29 23 66 38 29 35 33 36 19 31 24 22 28
internal_value=0.000215329 0.00175641 0.00255704 0.00462586 0.0147958 -0.00303895 -0.00737109 -4.65195e-05 0.00167739 -0.00396397 8.96118e-06 0.00610855 -0.010271 0.00312356 0.00898682 0.0150604 3.10994e-05 -0.00274422 0.000379321 -0.00467804 -0.00222482 0.00705781 -0.0169061 0.0217951
internal_weight=202.221 149.427 143.101 105.449 21.8885 37.6518 28.6535 18.8986 83.5604 52.7945 32.7261 24.2918 20.0684 76.3558 24.7089 15.2864 51.6469 41.0072 33.1223 22.6574 15.5989 13.9025 14.1961 15.6234
internal_count=761 553 527 380 72 147 114 75 308 208 123 88 85 279 90 52 189 154 121 85 60 51 62 49
is_linear=0
shrinkage=0.03


Tree=140
num_leaves=28
num_cat=0
split_feature=47 29 28 49 44 47 1 8 46 46 61 8 39 44 44 43 60 60 28 16 40 54 16 46 9 52 20
split_gain=2.80914 2.12848 2.0258 2.41935 1.90693 2.44872 2.99625 2.29954 1.68621 1.62788 1.5191 2.12181 1.46001 1.79173 2.06268 2.04769 1.61657 1.58822 1.45857 1.29878 1.29872 1.06802 0.842219 0.687448 0.681658 0.362445 0.194584
threshold=0.093808829164217136 0.2783156969795369 -0.40430542895324534 -0.24052526909514185 1.0855945414097177 -1.8765844632256041 -0.42474363613284255 -0.89744725465385777 0.41458395932871844 -0.14279640291977913 584.00000000000011 -0.25702569151560967 -0.44411225895260742 1.0000000180025095e-35 -0.36830397523384001 0.45178027999793652 505.50000000000006 362.50000000000006 1.0000000180025095e-35 0.85550903750219665 -0.43099891230600668 0.051708080160274623 0.27596726034471369 -0.45326823056254512 -1.3162367043597039 0.50774739739816754 0.40978947696444162
decision_type=2 2 2 2 2 2 2 2 2 2 2 2 2 2 2 2 2 2 2 2 2 2 2 2 2 2 2
left_child=2 12 3 10 5 -4 19 -6 9 20 11 -1 -2 14 16 -15 23 -17 25 -7 -8 -20 -12 -14 -10 -3 -9
right_child=1 18 4 -5 7 6 8 26 24 -11 22 -13 13 15 -16 17 -18 -19 21 -21 -22 -23 -24 -25 -26 -27 -28
leaf_value=0.014788106342270181 -0.013150498447463344 -0.01877024191808762 0.013496412936483853 -0.005002987020228368 -0.0024962824293050271 0.010958808619124429 5.1937966483421004e-06 0.006602018649645487 -0.004015639944634157 0.0047996316070920472 0.026081442823011437 -0.0065580134954421367 -0.014488026546507488 -0.01666740315202838 0.015091679389186458 -0.0067954006449267475 0.0086328507278355671 0.012289545209553941 0.0070391481412377726 -0.00407469563213168 -0.016218346877184625 -0.0095558922146727673 0.0077532834555545339 0 -0.019416086001595091 -0.0063326521275747921 0.018434340505637681
leaf_weight=6.7628366947174072 5.7898214757442465 12.05651986598969 6.2737445533275595 7.7375898063182822 11.569238275289537 11.918352589011194 6.7321839183568946 6.8559310436248762 5.7458296120166805 11.384995758533476 7.398113548755644 6.7904208749532717 5.2263631224632281 7.1599285006523159 11.357221513986589 6.9410456568002683 7.444519266486167 5.6712456792593002 5.4508607536554319 6.667895406484603 8.4070907086133975 5.3541616350412369 7.0493931770324707 4.0958874225616455 11.826813563704489 7.1781686693429938 7.7686331272125244
leaf_count=19 20 62 18 26 34 35 23 20 18 38 21 22 24 31 39 28 27 19 20 20 32 27 21 17 44 34 22
internal_value=-5.27399e-05 -0.00432748 0.00265441 0.00859246 0.000263277 -0.00229866 -0.00425149 0.00698361 -0.00847956 -0.00309698 0.0126161 0.00410695 -0.000558625 0.00119516 0.00602903 -0.00533877 -0.000516409 0.00175528 -0.0105259 0.00536524 -0.00929331 -0.000858957 0.0190852 -0.00856105 -0.0154069 -0.0152119 0.0143897
internal_weight=214.615 83.7257 130.889 35.7384 95.1507 68.9569 62.6832 26.1938 44.0969 26.5243 28.0008 13.5533 53.686 47.8962 28.124 19.7722 16.7668 12.6123 30.0397 18.5862 15.1393 10.805 14.4475 9.32225 17.5726 19.2347 14.6246
internal_count=761 348 413 109 304 228 210 76 155 93 83 41 205 185 107 78 68 47 143 55 55 47 42 41 62 96 42
is_linear=0
shrinkage=0.03


Tree=141
num_leaves=26
num_cat=0
split_feature=39 61 49 37 54 18 29 42 34 3 54 52 46 50 34 33 36 47 39 60 59 40 18 40 34
split_gain=2.2543 2.25906 3.2221 2.95619 2.93904 3.02098 2.62818 2.57813 3.71149 3.30636 2.16705 1.95829 1.85208 1.76699 2.43719 1.69754 1.76414 1.56063 1.55251 1.51367 1.45029 1.17956 0.655149 0.59269 0.220149
threshold=0.84799427814996886 320.00000000000006 3.3103609437542461 0.52898622336554002 0.9780232327372741 0.47844723407339779 1.6129497022097385 -0.16438995271675999 -0.62823217037091716 1.0000000180025095e-35 0.76561340529849187 0.50774739739816754 0.076132657430794407 -0.24172548153163614 -0.16897995376426087 -0.53494548113377527 -0.56051328041044668 -0.024503494084186134 -0.6790407202439851 321.50000000000006 0.81613590112562517 0.77091072927890036 0.2253726353126794 1.0000000180025095e-35 -0.89066200843186405
decision_type=2 2 2 2 2 2 2 2 2 2 2 2 2 2 2 2 2 2 2 2 2 2 2 2 2
left_child=1 3 4 11 5 6 10 8 12 -9 13 18 -7 17 24 16 -2 21 -1 -19 22 -3 -18 -17 -15
right_child=15 2 -4 -5 -6 7 -8 9 -10 -11 -12 -13 -14 14 -16 23 20 19 -20 -21 -22 -23 -24 -25 -26
leaf_value=-0.0056722881400113967 0.01067862289635302 -0.00025173637594316306 0.018473300493110033 0.0049714027586012944 -0.014308121382431307 0.0057487198059276885 -0.011675138403187277 -0.0067582497045242705 -0.022052901686286885 0.018141262396333853 0.019907450358487604 0 -0.010626453007175197 0.0083791498170813512 -0.0024283059652601257 0.0049455204586152197 -0.014182985425098335 -0.0041161481180401168 -0.022213402493730192 0.009021694239996849 0.0063279313064513749 -0.014578515555545042 -0.00063689653116112005 0.01961888368351777 0.021753359929036629
leaf_weight=11.486300960183142 10.864848881959913 17.504191130399708 6.75807300209999 11.759302616119383 11.699696362018583 11.720980301499369 7.4973647892475119 9.5462985932827014 12.43153205513954 6.8672406673431388 6.9818388521671286 9.1278317868709546 10.011978551745413 6.9674284458160409 7.6331202089786521 7.2998645603656751 7.4060777425766009 9.9558206498622877 13.811635226011278 22.545843720436096 7.2796255946159354 6.4636142253875724 6.8040841817855835 7.2058562636375427 7.64306664466858
leaf_count=36 34 52 19 33 34 34 22 28 40 20 20 28 31 20 22 22 21 29 46 65 22 20 20 21 22
internal_value=-0.000101153 -0.00146863 0.000181034 -0.00721244 -0.000744814 0.000453977 0.00367896 -0.0053078 -0.00991346 0.00397122 0.00526882 -0.0115751 -0.0017358 0.00354759 0.0104308 0.0057136 0.00147669 0.000533016 -0.0156648 0.00481683 -0.00330785 -0.00498204 -0.00875889 0.013765 0.0171219
internal_weight=255.274 208.413 162.228 46.1851 155.47 143.77 93.1923 50.578 34.1645 16.4135 85.6949 34.4258 21.733 78.7131 22.2436 46.8604 32.3546 56.4695 25.2979 32.5017 21.4898 23.9678 14.2102 14.5057 14.6105
internal_count=761 621 478 143 459 425 272 153 105 48 250 110 65 230 64 140 97 166 82 94 63 72 41 43 42
is_linear=0
shrinkage=0.03


Tree=142
num_leaves=22
num_cat=0
split_feature=28 34 25 36 52 54 18 18 45 61 47 33 53 46 23 59 46 45 0 37 9
split_gain=1.4384 1.55041 2.41843 1.97735 2.50824 2.61123 2.93476 2.33197 2.14869 1.92268 1.74673 2.77309 1.52303 1.26852 1.55246 0.953298 0.682734 1.13207 0.469048 0.378605 0.0321798
threshold=1.5267181992899761 -1.1530918464928102 0.93330079463337035 0.43948255935012631 -0.64481269035725508 -0.5793007472063777 0.72305199721522295 0.56637394573432476 0.10163763796185905 300.00000000000006 1.5185049333955656 -0.53494548113377527 0.29502509991047993 0.33094300439309748 -0.53958833298014464 1.0000000180025095e-35 -0.37929195551390521 -0.41311141198778589 0.034642145643008666 0.12555761433273774 2.2386708716605059
decision_type=2 2 2 2 2 2 2 2 2 2 2 2 2 2 2 2 2 2 2 2 2
left_child=1 12 3 4 18 16 7 10 9 -5 11 -7 19 14 -4 -2 17 -6 -3 -1 -12
right_child=15 2 13 8 5 6 -8 -9 -10 -11 20 -13 -14 -15 -16 -17 -18 -19 -20 -21 -22
leaf_value=-0.0052601697242889356 0.014042214673352676 -0.014004513586263468 0.01977856131413442 0 -0.0036582432879092895 0.0079090189862616317 0.015851414514646989 -0.016970354641750559 0.0036144173781313877 -0.019757594105344688 -0.015817655966603544 -0.0047202916631015916 0.0010530059764305838 -0.0024330880346120328 0.0010922969614096893 0 0.017947642889401001 0.012874545637321903 -0.00089178178792258418 -0.019463725933169321 -0.004163689154136091
leaf_weight=6.0225485712289828 9.2082729637622815 9.3323577493429166 10.146945908665661 6.1185912489891114 5.4630834311246872 30.358511254191392 7.8058568388223639 6.8392560482025138 8.2553304433822614 12.343780428171156 3.8526085019111624 28.861618176102645 8.7445208281278592 5.1493179202079764 7.4696650356054315 6.5537960082292548 8.5176182240247709 6.1528372168540972 4.788175255060195 6.1663529425859451 3.6000241935253143
leaf_count=22 29 36 33 22 21 109 27 29 31 54 21 114 32 20 27 23 28 20 18 26 19
internal_value=0.000215582 -0.000518873 0.000448589 -0.000996344 0.000685743 0.00242436 0 -0.0020099 -0.0081348 -0.0135658 -4.76254e-05 0.00169061 -0.00793451 0.00923018 0.0128766 0.0085216 0.0116877 0.00511242 -0.0104548 -0.0142295 -0.0124992
internal_weight=201.751 185.989 165.056 142.29 115.572 101.451 81.3179 73.512 26.7177 18.4624 66.6728 59.2201 20.9334 22.7659 17.6166 15.7621 20.1335 11.6159 14.1205 12.1889 7.45263
internal_count=761 709 629 549 442 388 319 292 107 76 263 223 80 80 60 52 69 41 54 48 40
is_linear=0
shrinkage=0.03


Tree=143
num_leaves=29
num_cat=0
split_feature=42 29 45 33 42 55 20 38 38 55 20 20 38 46 56 57 47 47 38 18 5 41 30 42 42 42 47 58
split_gain=3.17684 2.24592 2.13714 2.05807 1.76871 4.03931 2.45232 2.16469 2.1183 3.62252 1.86417 1.76142 2.9786 2.21522 1.59381 1.45082 1.2294 1.14018 1.02512 1.02587 1.78423 1.06247 0.890966 0.883062 0.859391 0.825965 0.715181 0.539938
threshold=1.2704955011792767 0.2783156969795369 -0.48023324436002784 0.94503150586777152 -0.58954119831558549 1.2572663163035009 0.40978947696444162 1.0000000180025095e-35 0.78811761189805996 0.37524075830104631 0.67395702628247645 -1.1752158189437669 -0.054775422626605112 -0.65791513911085986 -1.0000000180025095e-35 -1.0000000180025095e-35 0.18665815936935434 -0.7979205086796769 -1.1570201600819359 -0.22020656372996311 -0.21398981176517504 1.0000000180025095e-35 0.22840922652125425 -0.85526072681485155 0.20761738718221245 1.0000000180025095e-35 0.039571821563364924 1.0000000180025095e-35
decision_type=2 2 2 2 2 2 2 2 2 2 2 2 2 2 2 2 2 2 2 2 2 2 2 2 2 2 2 2
left_child=1 4 3 23 5 7 11 27 9 15 17 12 -6 -13 24 16 -8 -9 -4 -20 21 -21 -2 -3 -15 -14 -16 -1
right_child=22 2 18 -5 6 -7 8 10 -10 -11 -12 13 25 14 26 -17 -18 -19 19 20 -22 -23 -24 -25 -26 -27 -28 -29
leaf_value=0 -0.017409676637472896 0.01555363972010607 -0.018726176878170509 -0.008631422245087006 -0.0064126570117029828 -0.019834235613157766 0.024695468047069825 0.021998776472839269 0.020561123570518341 -0.010136549937871546 -0.0017919456059113494 0.0099253540658817141 0.021035192005104644 -0.021928648590757539 0.0063123040257852276 0 0.0047681818244749161 0.003147187830268447 -0.014857445474601062 0.001361580916714305 0.011067888552467766 -0.014189978367764082 -0.00059250040935414903 0.0014603382584136417 -0.0047229669084870394 0.0054518077406520479 -0.0068145901008942892 -0.01167555047771951
leaf_weight=6.7748526036739332 9.969331279397009 6.7608869820833233 6.8714608848094967 8.57424548268318 8.4346798658370989 7.6062476783990851 7.337092265486719 7.0056156516075108 12.438105568289755 7.992045745253562 9.3442625254392606 6.8855295628309241 7.4304925799369839 5.9337064623832685 6.7580022811889666 6.71461093425751 6.6583460867404938 6.5478271991014525 5.7791229933500352 5.7881243377924019 5.5582901686429897 6.9635840207338333 4.9253439754247657 10.554600790143015 7.4326886534690857 8.9469916820526105 5.2749947607517242 6.7100999802350998
leaf_count=23 57 22 37 31 30 26 21 20 35 27 30 22 21 20 20 23 24 22 27 20 21 31 19 33 25 29 21 24
internal_value=-5.49671e-05 0.000955449 -0.00397313 0.00215904 0.00298814 -0.001869 0.00521864 0.00236511 0.0106801 0.00539102 0.00791094 0.0010084 0.00688282 -0.00343385 -0.00762998 0.0119332 0.0169816 0.014511 -0.0091486 -0.00524455 -0.00101233 -0.00730963 -0.0127776 0.00808327 -0.0142065 0.0140294 0 -0.00650067
internal_weight=213.971 199.077 56.8503 25.8897 142.226 43.9889 98.2373 36.3827 41.1402 28.7021 22.8977 57.0971 24.8122 32.2849 25.3994 20.71 13.9954 13.5534 30.9606 24.0891 18.31 12.7517 14.8947 17.3155 13.3664 16.3775 12.033 13.485
internal_count=761 685 222 86 463 145 318 119 130 95 72 188 80 108 86 68 45 42 136 99 72 51 76 55 45 50 41 47
is_linear=0
shrinkage=0.03


Tree=144
num_leaves=27
num_cat=0
split_feature=58 55 16 56 49 5 56 58 61 32 40 40 44 40 43 36 59 28 55 55 36 36 61 27 24 42
split_gain=2.26163 2.12378 2.30118 3.00073 2.28435 2.0821 2.18645 2.18127 2.02102 1.89359 1.8919 2.00449 2.44973 2.37876 2.14949 1.51911 1.68784 1.5663 1.50483 2.38261 1.38022 1.58378 1.37872 0.929431 0.713692 0.558117
threshold=1.505492504350302 -1.0519653147265711 0.52424695969954838 1.0000000180025095e-35 1.0000000180025095e-35 -0.25628712620777455 1.0000000180025095e-35 1.0000000180025095e-35 320.00000000000006 -0.16374834715638595 -1.0820017055556235 -0.61792050640738194 -0.58369634806992254 0.19422159210204101 1.0945061745206306 -0.56051328041044668 0.81613590112562517 0.15890979595102742 -0.4255121603885475 0.88782266228457829 1.0000000180025095e-35 -0.41765673187322205 495.00000000000006 0.93146411882424263 0.21938068734351482 -0.58954119831558549
decision_type=2 2 2 2 2 2 2 2 2 2 2 2 2 2 2 2 2 2 2 2 2 2 2 2 2 2
left_child=1 2 3 -1 5 6 20 -8 -6 -5 -7 12 -12 15 23 -13 17 -17 -10 -20 21 -3 -2 24 -15 -22
right_child=22 4 -4 9 8 10 7 -9 18 -11 11 13 -14 14 -16 16 -18 -19 19 -21 25 -23 -24 -25 -26 -27
leaf_value=-0.0077239801463075946 -0.0020235127795128747 -0.0042340688076245841 0.020642985759573403 0.020811141830027063 -0.0058201488829908929 -0.010586276027192651 -0.0033066374217162122 -0.022570515038317439 -0.0022356443144583779 0.00093967738331698968 -0.0017915221306270539 0.0038965182233516183 0.018039214781267948 0.01802898393057439 -0.0065272005085017055 -0.01674257540259998 0.0024672246499697278 -0.00017841545193843383 0.019016020909885502 0 -0.012901254584307742 0.014203545704667055 -0.018576206511050429 0 0.0034178632239971586 -0.00010652600148664545
leaf_weight=12.399769932031633 11.913392752408983 6.614463284611702 7.4510707557201377 7.2817116379737881 8.8124372959136945 11.466640919446943 11.682285711169245 11.019597619771956 6.6115027070045498 10.119501978158949 8.5833798944950122 11.025730997323988 11.411986142396925 10.459240794181829 8.3047377616167051 17.134922534227375 8.5950999557971937 8.1648984849452955 15.897114723920824 8.440837085247038 6.6344753205776215 6.906007260084154 7.4898505806922904 6.8463957011699668 6.6913543045520774 6.541449308395384
leaf_count=36 37 21 21 21 27 35 36 37 20 31 25 32 33 30 25 49 25 24 46 25 21 20 23 20 20 21
internal_value=-9.58595e-05 0.00071683 0.00715036 0.00275756 -0.000509128 -0.00215975 -0.00716972 -0.0137247 0.00574786 0.0105642 0.000129483 0.00159582 0.0097164 -0.00057572 0.00540461 -0.00504102 -0.00815976 -0.01193 0.00934338 0.0126683 -0.000949187 0.00526201 -0.00957457 0.0099103 0.0133835 -0.00761802
internal_weight=254.5 235.097 37.2521 29.801 197.845 158.083 49.3983 22.7019 39.7619 17.4012 108.684 97.2177 19.9954 77.2224 32.3017 44.9207 33.8949 25.2998 30.9495 24.338 26.6964 13.5205 19.4032 23.997 17.1506 13.1759
internal_count=761 701 109 88 592 474 156 73 118 52 318 283 58 225 95 130 98 73 91 71 83 41 60 70 50 42
is_linear=0
shrinkage=0.03


Tree=145
num_leaves=26
num_cat=0
split_feature=36 40 37 40 36 9 26 46 55 8 38 40 40 25 47 20 55 26 58 12 46 12 21 31 31
split_gain=1.4107 2.07993 1.64239 1.72524 2.49508 2.42391 3.63282 2.4158 2.42762 2.39329 2.46768 2.14021 1.93463 1.78018 1.735 1.70056 1.65571 1.61165 1.56438 1.24037 0.912878 1.11811 0.870222 0.0633451 1.0098
threshold=1.6394775670628141 1.7024854893338268 1.739272050463947 -0.61792050640738194 0.43948255935012631 -0.77075016626276727 -0.21692352708223661 -1.0507958995367035 -1.0161448632137258 -0.14464978787828062 0.33425213176939406 1.2384042901855852 1.0000000180025095e-35 -0.33967674266426257 -0.5204893085522867 -0.91104826962573238 -0.54604098669664991 1.1889228230157431 0.68274220215239889 -0.52354199134043444 -0.37929195551390521 1.685009939051934 0.52685648017053255 -0.60930300266888371 -1.0000000180025095e-35
decision_type=2 2 2 2 2 2 2 2 2 2 2 2 2 2 2 2 2 2 2 2 2 2 2 2 2
left_child=2 -2 3 7 5 18 12 8 -1 -8 15 19 16 -13 -14 -11 -7 -17 -5 -6 21 23 -12 -9 -25
right_child=1 -3 -4 4 11 6 9 20 -10 10 22 13 14 -15 -16 17 -18 -19 -20 -21 -22 -23 -24 24 -26
leaf_value=-0.0067687094413362084 0.017080449596825663 -0.0027509831395724294 0.010324537719156798 -0.016645092207019631 0 0.0044961128675360751 0.012481589819156605 -0.020948850602281369 0.014935213162078336 0.0024060521901193171 0 0.012822579477742168 -0.007486449469380701 -0.0071817804856368394 0.012117774477646925 -0.016341833789814363 0.027092002081355381 0.00082539547208840497 0.0017617834716263142 -0.016972441864051651 0 0 0.015533514812276246 0 -0.016680567650708675
leaf_weight=8.3745489120483381 8.8961084634065646 7.2958289831876746 10.172114714980124 6.9387077391147596 5.6944942772388449 5.8405057787895194 9.8928387910127622 7.9303366839885738 7.0726601481437674 9.7953615784645027 5.5790272653102857 6.2950093895196915 5.5036168098449707 6.5113624036312086 7.8316000849008542 15.887765899300584 9.7518420964479464 5.771746724843978 6.656853124499321 13.600095987319948 6.9527134001255062 5.5452390164136878 5.3434509634971619 4.9402903616428384 7.3088456839323017
leaf_count=34 30 26 34 30 23 21 34 32 23 38 23 21 21 24 27 68 30 22 23 58 28 22 18 18 33
internal_value=0.000214294 0.00832995 -0.000524376 -0.00127128 0.000534136 0.00302687 0.00504923 -0.00602494 0.00325697 0.000131584 -0.00294287 -0.0064548 0.0132934 0.00254546 0.00368353 -0.00725139 0.0201165 -0.0117509 -0.00795548 -0.0124698 -0.0105386 -0.0130232 0.0083593 -0.016106 -0.0105908
internal_weight=201.383 16.1919 185.191 175.019 126.894 94.7933 81.1978 48.1246 15.4472 52.2702 42.3774 32.101 28.9276 12.8064 13.3352 31.4549 15.5923 21.6595 13.5956 19.2946 32.6774 25.7247 10.9225 20.1795 12.2491
internal_count=761 56 705 671 481 355 302 190 57 203 169 126 99 45 48 128 51 90 53 81 133 105 41 83 51
is_linear=0
shrinkage=0.03


Tree=146
num_leaves=29
num_cat=0
split_feature=32 29 47 42 55 36 20 35 49 61 14 20 40 47 39 30 54 20 32 51 55 46 38 9 55 39 61 26
split_gain=3.09214 2.0786 2.48755 1.93628 3.91348 3.46704 2.70352 2.61536 3.89536 2.27941 2.09826 2.71153 2.63563 1.85109 1.77694 1.5572 1.61571 1.50385 2.11744 1.17532 1.10263 0.974744 1.72822 0.636932 0.636621 0.44852 0.436563 0.248933
threshold=1.0224113708043954 0.2783156969795369 0.14178516987873585 -0.58954119831558549 1.2572663163035009 0.43948255935012631 0.40978947696444162 0.52602626861938839 -0.40961508875463648 430.50000000000006 -0.098959236710534568 0.67395702628247645 -0.15383930725914033 -0.034240141887962185 -0.56157648959829631 -0.52654586118012381 -0.23660148103554049 0.67395702628247645 -0.56283012142356448 -0.21441029684291832 -0.024123305654613569 -0.88906755075497401 -1.027344308616603 -0.39762436844674837 -0.46486931981338181 -0.091719567015541403 505.50000000000006 -0.21692352708223653
decision_type=2 2 2 2 2 2 2 2 2 2 2 2 2 2 2 2 2 2 2 2 2 2 2 2 2 2 2 2
left_child=1 3 13 4 10 7 9 8 25 -7 -1 12 -12 17 -10 -16 -17 18 -3 -2 -18 22 -4 -13 -21 -5 -9 -8
right_child=19 2 21 5 -6 6 27 26 14 -11 11 23 -14 -15 15 16 20 -19 -20 24 -22 -23 -24 -25 -26 -27 -28 -29
leaf_value=-0.013746086987256437 0 0.015405936730118974 -0.014552121877070587 0.0068976931043811763 -0.019642321177523143 0.013549728704937106 0.028223966123153872 -0.015604216846057813 -0.011651185110750563 -0.0075211133846862892 -0.00089134699039098689 -0.011102260298745042 0.020233406611151885 0.012738349952140127 0.012232140821751565 0.0092734213735695577 -0.015995199614257927 -0.010207023776801671 -0.0059113311377677561 -0.0020952382774779982 0.00029082100021878563 -0.017736182701744874 0.0051719687099226882 0.00091840600195404194 -0.018574002640212237 0.021925862024533026 -0.0026530042125908352 0.012089434838236199
leaf_weight=4.5962335020303717 7.1602265983819988 6.0621893703937513 5.9258726239204407 6.4498908519744873 7.5298973619937888 8.3962318301200884 7.3921236991882324 5.7023895382881147 8.6950585693120903 6.9797012358903876 7.8402336090803173 5.9596514850854874 11.656177058815958 8.230973079800604 8.9316836893558484 5.6252995729446402 5.9832522720098469 11.072521090507506 7.6536525636911428 4.1302234902977952 5.9928022474050637 9.7643589153885824 6.8769235163927096 6.2943451702594739 10.47453615069389 7.9833507090806943 6.5950665324926376 7.3786832243204099
leaf_count=18 34 19 30 20 26 24 20 18 29 22 26 19 35 27 30 18 24 39 25 22 21 49 26 21 50 25 23 21
internal_value=-6.02172e-05 0.00115731 -0.00361737 0.00317091 -0.00187232 0.00562897 0.0137336 0.0013596 0.00453746 0.00381102 0.00228313 0.00529943 0.0119958 0.00150701 -0.000833799 0.00293085 -0.00206483 -0.00250817 0.00370616 -0.0104181 -0.0082752 -0.0109911 -0.00410668 -0.00506475 -0.0149156 0.0168683 -0.0101369 0.0223904
internal_weight=213.334 191.569 55.5865 135.982 43.8765 92.1055 30.1467 61.9588 49.6613 15.3759 36.3466 31.7504 19.4964 33.0193 35.2281 26.533 17.6014 24.7884 13.7158 21.765 11.9761 22.5672 12.8028 12.254 14.6048 14.4332 12.2975 14.7708
internal_count=761 655 215 440 145 295 87 208 167 46 119 101 61 110 122 93 63 83 44 106 45 105 56 40 72 45 41 41
is_linear=0
shrinkage=0.03


Tree=147
num_leaves=23
num_cat=0
split_feature=58 55 46 47 16 56 27 55 18 7 42 54 39 55 31 32 46 51 54 61 34 40
split_gain=2.17925 2.02834 2.5341 2.41572 2.22121 2.90052 1.96816 2.18489 2.35148 2.90785 1.95211 2.57295 3.23138 1.92971 1.87583 1.83335 1.77571 1.513 1.4088 1.34082 1.33504 0.704658
threshold=1.505492504350302 -1.0519653147265711 -1.0507958995367035 1.2745201494115828 0.52424695969954838 1.0000000180025095e-35 -0.62740593452454241 0.1156917535491539 0.73760551140018837 0.32953913498330051 0.89848816128030418 -0.85200681503238174 -1.0314334121810511 -0.45033754899554096 -0.60930300266888371 -0.16374834715638595 -0.63773852973615885 -1.0000000180025095e-35 0.14913640706797146 495.00000000000006 -0.62823217037091716 0.058864575683803787
decision_type=2 2 2 2 2 2 2 2 2 2 2 2 2 2 2 2 2 2 2 2 2 2
left_child=1 4 -3 6 5 -1 18 8 9 16 11 12 -9 -5 -13 -7 -8 -16 20 -2 -4 -18
right_child=19 2 3 13 -6 15 7 10 -10 -11 -12 14 -14 -15 17 -17 21 -19 -20 -21 -22 -23
leaf_value=-0.0076273791619914646 -0.0019677601045230714 -0.014575703778305523 -0.0028984249772395863 0.022144799425617992 0.02026896721590439 0.020480837887986547 0.0019894163693322401 -0.0049663958775532126 -0.008482426820173047 -0.0070950731989375751 0.0098048484106925248 -0.018061081193936186 0.017235528388121226 0.00068695255258720592 -0.0070184844152335673 0.00089328804106047317 0.0097027986713892882 0.0043690471189706198 0.00012925349643507674 -0.018328087378113186 -0.018983847141687687 0.023606156442653209
leaf_weight=12.386335372924806 11.886700302362444 9.3976008296012861 10.624028295278547 6.3092209845781317 7.4268012940883628 7.2407171726226833 12.253620982170103 11.44916743040085 7.1215771138668051 7.2854490876197806 9.5823407769203168 9.7113823294639499 9.1873398125171573 8.6692978143691999 36.564939916133874 10.104788959026335 13.281554609537126 12.650731042027493 13.582364737987517 7.4401926249265662 9.9610445797443408 9.6120764613151533
leaf_count=36 37 28 30 21 21 21 35 35 23 21 28 32 27 26 112 31 39 38 39 23 31 27
internal_value=-9.84182e-05 0.000699778 -0.000499765 0.000282631 0.00699467 0.00267251 -0.00072493 0.000844232 0.00582972 0.00857594 -0.00191151 -0.00355192 0.00514495 0.0112825 -0.00674901 0.0103677 0.0121455 -0.0039304 -0.00703067 -0.00942044 -0.0117145 0.0168788
internal_weight=253.729 234.402 197.244 187.846 37.1586 29.7318 172.868 138.7 49.5543 42.4327 89.1459 79.5636 20.6365 14.9785 58.9271 17.3455 35.1473 49.2157 34.1674 19.3269 20.5851 22.8936
internal_count=761 701 592 564 109 88 517 417 145 122 272 244 62 47 182 52 101 150 100 60 61 66
is_linear=0
shrinkage=0.03


Tree=148
num_leaves=21
num_cat=0
split_feature=33 25 9 59 20 31 31 34 16 4 39 20 31 33 34 21 44 44 28 45
split_gain=1.38029 2.22231 2.47873 1.82026 1.52261 1.3962 2.26813 2.32883 3.04828 2.26765 2.05461 2.83605 2.44573 1.79425 1.35987 1.26508 1.24751 0.853254 0.810443 0.738336
threshold=1.2885975921359878 0.93330079463337035 -0.3460951353920218 1.3245922423099075 0.93812457560051132 1.7026460830226522 1.1005760086238146 0.8151319389642887 -0.065916832278530332 0.31893130658103253 1.0000000180025095e-35 -0.6468807203076975 -0.60930300266888371 0.94503150586777152 1.4712065341166556 0.52685648017053255 -0.58369634806992254 -0.36830397523384001 0.15890979595102742 0.059263979792353157
decision_type=2 2 2 2 2 2 2 2 2 2 2 2 2 2 2 2 2 2 2 2
left_child=1 3 -3 5 17 6 7 9 -9 10 11 12 -1 -13 -8 16 -12 -2 -5 -4
right_child=4 2 19 18 -6 -7 14 8 -10 -11 15 13 -14 -15 -16 -17 -18 -19 -20 -21
leaf_value=-0.0023911778604514575 -0.0026853031306504883 -0.0047506963083646242 0.018923379383752988 -0.014923328399208751 0.0041294833030453837 0.010908816927577754 -0.01780041038213559 -0.0031570118471201266 0.023689452850023433 0.011800049900876254 0 -0.0067114179127093039 0.014938079969306968 0.0096789416374695354 0.0002453625355963354 0.0026447663360557945 -0.014658873008277507 -0.019684291642523406 0 0.0035805069440748337
leaf_weight=10.632902070879938 6.3146286457777032 6.9531080573797253 11.909468889236452 8.8399488329887372 5.7069710642099372 9.6844567805528623 8.2404532730579358 5.5374928712844849 7.3074638545513135 10.908716619014738 6.2582958787679734 33.454775333404548 17.065912097692483 5.6295288205146781 5.0140528529882422 6.4828039556741706 18.452704071998596 6.2607461810112008 4.2819304764270774 5.9889405518770209
leaf_count=40 24 26 38 42 20 34 37 22 24 38 24 127 61 20 18 23 77 26 18 22
internal_value=0.000215665 0.0010516 0.00912314 -0.000255909 -0.00727863 0.00071774 -8.13089e-05 0.00120659 0.0125777 -0.000233167 -0.00179099 0.00112381 0.00829921 -0.0039323 -0.0112363 -0.00798008 -0.0109882 -0.0127705 -0.0103732 0.0147727
internal_weight=200.925 182.643 24.8515 157.791 18.2823 144.67 134.985 121.731 12.845 108.886 97.9769 66.7831 27.6988 39.0843 13.2545 31.1938 24.711 12.5754 13.1219 17.8984
internal_count=761 691 86 605 70 545 511 456 46 410 372 248 101 147 55 124 101 50 60 60
is_linear=0
shrinkage=0.03


Tree=149
num_leaves=27
num_cat=0
split_feature=42 29 45 33 57 55 46 36 41 48 20 55 39 46 20 36 24 41 19 37 18 40 55 40 55 55
split_gain=3.01682 2.09124 2.03517 1.96205 1.69215 2.09085 2.57322 1.73257 1.9116 1.73 1.558 1.49015 1.52394 2.52663 1.48842 1.86441 1.37987 1.36188 1.11566 1.00336 1.38735 1.16573 0.897022 0.853854 0.610581 0.59452
threshold=1.2704955011792767 0.2783156969795369 -0.48023324436002784 0.94503150586777152 1.0000000180025095e-35 0.37524075830104631 -0.10580635018295446 -0.41765673187322205 -1.0000000180025095e-35 -0.029025908696999381 -0.6468807203076975 -0.002600076686786499 -0.24833854120979301 -0.69033548796427169 0.1456219276464068 1.2394792311585847 -0.34545301080965352 -0.6407260946801302 0.54883756827969732 0.93241483239834222 -0.22020656372996311 0.19422159210204101 0.1156917535491539 -0.45443735670743318 1.2788845680124821 0.58189066198708839
decision_type=2 2 2 2 2 2 2 2 2 2 2 2 2 2 2 2 2 2 2 2 2 2 2 2 2 2
left_child=1 4 3 23 5 9 -7 16 18 10 -1 12 -11 -14 15 -8 -6 -16 -9 20 -4 -22 -2 -3 -19 -10
right_child=22 2 19 -5 7 6 14 8 25 11 -12 -13 13 -15 17 -17 -18 24 -20 -21 21 -23 -24 -25 -26 -27
leaf_value=0.0029701372651035865 -0.018772301705194231 0.013599331414866737 -0.014747901514737573 -0.0084507932353051624 0 -0.011739133403747548 0.0059106245339833208 0.0018706298297765458 0.0010181238537525 -0.011178986281250497 0.021244101203508184 0.014537579919591684 0.015082798916989472 -0.0066310743859315166 -0.00099688569990351024 -0.012361613455853439 -0.018460805457640589 0.0053451189685326311 -0.012963944641157589 -0.016097628939781752 0.0074427409440633949 -0.0084351897801549277 -0.0025420986828365568 0 0.020107737052179327 0.014750087946208532
leaf_weight=7.7338669598102596 7.8622686192393285 9.0047365128994006 5.8104564622044608 8.5080466419458372 6.2171151489019394 10.379259482026098 9.578165218234064 8.3492208123207075 5.9580880701541901 6.3307547867298153 13.620306655764578 7.0361044406890896 8.4495366662740761 7.6758821308612779 6.9457662254571924 7.5078341066837302 6.8988715410232526 7.7630108445882797 6.6475320607423791 10.524517521262167 8.944970563054083 5.2984105497598657 6.8038154244422913 8.2927553355693835 7.017479807138443 7.5416418015956879
leaf_count=24 47 28 28 31 21 39 29 27 21 22 39 23 28 30 23 23 25 24 23 54 34 20 29 27 20 22
internal_value=-5.85282e-05 0.000923769 -0.00385237 0.00212399 0.00288727 0.00499767 0.00041496 -0.00204441 0.00199218 0.00917767 0.0155177 0.00386468 0 0.00472164 0.00412994 -0.0021453 -0.0105294 0.00914309 -0.00492218 -0.00894643 -0.00405592 0.000914246 -0.0125485 0.00790385 0.0139295 0.00979739
internal_weight=212.7 198.034 56.3839 25.8055 141.65 100.038 49.1915 41.6125 28.4965 50.8465 21.3542 29.4923 22.4562 16.1254 38.8123 17.086 13.116 21.7263 14.9968 30.5784 20.0538 14.2434 14.6661 17.2975 14.7805 13.4997
internal_count=761 685 222 86 463 324 158 139 93 166 63 103 80 58 119 52 46 67 50 136 82 54 76 55 44 43
is_linear=0
shrinkage=0.03


end of trees

feature_importances:
Column_55=198
Column_46=174
Column_45=163
Column_47=153
Column_40=136
Column_54=134
Column_42=124
Column_61=115
Column_37=103
Column_20=100
Column_38=99
Column_39=97
Column_33=89
Column_49=87
Column_28=82
Column_26=80
Column_25=77
Column_34=77
Column_30=74
Column_41=74
Column_29=71
Column_32=71
Column_36=71
Column_44=71
Column_31=65
Column_19=62
Column_12=61
Column_16=61
Column_48=57
Column_18=56
Column_56=56
Column_58=53
Column_27=52
Column_24=51
Column_60=50
Column_53=45
Column_43=44
Column_50=43
Column_35=40
Column_23=38
Column_57=36
Column_52=35
Column_1=33
Column_2=32
Column_59=29
Column_51=28
Column_0=22
Column_14=21
Column_5=19
Column_13=17
Column_11=16
Column_4=15
Column_8=10
Column_9=10
Column_10=9
Column_21=8
Column_7=5
Column_15=4
Column_17=4
Column_3=3
Column_6=3

parameters:
[boosting: gbdt]
[objective: multiclass]
[metric: multi_logloss]
[tree_learner: serial]
[device_type: cpu]
[data_sample_strategy: bagging]
[data: ]
[valid: ]
[num_iterations: 1800]
[learning_rate: 0.03]
[num_leaves: 96]
[num_threads: 2]
[seed: 42]
[deterministic: 0]
[force_col_wise: 1]
[force_row_wise: 0]
[histogram_pool_size: -1]
[max_depth: 10]
[min_data_in_leaf: 20]
[min_sum_hessian_in_leaf: 0.001]
[bagging_fraction: 0.85]
[pos_bagging_fraction: 1]
[neg_bagging_fraction: 1]
[bagging_freq: 0]
[bagging_seed: 400]
[bagging_by_query: 0]
[feature_fraction: 0.8]
[feature_fraction_bynode: 1]
[feature_fraction_seed: 30056]
[extra_trees: 0]
[extra_seed: 12879]
[early_stopping_round: 0]
[early_stopping_min_delta: 0]
[first_metric_only: 0]
[max_delta_step: 0]
[lambda_l1: 0.2]
[lambda_l2: 1.5]
[linear_lambda: 0]
[min_gain_to_split: 0]
[drop_rate: 0.1]
[max_drop: 50]
[skip_drop: 0.5]
[xgboost_dart_mode: 0]
[uniform_drop: 0]
[drop_seed: 17869]
[top_rate: 0.2]
[other_rate: 0.1]
[min_data_per_group: 100]
[max_cat_threshold: 32]
[cat_l2: 10]
[cat_smooth: 10]
[max_cat_to_onehot: 4]
[top_k: 20]
[monotone_constraints: ]
[monotone_constraints_method: basic]
[monotone_penalty: 0]
[feature_contri: ]
[forcedsplits_filename: ]
[refit_decay_rate: 0.9]
[cegb_tradeoff: 1]
[cegb_penalty_split: 0]
[cegb_penalty_feature_lazy: ]
[cegb_penalty_feature_coupled: ]
[path_smooth: 0]
[interaction_constraints: ]
[verbosity: -1]
[saved_feature_importance_type: 0]
[use_quantized_grad: 0]
[num_grad_quant_bins: 4]
[quant_train_renew_leaf: 0]
[stochastic_rounding: 1]
[linear_tree: 0]
[max_bin: 255]
[max_bin_by_feature: ]
[min_data_in_bin: 3]
[bin_construct_sample_cnt: 200000]
[data_random_seed: 175]
[is_enable_sparse: 1]
[enable_bundle: 1]
[use_missing: 1]
[zero_as_missing: 0]
[feature_pre_filter: 1]
[pre_partition: 0]
[two_round: 0]
[header: 0]
[label_column: ]
[weight_column: ]
[group_column: ]
[ignore_column: ]
[categorical_feature: ]
[forcedbins_filename: ]
[precise_float_parser: 0]
[parser_config_file: ]
[objective_seed: 16083]
[num_class: 3]
[is_unbalance: 0]
[scale_pos_weight: 1]
[sigmoid: 1]
[boost_from_average: 1]
[reg_sqrt: 0]
[alpha: 0.9]
[fair_c: 1]
[poisson_max_delta_step: 0.7]
[tweedie_variance_power: 1.5]
[lambdarank_truncation_level: 30]
[lambdarank_norm: 1]
[label_gain: ]
[lambdarank_position_bias_regularization: 0]
[eval_at: ]
[multi_error_top_k: 1]
[auc_mu_weights: ]
[num_machines: 1]
[local_listen_port: 12400]
[time_out: 120]
[machine_list_filename: ]
[machines: ]
[gpu_platform_id: -1]
[gpu_device_id: -1]
[gpu_device_id_list: ]
[gpu_use_dp: 0]
[num_gpu: 1]

end of parameters

pandas_categorical:null
