tree
version=v4
num_class=1
num_tree_per_iteration=1
label_index=0
max_feature_idx=42
objective=binary sigmoid:1
feature_names=Column_0 Column_1 Column_2 Column_3 Column_4 Column_5 Column_6 Column_7 Column_8 Column_9 Column_10 Column_11 Column_12 Column_13 Column_14 Column_15 Column_16 Column_17 Column_18 Column_19 Column_20 Column_21 Column_22 Column_23 Column_24 Column_25 Column_26 Column_27 Column_28 Column_29 Column_30 Column_31 Column_32 Column_33 Column_34 Column_35 Column_36 Column_37 Column_38 Column_39 Column_40 Column_41 Column_42
feature_infos=[-0.91677558809212911:7.6459420625772969] [-0.99232138387630831:10.024586552066456] [-0.87760670460763213:9.196429915271926] [-0.9093745007590005:7.565594499594896] [-0.98249936645622626:9.8853321359127779] [-0.87874589325147645:9.2256897737283712] [-1.637937395409973:3.958529847595984] [-1.3439337999707475:6.3210463276062541] [-1.7649803925550762:3.7801471432668938] [-2.1102599462985721:2.4744015853448764] [-4.2233053051662806:1.7159731404627845] [-1.7271224036070987:2.9710998786554463] [-1.6278164955707179:3.574423597599488] [-2.09817697925196:2.5877884444878374] [-1.7162902787194578:3.0784673896897696] [-1.6988604616845566:1.8178600270460232] [-1.4677870724038637:1.3367346552249475] [-2.4202861561589737:0.87031891002921158] [-1.7786017329671284:0.56223941620240103] [-2.8317909306129256:1.6839938068457836] [-2.3529676453988606:4.3457092456474351] [-1.9686552111907631:4.5594225010962761] [-3.2982106021328992:3.5225427524917396] [-1.9825583197856125:2.4329594755901458] [-2.0992074165097629:4.2401091699138904] [-2.2076595896603015:5.8018576952971825] [-4.1908411109101573:3.6639578369379877] [-3.4886245950372232:2.0689120957280616] [-2.9327188186587989:3.4116096380937138] [-2.5196396488234067:3.7671653777726988] [-2.6131651703696774:2.7511287708183696] [-2.317296427711347:3.0314046119581204] [-2.0292634675063108:5.2972399537681509] [-2.9268852014912037:4.8906689978766167] [-3.5154063494414678:4.686515001009135] [-4.3489099793923662:2.4841477497439186] [-2.6618422442550136:3.6151210037023045] [-1.7445335466131826:2.488234922493632] [-1.0774887790903092:3.7789265268348413] [-1.1847576685065588:3.8258775303156467] [61:805] [61:805] none
tree_sizes=2809 2869 3277 2895 2967 2874 3012 2797 3196 3227 3336 2988 3425 3432 3112 3206 3208 3200 3425 3424 3598 3399 3693 3723 3741 3486 3429 3422 3695 3739 3302 3592 3662 3914 3758 3539 4049 3538 3621 3869 3942 4377 3434 3714 3355 4246 4137 3876 3645 3701 3972 3774 4118 4075

Tree=0
num_leaves=26
num_cat=0
split_feature=2 40 1 40 28 35 9 23 29 35 36 35 9 25 29 35 26 31 35 40 32 26 34 21 21
split_gain=118.178 24.6845 15.6968 14.5901 8.59602 8.19611 6.88969 5.57242 4.37478 4.9161 5.29367 3.14428 4.57189 3.13299 2.97885 2.28239 2.15639 1.93555 1.73084 1.19408 0.893458 0.286167 0.238334 0.17968 0.448193
threshold=-0.49160404517757361 439.50000000000006 -0.51492203998545505 488.00000000000006 -0.51185664437165579 -0.87543896708142144 -0.57133215509472313 -0.36353512814783445 0.23083755031238939 -0.22227903709045319 -0.20644191490700378 -0.30601748965339781 -0.95995263045054058 -1.0000000180025095e-35 0.23083755031238939 -0.049777824810787311 0.83623021571265566 0.67982053417240607 1.0000000180025095e-35 720.50000000000011 1.0399474251897474 -0.73472957385697313 -1.0000000180025095e-35 -0.38763639024624585 1.0000000180025095e-35
decision_type=2 2 2 2 2 2 2 2 2 2 2 2 2 2 2 2 2 2 2 2 2 2 2 2 2
left_child=2 5 6 8 14 -2 7 -1 17 -10 21 12 -9 16 -5 -4 22 18 23 -6 -19 -11 -7 -3 -25
right_child=1 3 15 4 19 13 -8 11 9 10 -12 -13 -14 -15 -16 -17 -18 20 -20 -21 -22 -23 -24 24 -26
leaf_value=0.90684390520283931 0.89869510351720161 0.9429679964291604 0.88482167081823049 0.89959081627394288 0.93929823357597475 0.93162820535940238 0.89462070267438276 0.92861912232140698 0.96416291217935424 0.95652231582601066 0.91735459420709231 0.92222468932224988 0.96078181551978648 0.95157816442309917 0.93489782337702698 0.91735459420709231 0.9429679964291604 0.941149108709468 0.9688711613699108 0.96193407897092553 0.95881042286392959 0.94167467944639649 0.91472239074669315 0.96256003089183639 0.94417628089796346
leaf_weight=5.8630457967519822 5.8630457967519787 4.447827845811843 26.282619088888172 4.4478278458118456 4.6500018388032895 4.0434798598289516 5.8630457967519751 6.0652197897434297 8.6934816986322421 4.0434798598289481 5.6608718037605277 6.2673937827348665 6.8739157617092124 6.2673937827348682 4.4478278458118439 5.6608718037605277 4.4478278458118448 7.2782637476921064 62.876111820340157 4.043479859828949 4.6500018388032913 4.2456538528203955 4.447827845811843 4.2456538528203946 4.6500018388032913
leaf_count=29 29 22 130 22 23 20 29 30 43 20 28 31 34 31 22 28 22 36 311 20 23 21 22 21 23
internal_value=0.937981 0.952175 0.903816 0.957483 0.932753 0.925653 0.920628 0.929041 0.961479 0.948302 0.937224 0.937871 0.945884 0.936422 0.913675 0.889224 0.928016 0.964568 0.966488 0.952391 0.950039 0.951262 0.92001 0.952869 0.955808
internal_weight=216.326 153.45 62.8761 128.38 17.5891 25.0696 30.9326 25.0696 110.791 22.6435 13.95 19.2065 12.9391 19.2065 8.89566 31.9435 12.9391 88.1479 76.2196 8.69348 11.9283 8.28913 8.49131 13.3435 8.89566
internal_count=1070 759 311 635 87 124 153 124 548 112 69 95 64 95 44 158 64 436 377 43 59 41 42 66 44
is_linear=0
shrinkage=1


Tree=1
num_leaves=26
num_cat=0
split_feature=2 40 1 40 27 9 19 23 29 35 41 16 25 36 35 14 20 19 36 27 3 40 26 41 41
split_gain=110.999 23.6313 14.0787 14.0309 7.66206 6.3896 6.28961 5.22996 4.21922 4.72342 5.66562 4.18647 3.95571 5.85747 2.98163 4.39948 2.84306 5.25512 1.9829 1.89909 1.89197 0.824292 0.734197 0.29366 1.05458
threshold=-0.49160404517757361 439.50000000000006 -0.51492203998545505 488.00000000000006 -0.61723063814182577 -0.57133215509472313 1.0000000180025095e-35 -0.36353512814783445 0.23083755031238939 -0.22227903709045319 682.50000000000011 0.44438683279759855 -1.0000000180025095e-35 0.20748785964869534 -0.30601748965339781 0.88283379714856958 1.0000000180025095e-35 -1.4770555093753126 -0.20644191490700378 -0.61723063814182577 -0.58218643200710807 480.50000000000006 -0.31580696330507219 488.00000000000006 381.50000000000006
decision_type=2 2 2 2 2 2 2 2 2 2 2 2 2 2 2 2 2 2 2 2 2 2 2 2 2
left_child=2 4 5 8 -2 7 11 -1 19 -10 18 -5 13 -6 15 -9 17 -4 -11 -3 -21 22 -22 24 -24
right_child=1 3 16 6 12 -7 -8 14 9 10 -12 -13 -14 -15 -16 -17 -18 -19 -20 20 21 -23 23 -25 -26
leaf_value=-0.03006447149523957 -0.035605757711316383 0.0033733765347579601 -0.019604371317497732 -0.030739607201850552 -0.027049786110770475 -0.041691778182631679 0.016740290777046717 0.022442720109073361 0.025769416461428364 0 0.021421059677343292 0.0026386578297529582 0.016563992427762454 0.010449121137626286 -0.015288623988739952 -0.0091351948676355078 -0.02150469130229745 -0.060038884576240799 -0.025357491161156324 0.032713245008288316 0.028651992024006361 0.0045068249733157895 0.016800463346208314 0.024839082484573609 0.00090465683806047355
leaf_weight=5.9422688633203569 6.9583480060100582 4.2170742750167838 6.2043204903602627 6.7145321816205996 6.717958346009258 5.9730138778686515 6.0542644113302222 6.8078441172838264 8.5933081358671206 4.427435874938964 4.8418374955654135 4.8550085127353668 6.0290300846099827 5.4730730205774307 6.3104166537523225 6.0871440321207047 7.402852624654769 18.989895135164261 4.6917366981506339 40.747593224048615 15.578493028879164 4.4025924503803244 10.998823881149297 4.4029297381639472 6.8237248361110678
leaf_count=29 34 21 30 33 33 29 30 34 43 22 24 24 30 27 31 30 36 92 23 204 78 22 55 22 34
internal_value=0 0.0138771 -0.0328172 0.0191181 -0.0119905 -0.0168476 -0.00508697 -0.00870687 0.0230759 0.0101111 -0.000703909 -0.0175785 -0.000645066 -0.0104763 -0.00010963 0.00772078 -0.0464756 -0.0519674 -0.0143827 0.0261349 0.0271405 0.0206851 0.0221726 0.0158538 0.0115676
internal_weight=216.246 152.528 63.7178 127.349 25.1784 31.1207 17.6238 25.1477 109.726 22.5543 13.961 11.5695 18.2201 12.191 19.2054 12.895 32.5971 25.1942 9.11917 87.1712 82.9542 42.2066 37.804 22.2255 17.8225
internal_count=1070 759 311 635 124 153 87 124 548 112 69 57 90 60 95 64 158 122 45 436 415 211 189 111 89
is_linear=0
shrinkage=0.03


Tree=2
num_leaves=30
num_cat=0
split_feature=2 40 40 4 28 35 9 36 29 35 41 38 35 29 25 11 5 26 36 27 0 40 40 26 14 41 26 34 33
split_gain=104.532 22.5918 13.4819 12.7379 7.92061 7.27332 5.93477 4.88151 4.08049 4.54519 5.41869 3.94755 3.07842 2.81562 2.80903 2.44243 3.988 1.9839 1.8731 1.83225 1.83207 1.15901 0.791814 0.705967 0.437278 0.291516 1.01564 0.246551 0.0114407
threshold=-0.49160404517757361 439.50000000000006 488.00000000000006 -0.48439042259764681 -0.51185664437165579 -0.87543896708142144 -0.57133215509472313 1.0000000180025095e-35 0.23083755031238939 -0.22227903709045319 682.50000000000011 1.0000000180025095e-35 -0.57174751245314226 0.23083755031238939 1.0000000180025095e-35 1.7274507273272746 -0.75561395107848062 0.83623021571265566 -0.20644191490700378 -0.61723063814182577 -0.58619985958229248 720.50000000000011 480.50000000000006 -0.31580696330507219 1.008148523075953 488.00000000000006 1.0000000180025095e-35 -1.0000000180025095e-35 1.0000000180025095e-35
decision_type=2 2 2 2 2 2 2 2 2 2 2 2 2 2 2 2 2 2 2 2 2 2 2 2 2 2 2 2 2
left_child=3 5 8 6 13 -2 7 28 19 -10 18 15 24 -4 17 16 -5 27 -11 -3 -21 -6 23 -22 -9 26 -25 -7 -1
right_child=1 2 4 11 21 14 -8 12 9 10 -12 -13 -14 -15 -16 -17 -18 -19 -20 20 22 -23 -24 25 -26 -27 -28 -29 -30
leaf_value=-0.012122286686558289 -0.036643497591660801 0.0033024304624320704 -0.036564478443176299 -0.004165101664596365 0.0011827767147769431 -0.0057686002423208418 -0.040128998869776687 0.019232709607962119 0.025365695353490814 0 0.021084978536481912 -0.018837594760853945 -0.010766771008817804 -0.0026043009672471621 0.013044943717725908 -0.061669140088837601 -0.042980109797568437 0.0049925720837352139 -0.024576721828705683 0.03223281172101472 0.028205578017520997 0.023515085163471481 0.0044127126637044777 0 0.0027876712456723972 0.024490089502789771 0.015954555923489443 -0.022068358496809156 -0.030337256632394251
leaf_weight=5.0962546765804344 6.0437362939119366 4.2107601165771475 4.5491484552621859 4.2027636468410492 4.6373827159404737 4.086341708898547 6.0762575268745413 4.2283519953489321 8.4935683608055133 4.427435874938964 4.7960485816001883 7.7303712218999854 7.5425362586975053 4.4871554672718048 6.1887454241514197 13.683743909001349 7.5645200908184069 4.4479012489318839 4.742430090904235 40.145790785551071 15.377106875181196 3.988154262304306 4.3937214016914359 5.957604840397841 4.0834386944770813 4.3538244515657416 11.779248237609862 4.5245424658060065 4.2693217098712921
leaf_count=25 29 21 22 20 23 20 29 21 43 22 24 37 37 22 31 65 36 22 23 204 78 20 22 30 20 22 59 22 21
internal_value=0 0.0135796 0.0187506 -0.03159 -0.00492973 -0.0116311 -0.0163628 -0.00848092 0.0226682 0.00989597 -0.000671899 -0.0444501 0.00163519 -0.0230419 -0.00140656 -0.0505255 -0.0316076 -0.00930585 -0.013978 0.0257008 0.0266991 0.0140549 0.0203223 0.0217923 0.0134263 0.0155642 0.0113225 -0.01693 -0.0240196
internal_weight=216.108 151.631 126.339 64.4776 17.6618 25.2913 31.2962 25.2199 108.678 22.4595 13.9659 33.1814 15.8543 9.0363 19.2475 25.451 11.7673 13.0588 9.16987 86.2181 82.0073 8.62554 41.8615 37.4678 8.31179 22.0907 17.7369 8.61088 9.36558
internal_count=1070 759 635 311 87 124 153 124 548 112 69 158 78 44 95 121 56 64 45 436 415 43 211 189 41 111 89 42 46
is_linear=0
shrinkage=0.03


Tree=3
num_leaves=26
num_cat=0
split_feature=5 40 40 1 28 27 9 23 29 35 25 38 35 14 26 29 11 12 26 31 12 35 35 40 30
split_gain=98.5934 21.6375 12.9702 11.6329 7.5519 6.8492 5.52435 4.89428 3.94558 4.37369 3.60211 3.53916 2.76265 4.21797 2.73869 2.62723 2.04616 3.97696 1.87486 1.83127 3.58313 1.8198 1.7172 1.12116 0.192697
threshold=-0.49157844621267571 439.50000000000006 488.00000000000006 -0.51492203998545505 -0.51185664437165579 -0.61723063814182577 -0.57133215509472313 -0.36353512814783445 0.23083755031238939 -0.22227903709045319 1.0000000180025095e-35 1.0000000180025095e-35 -0.30601748965339781 0.88283379714856958 1.0000000180025095e-35 0.23083755031238939 1.7274507273272746 -1.1387531858784234 0.23402896304429807 0.67982053417240607 -0.34811868445224287 0.32667304082218368 1.0000000180025095e-35 720.50000000000011 -0.24289575449588904
decision_type=2 2 2 2 2 2 2 2 2 2 2 2 2 2 2 2 2 2 2 2 2 2 2 2 2
left_child=3 5 8 6 15 -2 7 -1 19 -10 18 16 13 -9 21 -4 17 -5 -7 22 -21 -11 24 -6 -3
right_child=1 2 4 11 23 10 -8 12 9 14 -12 -13 -14 -15 -16 -17 -18 -19 -20 20 -22 -23 -24 -25 -26
leaf_value=-0.028746832957059317 -0.033341373975851303 0.0051378334469260028 -0.035333900624515732 -0.004957409441582219 0.0011564272432443797 -0.019775619668398164 -0.038661720905950415 0.022137707390580168 0.024970577530518723 -0.0049210091138790803 0.01602678592131726 -0.018246595799741826 -0.014464671513163102 -0.0087940256685891914 -0.017166572682443759 -0.0025435859635912711 -0.058713239276663942 -0.04272819334229884 0.0013654954119636119 0.029257615360545303 -0.0013825848512519269 0.018070742518334168 0.029570531188577772 0.023184249699273955 0.017266399223776107
leaf_weight=6.0393418967723909 7.1381577998399761 5.359567791223526 4.6175300180912036 4.6888441294431686 4.6349699050188047 6.1890053451061267 6.1730692982673636 6.7502968162298256 8.3943706601858157 4.2232058197259885 5.9494453668594351 7.789006605744361 6.3860801309347108 6.1199542880058289 4.5179351419210425 4.4921654760837555 14.011779353022574 7.2133068591356295 6.1097171306610107 4.1629573255777359 7.5452256947755796 5.2277181893587112 60.541533797979355 3.9457616209983826 7.6592825502157194
leaf_count=29 34 27 22 22 23 30 29 34 43 21 30 37 31 30 22 22 65 34 30 21 38 26 311 20 39
internal_value=-1.3952e-05 0.0132845 0.0183903 -0.0304634 -0.00479652 -0.0113173 -0.0158885 -0.00825391 0.0222698 0.00968736 -0.000520208 -0.0426449 0 0.00762913 -0.000639763 -0.0223756 -0.0483598 -0.0305163 -0.00983162 0.0252761 0.011143 0.00798206 0.027178 0.0138235 0.0137333
internal_weight=215.88 150.709 125.322 65.1717 17.6904 25.3863 31.4687 25.2957 107.632 22.3632 18.2482 33.7029 19.2563 12.8703 13.9689 9.1097 25.9139 11.9022 12.2987 85.2686 11.7082 9.45092 73.5604 8.58073 13.0189
internal_count=1070 759 635 311 87 124 153 124 548 112 90 158 95 64 69 44 121 56 60 436 59 47 377 43 66
is_linear=0
shrinkage=0.03


Tree=4
num_leaves=27
num_cat=0
split_feature=2 40 40 4 28 35 9 23 29 35 41 38 35 9 28 30 27 27 0 2 35 40 41 41 32 22
split_gain=93.0323 20.6734 12.4628 10.6474 7.20287 6.49737 5.14545 4.60119 3.81553 4.21661 5.15308 3.18947 2.62109 4.05947 2.59911 4.1675 2.56207 1.74453 1.827 1.72052 1.56297 1.08471 0.80631 1.79629 0.809844 0.167474
threshold=-0.49160404517757361 439.50000000000006 488.00000000000006 -0.48439042259764681 -0.51185664437165579 -0.87543896708142144 -0.57133215509472313 -0.36353512814783445 0.23083755031238939 -0.22227903709045319 682.50000000000011 1.0000000180025095e-35 -0.30601748965339781 -0.95995263045054058 0.12019111541759846 -0.33299371474840139 -0.987733084192845 -0.61723063814182577 -0.58619985958229248 -0.77256335794305875 0.32667304082218368 720.50000000000011 488.00000000000006 381.50000000000006 0.19288922182918636 0.52554506636879272
decision_type=2 2 2 2 2 2 2 2 2 2 2 2 2 2 2 2 2 2 2 2 2 2 2 2 2 2
left_child=3 5 8 6 16 -2 7 -1 17 -10 20 19 13 -9 15 -7 -4 -3 -19 -5 -11 -6 23 -20 -25 -16
right_child=1 2 4 11 21 14 -8 12 9 10 -12 -13 -14 -15 25 -17 -18 18 22 -21 -22 -23 -24 24 -26 -27
leaf_value=-0.027792865472820682 -0.034321453224453111 0.0029926061592600193 -0.0034686083021592015 -0.056029413461942151 0.0011306581007533003 0.0066212871602285908 -0.037281191526945909 -0.0085826160159259406 0.024583626849001835 -0.024031013298143177 0.020715888110993175 -0.01767916086770558 -0.014043486193252231 0.021791614037957683 0.013997596392659144 -0.026236699908638864 -0.035713813853820955 0.031385132160762566 0.021240708014391645 -0.029489575862497185 0 0.022860089804687487 0.027249552222673046 -0.0015062681902561627 0.011886362336952701 0.0022893262905717849
leaf_weight=6.1096303015947404 6.2021046578884151 4.1827973127365103 4.9765533357858658 14.309589385986328 4.6326094567775709 5.5208603590726879 6.2637378573417655 6.1402501314878526 8.2958143502473849 4.3367459774017316 4.7447854280471793 7.8451087772846213 6.4246706813573793 6.6849389076232901 4.227754279971121 5.4941455572843543 4.2025886774063128 39.042788729071617 15.751294434070589 12.028990194201469 4.8871321380138397 3.903572604060173 12.52292564511299 6.864700034260748 5.932847335934639 4.0393065065145493
leaf_count=29 29 21 24 65 23 27 29 30 43 21 24 37 31 34 21 27 20 204 81 56 24 20 65 35 30 20
internal_value=-4.04765e-05 0.0129883 0.018025 -0.0294088 -0.00466637 -0.0109882 -0.0154404 -0.00804162 0.0218653 0.0094703 -0.000630942 -0.0409705 0 0.00745468 -0.00125878 -0.0104687 -0.0217364 0.0248463 0.0258378 -0.0463661 -0.013533 0.0135968 0.0195035 0.0147154 0.00487846 0.0101214
internal_weight=215.568 149.761 124.277 65.8069 17.7153 25.4842 31.6232 25.3595 106.562 22.2645 13.9687 34.1837 19.2499 12.8252 19.2821 11.015 9.17914 84.2974 80.1146 26.3386 9.22388 8.53618 41.0718 28.5488 12.7975 8.26706
internal_count=1070 759 635 311 87 124 153 124 548 112 69 158 95 64 95 54 44 436 415 121 45 43 211 146 65 41
is_linear=0
shrinkage=0.03


Tree=5
num_leaves=26
num_cat=0
split_feature=2 40 40 4 28 27 20 9 23 29 35 41 36 25 38 25 36 27 23 40 2 6 40 13 19
split_gain=87.7896 19.7582 11.9857 9.73853 6.87622 6.22029 5.03282 3.85455 4.27082 3.69114 4.06383 4.93867 3.57259 5.06945 2.87109 2.57407 1.69635 1.68274 1.84165 1.98222 1.50259 1.2151 1.04958 0.0385953 0.0377964
threshold=-0.49160404517757361 439.50000000000006 488.00000000000006 -0.48439042259764681 -0.51185664437165579 -0.61723063814182577 -0.87925872936867544 -0.57133215509472313 -1.0000000180025095e-35 0.23083755031238939 -0.22227903709045319 682.50000000000011 0.20748785964869534 1.0000000180025095e-35 1.0000000180025095e-35 -0.37214521185754462 -0.20644191490700378 -0.61723063814182577 1.3536106811649609 480.50000000000006 -0.77256335794305875 0.78314548056857258 720.50000000000011 0.19521842539058767 -0.87495087771415159
decision_type=2 2 2 2 2 2 2 2 2 2 2 2 2 2 2 2 2 2 2 2 2 2 2 2 2
left_child=3 5 9 6 15 -2 -1 8 -8 17 -11 16 13 -7 20 -4 -12 -3 19 23 -5 -10 -6 -19 -22
right_child=1 2 4 14 22 12 7 -9 21 10 11 -13 -14 -15 -16 -17 -18 18 -20 -21 24 -23 -24 -25 -26
leaf_value=0.0049564260450076338 -0.031421521754294496 0.0029294804175842752 -0.035071511907055139 -0.053580325036674405 0.0011054581095722475 -0.024891508688280786 -0.028513627618157508 -0.040726110042329282 0.0074074288317622881 0.024204444161820212 0 0.020393308305383353 0.01497149941511682 0.010943090426526806 -0.017133970577836475 -0.003062231330567869 -0.023166731673500311 0.021768306296889594 0.0032598371667769918 0.0036167297588521859 -0.014292135534766869 -0.010186589088852728 0.022542328205714203 0.030893966489386304 -0.033855514981579467
leaf_weight=7.5954864770174053 7.289055988192561 4.1771522611379615 4.2350564450025558 14.579049229621887 4.6303003728389722 6.8997641801834124 6.8904767036438068 5.9107162803411439 6.6302163451910019 8.1979884952306765 4.4336843788623801 4.6996567398309699 6.6649833172559729 4.7260754406452179 7.8987880796194068 5.0102798938751238 4.8332828730344763 29.225710108876228 4.2832748293876639 4.3177583366632453 5.1961398422718048 4.7397889792919159 3.861621767282486 41.342062890529633 6.9642567783594131
leaf_count=37 34 21 20 65 23 33 33 27 33 43 22 24 33 24 37 24 23 152 22 22 24 23 20 219 32
internal_value=-5.6866e-05 0.0127043 0.0176731 -0.0283946 -0.00454497 -0.0106675 -0.0150093 -0.02144 -0.0122761 0.0214756 0.00926201 -0.000617623 -0.000338958 -0.0102813 -0.0393717 -0.0211322 -0.013187 0.0244317 0.0254163 0.0265161 -0.0444692 0 0.0133748 0.0277296 -0.0284226
internal_weight=215.233 148.828 123.248 66.4049 17.7373 25.5799 31.7667 24.1712 18.2605 105.511 22.1646 13.9666 18.2908 11.6258 34.6382 9.24534 9.26697 83.346 79.1688 74.8855 26.7394 11.37 8.49192 70.5678 12.1604
internal_count=1070 759 635 311 87 124 153 116 89 548 112 69 90 57 158 44 45 436 415 393 121 56 43 371 56
is_linear=0
shrinkage=0.03


Tree=6
num_leaves=27
num_cat=0
split_feature=2 13 35 1 15 20 12 35 20 30 32 26 33 24 40 22 25 29 38 22 2 12 41 26 39 37
split_gain=82.9278 19.0002 9.91338 8.97604 6.53601 4.7544 5.45593 4.62174 4.54665 4.4113 4.75346 3.89756 3.35397 3.26679 6.56428 3.9665 3.25724 11.0527 2.61234 2.44549 1.27185 3.69821 1.01224 0.627359 0.227753 0.212547
threshold=-0.49160404517757361 1.0000000180025095e-35 -0.22227903709045319 -0.51492203998545505 -0.78936378356457892 -0.87925872936867544 0.28304330428466845 -0.76155467159581669 1.5322649514079909 -1.1785284186565947 -1.0000000180025095e-35 -0.42053761594304739 -0.15085575110344709 0.48934685627989566 430.00000000000006 0.52554506636879272 -0.37214521185754462 1.0000000180025095e-35 1.0000000180025095e-35 0.11216607517942059 -0.77256335794305875 -1.1387531858784234 105.50000000000001 -0.31580696330507219 1.0000000180025095e-35 -1.0000000180025095e-35
decision_type=2 2 2 2 2 2 2 2 2 2 2 2 2 2 2 2 2 2 2 2 2 2 2 2 2 2
left_child=3 2 4 5 9 -1 12 -8 11 -2 23 24 -7 14 -13 19 17 25 20 -16 -5 -22 -18 -11 -4 -3
right_child=1 16 8 18 -6 6 7 -9 -10 10 -12 13 -14 -15 15 -17 22 -19 -20 -21 21 -23 -24 -25 -26 -27
leaf_value=0.0048408149211205996 -0.024668281522826276 0.030241885745017232 0.027050762936586179 -0.05133510695328744 -0.035480951332612885 0.0085557583489920229 -0.0038651262275749029 -0.04411695700470708 -0.0156000843355072 0.0021033146794616105 -0.01622359745369233 -0.026584735876545456 -0.020717917540481318 0.01992162525477361 0.0091734126895251303 0.02658851460362013 0.0081419367260526527 -0.021445299673692679 -0.016609809935064345 -0.014670608280554857 -0.003574173325077196 -0.03902069189618728 0.029659557650777432 0.019209661902140102 0.0098020059778493838 0.011539874785781844
leaf_weight=7.5796454399824169 4.6637676656246247 8.008646085858345 12.423575758934023 14.821948125958443 6.168959528207778 6.6779177635908127 4.29837538301945 8.7534279972314781 4.2054309844970694 4.0114704966545167 5.1202318668365434 4.9789660423994127 4.6017835587263125 8.7084330469369871 7.1366437822580355 5.4033139050006858 4.3257022947072974 5.1307493001222602 7.9501508325338355 5.4401124864816666 4.7901977002620697 7.4806707203388214 44.724334180355072 7.8759228587150565 4.5898078382015219 4.9597529172897348
leaf_count=37 22 42 65 65 30 32 21 41 21 20 25 24 22 44 36 28 23 26 37 28 22 34 237 38 24 26
internal_value=-7.91853e-05 0.0124243 0.00242699 -0.0274494 -0.0115832 -0.0145837 -0.0207967 -0.0330379 0.0100286 -0.00266505 0.0045547 0.0127623 -0.00394751 0.00579145 -0.000215908 0.00826284 0.0240401 0.0112202 -0.0379216 -0.00117841 -0.0427661 -0.0275156 0.0281785 0.0147677 0.0238928 0.0254419
internal_weight=214.83 147.876 80.7266 66.9541 27.8404 31.9112 24.3315 13.0518 52.8863 21.6714 17.0076 48.6809 11.2797 31.6675 22.959 17.9801 67.1492 18.0991 35.043 12.5768 27.0928 12.2709 49.05 11.8874 17.0134 12.9684
internal_count=1070 759 405 311 135 153 116 62 270 105 83 249 54 160 116 92 354 94 158 64 121 56 260 58 89 68
is_linear=0
shrinkage=0.03


Tree=7
num_leaves=25
num_cat=0
split_feature=2 40 40 1 28 27 20 12 29 23 36 25 41 20 19 27 15 22 31 12 16 40 27 40
split_gain=78.3048 18.2959 11.1537 8.3076 6.44553 5.68199 4.48444 5.07516 3.49352 3.47966 3.33649 4.68334 2.92107 2.47657 4.51536 2.44256 2.39693 2.18212 1.74974 3.58506 1.70657 1.02794 0.806949 0.54253
threshold=-0.49160404517757361 439.50000000000006 488.00000000000006 -0.51492203998545505 -0.51185664437165579 -0.61723063814182577 -0.87925872936867544 0.28304330428466845 0.23083755031238939 -1.0000000180025095e-35 0.20748785964869534 1.0000000180025095e-35 439.50000000000006 1.0000000180025095e-35 -1.4770555093753126 -0.987733084192845 -0.78936378356457892 0.0088213273820773649 0.67982053417240607 -0.34811868445224287 -1.0853522913635711 720.50000000000011 -0.46285461895390118 464.00000000000006
decision_type=2 2 2 2 2 2 2 2 2 2 2 2 2 2 2 2 2 2 2 2 2 2 2 2
left_child=3 5 8 6 15 -2 -1 9 18 -8 11 -7 17 14 -5 -4 -14 -10 22 -20 -9 -6 -3 -24
right_child=1 2 4 13 21 10 7 20 12 -11 -12 -13 16 -15 -16 -17 -18 -19 19 -21 -22 -23 23 -25
leaf_value=0.0047277848573882208 -0.029913949781665328 0.0086059270755210731 -0.002777238919455677 -0.013981777232400886 0.00097003936035948326 -0.023785923167673643 -0.0211895933699708 -0.0092914104950716885 0.0081014077011273902 0.0086833343476709866 0.014561133084815251 0.010620551210088845 -0.00030504718602818913 -0.015835004216615343 -0.048098559852809128 -0.03377737835629626 0.025251598102011896 -0.017303704732318778 0.028355910334479744 -0.002540004559836731 -0.039008909574971946 0.022195605645395671 0.027547535986994644 0.0091228883739695715
leaf_weight=7.5641323626041403 7.407476648688319 5.2468375116586676 5.0347018986940384 6.6551416367292431 4.6173023879528028 6.9922247529029864 4.5057861059904099 4.2018603533506385 5.0929154157638568 6.7886437624692935 6.599186196923255 4.6880994588136673 4.1629573553800574 7.9278143942356101 20.832395166158676 4.3003876507282275 8.6776196807622892 4.0263792723417282 4.0174682140350342 7.3876844644546491 9.0002604424953443 3.8147135525941849 60.463435515761375 4.4361573308706275
leaf_count=37 34 27 24 30 23 33 21 20 26 33 33 24 21 36 92 20 45 20 21 38 42 20 327 23
internal_value=-9.89256e-05 0.0121451 0.0170056 -0.026538 -0.00436874 -0.0102549 -0.0141539 -0.0201515 0.0207415 -0.00385223 -0.000320587 -0.009884 0.00882608 -0.0365558 -0.0411963 -0.0203109 0.0173824 -0.0034103 0.0236604 0.00990907 -0.0318717 0.0130786 0.0255583 0.026613
internal_weight=214.442 146.966 121.279 67.476 17.7671 25.687 32.0607 24.4966 103.511 11.2944 18.2795 11.6803 21.9599 35.4154 27.4875 9.33509 12.8406 9.11929 81.5516 11.4052 13.2021 8.43202 70.1464 64.8996
internal_count=1070 759 635 311 87 124 153 116 548 54 90 57 112 158 122 44 66 46 436 59 62 43 377 350
is_linear=0
shrinkage=0.03


Tree=8
num_leaves=29
num_cat=0
split_feature=2 13 28 1 28 21 17 20 0 2 35 22 22 35 23 32 35 20 19 21 20 40 12 35 24 17 31 30
split_gain=73.8833 17.7848 10.4738 7.6518 4.34343 4.01557 3.4056 3.32153 3.11449 3.11117 2.97897 2.8722 4.59032 5.10151 3.62051 2.34866 2.31815 2.23898 4.08589 2.10339 1.86193 1.73947 1.2851 1.19925 0.846393 0.621425 0.757928 0.378589
threshold=-0.49160404517757361 1.0000000180025095e-35 -0.51185664437165579 -0.51492203998545505 -0.51185664437165579 -0.38763639024624585 -1.0492007119138964 1.5322649514079909 0.53722009584137986 -0.64727069143953153 -0.87543896708142144 -0.24954054211128007 0.21551082297676363 0.14951969228902107 0.81393628395236783 -0.11277463819609936 -0.76155467159581669 1.0000000180025095e-35 -1.4770555093753126 0.68337635942584629 -1.0000000180025095e-35 508.00000000000006 0.34146271172456322 -0.41990178513900261 -1.3067928432068061 0.59610182118019628 -0.74957370918753774 -0.92902637488040674
decision_type=2 2 2 2 2 2 2 2 2 2 2 2 2 2 2 2 2 2 2 2 2 2 2 2 2 2 2 2
left_child=3 2 5 4 8 -2 -7 10 15 -6 -4 -12 13 -13 25 -1 -3 18 -5 24 -15 27 -11 -20 -18 26 -14 -8
right_child=1 16 7 17 9 6 21 -9 -10 22 11 12 14 20 -16 -17 19 -19 23 -21 -22 -23 -24 -25 -26 -27 -28 -29
leaf_value=-0.0058713874464650746 0.0059240112183930075 0 -0.0089087164386180921 -0.013587533188099011 -0.0027513931604716433 0.0014321637011906422 -0.018567974074175379 -0.011562299348095727 -0.01705572913656981 -0.01345622699953101 0.027661787109341043 -0.023719242976727329 0.0093688525590787872 -0.0022295692861715854 -0.0050581676364895743 0.019034888557079216 0.009752095785635264 -0.015364999682574184 -0.051605798532700677 0.0054305294014160748 0.022166052879875359 -0.03872865810619619 -0.043627074189884402 -0.020863647183270901 0.027987142924970801 0.0066193361172657813 0.031415944059458564 -0.0031159682490579776
leaf_weight=5.2256771028041831 6.235766842961314 3.773356392979621 4.2948400676250449 6.6858430355787304 5.031203180551528 4.5516807436943116 4.2744798511266735 4.6262434870004645 6.4879827946424475 4.8372576981782895 10.211226388812063 5.347986787557601 4.615431696176528 4.6548572778701773 4.2779918462038031 5.3285569399595287 5.7001087069511405 7.9704341292381278 15.88629671931267 6.3487285375595084 3.806939333677291 5.780758634209632 5.2893881499767303 5.2412440925836554 49.863660991191864 4.0126963108777991 9.3018937110900932 4.3469257801771084
leaf_count=25 31 20 21 30 24 22 20 23 31 23 52 27 25 24 22 26 31 36 69 33 20 27 24 23 270 21 49 21
internal_value=-0.00011072 0.0118756 0.00222348 -0.0256436 -0.0137447 -0.0132231 -0.0197883 0.00954788 -0.00246729 -0.0246999 0.0118738 0.0141496 0.0092061 -0.00382225 0.01729 0.0070093 0.0232785 -0.0352061 -0.0396101 0.0246381 0.00982867 -0.0263746 -0.0333266 -0.0461332 0.0265271 0.0229097 0.0261165 -0.0129863
internal_weight=214.009 146.026 80.3397 67.9839 32.2001 25.1896 18.9538 55.1501 17.0422 15.1578 50.5239 46.229 36.0178 13.8098 22.208 10.5542 65.6859 35.7838 27.8134 61.9125 8.4618 14.4022 10.1266 21.1275 55.5638 17.93 13.9173 8.62141
internal_count=1070 759 405 311 153 121 90 284 82 71 261 240 188 71 117 51 354 158 122 334 44 68 47 92 301 95 74 41
is_linear=0
shrinkage=0.03


Tree=9
num_leaves=29
num_cat=0
split_feature=2 40 40 7 17 35 20 12 35 41 29 22 20 15 23 36 15 38 28 30 19 15 12 35 15 35 19 34
split_gain=69.8707 17.2425 10.1919 7.07038 5.85358 5.25616 4.12459 4.57815 4.15456 3.40409 5.74094 6.57523 4.40122 3.49663 3.29248 3.01148 2.77394 2.31587 2.18363 4.09766 1.36727 1.20881 1.06396 0.943412 0.793198 0.907624 0.34764 0.221521
threshold=-0.49160404517757361 439.50000000000006 488.00000000000006 -0.58272805218878332 0.59610182118019628 -0.87543896708142144 -0.87925872936867544 0.28304330428466845 -0.76155467159581669 488.00000000000006 -0.34919505630808473 0.21551082297676347 0.99637080012428725 0.54456467767805472 -1.0000000180025095e-35 -0.33851376605180711 -0.66809755981524865 1.0000000180025095e-35 0.12019111541759846 -0.33299371474840139 -0.31047778553181288 -1.0318962310632396 -1.2458976192483622 0.51964365261723644 -1.3956949023112306 1.0000000180025095e-35 1.0000000180025095e-35 0.28302443990655735
decision_type=2 2 2 2 2 2 2 2 2 2 2 2 2 2 2 2 2 2 2 2 2 2 2 2 2 2 2 2
left_child=3 5 9 6 15 -2 -1 14 -9 10 16 13 -13 -12 -8 -4 21 20 19 -7 22 23 -5 -3 -11 -26 -18 -20
right_child=1 2 4 17 -6 18 7 8 -10 24 11 12 -14 -15 -16 -17 26 -19 27 -21 -22 -23 -24 -25 25 -27 -28 -29
leaf_value=0.0047077846677660868 -0.030664363003083631 0.00080217997642948726 -0.0088368009323334627 -0.020327227166645024 -0.02652498207511637 0.0072096010413237634 -0.020371379091482018 -0.0029010409030308776 -0.040381253401960734 0.0083183032852968044 0.027211227654824144 -0.029802719641567704 0.0039700429579337367 -0.0027655596945748416 0.008621868270674557 0.018001111271392447 0.012015851300496164 -0.014545959668926044 0.013479831455248843 -0.0251661223235458 -0.01822761999324472 -0.0040522307434901128 -0.0486404903944848 0.022121668815899335 0.015044844995345549 0.032009979658665116 0.030422883241624111 0.0013872212610582422
leaf_weight=7.5603971779346457 6.4459626674652126 3.9826230108737946 4.9017041623592386 5.7182042896747616 5.3947725594043723 5.5738160163164165 4.5540958791971207 4.3712079077959052 9.0567535758018476 4.3400094658136359 8.0307922214269656 5.2264498919248563 5.9989191293716431 4.601467251777648 6.7784746289253253 7.5457593053579339 5.1823884099721935 8.1458577960729581 4.1630844026803953 5.5661441087722769 6.8719355762004879 3.7893718928098661 15.368921622633932 3.9020741432905197 9.6357460767030698 27.826088085770607 19.062988355755806 3.9587444365024567
leaf_count=37 29 21 24 25 26 27 21 21 41 23 42 27 31 24 33 37 28 37 21 27 30 20 66 21 52 154 105 20
internal_value=-0.000134883 0.0116059 0.0163937 -0.0248374 -0.00396131 -0.0100918 -0.0133831 -0.0190888 -0.0300997 0.0200328 0.0145588 0.0025939 -0.0129423 0.0167327 -0.00358107 0.00718863 0.021923 -0.0339888 -0.00120019 -0.00955921 -0.0384207 0.00777795 -0.0430882 0.0138418 0.0269467 0.0285475 0.0276508 0.00934437
internal_weight=213.555 145.129 119.421 68.4258 17.8422 25.7078 32.3209 24.7605 13.428 101.579 59.7771 23.8576 11.2254 12.6323 11.3326 12.4475 35.9194 36.1049 19.2618 11.14 27.9591 11.6741 21.0871 7.8847 41.8018 37.4618 24.2454 8.12183
internal_count=1070 759 635 311 87 124 153 116 62 548 319 124 58 66 54 61 195 158 95 54 121 62 91 42 229 206 133 41
is_linear=0
shrinkage=0.03


Tree=10
num_leaves=30
num_cat=0
split_feature=2 13 28 1 25 21 28 25 29 20 0 2 35 23 34 32 32 39 28 28 25 32 27 24 32 15 19 37 41
split_gain=66.0997 16.6138 9.70183 6.57623 4.12113 4.81113 3.96185 3.22626 10.3149 3.20917 2.9684 2.9233 2.75211 2.71775 4.21474 2.28638 2.25031 1.93251 1.48434 0.861462 2.36987 3.18234 1.08762 0.681701 0.663134 0.373807 0.322122 0.321089 0.000571838
threshold=-0.49160404517757361 1.0000000180025095e-35 -0.51185664437165579 -0.51492203998545505 -0.70587509873077303 -0.38763639024624585 -0.51185664437165579 -0.37214521185754462 1.0000000180025095e-35 1.5322649514079909 0.53722009584137986 -0.64727069143953153 -0.87543896708142144 0.81393628395236783 0.85446977989696793 1.6339882431309205 -0.11277463819609936 -0.68369414862433819 -0.88750767141621234 0.48987942774716225 0.96277433563536963 -0.19763761218769557 0.30902547698572164 -1.3067928432068061 -0.11277463819609936 -0.061766441068597022 1.0000000180025095e-35 -1.0000000180025095e-35 430.00000000000006
decision_type=2 2 2 2 2 2 2 2 2 2 2 2 2 2 2 2 2 2 2 2 2 2 2 2 2 2 2 2 2
left_child=3 2 4 6 -2 -6 10 8 27 12 16 -8 -4 19 -15 24 -1 -7 -9 20 21 22 -14 -20 -5 -13 -26 -3 -21
right_child=1 7 9 15 5 17 11 18 -10 -11 -12 25 13 14 -16 -17 -18 -19 23 28 -22 -23 -24 -25 26 -27 -28 -29 -30
leaf_value=-0.0055380552924513609 -0.032698845171339211 0.029054743750412563 -0.0084192118152049706 -0.017604213112852929 0.017010371711944715 -0.0002473394652002047 -0.0022791144730170787 0.0043644149827246825 -0.021462399462649877 -0.011553821608310141 -0.016417054333454188 -0.040658523762997376 0.022435128732757555 -0.018979535257213211 0.016207026092245027 -0.013025436053079273 0.018843993732829811 -0.022222570031970885 0.010415776204448123 0.011607361689805267 0.02647163349962996 -0.0085856704301191383 0.00079346339971775911 0.029991265408150749 -0.044350445767846705 -0.016048166590545428 -0.019805071118725533 0.010122746855261941 0.027801548072662882
leaf_weight=5.2498119473457328 5.5597931444644955 7.6290652900934228 4.325016736984252 5.9901126176118877 4.9440303891897264 6.7393578290939358 5.0680647790431967 3.7267439216375342 5.1254926323890677 4.6261238306760779 6.5416371971368781 4.750234216451644 5.6368423700332624 4.3849877715110761 4.8726874142885208 7.5639521628618231 5.2985777705907848 8.0624957531690509 4.8817676454782477 5.0480954945087424 5.7116899341344824 7.4572439193725648 3.966122105717659 38.119260594248772 17.443406194448475 5.5314774215221396 5.4016419500112525 4.7718276828527459 8.6642652899026853
leaf_count=25 26 42 21 26 25 32 24 20 26 23 31 21 30 22 25 33 26 38 27 27 31 38 21 213 75 26 24 26 46
internal_value=-0.000143989 0.0113554 0.00204955 -0.0240547 -0.01275 -0.00493864 -0.0130002 0.0225392 0.00980385 0.00916142 -0.002221 -0.0233794 0.0114722 0.0136876 -0.000224214 -0.0328439 0.0070326 -0.0135286 0.026738 0.0172451 0.0117195 0.00471704 0.015352 0.0283297 -0.0369437 -0.0316565 -0.0403711 0.0240798 0.0239666
internal_weight=213.092 144.253 79.9988 68.8389 25.3057 19.7459 32.4398 64.2542 17.5264 54.6931 17.09 15.3498 50.067 45.7419 9.25768 36.3991 10.5484 14.8019 46.7278 36.4843 22.7719 17.0602 9.60296 43.001 28.8352 10.2817 22.845 12.4009 13.7124
internal_count=1070 759 405 311 121 95 153 354 94 284 82 71 261 240 47 158 51 70 260 193 120 89 51 240 125 47 99 68 73
is_linear=0
shrinkage=0.03


Tree=11
num_leaves=27
num_cat=0
split_feature=2 40 40 4 17 35 20 12 35 41 29 22 20 23 12 29 21 34 38 25 30 26 2 12 29 35
split_gain=62.6132 16.127 9.43873 6.08736 5.51943 4.7766 3.80354 4.17586 3.791 3.29721 5.49185 6.29223 4.12518 3.12075 2.88926 2.45762 2.35296 2.43775 2.19285 2.08304 1.84938 1.73963 1.51319 3.44656 0.528417 0.378527
threshold=-0.49160404517757361 439.50000000000006 488.00000000000006 -0.48439042259764681 0.59610182118019628 -0.87543896708142144 -0.87925872936867544 0.28304330428466845 -0.76155467159581669 488.00000000000006 -0.34919505630808473 0.21551082297676347 0.99637080012428725 -1.0000000180025095e-35 -0.13821180025253726 0.23083755031238939 1.0000000180025095e-35 0.38386773519898293 1.0000000180025095e-35 1.0000000180025095e-35 -0.24289575449588904 0.23402896304429807 -0.77256335794305875 -1.1387531858784234 0.49278775975389372 -0.22227903709045319
decision_type=2 2 2 2 2 2 2 2 2 2 2 2 2 2 2 2 2 2 2 2 2 2 2 2 2 2
left_child=3 5 9 6 15 -2 -1 13 -9 10 16 14 -13 -8 -12 -4 17 -3 22 20 -7 -22 -5 -24 25 -11
right_child=1 2 4 18 -6 19 7 8 -10 24 11 12 -14 -15 -16 -17 -18 -19 -20 -21 21 -23 23 -25 -26 -27
leaf_value=0.0046869256245227258 -0.029281543535901716 0.029118610303665575 -0.0071037664160595012 -0.043924376511048233 -0.025495194791945511 0.0057889903536760458 -0.01957739867868236 -0.0025925822772025751 -0.038235892328392328 0.0094709163959722335 -0.0034360857908554603 -0.029033798069583356 0.0036536615443449956 0.0085889146517633946 0.024776077887435306 0.017071073938374152 0.0020708188104099816 0.0055960729660734501 -0.013279045867790298 0.01144241592449235 -0.025463600443683308 0 -0.00072627474507456547 -0.03311951156320999 0.011187203368276007 0.02958340434075855
leaf_weight=7.555916190147399 6.5356962382793453 22.856629729270939 5.0324700623750704 15.55385187268257 5.4615986049175254 4.4173897653818157 4.6002710461616516 4.3936825245618811 9.2238431274890882 3.6590895652770987 3.8250858932733527 5.2799173891544324 5.9544627368450165 6.7713167965412158 8.6485372632741946 7.395305722951889 5.8425133377313605 6.5288493186235419 8.263759568333624 5.9485027194023123 4.6141190081834775 4.2477026730775833 4.9835460036993027 7.87888251245022 5.984059438109397 31.161381229758263
leaf_count=37 29 128 24 65 26 21 21 21 41 20 20 27 31 33 46 37 32 35 37 31 22 21 22 34 32 177
internal_value=-0.000154631 0.0111131 0.015812 -0.0233202 -0.00371544 -0.00981048 -0.0126673 -0.0181094 -0.0285308 0.0193768 0.0139801 0.00228232 -0.0128479 -0.00329297 0.0162552 0.00714021 0.0212744 0.0246123 -0.0317461 -0.00126254 -0.00794348 -0.0152149 -0.0359808 -0.0223732 0.0262578 0.0281135
internal_weight=212.618 143.393 117.63 69.2251 17.8894 25.7634 32.545 24.9891 13.6175 99.7405 58.936 23.708 11.2344 11.3716 12.4736 12.4278 35.228 29.3855 36.68 19.2277 13.2792 8.86182 28.4163 12.8624 40.8045 34.8205
internal_count=1070 759 635 311 87 124 153 116 62 548 319 124 58 54 66 61 195 163 158 95 64 43 121 56 229 197
is_linear=0
shrinkage=0.03


Tree=12
num_leaves=31
num_cat=0
split_feature=5 13 28 1 25 30 3 26 39 25 29 40 29 40 25 36 23 39 38 33 35 3 35 28 8 30 24 8 37 16
split_gain=59.2345 15.6914 9.01628 5.67939 3.86567 4.56401 3.64984 6.78393 3.32982 3.12866 9.73956 3.01425 2.41558 4.14821 3.66981 2.72116 2.32152 2.05052 2.0318 1.98469 1.91512 1.59339 1.48104 1.44215 1.36256 0.835183 0.693201 0.647118 0.347238 0.0608384
threshold=-0.49157844621267571 1.0000000180025095e-35 -0.51185664437165579 -0.51492203998545505 -0.70587509873077303 -1.3032794405446888 0.029628655902934578 -0.21107631066709689 -0.68369414862433819 -0.37214521185754462 1.0000000180025095e-35 682.50000000000011 0.49278775975389372 173.50000000000003 -0.37214521185754462 -0.46490510746995223 0.482772449299186 -1.0000000180025095e-35 1.0000000180025095e-35 -0.80497763309136672 -0.22227903709045319 0.4100180366470047 0.51964365261723644 -0.88750767141621234 -1.2985873676933417 0.006606289280298991 -1.3067928432068061 -1.1815395620343259 1.0000000180025095e-35 0.95429987418465523
decision_type=2 2 2 2 2 2 2 2 2 2 2 2 2 2 2 2 2 2 2 2 2 2 2 2 2 2 2 2 2 2
left_child=3 2 4 6 -2 -6 -1 -8 -7 10 28 16 13 -4 -14 -16 -9 19 24 -15 -10 -18 -19 -11 -5 -21 -25 -26 -3 -27
right_child=1 9 12 18 5 8 7 11 20 23 -12 -13 14 17 15 -17 21 22 -20 25 -22 -23 -24 26 27 29 -28 -29 -30 -31
leaf_value=-0.030123681742885704 -0.031596920283162279 0.028487480828446505 -0.012825341801507139 -0.042385871856284917 -0.027517474008184356 0.018055833737652873 -0.029053715885568605 0.0091071544373310179 -0.017842598849004132 0.0040530711432112962 -0.020799162149376663 0.020978146330703263 0.016275394672055618 0.00072011017080498543 0.0033814014978251999 -0.025736577518319769 0 0.012176256771037664 -0.012894379821562021 0.0057442910229236303 0.0061234196928027116 -0.02301040968410091 -0.0074614448333259762 0.0098749824088884657 -0.0091778049631601032 0.030190601791488265 0.029343539955297641 -0.028333074307101778 0.0095839334978699755 0.013165007986954302
leaf_weight=6.6970865130424491 5.6250569671392467 7.4406134784221667 3.8930303752422324 15.687205031514166 4.3455998301506087 6.2895925939083144 6.7026226371526745 5.8789053410291698 5.2439920604229 3.6970267146825782 5.1730617284774771 4.6487203091382971 4.7449762821197501 4.7274252772331229 4.2750727981328955 4.6493310034275046 4.3255015164613706 6.0310690104961413 8.299176096916197 3.8390560746192959 3.871301725506771 4.3947862386703491 4.6857422888278961 4.8038983494043341 6.018937423825264 11.844713926315309 37.116733729839325 6.9125890582799929 4.6991326510906219 5.4986604154109946
leaf_count=29 26 42 19 65 20 31 31 28 24 20 26 23 24 25 22 23 21 31 37 20 20 21 25 27 26 65 213 30 26 30
internal_value=-0.000169111 0.0108647 0.0018341 -0.022607 -0.0123822 -0.00478333 -0.0123102 -0.00609965 0.00314749 0.0218806 0.00931884 0.00312696 0.00875322 0.0123407 -0.00165435 -0.0127331 -0.00360955 0.0155723 -0.0307203 0.0199992 -0.00767191 -0.0128481 0.00323699 0.0260723 -0.0347909 0.0237052 0.0276689 -0.0217137 0.0234687 0.0265888
internal_weight=212.061 142.495 79.5646 69.5655 25.3755 19.7505 32.6476 25.9505 15.4049 62.9305 17.3128 19.2479 54.1891 40.5197 13.6694 8.9244 14.5992 36.6267 36.9179 25.9099 9.11529 8.72029 10.7168 45.6177 28.6187 21.1824 41.9206 12.9315 12.1397 17.3434
internal_count=1070 759 405 311 121 95 153 124 75 354 94 93 284 215 69 45 70 196 158 140 44 42 56 260 121 115 240 56 68 95
is_linear=0
shrinkage=0.03


Tree=13
num_leaves=31
num_cat=0
split_feature=2 13 28 14 2 25 21 28 5 33 25 21 19 38 41 22 27 35 15 25 21 28 32 22 33 41 33 24 37 19
split_gain=56.0919 15.1088 8.59383 5.33595 5.95882 3.62454 4.39334 3.56585 3.73637 3.20726 3.03349 6.93588 2.44359 6.37187 2.10243 3.43451 4.42597 2.73237 2.14654 2.58416 2.20517 1.39744 1.33957 2.97215 1.29725 0.790921 0.72985 0.672908 0.635463 0.436158
threshold=-0.49160404517757361 1.0000000180025095e-35 -0.51185664437165579 1.2459219763984 -0.69283166107717775 -0.70587509873077303 -0.38763639024624585 -0.51185664437165579 -0.63121260743978402 -0.39548669883876647 -0.37214521185754462 1.0000000180025095e-35 -0.31047778553181288 -1.0000000180025095e-35 488.00000000000006 -0.24954054211128007 0.67952792303674059 -0.64767037611021205 -1.2744286785619001 -0.70587509873077303 1.0000000180025095e-35 -0.88750767141621234 -1.0000000180025095e-35 -0.92128140279400939 -1.0283363245018757 381.50000000000006 -0.39548669883876647 -1.3067928432068061 -1.0000000180025095e-35 0.32925838560817094
decision_type=2 2 2 2 2 2 2 2 2 2 2 2 2 2 2 2 2 2 2 2 2 2 2 2 2 2 2 2 2 2
left_child=3 2 5 4 -1 -2 -7 8 -6 24 11 28 13 26 15 17 18 -4 -17 -20 -21 -12 23 -8 -9 -18 -5 -23 -3 -16
right_child=1 10 14 12 7 6 22 9 -10 -11 21 -13 -14 -15 29 16 25 -19 19 20 -22 27 -24 -25 -26 -27 -28 -29 -30 -31
leaf_value=0.014076504741110359 -0.030574533201159645 0.027835459090893192 -0.0001203843754064161 -0.051840642628470768 -0.020754683666549652 0.016472270325840897 -0.017774776802958196 -0.019353601541933201 0.0084894057953059619 -0.039142642577987559 0.0039724930741995776 -0.014094500742300373 -0.011985052694492083 -0.0023585802468718297 0.024326116865299473 0.0055001850962239319 0.022640346420310643 0.028581903282897319 0.0021535751152847275 -0.0045960592745062194 -0.0347525362566765 0.0096886750311193127 -0.023585697409585361 0.011108027479172016 0 0.0045776078744970226 -0.026759424389579792 0.028952327432383931 0.0070303293725389668 0.0072665489711736973
leaf_weight=4.9364414811134329 5.6879391521215465 7.015858620405198 4.0794633626937866 10.309344083070757 5.4094109684228897 4.8620228916406694 5.2516724318265942 5.9514136016368875 7.4755798429250735 8.0545356571674329 3.6893993169069281 6.0264376103878012 8.1117912381887418 4.8672351986169842 6.9315451532602292 5.5325899124145499 4.1692118495702726 6.5291806012392026 4.8615480214357367 5.0037379413843208 4.6902389228343964 4.7786171138286582 5.1483681946992794 4.5034943372011176 4.7801081389188775 6.967215970158577 9.9863692522048932 36.519070222973824 4.1806519180536279 5.2035341411828995
leaf_count=23 26 40 20 43 25 25 24 27 36 36 20 31 35 22 39 29 23 34 25 26 23 27 24 22 22 36 42 213 23 29
internal_value=-0.000179339 0.0106272 0.00177963 -0.0219284 -0.012898 -0.0120615 -0.00467102 -0.0177297 -0.0042548 -0.0256781 0.0215207 0.00912775 -0.0307059 -0.0355021 0.00856546 0.00482985 -0.000229948 0.0184015 -0.00864538 -0.0144074 -0.0224244 0.0256886 -0.01281 -0.00420451 -0.0115208 0.0136995 -0.0424658 0.0272812 0.022288 0.0190551
internal_weight=211.514 141.632 79.4218 69.8822 36.6075 25.4535 19.7656 31.671 12.885 18.7861 62.21 17.2229 33.2747 25.1629 53.9683 41.8332 31.2245 10.6086 20.0881 14.5555 9.69398 44.9871 14.9035 9.75517 10.7315 11.1364 20.2957 41.2977 11.1965 12.1351
internal_count=1070 759 405 311 169 121 95 146 61 85 354 94 142 107 284 216 162 54 103 74 49 260 70 46 49 59 85 240 63 68
is_linear=0
shrinkage=0.03


Tree=14
num_leaves=28
num_cat=0
split_feature=8 40 40 14 8 27 22 41 29 22 20 28 36 25 8 33 15 15 19 38 22 34 15 36 15 23 15
split_gain=53.1773 14.5489 8.58175 5.00759 5.6602 4.28072 4.01017 3.69691 4.42727 5.05152 4.49601 3.33955 3.02485 4.09848 3.02154 2.96778 2.69443 2.30729 2.27594 5.94888 1.56483 1.53332 1.1509 0.835048 0.814879 0.739186 0.0293949
threshold=-0.47716871908348996 439.50000000000006 539.00000000000011 1.2459219763984 -1.0188599368601829 -0.61723063814182577 -0.71459190719932331 488.00000000000006 -0.34919505630808473 0.21551082297676347 0.99637080012428725 -0.51185664437165579 0.20748785964869534 1.0000000180025095e-35 -0.87877270821422793 -0.39548669883876647 0.54456467767805472 -0.66809755981524865 -0.31047778553181288 -1.0000000180025095e-35 0.0088213273820773649 0.85446977989696793 -1.0318962310632396 -0.33851376605180711 -1.3956949023112306 0.482772449299186 -1.0318962310632396
decision_type=2 2 2 2 2 2 2 2 2 2 2 2 2 2 2 2 2 2 2 2 2 2 2 2 2 2 2
left_child=3 5 7 4 -1 -2 -4 8 17 16 -11 14 13 -7 -6 21 26 22 19 25 -19 -13 23 -3 -9 -5 -10
right_child=1 2 6 18 11 12 -8 24 9 10 -12 15 -14 -15 -16 -17 -18 20 -20 -21 -22 -23 -24 -25 -26 -27 -28
leaf_value=0.013808883819920209 -0.026084165890401072 0.00026349795663537748 -0.022316588634662089 -0.025800914228955637 -0.019739206947069765 -0.022397900087226846 0.0077669165645941939 0.0070387448000960263 0.010049464259453246 -0.026403349729410632 0.0061110578015703835 0.00041941023660790368 0.013786033356392413 0.009844725447357169 0.0067299097068188197 -0.037768688771350534 -0.00317596673782294 0.0031720203077595993 -0.011651238296318474 -0.0023030819907896047 0.028234915612175823 -0.019969927310957584 -0.004554659908307437 0.019639095141210813 0.026939138700889084 -0.050219691145726615 0.026695608813030371
leaf_weight=4.9106125086545935 7.6923362314701107 3.9890844076871863 6.1985731869935989 10.047303959727289 5.0255165249109268 7.0975437462329882 6.7208660840988141 4.193136751651763 4.5032518357038489 5.9459225833415967 6.4878229349851608 4.9501898586750048 6.4628963768482199 4.5923870801925659 7.8735200613737124 8.1501870751380903 4.5476906746625891 3.5932724922895458 8.1364668756723386 4.8710757791996029 19.437532112002373 5.8188256174325943 3.745494380593299 4.6663842946290961 35.204423472285271 10.397605657577513 5.7210470438003567
leaf_count=23 34 22 29 42 23 33 34 23 23 30 34 23 33 24 38 36 24 20 35 22 114 26 20 25 206 43 31
internal_value=-0.000183994 0.0104035 0.0149672 -0.0212817 -0.0125332 -0.00938326 -0.00707067 0.0178775 0.0126305 0.00299972 -0.0101755 -0.0172173 -0.000550165 -0.0095974 -0.00414789 -0.0248749 0.0143739 0.0194408 -0.0297654 -0.0343861 0.0250023 -0.0112031 0.00709714 0.0126581 0.0253037 -0.0410767 0.0220994
internal_weight=210.981 140.8 114.955 70.1813 36.7289 25.8452 12.9194 102.035 62.6375 27.2057 12.4337 31.8182 18.1528 11.6899 12.899 18.9192 14.772 35.4318 33.4525 25.316 23.0308 10.769 12.401 8.65547 39.3976 20.4449 10.2243
internal_count=1070 759 635 311 169 124 63 572 343 142 64 146 90 57 61 85 78 201 142 107 134 49 67 47 229 85 54
is_linear=0
shrinkage=0.03


Tree=15
num_leaves=29
num_cat=0
split_feature=2 13 28 1 25 21 20 12 24 35 20 25 29 29 32 32 23 40 26 22 28 20 19 39 28 21 24 37
split_gain=50.4112 14.0405 7.86804 4.68719 3.39852 4.09586 3.36833 3.97898 4.671 3.26772 2.95259 2.95133 8.99785 2.78172 4.41044 3.3996 2.49752 3.11261 2.70862 2.43339 1.92034 2.64989 1.89464 1.70212 1.36704 1.2477 0.678349 0.357482
threshold=-0.49160404517757361 1.0000000180025095e-35 -0.51185664437165579 -0.51492203998545505 -0.70587509873077303 -0.38763639024624585 -0.87925872936867544 0.28304330428466845 0.27803630339910707 -0.76155467159581669 1.5322649514079909 -0.37214521185754462 1.0000000180025095e-35 1.2786383880784069 1.6339882431309205 0.44590660724857495 0.81393628395236783 173.50000000000003 1.1504221736265821 0.52554506636879272 0.48987942774716225 -0.41035134699543491 -1.0000000180025095e-35 -0.68369414862433819 -0.88750767141621234 0.27537150240790637 -1.3067928432068061 -1.0000000180025095e-35
decision_type=2 2 2 2 2 2 2 2 2 2 2 2 2 2 2 2 2 2 2 2 2 2 2 2 2 2 2 2
left_child=3 2 4 6 -2 -6 -1 8 -8 -9 16 12 27 14 22 -15 17 -4 -18 20 21 -19 -5 -7 -13 -23 -26 -3
right_child=1 11 10 13 5 23 7 9 -10 -11 -12 24 -14 15 -16 -17 18 19 -20 -21 -22 25 -24 -25 26 -27 -28 -29
leaf_value=0.0049302800777982882 -0.029318923011856388 0.027629828038829306 -0.008588549928010664 -0.047377538206330068 0.016155634596499859 0 -0.018548415009374725 -0.0022953126901003999 0.015438724503197616 -0.035319209948503912 -0.011582586355521868 0.0036013323089547963 -0.02001316576931075 0.0032988467532595865 -0.0060477138750176891 -0.0248939052548331 -0.014077400010236243 0.016360121496494962 0.013248527430634463 0.028614275307751239 0.023097577668703913 0.0034132347526779619 -0.016869297674809183 -0.020210031700528201 0.0091686311981199146 -0.014411964071963582 0.028294039871588246 0.0089421352943779581
leaf_weight=7.5830819755792609 5.7612500339746502 7.1507176905870447 3.7189733088016501 13.498099192976953 4.8135752230882707 6.7699033468961742 6.1098005622625369 4.4088153243064871 5.4132635742425919 9.4360415488481504 4.6157335788011542 3.6534116715192786 5.2279208600521079 5.4489004611968976 5.1614117622375479 7.8282306343317032 5.9687463194131833 7.6109039187431327 4.2214626669883728 10.320022031664847 6.1327162384986869 6.0715332925319725 5.5603771358728435 8.228613317012778 4.7033968120813361 4.8767050802707672 35.485558837652206 4.6125497370958337
leaf_count=37 26 42 18 56 25 32 28 21 26 41 23 20 26 23 22 33 30 41 22 58 34 33 24 38 27 25 213 26
internal_value=-0.000192804 0.0101797 0.00167368 -0.0206636 -0.0115095 -0.00435011 -0.0113045 -0.0163851 -0.00218211 -0.0264463 0.00822209 0.0208385 0.00860032 -0.0279831 -0.0342911 -0.0137573 0.0104987 0.0138872 -0.00199651 0.0166937 0.0101289 0.00413767 -0.0406488 -0.0121653 0.0250077 -0.00482457 0.0266101 0.0225945
internal_weight=210.392 139.944 79.1101 70.448 25.5733 19.8121 32.951 25.3679 11.5231 13.8449 53.5368 60.8336 16.9912 37.497 24.2199 13.2771 48.9211 38.7309 10.1902 35.0119 24.6919 18.5591 19.0585 14.9985 43.8424 10.9482 40.189 11.7633
internal_count=1070 759 405 311 121 95 153 116 54 62 284 354 94 158 102 56 261 209 52 191 133 99 80 70 260 58 240 68
is_linear=0
shrinkage=0.03


Tree=16
num_leaves=29
num_cat=0
split_feature=5 13 28 14 5 25 21 28 5 25 29 20 23 40 30 26 23 35 12 28 39 28 39 24 21 28 24 37
split_gain=47.7641 13.5147 7.47857 4.51692 5.281 3.20257 3.9068 3.08914 3.34625 2.85988 8.62775 2.82521 2.39193 2.99791 3.39097 2.58281 2.15269 2.14255 2.32977 1.68258 1.59811 1.32501 1.23143 1.22288 0.946663 0.697468 0.659141 0.349554
threshold=-0.49157844621267571 1.0000000180025095e-35 -0.51185664437165579 1.2459219763984 -0.69341327925913243 -0.70587509873077303 -0.38763639024624585 -0.51185664437165579 -0.63121260743978402 -0.37214521185754462 1.0000000180025095e-35 1.5322649514079909 0.81393628395236783 173.50000000000003 0.0066062892802993371 1.1504221736265821 0.15160861464600398 -0.57174751245314226 -1.2585856028497526 -0.38200196835625339 -0.68369414862433819 -0.88750767141621234 -1.0000000180025095e-35 -1.0000000180025095e-35 0.27537150240790637 0.12019111541759846 -1.3067928432068061 -1.0000000180025095e-35
decision_type=2 2 2 2 2 2 2 2 2 2 2 2 2 2 2 2 2 2 2 2 2 2 2 2 2 2 2 2
left_child=3 2 5 4 -1 -2 -7 8 -6 10 27 12 13 -4 19 -14 -9 18 -5 -15 -8 -11 -16 -20 -21 -18 -23 -3
right_child=1 9 11 17 7 6 20 16 -10 21 -12 -13 15 14 22 -17 25 -19 23 24 -22 26 -24 -25 -26 -27 -28 -29
leaf_value=0.013674664157802887 -0.02840495447699699 0.027300012226219521 -0.0083838670908758291 -0.010059074530338356 -0.019230731185318508 0.015878491252895151 0 -0.035611869030041383 0.0083477101486073169 0.0035294710921896901 -0.019414514376401622 -0.011276785700957248 -0.013671028001692544 0.016830181875407777 0.028013912389699046 0.013016941873131639 -0.01817740201425503 -0.010049804702037909 -0.017759517372208263 0.0056554384352056784 -0.01957968517412665 0.0089946970755959282 0.0079191016543751509 -0.04324271342970356 -0.010938616265455919 -0.0020036354435230322 0.02792207738827128 0.008771791262205909
leaf_weight=4.8940955102443686 5.8156454414129284 7.0397989153862008 3.7318970859050742 5.677988916635516 5.5027713477611542 4.7773962467908921 6.7699033468961742 7.5807388722896603 7.4473285824060422 3.6466081440448752 5.2730057984590522 4.6389924436807624 6.0057976245880109 3.9229634404182425 15.404705330729479 4.1947638839483261 6.0178143829107267 7.6067645847797385 6.60329489409924 3.9013423770666105 8.2861164659261615 4.6798831671476355 6.2217023968696656 13.854287818074223 5.2885079383850098 5.5135778933763504 34.908285722136497 4.5905257314443597
leaf_count=23 26 42 18 24 25 25 32 33 36 20 26 23 30 21 88 22 27 32 28 21 38 27 34 58 27 25 213 26
internal_value=-0.000198501 0.0099595 0.00162655 -0.0200589 -0.01177 -0.0111911 -0.00422003 -0.0162703 -0.00373552 0.0204973 0.00842602 0.00804041 0.0102833 0.0136201 0.0163987 -0.00192158 -0.0235827 -0.0280798 -0.03228 0.00325465 -0.0118207 0.0246418 0.0233809 -0.0370656 -0.00352764 -0.0120253 0.0262407 0.0222814
internal_weight=209.797 139.098 78.9597 70.6987 36.9563 25.6491 19.8334 32.0622 12.9501 60.1381 16.9033 53.3107 48.6717 38.4711 34.7392 10.2006 19.1121 33.7423 26.1356 13.1128 15.056 43.2348 21.6264 20.4576 9.18985 11.5314 39.5882 11.6303
internal_count=1070 759 405 311 169 121 95 146 61 354 94 284 261 209 191 52 85 142 110 69 70 260 122 86 48 52 240 68
is_linear=0
shrinkage=0.03


Tree=17
num_leaves=29
num_cat=0
split_feature=2 40 40 28 14 2 27 28 5 36 25 33 27 36 19 38 19 12 15 20 15 23 36 38 21 24 23 15
split_gain=45.2897 13.1352 7.74313 4.75319 4.23219 5.02555 3.73829 2.90657 3.17701 2.83508 3.80038 2.83345 2.83203 2.5784 2.08199 5.50915 2.04911 1.91273 1.72694 3.42109 3.53995 2.68234 1.7277 1.30661 1.16619 1.12578 1.06856 1.06144
threshold=-0.49160404517757361 439.50000000000006 480.50000000000006 -0.51185664437165579 1.2459219763984 -0.69283166107717775 -0.61723063814182577 -0.51185664437165579 -0.63121260743978402 0.20748785964869534 1.0000000180025095e-35 1.0000000180025095e-35 -0.85394053422997696 -1.0553542303299206 -0.31047778553181288 -1.0000000180025095e-35 -1.1760031935447322 0.34146271172456322 1.0296295726753761 1.5322649514079909 0.54456467767805472 0.482772449299186 0.34740778344217144 -0.59184724849779391 0.27537150240790637 0.91196796204147257 -0.36353512814783445 -0.9106300073139092
decision_type=2 2 2 2 2 2 2 2 2 2 2 2 2 2 2 2 2 2 2 2 2 2 2 2 2 2 2 2
left_child=4 6 13 12 5 -1 -2 8 -7 10 -8 17 -4 27 15 25 -15 -9 19 20 21 24 -23 -5 -18 -6 -20 -3
right_child=1 2 3 23 14 7 9 11 -10 -11 -12 -13 -14 16 -16 -17 18 -19 26 -21 -22 22 -24 -25 -26 -27 -28 -29
leaf_value=0.013414873934257486 -0.024466541561834469 0.011253929006970203 0 -0.0023698134339463516 -0.045490115948573231 -0.018683801898906026 -0.021590454415086887 -0.0018728310530452281 0.0081623032323459872 0.013335995044415174 0.0094752387470809409 -0.041568652291645435 -0.030120430962211422 -0.0045147929117643031 -0.010273483452413357 -0.0012512214680952506 0.025374945185221254 -0.023853956374027253 0.0074023968667334154 -0.0069964443318273001 -0.0037026960891197291 0.014975410586604763 -0.0085083531646227093 0.016022586780853498 0.0052147524193103404 -0.020959641761156587 0.030531948280775371 0.032302995612226847
leaf_weight=4.8686447888612738 7.8056519627571133 6.1986452937126186 5.417091429233551 3.9753664731979361 12.390185192227365 5.5373121500015259 7.157994210720064 8.1304819285869616 7.4224539995193464 6.3798264861106864 4.5443718433380127 4.6089784801006308 4.453515827655794 3.7306878119707099 8.2288913130760175 4.9405714720487621 24.310252845287327 6.4798818230628958 4.4494375437498102 6.0591224431991568 6.6458622664213172 3.6784612685441953 4.5235887318849564 8.6617141366004926 4.7480025291442862 8.3354237377643567 10.183383911848065 15.324409812688826
leaf_count=23 34 35 25 21 51 25 33 37 36 33 24 20 20 20 35 22 145 28 27 34 37 21 24 46 26 34 60 94
internal_value=-0.000209076 0.00974274 0.0141734 -0.00126014 -0.0194853 -0.0114547 -0.00899121 -0.0158254 -0.00364155 -0.000642055 -0.00936636 -0.0228931 -0.0158386 0.0180623 -0.027236 -0.031586 0.014434 -0.0133075 0.0156967 0.0121396 0.0150564 0.0185709 0.00209221 0.0101748 0.0226949 -0.0379748 0.025213 0.0276296
internal_weight=209.19 138.247 112.36 22.5077 70.9428 37.0478 25.8878 32.1791 12.9598 18.0822 11.7024 19.2193 9.87061 89.8519 33.8951 25.6662 68.3288 14.6104 64.5981 49.9653 43.9062 37.2603 8.20205 12.6371 29.0583 20.7256 14.6328 21.5231
internal_count=1070 759 635 112 311 169 124 146 61 90 57 85 45 523 142 107 394 65 374 287 253 216 45 67 171 85 87 129
is_linear=0
shrinkage=0.03


Tree=18
num_leaves=31
num_cat=0
split_feature=13 13 28 1 34 23 20 25 21 29 32 32 25 29 20 14 35 20 22 22 20 22 32 35 28 35 24 21 37 28
split_gain=43.0458 12.6438 6.04536 4.5099 4.1778 5.77147 3.33794 3.22085 3.38125 3.0614 3.2584 3.19063 2.75795 8.21776 2.56087 2.48589 2.2353 3.23126 5.74741 2.55209 2.18564 5.59237 1.66609 2.58313 1.25756 1.0658 0.691302 0.678477 0.365174 0.211835
threshold=-0.4080074644849116 1.0000000180025095e-35 -0.51185664437165579 -0.51492203998545505 0.3838677351989826 0.81393628395236783 -0.87925872936867544 -0.70587509873077303 -0.38763639024624585 1.2786383880784069 0.44590660724857495 1.6339882431309205 -0.37214521185754462 1.0000000180025095e-35 1.5322649514079909 0.7243801878723658 0.14951969228902107 -0.41035134699543491 0.21551082297676363 -0.24954054211128007 1.0000000180025095e-35 0.0088213273820774794 -1.0000000180025095e-35 -0.9893232625670263 -0.88750767141621234 -0.57174751245314226 -1.3067928432068061 -0.94864306864591319 -1.0000000180025095e-35 -0.51185664437165579
decision_type=2 2 2 2 2 2 2 2 2 2 2 2 2 2 2 2 2 2 2 2 2 2 2 2 2 2 2 2 2 2
left_child=3 2 7 4 6 -6 -1 -2 -9 11 -11 25 13 28 16 -7 17 -4 19 -19 21 -18 23 -10 -14 -5 -26 -22 -3 -8
right_child=1 12 14 9 5 15 29 8 22 10 -12 -13 24 -15 -16 -17 20 18 -20 -21 27 -23 -24 -25 26 -27 -28 -29 -30 -31
leaf_value=0.00080894694567196993 -0.027094660489141296 0.026821102473969429 0.018224064352703521 -0.045998848556171812 0.017489206056972881 -0.027086798544176467 -0.013892886215102353 0.015600194236613629 -0.0149303390574242 0.0045012138765685682 -0.022794075204437228 -0.0068961025825421442 0.0033905599492994667 -0.018976361973970037 -0.011006477444644501 0.00090713934498297074 0.020198630460919683 0 0.018230143320824035 -0.029694379192768992 0.0039020530372009718 -0.021720229458003996 -0.021801630648956582 0.012099903314836978 0.0083748667501667897 -0.021156188737848466 0.027315981327045605 0.022354091398561326 0.0083443265520890854 -0.03395532202664206
leaf_weight=4.5001409649848965 5.8868063539266613 6.8701121509075174 5.495070248842242 10.993101119995119 8.0291406363248843 4.6518958210945112 5.6714674830436715 4.7287694215774598 4.9495665431022671 5.5019255280494672 7.9258355647325516 4.9696664512157431 3.6333754211664191 5.3033339381217948 4.6582476347684851 4.4164020568132401 4.8282462805509585 4.2892598658800125 4.2733038067817679 5.4894357025623304 3.7221650183200863 3.7116852253675461 5.2470772117376248 4.7017299979925147 4.5936320126056662 8.3061356842517871 33.955312475562096 16.365993216633797 4.531912401318551 6.3522622585296604
leaf_count=22 26 42 29 45 38 21 26 25 22 23 33 21 20 26 23 21 26 22 23 27 21 20 24 23 27 35 213 92 26 28
internal_value=-0.000220194 0.00955666 0.00149264 -0.0189252 -0.00996591 0.000289768 -0.0200514 -0.0100439 -0.00308519 -0.0260757 -0.0118796 -0.0325487 0.0198825 0.00800453 0.00729767 -0.0146919 0.00946726 0.00113601 -0.00627372 -0.0185143 0.0146169 0.000858861 -0.0102663 -0.0013679 0.0240128 -0.0378922 0.0256069 0.0197217 0.0217662 -0.0275263
internal_weight=208.553 137.235 78.3474 71.318 33.6213 17.0974 16.5239 25.5139 19.6271 37.6967 13.4278 24.2689 58.8877 16.7054 52.8334 9.0683 48.1752 19.5471 14.052 9.7787 28.6281 8.53993 14.8984 9.6513 42.1823 19.2992 38.5489 20.0882 11.402 12.0237
internal_count=1070 757 403 313 156 80 76 120 94 157 56 101 354 94 283 42 260 101 72 49 159 46 69 45 260 80 240 113 68 54
is_linear=0
shrinkage=0.03


Tree=19
num_leaves=31
num_cat=0
split_feature=13 13 28 4 34 23 20 25 30 32 29 32 32 25 29 20 14 35 20 22 22 20 22 19 31 28 36 23 24 28
split_gain=40.8502 12.1777 5.7495 4.2375 3.94291 5.50121 3.15394 3.03741 4.3417 3.88127 2.87634 3.0891 2.9795 2.67049 7.88134 2.44807 2.35792 2.13471 3.09282 5.48129 2.39458 2.10838 5.34974 1.68443 1.37389 1.21893 0.852128 1.08061 0.671977 0.181995
threshold=-0.4080074644849116 1.0000000180025095e-35 -0.51185664437165579 -0.48439042259764681 0.3838677351989826 0.81393628395236783 -0.87925872936867544 -0.70587509873077303 -1.3032794405446888 1.0000000180025095e-35 1.2786383880784069 0.44590660724857495 1.6339882431309205 -0.37214521185754462 1.0000000180025095e-35 1.5322649514079909 0.7243801878723658 0.14951969228902107 -0.41035134699543491 0.21551082297676363 -0.24954054211128007 1.0000000180025095e-35 0.0088213273820774794 -1.0000000180025095e-35 -0.46267020514396467 -0.88750767141621234 -1.000293149207488 0.81393628395236783 -1.3067928432068061 -0.51185664437165579
decision_type=2 2 2 2 2 2 2 2 2 2 2 2 2 2 2 2 2 2 2 2 2 2 2 2 2 2 2 2 2 2
left_child=3 2 7 4 6 -6 -1 -2 -9 24 12 -12 23 14 -3 17 -7 18 -4 20 -20 22 -19 -5 -10 -15 -23 -28 -27 -8
right_child=1 13 15 10 5 16 29 8 9 -11 11 -13 -14 25 -16 -17 -18 21 19 -21 -22 26 -24 -25 -26 28 27 -29 -30 -31
leaf_value=0.00079094929840565695 -0.026280438934995223 0.02146645269439848 0.017919765442822682 -0.042956968011008664 0.017143573762987911 -0.026312478628196453 -0.013511990096796116 -0.024964231765355491 0.023687954050328558 -0.012987548554081832 0.0043981785996641031 -0.022147898854935465 -0.0067298548508912719 0.0033227830183106296 -0.018417437489288705 -0.010718110797742746 0.00088706156590019072 0.019891504302909004 0 0.017948431843036902 -0.028722853434035373 0.0047757636623319373 -0.021095580232870691 -0.014961854619466993 0.00039337555745136952 0.0082149050721566242 0.027203527058475965 0.0041938910219883069 0.026959791494479513 -0.032873553106326225
leaf_weight=4.4986206144094494 5.9328724890947369 11.27394659817219 5.4469368457794216 13.738767534494402 7.9763340353965786 4.6886980086565 5.6982727944850931 4.4664323776960417 5.5349990874528912 5.3819585293531427 5.4971075356006605 7.9556619673967361 4.9766069650650016 3.6269584149122229 5.3452214002609244 4.6800887882709494 4.414846733212471 4.7796112746000308 4.2892598658800125 4.2343017905950537 5.5545807331800443 4.8744641542434719 3.750753715634346 5.6530813574790981 4.2457207441329876 4.5721241086721411 11.38244569301605 3.6308500021696082 33.400068268179893 6.4128714799880955
leaf_count=22 26 68 29 56 38 21 26 20 28 26 23 33 21 20 26 23 21 26 22 23 27 29 20 24 20 27 65 19 213 28
internal_value=-0.000232207 0.00934725 0.00144398 -0.0184034 -0.00971245 0.000261847 -0.0194725 -0.00978352 -0.00300165 0.00477265 -0.0253265 -0.0115463 -0.0315914 0.0195578 0.00784472 0.00712863 -0.0142965 0.00926444 0.00111826 -0.00609675 -0.0179743 0.0143242 0.000811857 -0.0367433 0.0155048 0.0236621 0.019376 0.0228886 0.0252527 -0.0266978
internal_weight=207.914 136.404 78.1853 71.5109 33.6896 17.0799 16.6098 25.562 19.6291 15.1627 37.8212 13.4528 24.3685 58.2183 16.6192 52.6233 9.10354 47.9432 19.5251 14.0781 9.84384 28.4181 8.53036 19.3918 9.78072 41.5992 19.8878 15.0133 37.9722 12.1111
internal_count=1070 757 403 313 156 80 76 120 94 74 157 56 101 354 94 283 42 260 101 72 49 159 46 80 48 260 113 84 240 54
is_linear=0
shrinkage=0.03


Tree=20
num_leaves=33
num_cat=0
split_feature=13 41 28 15 31 22 24 41 21 1 15 34 23 25 33 35 20 29 32 32 33 31 2 19 39 35 15 37 23 29 36 28
split_gain=38.7582 12.487 7.97063 5.83845 4.59663 4.38226 4.05942 4.6503 4.03759 3.98132 3.74473 3.72282 5.24395 3.37008 4.30085 2.99435 2.98234 2.70323 2.92968 2.78426 2.39861 2.03193 1.7208 1.55782 1.08723 0.821069 0.596888 2.01596 0.552744 0.232258 0.768469 0.155813
threshold=-0.4080074644849116 488.00000000000006 -0.51185664437165579 -0.30429888856725767 0.35705409212338662 0.0088213273820774794 0.27803630339910707 439.50000000000006 1.0000000180025095e-35 -0.51492203998545505 -1.2744286785619001 0.3838677351989826 0.81393628395236783 -0.70587509873077303 0.48553925061379727 -0.41990178513900261 -0.87925872936867544 1.2786383880784069 0.44590660724857495 1.6339882431309205 -0.15085575110344709 -0.19625980853207564 -0.63334928405025082 -1.0000000180025095e-35 -0.68369414862433819 -0.30601748965339781 0.18076600643006369 -0.47470300588113806 -0.36353512814783445 -0.34919505630808473 0.79048754212151151 -0.51185664437165579
decision_type=2 2 2 2 2 2 2 2 2 2 2 2 2 2 2 2 2 2 2 2 2 2 2 2 2 2 2 2 2 2 2 2
left_child=9 2 4 5 6 15 7 -2 29 11 21 16 -13 -12 -15 -4 -1 19 -19 23 -10 -7 -14 -11 26 -26 27 -3 -9 30 -5 -18
right_child=1 24 3 8 -6 10 -8 28 20 17 13 12 22 14 -16 -17 31 18 -20 -21 -22 -23 -24 -25 25 -27 -28 -29 -30 -31 -32 -33
leaf_value=0.00077334881714298314 0.012244134699076951 0 -0.0018719453009404547 0.031310076209686961 -0.026003835833809431 0.019348926286717805 0.020505817155149254 -0.023801182997773458 0.016430063721556896 -0.041638217060808357 0.0050069339366341902 0.016805014489516046 0 -0.033302418213586947 0.0028695371865626348 0.025428199016750197 -0.01314338997746844 0.0042974837432850294 -0.021525960557580937 -0.0065678437229911013 -0.0081512624896649486 -0.0053620895715244593 -0.023735184113848527 -0.01456770118556721 0.0069175950371786659 0.02991727434343389 0 0.026995595908438828 -0.0054986519946367838 0.0090455619354640384 0.0077223598414575016 -0.031845336662444067
leaf_weight=4.4971334934234646 5.2604223936796268 3.7650003880262366 5.2663833051919937 13.39001470804215 8.5596363842487317 4.6849837303161621 4.3763840049505225 6.7814688086509758 4.8346487581729889 13.795281752943994 4.5684878081083324 7.9239366054534939 4.2323434501886377 7.9841747134923953 3.5553680509328842 7.0641116648912412 5.7240048944950113 5.4923529326915723 7.9828694760799408 4.9832833111286154 6.5118215531110746 4.2813065946102125 4.9042700380086872 5.6721437871456173 3.3775673508644131 22.040615200996399 3.3169940859079352 4.4351776093244544 4.4168539345264382 3.6418203711509731 3.4639653265476218 6.468888491392133
leaf_count=22 29 22 27 85 39 26 22 31 25 56 24 38 20 41 20 38 26 23 33 21 37 23 22 24 20 138 21 28 20 21 20 28
internal_value=-0.000242999 0.00914077 0.00336212 0.00891409 -0.00932058 0.000586603 -0.000911922 -0.00817807 0.0180499 -0.0178981 -0.00640776 -0.00946675 0.000235642 -0.0147066 -0.0226495 0.014396 -0.018916 -0.0246033 -0.0112238 -0.0306709 0.00255107 0.00789897 -0.0139138 -0.0356434 0.023684 0.0276398 0.0123137 0.0160891 -0.0185571 0.0255981 0.0278164 -0.0259054
internal_weight=207.254 135.577 98.6419 69.2471 29.3948 37.4048 20.8351 16.4587 31.8423 71.6765 25.0743 33.7506 17.0606 16.108 11.5395 12.3305 16.69 37.9259 13.4752 24.4507 11.3465 8.96629 9.13661 19.4674 36.9354 25.4182 11.5172 8.20018 11.1983 20.4958 16.854 12.1929
internal_count=1070 757 528 387 141 199 102 80 188 313 134 156 80 85 61 65 76 157 56 101 62 49 42 80 229 158 71 50 51 126 105 54
is_linear=0
shrinkage=0.03


Tree=21
num_leaves=31
num_cat=0
split_feature=13 40 40 1 36 41 29 22 20 0 23 40 35 12 40 15 29 8 32 35 15 21 35 40 30 22 19 15 35 30
split_gain=36.8508 12.1278 6.75877 3.74428 3.59579 3.31844 3.84436 4.98498 4.15954 3.11416 3.90622 4.05866 3.65605 3.20789 2.62656 2.57162 2.54454 2.88502 2.60608 2.44545 2.32266 2.32782 2.15239 2.09782 1.68979 2.71515 1.44525 0.813406 0.967725 0.0883979
threshold=-0.4080074644849116 439.50000000000006 539.00000000000011 -0.51492203998545505 0.20748785964869534 488.00000000000006 -0.34919505630808473 0.21551082297676347 0.99637080012428725 -0.027177489419316758 -0.36353512814783445 292.00000000000006 -0.87543896708142144 0.28304330428466845 720.50000000000011 0.54456467767805472 1.2786383880784069 -1.4732470105280377 1.6339882431309205 -1.0000000180025095e-35 -0.54683133606591827 -1.0000000180025095e-35 -0.87543896708142144 186.00000000000003 0.19373282211244031 0.52554506636879272 -1.0000000180025095e-35 -1.3956949023112306 1.0000000180025095e-35 -0.59635698317882224
decision_type=2 2 2 2 2 2 2 2 2 2 2 2 2 2 2 2 2 2 2 2 2 2 2 2 2 2 2 2 2 2
left_child=3 4 5 9 22 6 20 15 -9 -1 -11 -12 -13 -14 -4 29 18 -18 26 -6 24 -22 -2 -24 -3 -26 -5 -7 -29 -8
right_child=1 2 14 16 19 27 7 8 -10 10 11 12 13 -15 -16 -17 17 -19 -20 -21 21 -23 23 -25 25 -27 -28 28 -30 -31
leaf_value=-0.029591751118721917 -0.030714724487627562 0.019255709898204874 -0.018676043869477511 -0.040395759896686832 -0.0082164734472430674 0.0056494119452094272 0.0089147052399973468 -0.026557017996652176 0.0050240597446975527 -0.022409589648245715 -0.014411239440883593 0.027403489385568369 0.013683498111767632 -0.01641424082108486 0.0055889718479176656 -0.0035273306541291406 -0.026074676920408688 0 -0.0064099473618012106 0.018661531497782862 0.028672300924930328 0 -0.01582349589477245 0.0077817573516058098 -0.015990116841410325 0.011921501225072597 -0.014185820757537293 0.011898531775562556 0.02868210532372871 0.025770935523586405
leaf_weight=4.3364401757717124 5.4070127457380321 4.5373189598321906 6.0682129412889463 13.838435962796213 4.6408694684505463 4.0349551886320105 4.1804301738739005 5.9093935042619687 6.2887827306985855 6.8026634752750423 7.7004218548536327 5.2544705569744137 4.9821149408817238 4.7298752963542938 6.9134768396615982 4.4811894893646231 4.9450359493494025 8.5502409785985929 4.9897060692310324 4.4254160672426206 15.851429611444471 3.1798329055309322 7.1651239097118395 4.0054179131984711 4.2501667737960798 5.3600576370954514 5.6901925057172802 8.7992672026157361 23.624323144555092 5.720965892076495
leaf_count=19 23 25 28 56 21 23 21 30 34 30 36 26 24 21 35 24 20 36 21 24 102 19 35 20 23 31 24 52 154 33
internal_value=-0.0002349 0.00896085 0.0133158 -0.0174122 -0.00907376 0.01605 0.011034 0.00206521 -0.0110701 -0.00922857 -0.00475026 0.00136327 0.0104173 -0.000674338 -0.00609885 0.0135767 -0.0239115 -0.0109116 -0.0297946 0.00512205 0.0176461 0.0243461 -0.0169502 -0.00696661 0.00677993 -0.000374759 -0.0346008 0.0233527 0.0250317 0.0212895
internal_weight=206.663 134.844 109.2 71.8196 25.6438 96.2181 59.7596 26.5808 12.1982 33.806 29.4695 22.6669 14.9665 9.71199 12.9817 14.3826 38.0136 13.4953 24.5183 9.06629 33.1788 19.0313 16.5776 11.1705 14.1475 9.61022 19.5286 36.4585 32.4236 9.9014
internal_count=1070 757 634 313 123 571 342 142 64 156 137 107 71 45 63 78 157 56 101 45 200 121 78 55 79 54 80 229 206 54
is_linear=0
shrinkage=0.03


Tree=22
num_leaves=34
num_cat=0
split_feature=13 41 22 12 26 15 12 22 40 15 1 32 33 23 29 22 16 23 29 2 32 17 29 35 35 2 39 35 29 15 15 22 1
split_gain=35.0209 11.6174 7.44112 7.42534 3.87467 4.68173 6.41722 4.85963 4.99867 3.80963 3.53424 2.97379 3.83799 3.39567 2.65339 2.57352 2.88084 2.45929 2.38142 2.75044 2.44301 2.03784 1.42803 1.3014 1.14793 1.12862 1.0992 0.803886 0.761829 0.596256 0.951542 0.252291 0.0227512
threshold=-0.4080074644849116 488.00000000000006 0.31885557077410653 0.066166863764014178 -0.73472957385697313 -0.78936378356457892 -0.43129010345767577 0.0088213273820774794 508.00000000000006 -0.18303266481792735 -0.51492203998545505 -0.34614781667298861 1.0000000180025095e-35 0.81393628395236783 1.0000000180025095e-35 1.3523030487475365 -0.57543924997651463 -0.36353512814783445 1.2786383880784069 -0.81559316260083581 1.6339882431309205 0.59610182118019628 0.23083755031238939 0.14951969228902107 -0.57174751245314226 -0.62195904164083926 -0.68369414862433819 -0.30601748965339781 -0.51863110447858152 0.18076600643006369 -0.9106300073139092 -0.24954054211128007 -0.51492203998545505
decision_type=2 2 2 2 2 2 2 2 2 2 2 2 2 2 2 2 2 2 2 2 2 2 2 2 2 2 2 2 2 2 2 2 2
left_child=10 2 3 4 22 7 -7 8 17 15 11 -1 13 21 32 16 -4 -6 20 -20 24 -13 -2 -9 -12 -15 29 -28 -18 30 -3 -5 -11
right_child=1 26 9 31 5 6 -8 23 -10 14 18 12 -14 25 -16 -17 28 -19 19 -21 -22 -23 -24 -25 -26 -27 27 -29 -30 -31 -32 -33 -34
leaf_value=-0.023003411426293526 0.020736401341324501 0.002714433498942626 -0.0063257998280570908 0.02731066441007975 -0.0005112779065940098 5.0371170759749727e-05 -0.038047255564107554 -0.029948112662833648 -0.014369505839963752 0.011250616886789598 -0.041323072485404511 0.02152616975388302 -0.023185190055533204 0.00043841539022100996 0 -0.016056849935865997 0.026761676375902228 0.023879245667416636 -0.025436823354429691 0 -0.00625604709914287 -0.0019224658960948944 -0.0015436929818762324 -0.0036224858894549163 -0.018142101706942897 -0.018354228075008975 0.0065770905435840986 0.029307394026774305 0.0055043742397249944 0 0.024702512903948932 0.0071749579961810977 0.028768529328008975
leaf_weight=8.4886456429958326 3.627563312649726 4.4510002732276908 5.9471613764762887 4.1095323860645294 5.2216757684946051 5.8520762473344794 9.1389161199331266 4.5332794785499555 6.655082330107688 4.1786922961473527 11.13130269944668 7.2422344833612495 5.049515336751937 4.262189120054245 4.3969326168298712 3.6532194763422003 3.9087160676717758 8.0657269060611778 4.9544318318366996 8.5502409785985929 4.9958855509757987 4.3206359148025513 3.9357772469520569 3.8041200488805771 8.4452026337385195 4.4894762784242612 3.3417402058839825 21.327246397733688 4.7319447696208954 3.2725171893835059 3.576978161931037 3.3214354515075675 13.010043188929556
leaf_count=38 21 26 31 24 25 30 45 21 31 25 45 35 23 20 23 19 23 39 20 36 21 20 20 20 35 20 20 138 26 21 24 20 85
internal_value=-0.000240216 0.00877073 0.00321812 -0.0035268 -0.00784522 -0.011358 -0.0241593 -0.00349559 0.00446782 0.0130008 -0.0169525 -0.00899603 -0.00306212 0.00291507 0.0211423 0.00218811 0.00820124 0.0148089 -0.0232655 -0.0106467 -0.028959 0.0130903 0.0101437 -0.0209303 -0.0336105 -0.00989166 0.023018 0.027011 0.0182482 0.0116887 0.0154878 0.0216991 0.0260757
internal_weight=205.991 134.061 98.0919 58.2652 50.8342 43.2709 14.991 28.2799 19.9425 39.8267 71.9298 33.8527 25.3641 20.3145 21.5857 18.241 14.5878 13.2874 38.0771 13.5047 24.5724 11.5629 7.56334 8.3374 19.5765 8.75167 35.9695 24.669 8.64066 11.3005 8.02798 7.43097 17.1887
internal_count=1070 757 528 296 252 211 75 136 95 232 313 156 118 95 133 99 80 64 157 56 101 55 41 41 80 40 229 158 49 71 50 44 110
is_linear=0
shrinkage=0.03


Tree=23
num_leaves=34
num_cat=0
split_feature=5 41 28 41 14 34 23 28 24 41 29 26 23 33 26 26 29 23 17 11 31 36 23 32 32 39 33 31 37 29 37 23 23
split_gain=33.3365 11.2407 7.88076 4.02115 3.37883 3.13073 5.2465 2.84044 2.72533 3.72517 3.40275 2.8401 2.65495 2.57322 2.96398 2.65728 2.37282 3.23229 1.67786 1.48275 1.33648 1.81153 1.30604 1.08256 1.06384 1.06343 1.05421 1.35367 0.646271 0.583369 0.866492 0.0102644 0.384982
threshold=-0.49157844621267571 488.00000000000006 -0.51185664437165579 439.50000000000006 1.8330275757860413 0.3838677351989826 0.81393628395236783 -0.38200196835625339 1.2289337913626552 381.50000000000006 0.23083755031238939 -0.73472957385697313 -0.36353512814783445 -0.58161894168085748 0.20784629988480427 0.23402896304429807 0.49278775975389372 -0.36353512814783445 -1.0000000180025095e-35 0.78326546982148759 0.35705409212338662 -0.46490510746995223 1.3536106811649609 1.0399474251897474 1.0000000180025095e-35 -0.68369414862433819 0.31181582396117891 -0.19625980853207564 1.0000000180025095e-35 -0.86062165569387905 -0.47470300588113806 1.0000000180025095e-35 -1.3202306504792485
decision_type=2 2 2 2 2 2 2 2 2 2 2 2 2 2 2 2 2 2 2 2 2 2 2 2 2 2 2 2 2 2 2 2 2
left_child=4 2 3 12 5 16 7 -7 9 10 24 -11 -2 15 26 -13 19 -18 -5 -1 21 -20 -8 -6 31 29 27 -15 -27 -3 -31 32 -4
right_child=1 25 8 18 23 6 22 -9 -10 11 -12 13 -14 14 -16 -17 17 -19 20 -21 -22 -23 -24 -25 -26 28 -28 -29 -30 30 -32 -33 -34
leaf_value=-0.011750038543389012 0.021684840665726436 0 0.022281664430876778 0 -0.039655752959240877 0.018751256541821998 -0.023094015174109094 -0.0069063765476471556 0.024975879954517718 0.015531353655933286 -0.0049615947463569855 0.020206916761909943 -0.0078329772220238521 -0.0072536980941217228 0.0074707592184121568 -0.0062652306266589037 -0.023531839375424767 0.0019494923722677955 -0.022682512837104284 -0.039393034802838144 -0.032591483422951109 -3.0014384978179297e-05 -0.0044099241018941528 -0.016278457612840164 0.0013774454694909359 0.031572195640293177 -0.003485670937674211 -0.035335320358830288 0.014452994607089046 0.00074972272101348663 0.022118154607637594 0.029305746093280505 0.0072944699769678639
leaf_weight=5.626818314194681 3.9831758290529251 3.258771225810051 4.7847466319799485 4.6218299865722718 6.4122640341520301 7.8432418555021286 8.6657005846500414 5.1604601144790667 7.1114828139543524 6.3601776510477057 5.5321741104125968 4.6897891908884066 3.9469734728336361 4.5023677945137024 4.1481899768114081 5.9734366685152054 6.5275428742170325 8.8011682927608472 5.1150977760553422 6.1476747393608093 4.875245749950408 7.1643158495426098 7.7401638329029074 8.9148367345333082 3.4614432752132407 15.288457214832306 4.5429015457630149 3.8503806293010729 8.9865123629570007 3.3672933578491211 4.6118779480457288 5.9075607657432547 7.4712148159742382
leaf_count=25 23 21 32 21 26 36 38 23 40 37 29 25 21 23 22 31 28 39 23 26 21 33 34 36 21 101 25 19 57 20 30 37 47
internal_value=-0.000236656 0.00857785 0.00313681 -0.00936353 -0.0165455 -0.0123791 -0.00492784 0.00849424 0.00874122 0.00620765 0.014185 -0.00031296 0.007448 -0.00476632 -0.011727 0.00594034 -0.0195722 -0.00967518 -0.0158289 -0.0294554 -0.0198388 -0.0113435 -0.015722 -0.0290783 0.0193468 0.0227012 -0.0184542 -0.0242163 0.0266774 0.0115112 0.015279 0.0220998 0.0153733
internal_weight=205.395 133.555 98.0425 29.7066 71.8399 56.5128 29.4096 13.0037 68.3359 61.2244 27.1571 34.0672 7.93015 27.7071 17.0438 10.6632 27.1032 15.3287 21.7765 11.7745 17.1547 12.2794 16.4059 15.3271 21.625 35.5129 12.8956 8.35275 24.275 11.2379 7.97917 18.1635 12.256
internal_count=1070 759 530 142 311 249 131 59 388 348 166 182 44 145 89 56 118 67 98 51 77 56 72 62 137 229 67 42 158 71 50 116 79
is_linear=0
shrinkage=0.03


Tree=24
num_leaves=34
num_cat=0
split_feature=13 40 40 36 1 34 23 36 41 20 35 22 21 0 15 22 15 35 35 14 15 40 35 19 20 17 35 15 30 35 23 28 41
split_gain=31.7629 10.9307 5.96533 3.32656 3.23208 3.19237 4.6161 3.14252 3.72721 2.80797 2.64681 8.02176 3.22864 3.02776 2.51328 2.46798 2.40364 2.24509 2.08111 2.06205 1.97041 1.91558 1.64838 1.63141 2.58199 1.71969 3.46871 1.05228 0.929767 0.505472 0.316967 0.245389 0.154538
threshold=-0.4080074644849116 439.50000000000006 539.00000000000011 0.20748785964869534 -0.51492203998545505 0.3838677351989826 0.81393628395236783 -1.0553542303299206 488.00000000000006 -0.87925872936867544 0.32667304082218368 0.11216607517942059 -1.0000000180025095e-35 -0.51632206331192043 1.0000000180025095e-35 -0.71459190719932331 0.54456467767805472 -1.0000000180025095e-35 -0.87543896708142144 0.7243801878723658 -0.54683133606591827 186.00000000000003 1.0000000180025095e-35 -1.4770555093753126 1.0000000180025095e-35 -1.0492007119138964 -0.41990178513900261 -0.9106300073139092 -0.36764677638398324 1.4022469426306732 1.0000000180025095e-35 -0.51185664437165579 430.00000000000006
decision_type=2 2 2 2 2 2 2 2 2 2 2 2 2 2 2 2 2 2 2 2 2 2 2 2 2 2 2 2 2 2 2 2 2
left_child=4 3 7 18 5 9 -7 27 10 -1 11 16 20 -14 -13 -4 32 -5 -2 -8 30 -20 28 -6 25 -25 -27 -3 -10 -22 -12 -11 -9
right_child=1 2 15 17 23 6 19 8 22 31 12 14 13 -15 -16 -17 -18 -19 21 -21 29 -23 -24 24 -26 26 -28 -29 -30 -31 -32 -33 -34
leaf_value=0.001580781922958638 -0.029603617370842203 0.010011642325890148 -0.017660585043715128 -0.0076301991868064972 -0.0065790729666865121 0.016187514152169361 -0.023795904482072822 0.027502908718697521 0.014387089253600892 -0.01172187993655658 -0.00097966433625157096 -0.029921808694841599 -0.020040284459736251 0.012121212135695435 0 0.005779494689736959 -0.00432836134056228 0.018169968870601995 -0.014863893377230668 0.0013321283678828125 0.030921918576751386 0.0076392270954696289 0.025956753438848519 -0.0095354475521972036 -0.0076702170745961322 -0.042846462445824816 -0.0084723900892620697 0.030853802899096418 -0.0037823568778639202 0.0089655453129174698 0.0091968476907411754 -0.029793151055255582 0.010079175497895118
leaf_weight=4.5584215670824078 5.4541388899087933 5.9691432416439083 6.134787529706955 4.6671620160341263 7.4357560724019995 7.811666518449786 4.7941661775112134 4.1507501900196093 3.6100461333990097 5.8114257007837304 3.4926793873310116 6.0170565843582136 3.437647819519043 4.0495522171258953 3.7460650354623795 6.9221905469894391 3.7286028861999503 4.3479835689067823 7.2500029206275958 4.4444682896137238 7.9582505375146848 3.988908588886261 17.713981762528419 5.1757217347621944 8.0625084042549116 12.590129315853124 4.9115659147500983 13.939400494098662 3.3015300184488323 3.8478917330503464 3.6017383486032486 6.566429361701009 5.3220909386873245
leaf_count=22 23 35 28 21 31 38 21 24 21 26 20 32 20 22 21 35 20 24 35 21 52 20 118 21 34 51 20 94 20 25 20 28 27
internal_value=-0.00023825 0.00842514 0.0126429 -0.00862956 -0.0160924 -0.00849828 0.000478491 0.0152768 0.0118453 -0.0171646 0.00656737 -0.000686378 0.0127926 -0.00285791 -0.0199175 -0.00550656 0.013709 0.00505946 -0.0161598 -0.0126512 0.0190408 -0.00644703 0.0212087 -0.022125 -0.0252183 -0.0303461 -0.034946 0.0260243 0.00586782 0.0260341 0.00419211 -0.023925 0.0209766
internal_weight=204.814 132.652 106.943 25.7082 72.1623 33.9866 17.0503 93.8864 73.9779 16.9363 49.3523 22.9646 26.3878 7.4872 9.76312 13.057 13.2014 9.01515 16.6931 9.23863 18.9006 11.2389 24.6256 38.1757 30.7399 22.6774 17.5017 19.9085 6.91158 11.8061 7.09442 12.3779 9.47284
internal_count=1070 757 634 123 313 156 80 571 442 76 283 124 159 42 53 63 71 45 78 42 117 55 159 157 126 92 71 129 41 77 40 54 51
is_linear=0
shrinkage=0.03


Tree=25
num_leaves=32
num_cat=0
split_feature=5 41 28 15 20 31 24 41 15 21 34 33 14 16 16 34 23 28 35 13 20 33 36 28 23 29 39 32 35 15 37
split_gain=30.2325 10.4474 7.34658 4.41686 4.6209 3.75463 4.08196 4.26717 3.59785 3.43289 3.35219 3.19233 3.11451 3.10224 2.91372 2.80833 4.78314 2.73275 2.28831 2.2312 3.1968 1.82775 1.64865 1.6218 1.2255 1.17269 1.0865 1.05904 0.814964 0.602684 1.97504
threshold=-0.49157844621267571 488.00000000000006 -0.51185664437165579 -0.30429888856725767 -0.41035134699543491 0.35705409212338662 0.27803630339910707 439.50000000000006 -1.2744286785619001 1.0000000180025095e-35 -0.086734309499002626 0.48553925061379727 1.8330275757860413 -0.57543924997651463 0.44438683279759855 0.3838677351989826 0.81393628395236783 -0.38200196835625339 -1.590379266518829 -1.0791180169035466 -0.41035134699543491 -0.15085575110344709 1.0120274214611817 0.12019111541759846 1.3536106811649609 -0.34919505630808473 -0.68369414862433819 1.0399474251897474 -0.30601748965339781 0.18076600643006369 -0.47470300588113806
decision_type=2 2 2 2 2 2 2 2 2 2 2 2 2 2 2 2 2 2 2 2 2 2 2 2 2 2 2 2 2 2 2
left_child=12 2 5 4 -4 6 7 -2 23 22 11 -10 15 -12 -9 18 17 -17 -1 -20 -21 -11 25 -6 -18 -5 29 -14 -28 30 -3
right_child=1 26 3 9 8 -7 -8 14 10 21 13 -13 27 -15 -16 16 24 -19 19 20 -22 -23 -24 -25 -26 -27 28 -29 -30 -31 -32
leaf_value=-0.00044317209600724711 0.011445502905956641 -0.00061840469955636186 0.021112592362694464 0.030813824680084711 -0.0030608122487530082 -0.024021746815951418 0.020280765576197006 -0.028619782934368069 -0.038195815583175703 0.014792453626026479 -0.017369085786403667 -0.001687897130755219 -0.038036353242219448 0.011711468278727951 0 0.018350701664926961 -0.02199950728874777 -0.0068434937673114591 -0.035548282104051442 0.003123721738065432 -0.02352593096812659 -0.0068411204122704929 0.0017117633584481119 0.018024961403878267 -0.0040091606877769304 0.0046698680282709435 0.0058814731966913879 -0.015345460893937143 0.028437822378075947 0 0.025930661990796706
leaf_weight=5.7857862412929562 5.1299618780613025 3.6666708141565323 6.7465623319149008 13.617520406842237 4.5334820002317446 8.6965630054473859 4.3211818039417258 6.9446038156747818 4.4391828328371066 4.5206064432859421 4.0029003620147714 4.1811436712741852 6.4202064573764792 6.7523018419742558 4.6496498137712479 7.7698095440864563 8.7339938730001467 5.1582650095224398 7.5674929022789046 5.8895605206489607 8.0256633311509997 6.7118554115295392 3.4476286172866812 5.8114237934350967 7.7651196569204322 3.0195610970258739 3.268519043922427 8.919009402394293 20.304197743535042 3.2063198238611221 4.1522479355335218
leaf_count=25 29 22 37 92 24 39 22 31 23 24 20 24 26 35 21 36 38 23 32 27 34 38 20 33 34 18 20 36 138 21 28
internal_value=-0.000237693 0.00823641 0.00301135 0.00846278 0.00105492 -0.00903065 -0.00138369 -0.0085191 -0.00410161 0.0164635 -0.0115626 -0.0239559 -0.0157132 0 -0.01811 -0.0117247 -0.0046479 0.00821605 -0.0185126 -0.0227715 -0.0126509 0.00211124 0.0235075 0.0090605 -0.0149056 0.0271783 0.0220617 -0.0277412 0.0260885 0.0108797 0.0147411
internal_weight=204.159 132.124 97.5261 67.7842 36.467 29.742 21.0454 16.7242 29.7204 31.3172 19.3755 8.62033 72.0349 10.7552 11.5943 56.6957 29.4272 12.9281 27.2685 21.4827 13.9152 11.2325 20.0847 10.3449 16.4991 16.6371 34.598 15.3392 23.5727 11.0252 7.81892
internal_count=1070 759 530 388 196 142 103 81 159 192 102 47 311 55 52 249 131 59 118 93 61 62 130 57 72 110 229 62 158 71 50
is_linear=0
shrinkage=0.03


Tree=26
num_leaves=31
num_cat=0
split_feature=13 40 40 36 36 41 29 22 20 14 22 15 29 35 33 23 32 35 19 35 40 35 26 36 15 33 15 15 36 30
split_gain=28.7836 10.1846 5.55808 3.1595 3.06038 3.46718 3.2681 5.54064 4.0916 2.98169 2.71505 2.62266 2.55372 2.1002 2.07623 3.86199 3.69332 5.1409 1.92537 1.90826 1.81631 1.61794 1.5958 1.51723 1.48711 1.05247 1.04891 0.952818 0.90573 0.618454
threshold=-0.4080074644849116 439.50000000000006 539.00000000000011 0.20748785964869534 -1.0553542303299206 488.00000000000006 -0.34919505630808473 0.21551082297676347 0.99637080012428725 1.8330275757860413 0.52554506636879272 0.54456467767805472 0.23083755031238939 -1.0000000180025095e-35 1.0000000180025095e-35 0.81393628395236783 0.19288922182918636 -1.1411689898811659 -0.31047778553181288 -0.87543896708142144 186.00000000000003 1.0000000180025095e-35 0.23402896304429807 -0.095671975237168666 0.18076600643006369 -0.39548669883876647 -0.9106300073139092 -1.0318962310632396 -0.58182893267700009 1.69074508476957
decision_type=2 2 2 2 2 2 2 2 2 2 2 2 2 2 2 2 2 2 2 2 2 2 2 2 2 2 2 2 2 2
left_child=9 3 4 19 26 6 10 11 -9 14 23 27 -4 -5 15 16 17 -1 -17 -2 -21 28 -16 -6 -20 -11 -3 -8 -7 -12
right_child=1 2 12 13 5 21 7 8 -10 25 29 -13 -14 -15 22 18 -18 -19 24 20 -22 -23 -24 -25 -26 -27 -28 -29 -30 -31
leaf_value=0.01128616794992982 -0.028504258093824529 0.0096246115861729625 -0.017797375825131828 -0.0071878590233024698 -0.0088072643651409387 -0.0040207519670971128 0.0037993429615208363 -0.032072655018734401 0.0013715823345301617 -0.033433462665305023 0.024080013391144153 -0.0056900168119488302 0.0060525945507349443 0.017800076327391234 -0.026338295901965944 -0.027541522814502756 0.01657291698260847 -0.020691207902125745 -0.015197105265191182 -0.014456897279798955 0.0074539654832602217 0.025352957350986603 -0.0038943951612834724 0.010797108744859821 0.0049050154512743976 -0.010754114643683475 0.030404317921227098 0.028149396790837729 0.013953732110728463 0.0037994363072580677
leaf_weight=6.4397747963666907 5.4985656440258053 5.8982072770595577 6.0512031018733961 4.6858399361371994 5.2569873929023743 3.2828150242567062 3.4705774933099747 5.2894919216632825 5.5334299355745316 9.630193889141081 11.952584788203238 4.1630612015724182 7.0156992077827454 4.2910550534725171 11.024910613894464 7.5333542674779919 7.5290078222751609 8.9656427055597323 5.5836860388517362 7.2849027663469332 3.9665117114782333 17.180293709039688 5.341284602880477 5.8473115712404269 4.5675850957632065 5.7144406884908667 13.502558484673498 4.4410215020179766 3.5518773943185833 3.0377567559480658
leaf_count=29 23 35 28 21 31 20 18 26 30 39 77 22 35 24 47 33 36 39 24 35 20 118 23 33 20 23 94 26 21 20
internal_value=-0.000239936 0.00808596 0.0122098 -0.00834197 0.014791 0.0114036 0.00631358 -0.00173017 -0.0164012 -0.0152813 0.0132996 0.0113372 -0.00527563 0.00502232 -0.0113962 -0.00707477 0.000929011 -0.00715375 -0.0170283 -0.0156572 -0.00629383 0.0205708 -0.0202913 0.00109638 -0.00617014 -0.0270535 0.0255181 0.0204132 0.00543056 0.0210535
internal_weight=203.532 131.202 105.475 25.7269 92.408 73.0072 48.9922 22.8976 10.8229 72.3299 26.0946 12.0747 13.0669 8.97689 56.9852 40.6191 22.9344 15.4054 17.6846 16.75 11.2514 24.015 16.3662 11.1043 10.1513 15.3446 19.4008 7.9116 6.83469 14.9903
internal_count=1070 757 634 123 571 442 283 122 56 313 161 66 63 45 251 181 104 68 77 78 55 159 70 64 44 62 129 44 41 97
is_linear=0
shrinkage=0.03


Tree=27
num_leaves=31
num_cat=0
split_feature=2 41 28 15 20 31 24 41 15 25 21 14 2 16 33 34 15 15 28 5 33 12 33 36 12 24 28 24 29 35
split_gain=27.3634 9.69708 6.75668 4.22105 4.43007 3.51631 3.8652 3.94752 3.40488 4.38005 3.26744 2.8417 4.16493 2.7842 2.61225 2.86387 2.43534 2.29151 2.21785 2.63739 2.57536 1.79493 1.74518 1.61014 1.60748 3.71648 1.56133 1.53471 1.14023 0.776626
threshold=-0.49160404517757361 488.00000000000006 -0.51185664437165579 -0.30429888856725767 -0.41035134699543491 0.35705409212338662 0.27803630339910707 439.50000000000006 -1.2744286785619001 -0.70587509873077303 1.0000000180025095e-35 1.2459219763984 -0.69283166107717775 0.44438683279759855 0.48553925061379727 -0.086734309499002626 1.5146944676726977 -1.5169611260605607 -0.51185664437165579 -0.63121260743978402 -0.39548669883876647 0.34146271172456322 -0.15085575110344709 1.0120274214611817 -1.2585856028497526 -1.0000000180025095e-35 0.12019111541759846 -1.3067928432068061 -0.34919505630808473 -0.22227903709045319
decision_type=2 2 2 2 2 2 2 2 2 2 2 2 2 2 2 2 2 2 2 2 2 2 2 2 2 2 2 2 2 2
left_child=11 2 5 4 -4 6 7 -2 26 -10 23 12 -1 -9 15 -11 24 -3 19 -14 21 -20 -12 28 -13 -26 -6 -19 -5 -29
right_child=1 17 3 10 8 -7 -8 13 9 14 22 16 18 -15 -16 -17 -18 27 20 -21 -22 -23 -24 -25 25 -27 -28 29 -30 -31
leaf_value=0.013979200086353741 0.011145727654805324 -0.0020478013808863209 0.020702694448478606 0.03039350834178638 -0.0030746213256921239 -0.023067042745389364 0.019965623895729395 -0.027530977408423345 0.0093117275587420931 -0.043621285249260594 0.014522524613164578 -0.0087177898311705856 -0.015631490135060547 5.8398176361119399e-05 0 -0.0082469603685461496 -0.0019040676437217052 0.0026451562689707117 0.0029271933370647826 0.008682531774298119 -0.029812984998432726 -0.018495663037019099 -0.0066434817768226727 0.0015272438353936193 -0.0083600508276003779 -0.037710174138786676 0.017643382362787886 0.0089502061003615234 0.0045124559688592795 0.028770302664382109
leaf_weight=4.8918810635805121 5.0817198753357014 2.7269538789987555 6.6531189978122702 13.218604981899267 4.5290550738573092 8.7655592411756498 4.27561031281948 7.0100726634263992 5.3326428979635265 4.0103578567504892 4.4817503392696381 7.2796884328126934 5.678693950176239 4.6608238518238068 4.5236341357231131 5.5404794663190815 5.8940022885799399 3.7835963666439083 6.4860247820615751 7.4537509977817518 8.6068854182958621 4.6968315094709396 6.7276999801397306 3.4271768778562537 7.3980579078197524 13.83873617649078 5.7327468991279602 4.8373999595642116 2.9997599720954922 22.348441809415817
leaf_count=23 29 16 37 92 24 39 22 31 28 20 24 30 25 21 26 28 24 25 29 36 36 20 38 20 31 57 33 30 18 158
internal_value=-0.000238318 0.00790208 0.00288642 0.00815823 0.000922575 -0.00862968 -0.00121 -0.00813981 -0.00410338 -0.0113345 0.0160528 -0.0149083 -0.00843651 -0.0173056 -0.0196857 -0.0275483 -0.0212036 0.0214274 -0.0124056 -0.00194584 -0.0184387 -0.00672072 0.00206221 0.0230394 -0.0246982 -0.0289757 0.00876337 0.0236784 0.0267324 0.0261051
internal_weight=202.892 130.667 96.9708 67.177 36.322 29.7938 21.0282 16.7526 29.6689 19.4071 30.855 72.2246 37.8141 11.6709 14.0745 9.55084 34.4105 33.6964 32.9222 13.1324 19.7897 11.1829 11.2095 19.6455 28.5165 21.2368 10.2618 30.9694 16.2184 27.1858
internal_count=1070 759 530 388 196 142 103 81 159 102 192 311 169 52 74 48 142 229 146 61 85 49 62 130 118 88 57 213 110 188
is_linear=0
shrinkage=0.03


Tree=28
num_leaves=34
num_cat=0
split_feature=2 41 28 31 24 41 14 24 41 29 20 40 34 23 28 29 26 24 27 11 34 36 30 27 23 39 32 39 37 29 37 23 23
split_gain=25.9962 9.33764 6.41211 3.32168 3.69807 3.74776 2.7564 2.63709 3.32854 3.16117 3.07746 3.21916 2.49661 4.2452 2.54884 2.27003 3.13562 2.73094 2.13215 1.41091 1.37588 1.39573 1.24406 1.23643 1.14271 1.13953 1.12168 0.848341 0.827018 0.606234 0.87279 0.41027 0.85148
threshold=-0.49160404517757361 488.00000000000006 -0.51185664437165579 0.35705409212338662 0.27803630339910707 439.50000000000006 1.8330275757860413 1.2289337913626552 381.50000000000006 0.23083755031238939 -0.41035134699543491 508.00000000000006 0.3838677351989826 0.81393628395236783 -0.38200196835625339 0.49278775975389372 -0.31580696330507219 0.27803630339910707 0.41194282311100477 0.78326546982148759 0.28302443990655735 -0.095671975237168666 0.38085935494458151 -0.29304099784718435 1.3536106811649609 -0.68369414862433819 1.0399474251897474 -0.68369414862433819 -1.0000000180025095e-35 -0.86062165569387905 -0.47470300588113806 -0.36353512814783445 -1.3202306504792485
decision_type=2 2 2 2 2 2 2 2 2 2 2 2 2 2 2 2 2 2 2 2 2 2 2 2 2 2 2 2 2 2 2 2 2
left_child=6 2 3 4 5 -2 12 8 9 22 -10 18 15 14 -14 19 -17 -18 23 -1 21 -20 -4 -12 -15 29 -8 -7 -27 -3 -31 32 -24
right_child=1 25 7 -5 -6 27 26 -9 10 -11 11 -13 13 24 -16 16 17 -19 20 -21 -22 -23 31 -25 -26 28 -28 -29 -30 30 -32 -33 -34
leaf_value=-0.010100501291935819 0.010938583315550547 0 0.0034704053409929316 -0.022355694453063769 0.01964893397119041 -0.0048526009447671676 -0.035977309450966784 0.024139409160710203 0.016016162187467257 -0.0051691187510200607 -0.0023876177191847862 0.014407452992061209 0.017879576827904014 -0.020508614761200521 -0.00646866834677025 -0.023962488909337967 0.016081550697821714 -0.010963648035570936 -0.0037336452003235818 -0.036060583616729591 -0.011806004595267762 0.018507087487243761 0.02034693810770127 -0.02471842046275341 -0.0033546673540288279 0.030453790746823424 -0.013812131010321933 -0.023817001451099534 0.01264481207230077 0 0.020826216402725264 0.029684107064857621 0.00074478508771893702
leaf_weight=5.6943773329257983 5.0514812916517338 3.1112121045589447 5.497087895870215 8.8200230002403242 4.2389208972454062 5.5956785976886803 6.4215966016054145 6.8652345389127722 6.2279446423053733 5.4906232804059973 4.2951845675706863 4.5072428882122031 7.7027132511138916 8.8233929127454775 5.1671903580427188 5.1634545773267737 4.9033697694540006 5.4676712453365326 3.8433699309825906 6.229592889547348 4.1615081578493118 3.2614388912916157 4.1981419175863293 7.4214037954807335 7.8045249581336966 14.110777929425238 8.9174372702836973 6.1287685930728859 8.4498094320297259 3.2661388069391251 4.3115056902170164 6.7882229611277536 4.2896571159362784
leaf_count=25 29 21 34 39 22 25 26 40 34 29 21 24 36 38 23 22 22 23 22 26 23 20 30 38 34 101 36 27 57 20 30 45 28
internal_value=-0.000235709 0.00773691 0.00282374 -0.00837439 -0.00114144 -0.00790455 -0.0145117 0.00798354 0.005493 0.0131981 -0.00064479 -0.00525973 -0.0107774 -0.00411381 0.00803156 -0.0171448 -0.00781285 0.00173405 -0.0100082 -0.026624 0 0.00722504 0.0183433 -0.0181862 -0.013732 0.021112 -0.025826 -0.0167967 0.0252372 0.00987876 0.0138254 0.0225489 0.0126406
internal_weight=202.227 129.931 96.6819 29.8349 21.0148 16.7759 72.2953 66.8471 59.9818 26.2637 33.7181 27.4901 56.9563 29.4978 12.8699 27.4585 15.5345 10.371 22.9829 11.924 11.2663 7.10481 20.7731 11.7166 16.6279 33.2494 15.339 11.7244 22.5606 10.6889 7.57764 15.276 8.4878
internal_count=1070 759 530 142 103 81 311 388 348 166 182 148 249 131 59 118 67 45 124 51 65 42 137 59 72 229 62 52 158 71 50 103 58
is_linear=0
shrinkage=0.03


Tree=29
num_leaves=34
num_cat=0
split_feature=13 40 40 36 41 36 1 0 26 23 31 33 40 35 22 21 0 8 15 35 15 12 12 35 36 35 33 15 30 17 35 23 41
split_gain=24.8209 9.12919 5.07452 3.01108 3.10241 2.95012 2.69971 3.16281 5.533 3.14374 2.91324 2.47333 2.30738 2.29416 7.55843 2.91395 2.85363 2.39212 2.26521 1.92319 1.86397 1.86023 2.41719 1.75278 1.79557 1.626 1.16085 1.04471 0.904935 0.646319 0.607799 0.292357 0.136616
threshold=-0.4080074644849116 439.50000000000006 539.00000000000011 -1.0553542303299206 488.00000000000006 0.20748785964869534 -0.51492203998545505 -0.027177489419316758 -0.21107631066709689 0.482772449299186 1.0000000180025095e-35 -1.0283363245018757 720.50000000000011 0.32667304082218368 0.11216607517942059 -1.0000000180025095e-35 -0.51632206331192043 0.034674329452617197 0.54456467767805472 -1.0000000180025095e-35 -0.54683133606591827 -1.2458976192483622 -1.3378630878361197 -0.87543896708142144 -0.33851376605180711 1.0000000180025095e-35 0.48553925061379727 -0.9106300073139092 -0.36764677638398324 -1.0492007119138964 1.4022469426306732 1.0000000180025095e-35 430.00000000000006
decision_type=2 2 2 2 2 2 2 2 2 2 2 2 2 2 2 2 2 2 2 2 2 2 2 2 2 2 2 2 2 2 2 2 2
left_child=6 5 3 27 13 23 7 -1 -9 10 -10 -11 -4 14 18 20 -17 -16 32 -7 31 22 -8 -2 -25 28 29 -3 -6 -23 -22 -15 -5
right_child=1 2 12 4 25 19 21 8 9 11 -12 -13 -14 15 17 16 -18 -19 -20 -21 30 26 -24 24 -26 -27 -28 -29 -30 -31 -32 -33 -34
leaf_value=-0.027553616158553569 -0.027201363141068784 0.0091386268876525283 -0.016820682222492823 0.026933043873215923 0.013299579501787071 -0.0065817882088790589 -0.018883398125636792 -0.023169076273459353 0 -0.01612755692980368 0.0306753924828897 0.0074996423763579049 0.0058356291526274681 -0.001267360264919638 -0.02822847173950575 -0.019457275715123522 0.011774848420495499 0.00031412296715036594 -0.0040875797930154346 0.017372574107104986 0.030140379842015137 -0.011093511561242666 0.0072140287983354298 0.0046235964871029923 -0.016529822425039954 0.024501747513207925 -0.0060146320557799716 0.029848340653128753 -0.0047783731566945608 -0.029729012543840583 0.007699182819263314 0.0085296580327266364 0.0098229374560478561
leaf_weight=4.37245950102806 5.5452570170164135 5.8069044202566173 6.1653134822845441 4.0208644270896929 3.4716509282588959 4.7049858719110489 4.845551609992981 7.3636891990900066 5.247854560613634 6.6818362474441546 4.4591202437877655 6.1223400831222499 6.8740721791982651 3.4537620097398785 6.5150860697031003 3.4706114828586578 3.9953274279832867 3.2857211530208588 3.7408988028764716 4.2228897511959058 7.4830815121531469 5.8845078349113491 4.8246335983276349 5.7798086106777218 5.5026427358388892 16.427651919424534 4.9128540307283393 12.951914414763449 3.2151278406381634 17.828049540519718 3.6689457222819328 3.5203121304512024 5.2618988156318665
leaf_count=19 23 35 28 24 21 21 20 32 24 30 22 29 35 20 33 20 22 20 20 24 52 24 20 28 27 118 20 94 20 73 25 20 27
internal_value=-0.000229118 0.00761036 0.0115898 0.0141085 0.0107472 -0.00789389 -0.0141315 -0.00724651 -0.00290792 0.00450324 0.0163216 -0.00480896 -0.00509429 0.00593046 -0.000783471 0.0118517 -0.00290075 -0.0193571 0.0133364 0.00504239 0.017991 -0.0196327 -0.00610549 -0.0149355 -0.00595297 0.0196165 -0.0234717 0.024885 0.00459158 -0.0262775 0.0250197 0.00360433 0.0205064
internal_weight=201.628 129.085 103.329 90.2898 71.5309 25.7556 72.5429 34.2473 29.8748 22.5112 9.70697 12.8042 13.0394 48.4165 22.8245 25.592 7.46594 9.80081 13.0237 8.92788 18.1261 38.2956 9.67019 16.8277 11.2825 23.1144 28.6254 18.7588 6.68678 23.7126 11.152 6.97407 9.28276
internal_count=1070 757 634 571 442 123 313 156 137 105 46 59 63 283 124 159 42 53 71 45 117 157 40 78 55 159 117 129 41 97 77 40 51
is_linear=0
shrinkage=0.03


Tree=30
num_leaves=30
num_cat=0
split_feature=2 41 12 12 15 19 34 41 15 17 23 26 19 14 24 34 23 28 15 35 13 20 12 24 14 32 23 35 35
split_gain=23.6151 8.64454 6.03397 5.75995 4.50398 9.18356 6.44258 3.35948 2.92856 2.71804 2.88326 5.05212 2.75477 2.60345 2.59054 2.35849 3.87461 2.42278 2.22857 2.04939 2.09614 2.91715 1.74647 1.55727 1.36885 1.11405 1.08198 0.801466 0.353651
threshold=-0.49160404517757361 488.00000000000006 0.088651731136681136 -0.49792031656094909 -0.78936378356457892 1.0000000180025095e-35 0.28302443990655735 186.00000000000003 1.1508957964247066 0.59610182118019628 -0.36353512814783445 -0.42053761594304739 -0.64916164084121608 1.8330275757860413 0.27803630339910707 0.3838677351989826 0.81393628395236783 -0.38200196835625339 -1.5169611260605607 -1.590379266518829 -1.0791180169035466 -0.41035134699543491 -1.2339158863268747 -1.3067928432068061 -1.102120401692416 1.0399474251897474 1.3536106811649609 -0.22227903709045319 -0.30601748965339781
decision_type=2 2 2 2 2 2 2 2 2 2 2 2 2 2 2 2 2 2 2 2 2 2 2 2 2 2 2 2 2
left_child=13 2 3 8 7 -6 -7 -5 22 10 11 -9 -12 15 -14 19 17 -17 -3 -1 -21 -22 -2 -20 -4 -15 -18 -25 -11
right_child=1 18 24 4 5 6 -8 9 -10 28 12 -13 14 25 -16 16 26 -19 23 20 21 -23 -24 27 -26 -27 -28 -29 -30
leaf_value=0 0.011142457512008316 -0.0025462056486620054 8.0898905461483214e-05 0.018553784645636381 -0.038281151244630302 0.02126486383452706 -0.021702147006413517 0.0076849355779090595 0.026998498541555463 -0.022961020985236374 0.022961573804121248 -0.026544708626680767 -0.0094204061143341629 -0.034763636135752847 0.01525020386465362 0.017558288701107354 -0.019423158819509408 -0.0062038562843521423 0.0018176167172747918 -0.032471207181416412 0.0039596816380438092 -0.021233280829889459 -0.011655841647241132 0.0082278461767475563 0.022978601105015206 -0.013048099044648497 -0.00288324348813022 0.02803093906409691 -0.0054755625460181871
leaf_weight=5.8022100031375912 5.9778431057930002 2.6878466904163352 3.4784395843744269 6.0879667401313773 7.9151734113693264 5.7014170661568624 4.0349049270153046 6.5523844361305237 7.1114720106124869 4.1493503749370575 5.8221391290426245 6.0396209061145765 8.5122141838073784 6.4085478335618964 4.704460382461547 7.6427764147520065 8.8862762600183505 5.1683467328548449 3.6860301420092609 7.6632996946573302 5.9463728517293974 8.1336925327777774 3.484161965548993 4.7271718978881863 12.433720901608465 8.9100126773118955 7.8312316089868537 21.306661829352379 4.1851166635751706
leaf_count=25 34 16 25 36 39 36 21 34 46 19 27 28 41 26 25 36 38 23 25 32 27 34 19 30 78 36 34 158 22
internal_value=-0.000221501 0.00744288 0.00273325 -0.000655035 -0.00486608 -0.0170956 0.00240451 8.6523e-05 0.0142598 -0.00315134 0.000910724 -0.00938511 0.00820047 -0.0137924 0 -0.0101819 -0.00372161 0.00790728 0.0205054 -0.0163508 -0.0203332 -0.0108517 0.00175396 0.0228045 0.0187559 -0.0247798 -0.0128798 0.0252972 -0.0169652
internal_weight=200.991 128.598 96.1904 80.2782 63.7047 17.6515 9.73632 46.0533 16.5735 39.9653 31.6308 12.592 19.0388 72.3928 13.2167 57.0742 29.5286 12.8111 32.4077 27.5456 21.7434 14.0801 9.46201 29.7199 15.9122 15.3186 16.7175 26.0338 8.33447
internal_count=1070 759 530 427 328 96 57 232 99 196 155 62 93 311 66 249 131 59 229 118 93 61 53 213 103 62 72 188 41
is_linear=0
shrinkage=0.03


Tree=31
num_leaves=33
num_cat=0
split_feature=13 41 22 12 15 28 30 15 22 30 12 17 29 20 2 26 34 26 15 34 32 29 34 24 26 36 12 12 1 35 15 9
split_gain=22.4727 8.30996 5.63236 5.95538 2.98915 4.62271 2.83896 4.08571 3.41084 4.47395 2.98949 2.76619 2.5713 2.51982 3.13086 2.46767 2.32451 5.25558 2.16916 2.11765 1.98829 1.83981 1.69111 1.51542 1.34892 1.03961 1.02439 1.14613 0.972767 0.787207 0.663133 0.112292
threshold=-0.4080074644849116 488.00000000000006 0.31885557077410653 0.22183122256647983 -0.18303266481792735 0.48987942774716225 0.56798588777672288 -0.78936378356457892 0.0088213273820774794 -1.3032794405446888 -0.43129010345767577 0.59610182118019628 0.23083755031238939 -1.4151528806523788 -0.77256335794305875 1.0000000180025095e-35 0.3838677351989826 0.73149956307468045 -1.5169611260605607 -0.38926419537627882 0.61091794556556744 1.2786383880784069 0.85446977989696793 -1.3067928432068061 0.20784629988480416 -0.20644191490700378 -0.09721018065155683 0.16520521258015905 -0.51492203998545505 -0.22227903709045319 -0.78936378356457892 -0.79990563121326208
decision_type=2 2 2 2 2 2 2 2 2 2 2 2 2 2 2 2 2 2 2 2 2 2 2 2 2 2 2 2 2 2 2 2
left_child=13 2 3 6 5 30 7 8 9 -2 -9 19 28 -1 21 -7 24 20 -3 -11 -18 -15 -19 -20 26 -12 -16 -28 -6 -25 -4 -24
right_child=1 18 4 -5 12 15 -8 10 -10 11 25 -13 -14 14 16 -17 17 22 23 -21 -22 -23 31 29 -26 -27 27 -29 -30 -31 -32 -33
leaf_value=0.0038121749042237265 -0.018308773750319619 -0.0024948485941170607 0.023642629007619292 0.021784648930836426 0.0061327319393853583 -0.023380746011330736 0.013062932712471317 -0.00063617453933450261 -0.017807976360420204 0 -0.040771672234827618 -0.0081484353341055096 -0.0031689531821148097 -0.034952941304403864 -0.033029992615866109 0.0030562333567333302 0.021998288510665955 0 0.0017803415953419079 0.023711531408050449 -0.001054748492947843 -0.010594991329488644 -0.026708296403499966 0.008071260634018463 -0.0040916362618360642 -0.014238301143857438 0 -0.019393456116874749 0.027683549881927959 0.027738973980800649 0.0030143487694833495 -0.0096223440930199942
leaf_weight=5.8743314445018759 4.8767782747745541 2.6916996091604259 4.6803487092256546 6.0232501178979865 4.2714045047760054 4.8848448544740659 4.3721607327461234 5.4156844764947918 7.6670244932174674 4.9876887053251311 4.1790837049484262 4.1709815859794608 3.1014483571052542 9.3459740132093447 5.0886800289154115 5.0402944684028625 5.3477161079645175 4.8222953826189032 3.6817793399095562 9.5572392642498016 5.4568735808134079 7.4070691466331473 4.9128813147544843 4.7037728875875571 7.4707973301410666 6.5714070200920078 4.827054411172865 7.3474729061126709 12.503558896481991 20.906852848827832 3.4235374033451098 4.7303952425718307
leaf_count=26 21 16 27 39 27 26 25 28 37 26 21 20 16 38 21 27 25 21 25 47 25 30 21 30 32 32 21 32 90 158 19 21
internal_value=-0.000227255 0.00729856 0.00268105 -0.00312667 0.0114743 0.00192878 -0.00666759 -0.00895389 -0.00211261 0.0035085 -0.0205403 0.0104269 0.019109 -0.013421 -0.0150758 -0.0107914 -0.0105538 -0.00351297 0.0202001 0.0163914 0.0111585 -0.0262679 -0.0148659 0.0225004 -0.0169064 -0.0287718 -0.0213619 -0.012958 0.0234782 0.0249945 0.0173847 -0.0212889
internal_weight=200.342 127.711 95.7267 57.8213 37.9054 18.029 51.798 47.4259 31.2597 23.5927 16.1662 18.7159 19.8764 72.6315 66.7572 9.92514 50.0042 25.2702 31.9841 14.5449 10.8046 16.753 14.4656 29.2924 24.734 10.7505 17.2632 12.1745 16.775 25.6106 8.10389 9.64328
internal_count=1070 757 528 296 232 99 257 232 151 114 81 93 133 313 287 53 219 113 229 73 50 68 63 213 106 53 74 53 117 188 46 42
is_linear=0
shrinkage=0.03


Tree=32
num_leaves=33
num_cat=0
split_feature=2 41 28 15 22 31 41 21 36 15 25 33 14 21 34 26 28 29 22 15 31 33 34 36 33 11 29 32 31 30 37 26
split_gain=21.4054 8.02666 5.64974 3.60602 3.40103 3.08877 3.10694 3.07718 2.79099 2.74012 2.71524 3.33084 2.38793 2.38375 2.12189 3.22281 2.45247 2.12844 2.96391 2.11128 1.84676 1.63035 1.61673 1.58483 1.4927 1.28094 1.19535 1.11498 0.488849 0.276345 0.238687 0.652176
threshold=-0.49160404517757361 488.00000000000006 -0.51185664437165579 -0.30429888856725767 0.0088213273820774794 0.35705409212338662 292.00000000000006 1.0000000180025095e-35 -0.60420669826686579 -1.2744286785619001 -0.70587509873077303 0.48553925061379727 1.8330275757860413 0.27537150240790637 0.3838677351989826 0.73149956307468045 -0.38200196835625339 0.49278775975389372 -0.92128140279400939 -1.5169611260605607 -0.19625980853207564 -0.15085575110344709 0.85446977989696793 1.0120274214611817 -0.15085575110344709 0.78326546982148759 -0.34919505630808473 1.0399474251897474 1.2792439265491571 -0.43002228732803022 1.0000000180025095e-35 -0.73472957385697313
decision_type=2 2 2 2 2 2 2 2 2 2 2 2 2 2 2 2 2 2 2 2 2 2 2 2 2 2 2 2 2 2 2 2
left_child=12 2 5 4 13 6 -2 23 -8 20 -11 -12 14 -4 17 16 -16 25 -19 -3 -6 -9 -17 26 -10 -1 -5 -14 -24 -15 -21 -32
right_child=1 19 3 7 9 -7 8 21 24 10 11 -13 27 29 15 22 -18 18 -20 30 -22 -23 28 -25 -26 -27 -28 -29 -30 -31 31 -33
leaf_value=-0.0091014599022681067 0.017667787396713555 -0.0024445520040185585 0.027826940243147334 0.029592594205479401 0.018181278456723966 -0.021298566985044124 -0.022133298396686655 0.013731450203436435 -0.0076894303562012427 0.0048671755782976923 -0.029717301971938351 0.0024045893040648978 -0.03351783384754993 0.0061787357980359423 0.017304324929213834 0.0010669567854703237 -0.0062842266978413103 -0.017071442091351134 0.0069467924150990032 0.026121630563859979 -0.0055664731007313509 -0.0068909516573217684 -0.025309448693372011 0.00080956610671157594 0.011807460398346329 -0.033525075407583198 0.0035311606584683118 -0.012219327255190458 -0.0081468810081864185 -0.0032772283822680567 0.0023554275528814804 0.018925903124504727
leaf_weight=5.7322370857000369 4.4559480398893418 2.6954745352268246 4.2763797938823682 12.433842316269876 4.4738260954618454 8.8775917142629606 5.5218190252780976 4.3634686022996902 5.7271499633789116 4.5313470065593711 7.553223520517351 3.4861975759267807 6.3830548822879782 3.8194064199924469 7.2699947357177734 5.0575926005840328 5.671407565474512 8.8889116495847684 6.7529849112033835 17.002609141170982 4.2294963151216489 6.6736799180507642 4.6100186258554441 3.3482909053564063 5.2629303783178223 6.2654117345809937 2.9030245840549496 8.8985187262296659 6.9225654602050781 3.7256577759981155 4.6843261197209358 7.1858963668346387
leaf_count=25 27 16 25 92 26 39 25 24 26 24 38 20 26 20 34 22 25 38 29 128 23 38 20 20 25 26 18 36 30 20 33 52
internal_value=-0.000240811 0.00712017 0.00259947 0.00750927 0.000838058 -0.00787786 -0.000886032 0.0149893 -0.0072805 -0.00539198 -0.0126352 -0.0200207 -0.0131305 0.0132479 -0.00967685 -0.00353092 0.00697246 -0.0155178 -0.00665165 0.0198987 0.00693095 0.00145085 -0.0119547 0.021987 0.00146359 -0.0246087 0.02577 -0.0236739 -0.0175912 0.001077 0.0221999 0.0138334
internal_weight=199.684 127.232 95.6633 65.8178 36.0955 29.8454 20.9678 29.7223 16.5119 24.2741 15.5708 11.0394 72.4527 11.8214 57.1711 29.5316 12.9414 27.6395 15.6419 31.5683 8.70332 11.0371 16.5902 18.6852 10.9901 11.9976 15.3369 15.2816 11.5326 7.54506 28.8728 11.8702
internal_count=1070 759 530 388 196 142 103 192 76 131 82 58 311 65 249 131 59 118 67 229 49 62 72 130 51 51 110 62 50 40 213 85
is_linear=0
shrinkage=0.03


Tree=33
num_leaves=36
num_cat=0
split_feature=2 41 12 22 28 12 30 22 19 40 28 28 39 35 20 14 12 36 1 34 28 36 26 20 16 26 39 16 38 29 37 35 34 29 36
split_gain=20.4215 7.72129 5.5296 5.83412 3.41805 5.83562 2.93194 2.55118 4.50902 2.63635 2.61236 3.13521 2.90352 2.47928 2.41054 3.02775 2.85186 3.32992 2.37725 4.50692 3.00394 2.25422 2.09578 1.79635 1.4343 1.43146 1.22955 1.82397 3.20239 1.14654 0.953998 0.791005 0.487407 0.480205 0.124625
threshold=-0.49160404517757361 488.00000000000006 0.21018201704887365 0.31885557077410653 0.48987942774716225 -0.18542473731672912 0.56798588777672288 0.11216607517942059 -0.31047778553181288 430.00000000000006 -0.12229261632544879 -0.51185664437165579 -0.68369414862433819 0.83282546520264955 -1.4151528806523788 1.8330275757860413 1.4765135390748838 0.90125748179134657 -0.51492203998545505 0.3838677351989826 -0.51185664437165579 -0.20644191490700378 1.1504221736265821 0.19252957319873173 0.44438683279759855 0.23402896304429807 -0.68369414862433819 0.69934335349112686 -1.0000000180025095e-35 1.0000000180025095e-35 1.0000000180025095e-35 0.14951969228902107 -0.49010749066870446 1.2786383880784069 -1.0000000180025095e-35
decision_type=2 2 2 2 2 2 2 2 2 2 2 2 2 2 2 2 2 2 2 2 2 2 2 2 2 2 2 2 2 2 2 2 2 2 2
left_child=14 2 3 6 34 32 7 8 10 -10 11 12 -2 21 -1 16 17 18 19 20 -16 -7 -19 -4 -25 -20 27 28 -3 -11 -28 -32 -6 -17 -5
right_child=1 26 23 4 5 13 -8 -9 9 29 -12 -13 -14 -15 15 33 -18 22 25 -21 -22 -23 -24 24 -26 -27 30 -29 -30 -31 31 -33 -34 -35 -36
leaf_value=0.0039844285264253832 0.00086358900611289687 -0.019994998100108487 0.029325689957290364 0.028710189182670969 0.0042601131984456612 0 0.013387612790347022 -0.024931991255426621 -0.0061961258259863403 0.0029216012313595585 -0.031036302236948594 0.011719313056442724 -0.021416056767860053 0.0059029388022708365 0 -0.033955029141167874 -0.027500650528535842 0.014813868190136669 -0.028741779003741433 0.014663165925994214 -0.026910577630086717 -0.031754673996753448 -0.0066683166213041068 -0.0052740116795586406 0.017336826371661465 -0.0055677985552493618 0.029419134349174609 0.020595921218146789 0.015716809973867069 0.027363898865018655 0 0.017123768235589379 0.024437046268851525 -0.013563231644325697 0.0093569135155137893
leaf_weight=5.8778227418661109 7.9801353216171291 3.0310744345188141 6.576824836432932 5.349251814186573 3.1167722195386887 3.6681428104639071 4.4825702458620063 6.2873433530330649 5.6026336997747439 4.0463473945856094 4.2043088674545315 4.7822591960430136 11.137181818485258 4.0604957342147827 7.7314338982105193 7.0843867361545545 6.5546577572822562 7.1454402059316617 8.056867524981504 5.9125991761684409 6.2457280904054651 4.0493083447217906 6.0749591737985611 3.7910600677132607 3.1828692406415939 5.3496690988540641 13.013497687876225 4.1749334558844566 2.9503761082887667 3.8930617868900299 3.0917033776640892 4.91477882117033 5.5074718743562716 6.445071205496788 3.6883403360843676
leaf_count=26 36 20 45 34 22 21 26 31 27 21 22 25 50 24 35 29 28 32 33 28 26 20 26 24 22 22 101 29 22 22 20 37 36 26 22
internal_value=-0.000238262 0.00698146 0.00255485 -0.000438583 0.00987729 0.00221033 -0.00645746 -0.00878461 -0.00542573 0.00796239 -0.0121561 -0.00696184 -0.0124387 -0.010732 -0.0128144 -0.0144402 -0.0104843 -0.00717739 -0.0121333 -0.00455245 -0.013702 -0.0196716 0.00486129 0.0192774 0.00557958 -0.0213879 0.0196051 0.00825534 -0.00195859 0.0179862 0.0239075 0.0110894 0.0194493 -0.0269633 0.0238375
internal_weight=199.061 126.583 95.4064 81.8556 29.4398 20.4022 52.4158 47.9333 41.6459 13.542 28.1039 23.8996 19.1173 11.7779 72.4786 66.6008 53.0714 46.5167 33.2963 19.8898 13.9772 7.71745 13.2204 13.5508 6.97393 13.4065 31.1764 10.1564 5.98145 7.93941 21.02 8.00648 8.62424 13.5295 9.03759
internal_count=1070 759 530 439 179 123 260 234 203 70 133 111 86 65 311 285 230 202 144 89 61 41 58 91 46 55 229 71 42 43 158 57 58 55 56
is_linear=0
shrinkage=0.03


Tree=34
num_leaves=34
num_cat=0
split_feature=13 40 40 38 14 13 26 35 36 19 23 36 40 15 35 17 37 0 23 21 35 35 36 15 37 36 16 5 40 20 5 15 21
split_gain=19.5268 7.6713 4.30161 3.09056 3.04487 4.91049 4.46324 4.34955 2.94468 2.73375 4.32713 2.69795 2.57124 2.19122 1.87964 2.7063 2.9915 2.66348 1.79747 2.56441 1.69045 1.54606 1.70665 1.08983 1.02913 1.95065 1.14265 1.57909 0.914215 0.462373 0.34603 0.218697 0.204687
threshold=-0.4080074644849116 439.50000000000006 539.00000000000011 1.3507188738722664 1.2459219763984 -0.6092574487963015 -0.21107631066709689 -0.30601748965339781 -1.0553542303299206 -0.31047778553181288 0.482772449299186 0.20748785964869534 430.00000000000006 -1.2744286785619001 0.51964365261723644 1.0000000180025095e-35 1.0000000180025095e-35 -0.64774607245119697 -1.0000000180025095e-35 -0.38763639024624585 -1.0000000180025095e-35 -0.87543896708142144 -0.33851376605180711 -0.9106300073139092 -0.47470300588113806 -0.46490510746995223 -0.32048272928298638 -0.062139930366032298 526.50000000000011 -1.1472058050105272 0.78417002681681491 -0.78936378356457892 0.27537150240790637
decision_type=2 2 2 2 2 2 2 2 2 2 2 2 2 2 2 2 2 2 2 2 2 2 2 2 2 2 2 2 2 2 2 2 2
left_child=3 11 8 4 5 6 -1 12 23 10 28 21 -8 -4 15 32 18 -18 19 -17 -13 -2 -23 -3 25 -16 27 -26 -6 -12 -27 -19 -10
right_child=1 2 13 -5 9 -7 7 -9 14 -11 29 20 -14 -15 24 16 17 31 -20 -21 -22 22 -24 -25 26 30 -28 -29 -30 -31 -32 -33 -34
leaf_value=-0.019289097836821031 -0.025459242193330664 0.0081851830595787798 -0.017666906824909796 0.0034153428587496777 -0.00046931553523061112 -0.030584055944237284 0.00044473114025469552 -0.010532380143532959 0.021136247327605131 -0.0040343434871344354 -0.018339588130240215 -0.0057008612609824707 0.027481494726880856 0.0046947809686610246 -0.010182011268014442 -0.0033922083926732904 0.0074504048720754907 -0.0081127275773757689 -0.0032110343668719532 0.025416505941057752 0.016810783433957043 0.0047629575289003254 -0.015822285776747918 0.029060577263494425 0.018789463030081988 0.0177569422317569 0.025409097491245442 -0.0022236308032475404 -0.017692740530712233 -0.046474342313338107 0.0013646279437502854 -0.026203114052191809 0.005466441806268066
leaf_weight=7.6762996464967719 5.5974958986043957 5.6310437768697765 5.1685293763875961 8.5320171415805799 5.7766319960355812 5.2570054829120663 6.1892339736223239 7.6407981663942328 5.8483875989913923 7.7332694530487052 4.8292269557714462 4.7359539270401001 6.3102122098207474 7.8766539841890317 3.2281331792473793 3.3942339420318595 3.5099031925201407 4.4239428341388694 6.6364354789257112 5.9805716797709456 4.1273331046104413 5.7719485312700298 5.5335141569375983 12.146145828068255 4.7403831481933594 4.6317103281617182 11.374284960329529 5.1688972190022504 5.889720618724823 6.827434837818144 2.8165489733219147 3.7031159549951544 3.7337535470724106
leaf_count=33 23 35 24 37 24 23 29 33 37 32 20 21 30 39 20 23 23 24 38 38 24 28 27 94 30 30 80 38 24 28 21 20 20
internal_value=-0.000224227 0.00687686 0.0106349 -0.0124877 -0.0147246 -0.00757451 -0.00167895 0.00562755 0.0130372 -0.0214551 -0.0263968 -0.00727264 0.0160046 -0.00466071 0.00971045 0.00460252 -0.000194523 -0.0111952 0.00773225 0.0154051 0.00511899 -0.013984 -0.0055172 0.0239108 0.0150083 0.00547198 0.0188534 0.00845139 -0.0106453 -0.0386943 0.0134966 -0.0197773 0.0171381
internal_weight=198.441 125.779 100.013 72.6619 64.1298 33.0735 27.8165 20.1402 86.9675 31.0563 23.323 25.7662 12.4994 13.0452 69.1903 37.2303 27.6482 11.637 16.0112 9.37481 8.86329 16.903 11.3055 17.7772 31.96 10.6764 21.2836 9.90928 11.6664 11.6567 7.44826 8.12706 9.58214
internal_count=1070 757 634 313 276 148 125 92 571 128 96 123 59 63 442 223 166 67 99 61 45 78 55 129 219 71 148 68 48 48 51 44 57
is_linear=0
shrinkage=0.03


Tree=35
num_leaves=32
num_cat=0
split_feature=2 12 12 23 40 13 35 29 29 17 20 14 12 36 1 32 28 26 37 28 32 29 27 29 29 29 20 29 29 2 21
split_gain=18.6441 7.20412 6.46085 6.02479 4.53618 3.38474 3.38783 2.74701 2.57327 2.56987 2.29085 2.79648 2.68831 3.10878 2.23343 3.60711 2.71543 1.99076 1.91893 2.31464 1.59936 1.57986 1.45705 1.41529 1.38812 1.31074 1.05783 1.04038 0.510551 0.315033 0.300536
threshold=-0.49160404517757361 0.046857986124391758 -0.38027184231122008 1.3536106811649609 430.00000000000006 -0.042247816710705148 0.83282546520264955 0.75473796919539815 0.92937144215640111 0.59610182118019628 -1.4151528806523788 1.8330275757860413 1.4765135390748838 0.90125748179134657 -0.51492203998545505 -0.34614781667298861 -0.51185664437165579 1.1504221736265821 1.0000000180025095e-35 0.12019111541759846 -0.11277463819609936 0.23083755031238939 0.12377425396021192 -1.0789134968951326 1.2786383880784069 -0.34919505630808473 1.0000000180025095e-35 -0.51863110447858152 1.2786383880784069 0.78030635720671748 -1.0000000180025095e-35
decision_type=2 2 2 2 2 2 2 2 2 2 2 2 2 2 2 2 2 2 2 2 2 2 2 2 2 2 2 2 2 2 2
left_child=10 2 18 4 7 8 -7 20 9 23 -1 12 13 14 15 -12 -17 -15 21 -20 -4 -2 -11 -6 -16 30 -27 -25 -13 -21 -3
right_child=1 25 3 -5 5 6 -8 -9 -10 22 11 28 -14 17 24 16 -18 -19 19 29 -22 -23 -24 27 -26 26 -28 -29 -30 -31 -32
leaf_value=0.004105196625954593 0.027113852545695455 0.028060486020983971 -0.027570717234410121 -0.028257437626984249 -0.0010036559745391213 -0.029569246979006994 0.0078044186915077907 0.0059392433486309699 -0.0077982338133261503 -0.012242051361264179 -0.019294766993318831 -0.032827563034996392 -0.026488907492147398 0.014548902561486055 -0.027433801193507447 0.017968467036963816 -0.0069487225736045892 -0.0063909521438638662 -0.012648783261832519 0.01845260447986782 -0.0042190213494920558 0.0044620988520469879 0.0090515065926343712 0.02730399798566362 -0.0046459158221427424 0.016672058413170685 -0.0015820088718741551 0.011670043682879895 -0.012772369108498743 0.0017100536539525731 0.006612318633437848
leaf_weight=5.8750268816947928 11.324166752398019 13.692222759127619 6.5212800502777108 5.4246041476726523 3.5142022967338553 3.1833130046725264 2.8000226616859436 4.5625340938568106 6.0872725993394843 4.8430563956499082 7.2685063481330827 7.0340309590101224 6.5901090651750556 7.1157156378030759 8.34652584791184 5.9961562305688796 6.6308015435934111 6.0840053111314774 3.4373115673661214 3.4333722069859505 5.9276280552148828 5.2887646928429595 3.6613677144050598 7.4684684053063384 5.0737637877464286 4.1379198655486089 4.2512814849615097 20.440421178936965 6.4319750666618347 2.801333099603653 2.5768202766776112
leaf_count=26 83 105 29 27 21 20 22 20 30 24 31 29 28 32 34 29 29 26 19 23 29 30 22 48 21 26 26 116 26 20 19
internal_value=-0.000228045 0.00672151 0.00296082 -0.00154463 0.00102654 0.00551167 -0.0132191 -0.0116945 0.00841395 0.0112233 -0.0122286 -0.0138169 -0.0100187 -0.0068057 -0.0115942 -0.0042528 0.0051105 0.00482187 0.01533 0.0032168 -0.0185312 0.0212006 -0.00249228 0.015062 -0.0205538 0.0208024 0.00797811 0.017237 -0.0258894 0.0134962 0.025846
internal_weight=197.824 125.377 100.719 74.4342 69.0096 51.9981 5.98334 17.0114 46.0148 39.9275 72.4466 66.5716 53.1056 46.5155 33.3158 19.8955 12.627 13.1997 26.2849 9.67202 12.4489 16.6129 8.50442 31.4231 13.4203 24.6582 8.3892 27.9089 13.466 6.23471 16.269
internal_count=1070 759 583 408 381 303 42 78 261 231 311 285 230 202 144 89 58 58 175 62 58 113 46 185 55 176 52 164 55 43 124
is_linear=0
shrinkage=0.03


Tree=36
num_leaves=37
num_cat=0
split_feature=13 41 12 22 28 12 26 29 37 24 37 23 20 8 11 21 19 29 1 6 26 12 35 35 35 12 36 39 16 35 22 37 24 34 24 36
split_gain=17.7837 7.15623 4.81734 4.93865 2.86887 5.98171 2.79936 3.67065 2.346 2.2766 3.05939 2.68515 2.18262 2.52396 2.31399 2.07502 1.9261 2.34159 1.73802 3.42736 4.61438 2.79066 4.38728 1.72644 1.66686 1.37301 1.31253 1.253 1.78567 1.19488 1.04573 0.967281 0.931597 0.914004 0.812149 0.454309
threshold=-0.4080074644849116 488.00000000000006 0.088651731136681136 0.31885557077410653 0.48987942774716225 -0.18542473731672912 -0.73472957385697313 0.49278775975389372 -0.47470300588113806 -1.0000000180025095e-35 -0.47470300588113806 0.482772449299186 -1.4151528806523788 -1.2985873676933417 1.5679421956478941 1.4993860734617264 0.63031070143875156 -0.86062165569387905 -0.51492203998545505 0.25368918746806407 -0.21107631066709689 0.28304330428466845 -0.76155467159581669 0.83282546520264955 -0.87543896708142144 -1.1387531858784234 -0.20644191490700378 -0.68369414862433819 0.69934335349112686 -0.049777824810787311 0.52554506636879272 1.0000000180025095e-35 -0.35589535524325827 0.38386773519898293 -0.35589535524325827 -1.0000000180025095e-35
decision_type=2 2 2 2 2 2 2 2 2 2 2 2 2 2 2 2 2 2 2 2 2 2 2 2 2 2 2 2 2 2 2 2 2 2 2 2
left_child=12 2 3 6 35 32 29 9 -9 10 -8 26 -1 15 18 -14 -4 -18 19 -15 -21 33 -23 -7 -10 -20 -11 28 30 -2 -3 -29 -6 -22 -33 -5
right_child=1 27 16 4 5 23 7 8 24 11 -12 -13 13 14 -16 -17 17 -19 25 20 21 22 -24 -25 -26 -27 -28 31 -30 -31 -32 34 -34 -35 -36 -37
leaf_value=0.0040097089996368141 -0.0014911965636285832 -0.012510764424464853 0.02520757720931301 0.028054154872927652 0.001134038828512797 -0.019287268186430433 -0.0035258289394861403 -0.011829910498612794 -0.0017228996192189491 -0.0048173285134154153 -0.034693519095103403 -0.017485222511321081 -0.029969230142128996 -0.028114604609304455 0.007782470775052383 -0.0040538214994901914 0.017567092948041478 -0.011505885226522225 -0.0056243287974251715 -0.020819334358435623 0.0036476111516823909 0.015569994298407266 -0.017920863824685416 0.0030886852992537002 0.019737191659247835 -0.02772284347122619 0.015969804032434812 0.028920975264371568 0.020008774100352726 0.019114755917286137 0.0078440523377221825 0 0.024914087291393733 0.025122047058345184 0.01860662465194278 0.0062638244048187327
leaf_weight=5.8702812790870658 3.7747115045785904 3.1167445704340953 8.7008737996220571 5.0451930910348892 2.7354655787348765 7.2350549399852735 5.2867133915424347 5.2133785337209693 4.8071559816598883 4.0430460572242692 7.777240648865698 7.4873043298721313 11.682399049401285 4.1941228210926047 4.866618573665618 4.9163398742675772 3.4211664870381355 3.4470356106758109 5.8067803382873526 7.0203750282526043 4.5771947801113146 4.4500180482864398 6.9939063042402232 3.6042629256844521 5.5065901875495902 8.0056914985179919 3.7057032585144105 12.489708349108698 4.0467995554208755 3.4755390435457221 2.779238298535347 4.2380883321166039 5.8331753760576248 4.2238639444112778 3.6094312593340865 3.1899864375591296
leaf_count=26 19 21 59 33 20 38 25 24 22 20 36 36 48 18 20 20 26 20 24 30 21 22 30 21 28 33 21 101 29 22 21 31 39 21 26 19
internal_value=-0.000234524 0.00659233 0.00233014 -0.000716363 0.00912015 0.00195106 -0.00626233 -0.0091887 0.00211458 -0.015386 -0.0241548 -0.00601776 -0.0119244 -0.0134712 -0.00941473 -0.0235971 0.0167947 0.0028119 -0.011582 -0.00682931 -0.00205117 0.00516837 -0.00413911 -0.0118896 0.0102782 -0.0202855 0.00545278 0.0189393 0.00758489 0.00928437 -0.00245977 0.0233133 0.0192183 0.0166937 0.0105377 0.0224954
internal_weight=197.177 124.57 94.2896 78.7205 27.6431 19.408 51.0774 43.8271 15.5271 28.3 13.064 15.2361 72.6076 66.7373 50.1386 16.5987 15.5691 6.8682 45.272 31.4595 27.2654 20.245 11.4439 10.8393 10.3137 13.8125 7.74875 30.28 9.94278 7.25025 5.89598 20.3372 8.56864 8.80106 7.84752 8.23518
internal_count=1070 757 528 423 170 118 253 212 74 138 61 77 313 287 219 68 105 46 199 142 124 94 52 59 50 57 41 229 71 41 42 158 59 42 57 52
is_linear=0
shrinkage=0.03


Tree=37
num_leaves=32
num_cat=0
split_feature=13 40 40 38 14 13 26 35 40 12 12 15 32 29 30 28 15 24 29 33 29 38 40 11 12 37 29 15 15 15 12
split_gain=16.9508 6.82423 3.91035 2.8994 2.77072 4.62006 4.04099 3.99154 2.43153 2.37996 2.74977 4.75881 2.69128 2.82297 2.43743 2.2925 2.70208 4.9923 2.21554 2.01223 1.9493 1.50545 1.37456 1.54382 1.09783 1.09004 1.01457 0.932107 1.34028 0.864606 0.203632
threshold=-0.4080074644849116 439.50000000000006 539.00000000000011 1.3507188738722664 1.2459219763984 -0.6092574487963015 -0.21107631066709689 -0.30601748965339781 430.00000000000006 1.0000000180025095e-35 -0.38027184231122008 0.18076600643006369 0.8419338192093565 0.49278775975389372 0.19373282211244031 0.65683543976696546 -0.78936378356457892 -0.35589535524325827 0.23083755031238939 -0.80497763309136672 0.23083755031238939 -0.59184724849779391 699.50000000000011 1.7274507273272746 -1.1372030252369587 -1.0000000180025095e-35 -1.0789134968951326 0.54456467767805472 -0.30429888856725767 1.0296295726753761 2.3250177417436872
decision_type=2 2 2 2 2 2 2 2 2 2 2 2 2 2 2 2 2 2 2 2 2 2 2 2 2 2 2 2 2 2 2
left_child=3 15 9 4 5 6 -1 8 -8 10 20 12 13 14 -12 16 17 -2 -4 -6 25 -19 23 -21 -22 -3 -16 28 30 -27 -11
right_child=1 2 18 -5 19 -7 7 -9 -10 27 11 -13 -14 -15 26 -17 -18 21 -20 22 24 -23 -24 -25 -26 29 -28 -29 -30 -31 -32
leaf_value=-0.017982782527365668 -0.023091757035271825 0.029698173857052715 -0.016129894507103698 0.0037297114651530477 -0.029352667415081211 -0.02923883873232978 0.00052705733909455413 -0.0097357337381326903 0.026957609421762688 0.00053556989644623957 0.027061779765165671 -0.018310879338413199 -0.012960325111837688 -0.0045473571025969909 -0.0055973332083018284 0.0096683312668382673 -0.023889291666652199 -0.0015969382203495771 0.0060650585269029248 0.0066915663477714257 -0.0057169050871625883 0.02005414097753731 -0.021332841826587231 -0.012825983601752385 0.01347839716113125 -0.0020100388307104258 0.010517509203069231 0.0010508530298622217 0.028963589189991184 0.016702341958303866 0.012572404829167064
leaf_weight=7.7386117279529563 4.8273254930973097 8.8662898764014244 6.082683250308035 8.5264920443296415 12.993360653519632 5.2858048379421261 6.1834588944911975 7.6778537333011618 6.2141120284795761 3.4971068054437682 9.2352661788463646 5.7374311685562125 3.2949979901313773 6.8769145607948294 3.0831572860479346 4.5545681267976752 7.5162675082683572 4.1251425147056606 6.9642692506313324 5.2418520152568835 4.2054895460605621 4.7590671777725175 6.5551065057516089 6.1556044965982437 3.3457226306200019 2.8161327466368684 12.716382890939711 2.6495119333267203 12.599552415311337 3.0766842812299728 3.1551240161061287
leaf_count=33 21 71 28 37 54 23 29 33 30 25 57 38 18 37 19 25 36 19 35 22 24 22 27 25 20 19 81 17 102 22 21
internal_value=-0.000213838 0.00647472 0.010079 -0.0116215 -0.0137954 -0.0069912 -0.00127875 0.00568473 0.0156865 0.0124155 0.00892513 0.00385499 0.00823134 0.0110826 0.0156166 -0.00683322 -0.0110422 -0.00194404 -0.00446634 -0.0202286 0.0171489 0.0106447 -0.0115623 -0.00365011 0.00294931 0.0231025 0.00681333 0.0210218 0.0232065 0.00835483 0.00824344
internal_weight=196.557 123.985 98.2027 72.5723 64.0458 33.0998 27.814 20.0754 12.3976 85.1558 63.2545 40.9442 35.2067 31.9117 25.0348 25.7824 21.2278 13.7115 13.047 30.9459 22.3103 8.88421 17.9526 11.3975 7.55121 14.7591 15.7995 21.9013 19.2518 5.89282 6.65223
internal_count=1070 757 634 313 276 148 125 92 59 571 406 250 212 194 157 123 98 62 63 128 156 41 74 47 44 112 100 165 148 41 46
is_linear=0
shrinkage=0.03


Tree=38
num_leaves=33
num_cat=0
split_feature=13 35 32 21 19 27 2 22 30 40 32 30 25 29 2 2 22 20 22 35 27 20 22 40 41 16 19 16 19 36 37 41
split_gain=16.2964 6.5005 5.03585 5.8156 4.35417 5.18392 3.61601 4.94261 4.81304 3.3257 3.1908 2.80534 2.6796 6.26633 2.31493 4.84926 2.22565 2.29868 2.17032 2.02835 1.90154 2.83203 3.64894 1.89305 1.39454 2.0385 1.94715 1.24103 0.991666 0.818431 0.656385 0.541794
threshold=1.0000000180025095e-35 -0.12705645389030454 1.0000000180025095e-35 -0.38763639024624585 -0.87495087771415159 -0.85394053422997696 -0.74510021791147751 -0.19786816821260858 -1.3032794405446888 603.50000000000011 -0.34614781667298861 -1.3032794405446888 -0.37214521185754462 1.0000000180025095e-35 -0.67005117625835464 -0.58082761071796418 -0.71459190719932331 1.5322649514079909 -0.71459190719932331 -0.57174751245314226 0.12377425396021192 1.0000000180025095e-35 0.0088213273820774794 381.50000000000006 105.50000000000001 -0.32048272928298638 -0.31047778553181288 -0.57543924997651463 -1.4770555093753126 0.56894766278184139 1.0000000180025095e-35 719.00000000000011
decision_type=2 2 2 2 2 2 2 2 2 2 2 2 2 2 2 2 2 2 2 2 2 2 2 2 2 2 2 2 2 2 2 2
left_child=1 2 6 -4 11 -6 -1 8 -8 14 18 28 13 30 -3 -16 -17 20 -10 -9 27 22 -22 -23 -14 26 -26 -18 -5 -13 -2 -28
right_child=12 9 3 4 5 -7 7 19 10 -11 -12 29 24 -15 15 16 17 -19 -20 -21 21 23 -24 -25 25 -27 31 -29 -30 -31 -32 -33
leaf_value=-0.021251012573398807 0.022960308082971042 0.024040814811809749 0.0088075526634090549 -0.0059838137430147575 -0.0036636928761155951 -0.038742274099505702 -0.011270388648012608 0 -0.0066416261362588179 -0.016959412264705116 0.028542409841271398 0.010132874677321537 0 -0.019856964113188703 -0.024495044890584006 -0.013792034114547425 0.0054097611664055238 -0.010344200883829457 0.017387244508648515 -0.025225702349431445 0.0090398945157174077 -0.0057044231633967303 -0.024587738184255765 0.016019571882908968 -0.007231821957201027 0.028641090795301478 0.019112963266773794 0.027469159887323732 -0.027494237479467932 -0.0050198737246817957 0.0034825267273109277 0.0012108915262136059
leaf_weight=6.0709482431411734 5.460452549159525 3.7576752603054038 5.7709472030401221 5.4834592640399933 5.849916636943818 15.224488630890846 6.6457839459180823 4.4101783931255341 6.3863562196493149 5.5106389522552481 8.2828796058893221 4.4874559789895994 3.2679020613431922 5.1673116832971564 3.7767996639013282 3.2200935482978812 5.586093045771122 4.0975919365882865 4.2998711466789263 5.4163561761379224 4.3980040475726145 3.3592650145292309 4.2114359885454178 14.450976885855196 2.9543674662709245 15.686452604830267 9.1795025095343536 6.600911431014536 5.1367311626672763 5.0456780344247818 3.8687579855322838 2.8907511010766038
leaf_count=25 42 16 27 24 26 65 29 20 29 25 40 21 23 26 16 16 32 21 21 24 26 17 22 91 19 124 70 40 21 22 26 24
internal_value=-0.000209713 -0.00521066 -0.0102997 -0.0168929 -0.0208137 -0.0301613 -0.00236686 0.00143703 0.00847823 0.00239457 0.0160091 -0.00934951 0.0145847 0.00288303 0.00490722 0.0026815 0.00574708 0.00777416 0.00348472 -0.0150797 0.0101617 0.00482436 -0.00802359 0.0114866 0.0190749 0.0209698 0.0107246 0.0194973 -0.018998 0.00197692 0.0170383 0.0158754
internal_weight=195.956 147.481 88.5111 46.9987 41.2277 21.0744 41.5124 35.4414 25.6149 58.9695 18.9691 20.1533 48.4755 14.4965 53.4588 49.7012 45.9244 42.7043 10.6862 9.82653 38.6067 26.4197 8.60944 17.8102 33.979 30.7111 15.0246 12.187 10.6202 9.53313 9.32921 12.0703
internal_count=1070 716 394 206 179 91 188 163 119 322 90 88 354 94 297 281 265 249 50 44 228 156 48 108 260 237 113 72 45 43 68 94
is_linear=0
shrinkage=0.03


Tree=39
num_leaves=35
num_cat=0
split_feature=13 14 34 40 34 24 12 15 19 38 16 24 21 37 35 16 16 37 22 27 24 35 34 37 36 24 19 22 19 20 33 33 22 29
split_gain=15.5854 6.14858 4.03795 2.76658 2.67374 3.13046 2.55087 3.06544 2.41609 3.78515 2.26319 2.8398 2.26193 2.39664 4.55864 3.36135 7.21606 3.22288 2.46742 2.17214 1.77649 1.69712 1.49205 3.63959 1.14513 1.1413 1.34307 1.30223 0.888072 0.729743 0.702895 0.478567 0.447416 0.385663
threshold=1.0000000180025095e-35 1.2459219763984 -1.0279383988949733 430.00000000000006 0.58555432578383371 1.2289337913626552 0.24373220445082089 -0.9106300073139092 -0.31047778553181288 -1.0000000180025095e-35 1.2092563948781836 -0.35589535524325827 1.0913812164437864 -1.0000000180025095e-35 0.14951969228902107 -0.83039577067004289 0.69934335349112686 -0.47470300588113806 0.0088213273820773649 -0.85394053422997696 0.91196796204147257 -0.76155467159581669 0.28302443990655735 1.0000000180025095e-35 -0.33851376605180711 -1.3067928432068061 -0.31047778553181288 1.3523030487475365 0.32925838560817094 0.46047664884058365 0.48553925061379727 -0.39548669883876647 1.5589925443422228 1.2786383880784069
decision_type=2 2 2 2 2 2 2 2 2 2 2 2 2 2 2 2 2 2 2 2 2 2 2 2 2 2 2 2 2 2 2 2 2 2
left_child=1 2 28 4 6 -6 7 24 9 20 12 -12 13 15 18 -5 17 -17 -15 -14 33 -2 25 -24 -4 -23 30 -28 -1 -16 -27 -18 -29 -3
right_child=21 8 3 10 5 -7 -8 -9 -10 -11 11 -13 19 14 29 16 31 -19 -20 -21 -22 22 23 -25 -26 26 27 32 -30 -31 -32 -33 -34 -35
leaf_value=0.023773849839237936 -0.0037409463128248838 -0.040895009900429505 0.0034939651689988244 0.023791447809699096 0.013201106136062462 -0.015359108155715697 0.0021375681874833941 -0.031822702067260684 -0.00099942351143288773 0.0014035296442621739 0.0047846652388115786 -0.023768745917051134 0.0034950994581686044 -0.0014009546948652095 0.019360638330450364 -0.020390499544711005 0.0084670504716725832 0.0057651576690783577 -0.029607253788807422 -0.022123383532165104 -0.010884918435167109 0.0021947866574667813 0.016463413265929129 -0.017743066313508193 -0.014375211149671606 0.013562449857220622 0.028097650789313273 -0.00057392520409874309 0.0020146736856236536 0.00030691587741311211 -0.0019811877073810662 0.030838029295819497 0.012791895917263827 -0.017035722165831744
leaf_weight=4.7481371164321882 3.2613113969564429 6.4565888941288012 4.4984754770994195 9.3494200184941239 7.0504739135503751 4.2422327250242233 4.9674688428640357 8.9939708858728427 8.4561633914709073 5.1395999193191555 4.2715716809034348 5.7332713454961759 4.5267909318208694 6.7254540026187986 4.238169737160205 8.3126991540193504 3.9934742450714111 6.0449205935001435 4.2036945819854736 4.5377694517374021 8.3100894540548307 4.6161597669124559 5.7202897444367391 3.0197459906339645 5.2358610928058633 3.6344158500432959 18.073382243514072 2.3177269250154486 3.6254420876502991 3.6868669465184212 3.5432533025741577 4.064756862819193 3.8227272257208824 5.8792875707149506
leaf_count=31 20 27 21 52 33 20 23 40 35 22 23 27 21 33 25 44 21 31 19 21 34 33 40 17 23 25 144 19 24 21 24 21 32 24
internal_value=-0.000213589 -0.00509319 -0.00158287 -0.00331698 -0.0100117 0.00146022 -0.0154785 -0.0202596 -0.015962 -0.0203243 0.000100083 -0.012022 0.00247508 0.00506427 -0.00303169 0.00997 0.00282371 -0.00949627 -0.0149965 -0.010082 -0.0257328 0.0143367 0.0158626 0.00319105 -0.00621941 0.0185277 0.0205374 0.0239506 0.0166979 0.0125927 0.0061818 0.0234478 0.00783941 -0.033037
internal_weight=195.302 147.293 113.051 104.677 34.9885 11.2927 23.6958 18.7283 34.2417 25.7856 69.6889 10.0048 59.684 50.6195 18.8542 31.7653 22.4159 14.3576 10.9291 9.06456 20.646 48.009 44.7477 8.74004 9.73434 36.0077 31.3915 24.2138 8.37358 7.92504 7.17767 8.05823 6.14045 12.3359
internal_count=1070 716 574 519 160 53 107 84 142 107 359 50 309 267 98 169 117 75 52 42 85 354 334 57 44 277 244 195 55 46 49 42 51 51
is_linear=0
shrinkage=0.03


Tree=40
num_leaves=36
num_cat=0
split_feature=13 14 34 40 17 13 19 25 29 29 36 36 15 24 35 26 40 15 41 24 35 16 19 35 16 35 12 19 19 27 33 37 34 33 41
split_gain=14.8718 5.87994 3.87813 2.62891 3.51085 4.1047 2.65652 2.60336 5.94817 2.43539 4.08037 2.41129 2.40987 2.68673 2.39703 2.82198 2.38935 2.33619 2.16888 2.10278 2.36481 2.01692 1.89737 1.84218 1.77708 1.8991 1.82497 1.08099 0.861328 0.713923 0.666523 0.643305 0.572593 0.51251 0.358937
threshold=1.0000000180025095e-35 1.2459219763984 -1.0279383988949733 439.50000000000006 0.59610182118019628 -0.48644734087738323 -1.4770555093753126 -0.37214521185754462 1.0000000180025095e-35 -0.51863110447858152 0.12586790410250112 0.4581777231120065 -0.9106300073139092 1.0000000180025095e-35 0.83282546520264955 -0.94419087913292377 209.50000000000003 1.5146944676726977 75.500000000000014 -1.0294477425507713 -0.87543896708142144 -0.32048272928298638 -0.31047778553181288 -0.049777824810787311 -1.0853522913635711 -1.6933352710234919 -1.1137357842407416 -0.31047778553181288 0.32925838560817094 -0.61723063814182577 0.48553925061379727 1.0000000180025095e-35 0.18218114461413165 1.4286092810137248 603.50000000000011
decision_type=2 2 2 2 2 2 2 2 2 2 2 2 2 2 2 2 2 2 2 2 2 2 2 2 2 2 2 2 2 2 2 2 2 2 2
left_child=1 2 28 6 14 -6 -4 8 31 -7 -11 12 13 -8 15 -5 -13 24 -9 -17 32 22 -20 -22 -3 -26 -27 -14 -1 -28 -24 -2 -21 -23 -32
right_child=7 17 3 4 5 9 11 18 -10 10 -12 16 27 -15 -16 19 -18 -19 21 20 23 33 30 -25 25 26 29 -29 -30 -31 34 -33 -34 -35 -36
leaf_value=0.023476437435123641 0.022494737300201434 -0.0033712059242169416 0.0093237196821763079 -0.01158974353443416 0.007599617873376323 0.00016178580359687596 -0.018087536917004394 -0.0039951066690117514 -0.019452820042757019 0 -0.039161886174344789 0.01106976102042701 -0.035162638911755445 0.0094712078724505707 -0.011475962199743117 0.028235208297991615 -0.014095862702467699 0.00061062395940696102 -0.007096052645284465 0.0064980883181369594 -0.0085890985159393536 0.03125356680754926 0.0039528029093438598 0.0076918628771346746 -0.0039947423227265693 -0.0072986974370479914 -0.042525635529681145 -0.011997446725798958 0.0019736448452486073 -0.016248584921922552 0.025714351012294068 0.0032206388097221279 0.025890450651384612 0.0071987450106134982 0.0040828369624118987
leaf_weight=4.6840175166726095 5.3092330619692785 6.6554922163486507 4.4914162307977668 4.5376476719975463 6.9783532619476327 3.9570976346731195 4.8334872126579267 2.6072776466608039 5.1940988004207602 3.9592585712671262 5.7148968875408173 5.9441684037446958 5.9405732899904224 4.7768275737762451 5.3404048830270758 4.0569643154740325 4.7317728400230408 5.8525393009185782 2.964112989604474 4.9436733722686714 8.7461739778518623 12.893852889537813 5.0218131095170939 14.256935372948655 5.080051556229594 4.8110134452581468 6.2340694963932091 7.0542038530111357 3.6210345551371574 5.5538520812988175 4.6902178749442101 3.8345230892300606 4.4050139486789703 2.7151858881115905 2.3411626592278481
leaf_count=31 42 28 20 26 31 23 21 18 26 20 26 29 26 23 28 24 21 24 19 23 42 105 38 82 21 20 26 32 24 23 38 26 22 22 20
internal_value=-0.000210741 -0.00496596 -0.00153206 -0.00322756 0.000296435 -0.00950274 -0.00939441 0.0140793 0.00253402 -0.01854 -0.0257216 -0.0123862 -0.0176463 -0.00442004 0.00494649 0.00755958 0 -0.0156041 0.0185629 0.0104686 0.006911 0.0207669 0.0105927 0.00110985 -0.0190167 -0.023032 -0.0277129 -0.0255443 0.0164493 -0.0338286 0.0156893 0.0165686 0.018505 0.0284179 0.0211994
internal_weight=194.732 147.161 112.974 104.669 66.8964 20.6096 37.7724 47.5715 14.3379 13.6313 9.67416 33.281 22.6051 9.61031 46.2868 40.9464 10.6759 34.187 33.2336 36.4088 32.3518 30.6263 15.0173 23.0031 28.3345 21.679 16.5989 12.9948 8.30505 11.7879 12.0532 9.14376 9.34869 15.609 7.03138
internal_count=1070 716 574 519 347 100 172 354 94 69 46 152 102 44 247 219 50 142 260 193 169 242 115 124 118 90 69 58 55 49 96 68 45 127 58
is_linear=0
shrinkage=0.03


Tree=41
num_leaves=40
num_cat=0
split_feature=13 2 30 17 39 28 40 25 21 30 32 41 15 16 22 30 19 17 2 21 19 19 0 13 40 22 32 22 36 41 21 13 37 21 33 15 33 41 16
split_gain=14.2454 5.62233 3.13286 2.66666 2.74494 2.80838 2.70801 2.51733 4.62823 2.19426 2.91803 2.11237 2.08721 1.97988 1.96638 2.34533 1.83859 1.71427 2.74594 2.40947 5.43977 2.68738 3.56446 2.0925 1.65437 2.39743 1.4662 1.49365 1.44744 1.0269 0.997528 0.883172 0.810764 0.701036 0.651804 0.620115 0.505807 0.350347 0.00657986
threshold=1.0000000180025095e-35 -0.54349292726489284 -1.3032794405446888 0.59610182118019628 -0.68369414862433819 1.0000000180025095e-35 430.00000000000006 -0.37214521185754462 -1.0000000180025095e-35 0.19373282211244031 -0.19763761218769557 75.500000000000014 -1.1531624548125698 -0.32048272928298638 0.0088213273820776511 -0.43002228732803022 -0.31047778553181288 -2.1460690673099578 -0.77256335794305875 1.0913812164437864 -0.87495087771415159 -0.31047778553181288 0.48346794486417072 -0.73072499617593767 480.50000000000006 0.11216607517942059 -0.54416142265337941 0.21551082297676363 0.34740778344217144 464.00000000000006 1.4993860734617264 -1.0519366331280149 1.0000000180025095e-35 1.0000000180025095e-35 0.48553925061379727 0.54456467767805472 1.4286092810137248 603.50000000000011 -0.57543924997651463
decision_type=2 2 2 2 2 2 2 2 2 2 2 2 2 2 2 2 2 2 2 2 2 2 2 2 2 2 2 2 2 2 2 2 2 2 2 2 2 2 2
left_child=1 17 -3 6 5 -5 14 8 32 10 38 -9 -12 16 15 -4 -13 -1 30 20 -20 31 23 -23 25 -6 29 -28 -29 -11 33 -22 -2 -19 -18 -21 -15 -36 -8
right_child=7 2 3 4 24 -7 9 11 -10 26 12 13 -14 36 -16 -17 34 18 19 35 21 22 -24 -25 -26 -27 27 28 -30 -31 -32 -33 -34 -35 37 -37 -38 -39 -40
leaf_value=0.0042157574091846858 0.022124982223784704 -0.017770885943681224 0.0011363700769631078 -0.0092165601549633568 0.010619005976946557 0.021349137603133481 0.010886403623173857 -0.0039128496336666898 -0.015625547811667893 -0.0142212162288031 -0.011108367839778357 -0.0069351446111771521 0.013801885138555937 0.031027562705065667 0.0080579342860466942 -0.025381214025257535 0.0038694192688048809 -0.012132959087777626 0.015942894473076705 -0.007513121245305612 -0.029553247614952465 -0.021677015336406768 0.013233330364543869 0.0021483436998957326 -0.028216133075772719 -0.018047412350573364 -0.0048710272938989217 0.02554323735771585 0 0.0041305135126464068 -0.0067895399918924517 -0.0066507341285270243 0.0014143196672351628 -0.035409653425477104 0.025483497757566809 -0.026577654148400198 0.0070827628805255633 0.0040154932474075495 0.029263858227607308
leaf_weight=4.7863000929355612 5.0681651160120946 6.1027531474828711 5.0961578190326682 4.0203412175178554 3.5372632890939695 3.7267554923892021 3.9194555506110165 2.6136613860726348 5.7391379103064528 4.837669566273691 4.0386411547660828 2.9765123203396806 5.026060529053213 12.6133109331131 5.3322677612304679 4.3397773653268805 5.0086546242237056 5.3543686866760272 8.0182567536830849 5.5444896370172483 5.1595054864883423 6.5048350840806943 6.4868325740098944 4.5297819823026764 4.0425292700529099 3.8587805703282356 3.518338665366171 3.8342806994915009 3.5612543374300003 3.2116930857300758 4.9099150002002707 4.4651053398847562 3.481950543820858 6.1253131479024887 4.6055963113903999 5.4929033219814301 2.7016283124685279 2.334275022149086 7.6727389320731172
leaf_count=20 40 26 22 19 19 22 23 18 31 27 21 19 27 105 26 20 38 22 36 25 22 28 28 20 18 21 20 26 19 24 20 20 23 26 38 23 22 20 46
internal_value=-0.000205795 -0.00484817 0.000497242 0.00241724 -0.00671489 0.00591625 0.00583975 0.0138549 0.00248594 0.00987461 0.0163369 0.0183006 0.00213415 0.0205038 -0.00452853 -0.0123195 0.0104187 -0.0111296 -0.0124679 -0.00805819 -0.0036441 -0.0101709 -0.00225401 -0.0123312 -0.0154275 -0.00418404 0.00186043 0.0087594 0.0156463 -0.00677193 -0.0228453 -0.0217969 0.0157577 -0.027672 0.0154793 -0.0195241 0.028169 0.0209705 0.0254677
internal_weight=194.197 147.054 79.6768 73.574 19.1857 7.7471 54.3883 47.1429 14.2893 39.6201 20.6569 32.8536 9.0647 30.24 14.7682 9.43594 14.925 67.3776 62.5913 46.2017 35.1643 27.1461 17.5214 11.0346 11.4386 7.39604 18.9632 10.9139 7.39554 8.04936 16.3896 9.62461 8.55012 11.4797 11.9485 11.0374 15.3149 6.93987 11.5922
internal_count=1070 716 426 400 99 41 301 354 94 233 117 260 48 242 68 42 115 290 270 202 154 118 76 48 58 40 116 65 45 51 68 42 63 48 96 48 127 58 69
is_linear=0
shrinkage=0.03


Tree=42
num_leaves=31
num_cat=0
split_feature=13 35 32 21 19 27 2 22 30 32 40 30 25 29 2 2 31 39 40 29 36 33 41 22 35 33 41 19 36 37
split_gain=13.6614 5.51517 4.49934 5.39182 4.04211 4.85147 3.13165 4.53167 4.45824 3.02024 3.00352 2.62708 2.43412 5.53631 2.26416 4.49359 2.07193 3.18667 3.10954 2.72586 2.5707 2.42105 2.05739 2.02757 1.95625 1.77877 1.25116 0.960438 0.73462 0.603435
threshold=1.0000000180025095e-35 -0.12705645389030454 1.0000000180025095e-35 -0.38763639024624585 -0.87495087771415159 -0.85394053422997696 -0.74510021791147751 -0.19786816821260858 -1.3032794405446888 -0.34614781667298861 603.50000000000011 -1.3032794405446888 -0.37214521185754462 1.0000000180025095e-35 -0.67005117625835464 -0.58082761071796418 1.0948059596640027 1.0000000180025095e-35 173.50000000000003 0.49278775975389372 0.12586790410250112 1.0000000180025095e-35 75.500000000000014 -0.71459190719932331 -0.57174751245314226 -0.58161894168085748 793.00000000000011 -1.4770555093753126 0.56894766278184139 1.0000000180025095e-35
decision_type=2 2 2 2 2 2 2 2 2 2 2 2 2 2 2 2 2 2 2 2 2 2 2 2 2 2 2 2 2 2
left_child=1 2 6 -4 11 -6 -1 8 -8 23 14 27 13 29 -3 -16 17 18 -17 25 21 -19 -14 -10 -9 -20 -24 -5 -13 -2
right_child=12 10 3 4 5 -7 7 24 9 -11 -12 28 22 -15 15 16 -18 20 19 -21 -22 -23 26 -25 -26 -27 -28 -29 -30 -31
leaf_value=-0.01953907942964337 0.022043529564151895 0.023645003482050144 0.009010175280400089 -0.0052644631787725779 -0.0028854437327310105 -0.036669770302608533 -0.010545347551320977 0.00010919730621962429 -0.0062845580733035672 0.027993685421632369 -0.01610429076902262 0.010136897750920228 -0.0038323505756386531 -0.018560853179389519 -0.023590698676648033 -0.013471401719056204 0.019226351296328659 0.015914934992639455 0 -0.0073649098802273964 -0.024468031788349907 -0.013214135256731527 0.022527670746901127 0.017012526243952289 -0.024101423988745502 0.02135942442890092 0.0016919222304236166 -0.026088247357889751 -0.0041887702334305246 0.0031796278628925356
leaf_weight=6.0483276844024649 5.1645564734935743 3.7334546595811835 5.7655678987503043 5.4909265786409378 5.8275326639413842 15.268762290477753 6.6831991374492636 4.4147696644067764 6.3880525231361389 8.1613545566797274 5.4987850487232199 4.4740624874830228 2.6199170574545851 5.2557796239852896 3.7996517270803443 3.6405296623706844 6.7864964455366126 3.7015759944915754 4.6088523045182255 4.0028653889894477 4.4620639085769653 3.5076119378209114 26.014046676456932 4.2288579046726245 5.4527473598718625 14.788434229791166 3.846669226884841 5.1191416680812853 5.0293386429548264 3.8299125805497169
leaf_count=25 42 16 27 24 26 65 29 20 29 40 25 21 18 26 16 17 36 21 28 22 22 22 209 21 24 97 33 21 22 26
internal_value=-0.00020674 -0.00474372 -0.00942903 -0.0156546 -0.0194411 -0.0284139 -0.00192085 0.00160543 0.00838425 0.0156989 0.00228779 -0.00843348 0.0136334 0.00244215 0.00469539 0.00248635 0.00547517 0.00228801 0.00796315 0.0121495 -0.00981444 0.00121842 0.0180422 0.0034571 -0.0141566 0.0167032 0.0202442 -0.0177939 0.00247274 0.0161854
internal_weight=193.614 146.883 88.3526 46.9753 41.2098 21.0963 41.3773 35.329 25.4615 18.7783 58.5303 20.1135 46.7309 14.2502 53.0315 49.2981 45.4984 38.7119 27.0407 23.4002 11.6713 7.20919 32.4806 10.6169 9.86752 19.3973 29.8607 10.6101 9.5034 8.99447
internal_count=1070 716 394 206 179 91 188 163 119 90 322 88 354 94 297 281 265 229 164 147 65 43 260 50 44 125 242 45 43 68
is_linear=0
shrinkage=0.03


Tree=43
num_leaves=34
num_cat=0
split_feature=2 41 12 28 24 24 40 28 22 35 15 20 14 12 36 12 34 20 26 28 24 19 30 24 16 16 35 35 12 36 29 20 26
split_gain=12.851 6.10146 4.24242 4.42631 3.13039 3.02659 4.56398 2.62824 2.08959 2.83709 2.08817 1.98247 2.23081 2.59607 2.63122 2.11281 3.55514 1.9799 1.93807 1.86158 1.61709 1.41843 2.91757 2.49954 1.38117 1.28886 1.25131 1.23993 1.20558 0.873138 0.631455 0.614433 0.0517879
threshold=-0.49160404517757361 488.00000000000006 0.21018201704887365 -0.51185664437165579 1.2289337913626552 0.48934685627989566 430.00000000000006 -0.6788126563914586 -0.71459190719932331 -1.3499568649381077 -1.5169611260605607 -1.4151528806523788 1.8330275757860413 1.4765135390748838 0.90125748179134657 -0.092722012911944832 0.3838677351989826 0.19252957319873173 1.1504221736265821 -0.6788126563914586 -1.3067928432068061 0.93136301726933213 0.31848384400053459 -0.35589535524325827 -1.0000000180025095e-35 0.44438683279759855 -0.41990178513900261 -0.41990178513900261 -1.1387531858784234 1.0000000180025095e-35 1.2786383880784069 1.5322649514079909 -1.3631134896848245
decision_type=2 2 2 2 2 2 2 2 2 2 2 2 2 2 2 2 2 2 2 2 2 2 2 2 2 2 2 2 2 2 2 2 2
left_child=11 2 3 7 5 6 29 8 9 -2 -3 -1 13 14 15 28 19 -4 -16 -17 -12 22 24 -24 -8 -19 -10 -22 -13 -5 -14 -23 -29
right_child=1 10 17 4 -6 -7 21 -9 26 -11 20 12 30 -15 18 16 -18 25 -20 -21 27 31 23 -25 -26 -27 -28 32 -30 -31 -32 -33 -34
leaf_value=0.0048950468106827173 0.0045132790965550637 -0.004531112088108925 0.027939468081085935 -0.019692918308445825 0.022314900968220037 -0.015829363750733464 0.024296238988150171 -0.027001450942044678 -0.0042582970359884903 -0.021243043369183291 0 -0.0066279350639509294 -0.029445617106445606 -0.024314034370380818 0.015003773137550523 0 0.01467143965414266 -0.0068380786661106077 -0.0056791274556716289 -0.020501206940917695 0.00064531017165998566 0.024538978672233036 -0.019262465217820473 0.0076605571566849056 0.0027996345910200702 0.015171944458257968 0.015060679905766967 0.0085446208954230874 -0.028352855581306052 -0.00070021190978171194 -0.010163862626477532 0.0047931178398734238 0.026896148443782443
leaf_weight=5.8584687113761893 5.0276256352663067 2.526982985436919 5.9026255235075933 4.7794031500816327 5.9799264669418326 6.319239303469657 4.9128193184733355 5.2426082938909522 4.3714801371097565 8.4089069962501526 3.3768871203064945 6.6049616187810898 6.8028967976570112 6.6045802384614936 7.0918313860893232 8.6221966743469167 5.5644094049930564 3.6188566833734512 6.0829268544912338 7.0054732263088377 2.6700198650360205 5.9807808026671392 4.9972226545214653 4.3737722933292371 6.6737344488501638 2.8341240882873535 4.4831038638949394 3.0018123611807921 5.5180733203887851 4.5731523707509041 6.3666481375694275 3.9156250283122063 16.838762409985051
leaf_count=26 22 16 45 22 37 35 29 24 20 37 25 28 29 28 32 38 26 24 26 29 18 43 30 27 38 22 25 26 23 23 26 27 144
internal_value=-0.000216389 0.00571485 0.00179864 -0.000768908 0.00424569 0.0011739 0.00446335 -0.0102635 -0.00462052 -0.0117185 0.0175199 -0.0101471 -0.0116444 -0.00829085 -0.00520067 -0.00963446 -0.00311665 0.0171468 0.00544101 -0.0105308 0.0200217 0.010078 0.00465477 -0.00682147 0.014113 0.00311254 0.0057083 0.0227566 -0.01899 -0.0123392 -0.0225255 0.018912 0.0251965
internal_weight=192.932 120.809 92.395 80.0394 52.5057 46.5257 40.2065 27.5337 22.2911 13.4365 28.4145 72.1225 66.264 53.0945 46.4899 33.3151 21.1921 12.3556 13.1748 15.6277 25.8875 30.854 20.9575 9.37099 11.5866 6.45298 8.85458 22.5106 12.123 9.35256 13.1695 9.89641 19.8406
internal_count=1070 759 530 439 311 274 239 128 104 59 229 311 285 230 202 144 93 91 58 67 213 194 124 57 67 46 45 188 51 45 55 70 170
is_linear=0
shrinkage=0.03


Tree=44
num_leaves=30
num_cat=0
split_feature=13 35 32 21 19 27 2 21 30 30 25 21 19 13 12 34 41 25 25 32 21 9 41 32 19 35 23 37 38
split_gain=12.5225 4.9776 4.19251 5.0566 3.73004 4.60286 2.97519 2.7326 3.57081 2.51877 2.34255 4.24462 2.27039 3.08762 2.12889 2.21792 1.98296 1.93686 2.67169 1.73098 2.19781 1.70944 1.24638 1.00073 0.909977 0.904544 0.868707 0.785505 0.437588
threshold=1.0000000180025095e-35 -0.12705645389030454 1.0000000180025095e-35 -0.38763639024624585 -0.87495087771415159 -0.85394053422997696 -0.74510021791147751 -0.38763639024624585 -1.3032794405446888 -1.3032794405446888 -0.37214521185754462 1.0000000180025095e-35 0.93136301726933213 -0.4080074644849116 0.007917733846537536 -1.0279383988949733 75.500000000000014 0.21188209017060525 -0.70587509873077303 0.19288922182918636 -0.23463456886451842 -0.73756054685119721 793.00000000000011 -0.54416142265337941 -1.4770555093753126 -0.9893232625670263 -0.36353512814783445 1.0000000180025095e-35 -1.0000000180025095e-35
decision_type=2 2 2 2 2 2 2 2 2 2 2 2 2 2 2 2 2 2 2 2 2 2 2 2 2 2 2 2 2
left_child=1 2 6 -4 9 -6 -1 -8 -9 24 11 27 14 -14 15 -3 -12 18 -10 20 23 -21 -18 -17 -5 -11 -15 -2 -23
right_child=10 12 3 4 5 -7 7 8 17 25 16 -13 13 26 -16 19 22 -19 -20 21 -22 28 -24 -25 -26 -27 -28 -29 -30
leaf_value=-0.018932011062628335 0.021537653321517396 0.019703529591658383 0.008880215725661984 -0.0050547117052274189 -0.0024924026702900564 -0.035328303342715792 -0.016804167344804836 -0.011659898519616154 -0.00064081453015286255 -0.0047303280297299813 -0.0038521850843772653 -0.014985832315896716 -0.025885019576314641 -0.0061812363609313296 0.018893176116129257 0.012834257839223137 0.022071664498763566 -0.0015638182945343303 0.02333400823097637 -0.0078546608830640241 -0.017945859857297294 0.0040337874744961668 0.0013199594777507269 -0.0046665707173755202 -0.025334948965326589 0.011241431359783857 0.0080792114724913197 0.0011255570423131423 0.018929057641282554
leaf_weight=6.0374041348695746 4.8815374672412855 4.022145450115203 5.7470460385084143 5.4971996992826462 5.8241932541131982 15.266697376966476 4.4682225883007041 6.9567881375551215 5.3553882986307206 5.1200531125068665 2.6166973561048534 5.7780474796891204 3.8651691079139718 5.810722492635251 7.5850108861923209 3.3798507153987893 25.384028226137165 7.0164574757218352 11.480460315942766 3.8723029494285575 7.4277195781469372 5.9712394773960105 3.7961862161755553 5.4947711452841768 5.1037633121013659 4.3562209457159025 6.3706786334514609 3.4452682286500931 4.3727424293756476
leaf_count=25 40 30 27 24 26 65 20 30 24 23 18 31 16 34 38 22 209 33 56 16 41 32 33 30 21 20 38 23 25
internal_value=-0.000214217 -0.00454331 -0.0089916 -0.0150035 -0.0186732 -0.0272939 -0.00173818 0.0016934 0.00521741 -0.00807136 0.0131736 0.00217509 0.00215929 -0.00686618 0.00585268 0.00215542 0.0175544 0.0107752 0.015952 -0.000784627 -0.00731521 0.0063059 0.0197641 0.00231215 -0.0172445 0.00259808 0.000906309 0.0151636 0.0124369
internal_weight=192.304 146.402 88.2299 46.9152 41.1681 21.0909 41.3147 35.2773 30.8091 20.0772 45.9018 14.1049 58.1724 16.0466 42.1258 34.5408 31.7969 23.8523 16.8358 30.5186 16.3023 14.2163 29.1802 8.87462 10.601 9.47627 12.1814 8.32681 10.344
internal_count=1070 716 394 206 179 91 188 163 143 88 354 94 322 88 234 196 260 113 80 166 93 73 242 52 45 43 72 63 57
is_linear=0
shrinkage=0.03


Tree=45
num_leaves=39
num_cat=0
split_feature=13 35 32 2 22 27 40 25 25 2 2 6 26 26 35 16 28 19 19 26 3 37 41 16 12 12 35 28 39 33 34 41 19 3 34 33 41 37
split_gain=11.942 4.74631 3.94697 2.82621 4.27808 2.97505 2.76388 2.67994 2.24826 2.22703 4.14807 2.65677 2.44241 2.46825 3.17651 2.14468 2.13526 2.0414 3.47491 2.79686 3.97838 2.00342 1.92378 2.09284 1.85643 4.36467 1.83966 1.82082 1.69815 1.68211 1.67817 1.50147 1.36588 1.36382 0.651644 0.567739 0.1887 0.0124153
threshold=1.0000000180025095e-35 -0.12705645389030454 1.0000000180025095e-35 -0.74510021791147751 -0.19786816821260858 -1.5434867532693732 603.50000000000011 -1.0000000180025095e-35 -0.37214521185754462 -0.67005117625835464 -0.59031947939247387 0.17618660953714171 -0.42053761594304739 1.3598834789025325 0.51964365261723644 0.44438683279759855 0.32292341572735911 -0.87495087771415159 -0.31047778553181288 1.3598834789025325 0.4100180366470047 -1.0000000180025095e-35 75.500000000000014 -0.32048272928298638 -0.49792031656094909 0.029235643146612887 -0.57174751245314226 -0.12229261632544879 -0.68369414862433819 -0.58161894168085748 -0.93829991419059522 407.00000000000006 -1.4770555093753126 0.1972127886782942 -0.62456521772527152 1.4286092810137248 603.50000000000011 -1.0000000180025095e-35
decision_type=2 2 2 2 2 2 2 2 2 2 2 2 2 2 2 2 2 2 2 2 2 2 2 2 2 2 2 2 2 2 2 2 2 2 2 2 2 2
left_child=1 2 3 -1 5 -5 9 37 21 -3 -11 12 16 14 28 -9 -12 19 -19 20 -4 31 -10 24 36 -26 -6 33 -14 -16 -18 -2 -22 -20 -27 -25 -24 -7
right_child=8 6 17 4 26 7 -8 15 22 10 11 -13 13 -15 29 -17 30 18 27 -21 32 -23 23 35 25 34 -28 -29 -30 -31 -32 -33 -34 -35 -36 -37 -38 -39
leaf_value=-0.018490144315066459 -0.0010065727467323869 0.023268068350335278 0.017866279083917927 -0.010164843753943897 0.00014562535032524508 0.027509908422232159 -0.015520927543208782 -0.010747414180862499 -0.0037730057763231523 -0.024088608007243724 0.022333257953299601 0.025064081368884293 -0.027035246230295077 0.016324853467025724 0.015787241452828553 0.013739070272900408 -0.011843950116611355 -0.031037974600521451 -0.0099007077101758399 -0.023479489460257994 0.0006999111741317316 -0.0097113993774356738 0.024291620690497704 0.030430571325784053 -0.024790730648881487 0.021153156845801095 -0.023280744624485632 -0.021021927475933077 -0.0046589850345177299 -0.0050794897440959103 0.012885144995935087 0.021087922733263605 -0.018816229295228238 0.009966351132857109 0 0.0061958166395763362 0.004748828629708708 0.010975179203849578
leaf_weight=6.0321563780307761 4.179069943726061 3.7064266651868811 5.6386915743351009 4.8050106763839713 4.4067064225673676 5.7455139607191086 5.4920066446065894 5.0884061902761477 2.6228465959429768 3.3355656564235678 6.7451868951320595 3.8507201373577109 5.2889924943447086 3.5427478402853003 5.0591851994395256 4.7302540242671967 3.741631031036377 12.463296562433245 4.5824035704135877 4.734795629978179 4.6770140528678894 5.6681516766548148 3.7354021593928328 11.863816142082213 2.6826606839895266 2.8448095470666876 5.4779951274394971 4.311646804213523 8.4667722880840408 5.6670272052288038 3.168293684720993 4.2203513383865356 5.6405282169580442 4.8548413664102554 2.6328067034482965 2.599474534392356 2.4281247109174728 4.9664432555437106
leaf_count=25 27 16 27 21 20 27 25 23 18 14 47 19 27 20 31 24 25 54 21 20 20 35 29 105 19 26 24 19 45 33 20 32 24 21 20 22 21 24
internal_value=-0.000217218 -0.00443574 -0.00878028 -0.00172784 0.00161766 0.00823509 0.00211457 0.0132127 0.0129271 0.00444728 0.00225017 0.00501407 0.00221639 -0.00272681 -0.00649799 0.000776555 0.0120231 -0.0146133 -0.0201518 -0.00643875 0 0.00213914 0.0172587 0.019465 0.00919303 -3.74414e-05 -0.0136668 -0.00780762 -0.0154681 0.00500127 0 0.0110021 -0.0104958 0 0.0139488 0.0274422 0.0198121 0.0226249
internal_weight=191.698 146.22 88.1557 41.2525 35.2203 25.3356 58.0646 20.5306 45.4775 52.5725 48.8661 45.5306 41.6798 28.0247 24.482 9.81866 13.6551 46.9032 26.2122 20.691 15.9562 14.0676 31.4099 28.7871 14.3238 8.16028 9.8847 13.7489 13.7558 10.7262 6.90992 8.39942 10.3175 9.43724 5.47762 14.4633 6.16353 10.712
internal_count=1070 716 394 188 163 119 322 98 354 297 281 267 248 156 136 47 92 206 115 91 71 94 260 242 115 65 44 61 72 64 45 59 44 42 46 127 50 51
is_linear=0
shrinkage=0.03


Tree=46
num_leaves=38
num_cat=0
split_feature=13 34 35 34 25 16 16 16 37 39 33 38 12 27 33 25 29 0 36 30 23 41 16 12 12 21 32 5 33 35 33 36 19 34 16 33 41
split_gain=11.4322 4.61735 3.38086 3.22021 2.94697 2.93277 3.09669 4.01967 3.26849 3.09512 3.18962 2.92461 2.79445 2.21022 2.75627 2.18183 5.08378 2.17951 3.10677 2.90543 2.01393 1.87412 2.04735 1.80387 4.18267 1.75416 1.54453 1.9393 1.25053 1.11868 1.02513 0.977665 0.864217 0.63546 0.583972 0.560171 0.18349
threshold=1.0000000180025095e-35 -1.0279383988949733 -0.12705645389030454 0.92169864342525187 1.0000000180025095e-35 1.2092563948781836 0.69934335349112686 -0.83039577067004289 -0.47470300588113806 -0.68369414862433819 -0.39548669883876647 1.0000000180025095e-35 -1.0283564953294233 -0.987733084192845 -0.39548669883876647 -0.37214521185754462 1.0000000180025095e-35 0.34908756742114772 -0.60420669826686579 -0.59635698317882224 1.0000000180025095e-35 75.500000000000014 -0.32048272928298638 -0.49792031656094909 0.029235643146612887 -1.0000000180025095e-35 1.0000000180025095e-35 -0.64390662209679395 0.31181582396117891 -0.76155467159581669 -0.39548669883876647 -0.095671975237168666 0.32925838560817094 -0.62456521772527152 0.69934335349112686 1.4286092810137248 603.50000000000011
decision_type=2 2 2 2 2 2 2 2 2 2 2 2 2 2 2 2 2 2 2 2 2 2 2 2 2 2 2 2 2 2 2 2 2 2 2 2 2
left_child=1 32 3 4 11 6 7 8 -4 -9 -11 13 -5 14 -3 16 34 18 -6 -20 -8 -17 23 36 -25 -14 27 -15 -19 -13 -7 -10 -1 -26 -2 -24 -23
right_child=15 2 5 12 17 30 20 9 31 10 -12 29 25 26 -16 21 -18 28 19 -21 -22 22 35 24 33 -27 -28 -29 -30 -31 -32 -33 -34 -35 -36 -37 -38
leaf_value=0.022905950890049848 0.020052226307995566 -0.0065456188221917674 0.028654454345169712 0 -0.021418925072575423 -0.0007026530169576984 0 -0.0249392764960574 0.010282456823905439 0.013937522497722302 -0.013960890173963568 0.021133493641764138 -0.0064555522590395648 -0.01532214574336176 0.01856744558905726 -0.0036955134501355058 -0.017822492495023171 -0.0057518631036314553 0.016762445599802351 -0.011243280776229624 0.024492822905456325 0.024060566605844512 0.030219195155209707 -0.024074055573820557 0.020955908755992188 -0.032631814160578594 -0.023231813830343357 0.008684163874172245 -0.028154706776608106 0.00079228007534945012 -0.023243233483019831 -0.0062482015726039739 0.0014647740351839092 0 0.00084302051629098912 0.0060951873298063959 0.0046708185738566265
leaf_weight=4.5042122006416303 5.9781829342246038 8.4947325736284238 3.9702286124229422 5.3042433112859753 4.4981212168931952 3.6951715499162674 4.2104304656386358 6.3776224553585026 3.7198949977755538 5.6224826574325526 6.1303425058722603 4.8491286337375641 4.8004607558250454 4.3993561267852739 4.8870087563991538 2.6288724094629314 5.2960127294063559 5.188741594552992 6.2407005429267874 4.2667619138956097 7.0182008445262909 3.6734785810112944 11.602839238941668 2.7236680611968058 2.8002336397767058 9.8368034511804527 5.7861438691616049 4.558888301253325 7.96513432264328 5.1976570934057218 4.0650304779410353 6.9017615392804101 3.5544187724590302 2.6328067034482965 2.7687015980482101 2.5880578160285941 2.4197976365685463
leaf_count=31 46 38 24 23 20 19 24 34 23 29 33 22 21 19 22 18 26 22 29 21 37 29 105 19 26 43 25 22 33 24 21 33 24 20 22 22 21
internal_value=-0.000205296 -0.00432578 -0.00570081 -0.00928814 -0.00573338 0.000264571 0.00349999 -0.00116284 0.00981388 -0.0103777 -9.48184e-05 -6.02511e-05 -0.0196044 -0.00519393 0.00316957 0.0127152 0.00208654 -0.0128296 -0.00385067 0.00490659 0.0160954 0.0170176 0.0192218 0.00905671 -1.47497e-05 -0.0258169 -0.0127456 -0.00303822 -0.0212204 0.0125997 -0.0150104 0 0.0157905 0.0137802 0.0155709 0.0272052 0.0195944
internal_weight=191.156 146.044 137.985 86.2739 66.3324 51.7112 43.951 32.7223 14.5919 18.1304 11.7528 38.1729 19.9415 28.1261 13.3817 45.1127 14.0429 28.1595 15.0056 10.5075 11.2286 31.0698 28.4409 14.25 8.15671 14.6373 14.7444 8.95824 13.1539 10.0468 7.7602 10.6217 8.05863 5.43304 8.74688 14.1909 6.09328
internal_count=1070 716 661 384 297 277 237 176 80 96 62 172 87 126 60 354 94 125 70 50 61 260 242 115 65 64 66 41 55 46 40 56 55 46 68 127 50
is_linear=0
shrinkage=0.03


Tree=47
num_leaves=35
num_cat=0
split_feature=41 19 41 36 13 30 34 34 16 2 25 20 22 22 28 40 15 16 28 29 41 20 30 26 28 26 40 22 41 25 41 14 22 15
split_gain=10.9911 5.75125 4.10603 4.03769 3.19899 3.67435 2.49586 4.23742 2.4487 2.64843 2.97663 2.33507 1.99676 4.07915 3.09865 2.57162 1.95784 1.85646 2.38369 1.61164 1.76902 1.56274 1.46404 1.19819 2.26262 1.14303 1.09457 1.03562 0.93859 0.802472 2.32567 0.519871 0.365072 0.291656
threshold=488.00000000000006 -0.31047778553181288 121.00000000000001 1.4551071801405215 1.0000000180025095e-35 -0.92902637488040674 0.58555432578383371 0.92169864342525187 1.2092563948781836 -0.54349292726489284 -0.70587509873077303 -1.1472058050105272 0.21551082297676347 0.21551082297676363 0.48987942774716225 430.00000000000006 -1.5169611260605607 -0.57543924997651463 -0.88750767141621234 1.0000000180025095e-35 105.50000000000001 -0.41035134699543491 -0.11814473260779496 0.52203825779872992 -0.88750767141621234 1.0000000180025095e-35 439.50000000000006 -1.3346603939833812 439.50000000000006 0.96277433563536963 719.00000000000011 -0.57639255748796525 -0.92128140279400939 -0.78936378356457892
decision_type=2 2 2 2 2 2 2 2 2 2 2 2 2 2 2 2 2 2 2 2 2 2 2 2 2 2 2 2 2 2 2 2 2 2
left_child=1 2 -1 6 5 -3 17 -8 9 10 22 -9 15 -14 33 -11 -2 23 27 20 -6 32 -7 24 -4 -16 -12 -19 -22 -18 -31 -30 -20 -15
right_child=16 4 3 -5 19 8 7 11 -10 12 26 -13 13 14 25 -17 29 18 21 -21 28 -23 -24 -25 -26 -27 -28 -29 31 30 -32 -33 -34 -35
leaf_value=0.014680033271617595 -0.0044288853863814499 0.020775733704936079 -0.0085461707255503824 -0.031759242243933075 -0.0022894467946449819 0.012435113101541892 0.01554627026018569 0.0041833896273723581 -0.018284432889540271 -0.0038332292122633164 -0.027694608621578593 -0.019998270086098845 -0.024286025137116436 0.025131255343054874 -0.01473945067947499 0.022984731730940389 0.022841012456851616 -0.0026750237908713158 0.00091918284693053118 -0.00097875118426085585 0.027727954866979231 -0.0074573056376596013 -0.0074223807726605372 -0.0025415534742004304 -0.033851916706363214 0.0030642213822149886 -0.0049048077433853027 -0.022530515239788655 -0.00036277740744617511 0.019290154984911084 -0.009857005478072875 0.014181500873974191 0.015279160593236224 0.0063673082102192356
leaf_weight=4.6247109845280638 2.5306107774376896 4.6466541290283194 8.5316568315029144 6.3998431563377371 2.8653559461236027 4.8649007529020309 8.3209777474403399 4.8389140367507935 7.2102197110652915 3.95816922187805 5.3918770998716337 7.0847364217042905 3.8593947291374233 3.3869965970516205 4.2439413070678693 7.242729440331459 17.998859830200676 5.1952868402004242 3.8322666361927959 5.5952092111110678 7.1461282819509488 6.666561312973502 5.3329010307788867 4.6128502041101447 7.1350092142820367 5.5946813523769379 4.7282761484384537 6.1441469937562925 2.9968364834785461 4.1260628998279563 2.8385209068655968 2.6454498320817947 4.2301593273878106 3.8209816217422512
leaf_count=29 16 21 38 28 22 21 39 21 35 19 23 31 18 21 23 41 155 22 18 33 66 32 23 20 34 30 20 27 21 35 23 20 23 22
internal_value=-0.000194059 -0.00322247 -0.00907045 -0.0109211 0.00208037 -0.00122986 -0.00817484 0.000345733 -0.00351032 -0.000915017 -0.00912022 -0.0103669 0.00427419 -0.00108831 0.00537963 0.0137019 0.0168064 -0.0119162 -0.00575237 0.0117789 0.0163756 0.00194423 0.00191761 -0.0186221 -0.0223715 -0.00502026 -0.0195709 -0.0152761 0.0207788 0.0193148 0.00706034 0.0071626 0.0102959 0.0186836
internal_weight=190.642 163.148 77.6171 72.9924 85.5307 64.2817 66.5926 20.2446 59.6351 52.4248 20.318 11.9237 32.1069 20.906 17.0466 11.2009 27.4941 46.3479 26.0684 21.249 15.6538 14.729 10.1978 20.2795 15.6667 9.83862 10.1202 11.3394 12.7884 24.9634 6.96458 5.64229 8.06243 7.20798
internal_count=1070 841 362 333 479 317 305 91 296 261 87 52 174 114 96 60 229 214 122 162 129 73 44 92 72 53 43 49 107 213 58 41 41 43
is_linear=0
shrinkage=0.03


Tree=48
num_leaves=33
num_cat=0
split_feature=41 41 28 38 2 36 26 12 29 6 15 20 20 31 30 37 33 24 16 36 16 29 22 36 24 30 25 41 22 26 33 12
split_gain=10.5034 5.37749 3.15971 3.17211 3.17845 2.95286 2.81278 2.43867 2.27476 2.01213 1.90024 1.88462 2.94404 3.69019 2.83728 4.58258 3.49332 4.66376 2.55193 3.8471 3.00137 1.69213 2.66132 1.81736 1.63111 1.22125 1.1135 1.63344 1.05297 1.02887 0.847547 0.274545
threshold=488.00000000000006 381.50000000000006 0.99074746380657086 1.3507188738722664 -0.77256335794305875 -1.0553542303299206 0.83623021571265599 -1.4466692918109552 1.0000000180025095e-35 -0.15656706226981051 -1.5169611260605607 -0.41035134699543491 -0.16473319432373726 0.17261612523823236 -1.3032794405446888 1.0000000180025095e-35 -0.58161894168085748 1.0000000180025095e-35 0.69934335349112686 0.67971760245167634 -1.0853522913635711 1.0000000180025095e-35 0.31885557077410653 -0.60420669826686579 -1.3067928432068061 -1.0537773967685007 0.96277433563536963 719.00000000000011 -0.92128140279400939 -1.0000000180025095e-35 -0.39548669883876647 0.23704286810628269
decision_type=2 2 2 2 2 2 2 2 2 2 2 2 2 2 2 2 2 2 2 2 2 2 2 2 2 2 2 2 2 2 2 2
left_child=1 5 3 4 25 -1 9 -6 -5 -4 -2 14 13 -13 15 -9 28 -18 20 -20 -14 22 30 -24 -12 -3 -26 -28 -16 -23 -7 -25
right_child=10 2 6 8 7 21 -8 11 -10 -11 24 12 18 -15 16 -17 17 -19 19 -21 -22 29 23 31 26 -27 27 -29 -30 -31 -32 -33
leaf_value=0.024122871054406213 -0.0043383029800898231 -0.0082843021606743821 0.011996695821445642 -0.0073848840527275137 0.013950484521894608 0.003120902193063001 0.027073288074746987 -0.027122890611338549 0.016054826681354339 -0.014457904775860085 0 -0.034799899717940098 0.0037112071167533451 -0.00050253584138565432 -0.018551555732607281 0.0051307345246423396 -0.0057985172750272497 0.022522918897357923 0.018685031503691604 -0.013366443190425075 -0.020033745982226927 0.0029635698512165318 -0.0025513100520884327 0.026803686359391711 0.02611570788926015 -0.028173816375277029 0.017419626819012626 -0.0084776052711101248 -0.001403374388142898 -0.015012435670911099 -0.014223288313181127 0.0070626900675867174
leaf_weight=6.0271619632840148 2.5371654182672527 7.6379656046628979 3.3116830140352249 4.9226887449622136 3.4638438001275054 3.4122896268963814 3.1730076596140862 7.7618598490953357 7.2058483511209488 3.9816575646400434 3.2678926065564182 7.7415020167827588 5.9956782758235958 4.6503453850746155 4.6901145279407492 5.7562548518180847 8.1072189062833946 10.16952273994684 6.1997670233249647 4.4235901311039925 12.872199177742006 3.5851170644164085 2.8005259335041073 5.2149081155657715 15.5042020380497 8.9149286746978742 3.5608782321214667 2.3007270693778992 9.1171093583106906 4.9430367052555066 3.4722395315766397 3.3506097570061684
leaf_count=48 16 32 24 24 17 19 18 33 32 19 25 36 30 22 21 25 39 50 34 21 61 22 21 41 138 38 31 19 42 24 23 25
internal_value=-0.000196263 -0.00314751 -0.00590637 -0.00733296 -0.00899603 0.00739818 0.00877333 -0.00648416 0.00633524 -0.00176599 0.0165276 -0.00758219 -0.0121271 -0.0238049 -0.00302726 -0.0138485 0.00176835 0.0101697 -0.00611198 0.00484132 -0.0124761 0.00234184 0.00748737 0.015799 0.0190319 -0.0207795 0.0218673 0.00678351 -0.00886745 -0.00754432 -0.00589071 0.0218809
internal_weight=190.074 162.903 130.097 119.63 107.502 32.8059 10.4663 90.949 12.1285 7.29334 27.1709 87.4852 41.8831 12.3918 45.6021 13.5181 32.084 18.2767 29.4912 10.6234 18.8679 26.7787 18.2506 11.366 24.6337 16.5529 21.3658 5.86161 13.8072 8.52815 6.88453 8.56552
internal_count=1070 841 618 557 501 223 61 431 56 43 229 414 204 58 210 58 152 89 146 55 91 175 129 87 213 70 188 50 63 46 42 66
is_linear=0
shrinkage=0.03


Tree=49
num_leaves=34
num_cat=0
split_feature=13 34 35 34 25 12 32 20 21 23 24 32 23 22 25 29 23 15 30 32 21 22 20 20 34 32 0 35 35 23 34 24 19
split_gain=10.0436 4.24196 3.00585 2.9138 2.75405 2.6161 2.54358 2.5003 2.37652 2.39155 2.35448 3.33035 2.29775 2.62439 2.14645 4.71289 2.4556 1.87736 2.3929 2.70372 1.64264 1.60489 1.48019 1.95983 1.32868 3.4688 1.2276 1.16237 1.686 1.1106 1.18573 1.04532 0.877838
threshold=1.0000000180025095e-35 -1.0279383988949733 -0.12705645389030454 0.92169864342525187 1.0000000180025095e-35 -1.0283564953294233 0.19288922182918636 -0.87925872936867544 -0.67663983063395328 1.1083041369774185 0.27803630339910707 -0.74217502863377027 1.6970398430275195 0.93892405755816488 -0.37214521185754462 -1.0000000180025095e-35 1.0000000180025095e-35 0.18076600643006369 -1.3032794405446888 -1.0000000180025095e-35 -1.0000000180025095e-35 -0.19786816821260858 -0.41035134699543491 -0.87925872936867544 -0.42287862714042063 -1.0000000180025095e-35 0.53722009584137986 0.2634039877746257 0.71894116971704514 -0.65790298117288482 -0.75902294478183896 -1.3067928432068061 0.32925838560817094
decision_type=2 2 2 2 2 2 2 2 2 2 2 2 2 2 2 2 2 2 2 2 2 2 2 2 2 2 2 2 2 2 2 2 2
left_child=1 32 3 4 8 -5 10 26 -3 17 11 -4 13 21 15 16 -2 18 -10 -20 -7 -8 23 -16 -9 -26 -6 -13 -29 30 31 -24 -1
right_child=14 2 6 5 7 20 12 24 9 -11 -12 27 -14 -15 22 -17 -18 -19 19 -21 -22 -23 29 -25 25 -27 -28 28 -30 -31 -32 -33 -34
leaf_value=0.022602823579735025 -0.00638135623439359 -0.017111416791862174 0.0077876316734313217 0 0.0089068740154913915 -0.0059113798492487378 0.0036260154217949182 -0.029914072763057915 -0.014518817801745574 -0.012272871023110157 0.010356775188948822 -0.025118148294497298 -0.0099268618202428775 -0.0062673327640535431 0.017249031425750207 -0.017446002831968531 0.023718065277372608 0.018487176045351578 0.015005653796551799 -0.0092154159135641421 -0.031151953549156234 0.025214786737008891 0 -0.0085857212275809863 0.0086964498949415828 -0.020849498578734173 -0.0094200640848129871 0.0031469071188158031 -0.018103600241644723 0.02755832317177213 -0.0013831531000821444 0.022220105552897912 0.0011008886765193065
leaf_weight=4.4028073251247397 2.4214414060115796 4.7096251994371405 5.8759158179163995 5.2826985567808178 5.1823064088821429 4.7867014408111599 6.3730223849415806 5.7485171854496029 4.5906200259923962 5.7450407147407523 5.1298534125089637 6.8912255614995983 3.9912214875221244 4.2869408130645743 3.3021464720368385 5.3094748705625525 6.0653357282280922 7.3581296652555457 11.039857432246208 4.6633454412221917 9.8121837824583 8.5530275627970713 2.4468439817428589 4.2097222581505802 4.3794309049844768 7.8170090913772539 4.9766213744878769 5.6090151220560056 4.7889637425541878 10.629761531949041 3.8698881864547738 5.7576276510953903 3.5099272429943085
leaf_count=31 18 21 36 23 24 21 32 25 20 25 28 34 18 22 26 26 50 32 53 21 43 48 19 32 21 34 21 33 26 95 33 55 24
internal_value=-0.000189982 -0.00403186 -0.00534639 -0.0087307 -0.00534508 -0.0185591 0.000284998 -0.0122095 0 0.0030314 -0.00550928 -0.0096822 0.00749886 0.0118652 0.0120937 0.0015437 0.0148608 0.00688476 0.00141978 0.00728765 -0.0245706 0.0175351 0.0164207 0.00308596 -0.0185116 -0.0100117 0 -0.0160866 -0.00718454 0.02012 0.010808 0.0165016 0.0153978
internal_weight=189.516 145.504 137.591 86.0921 66.2105 19.8816 51.4992 28.1039 38.1066 33.397 28.295 23.1651 23.2042 19.213 44.0122 13.7963 8.48678 27.652 20.2938 15.7032 14.5989 14.926 30.216 7.51187 17.945 12.1964 10.1589 17.2892 10.398 22.7041 12.0744 8.20447 7.91273
internal_count=1070 716 661 384 297 87 277 125 172 151 157 129 120 102 354 94 68 126 94 74 64 80 260 58 80 55 45 93 59 202 107 74 55
is_linear=0
shrinkage=0.03


Tree=50
num_leaves=36
num_cat=0
split_feature=13 14 40 2 17 13 36 15 24 20 12 15 29 2 35 25 29 23 29 37 40 16 35 12 20 20 29 23 22 24 27 12 28 21 30
split_gain=9.61003 3.91989 2.35912 3.24836 2.79334 2.90072 3.31728 2.79154 4.14925 3.69053 2.86899 2.28323 2.09213 2.49343 2.65189 2.08076 4.49505 2.38912 1.94649 3.84166 1.7471 1.72363 1.84089 1.83945 1.43777 1.88929 1.28033 1.09562 1.07454 1.04529 0.800285 0.710794 0.705149 0.938531 0.617297
threshold=1.0000000180025095e-35 1.2459219763984 439.50000000000006 -0.67005117625835464 0.59610182118019628 -0.48644734087738323 0.12586790410250112 -0.9106300073139092 -0.35589535524325827 0.46047664884058365 0.24373220445082089 1.5146944676726977 -1.0789134968951326 -0.50932220003665829 -0.87543896708142144 -0.37214521185754462 -1.0000000180025095e-35 1.0000000180025095e-35 0.49278775975389372 -0.47470300588113806 603.50000000000011 -1.0853522913635711 -1.6933352710234919 -1.1137357842407416 -0.41035134699543491 -0.87925872936867544 -0.34919505630808473 -0.65790298117288482 1.3523030487475365 -1.3067928432068061 -0.61723063814182577 1.2003692492235054 0.12019111541759846 1.0000000180025095e-35 -0.67952433110421839
decision_type=2 2 2 2 2 2 2 2 2 2 2 2 2 2 2 2 2 2 2 2 2 2 2 2 2 2 2 2 2 2 2 2 2 2 2
left_child=1 2 3 -1 12 -6 -7 8 -5 10 -9 21 -4 14 -14 16 17 -2 20 -20 32 -3 -23 -24 25 -17 -8 28 29 -26 -25 -31 -15 -34 -10
right_child=15 11 4 7 5 6 26 9 34 -11 -12 -13 13 18 -16 24 -18 -19 19 -21 -22 22 23 30 27 -27 -28 -29 -30 31 -32 -33 33 -35 -36
leaf_value=0.013690278554743713 -0.0062470366592029406 -0.0013296611947150108 -0.010659777647064921 -0.018904408640467371 0.0077312383200968332 0.0020052368168160485 -0.0064369294281827732 -0.031410105948805861 0.0017535168835780958 0.0046075700046399916 -0.0029460558349149852 0.0030303219782580985 0.011720310799620683 0.026788034166155748 -0.013297022052436594 0.017031093236957805 -0.016951383472768731 0.023460758510722601 -0.013844933323692254 0.016513350653191781 -0.00048643580652772136 -0.0020828922810474208 -0.0051266964501733518 -0.039263627182076613 -9.5550560189993315e-05 -0.008361296487458994 -0.034168641368757934 0.027317138098816449 -0.002616076289158567 0.025341232478788282 -0.013925626458731062 0.00055253535298120475 0.016922277880312166 -5.6030971608763155e-05 0.019233023760053512
leaf_weight=4.3797226101160041 2.4313993677496892 6.6196251511573818 4.6555009782314292 4.6513308733701697 6.9242652654647836 6.187449887394906 3.9723176062107086 10.681366115808492 4.4400920420885077 4.6494692414998999 5.439555659890174 5.7639055401086798 4.887420266866684 9.3526058718562179 7.7440150529146177 3.2638473883271217 5.3437048941850653 5.9658636227250099 5.8726750612258911 6.0757480263710004 3.671529456973075 5.056065887212756 4.7311740517616334 6.0842701345682197 2.3014520108699799 4.2329375371336964 4.5073957294225675 10.418353043496607 2.9581203311681739 4.7818918004632014 5.4168718159198654 1.940857946872711 5.7479603663086873 3.7515007331967354 4.1055408120155326
leaf_count=20 18 28 27 20 31 35 22 46 19 23 25 24 23 62 34 26 26 50 31 33 18 21 20 26 18 32 20 95 27 44 23 18 39 25 21
internal_value=-0.000191005 -0.003941 -0.00111593 -0.00703421 0.00197692 -0.00666673 -0.0139217 -0.0103416 0.000132019 -0.0168263 -0.0232146 -0.0126946 0.00578151 0.00780878 -0.00297601 0.011884 0.00148186 0.0146096 0.0118867 0.00126608 0.0168402 -0.0161352 -0.0200852 -0.0247037 0.0161746 0.00302316 -0.0246991 0.0198589 0.0106114 0.0152723 -0.0307748 0.0203207 0.0202966 0.0105785 0.0123663
internal_weight=189.008 145.369 111.697 38.3471 73.3504 21.5914 14.6672 33.9674 13.197 20.7704 16.1209 33.6719 51.759 47.1035 12.6314 43.6384 13.741 8.39726 34.472 11.9484 22.5236 27.908 21.2884 16.2323 29.8975 7.49678 8.47971 22.4007 11.9823 9.0242 11.5011 6.72275 18.8521 9.49946 8.54563
internal_count=1070 716 574 174 400 108 77 154 60 94 71 142 292 265 57 354 94 68 208 64 144 118 90 69 260 58 42 202 107 80 49 62 126 64 40
is_linear=0
shrinkage=0.03


Tree=51
num_leaves=34
num_cat=0
split_feature=13 34 14 15 25 29 23 2 40 23 29 30 25 15 30 32 34 17 36 0 16 12 23 20 20 34 23 34 23 32 12 27 33
split_gain=9.19834 3.98311 2.73545 2.18886 2.01729 4.28778 2.32441 1.96763 2.35455 3.51433 3.90476 4.81086 3.9954 2.35419 3.39168 2.28154 1.87595 1.77462 3.82687 2.25921 1.64829 1.63573 2.75748 1.39662 1.82147 1.11333 1.07948 1.15618 0.855966 0.388729 0.330806 0.282069 0.0815665
threshold=1.0000000180025095e-35 -1.0279383988949733 1.2459219763984 1.5146944676726977 -0.37214521185754462 -1.0000000180025095e-35 1.0000000180025095e-35 -0.69283166107717775 430.00000000000006 1.3536106811649609 -0.51863110447858152 0.25610833305648756 -0.37214521185754462 -0.9106300073139092 0.0066062892802991298 -0.11277463819609936 0.24941000814241543 0.59610182118019628 0.12586790410250112 0.21470718997812469 -1.0853522913635711 -1.2585856028497526 -1.0000000180025095e-35 -0.41035134699543491 -0.87925872936867544 -0.28842090008385374 -0.65790298117288482 -0.75902294478183896 -0.95227083419793535 0.61091794556556744 -0.026799991227371426 -0.61723063814182577 -0.39548669883876647
decision_type=2 2 2 2 2 2 2 2 2 2 2 2 2 2 2 2 2 2 2 2 2 2 2 2 2 2 2 2 2 2 2 2 2
left_child=1 28 7 20 5 6 -2 -3 13 10 16 17 -13 15 29 -9 25 19 -19 -12 -4 -22 -23 24 -6 -10 27 30 -1 32 -25 -24 -15
right_child=4 2 3 -5 23 -7 -8 8 9 -11 11 12 -14 14 -16 -17 -18 18 -20 -21 21 22 31 26 -26 -27 -28 -29 -30 -31 -32 -33 -34
leaf_value=0.0030519197990680085 -0.0061157131602735748 0.013747142258674672 -0.0012970954150153334 0.0029576700822130527 0.016815847802601057 -0.016474006622386683 0.023206253311881236 -0.011147051837343804 0.014013607695852534 -0.018384628603729743 0.011942902702733366 0.0023217559410142132 -0.033990035097597578 -0.0061743907579626224 0.0018625798720267113 0.012206204664345119 0.025168810476129511 0.0092423596906742247 -0.022458736071657489 -0.0081062952958996029 -0.0027556159546495537 -0.0018402454762918511 -0.038154304668602361 0.0056468990704301603 -0.0081434181866297441 -0.004537263743386491 0.027078483540633767 -0.001558869764554844 0.024423017613493515 -0.032447426908946107 0.022725498599949507 -0.015154160206881321 -0.018613864474485112
leaf_weight=4.5706015825271606 2.4411614090204221 4.685546711087226 6.6199035644531277 5.7651528716087332 3.2262286096811295 5.3765541017055503 5.8682855367660522 5.9914732426404953 3.4945761412382117 6.9609165489673606 19.322480954229835 3.7756339535117149 5.2817979678511602 5.1562369763851148 6.1260918676853171 6.0372253358364087 6.6498512476682654 5.4838673546910268 5.1703175604343414 5.1431722044944754 5.2606014460325285 4.5091121047735259 6.3352711349725741 4.5375321507453918 4.2555883079767254 5.1017983108758918 10.211229823529719 3.8481409102678308 3.2447282522916785 4.7971543967723838 3.5126576647162437 5.1397624462842835 4.5343581289052999
leaf_count=32 18 22 28 24 26 26 50 26 23 33 104 22 28 23 30 29 38 27 23 22 22 19 27 40 32 29 95 33 23 20 34 22 20
internal_value=-0.000189508 -0.00385248 -0.00512383 -0.0124197 0.0116801 0.00142255 0.0143624 -0.0025577 -0.00358248 -0.000192765 0.00223994 -0.00224827 -0.0201057 -0.00998901 -0.0158065 0.00018428 0.0146397 0.00282824 -0.00652117 0.00727227 -0.0157941 -0.0196642 -0.024172 0.0159337 0.00296214 0.0033713 0.019602 0.0104245 0.0150727 -0.0231269 0.0161262 -0.0312577 -0.014246
internal_weight=188.435 145.158 137.342 33.6298 43.2774 13.686 8.30945 103.712 99.027 66.3844 59.4235 44.1773 9.05743 32.6425 20.6138 12.0287 15.2462 35.1198 10.6542 24.4657 27.8647 21.2447 15.9841 29.5914 7.48182 8.59637 22.1096 11.8983 7.81533 14.4877 8.05019 11.475 9.6906
internal_count=1070 716 661 142 354 94 68 519 497 349 316 226 50 148 93 55 90 176 50 126 118 90 68 260 58 52 202 107 55 63 74 49 43
is_linear=0
shrinkage=0.03


Tree=52
num_leaves=38
num_cat=0
split_feature=41 19 23 20 30 36 35 19 39 30 28 22 40 37 14 12 28 34 31 34 22 15 35 29 24 31 35 40 36 31 14 36 31 40 34 26 38
split_gain=9.29209 4.80092 3.91068 3.18313 2.9393 3.6766 2.51514 3.88243 2.75562 4.92517 2.53954 2.3943 2.72792 2.6377 2.37385 2.26699 2.21909 1.94282 2.84308 1.90607 1.8777 1.83957 1.7386 1.60014 1.55726 1.51887 1.31898 1.23809 1.32247 1.10711 1.09157 0.81075 0.48492 0.331774 0.145996 0.131603 0.130881
threshold=488.00000000000006 -0.31047778553181288 1.1083041369774185 -0.87925872936867544 -0.92902637488040674 -1.0553542303299206 0.32667304082218368 0.63031070143875156 1.0000000180025095e-35 0.87986344249695803 1.8255275239055859 -0.92128140279400939 244.50000000000003 1.0000000180025095e-35 1.2459219763984 0.27095812934008728 0.12019111541759846 0.38386773519898293 1.0948059596640027 -0.22119203655556999 -0.50790241160463734 -1.5169611260605607 -0.30601748965339781 1.0000000180025095e-35 -1.3067928432068061 0.17261612523823236 -0.41990178513900261 244.50000000000003 0.79048754212151151 -0.19625980853207564 1.7174228350541214 -0.095671975237168666 0.35705409212338662 480.50000000000006 1.1233852340101029 -1.3631134896848245 -0.59184724849779391
decision_type=2 2 2 2 2 2 2 2 2 2 2 2 2 2 2 2 2 2 2 2 2 2 2 2 2 2 2 2 2 2 2 2 2 2 2 2 2
left_child=1 2 3 14 -3 36 7 16 10 31 27 29 -13 20 15 19 17 23 -19 -1 -14 -2 -9 -7 -23 -21 -26 -8 33 -5 -16 -10 -18 -29 -4 -28 -6
right_child=21 4 34 11 5 6 8 22 9 -11 -12 12 13 -15 30 -17 32 18 -20 25 -22 24 -24 -25 26 -27 35 28 -30 -31 -32 -33 -34 -35 -36 -37 -38
leaf_value=0.01478629233478395 -0.0046403914241176427 0.021433233415357571 -0.0095006688970344522 -0.032213302252119672 0.0066289839497325363 -0.0074921256656035754 0.00024259731565075932 -0.0016819038770357609 -0.029557583894350006 0.014117145474648944 -0.0095287147735116269 -0.021885076684687338 0.020202484799705527 -0.01169895350184217 -0.016639225014910945 0.02423075417515122 0.0011993076037004791 -0.026400908424553431 0.0013416402426815477 -0.015497025648080977 -0.001487384737895519 0 -0.028917594471485241 0.012111762800044211 0 0.0051775821336658137 0.0071485846020713142 0.028615119415240076 0 -0.0086844663351518317 8.3329643224323713e-05 -0.0055420209591910945 0.018118572371186314 0.0069332685082765574 -0.026476371947239764 0.025660866499096654 0.024689083377795497
leaf_weight=4.8142342865467098 2.5103901401162174 4.9444403499364844 4.4415608420968047 4.5902010947465897 3.2690640911459923 5.647658005356794 4.4594036787748399 3.7534108832478523 3.3879391178488731 4.8195415288209915 3.15480101853609 4.7821781486272874 5.4400127530097961 7.4294927790760985 4.9780712574720365 4.4045278504490843 3.6620403304696074 5.6023077368736249 5.2664913684129715 5.0505699813365954 6.0912530198693293 3.2455936595797565 6.7614113539457303 6.1404027119278908 2.5133941099047759 4.5734589099884033 2.8130818307399847 6.8270501196384412 2.7449106350541106 6.1204288899898476 6.1357782334089279 3.8859944120049459 3.6887434720993042 2.8810869678854942 8.4313911199569684 15.210310108959659 3.4083155468106261
leaf_count=24 16 23 20 20 25 27 24 17 19 35 20 21 28 37 21 26 20 25 24 22 32 25 35 31 18 21 26 55 15 27 26 22 20 16 37 144 26
internal_value=-0.000191173 -0.00295315 -0.008296 -0.0048883 0.00193416 0.000270038 -0.00176537 -0.00668628 0.00427838 -0.00626117 0.0109019 -0.010942 -0.00471567 0.000608417 0.00207311 0.00847311 -0.000674061 -0.00552396 -0.0139407 0.00146161 0.00943227 0.0158106 -0.0211186 0.0024825 0.0183539 -0.00575947 0.0212151 0.0155047 0.0199263 -0.021978 -0.00801926 -0.0205524 0.0119993 0.0245049 -0.0226395 0.02385 0.0194189
internal_weight=187.881 161.588 77.2832 64.4102 84.305 79.3606 72.6832 40.5225 32.1607 12.0935 20.0673 34.4536 23.7429 18.9608 29.9566 18.8428 30.0076 22.6569 10.8688 14.4383 11.5313 26.2928 10.5148 11.7881 23.7824 9.62403 20.5368 16.9125 12.453 10.7106 11.1138 7.27393 7.35078 9.70814 12.873 18.0234 6.67738
internal_count=1070 841 362 305 479 456 405 199 206 76 130 165 118 97 140 93 147 107 49 67 60 229 52 58 213 43 188 110 86 47 47 41 40 71 57 170 51
is_linear=0
shrinkage=0.03


Tree=53
num_leaves=37
num_cat=0
split_feature=41 19 23 20 30 13 16 33 23 32 28 15 34 35 16 2 33 30 33 22 22 28 40 26 15 15 29 35 24 35 13 4 28 16 15 26
split_gain=8.88131 4.58964 3.72059 3.04507 2.81774 3.15005 2.67085 2.80313 4.04643 2.55981 2.28672 2.54992 4.37087 3.62358 2.26855 2.24387 3.34923 2.14124 2.13193 1.87011 3.64486 2.92403 2.37577 2.24418 1.79052 1.78564 1.70651 1.81214 1.51756 1.86291 1.08775 0.795854 0.808624 0.346862 0.294173 0.147771
threshold=488.00000000000006 -0.31047778553181288 1.1083041369774185 -0.87925872936867544 -0.92902637488040674 1.0000000180025095e-35 0.95429987418465523 -0.39548669883876647 -0.36353512814783445 -0.11277463819609936 -0.6788126563914586 0.90836334892604575 0.38386773519898293 -1.3499568649381077 1.2092563948781836 -0.54349292726489284 -0.58161894168085748 -0.11814473260779496 -0.80497763309136672 0.21551082297676347 0.21551082297676363 0.48987942774716225 430.00000000000006 -0.10634565802912162 -0.30429888856725767 -1.5169611260605607 1.0000000180025095e-35 0.42387731323161443 -1.3067928432068061 -0.57174751245314226 -0.56040161062889815 -0.57495568511738859 1.8255275239055859 -1.0000000180025095e-35 -0.78936378356457892 -1.3631134896848245
decision_type=2 2 2 2 2 2 2 2 2 2 2 2 2 2 2 2 2 2 2 2 2 2 2 2 2 2 2 2 2 2 2 2 2 2 2 2
left_child=1 2 3 10 -3 14 7 9 -9 -5 11 12 13 -1 15 16 17 -6 -4 22 -21 34 -17 -23 -8 -2 27 -7 -27 -30 -10 -29 -33 -15 -22 -31
right_child=25 4 18 6 5 26 24 8 30 -11 -12 -13 -14 33 -16 19 -18 -19 -20 20 21 23 -24 -25 -26 28 -28 31 29 35 -32 32 -34 -35 -36 -37
leaf_value=0.011075547139250881 -0.0045453975283557711 0.021044835883055529 -0.031382331873709202 0.012754267506190185 0.012848520546771764 -0.0037747967664534371 0.016340443063215325 -0.037843631060587794 0.0019561344023636493 -0.014020697253829513 0.019007239474357691 -0.017909835012504163 0.022717960669607195 -0.0047227204103368883 -0.017346198938506266 -0.0034395360753575769 -0.021457110860109721 -0.009635994388062067 -0.0044967642961679898 -0.022909698240314663 0.024658634103989038 -0.01988931849966568 0.022423756110034509 0.0055380408179022964 -0.0074251395469623251 0 -0.0030871977303061314 0.001902093322736635 -0.0021622590681876597 0.0070334530602321216 -0.015794113575498949 0.027741622983372908 0.0017073818639840844 -0.021520367626830871 0.0060273268849852894 0.025688323676758631
leaf_weight=5.7288317531347337 2.5172126889228847 4.9127880781888953 7.4312451779842377 4.3642570599913597 6.2472553849220276 2.7145526856184032 3.5846569463610649 6.9306290298700324 5.0120920538902274 5.5019839555025083 4.3794155344367018 5.1352909207344046 5.6830222159624091 3.9364222809672409 7.2145396918058387 3.9619159996509605 8.1476268321275658 5.8786098361015338 5.4286932647228223 3.8738716691732433 3.2920585572719574 3.7128900140523946 7.0710367113351822 6.0790733397006935 4.7945348620414716 3.2455936595797565 5.1810167282819739 2.8307548239827147 2.0860720947384932 2.7981373965740302 4.2793881744146409 7.2058620750904065 2.040823370218277 5.0274985209107363 3.7649137154221561 15.349486418068393
leaf_count=25 16 23 33 23 27 22 20 33 22 25 24 22 26 20 35 19 35 25 24 18 21 20 41 33 21 25 31 21 15 26 21 69 17 23 22 147
internal_value=-0.000188007 -0.00288045 -0.00810546 -0.00477703 0.00190321 0.000272747 -0.0106935 -0.0152588 -0.0224345 -0.00152895 0.00203923 -0.00154525 0.00325008 -0.0053163 -0.00314843 -0.000636731 -0.00820124 0.00164691 -0.0221059 0.00416427 -0.00103148 0.00513334 0.0133575 -0.00493339 0.00307189 0.01555 0.0102111 0.0150926 0.0180882 0.0209496 -0.00672213 0.0197237 0.0235943 -0.0164517 0.0182189 0.0238739
internal_weight=187.344 161.348 77.218 64.358 84.1296 79.2168 34.4675 26.0884 16.2221 9.86624 29.8905 25.5111 20.3758 14.6928 59.2438 52.0293 20.2735 12.1259 12.8599 31.7558 20.7228 16.8489 11.033 9.79196 8.37919 25.9965 19.973 14.792 23.4793 20.2337 9.29148 12.0774 9.24669 8.96392 7.05697 18.1476
internal_count=1070 841 362 305 479 456 165 124 76 48 140 116 94 68 296 261 87 52 57 174 114 96 60 53 41 229 160 129 213 188 43 107 86 43 43 173
is_linear=0
shrinkage=0.03


end of trees

feature_importances:
Column_35=116
Column_29=84
Column_40=84
Column_15=81
Column_28=77
Column_41=70
Column_22=67
Column_23=66
Column_20=65
Column_12=64
Column_36=64
Column_2=53
Column_19=52
Column_34=52
Column_32=51
Column_25=50
Column_26=47
Column_33=47
Column_13=46
Column_24=46
Column_30=44
Column_21=43
Column_16=38
Column_37=36
Column_14=30
Column_27=29
Column_31=22
Column_38=21
Column_39=21
Column_1=20
Column_17=17
Column_5=14
Column_0=13
Column_9=10
Column_8=8
Column_11=7
Column_4=6
Column_3=5
Column_6=4
Column_7=1

parameters:
[boosting: gbdt]
[objective: binary]
[metric: binary_logloss]
[tree_learner: serial]
[device_type: cpu]
[data_sample_strategy: bagging]
[data: ]
[valid: ]
[num_iterations: 800]
[learning_rate: 0.03]
[num_leaves: 96]
[num_threads: 1]
[seed: 42]
[deterministic: 0]
[force_col_wise: 1]
[force_row_wise: 0]
[histogram_pool_size: -1]
[max_depth: 10]
[min_data_in_leaf: 20]
[min_sum_hessian_in_leaf: 0.001]
[bagging_fraction: 0.85]
[pos_bagging_fraction: 1]
[neg_bagging_fraction: 1]
[bagging_freq: 0]
[bagging_seed: 400]
[bagging_by_query: 0]
[feature_fraction: 0.8]
[feature_fraction_bynode: 1]
[feature_fraction_seed: 30056]
[extra_trees: 0]
[extra_seed: 12879]
[early_stopping_round: 0]
[early_stopping_min_delta: 0]
[first_metric_only: 0]
[max_delta_step: 0]
[lambda_l1: 0.2]
[lambda_l2: 1.5]
[linear_lambda: 0]
[min_gain_to_split: 0]
[drop_rate: 0.1]
[max_drop: 50]
[skip_drop: 0.5]
[xgboost_dart_mode: 0]
[uniform_drop: 0]
[drop_seed: 17869]
[top_rate: 0.2]
[other_rate: 0.1]
[min_data_per_group: 100]
[max_cat_threshold: 32]
[cat_l2: 10]
[cat_smooth: 10]
[max_cat_to_onehot: 4]
[top_k: 20]
[monotone_constraints: ]
[monotone_constraints_method: basic]
[monotone_penalty: 0]
[feature_contri: ]
[forcedsplits_filename: ]
[refit_decay_rate: 0.9]
[cegb_tradeoff: 1]
[cegb_penalty_split: 0]
[cegb_penalty_feature_lazy: ]
[cegb_penalty_feature_coupled: ]
[path_smooth: 0]
[interaction_constraints: ]
[verbosity: -1]
[saved_feature_importance_type: 0]
[use_quantized_grad: 0]
[num_grad_quant_bins: 4]
[quant_train_renew_leaf: 0]
[stochastic_rounding: 1]
[linear_tree: 0]
[max_bin: 255]
[max_bin_by_feature: ]
[min_data_in_bin: 3]
[bin_construct_sample_cnt: 200000]
[data_random_seed: 175]
[is_enable_sparse: 1]
[enable_bundle: 1]
[use_missing: 1]
[zero_as_missing: 0]
[feature_pre_filter: 1]
[pre_partition: 0]
[two_round: 0]
[header: 0]
[label_column: ]
[weight_column: ]
[group_column: ]
[ignore_column: ]
[categorical_feature: ]
[forcedbins_filename: ]
[precise_float_parser: 0]
[parser_config_file: ]
[objective_seed: 16083]
[num_class: 1]
[is_unbalance: 0]
[scale_pos_weight: 1]
[sigmoid: 1]
[boost_from_average: 1]
[reg_sqrt: 0]
[alpha: 0.9]
[fair_c: 1]
[poisson_max_delta_step: 0.7]
[tweedie_variance_power: 1.5]
[lambdarank_truncation_level: 30]
[lambdarank_norm: 1]
[label_gain: ]
[lambdarank_position_bias_regularization: 0]
[eval_at: ]
[multi_error_top_k: 1]
[auc_mu_weights: ]
[num_machines: 1]
[local_listen_port: 12400]
[time_out: 120]
[machine_list_filename: ]
[machines: ]
[gpu_platform_id: -1]
[gpu_device_id: -1]
[gpu_device_id_list: ]
[gpu_use_dp: 0]
[num_gpu: 1]

end of parameters

pandas_categorical:null
